group_id,rank,candidate_count,rr,split,size_class,weak_signal_score,weight,top1,top3,top5,top10,baseline_rank,rank_gain_vs_baseline
synth::刮刮卡製作 1:80刮:2:1::001::r30::m000::t001,1,24,1.0,train,8x10,0.3729662870922829,0.0,1,1,1,1,1,0
synth::刮刮卡製作 1:80刮:2:1::001::r30::m000::t010,1,24,1.0,train,8x10,0.45341120730863593,0.0,1,1,1,1,1,0
synth::刮刮卡製作 1:80刮:2:1::001::r30::m000::t011,1,24,1.0,train,8x10,0.3729662870922829,0.0,1,1,1,1,1,0
synth::刮刮卡製作 1:80刮:2:1::001::r30::m000::t013,1,24,1.0,train,8x10,0.4017459049571932,0.0,1,1,1,1,1,0
synth::刮刮卡製作 1:80刮:2:1::001::r30::m000::t015,2,24,0.5,train,8x10,0.4012021147059278,0.0,0,1,1,1,2,0
synth::刮刮卡製作 1:80刮:2:1::001::r30::m000::t016,1,24,1.0,train,8x10,0.40740085119603275,0.0,1,1,1,1,1,0
synth::刮刮卡製作 1:80刮:2:1::001::r30::m000::t020,1,24,1.0,train,8x10,0.44628623469676143,0.0,1,1,1,1,1,0
synth::刮刮卡製作 1:80刮:2:1::001::r30::m000::t023,1,24,1.0,train,8x10,0.4017459049571932,0.0,1,1,1,1,1,0
synth::刮刮卡製作 1:80刮:2:1::001::r30::m000::t024,1,24,1.0,train,8x10,0.4012021147059278,0.0,1,1,1,1,1,0
synth::刮刮卡製作 1:80刮:2:1::001::r30::m000::t025,1,24,1.0,train,8x10,0.4012021147059278,0.0,1,1,1,1,1,0
synth::刮刮卡製作 1:80刮:2:1::001::r30::m000::t030,1,24,1.0,train,8x10,0.44628623469676143,0.0,1,1,1,1,1,0
synth::刮刮卡製作 1:80刮:2:1::001::r30::m000::t033,1,24,1.0,train,8x10,0.4017459049571932,0.0,1,1,1,1,1,0
synth::刮刮卡製作 1:80刮:2:1::001::r30::m000::t034,2,24,0.5,train,8x10,0.4012021147059278,0.0,0,1,1,1,2,0
synth::刮刮卡製作 1:80刮:2:1::001::r30::m000::t037,1,24,1.0,train,8x10,0.3793131903815242,0.0,1,1,1,1,1,0
synth::刮刮卡製作 1:80刮:2:1::001::r30::m000::t039,1,24,1.0,train,8x10,0.5289180625592204,0.0,1,1,1,1,1,0
synth::刮刮卡製作 1:80刮:2:1::001::r30::m000::t040,1,24,1.0,train,8x10,0.44628623469676143,0.0,1,1,1,1,1,0
synth::刮刮卡製作 1:80刮:2:1::001::r30::m000::t052,1,24,1.0,train,8x10,0.40740085119603275,0.0,1,1,1,1,1,0
synth::刮刮卡製作 1:80刮:2:1::001::r30::m000::t062,1,24,1.0,train,8x10,0.4044532391981841,0.0,1,1,1,1,1,0
synth::刮刮卡製作 1:80刮:2:1::001::r30::m000::t063,1,24,1.0,train,8x10,0.4017459049571932,0.0,1,1,1,1,1,0
synth::刮刮卡製作 1:80刮:2:1::001::r30::m000::t064,1,24,1.0,train,8x10,0.3993488132838263,0.0,1,1,1,1,1,0
synth::刮刮卡製作 1:80刮:2:1::001::r30::m000::t070,1,24,1.0,train,8x10,0.44333862269891267,0.0,1,1,1,1,1,0
synth::刮刮卡製作 1:80刮:2:1::001::r30::m000::t075,1,24,1.0,train,8x10,0.4012021147059278,0.0,1,1,1,1,1,0
synth::刮刮卡製作 1:80刮:2:1::001::r30::m000::t076,1,24,1.0,train,8x10,0.40740085119603275,0.0,1,1,1,1,1,0
synth::刮刮卡製作 1:80刮:2:1::001::r30::m000::t080,1,24,1.0,train,8x10,0.44628623469676143,0.0,1,1,1,1,1,0
synth::刮刮卡製作 1:80刮:2:1::001::r50::m000::t001,1,40,1.0,train,8x10,0.4177093866889665,0.0,1,1,1,1,1,0
synth::刮刮卡製作 1:80刮:2:1::001::r50::m000::t002,1,40,1.0,train,8x10,0.2408460396280281,0.0,1,1,1,1,1,0
synth::刮刮卡製作 1:80刮:2:1::001::r50::m000::t006,1,40,1.0,train,8x10,0.2593679763687624,0.0,1,1,1,1,1,0
synth::刮刮卡製作 1:80刮:2:1::001::r50::m000::t007,1,40,1.0,train,8x10,0.24006318980217017,0.0,1,1,1,1,1,0
synth::刮刮卡製作 1:80刮:2:1::001::r50::m000::t009,2,40,0.5,train,8x10,0.2733825995186431,0.0,0,1,1,1,2,0
synth::刮刮卡製作 1:80刮:2:1::001::r50::m000::t010,1,40,1.0,train,8x10,0.28548929467504813,0.0,1,1,1,1,1,0
synth::刮刮卡製作 1:80刮:2:1::001::r50::m000::t012,1,40,1.0,train,8x10,0.2408460396280281,0.0,1,1,1,1,1,0
synth::刮刮卡製作 1:80刮:2:1::001::r50::m000::t013,1,40,1.0,train,8x10,0.22057004822967824,0.0,1,1,1,1,1,0
synth::刮刮卡製作 1:80刮:2:1::001::r50::m000::t016,1,40,1.0,train,8x10,0.2593679763687624,0.0,1,1,1,1,1,0
synth::刮刮卡製作 1:80刮:2:1::001::r50::m000::t019,1,40,1.0,train,8x10,0.2803498322786435,0.0,1,1,1,1,1,0
synth::刮刮卡製作 1:80刮:2:1::001::r50::m000::t024,1,40,1.0,train,8x10,0.2365516965191584,0.0,1,1,1,1,1,0
synth::刮刮卡製作 1:80刮:2:1::001::r50::m000::t025,1,40,1.0,train,8x10,0.23215132903326735,0.0,1,1,1,1,1,0
synth::刮刮卡製作 1:80刮:2:1::001::r50::m000::t026,1,40,1.0,train,8x10,0.2593679763687624,0.0,1,1,1,1,1,0
synth::刮刮卡製作 1:80刮:2:1::001::r50::m000::t029,2,40,0.5,train,8x10,0.2803498322786435,0.0,0,1,1,1,2,0
synth::刮刮卡製作 1:80刮:2:1::001::r50::m000::t030,1,40,1.0,train,8x10,0.28548929467504813,0.0,1,1,1,1,1,0
synth::刮刮卡製作 1:80刮:2:1::001::r50::m000::t031,1,40,1.0,train,8x10,0.4177093866889665,0.0,1,1,1,1,1,0
synth::刮刮卡製作 1:80刮:2:1::001::r50::m000::t033,1,40,1.0,train,8x10,0.22057004822967824,0.0,1,1,1,1,1,0
synth::刮刮卡製作 1:80刮:2:1::001::r50::m000::t035,1,40,1.0,train,8x10,0.23215132903326735,0.0,1,1,1,1,1,0
synth::刮刮卡製作 1:80刮:2:1::001::r50::m000::t037,1,40,1.0,train,8x10,0.2470304225621706,0.0,1,1,1,1,1,0
synth::刮刮卡製作 1:80刮:2:1::001::r50::m000::t038,1,40,1.0,train,8x10,0.3990221195147038,0.0,1,1,1,1,1,0
synth::刮刮卡製作 1:80刮:2:1::001::r50::m000::t040,1,40,1.0,train,8x10,0.29877680301167714,0.0,1,1,1,1,1,0
synth::刮刮卡製作 1:80刮:2:1::001::r50::m000::t047,1,40,1.0,train,8x10,0.2470304225621706,0.0,1,1,1,1,1,0
synth::刮刮卡製作 1:80刮:2:1::001::r50::m000::t049,1,40,1.0,train,8x10,0.2803498322786435,0.0,1,1,1,1,1,0
synth::刮刮卡製作 1:80刮:2:1::001::r50::m000::t050,1,40,1.0,train,8x10,0.28548929467504813,0.0,1,1,1,1,1,0
synth::刮刮卡製作 1:80刮:2:1::001::r50::m000::t051,3,40,0.3333333333333333,train,8x10,0.4177093866889665,0.0,0,1,1,1,3,0
synth::刮刮卡製作 1:80刮:2:1::001::r50::m000::t053,1,40,1.0,train,8x10,0.2124769750375027,0.0,1,1,1,1,1,0
synth::刮刮卡製作 1:80刮:2:1::001::r50::m000::t060,1,40,1.0,train,8x10,0.28548929467504813,0.0,1,1,1,1,1,0
synth::刮刮卡製作 1:80刮:2:1::001::r50::m000::t061,1,40,1.0,train,8x10,0.4177093866889665,0.0,1,1,1,1,1,0
synth::刮刮卡製作 1:80刮:2:1::001::r50::m000::t062,1,40,1.0,train,8x10,0.2408460396280281,0.0,1,1,1,1,1,0
synth::刮刮卡製作 1:80刮:2:1::001::r50::m000::t063,2,40,0.5,train,8x10,0.22057004822967824,0.0,0,1,1,1,2,0
synth::刮刮卡製作 1:80刮:2:1::001::r50::m000::t064,1,40,1.0,train,8x10,0.23594911787798067,0.0,1,1,1,1,1,0
synth::刮刮卡製作 1:80刮:2:1::001::r50::m000::t066,4,40,0.25,train,8x10,0.2593679763687624,0.0,0,0,1,1,4,0
synth::刮刮卡製作 1:80刮:2:1::001::r50::m000::t067,1,40,1.0,train,8x10,0.2470304225621706,0.0,1,1,1,1,1,0
synth::刮刮卡製作 1:80刮:2:1::001::r50::m000::t068,1,40,1.0,train,8x10,0.3990221195147038,0.0,1,1,1,1,1,0
synth::刮刮卡製作 1:80刮:2:1::001::r50::m000::t069,1,40,1.0,train,8x10,0.2803498322786435,0.0,1,1,1,1,1,0
synth::刮刮卡製作 1:80刮:2:1::001::r50::m000::t071,1,40,1.0,train,8x10,0.4177093866889665,0.0,1,1,1,1,1,0
synth::刮刮卡製作 1:80刮:2:1::001::r50::m000::t075,1,40,1.0,train,8x10,0.22550946926526533,0.0,1,1,1,1,1,0
synth::刮刮卡製作 1:80刮:2:1::001::r50::m000::t076,1,40,1.0,train,8x10,0.2593679763687624,0.0,1,1,1,1,1,0
synth::刮刮卡製作 1:80刮:2:1::001::r50::m000::t079,1,40,1.0,train,8x10,0.2930058342674765,0.0,1,1,1,1,1,0
synth::刮刮卡製作 1:80刮:2:1::001::r50::m000::t080,1,40,1.0,train,8x10,0.28548929467504813,0.0,1,1,1,1,1,0
synth::刮刮卡製作 1:80刮:2:1::002::r30::m000::t002,1,24,1.0,train,8x10,0.5628562335480399,0.0,1,1,1,1,1,0
synth::刮刮卡製作 1:80刮:2:1::002::r30::m000::t009,1,24,1.0,train,8x10,0.5453930524350109,0.0,1,1,1,1,1,0
synth::刮刮卡製作 1:80刮:2:1::002::r30::m000::t012,1,24,1.0,train,8x10,0.5559137687067539,0.0,1,1,1,1,1,0
synth::刮刮卡製作 1:80刮:2:1::002::r30::m000::t017,1,24,1.0,train,8x10,0.5496244564612028,0.0,1,1,1,1,1,0
synth::刮刮卡製作 1:80刮:2:1::002::r30::m000::t018,1,24,1.0,train,8x10,0.5496244564612028,0.0,1,1,1,1,1,0
synth::刮刮卡製作 1:80刮:2:1::002::r30::m000::t024,1,24,1.0,train,8x10,0.5453930524350109,0.0,1,1,1,1,1,0
synth::刮刮卡製作 1:80刮:2:1::002::r30::m000::t025,1,24,1.0,train,8x10,0.5496244564612028,0.0,1,1,1,1,1,0
synth::刮刮卡製作 1:80刮:2:1::002::r30::m000::t028,2,24,0.5,train,8x10,0.5496244564612028,0.0,0,1,1,1,2,0
synth::刮刮卡製作 1:80刮:2:1::002::r30::m000::t031,1,24,1.0,train,8x10,0.6029365982605097,0.0,1,1,1,1,1,0
synth::刮刮卡製作 1:80刮:2:1::002::r30::m000::t034,1,24,1.0,train,8x10,0.5453930524350109,0.0,1,1,1,1,1,0
synth::刮刮卡製作 1:80刮:2:1::002::r30::m000::t039,1,24,1.0,train,8x10,0.5453930524350109,0.0,1,1,1,1,1,0
synth::刮刮卡製作 1:80刮:2:1::002::r30::m000::t040,1,24,1.0,train,8x10,0.5563980249281103,0.0,1,1,1,1,1,0
synth::刮刮卡製作 1:80刮:2:1::002::r30::m000::t041,1,24,1.0,train,8x10,0.6029365982605097,0.0,1,1,1,1,1,0
synth::刮刮卡製作 1:80刮:2:1::002::r30::m000::t046,1,24,1.0,train,8x10,0.5143967877180453,0.0,1,1,1,1,1,0
synth::刮刮卡製作 1:80刮:2:1::002::r30::m000::t049,1,24,1.0,train,8x10,0.5453930524350109,0.0,1,1,1,1,1,0
synth::刮刮卡製作 1:80刮:2:1::002::r30::m000::t052,1,24,1.0,train,8x10,0.5563980249281103,0.0,1,1,1,1,1,0
synth::刮刮卡製作 1:80刮:2:1::002::r30::m000::t054,1,24,1.0,train,8x10,0.5453930524350109,0.0,1,1,1,1,1,0
synth::刮刮卡製作 1:80刮:2:1::002::r30::m000::t057,1,24,1.0,train,8x10,0.5477009052302058,0.0,1,1,1,1,1,0
synth::刮刮卡製作 1:80刮:2:1::002::r30::m000::t061,1,24,1.0,train,8x10,0.6029365982605097,0.0,1,1,1,1,1,0
synth::刮刮卡製作 1:80刮:2:1::002::r30::m000::t065,1,24,1.0,train,8x10,0.5455066389413898,0.0,1,1,1,1,1,0
synth::刮刮卡製作 1:80刮:2:1::002::r30::m000::t070,1,24,1.0,train,8x10,0.554474473697113,0.0,1,1,1,1,1,0
synth::刮刮卡製作 1:80刮:2:1::002::r30::m000::t074,1,24,1.0,train,8x10,0.5432260634410707,0.0,1,1,1,1,1,0
synth::刮刮卡製作 1:80刮:2:1::002::r30::m000::t079,1,24,1.0,train,8x10,0.5453930524350109,0.0,1,1,1,1,1,0
synth::刮刮卡製作 1:80刮:2:1::002::r30::m000::t080,1,24,1.0,train,8x10,0.5563980249281103,0.0,1,1,1,1,1,0
synth::刮刮卡製作 1:80刮:2:1::002::r50::m000::t004,1,40,1.0,train,8x10,0.6734961600745191,0.0,1,1,1,1,1,0
synth::刮刮卡製作 1:80刮:2:1::002::r50::m000::t008,1,40,1.0,train,8x10,0.7587758113863303,0.0,1,1,1,1,1,0
synth::刮刮卡製作 1:80刮:2:1::002::r50::m000::t009,1,40,1.0,train,8x10,0.6921609253120411,0.0,1,1,1,1,1,0
synth::刮刮卡製作 1:80刮:2:1::002::r50::m000::t010,1,40,1.0,train,8x10,0.6877059462928206,0.0,1,1,1,1,1,0
synth::刮刮卡製作 1:80刮:2:1::002::r50::m000::t013,1,40,1.0,train,8x10,0.6834363828988449,0.0,1,1,1,1,1,0
synth::刮刮卡製作 1:80刮:2:1::002::r50::m000::t014,1,40,1.0,train,8x10,0.6734961600745191,0.0,1,1,1,1,1,0
synth::刮刮卡製作 1:80刮:2:1::002::r50::m000::t016,1,40,1.0,train,8x10,0.8435423789214659,0.0,1,1,1,1,1,0
synth::刮刮卡製作 1:80刮:2:1::002::r50::m000::t017,1,40,1.0,train,8x10,0.6877059462928206,0.0,1,1,1,1,1,0
synth::刮刮卡製作 1:80刮:2:1::002::r50::m000::t019,1,40,1.0,train,8x10,0.6921609253120411,0.0,1,1,1,1,1,0
synth::刮刮卡製作 1:80刮:2:1::002::r50::m000::t025,1,40,1.0,train,8x10,0.6557920965854458,0.0,1,1,1,1,1,0
synth::刮刮卡製作 1:80刮:2:1::002::r50::m000::t027,1,40,1.0,train,8x10,0.6968054070297346,0.0,1,1,1,1,1,0
synth::刮刮卡製作 1:80刮:2:1::002::r50::m000::t028,1,40,1.0,train,8x10,0.7587758113863303,0.0,1,1,1,1,1,0
synth::刮刮卡製作 1:80刮:2:1::002::r50::m000::t030,2,40,0.5,train,8x10,0.6877059462928206,0.0,0,1,1,1,2,0
synth::刮刮卡製作 1:80刮:2:1::002::r50::m000::t031,1,40,1.0,train,8x10,0.6402366576552099,0.0,1,1,1,1,1,0
synth::刮刮卡製作 1:80刮:2:1::002::r50::m000::t033,1,40,1.0,train,8x10,0.6877059462928206,0.0,1,1,1,1,1,0
synth::刮刮卡製作 1:80刮:2:1::002::r50::m000::t036,1,40,1.0,train,8x10,0.8435423789214659,0.0,1,1,1,1,1,0
synth::刮刮卡製作 1:80刮:2:1::002::r50::m000::t039,1,40,1.0,train,8x10,0.6921609253120411,0.0,1,1,1,1,1,0
synth::刮刮卡製作 1:80刮:2:1::002::r50::m000::t042,1,40,1.0,train,8x10,0.6168028605661013,0.0,1,1,1,1,1,0
synth::刮刮卡製作 1:80刮:2:1::002::r50::m000::t043,1,40,1.0,train,8x10,0.6877059462928206,0.0,1,1,1,1,1,0
synth::刮刮卡製作 1:80刮:2:1::002::r50::m000::t044,1,40,1.0,train,8x10,0.6734961600745191,0.0,1,1,1,1,1,0
synth::刮刮卡製作 1:80刮:2:1::002::r50::m000::t045,1,40,1.0,train,8x10,0.647055972466,0.0,1,1,1,1,1,0
synth::刮刮卡製作 1:80刮:2:1::002::r50::m000::t048,1,40,1.0,train,8x10,0.7587758113863303,0.0,1,1,1,1,1,0
synth::刮刮卡製作 1:80刮:2:1::002::r50::m000::t049,1,40,1.0,train,8x10,0.6921609253120411,0.0,1,1,1,1,1,0
synth::刮刮卡製作 1:80刮:2:1::002::r50::m000::t051,1,40,1.0,train,8x10,0.6402366576552099,0.0,1,1,1,1,1,0
synth::刮刮卡製作 1:80刮:2:1::002::r50::m000::t052,1,40,1.0,train,8x10,0.6168028605661013,0.0,1,1,1,1,1,0
synth::刮刮卡製作 1:80刮:2:1::002::r50::m000::t053,1,40,1.0,train,8x10,0.6877059462928206,0.0,1,1,1,1,1,0
synth::刮刮卡製作 1:80刮:2:1::002::r50::m000::t056,1,40,1.0,train,8x10,0.8384421961674309,0.0,1,1,1,1,1,0
synth::刮刮卡製作 1:80刮:2:1::002::r50::m000::t057,1,40,1.0,train,8x10,0.6968054070297346,0.0,1,1,1,1,1,0
synth::刮刮卡製作 1:80刮:2:1::002::r50::m000::t059,1,40,1.0,train,8x10,0.7010590043857832,0.0,1,1,1,1,1,0
synth::刮刮卡製作 1:80刮:2:1::002::r50::m000::t060,1,40,1.0,train,8x10,0.6877059462928206,0.0,1,1,1,1,1,0
synth::刮刮卡製作 1:80刮:2:1::002::r50::m000::t065,1,40,1.0,train,8x10,0.647055972466,0.0,1,1,1,1,1,0
synth::刮刮卡製作 1:80刮:2:1::002::r50::m000::t067,1,40,1.0,train,8x10,0.6877059462928206,0.0,1,1,1,1,1,0
synth::刮刮卡製作 1:80刮:2:1::002::r50::m000::t068,1,40,1.0,train,8x10,0.7587758113863303,0.0,1,1,1,1,1,0
synth::刮刮卡製作 1:80刮:2:1::002::r50::m000::t070,1,40,1.0,train,8x10,0.6877059462928206,0.0,1,1,1,1,1,0
synth::刮刮卡製作 1:80刮:2:1::002::r50::m000::t073,1,40,1.0,train,8x10,0.6877059462928206,0.0,1,1,1,1,1,0
synth::刮刮卡製作 1:80刮:2:1::002::r50::m000::t074,1,40,1.0,train,8x10,0.6734961600745191,0.0,1,1,1,1,1,0
synth::刮刮卡製作 1:80刮:2:1::002::r50::m000::t075,1,40,1.0,train,8x10,0.6557920965854458,0.0,1,1,1,1,1,0
synth::刮刮卡製作 1:80刮:2:1::002::r50::m000::t077,1,40,1.0,train,8x10,0.6968054070297346,0.0,1,1,1,1,1,0
synth::刮刮卡製作 1:80刮:2:1::002::r50::m000::t079,1,40,1.0,train,8x10,0.6921609253120411,0.0,1,1,1,1,1,0
synth::刮刮卡製作 1:80刮:2:1::002::r50::m000::t080,1,40,1.0,train,8x10,0.6877059462928206,0.0,1,1,1,1,1,0
synth::刮刮卡製作 1:80刮:2:1::003::r30::m000::t003,1,24,1.0,train,8x10,0.1684820158079237,0.0,1,1,1,1,1,0
synth::刮刮卡製作 1:80刮:2:1::003::r30::m000::t004,1,24,1.0,train,8x10,0.1684820158079237,0.0,1,1,1,1,1,0
synth::刮刮卡製作 1:80刮:2:1::003::r30::m000::t009,1,24,1.0,train,8x10,0.1684820158079237,0.0,1,1,1,1,1,0
synth::刮刮卡製作 1:80刮:2:1::003::r30::m000::t014,1,24,1.0,train,8x10,0.1684820158079237,0.0,1,1,1,1,1,0
synth::刮刮卡製作 1:80刮:2:1::003::r30::m000::t016,1,24,1.0,train,8x10,0.1758037509555594,0.0,1,1,1,1,1,0
synth::刮刮卡製作 1:80刮:2:1::003::r30::m000::t018,2,24,0.5,train,8x10,0.1758037509555594,0.0,0,1,1,1,2,0
synth::刮刮卡製作 1:80刮:2:1::003::r30::m000::t020,1,24,1.0,train,8x10,0.1684820158079237,0.0,1,1,1,1,1,0
synth::刮刮卡製作 1:80刮:2:1::003::r30::m000::t034,1,24,1.0,train,8x10,0.1684820158079237,0.0,1,1,1,1,1,0
synth::刮刮卡製作 1:80刮:2:1::003::r30::m000::t035,3,24,0.3333333333333333,train,8x10,0.15356322526114932,0.0,0,1,1,1,3,0
synth::刮刮卡製作 1:80刮:2:1::003::r30::m000::t039,4,24,0.25,train,8x10,0.1684820158079237,0.0,0,0,1,1,4,0
synth::刮刮卡製作 1:80刮:2:1::003::r30::m000::t041,1,24,1.0,train,8x10,0.21440201061747866,0.0,1,1,1,1,1,0
synth::刮刮卡製作 1:80刮:2:1::003::r30::m000::t045,1,24,1.0,train,8x10,0.15356322526114932,0.0,1,1,1,1,1,0
synth::刮刮卡製作 1:80刮:2:1::003::r30::m000::t047,1,24,1.0,train,8x10,0.2366425363118888,0.0,1,1,1,1,1,0
synth::刮刮卡製作 1:80刮:2:1::003::r30::m000::t053,1,24,1.0,train,8x10,0.1684820158079237,0.0,1,1,1,1,1,0
synth::刮刮卡製作 1:80刮:2:1::003::r30::m000::t060,1,24,1.0,train,8x10,0.1684820158079237,0.0,1,1,1,1,1,0
synth::刮刮卡製作 1:80刮:2:1::003::r30::m000::t061,1,24,1.0,train,8x10,0.21440201061747866,0.0,1,1,1,1,1,0
synth::刮刮卡製作 1:80刮:2:1::003::r30::m000::t063,1,24,1.0,train,8x10,0.1684820158079237,0.0,1,1,1,1,1,0
synth::刮刮卡製作 1:80刮:2:1::003::r30::m000::t069,1,24,1.0,train,8x10,0.1684820158079237,0.0,1,1,1,1,1,0
synth::刮刮卡製作 1:80刮:2:1::003::r30::m000::t070,3,24,0.3333333333333333,train,8x10,0.1684820158079237,0.0,0,1,1,1,3,0
synth::刮刮卡製作 1:80刮:2:1::003::r30::m000::t072,1,24,1.0,train,8x10,0.23424452838117008,0.0,1,1,1,1,1,0
synth::刮刮卡製作 1:80刮:2:1::003::r30::m000::t073,1,24,1.0,train,8x10,0.1684820158079237,0.0,1,1,1,1,1,0
synth::刮刮卡製作 1:80刮:2:1::003::r30::m000::t074,1,24,1.0,train,8x10,0.1684820158079237,0.0,1,1,1,1,1,0
synth::刮刮卡製作 1:80刮:2:1::003::r30::m000::t079,2,24,0.5,train,8x10,0.1684820158079237,0.0,0,1,1,1,2,0
synth::刮刮卡製作 1:80刮:2:1::003::r30::m000::t080,1,24,1.0,train,8x10,0.1684820158079237,0.0,1,1,1,1,1,0
synth::刮刮卡製作 1:80刮:2:1::003::r50::m000::t001,1,40,1.0,train,8x10,0.3635308173843566,0.0,1,1,1,1,1,0
synth::刮刮卡製作 1:80刮:2:1::003::r50::m000::t004,1,40,1.0,train,8x10,0.39118830443555574,0.0,1,1,1,1,1,0
synth::刮刮卡製作 1:80刮:2:1::003::r50::m000::t005,1,40,1.0,train,8x10,0.3721012771489622,0.0,1,1,1,1,1,0
synth::刮刮卡製作 1:80刮:2:1::003::r50::m000::t006,1,40,1.0,train,8x10,0.3578914909306613,0.0,1,1,1,1,1,0
synth::刮刮卡製作 1:80刮:2:1::003::r50::m000::t007,1,40,1.0,train,8x10,0.377740603602658,0.0,1,1,1,1,1,0
synth::刮刮卡製作 1:80刮:2:1::003::r50::m000::t010,1,40,1.0,train,8x10,0.3761595620316488,0.0,1,1,1,1,1,0
synth::刮刮卡製作 1:80刮:2:1::003::r50::m000::t013,1,40,1.0,train,8x10,0.329235067541733,0.0,1,1,1,1,1,0
synth::刮刮卡製作 1:80刮:2:1::003::r50::m000::t015,1,40,1.0,train,8x10,0.3721012771489622,0.0,1,1,1,1,1,0
synth::刮刮卡製作 1:80刮:2:1::003::r50::m000::t016,1,40,1.0,train,8x10,0.3578914909306613,0.0,1,1,1,1,1,0
synth::刮刮卡製作 1:80刮:2:1::003::r50::m000::t017,1,40,1.0,train,8x10,0.377740603602658,0.0,1,1,1,1,1,0
synth::刮刮卡製作 1:80刮:2:1::003::r50::m000::t022,2,40,0.5,train,8x10,0.35544851373416353,0.0,0,1,1,1,2,0
synth::刮刮卡製作 1:80刮:2:1::003::r50::m000::t023,1,40,1.0,train,8x10,0.329235067541733,0.0,1,1,1,1,1,0
synth::刮刮卡製作 1:80刮:2:1::003::r50::m000::t024,1,40,1.0,train,8x10,0.39118830443555574,0.0,1,1,1,1,1,0
synth::刮刮卡製作 1:80刮:2:1::003::r50::m000::t025,1,40,1.0,train,8x10,0.3721012771489622,0.0,1,1,1,1,1,0
synth::刮刮卡製作 1:80刮:2:1::003::r50::m000::t028,1,40,1.0,train,8x10,0.3664369449169588,0.0,1,1,1,1,1,0
synth::刮刮卡製作 1:80刮:2:1::003::r50::m000::t029,1,40,1.0,train,8x10,0.46935890503523653,0.0,1,1,1,1,1,0
synth::刮刮卡製作 1:80刮:2:1::003::r50::m000::t030,1,40,1.0,train,8x10,0.3635308173843566,0.0,1,1,1,1,1,0
synth::刮刮卡製作 1:80刮:2:1::003::r50::m000::t032,2,40,0.5,train,8x10,0.35544851373416353,0.0,0,1,1,1,2,0
synth::刮刮卡製作 1:80刮:2:1::003::r50::m000::t035,1,40,1.0,train,8x10,0.3721012771489622,0.0,1,1,1,1,1,0
synth::刮刮卡製作 1:80刮:2:1::003::r50::m000::t036,1,40,1.0,train,8x10,0.3578914909306613,0.0,1,1,1,1,1,0
synth::刮刮卡製作 1:80刮:2:1::003::r50::m000::t037,1,40,1.0,train,8x10,0.377740603602658,0.0,1,1,1,1,1,0
synth::刮刮卡製作 1:80刮:2:1::003::r50::m000::t039,3,40,0.3333333333333333,train,8x10,0.46935890503523653,0.0,0,1,1,1,3,0
synth::刮刮卡製作 1:80刮:2:1::003::r50::m000::t040,1,40,1.0,train,8x10,0.3635308173843566,0.0,1,1,1,1,1,0
synth::刮刮卡製作 1:80刮:2:1::003::r50::m000::t041,1,40,1.0,train,8x10,0.3635308173843566,0.0,1,1,1,1,1,0
synth::刮刮卡製作 1:80刮:2:1::003::r50::m000::t043,1,40,1.0,train,8x10,0.329235067541733,0.0,1,1,1,1,1,0
synth::刮刮卡製作 1:80刮:2:1::003::r50::m000::t047,1,40,1.0,train,8x10,0.3714534814405883,0.0,1,1,1,1,1,0
synth::刮刮卡製作 1:80刮:2:1::003::r50::m000::t049,6,40,0.16666666666666666,train,8x10,0.4648231498782224,0.0,0,0,0,1,6,0
synth::刮刮卡製作 1:80刮:2:1::003::r50::m000::t052,6,40,0.16666666666666666,train,8x10,0.35544851373416353,0.0,0,0,0,1,6,0
synth::刮刮卡製作 1:80刮:2:1::003::r50::m000::t053,1,40,1.0,train,8x10,0.329235067541733,0.0,1,1,1,1,1,0
synth::刮刮卡製作 1:80刮:2:1::003::r50::m000::t057,2,40,0.5,train,8x10,0.377740603602658,0.0,0,1,1,1,2,0
synth::刮刮卡製作 1:80刮:2:1::003::r50::m000::t058,1,40,1.0,train,8x10,0.3664369449169588,0.0,1,1,1,1,1,0
synth::刮刮卡製作 1:80刮:2:1::003::r50::m000::t059,1,40,1.0,train,8x10,0.46935890503523653,0.0,1,1,1,1,1,0
synth::刮刮卡製作 1:80刮:2:1::003::r50::m000::t060,1,40,1.0,train,8x10,0.3635308173843566,0.0,1,1,1,1,1,0
synth::刮刮卡製作 1:80刮:2:1::003::r50::m000::t061,1,40,1.0,train,8x10,0.3635308173843566,0.0,1,1,1,1,1,0
synth::刮刮卡製作 1:80刮:2:1::003::r50::m000::t064,1,40,1.0,train,8x10,0.38490118227348613,0.0,1,1,1,1,1,0
synth::刮刮卡製作 1:80刮:2:1::003::r50::m000::t066,1,40,1.0,train,8x10,0.3563091695491616,0.0,1,1,1,1,1,0
synth::刮刮卡製作 1:80刮:2:1::003::r50::m000::t068,1,40,1.0,train,8x10,0.3664369449169588,0.0,1,1,1,1,1,0
synth::刮刮卡製作 1:80刮:2:1::003::r50::m000::t071,1,40,1.0,train,8x10,0.3635308173843566,0.0,1,1,1,1,1,0
synth::刮刮卡製作 1:80刮:2:1::003::r50::m000::t072,1,40,1.0,train,8x10,0.35544851373416353,0.0,1,1,1,1,1,0
synth::刮刮卡製作 1:80刮:2:1::003::r50::m000::t075,1,40,1.0,train,8x10,0.3721012771489622,0.0,1,1,1,1,1,0
synth::刮刮卡製作 1:80刮:2:1::000::r30::m000::t005,14,24,0.07142857142857142,valid,8x10,0.2974073255082853,0.0,0,0,0,0,14,0
synth::刮刮卡製作 1:80刮:2:1::000::r30::m000::t009,5,24,0.2,valid,8x10,0.26622537046597033,0.0,0,0,1,1,5,0
synth::刮刮卡製作 1:80刮:2:1::000::r30::m000::t011,18,24,0.05555555555555555,valid,8x10,0.26365472892226527,0.0,0,0,0,0,18,0
synth::刮刮卡製作 1:80刮:2:1::000::r30::m000::t014,19,24,0.05263157894736842,valid,8x10,0.2869022495915452,0.0,0,0,0,0,19,0
synth::刮刮卡製作 1:80刮:2:1::000::r30::m000::t016,15,24,0.06666666666666667,valid,8x10,0.28481076966141217,0.0,0,0,0,0,15,0
synth::刮刮卡製作 1:80刮:2:1::000::r30::m000::t019,22,24,0.045454545454545456,valid,8x10,0.2599763603231714,0.0,0,0,0,0,22,0
synth::刮刮卡製作 1:80刮:2:1::000::r30::m000::t025,15,24,0.06666666666666667,valid,8x10,0.30079745485286025,0.0,0,0,0,0,15,0
synth::刮刮卡製作 1:80刮:2:1::000::r30::m000::t031,21,24,0.047619047619047616,valid,8x10,0.26365472892226527,0.0,0,0,0,0,21,0
synth::刮刮卡製作 1:80刮:2:1::000::r30::m000::t032,9,24,0.1111111111111111,valid,8x10,0.27616861892219935,0.0,0,0,0,1,9,0
synth::刮刮卡製作 1:80刮:2:1::000::r30::m000::t033,1,24,1.0,valid,8x10,0.37830830158197437,0.0,1,1,1,1,1,0
synth::刮刮卡製作 1:80刮:2:1::000::r30::m000::t038,2,24,0.5,valid,8x10,0.37830830158197437,0.0,0,1,1,1,2,0
synth::刮刮卡製作 1:80刮:2:1::000::r30::m000::t040,7,24,0.14285714285714285,valid,8x10,0.2599763603231714,0.0,0,0,0,1,7,0
synth::刮刮卡製作 1:80刮:2:1::000::r30::m000::t041,15,24,0.06666666666666667,valid,8x10,0.26365472892226527,0.0,0,0,0,0,15,0
synth::刮刮卡製作 1:80刮:2:1::000::r30::m000::t042,3,24,0.3333333333333333,valid,8x10,0.27616861892219935,0.0,0,1,1,1,3,0
synth::刮刮卡製作 1:80刮:2:1::000::r30::m000::t045,9,24,0.1111111111111111,valid,8x10,0.30079745485286025,0.0,0,0,0,1,9,0
synth::刮刮卡製作 1:80刮:2:1::000::r30::m000::t046,12,24,0.08333333333333333,valid,8x10,0.28481076966141217,0.0,0,0,0,0,12,0
synth::刮刮卡製作 1:80刮:2:1::000::r30::m000::t047,17,24,0.058823529411764705,valid,8x10,0.37830830158197437,0.0,0,0,0,0,17,0
synth::刮刮卡製作 1:80刮:2:1::000::r30::m000::t057,16,24,0.0625,valid,8x10,0.37830830158197437,0.0,0,0,0,0,16,0
synth::刮刮卡製作 1:80刮:2:1::000::r30::m000::t068,22,24,0.045454545454545456,valid,8x10,0.37830830158197437,0.0,0,0,0,0,22,0
synth::刮刮卡製作 1:80刮:2:1::000::r30::m000::t072,23,24,0.043478260869565216,valid,8x10,0.27301187010234695,0.0,0,0,0,0,23,0
synth::刮刮卡製作 1:80刮:2:1::000::r30::m000::t073,11,24,0.09090909090909091,valid,8x10,0.37830830158197437,0.0,0,0,0,0,11,0
synth::刮刮卡製作 1:80刮:2:1::000::r30::m000::t075,4,24,0.25,valid,8x10,0.30079745485286025,0.0,0,0,1,1,4,0
synth::刮刮卡製作 1:80刮:2:1::000::r30::m000::t076,8,24,0.125,valid,8x10,0.28481076966141217,0.0,0,0,0,1,8,0
synth::刮刮卡製作 1:80刮:2:1::000::r30::m000::t080,21,24,0.047619047619047616,valid,8x10,0.2593387712622287,0.0,0,0,0,0,21,0
synth::刮刮卡製作 1:80刮:2:1::000::r50::m000::t001,40,40,0.025,valid,8x10,0.11584325478658397,0.0,0,0,0,0,40,0
synth::刮刮卡製作 1:80刮:2:1::000::r50::m000::t002,25,40,0.04,valid,8x10,0.13962155583888974,0.0,0,0,0,0,25,0
synth::刮刮卡製作 1:80刮:2:1::000::r50::m000::t003,12,40,0.08333333333333333,valid,8x10,0.4041136665720957,0.0,0,0,0,0,12,0
synth::刮刮卡製作 1:80刮:2:1::000::r50::m000::t004,37,40,0.02702702702702703,valid,8x10,0.0364125610442431,0.0,0,0,0,0,37,0
synth::刮刮卡製作 1:80刮:2:1::000::r50::m000::t005,15,40,0.06666666666666667,valid,8x10,0.1348609866847772,0.0,0,0,0,0,15,0
synth::刮刮卡製作 1:80刮:2:1::000::r50::m000::t007,12,40,0.08333333333333333,valid,8x10,0.16353812905086001,0.0,0,0,0,0,12,0
synth::刮刮卡製作 1:80刮:2:1::000::r50::m000::t010,8,40,0.125,valid,8x10,0.10846708880742922,0.0,0,0,0,1,8,0
synth::刮刮卡製作 1:80刮:2:1::000::r50::m000::t013,26,40,0.038461538461538464,valid,8x10,0.4041136665720957,0.0,0,0,0,0,26,0
synth::刮刮卡製作 1:80刮:2:1::000::r50::m000::t014,1,40,1.0,valid,8x10,0.0364125610442431,0.0,1,1,1,1,1,0
synth::刮刮卡製作 1:80刮:2:1::000::r50::m000::t020,27,40,0.037037037037037035,valid,8x10,0.10846708880742922,0.0,0,0,0,0,27,0
synth::刮刮卡製作 1:80刮:2:1::000::r50::m000::t021,7,40,0.14285714285714285,valid,8x10,0.11584325478658397,0.0,0,0,0,1,7,0
synth::刮刮卡製作 1:80刮:2:1::000::r50::m000::t024,35,40,0.02857142857142857,valid,8x10,0.042405860562028386,0.0,0,0,0,0,35,0
synth::刮刮卡製作 1:80刮:2:1::000::r50::m000::t026,4,40,0.25,valid,8x10,0.0927489131781977,0.0,0,0,1,1,4,0
synth::刮刮卡製作 1:80刮:2:1::000::r50::m000::t027,24,40,0.041666666666666664,valid,8x10,0.1480969746835752,0.0,0,0,0,0,24,0
synth::刮刮卡製作 1:80刮:2:1::000::r50::m000::t030,26,40,0.038461538461538464,valid,8x10,0.10846708880742922,0.0,0,0,0,0,26,0
synth::刮刮卡製作 1:80刮:2:1::000::r50::m000::t032,2,40,0.5,valid,8x10,0.13962155583888974,0.0,0,1,1,1,2,0
synth::刮刮卡製作 1:80刮:2:1::000::r50::m000::t038,10,40,0.1,valid,8x10,0.3590054802220548,0.0,0,0,0,1,10,0
synth::刮刮卡製作 1:80刮:2:1::000::r50::m000::t039,36,40,0.027777777777777776,valid,8x10,0.0843978115885603,0.0,0,0,0,0,36,0
synth::刮刮卡製作 1:80刮:2:1::000::r50::m000::t041,21,40,0.047619047619047616,valid,8x10,0.11584325478658397,0.0,0,0,0,0,21,0
synth::刮刮卡製作 1:80刮:2:1::000::r50::m000::t043,33,40,0.030303030303030304,valid,8x10,0.4041136665720957,0.0,0,0,0,0,33,0
synth::刮刮卡製作 1:80刮:2:1::000::r50::m000::t047,20,40,0.05,valid,8x10,0.1480969746835752,0.0,0,0,0,0,20,0
synth::刮刮卡製作 1:80刮:2:1::000::r50::m000::t048,2,40,0.5,valid,8x10,0.3590054802220548,0.0,0,1,1,1,2,0
synth::刮刮卡製作 1:80刮:2:1::000::r50::m000::t049,36,40,0.027777777777777776,valid,8x10,0.0843978115885603,0.0,0,0,0,0,36,0
synth::刮刮卡製作 1:80刮:2:1::000::r50::m000::t053,22,40,0.045454545454545456,valid,8x10,0.4041136665720957,0.0,0,0,0,0,22,0
synth::刮刮卡製作 1:80刮:2:1::000::r50::m000::t054,32,40,0.03125,valid,8x10,0.0364125610442431,0.0,0,0,0,0,32,0
synth::刮刮卡製作 1:80刮:2:1::000::r50::m000::t056,33,40,0.030303030303030304,valid,8x10,0.09381342853362146,0.0,0,0,0,0,33,0
synth::刮刮卡製作 1:80刮:2:1::000::r50::m000::t059,12,40,0.08333333333333333,valid,8x10,0.0843978115885603,0.0,0,0,0,0,12,0
synth::刮刮卡製作 1:80刮:2:1::000::r50::m000::t061,5,40,0.2,valid,8x10,0.11500824293664114,0.0,0,0,1,1,5,0
synth::刮刮卡製作 1:80刮:2:1::000::r50::m000::t063,30,40,0.03333333333333333,valid,8x10,0.39847537601934735,0.0,0,0,0,0,30,0
synth::刮刮卡製作 1:80刮:2:1::000::r50::m000::t065,38,40,0.02631578947368421,valid,8x10,0.12813602281290593,0.0,0,0,0,0,38,0
synth::刮刮卡製作 1:80刮:2:1::000::r50::m000::t066,36,40,0.027777777777777776,valid,8x10,0.09381342853362146,0.0,0,0,0,0,36,0
synth::刮刮卡製作 1:80刮:2:1::000::r50::m000::t069,35,40,0.02857142857142857,valid,8x10,0.0843978115885603,0.0,0,0,0,0,35,0
synth::刮刮卡製作 1:80刮:2:1::000::r50::m000::t070,5,40,0.2,valid,8x10,0.10846708880742922,0.0,0,0,1,1,5,0
synth::刮刮卡製作 1:80刮:2:1::000::r50::m000::t071,21,40,0.047619047619047616,valid,8x10,0.11584325478658397,0.0,0,0,0,0,21,0
synth::刮刮卡製作 1:80刮:2:1::000::r50::m000::t072,40,40,0.025,valid,8x10,0.13962155583888974,0.0,0,0,0,0,40,0
synth::刮刮卡製作 1:80刮:2:1::000::r50::m000::t073,28,40,0.03571428571428571,valid,8x10,0.39847537601934735,0.0,0,0,0,0,28,0
synth::刮刮卡製作 1:80刮:2:1::000::r50::m000::t075,12,40,0.08333333333333333,valid,8x10,0.12813602281290593,0.0,0,0,0,0,12,0
synth::刮刮卡製作 1:80刮:2:1::000::r50::m000::t076,14,40,0.07142857142857142,valid,8x10,0.09381342853362146,0.0,0,0,0,0,14,0
synth::刮刮卡製作 1:80刮:2:1::000::r50::m000::t078,2,40,0.5,valid,8x10,0.3590054802220548,0.0,0,1,1,1,2,0
synth::刮刮卡製作 1:80刮:2:1::000::r50::m000::t080,22,40,0.045454545454545456,valid,8x10,0.10846708880742922,0.0,0,0,0,0,22,0
刮刮卡製作 1:80刮:2:1::r30::m000::t001,21,24,0.047619047619047616,holdout,8x10,0.23072898405057327,0.0,0,0,0,0,21,0
刮刮卡製作 1:80刮:2:1::r30::m000::t002,16,24,0.0625,holdout,8x10,0.2720447894239085,0.0,0,0,0,0,16,0
刮刮卡製作 1:80刮:2:1::r30::m000::t004,3,24,0.3333333333333333,holdout,8x10,0.3437760057260671,0.0,0,1,1,1,3,0
刮刮卡製作 1:80刮:2:1::r30::m000::t007,10,24,0.1,holdout,8x10,0.22400406541109497,0.0,0,0,0,1,10,0
刮刮卡製作 1:80刮:2:1::r30::m000::t008,4,24,0.25,holdout,8x10,0.25565897251033526,0.0,0,0,1,1,4,0
刮刮卡製作 1:80刮:2:1::r30::m000::t017,22,24,0.045454545454545456,holdout,8x10,0.22326999340998457,0.0,0,0,0,0,22,0
刮刮卡製作 1:80刮:2:1::r30::m000::t022,11,24,0.09090909090909091,holdout,8x10,0.2720447894239085,0.0,0,0,0,0,11,0
刮刮卡製作 1:80刮:2:1::r30::m000::t024,13,24,0.07692307692307693,holdout,8x10,0.3437760057260671,0.0,0,0,0,0,13,0
刮刮卡製作 1:80刮:2:1::r30::m000::t028,19,24,0.05263157894736842,holdout,8x10,0.25565897251033526,0.0,0,0,0,0,19,0
刮刮卡製作 1:80刮:2:1::r30::m000::t039,4,24,0.25,holdout,8x10,0.24644870727191992,0.0,0,0,1,1,4,0
刮刮卡製作 1:80刮:2:1::r30::m000::t040,8,24,0.125,holdout,8x10,0.2720447894239085,0.0,0,0,0,1,8,0
刮刮卡製作 1:80刮:2:1::r30::m000::t042,1,24,1.0,holdout,8x10,0.2720447894239085,0.0,1,1,1,1,1,0
刮刮卡製作 1:80刮:2:1::r30::m000::t047,12,24,0.08333333333333333,holdout,8x10,0.22400406541109497,0.0,0,0,0,0,12,0
刮刮卡製作 1:80刮:2:1::r30::m000::t048,7,24,0.14285714285714285,holdout,8x10,0.25565897251033526,0.0,0,0,0,1,7,0
刮刮卡製作 1:80刮:2:1::r30::m000::t050,12,24,0.08333333333333333,holdout,8x10,0.2720447894239085,0.0,0,0,0,0,12,0
刮刮卡製作 1:80刮:2:1::r30::m000::t053,19,24,0.05263157894736842,holdout,8x10,0.24203252357352445,0.0,0,0,0,0,19,0
刮刮卡製作 1:80刮:2:1::r30::m000::t056,1,24,1.0,holdout,8x10,0.23072898405057327,0.0,1,1,1,1,1,0
刮刮卡製作 1:80刮:2:1::r30::m000::t065,21,24,0.047619047619047616,holdout,8x10,0.2754704507063439,0.0,0,0,0,0,21,0
刮刮卡製作 1:80刮:2:1::r30::m000::t070,24,24,0.041666666666666664,holdout,8x10,0.268574032994227,0.0,0,0,0,0,24,0
刮刮卡製作 1:80刮:2:1::r30::m000::t071,1,24,1.0,holdout,8x10,0.23072898405057327,0.0,1,1,1,1,1,0
刮刮卡製作 1:80刮:2:1::r30::m000::t072,13,24,0.07692307692307693,holdout,8x10,0.2720447894239085,0.0,0,0,0,0,13,0
刮刮卡製作 1:80刮:2:1::r30::m000::t073,8,24,0.125,holdout,8x10,0.24977847899403616,0.0,0,0,0,1,8,0
刮刮卡製作 1:80刮:2:1::r30::m000::t076,1,24,1.0,holdout,8x10,0.2275235019372397,0.0,1,1,1,1,1,0
刮刮卡製作 1:80刮:2:1::r30::m000::t080,8,24,0.125,holdout,8x10,0.2720447894239085,0.0,0,0,0,1,8,0
刮刮卡製作 1:80刮:2:1::r50::m000::t012,12,40,0.08333333333333333,holdout,8x10,0.2828396528054018,0.0,0,0,0,0,12,0
刮刮卡製作 1:80刮:2:1::r50::m000::t016,12,40,0.08333333333333333,holdout,8x10,0.32318873671878795,0.0,0,0,0,0,12,0
刮刮卡製作 1:80刮:2:1::r50::m000::t018,34,40,0.029411764705882353,holdout,8x10,0.3673417863931636,0.0,0,0,0,0,34,0
刮刮卡製作 1:80刮:2:1::r50::m000::t019,17,40,0.058823529411764705,holdout,8x10,0.39870279460608504,0.0,0,0,0,0,17,0
刮刮卡製作 1:80刮:2:1::r50::m000::t021,35,40,0.02857142857142857,holdout,8x10,0.30956207639638067,0.0,0,0,0,0,35,0
刮刮卡製作 1:80刮:2:1::r50::m000::t022,2,40,0.5,holdout,8x10,0.2992482012253792,0.0,0,1,1,1,2,0
刮刮卡製作 1:80刮:2:1::r50::m000::t024,12,40,0.08333333333333333,holdout,8x10,0.4248231532956383,0.0,0,0,0,0,12,0
刮刮卡製作 1:80刮:2:1::r50::m000::t027,18,40,0.05555555555555555,holdout,8x10,0.5674121536128514,0.0,0,0,0,0,18,0
刮刮卡製作 1:80刮:2:1::r50::m000::t028,35,40,0.02857142857142857,holdout,8x10,0.3673417863931636,0.0,0,0,0,0,35,0
刮刮卡製作 1:80刮:2:1::r50::m000::t032,39,40,0.02564102564102564,holdout,8x10,0.2828396528054018,0.0,0,0,0,0,39,0
刮刮卡製作 1:80刮:2:1::r50::m000::t034,7,40,0.14285714285714285,holdout,8x10,0.4091701826811145,0.0,0,0,0,1,7,0
刮刮卡製作 1:80刮:2:1::r50::m000::t035,2,40,0.5,holdout,8x10,0.3517746921502058,0.0,0,1,1,1,2,0
刮刮卡製作 1:80刮:2:1::r50::m000::t038,30,40,0.03333333333333333,holdout,8x10,0.3673417863931636,0.0,0,0,0,0,30,0
刮刮卡製作 1:80刮:2:1::r50::m000::t039,11,40,0.09090909090909091,holdout,8x10,0.39586292409445967,0.0,0,0,0,0,11,0
刮刮卡製作 1:80刮:2:1::r50::m000::t041,17,40,0.058823529411764705,holdout,8x10,0.30373572578868324,0.0,0,0,0,0,17,0
刮刮卡製作 1:80刮:2:1::r50::m000::t044,1,40,1.0,holdout,8x10,0.4091701826811145,0.0,1,1,1,1,1,0
刮刮卡製作 1:80刮:2:1::r50::m000::t045,36,40,0.027777777777777776,holdout,8x10,0.3517746921502058,0.0,0,0,0,0,36,0
刮刮卡製作 1:80刮:2:1::r50::m000::t046,7,40,0.14285714285714285,holdout,8x10,0.32318873671878795,0.0,0,0,0,1,7,0
刮刮卡製作 1:80刮:2:1::r50::m000::t049,27,40,0.037037037037037035,holdout,8x10,0.39870279460608504,0.0,0,0,0,0,27,0
刮刮卡製作 1:80刮:2:1::r50::m000::t050,22,40,0.045454545454545456,holdout,8x10,0.3026078245437804,0.0,0,0,0,0,22,0
刮刮卡製作 1:80刮:2:1::r50::m000::t051,23,40,0.043478260869565216,holdout,8x10,0.30956207639638067,0.0,0,0,0,0,23,0
刮刮卡製作 1:80刮:2:1::r50::m000::t053,29,40,0.034482758620689655,holdout,8x10,0.5876800031193735,0.0,0,0,0,0,29,0
刮刮卡製作 1:80刮:2:1::r50::m000::t054,39,40,0.02564102564102564,holdout,8x10,0.4091701826811145,0.0,0,0,0,0,39,0
刮刮卡製作 1:80刮:2:1::r50::m000::t055,34,40,0.029411764705882353,holdout,8x10,0.3517746921502058,0.0,0,0,0,0,34,0
刮刮卡製作 1:80刮:2:1::r50::m000::t056,10,40,0.1,holdout,8x10,0.32318873671878795,0.0,0,0,0,1,10,0
刮刮卡製作 1:80刮:2:1::r50::m000::t057,11,40,0.09090909090909091,holdout,8x10,0.5674121536128514,0.0,0,0,0,0,11,0
刮刮卡製作 1:80刮:2:1::r50::m000::t058,32,40,0.03125,holdout,8x10,0.3673417863931636,0.0,0,0,0,0,32,0
刮刮卡製作 1:80刮:2:1::r50::m000::t059,19,40,0.05263157894736842,holdout,8x10,0.39870279460608504,0.0,0,0,0,0,19,0
刮刮卡製作 1:80刮:2:1::r50::m000::t060,24,40,0.041666666666666664,holdout,8x10,0.3026078245437804,0.0,0,0,0,0,24,0
刮刮卡製作 1:80刮:2:1::r50::m000::t064,30,40,0.03333333333333333,holdout,8x10,0.4091701826811145,0.0,0,0,0,0,30,0
刮刮卡製作 1:80刮:2:1::r50::m000::t065,40,40,0.025,holdout,8x10,0.3517746921502058,0.0,0,0,0,0,40,0
刮刮卡製作 1:80刮:2:1::r50::m000::t066,33,40,0.030303030303030304,holdout,8x10,0.32318873671878795,0.0,0,0,0,0,33,0
刮刮卡製作 1:80刮:2:1::r50::m000::t067,3,40,0.3333333333333333,holdout,8x10,0.5674121536128514,0.0,0,1,1,1,3,0
刮刮卡製作 1:80刮:2:1::r50::m000::t068,36,40,0.027777777777777776,holdout,8x10,0.3673417863931636,0.0,0,0,0,0,36,0
刮刮卡製作 1:80刮:2:1::r50::m000::t069,1,40,1.0,holdout,8x10,0.39870279460608504,0.0,1,1,1,1,1,0
刮刮卡製作 1:80刮:2:1::r50::m000::t073,18,40,0.05555555555555555,holdout,8x10,0.5876800031193735,0.0,0,0,0,0,18,0
刮刮卡製作 1:80刮:2:1::r50::m000::t074,7,40,0.14285714285714285,holdout,8x10,0.4091701826811145,0.0,0,0,0,1,7,0
刮刮卡製作 1:80刮:2:1::r50::m000::t075,24,40,0.041666666666666664,holdout,8x10,0.3517746921502058,0.0,0,0,0,0,24,0
刮刮卡製作 1:80刮:2:1::r50::m000::t079,29,40,0.034482758620689655,holdout,8x10,0.39870279460608504,0.0,0,0,0,0,29,0
刮刮卡製作 1:80刮:2:1::r50::m000::t080,8,40,0.125,holdout,8x10,0.3026078245437804,0.0,0,0,0,1,8,0
synth::刮刮卡製作 1:80刮:2:1::001::r30::m000::t001,1,24,1.0,train,8x10,0.3729662870922829,0.02,1,1,1,1,1,0
synth::刮刮卡製作 1:80刮:2:1::001::r30::m000::t010,1,24,1.0,train,8x10,0.45341120730863593,0.02,1,1,1,1,1,0
synth::刮刮卡製作 1:80刮:2:1::001::r30::m000::t011,1,24,1.0,train,8x10,0.3729662870922829,0.02,1,1,1,1,1,0
synth::刮刮卡製作 1:80刮:2:1::001::r30::m000::t013,1,24,1.0,train,8x10,0.4017459049571932,0.02,1,1,1,1,1,0
synth::刮刮卡製作 1:80刮:2:1::001::r30::m000::t015,2,24,0.5,train,8x10,0.4012021147059278,0.02,0,1,1,1,2,0
synth::刮刮卡製作 1:80刮:2:1::001::r30::m000::t016,1,24,1.0,train,8x10,0.40740085119603275,0.02,1,1,1,1,1,0
synth::刮刮卡製作 1:80刮:2:1::001::r30::m000::t020,1,24,1.0,train,8x10,0.44628623469676143,0.02,1,1,1,1,1,0
synth::刮刮卡製作 1:80刮:2:1::001::r30::m000::t023,1,24,1.0,train,8x10,0.4017459049571932,0.02,1,1,1,1,1,0
synth::刮刮卡製作 1:80刮:2:1::001::r30::m000::t024,1,24,1.0,train,8x10,0.4012021147059278,0.02,1,1,1,1,1,0
synth::刮刮卡製作 1:80刮:2:1::001::r30::m000::t025,1,24,1.0,train,8x10,0.4012021147059278,0.02,1,1,1,1,1,0
synth::刮刮卡製作 1:80刮:2:1::001::r30::m000::t030,1,24,1.0,train,8x10,0.44628623469676143,0.02,1,1,1,1,1,0
synth::刮刮卡製作 1:80刮:2:1::001::r30::m000::t033,1,24,1.0,train,8x10,0.4017459049571932,0.02,1,1,1,1,1,0
synth::刮刮卡製作 1:80刮:2:1::001::r30::m000::t034,2,24,0.5,train,8x10,0.4012021147059278,0.02,0,1,1,1,2,0
synth::刮刮卡製作 1:80刮:2:1::001::r30::m000::t037,1,24,1.0,train,8x10,0.3793131903815242,0.02,1,1,1,1,1,0
synth::刮刮卡製作 1:80刮:2:1::001::r30::m000::t039,1,24,1.0,train,8x10,0.5289180625592204,0.02,1,1,1,1,1,0
synth::刮刮卡製作 1:80刮:2:1::001::r30::m000::t040,1,24,1.0,train,8x10,0.44628623469676143,0.02,1,1,1,1,1,0
synth::刮刮卡製作 1:80刮:2:1::001::r30::m000::t052,1,24,1.0,train,8x10,0.40740085119603275,0.02,1,1,1,1,1,0
synth::刮刮卡製作 1:80刮:2:1::001::r30::m000::t062,1,24,1.0,train,8x10,0.4044532391981841,0.02,1,1,1,1,1,0
synth::刮刮卡製作 1:80刮:2:1::001::r30::m000::t063,1,24,1.0,train,8x10,0.4017459049571932,0.02,1,1,1,1,1,0
synth::刮刮卡製作 1:80刮:2:1::001::r30::m000::t064,1,24,1.0,train,8x10,0.3993488132838263,0.02,1,1,1,1,1,0
synth::刮刮卡製作 1:80刮:2:1::001::r30::m000::t070,1,24,1.0,train,8x10,0.44333862269891267,0.02,1,1,1,1,1,0
synth::刮刮卡製作 1:80刮:2:1::001::r30::m000::t075,1,24,1.0,train,8x10,0.4012021147059278,0.02,1,1,1,1,1,0
synth::刮刮卡製作 1:80刮:2:1::001::r30::m000::t076,1,24,1.0,train,8x10,0.40740085119603275,0.02,1,1,1,1,1,0
synth::刮刮卡製作 1:80刮:2:1::001::r30::m000::t080,1,24,1.0,train,8x10,0.44628623469676143,0.02,1,1,1,1,1,0
synth::刮刮卡製作 1:80刮:2:1::001::r50::m000::t001,1,40,1.0,train,8x10,0.4177093866889665,0.02,1,1,1,1,1,0
synth::刮刮卡製作 1:80刮:2:1::001::r50::m000::t002,1,40,1.0,train,8x10,0.2408460396280281,0.02,1,1,1,1,1,0
synth::刮刮卡製作 1:80刮:2:1::001::r50::m000::t006,1,40,1.0,train,8x10,0.2593679763687624,0.02,1,1,1,1,1,0
synth::刮刮卡製作 1:80刮:2:1::001::r50::m000::t007,1,40,1.0,train,8x10,0.24006318980217017,0.02,1,1,1,1,1,0
synth::刮刮卡製作 1:80刮:2:1::001::r50::m000::t009,2,40,0.5,train,8x10,0.2733825995186431,0.02,0,1,1,1,2,0
synth::刮刮卡製作 1:80刮:2:1::001::r50::m000::t010,1,40,1.0,train,8x10,0.28548929467504813,0.02,1,1,1,1,1,0
synth::刮刮卡製作 1:80刮:2:1::001::r50::m000::t012,1,40,1.0,train,8x10,0.2408460396280281,0.02,1,1,1,1,1,0
synth::刮刮卡製作 1:80刮:2:1::001::r50::m000::t013,1,40,1.0,train,8x10,0.22057004822967824,0.02,1,1,1,1,1,0
synth::刮刮卡製作 1:80刮:2:1::001::r50::m000::t016,1,40,1.0,train,8x10,0.2593679763687624,0.02,1,1,1,1,1,0
synth::刮刮卡製作 1:80刮:2:1::001::r50::m000::t019,1,40,1.0,train,8x10,0.2803498322786435,0.02,1,1,1,1,1,0
synth::刮刮卡製作 1:80刮:2:1::001::r50::m000::t024,1,40,1.0,train,8x10,0.2365516965191584,0.02,1,1,1,1,1,0
synth::刮刮卡製作 1:80刮:2:1::001::r50::m000::t025,1,40,1.0,train,8x10,0.23215132903326735,0.02,1,1,1,1,1,0
synth::刮刮卡製作 1:80刮:2:1::001::r50::m000::t026,1,40,1.0,train,8x10,0.2593679763687624,0.02,1,1,1,1,1,0
synth::刮刮卡製作 1:80刮:2:1::001::r50::m000::t029,2,40,0.5,train,8x10,0.2803498322786435,0.02,0,1,1,1,2,0
synth::刮刮卡製作 1:80刮:2:1::001::r50::m000::t030,1,40,1.0,train,8x10,0.28548929467504813,0.02,1,1,1,1,1,0
synth::刮刮卡製作 1:80刮:2:1::001::r50::m000::t031,1,40,1.0,train,8x10,0.4177093866889665,0.02,1,1,1,1,1,0
synth::刮刮卡製作 1:80刮:2:1::001::r50::m000::t033,1,40,1.0,train,8x10,0.22057004822967824,0.02,1,1,1,1,1,0
synth::刮刮卡製作 1:80刮:2:1::001::r50::m000::t035,1,40,1.0,train,8x10,0.23215132903326735,0.02,1,1,1,1,1,0
synth::刮刮卡製作 1:80刮:2:1::001::r50::m000::t037,1,40,1.0,train,8x10,0.2470304225621706,0.02,1,1,1,1,1,0
synth::刮刮卡製作 1:80刮:2:1::001::r50::m000::t038,1,40,1.0,train,8x10,0.3990221195147038,0.02,1,1,1,1,1,0
synth::刮刮卡製作 1:80刮:2:1::001::r50::m000::t040,1,40,1.0,train,8x10,0.29877680301167714,0.02,1,1,1,1,1,0
synth::刮刮卡製作 1:80刮:2:1::001::r50::m000::t047,1,40,1.0,train,8x10,0.2470304225621706,0.02,1,1,1,1,1,0
synth::刮刮卡製作 1:80刮:2:1::001::r50::m000::t049,1,40,1.0,train,8x10,0.2803498322786435,0.02,1,1,1,1,1,0
synth::刮刮卡製作 1:80刮:2:1::001::r50::m000::t050,1,40,1.0,train,8x10,0.28548929467504813,0.02,1,1,1,1,1,0
synth::刮刮卡製作 1:80刮:2:1::001::r50::m000::t051,3,40,0.3333333333333333,train,8x10,0.4177093866889665,0.02,0,1,1,1,3,0
synth::刮刮卡製作 1:80刮:2:1::001::r50::m000::t053,1,40,1.0,train,8x10,0.2124769750375027,0.02,1,1,1,1,1,0
synth::刮刮卡製作 1:80刮:2:1::001::r50::m000::t060,1,40,1.0,train,8x10,0.28548929467504813,0.02,1,1,1,1,1,0
synth::刮刮卡製作 1:80刮:2:1::001::r50::m000::t061,1,40,1.0,train,8x10,0.4177093866889665,0.02,1,1,1,1,1,0
synth::刮刮卡製作 1:80刮:2:1::001::r50::m000::t062,1,40,1.0,train,8x10,0.2408460396280281,0.02,1,1,1,1,1,0
synth::刮刮卡製作 1:80刮:2:1::001::r50::m000::t063,3,40,0.3333333333333333,train,8x10,0.22057004822967824,0.02,0,1,1,1,2,-1
synth::刮刮卡製作 1:80刮:2:1::001::r50::m000::t064,1,40,1.0,train,8x10,0.23594911787798067,0.02,1,1,1,1,1,0
synth::刮刮卡製作 1:80刮:2:1::001::r50::m000::t066,5,40,0.2,train,8x10,0.2593679763687624,0.02,0,0,1,1,4,-1
synth::刮刮卡製作 1:80刮:2:1::001::r50::m000::t067,1,40,1.0,train,8x10,0.2470304225621706,0.02,1,1,1,1,1,0
synth::刮刮卡製作 1:80刮:2:1::001::r50::m000::t068,1,40,1.0,train,8x10,0.3990221195147038,0.02,1,1,1,1,1,0
synth::刮刮卡製作 1:80刮:2:1::001::r50::m000::t069,1,40,1.0,train,8x10,0.2803498322786435,0.02,1,1,1,1,1,0
synth::刮刮卡製作 1:80刮:2:1::001::r50::m000::t071,1,40,1.0,train,8x10,0.4177093866889665,0.02,1,1,1,1,1,0
synth::刮刮卡製作 1:80刮:2:1::001::r50::m000::t075,1,40,1.0,train,8x10,0.22550946926526533,0.02,1,1,1,1,1,0
synth::刮刮卡製作 1:80刮:2:1::001::r50::m000::t076,1,40,1.0,train,8x10,0.2593679763687624,0.02,1,1,1,1,1,0
synth::刮刮卡製作 1:80刮:2:1::001::r50::m000::t079,1,40,1.0,train,8x10,0.2930058342674765,0.02,1,1,1,1,1,0
synth::刮刮卡製作 1:80刮:2:1::001::r50::m000::t080,1,40,1.0,train,8x10,0.28548929467504813,0.02,1,1,1,1,1,0
synth::刮刮卡製作 1:80刮:2:1::002::r30::m000::t002,1,24,1.0,train,8x10,0.5628562335480399,0.02,1,1,1,1,1,0
synth::刮刮卡製作 1:80刮:2:1::002::r30::m000::t009,1,24,1.0,train,8x10,0.5453930524350109,0.02,1,1,1,1,1,0
synth::刮刮卡製作 1:80刮:2:1::002::r30::m000::t012,1,24,1.0,train,8x10,0.5559137687067539,0.02,1,1,1,1,1,0
synth::刮刮卡製作 1:80刮:2:1::002::r30::m000::t017,1,24,1.0,train,8x10,0.5496244564612028,0.02,1,1,1,1,1,0
synth::刮刮卡製作 1:80刮:2:1::002::r30::m000::t018,1,24,1.0,train,8x10,0.5496244564612028,0.02,1,1,1,1,1,0
synth::刮刮卡製作 1:80刮:2:1::002::r30::m000::t024,1,24,1.0,train,8x10,0.5453930524350109,0.02,1,1,1,1,1,0
synth::刮刮卡製作 1:80刮:2:1::002::r30::m000::t025,1,24,1.0,train,8x10,0.5496244564612028,0.02,1,1,1,1,1,0
synth::刮刮卡製作 1:80刮:2:1::002::r30::m000::t028,2,24,0.5,train,8x10,0.5496244564612028,0.02,0,1,1,1,2,0
synth::刮刮卡製作 1:80刮:2:1::002::r30::m000::t031,1,24,1.0,train,8x10,0.6029365982605097,0.02,1,1,1,1,1,0
synth::刮刮卡製作 1:80刮:2:1::002::r30::m000::t034,1,24,1.0,train,8x10,0.5453930524350109,0.02,1,1,1,1,1,0
synth::刮刮卡製作 1:80刮:2:1::002::r30::m000::t039,1,24,1.0,train,8x10,0.5453930524350109,0.02,1,1,1,1,1,0
synth::刮刮卡製作 1:80刮:2:1::002::r30::m000::t040,1,24,1.0,train,8x10,0.5563980249281103,0.02,1,1,1,1,1,0
synth::刮刮卡製作 1:80刮:2:1::002::r30::m000::t041,1,24,1.0,train,8x10,0.6029365982605097,0.02,1,1,1,1,1,0
synth::刮刮卡製作 1:80刮:2:1::002::r30::m000::t046,1,24,1.0,train,8x10,0.5143967877180453,0.02,1,1,1,1,1,0
synth::刮刮卡製作 1:80刮:2:1::002::r30::m000::t049,1,24,1.0,train,8x10,0.5453930524350109,0.02,1,1,1,1,1,0
synth::刮刮卡製作 1:80刮:2:1::002::r30::m000::t052,1,24,1.0,train,8x10,0.5563980249281103,0.02,1,1,1,1,1,0
synth::刮刮卡製作 1:80刮:2:1::002::r30::m000::t054,1,24,1.0,train,8x10,0.5453930524350109,0.02,1,1,1,1,1,0
synth::刮刮卡製作 1:80刮:2:1::002::r30::m000::t057,1,24,1.0,train,8x10,0.5477009052302058,0.02,1,1,1,1,1,0
synth::刮刮卡製作 1:80刮:2:1::002::r30::m000::t061,1,24,1.0,train,8x10,0.6029365982605097,0.02,1,1,1,1,1,0
synth::刮刮卡製作 1:80刮:2:1::002::r30::m000::t065,1,24,1.0,train,8x10,0.5455066389413898,0.02,1,1,1,1,1,0
synth::刮刮卡製作 1:80刮:2:1::002::r30::m000::t070,1,24,1.0,train,8x10,0.554474473697113,0.02,1,1,1,1,1,0
synth::刮刮卡製作 1:80刮:2:1::002::r30::m000::t074,1,24,1.0,train,8x10,0.5432260634410707,0.02,1,1,1,1,1,0
synth::刮刮卡製作 1:80刮:2:1::002::r30::m000::t079,1,24,1.0,train,8x10,0.5453930524350109,0.02,1,1,1,1,1,0
synth::刮刮卡製作 1:80刮:2:1::002::r30::m000::t080,1,24,1.0,train,8x10,0.5563980249281103,0.02,1,1,1,1,1,0
synth::刮刮卡製作 1:80刮:2:1::002::r50::m000::t004,1,40,1.0,train,8x10,0.6734961600745191,0.02,1,1,1,1,1,0
synth::刮刮卡製作 1:80刮:2:1::002::r50::m000::t008,1,40,1.0,train,8x10,0.7587758113863303,0.02,1,1,1,1,1,0
synth::刮刮卡製作 1:80刮:2:1::002::r50::m000::t009,1,40,1.0,train,8x10,0.6921609253120411,0.02,1,1,1,1,1,0
synth::刮刮卡製作 1:80刮:2:1::002::r50::m000::t010,1,40,1.0,train,8x10,0.6877059462928206,0.02,1,1,1,1,1,0
synth::刮刮卡製作 1:80刮:2:1::002::r50::m000::t013,1,40,1.0,train,8x10,0.6834363828988449,0.02,1,1,1,1,1,0
synth::刮刮卡製作 1:80刮:2:1::002::r50::m000::t014,1,40,1.0,train,8x10,0.6734961600745191,0.02,1,1,1,1,1,0
synth::刮刮卡製作 1:80刮:2:1::002::r50::m000::t016,1,40,1.0,train,8x10,0.8435423789214659,0.02,1,1,1,1,1,0
synth::刮刮卡製作 1:80刮:2:1::002::r50::m000::t017,1,40,1.0,train,8x10,0.6877059462928206,0.02,1,1,1,1,1,0
synth::刮刮卡製作 1:80刮:2:1::002::r50::m000::t019,1,40,1.0,train,8x10,0.6921609253120411,0.02,1,1,1,1,1,0
synth::刮刮卡製作 1:80刮:2:1::002::r50::m000::t025,1,40,1.0,train,8x10,0.6557920965854458,0.02,1,1,1,1,1,0
synth::刮刮卡製作 1:80刮:2:1::002::r50::m000::t027,1,40,1.0,train,8x10,0.6968054070297346,0.02,1,1,1,1,1,0
synth::刮刮卡製作 1:80刮:2:1::002::r50::m000::t028,1,40,1.0,train,8x10,0.7587758113863303,0.02,1,1,1,1,1,0
synth::刮刮卡製作 1:80刮:2:1::002::r50::m000::t030,2,40,0.5,train,8x10,0.6877059462928206,0.02,0,1,1,1,2,0
synth::刮刮卡製作 1:80刮:2:1::002::r50::m000::t031,1,40,1.0,train,8x10,0.6402366576552099,0.02,1,1,1,1,1,0
synth::刮刮卡製作 1:80刮:2:1::002::r50::m000::t033,1,40,1.0,train,8x10,0.6877059462928206,0.02,1,1,1,1,1,0
synth::刮刮卡製作 1:80刮:2:1::002::r50::m000::t036,1,40,1.0,train,8x10,0.8435423789214659,0.02,1,1,1,1,1,0
synth::刮刮卡製作 1:80刮:2:1::002::r50::m000::t039,1,40,1.0,train,8x10,0.6921609253120411,0.02,1,1,1,1,1,0
synth::刮刮卡製作 1:80刮:2:1::002::r50::m000::t042,1,40,1.0,train,8x10,0.6168028605661013,0.02,1,1,1,1,1,0
synth::刮刮卡製作 1:80刮:2:1::002::r50::m000::t043,1,40,1.0,train,8x10,0.6877059462928206,0.02,1,1,1,1,1,0
synth::刮刮卡製作 1:80刮:2:1::002::r50::m000::t044,1,40,1.0,train,8x10,0.6734961600745191,0.02,1,1,1,1,1,0
synth::刮刮卡製作 1:80刮:2:1::002::r50::m000::t045,1,40,1.0,train,8x10,0.647055972466,0.02,1,1,1,1,1,0
synth::刮刮卡製作 1:80刮:2:1::002::r50::m000::t048,1,40,1.0,train,8x10,0.7587758113863303,0.02,1,1,1,1,1,0
synth::刮刮卡製作 1:80刮:2:1::002::r50::m000::t049,1,40,1.0,train,8x10,0.6921609253120411,0.02,1,1,1,1,1,0
synth::刮刮卡製作 1:80刮:2:1::002::r50::m000::t051,1,40,1.0,train,8x10,0.6402366576552099,0.02,1,1,1,1,1,0
synth::刮刮卡製作 1:80刮:2:1::002::r50::m000::t052,1,40,1.0,train,8x10,0.6168028605661013,0.02,1,1,1,1,1,0
synth::刮刮卡製作 1:80刮:2:1::002::r50::m000::t053,1,40,1.0,train,8x10,0.6877059462928206,0.02,1,1,1,1,1,0
synth::刮刮卡製作 1:80刮:2:1::002::r50::m000::t056,1,40,1.0,train,8x10,0.8384421961674309,0.02,1,1,1,1,1,0
synth::刮刮卡製作 1:80刮:2:1::002::r50::m000::t057,1,40,1.0,train,8x10,0.6968054070297346,0.02,1,1,1,1,1,0
synth::刮刮卡製作 1:80刮:2:1::002::r50::m000::t059,1,40,1.0,train,8x10,0.7010590043857832,0.02,1,1,1,1,1,0
synth::刮刮卡製作 1:80刮:2:1::002::r50::m000::t060,1,40,1.0,train,8x10,0.6877059462928206,0.02,1,1,1,1,1,0
synth::刮刮卡製作 1:80刮:2:1::002::r50::m000::t065,1,40,1.0,train,8x10,0.647055972466,0.02,1,1,1,1,1,0
synth::刮刮卡製作 1:80刮:2:1::002::r50::m000::t067,1,40,1.0,train,8x10,0.6877059462928206,0.02,1,1,1,1,1,0
synth::刮刮卡製作 1:80刮:2:1::002::r50::m000::t068,1,40,1.0,train,8x10,0.7587758113863303,0.02,1,1,1,1,1,0
synth::刮刮卡製作 1:80刮:2:1::002::r50::m000::t070,1,40,1.0,train,8x10,0.6877059462928206,0.02,1,1,1,1,1,0
synth::刮刮卡製作 1:80刮:2:1::002::r50::m000::t073,1,40,1.0,train,8x10,0.6877059462928206,0.02,1,1,1,1,1,0
synth::刮刮卡製作 1:80刮:2:1::002::r50::m000::t074,1,40,1.0,train,8x10,0.6734961600745191,0.02,1,1,1,1,1,0
synth::刮刮卡製作 1:80刮:2:1::002::r50::m000::t075,1,40,1.0,train,8x10,0.6557920965854458,0.02,1,1,1,1,1,0
synth::刮刮卡製作 1:80刮:2:1::002::r50::m000::t077,1,40,1.0,train,8x10,0.6968054070297346,0.02,1,1,1,1,1,0
synth::刮刮卡製作 1:80刮:2:1::002::r50::m000::t079,1,40,1.0,train,8x10,0.6921609253120411,0.02,1,1,1,1,1,0
synth::刮刮卡製作 1:80刮:2:1::002::r50::m000::t080,1,40,1.0,train,8x10,0.6877059462928206,0.02,1,1,1,1,1,0
synth::刮刮卡製作 1:80刮:2:1::003::r30::m000::t003,1,24,1.0,train,8x10,0.1684820158079237,0.02,1,1,1,1,1,0
synth::刮刮卡製作 1:80刮:2:1::003::r30::m000::t004,1,24,1.0,train,8x10,0.1684820158079237,0.02,1,1,1,1,1,0
synth::刮刮卡製作 1:80刮:2:1::003::r30::m000::t009,1,24,1.0,train,8x10,0.1684820158079237,0.02,1,1,1,1,1,0
synth::刮刮卡製作 1:80刮:2:1::003::r30::m000::t014,1,24,1.0,train,8x10,0.1684820158079237,0.02,1,1,1,1,1,0
synth::刮刮卡製作 1:80刮:2:1::003::r30::m000::t016,1,24,1.0,train,8x10,0.1758037509555594,0.02,1,1,1,1,1,0
synth::刮刮卡製作 1:80刮:2:1::003::r30::m000::t018,2,24,0.5,train,8x10,0.1758037509555594,0.02,0,1,1,1,2,0
synth::刮刮卡製作 1:80刮:2:1::003::r30::m000::t020,1,24,1.0,train,8x10,0.1684820158079237,0.02,1,1,1,1,1,0
synth::刮刮卡製作 1:80刮:2:1::003::r30::m000::t034,1,24,1.0,train,8x10,0.1684820158079237,0.02,1,1,1,1,1,0
synth::刮刮卡製作 1:80刮:2:1::003::r30::m000::t035,3,24,0.3333333333333333,train,8x10,0.15356322526114932,0.02,0,1,1,1,3,0
synth::刮刮卡製作 1:80刮:2:1::003::r30::m000::t039,5,24,0.2,train,8x10,0.1684820158079237,0.02,0,0,1,1,4,-1
synth::刮刮卡製作 1:80刮:2:1::003::r30::m000::t041,1,24,1.0,train,8x10,0.21440201061747866,0.02,1,1,1,1,1,0
synth::刮刮卡製作 1:80刮:2:1::003::r30::m000::t045,1,24,1.0,train,8x10,0.15356322526114932,0.02,1,1,1,1,1,0
synth::刮刮卡製作 1:80刮:2:1::003::r30::m000::t047,1,24,1.0,train,8x10,0.2366425363118888,0.02,1,1,1,1,1,0
synth::刮刮卡製作 1:80刮:2:1::003::r30::m000::t053,1,24,1.0,train,8x10,0.1684820158079237,0.02,1,1,1,1,1,0
synth::刮刮卡製作 1:80刮:2:1::003::r30::m000::t060,1,24,1.0,train,8x10,0.1684820158079237,0.02,1,1,1,1,1,0
synth::刮刮卡製作 1:80刮:2:1::003::r30::m000::t061,1,24,1.0,train,8x10,0.21440201061747866,0.02,1,1,1,1,1,0
synth::刮刮卡製作 1:80刮:2:1::003::r30::m000::t063,1,24,1.0,train,8x10,0.1684820158079237,0.02,1,1,1,1,1,0
synth::刮刮卡製作 1:80刮:2:1::003::r30::m000::t069,1,24,1.0,train,8x10,0.1684820158079237,0.02,1,1,1,1,1,0
synth::刮刮卡製作 1:80刮:2:1::003::r30::m000::t070,4,24,0.25,train,8x10,0.1684820158079237,0.02,0,0,1,1,3,-1
synth::刮刮卡製作 1:80刮:2:1::003::r30::m000::t072,1,24,1.0,train,8x10,0.23424452838117008,0.02,1,1,1,1,1,0
synth::刮刮卡製作 1:80刮:2:1::003::r30::m000::t073,1,24,1.0,train,8x10,0.1684820158079237,0.02,1,1,1,1,1,0
synth::刮刮卡製作 1:80刮:2:1::003::r30::m000::t074,1,24,1.0,train,8x10,0.1684820158079237,0.02,1,1,1,1,1,0
synth::刮刮卡製作 1:80刮:2:1::003::r30::m000::t079,2,24,0.5,train,8x10,0.1684820158079237,0.02,0,1,1,1,2,0
synth::刮刮卡製作 1:80刮:2:1::003::r30::m000::t080,1,24,1.0,train,8x10,0.1684820158079237,0.02,1,1,1,1,1,0
synth::刮刮卡製作 1:80刮:2:1::003::r50::m000::t001,1,40,1.0,train,8x10,0.3635308173843566,0.02,1,1,1,1,1,0
synth::刮刮卡製作 1:80刮:2:1::003::r50::m000::t004,1,40,1.0,train,8x10,0.39118830443555574,0.02,1,1,1,1,1,0
synth::刮刮卡製作 1:80刮:2:1::003::r50::m000::t005,1,40,1.0,train,8x10,0.3721012771489622,0.02,1,1,1,1,1,0
synth::刮刮卡製作 1:80刮:2:1::003::r50::m000::t006,1,40,1.0,train,8x10,0.3578914909306613,0.02,1,1,1,1,1,0
synth::刮刮卡製作 1:80刮:2:1::003::r50::m000::t007,1,40,1.0,train,8x10,0.377740603602658,0.02,1,1,1,1,1,0
synth::刮刮卡製作 1:80刮:2:1::003::r50::m000::t010,1,40,1.0,train,8x10,0.3761595620316488,0.02,1,1,1,1,1,0
synth::刮刮卡製作 1:80刮:2:1::003::r50::m000::t013,1,40,1.0,train,8x10,0.329235067541733,0.02,1,1,1,1,1,0
synth::刮刮卡製作 1:80刮:2:1::003::r50::m000::t015,1,40,1.0,train,8x10,0.3721012771489622,0.02,1,1,1,1,1,0
synth::刮刮卡製作 1:80刮:2:1::003::r50::m000::t016,1,40,1.0,train,8x10,0.3578914909306613,0.02,1,1,1,1,1,0
synth::刮刮卡製作 1:80刮:2:1::003::r50::m000::t017,1,40,1.0,train,8x10,0.377740603602658,0.02,1,1,1,1,1,0
synth::刮刮卡製作 1:80刮:2:1::003::r50::m000::t022,2,40,0.5,train,8x10,0.35544851373416353,0.02,0,1,1,1,2,0
synth::刮刮卡製作 1:80刮:2:1::003::r50::m000::t023,1,40,1.0,train,8x10,0.329235067541733,0.02,1,1,1,1,1,0
synth::刮刮卡製作 1:80刮:2:1::003::r50::m000::t024,1,40,1.0,train,8x10,0.39118830443555574,0.02,1,1,1,1,1,0
synth::刮刮卡製作 1:80刮:2:1::003::r50::m000::t025,1,40,1.0,train,8x10,0.3721012771489622,0.02,1,1,1,1,1,0
synth::刮刮卡製作 1:80刮:2:1::003::r50::m000::t028,1,40,1.0,train,8x10,0.3664369449169588,0.02,1,1,1,1,1,0
synth::刮刮卡製作 1:80刮:2:1::003::r50::m000::t029,1,40,1.0,train,8x10,0.46935890503523653,0.02,1,1,1,1,1,0
synth::刮刮卡製作 1:80刮:2:1::003::r50::m000::t030,1,40,1.0,train,8x10,0.3635308173843566,0.02,1,1,1,1,1,0
synth::刮刮卡製作 1:80刮:2:1::003::r50::m000::t032,2,40,0.5,train,8x10,0.35544851373416353,0.02,0,1,1,1,2,0
synth::刮刮卡製作 1:80刮:2:1::003::r50::m000::t035,1,40,1.0,train,8x10,0.3721012771489622,0.02,1,1,1,1,1,0
synth::刮刮卡製作 1:80刮:2:1::003::r50::m000::t036,1,40,1.0,train,8x10,0.3578914909306613,0.02,1,1,1,1,1,0
synth::刮刮卡製作 1:80刮:2:1::003::r50::m000::t037,1,40,1.0,train,8x10,0.377740603602658,0.02,1,1,1,1,1,0
synth::刮刮卡製作 1:80刮:2:1::003::r50::m000::t039,3,40,0.3333333333333333,train,8x10,0.46935890503523653,0.02,0,1,1,1,3,0
synth::刮刮卡製作 1:80刮:2:1::003::r50::m000::t040,3,40,0.3333333333333333,train,8x10,0.3635308173843566,0.02,0,1,1,1,1,-2
synth::刮刮卡製作 1:80刮:2:1::003::r50::m000::t041,1,40,1.0,train,8x10,0.3635308173843566,0.02,1,1,1,1,1,0
synth::刮刮卡製作 1:80刮:2:1::003::r50::m000::t043,1,40,1.0,train,8x10,0.329235067541733,0.02,1,1,1,1,1,0
synth::刮刮卡製作 1:80刮:2:1::003::r50::m000::t047,1,40,1.0,train,8x10,0.3714534814405883,0.02,1,1,1,1,1,0
synth::刮刮卡製作 1:80刮:2:1::003::r50::m000::t049,6,40,0.16666666666666666,train,8x10,0.4648231498782224,0.02,0,0,0,1,6,0
synth::刮刮卡製作 1:80刮:2:1::003::r50::m000::t052,5,40,0.2,train,8x10,0.35544851373416353,0.02,0,0,1,1,6,1
synth::刮刮卡製作 1:80刮:2:1::003::r50::m000::t053,1,40,1.0,train,8x10,0.329235067541733,0.02,1,1,1,1,1,0
synth::刮刮卡製作 1:80刮:2:1::003::r50::m000::t057,2,40,0.5,train,8x10,0.377740603602658,0.02,0,1,1,1,2,0
synth::刮刮卡製作 1:80刮:2:1::003::r50::m000::t058,1,40,1.0,train,8x10,0.3664369449169588,0.02,1,1,1,1,1,0
synth::刮刮卡製作 1:80刮:2:1::003::r50::m000::t059,1,40,1.0,train,8x10,0.46935890503523653,0.02,1,1,1,1,1,0
synth::刮刮卡製作 1:80刮:2:1::003::r50::m000::t060,1,40,1.0,train,8x10,0.3635308173843566,0.02,1,1,1,1,1,0
synth::刮刮卡製作 1:80刮:2:1::003::r50::m000::t061,1,40,1.0,train,8x10,0.3635308173843566,0.02,1,1,1,1,1,0
synth::刮刮卡製作 1:80刮:2:1::003::r50::m000::t064,1,40,1.0,train,8x10,0.38490118227348613,0.02,1,1,1,1,1,0
synth::刮刮卡製作 1:80刮:2:1::003::r50::m000::t066,3,40,0.3333333333333333,train,8x10,0.3563091695491616,0.02,0,1,1,1,1,-2
synth::刮刮卡製作 1:80刮:2:1::003::r50::m000::t068,1,40,1.0,train,8x10,0.3664369449169588,0.02,1,1,1,1,1,0
synth::刮刮卡製作 1:80刮:2:1::003::r50::m000::t071,1,40,1.0,train,8x10,0.3635308173843566,0.02,1,1,1,1,1,0
synth::刮刮卡製作 1:80刮:2:1::003::r50::m000::t072,1,40,1.0,train,8x10,0.35544851373416353,0.02,1,1,1,1,1,0
synth::刮刮卡製作 1:80刮:2:1::003::r50::m000::t075,1,40,1.0,train,8x10,0.3721012771489622,0.02,1,1,1,1,1,0
synth::刮刮卡製作 1:80刮:2:1::000::r30::m000::t005,15,24,0.06666666666666667,valid,8x10,0.2974073255082853,0.02,0,0,0,0,14,-1
synth::刮刮卡製作 1:80刮:2:1::000::r30::m000::t009,6,24,0.16666666666666666,valid,8x10,0.26622537046597033,0.02,0,0,0,1,5,-1
synth::刮刮卡製作 1:80刮:2:1::000::r30::m000::t011,17,24,0.058823529411764705,valid,8x10,0.26365472892226527,0.02,0,0,0,0,18,1
synth::刮刮卡製作 1:80刮:2:1::000::r30::m000::t014,19,24,0.05263157894736842,valid,8x10,0.2869022495915452,0.02,0,0,0,0,19,0
synth::刮刮卡製作 1:80刮:2:1::000::r30::m000::t016,16,24,0.0625,valid,8x10,0.28481076966141217,0.02,0,0,0,0,15,-1
synth::刮刮卡製作 1:80刮:2:1::000::r30::m000::t019,22,24,0.045454545454545456,valid,8x10,0.2599763603231714,0.02,0,0,0,0,22,0
synth::刮刮卡製作 1:80刮:2:1::000::r30::m000::t025,12,24,0.08333333333333333,valid,8x10,0.30079745485286025,0.02,0,0,0,0,15,3
synth::刮刮卡製作 1:80刮:2:1::000::r30::m000::t031,17,24,0.058823529411764705,valid,8x10,0.26365472892226527,0.02,0,0,0,0,21,4
synth::刮刮卡製作 1:80刮:2:1::000::r30::m000::t032,10,24,0.1,valid,8x10,0.27616861892219935,0.02,0,0,0,1,9,-1
synth::刮刮卡製作 1:80刮:2:1::000::r30::m000::t033,1,24,1.0,valid,8x10,0.37830830158197437,0.02,1,1,1,1,1,0
synth::刮刮卡製作 1:80刮:2:1::000::r30::m000::t038,2,24,0.5,valid,8x10,0.37830830158197437,0.02,0,1,1,1,2,0
synth::刮刮卡製作 1:80刮:2:1::000::r30::m000::t040,6,24,0.16666666666666666,valid,8x10,0.2599763603231714,0.02,0,0,0,1,7,1
synth::刮刮卡製作 1:80刮:2:1::000::r30::m000::t041,16,24,0.0625,valid,8x10,0.26365472892226527,0.02,0,0,0,0,15,-1
synth::刮刮卡製作 1:80刮:2:1::000::r30::m000::t042,3,24,0.3333333333333333,valid,8x10,0.27616861892219935,0.02,0,1,1,1,3,0
synth::刮刮卡製作 1:80刮:2:1::000::r30::m000::t045,12,24,0.08333333333333333,valid,8x10,0.30079745485286025,0.02,0,0,0,0,9,-3
synth::刮刮卡製作 1:80刮:2:1::000::r30::m000::t046,10,24,0.1,valid,8x10,0.28481076966141217,0.02,0,0,0,1,12,2
synth::刮刮卡製作 1:80刮:2:1::000::r30::m000::t047,16,24,0.0625,valid,8x10,0.37830830158197437,0.02,0,0,0,0,17,1
synth::刮刮卡製作 1:80刮:2:1::000::r30::m000::t057,18,24,0.05555555555555555,valid,8x10,0.37830830158197437,0.02,0,0,0,0,16,-2
synth::刮刮卡製作 1:80刮:2:1::000::r30::m000::t068,19,24,0.05263157894736842,valid,8x10,0.37830830158197437,0.02,0,0,0,0,22,3
synth::刮刮卡製作 1:80刮:2:1::000::r30::m000::t072,22,24,0.045454545454545456,valid,8x10,0.27301187010234695,0.02,0,0,0,0,23,1
synth::刮刮卡製作 1:80刮:2:1::000::r30::m000::t073,12,24,0.08333333333333333,valid,8x10,0.37830830158197437,0.02,0,0,0,0,11,-1
synth::刮刮卡製作 1:80刮:2:1::000::r30::m000::t075,4,24,0.25,valid,8x10,0.30079745485286025,0.02,0,0,1,1,4,0
synth::刮刮卡製作 1:80刮:2:1::000::r30::m000::t076,6,24,0.16666666666666666,valid,8x10,0.28481076966141217,0.02,0,0,0,1,8,2
synth::刮刮卡製作 1:80刮:2:1::000::r30::m000::t080,24,24,0.041666666666666664,valid,8x10,0.2593387712622287,0.02,0,0,0,0,21,-3
synth::刮刮卡製作 1:80刮:2:1::000::r50::m000::t001,17,40,0.058823529411764705,valid,8x10,0.11584325478658397,0.02,0,0,0,0,40,23
synth::刮刮卡製作 1:80刮:2:1::000::r50::m000::t002,25,40,0.04,valid,8x10,0.13962155583888974,0.02,0,0,0,0,25,0
synth::刮刮卡製作 1:80刮:2:1::000::r50::m000::t003,18,40,0.05555555555555555,valid,8x10,0.4041136665720957,0.02,0,0,0,0,12,-6
synth::刮刮卡製作 1:80刮:2:1::000::r50::m000::t004,21,40,0.047619047619047616,valid,8x10,0.0364125610442431,0.02,0,0,0,0,37,16
synth::刮刮卡製作 1:80刮:2:1::000::r50::m000::t005,19,40,0.05263157894736842,valid,8x10,0.1348609866847772,0.02,0,0,0,0,15,-4
synth::刮刮卡製作 1:80刮:2:1::000::r50::m000::t007,24,40,0.041666666666666664,valid,8x10,0.16353812905086001,0.02,0,0,0,0,12,-12
synth::刮刮卡製作 1:80刮:2:1::000::r50::m000::t010,11,40,0.09090909090909091,valid,8x10,0.10846708880742922,0.02,0,0,0,0,8,-3
synth::刮刮卡製作 1:80刮:2:1::000::r50::m000::t013,28,40,0.03571428571428571,valid,8x10,0.4041136665720957,0.02,0,0,0,0,26,-2
synth::刮刮卡製作 1:80刮:2:1::000::r50::m000::t014,1,40,1.0,valid,8x10,0.0364125610442431,0.02,1,1,1,1,1,0
synth::刮刮卡製作 1:80刮:2:1::000::r50::m000::t020,19,40,0.05263157894736842,valid,8x10,0.10846708880742922,0.02,0,0,0,0,27,8
synth::刮刮卡製作 1:80刮:2:1::000::r50::m000::t021,7,40,0.14285714285714285,valid,8x10,0.11584325478658397,0.02,0,0,0,1,7,0
synth::刮刮卡製作 1:80刮:2:1::000::r50::m000::t024,21,40,0.047619047619047616,valid,8x10,0.042405860562028386,0.02,0,0,0,0,35,14
synth::刮刮卡製作 1:80刮:2:1::000::r50::m000::t026,4,40,0.25,valid,8x10,0.0927489131781977,0.02,0,0,1,1,4,0
synth::刮刮卡製作 1:80刮:2:1::000::r50::m000::t027,32,40,0.03125,valid,8x10,0.1480969746835752,0.02,0,0,0,0,24,-8
synth::刮刮卡製作 1:80刮:2:1::000::r50::m000::t030,26,40,0.038461538461538464,valid,8x10,0.10846708880742922,0.02,0,0,0,0,26,0
synth::刮刮卡製作 1:80刮:2:1::000::r50::m000::t032,1,40,1.0,valid,8x10,0.13962155583888974,0.02,1,1,1,1,2,1
synth::刮刮卡製作 1:80刮:2:1::000::r50::m000::t038,11,40,0.09090909090909091,valid,8x10,0.3590054802220548,0.02,0,0,0,0,10,-1
synth::刮刮卡製作 1:80刮:2:1::000::r50::m000::t039,38,40,0.02631578947368421,valid,8x10,0.0843978115885603,0.02,0,0,0,0,36,-2
synth::刮刮卡製作 1:80刮:2:1::000::r50::m000::t041,29,40,0.034482758620689655,valid,8x10,0.11584325478658397,0.02,0,0,0,0,21,-8
synth::刮刮卡製作 1:80刮:2:1::000::r50::m000::t043,33,40,0.030303030303030304,valid,8x10,0.4041136665720957,0.02,0,0,0,0,33,0
synth::刮刮卡製作 1:80刮:2:1::000::r50::m000::t047,17,40,0.058823529411764705,valid,8x10,0.1480969746835752,0.02,0,0,0,0,20,3
synth::刮刮卡製作 1:80刮:2:1::000::r50::m000::t048,2,40,0.5,valid,8x10,0.3590054802220548,0.02,0,1,1,1,2,0
synth::刮刮卡製作 1:80刮:2:1::000::r50::m000::t049,22,40,0.045454545454545456,valid,8x10,0.0843978115885603,0.02,0,0,0,0,36,14
synth::刮刮卡製作 1:80刮:2:1::000::r50::m000::t053,19,40,0.05263157894736842,valid,8x10,0.4041136665720957,0.02,0,0,0,0,22,3
synth::刮刮卡製作 1:80刮:2:1::000::r50::m000::t054,28,40,0.03571428571428571,valid,8x10,0.0364125610442431,0.02,0,0,0,0,32,4
synth::刮刮卡製作 1:80刮:2:1::000::r50::m000::t056,34,40,0.029411764705882353,valid,8x10,0.09381342853362146,0.02,0,0,0,0,33,-1
synth::刮刮卡製作 1:80刮:2:1::000::r50::m000::t059,11,40,0.09090909090909091,valid,8x10,0.0843978115885603,0.02,0,0,0,0,12,1
synth::刮刮卡製作 1:80刮:2:1::000::r50::m000::t061,10,40,0.1,valid,8x10,0.11500824293664114,0.02,0,0,0,1,5,-5
synth::刮刮卡製作 1:80刮:2:1::000::r50::m000::t063,32,40,0.03125,valid,8x10,0.39847537601934735,0.02,0,0,0,0,30,-2
synth::刮刮卡製作 1:80刮:2:1::000::r50::m000::t065,40,40,0.025,valid,8x10,0.12813602281290593,0.02,0,0,0,0,38,-2
synth::刮刮卡製作 1:80刮:2:1::000::r50::m000::t066,38,40,0.02631578947368421,valid,8x10,0.09381342853362146,0.02,0,0,0,0,36,-2
synth::刮刮卡製作 1:80刮:2:1::000::r50::m000::t069,40,40,0.025,valid,8x10,0.0843978115885603,0.02,0,0,0,0,35,-5
synth::刮刮卡製作 1:80刮:2:1::000::r50::m000::t070,5,40,0.2,valid,8x10,0.10846708880742922,0.02,0,0,1,1,5,0
synth::刮刮卡製作 1:80刮:2:1::000::r50::m000::t071,20,40,0.05,valid,8x10,0.11584325478658397,0.02,0,0,0,0,21,1
synth::刮刮卡製作 1:80刮:2:1::000::r50::m000::t072,39,40,0.02564102564102564,valid,8x10,0.13962155583888974,0.02,0,0,0,0,40,1
synth::刮刮卡製作 1:80刮:2:1::000::r50::m000::t073,20,40,0.05,valid,8x10,0.39847537601934735,0.02,0,0,0,0,28,8
synth::刮刮卡製作 1:80刮:2:1::000::r50::m000::t075,18,40,0.05555555555555555,valid,8x10,0.12813602281290593,0.02,0,0,0,0,12,-6
synth::刮刮卡製作 1:80刮:2:1::000::r50::m000::t076,15,40,0.06666666666666667,valid,8x10,0.09381342853362146,0.02,0,0,0,0,14,-1
synth::刮刮卡製作 1:80刮:2:1::000::r50::m000::t078,1,40,1.0,valid,8x10,0.3590054802220548,0.02,1,1,1,1,2,1
synth::刮刮卡製作 1:80刮:2:1::000::r50::m000::t080,31,40,0.03225806451612903,valid,8x10,0.10846708880742922,0.02,0,0,0,0,22,-9
刮刮卡製作 1:80刮:2:1::r30::m000::t001,22,24,0.045454545454545456,holdout,8x10,0.23072898405057327,0.02,0,0,0,0,21,-1
刮刮卡製作 1:80刮:2:1::r30::m000::t002,15,24,0.06666666666666667,holdout,8x10,0.2720447894239085,0.02,0,0,0,0,16,1
刮刮卡製作 1:80刮:2:1::r30::m000::t004,3,24,0.3333333333333333,holdout,8x10,0.3437760057260671,0.02,0,1,1,1,3,0
刮刮卡製作 1:80刮:2:1::r30::m000::t007,10,24,0.1,holdout,8x10,0.22400406541109497,0.02,0,0,0,1,10,0
刮刮卡製作 1:80刮:2:1::r30::m000::t008,4,24,0.25,holdout,8x10,0.25565897251033526,0.02,0,0,1,1,4,0
刮刮卡製作 1:80刮:2:1::r30::m000::t017,24,24,0.041666666666666664,holdout,8x10,0.22326999340998457,0.02,0,0,0,0,22,-2
刮刮卡製作 1:80刮:2:1::r30::m000::t022,11,24,0.09090909090909091,holdout,8x10,0.2720447894239085,0.02,0,0,0,0,11,0
刮刮卡製作 1:80刮:2:1::r30::m000::t024,13,24,0.07692307692307693,holdout,8x10,0.3437760057260671,0.02,0,0,0,0,13,0
刮刮卡製作 1:80刮:2:1::r30::m000::t028,17,24,0.058823529411764705,holdout,8x10,0.25565897251033526,0.02,0,0,0,0,19,2
刮刮卡製作 1:80刮:2:1::r30::m000::t039,4,24,0.25,holdout,8x10,0.24644870727191992,0.02,0,0,1,1,4,0
刮刮卡製作 1:80刮:2:1::r30::m000::t040,8,24,0.125,holdout,8x10,0.2720447894239085,0.02,0,0,0,1,8,0
刮刮卡製作 1:80刮:2:1::r30::m000::t042,1,24,1.0,holdout,8x10,0.2720447894239085,0.02,1,1,1,1,1,0
刮刮卡製作 1:80刮:2:1::r30::m000::t047,13,24,0.07692307692307693,holdout,8x10,0.22400406541109497,0.02,0,0,0,0,12,-1
刮刮卡製作 1:80刮:2:1::r30::m000::t048,3,24,0.3333333333333333,holdout,8x10,0.25565897251033526,0.02,0,1,1,1,7,4
刮刮卡製作 1:80刮:2:1::r30::m000::t050,11,24,0.09090909090909091,holdout,8x10,0.2720447894239085,0.02,0,0,0,0,12,1
刮刮卡製作 1:80刮:2:1::r30::m000::t053,19,24,0.05263157894736842,holdout,8x10,0.24203252357352445,0.02,0,0,0,0,19,0
刮刮卡製作 1:80刮:2:1::r30::m000::t056,1,24,1.0,holdout,8x10,0.23072898405057327,0.02,1,1,1,1,1,0
刮刮卡製作 1:80刮:2:1::r30::m000::t065,15,24,0.06666666666666667,holdout,8x10,0.2754704507063439,0.02,0,0,0,0,21,6
刮刮卡製作 1:80刮:2:1::r30::m000::t070,24,24,0.041666666666666664,holdout,8x10,0.268574032994227,0.02,0,0,0,0,24,0
刮刮卡製作 1:80刮:2:1::r30::m000::t071,1,24,1.0,holdout,8x10,0.23072898405057327,0.02,1,1,1,1,1,0
刮刮卡製作 1:80刮:2:1::r30::m000::t072,12,24,0.08333333333333333,holdout,8x10,0.2720447894239085,0.02,0,0,0,0,13,1
刮刮卡製作 1:80刮:2:1::r30::m000::t073,9,24,0.1111111111111111,holdout,8x10,0.24977847899403616,0.02,0,0,0,1,8,-1
刮刮卡製作 1:80刮:2:1::r30::m000::t076,1,24,1.0,holdout,8x10,0.2275235019372397,0.02,1,1,1,1,1,0
刮刮卡製作 1:80刮:2:1::r30::m000::t080,10,24,0.1,holdout,8x10,0.2720447894239085,0.02,0,0,0,1,8,-2
刮刮卡製作 1:80刮:2:1::r50::m000::t012,15,40,0.06666666666666667,holdout,8x10,0.2828396528054018,0.02,0,0,0,0,12,-3
刮刮卡製作 1:80刮:2:1::r50::m000::t016,11,40,0.09090909090909091,holdout,8x10,0.32318873671878795,0.02,0,0,0,0,12,1
刮刮卡製作 1:80刮:2:1::r50::m000::t018,28,40,0.03571428571428571,holdout,8x10,0.3673417863931636,0.02,0,0,0,0,34,6
刮刮卡製作 1:80刮:2:1::r50::m000::t019,15,40,0.06666666666666667,holdout,8x10,0.39870279460608504,0.02,0,0,0,0,17,2
刮刮卡製作 1:80刮:2:1::r50::m000::t021,35,40,0.02857142857142857,holdout,8x10,0.30956207639638067,0.02,0,0,0,0,35,0
刮刮卡製作 1:80刮:2:1::r50::m000::t022,2,40,0.5,holdout,8x10,0.2992482012253792,0.02,0,1,1,1,2,0
刮刮卡製作 1:80刮:2:1::r50::m000::t024,17,40,0.058823529411764705,holdout,8x10,0.4248231532956383,0.02,0,0,0,0,12,-5
刮刮卡製作 1:80刮:2:1::r50::m000::t027,19,40,0.05263157894736842,holdout,8x10,0.5674121536128514,0.02,0,0,0,0,18,-1
刮刮卡製作 1:80刮:2:1::r50::m000::t028,32,40,0.03125,holdout,8x10,0.3673417863931636,0.02,0,0,0,0,35,3
刮刮卡製作 1:80刮:2:1::r50::m000::t032,40,40,0.025,holdout,8x10,0.2828396528054018,0.02,0,0,0,0,39,-1
刮刮卡製作 1:80刮:2:1::r50::m000::t034,6,40,0.16666666666666666,holdout,8x10,0.4091701826811145,0.02,0,0,0,1,7,1
刮刮卡製作 1:80刮:2:1::r50::m000::t035,13,40,0.07692307692307693,holdout,8x10,0.3517746921502058,0.02,0,0,0,0,2,-11
刮刮卡製作 1:80刮:2:1::r50::m000::t038,32,40,0.03125,holdout,8x10,0.3673417863931636,0.02,0,0,0,0,30,-2
刮刮卡製作 1:80刮:2:1::r50::m000::t039,18,40,0.05555555555555555,holdout,8x10,0.39586292409445967,0.02,0,0,0,0,11,-7
刮刮卡製作 1:80刮:2:1::r50::m000::t041,28,40,0.03571428571428571,holdout,8x10,0.30373572578868324,0.02,0,0,0,0,17,-11
刮刮卡製作 1:80刮:2:1::r50::m000::t044,1,40,1.0,holdout,8x10,0.4091701826811145,0.02,1,1,1,1,1,0
刮刮卡製作 1:80刮:2:1::r50::m000::t045,26,40,0.038461538461538464,holdout,8x10,0.3517746921502058,0.02,0,0,0,0,36,10
刮刮卡製作 1:80刮:2:1::r50::m000::t046,7,40,0.14285714285714285,holdout,8x10,0.32318873671878795,0.02,0,0,0,1,7,0
刮刮卡製作 1:80刮:2:1::r50::m000::t049,18,40,0.05555555555555555,holdout,8x10,0.39870279460608504,0.02,0,0,0,0,27,9
刮刮卡製作 1:80刮:2:1::r50::m000::t050,25,40,0.04,holdout,8x10,0.3026078245437804,0.02,0,0,0,0,22,-3
刮刮卡製作 1:80刮:2:1::r50::m000::t051,18,40,0.05555555555555555,holdout,8x10,0.30956207639638067,0.02,0,0,0,0,23,5
刮刮卡製作 1:80刮:2:1::r50::m000::t053,23,40,0.043478260869565216,holdout,8x10,0.5876800031193735,0.02,0,0,0,0,29,6
刮刮卡製作 1:80刮:2:1::r50::m000::t054,18,40,0.05555555555555555,holdout,8x10,0.4091701826811145,0.02,0,0,0,0,39,21
刮刮卡製作 1:80刮:2:1::r50::m000::t055,36,40,0.027777777777777776,holdout,8x10,0.3517746921502058,0.02,0,0,0,0,34,-2
刮刮卡製作 1:80刮:2:1::r50::m000::t056,11,40,0.09090909090909091,holdout,8x10,0.32318873671878795,0.02,0,0,0,0,10,-1
刮刮卡製作 1:80刮:2:1::r50::m000::t057,11,40,0.09090909090909091,holdout,8x10,0.5674121536128514,0.02,0,0,0,0,11,0
刮刮卡製作 1:80刮:2:1::r50::m000::t058,30,40,0.03333333333333333,holdout,8x10,0.3673417863931636,0.02,0,0,0,0,32,2
刮刮卡製作 1:80刮:2:1::r50::m000::t059,12,40,0.08333333333333333,holdout,8x10,0.39870279460608504,0.02,0,0,0,0,19,7
刮刮卡製作 1:80刮:2:1::r50::m000::t060,37,40,0.02702702702702703,holdout,8x10,0.3026078245437804,0.02,0,0,0,0,24,-13
刮刮卡製作 1:80刮:2:1::r50::m000::t064,32,40,0.03125,holdout,8x10,0.4091701826811145,0.02,0,0,0,0,30,-2
刮刮卡製作 1:80刮:2:1::r50::m000::t065,34,40,0.029411764705882353,holdout,8x10,0.3517746921502058,0.02,0,0,0,0,40,6
刮刮卡製作 1:80刮:2:1::r50::m000::t066,39,40,0.02564102564102564,holdout,8x10,0.32318873671878795,0.02,0,0,0,0,33,-6
刮刮卡製作 1:80刮:2:1::r50::m000::t067,3,40,0.3333333333333333,holdout,8x10,0.5674121536128514,0.02,0,1,1,1,3,0
刮刮卡製作 1:80刮:2:1::r50::m000::t068,33,40,0.030303030303030304,holdout,8x10,0.3673417863931636,0.02,0,0,0,0,36,3
刮刮卡製作 1:80刮:2:1::r50::m000::t069,1,40,1.0,holdout,8x10,0.39870279460608504,0.02,1,1,1,1,1,0
刮刮卡製作 1:80刮:2:1::r50::m000::t073,27,40,0.037037037037037035,holdout,8x10,0.5876800031193735,0.02,0,0,0,0,18,-9
刮刮卡製作 1:80刮:2:1::r50::m000::t074,16,40,0.0625,holdout,8x10,0.4091701826811145,0.02,0,0,0,0,7,-9
刮刮卡製作 1:80刮:2:1::r50::m000::t075,12,40,0.08333333333333333,holdout,8x10,0.3517746921502058,0.02,0,0,0,0,24,12
刮刮卡製作 1:80刮:2:1::r50::m000::t079,37,40,0.02702702702702703,holdout,8x10,0.39870279460608504,0.02,0,0,0,0,29,-8
刮刮卡製作 1:80刮:2:1::r50::m000::t080,4,40,0.25,holdout,8x10,0.3026078245437804,0.02,0,0,1,1,8,4
synth::刮刮卡製作 1:80刮:2:1::001::r30::m000::t001,1,24,1.0,train,8x10,0.3729662870922829,0.05,1,1,1,1,1,0
synth::刮刮卡製作 1:80刮:2:1::001::r30::m000::t010,1,24,1.0,train,8x10,0.45341120730863593,0.05,1,1,1,1,1,0
synth::刮刮卡製作 1:80刮:2:1::001::r30::m000::t011,1,24,1.0,train,8x10,0.3729662870922829,0.05,1,1,1,1,1,0
synth::刮刮卡製作 1:80刮:2:1::001::r30::m000::t013,1,24,1.0,train,8x10,0.4017459049571932,0.05,1,1,1,1,1,0
synth::刮刮卡製作 1:80刮:2:1::001::r30::m000::t015,2,24,0.5,train,8x10,0.4012021147059278,0.05,0,1,1,1,2,0
synth::刮刮卡製作 1:80刮:2:1::001::r30::m000::t016,1,24,1.0,train,8x10,0.40740085119603275,0.05,1,1,1,1,1,0
synth::刮刮卡製作 1:80刮:2:1::001::r30::m000::t020,1,24,1.0,train,8x10,0.44628623469676143,0.05,1,1,1,1,1,0
synth::刮刮卡製作 1:80刮:2:1::001::r30::m000::t023,1,24,1.0,train,8x10,0.4017459049571932,0.05,1,1,1,1,1,0
synth::刮刮卡製作 1:80刮:2:1::001::r30::m000::t024,1,24,1.0,train,8x10,0.4012021147059278,0.05,1,1,1,1,1,0
synth::刮刮卡製作 1:80刮:2:1::001::r30::m000::t025,1,24,1.0,train,8x10,0.4012021147059278,0.05,1,1,1,1,1,0
synth::刮刮卡製作 1:80刮:2:1::001::r30::m000::t030,1,24,1.0,train,8x10,0.44628623469676143,0.05,1,1,1,1,1,0
synth::刮刮卡製作 1:80刮:2:1::001::r30::m000::t033,1,24,1.0,train,8x10,0.4017459049571932,0.05,1,1,1,1,1,0
synth::刮刮卡製作 1:80刮:2:1::001::r30::m000::t034,2,24,0.5,train,8x10,0.4012021147059278,0.05,0,1,1,1,2,0
synth::刮刮卡製作 1:80刮:2:1::001::r30::m000::t037,1,24,1.0,train,8x10,0.3793131903815242,0.05,1,1,1,1,1,0
synth::刮刮卡製作 1:80刮:2:1::001::r30::m000::t039,1,24,1.0,train,8x10,0.5289180625592204,0.05,1,1,1,1,1,0
synth::刮刮卡製作 1:80刮:2:1::001::r30::m000::t040,1,24,1.0,train,8x10,0.44628623469676143,0.05,1,1,1,1,1,0
synth::刮刮卡製作 1:80刮:2:1::001::r30::m000::t052,1,24,1.0,train,8x10,0.40740085119603275,0.05,1,1,1,1,1,0
synth::刮刮卡製作 1:80刮:2:1::001::r30::m000::t062,1,24,1.0,train,8x10,0.4044532391981841,0.05,1,1,1,1,1,0
synth::刮刮卡製作 1:80刮:2:1::001::r30::m000::t063,1,24,1.0,train,8x10,0.4017459049571932,0.05,1,1,1,1,1,0
synth::刮刮卡製作 1:80刮:2:1::001::r30::m000::t064,1,24,1.0,train,8x10,0.3993488132838263,0.05,1,1,1,1,1,0
synth::刮刮卡製作 1:80刮:2:1::001::r30::m000::t070,1,24,1.0,train,8x10,0.44333862269891267,0.05,1,1,1,1,1,0
synth::刮刮卡製作 1:80刮:2:1::001::r30::m000::t075,1,24,1.0,train,8x10,0.4012021147059278,0.05,1,1,1,1,1,0
synth::刮刮卡製作 1:80刮:2:1::001::r30::m000::t076,1,24,1.0,train,8x10,0.40740085119603275,0.05,1,1,1,1,1,0
synth::刮刮卡製作 1:80刮:2:1::001::r30::m000::t080,1,24,1.0,train,8x10,0.44628623469676143,0.05,1,1,1,1,1,0
synth::刮刮卡製作 1:80刮:2:1::001::r50::m000::t001,1,40,1.0,train,8x10,0.4177093866889665,0.05,1,1,1,1,1,0
synth::刮刮卡製作 1:80刮:2:1::001::r50::m000::t002,1,40,1.0,train,8x10,0.2408460396280281,0.05,1,1,1,1,1,0
synth::刮刮卡製作 1:80刮:2:1::001::r50::m000::t006,1,40,1.0,train,8x10,0.2593679763687624,0.05,1,1,1,1,1,0
synth::刮刮卡製作 1:80刮:2:1::001::r50::m000::t007,1,40,1.0,train,8x10,0.24006318980217017,0.05,1,1,1,1,1,0
synth::刮刮卡製作 1:80刮:2:1::001::r50::m000::t009,2,40,0.5,train,8x10,0.2733825995186431,0.05,0,1,1,1,2,0
synth::刮刮卡製作 1:80刮:2:1::001::r50::m000::t010,1,40,1.0,train,8x10,0.28548929467504813,0.05,1,1,1,1,1,0
synth::刮刮卡製作 1:80刮:2:1::001::r50::m000::t012,1,40,1.0,train,8x10,0.2408460396280281,0.05,1,1,1,1,1,0
synth::刮刮卡製作 1:80刮:2:1::001::r50::m000::t013,1,40,1.0,train,8x10,0.22057004822967824,0.05,1,1,1,1,1,0
synth::刮刮卡製作 1:80刮:2:1::001::r50::m000::t016,1,40,1.0,train,8x10,0.2593679763687624,0.05,1,1,1,1,1,0
synth::刮刮卡製作 1:80刮:2:1::001::r50::m000::t019,1,40,1.0,train,8x10,0.2803498322786435,0.05,1,1,1,1,1,0
synth::刮刮卡製作 1:80刮:2:1::001::r50::m000::t024,1,40,1.0,train,8x10,0.2365516965191584,0.05,1,1,1,1,1,0
synth::刮刮卡製作 1:80刮:2:1::001::r50::m000::t025,1,40,1.0,train,8x10,0.23215132903326735,0.05,1,1,1,1,1,0
synth::刮刮卡製作 1:80刮:2:1::001::r50::m000::t026,1,40,1.0,train,8x10,0.2593679763687624,0.05,1,1,1,1,1,0
synth::刮刮卡製作 1:80刮:2:1::001::r50::m000::t029,2,40,0.5,train,8x10,0.2803498322786435,0.05,0,1,1,1,2,0
synth::刮刮卡製作 1:80刮:2:1::001::r50::m000::t030,1,40,1.0,train,8x10,0.28548929467504813,0.05,1,1,1,1,1,0
synth::刮刮卡製作 1:80刮:2:1::001::r50::m000::t031,1,40,1.0,train,8x10,0.4177093866889665,0.05,1,1,1,1,1,0
synth::刮刮卡製作 1:80刮:2:1::001::r50::m000::t033,1,40,1.0,train,8x10,0.22057004822967824,0.05,1,1,1,1,1,0
synth::刮刮卡製作 1:80刮:2:1::001::r50::m000::t035,1,40,1.0,train,8x10,0.23215132903326735,0.05,1,1,1,1,1,0
synth::刮刮卡製作 1:80刮:2:1::001::r50::m000::t037,1,40,1.0,train,8x10,0.2470304225621706,0.05,1,1,1,1,1,0
synth::刮刮卡製作 1:80刮:2:1::001::r50::m000::t038,1,40,1.0,train,8x10,0.3990221195147038,0.05,1,1,1,1,1,0
synth::刮刮卡製作 1:80刮:2:1::001::r50::m000::t040,1,40,1.0,train,8x10,0.29877680301167714,0.05,1,1,1,1,1,0
synth::刮刮卡製作 1:80刮:2:1::001::r50::m000::t047,1,40,1.0,train,8x10,0.2470304225621706,0.05,1,1,1,1,1,0
synth::刮刮卡製作 1:80刮:2:1::001::r50::m000::t049,1,40,1.0,train,8x10,0.2803498322786435,0.05,1,1,1,1,1,0
synth::刮刮卡製作 1:80刮:2:1::001::r50::m000::t050,1,40,1.0,train,8x10,0.28548929467504813,0.05,1,1,1,1,1,0
synth::刮刮卡製作 1:80刮:2:1::001::r50::m000::t051,3,40,0.3333333333333333,train,8x10,0.4177093866889665,0.05,0,1,1,1,3,0
synth::刮刮卡製作 1:80刮:2:1::001::r50::m000::t053,1,40,1.0,train,8x10,0.2124769750375027,0.05,1,1,1,1,1,0
synth::刮刮卡製作 1:80刮:2:1::001::r50::m000::t060,1,40,1.0,train,8x10,0.28548929467504813,0.05,1,1,1,1,1,0
synth::刮刮卡製作 1:80刮:2:1::001::r50::m000::t061,1,40,1.0,train,8x10,0.4177093866889665,0.05,1,1,1,1,1,0
synth::刮刮卡製作 1:80刮:2:1::001::r50::m000::t062,1,40,1.0,train,8x10,0.2408460396280281,0.05,1,1,1,1,1,0
synth::刮刮卡製作 1:80刮:2:1::001::r50::m000::t063,4,40,0.25,train,8x10,0.22057004822967824,0.05,0,0,1,1,2,-2
synth::刮刮卡製作 1:80刮:2:1::001::r50::m000::t064,1,40,1.0,train,8x10,0.23594911787798067,0.05,1,1,1,1,1,0
synth::刮刮卡製作 1:80刮:2:1::001::r50::m000::t066,6,40,0.16666666666666666,train,8x10,0.2593679763687624,0.05,0,0,0,1,4,-2
synth::刮刮卡製作 1:80刮:2:1::001::r50::m000::t067,1,40,1.0,train,8x10,0.2470304225621706,0.05,1,1,1,1,1,0
synth::刮刮卡製作 1:80刮:2:1::001::r50::m000::t068,1,40,1.0,train,8x10,0.3990221195147038,0.05,1,1,1,1,1,0
synth::刮刮卡製作 1:80刮:2:1::001::r50::m000::t069,1,40,1.0,train,8x10,0.2803498322786435,0.05,1,1,1,1,1,0
synth::刮刮卡製作 1:80刮:2:1::001::r50::m000::t071,1,40,1.0,train,8x10,0.4177093866889665,0.05,1,1,1,1,1,0
synth::刮刮卡製作 1:80刮:2:1::001::r50::m000::t075,1,40,1.0,train,8x10,0.22550946926526533,0.05,1,1,1,1,1,0
synth::刮刮卡製作 1:80刮:2:1::001::r50::m000::t076,1,40,1.0,train,8x10,0.2593679763687624,0.05,1,1,1,1,1,0
synth::刮刮卡製作 1:80刮:2:1::001::r50::m000::t079,1,40,1.0,train,8x10,0.2930058342674765,0.05,1,1,1,1,1,0
synth::刮刮卡製作 1:80刮:2:1::001::r50::m000::t080,1,40,1.0,train,8x10,0.28548929467504813,0.05,1,1,1,1,1,0
synth::刮刮卡製作 1:80刮:2:1::002::r30::m000::t002,1,24,1.0,train,8x10,0.5628562335480399,0.05,1,1,1,1,1,0
synth::刮刮卡製作 1:80刮:2:1::002::r30::m000::t009,1,24,1.0,train,8x10,0.5453930524350109,0.05,1,1,1,1,1,0
synth::刮刮卡製作 1:80刮:2:1::002::r30::m000::t012,1,24,1.0,train,8x10,0.5559137687067539,0.05,1,1,1,1,1,0
synth::刮刮卡製作 1:80刮:2:1::002::r30::m000::t017,1,24,1.0,train,8x10,0.5496244564612028,0.05,1,1,1,1,1,0
synth::刮刮卡製作 1:80刮:2:1::002::r30::m000::t018,1,24,1.0,train,8x10,0.5496244564612028,0.05,1,1,1,1,1,0
synth::刮刮卡製作 1:80刮:2:1::002::r30::m000::t024,1,24,1.0,train,8x10,0.5453930524350109,0.05,1,1,1,1,1,0
synth::刮刮卡製作 1:80刮:2:1::002::r30::m000::t025,1,24,1.0,train,8x10,0.5496244564612028,0.05,1,1,1,1,1,0
synth::刮刮卡製作 1:80刮:2:1::002::r30::m000::t028,2,24,0.5,train,8x10,0.5496244564612028,0.05,0,1,1,1,2,0
synth::刮刮卡製作 1:80刮:2:1::002::r30::m000::t031,1,24,1.0,train,8x10,0.6029365982605097,0.05,1,1,1,1,1,0
synth::刮刮卡製作 1:80刮:2:1::002::r30::m000::t034,1,24,1.0,train,8x10,0.5453930524350109,0.05,1,1,1,1,1,0
synth::刮刮卡製作 1:80刮:2:1::002::r30::m000::t039,1,24,1.0,train,8x10,0.5453930524350109,0.05,1,1,1,1,1,0
synth::刮刮卡製作 1:80刮:2:1::002::r30::m000::t040,1,24,1.0,train,8x10,0.5563980249281103,0.05,1,1,1,1,1,0
synth::刮刮卡製作 1:80刮:2:1::002::r30::m000::t041,1,24,1.0,train,8x10,0.6029365982605097,0.05,1,1,1,1,1,0
synth::刮刮卡製作 1:80刮:2:1::002::r30::m000::t046,1,24,1.0,train,8x10,0.5143967877180453,0.05,1,1,1,1,1,0
synth::刮刮卡製作 1:80刮:2:1::002::r30::m000::t049,1,24,1.0,train,8x10,0.5453930524350109,0.05,1,1,1,1,1,0
synth::刮刮卡製作 1:80刮:2:1::002::r30::m000::t052,1,24,1.0,train,8x10,0.5563980249281103,0.05,1,1,1,1,1,0
synth::刮刮卡製作 1:80刮:2:1::002::r30::m000::t054,1,24,1.0,train,8x10,0.5453930524350109,0.05,1,1,1,1,1,0
synth::刮刮卡製作 1:80刮:2:1::002::r30::m000::t057,1,24,1.0,train,8x10,0.5477009052302058,0.05,1,1,1,1,1,0
synth::刮刮卡製作 1:80刮:2:1::002::r30::m000::t061,1,24,1.0,train,8x10,0.6029365982605097,0.05,1,1,1,1,1,0
synth::刮刮卡製作 1:80刮:2:1::002::r30::m000::t065,1,24,1.0,train,8x10,0.5455066389413898,0.05,1,1,1,1,1,0
synth::刮刮卡製作 1:80刮:2:1::002::r30::m000::t070,1,24,1.0,train,8x10,0.554474473697113,0.05,1,1,1,1,1,0
synth::刮刮卡製作 1:80刮:2:1::002::r30::m000::t074,1,24,1.0,train,8x10,0.5432260634410707,0.05,1,1,1,1,1,0
synth::刮刮卡製作 1:80刮:2:1::002::r30::m000::t079,1,24,1.0,train,8x10,0.5453930524350109,0.05,1,1,1,1,1,0
synth::刮刮卡製作 1:80刮:2:1::002::r30::m000::t080,1,24,1.0,train,8x10,0.5563980249281103,0.05,1,1,1,1,1,0
synth::刮刮卡製作 1:80刮:2:1::002::r50::m000::t004,1,40,1.0,train,8x10,0.6734961600745191,0.05,1,1,1,1,1,0
synth::刮刮卡製作 1:80刮:2:1::002::r50::m000::t008,1,40,1.0,train,8x10,0.7587758113863303,0.05,1,1,1,1,1,0
synth::刮刮卡製作 1:80刮:2:1::002::r50::m000::t009,1,40,1.0,train,8x10,0.6921609253120411,0.05,1,1,1,1,1,0
synth::刮刮卡製作 1:80刮:2:1::002::r50::m000::t010,1,40,1.0,train,8x10,0.6877059462928206,0.05,1,1,1,1,1,0
synth::刮刮卡製作 1:80刮:2:1::002::r50::m000::t013,1,40,1.0,train,8x10,0.6834363828988449,0.05,1,1,1,1,1,0
synth::刮刮卡製作 1:80刮:2:1::002::r50::m000::t014,1,40,1.0,train,8x10,0.6734961600745191,0.05,1,1,1,1,1,0
synth::刮刮卡製作 1:80刮:2:1::002::r50::m000::t016,1,40,1.0,train,8x10,0.8435423789214659,0.05,1,1,1,1,1,0
synth::刮刮卡製作 1:80刮:2:1::002::r50::m000::t017,1,40,1.0,train,8x10,0.6877059462928206,0.05,1,1,1,1,1,0
synth::刮刮卡製作 1:80刮:2:1::002::r50::m000::t019,1,40,1.0,train,8x10,0.6921609253120411,0.05,1,1,1,1,1,0
synth::刮刮卡製作 1:80刮:2:1::002::r50::m000::t025,1,40,1.0,train,8x10,0.6557920965854458,0.05,1,1,1,1,1,0
synth::刮刮卡製作 1:80刮:2:1::002::r50::m000::t027,1,40,1.0,train,8x10,0.6968054070297346,0.05,1,1,1,1,1,0
synth::刮刮卡製作 1:80刮:2:1::002::r50::m000::t028,1,40,1.0,train,8x10,0.7587758113863303,0.05,1,1,1,1,1,0
synth::刮刮卡製作 1:80刮:2:1::002::r50::m000::t030,2,40,0.5,train,8x10,0.6877059462928206,0.05,0,1,1,1,2,0
synth::刮刮卡製作 1:80刮:2:1::002::r50::m000::t031,1,40,1.0,train,8x10,0.6402366576552099,0.05,1,1,1,1,1,0
synth::刮刮卡製作 1:80刮:2:1::002::r50::m000::t033,1,40,1.0,train,8x10,0.6877059462928206,0.05,1,1,1,1,1,0
synth::刮刮卡製作 1:80刮:2:1::002::r50::m000::t036,1,40,1.0,train,8x10,0.8435423789214659,0.05,1,1,1,1,1,0
synth::刮刮卡製作 1:80刮:2:1::002::r50::m000::t039,1,40,1.0,train,8x10,0.6921609253120411,0.05,1,1,1,1,1,0
synth::刮刮卡製作 1:80刮:2:1::002::r50::m000::t042,1,40,1.0,train,8x10,0.6168028605661013,0.05,1,1,1,1,1,0
synth::刮刮卡製作 1:80刮:2:1::002::r50::m000::t043,1,40,1.0,train,8x10,0.6877059462928206,0.05,1,1,1,1,1,0
synth::刮刮卡製作 1:80刮:2:1::002::r50::m000::t044,1,40,1.0,train,8x10,0.6734961600745191,0.05,1,1,1,1,1,0
synth::刮刮卡製作 1:80刮:2:1::002::r50::m000::t045,1,40,1.0,train,8x10,0.647055972466,0.05,1,1,1,1,1,0
synth::刮刮卡製作 1:80刮:2:1::002::r50::m000::t048,1,40,1.0,train,8x10,0.7587758113863303,0.05,1,1,1,1,1,0
synth::刮刮卡製作 1:80刮:2:1::002::r50::m000::t049,1,40,1.0,train,8x10,0.6921609253120411,0.05,1,1,1,1,1,0
synth::刮刮卡製作 1:80刮:2:1::002::r50::m000::t051,1,40,1.0,train,8x10,0.6402366576552099,0.05,1,1,1,1,1,0
synth::刮刮卡製作 1:80刮:2:1::002::r50::m000::t052,1,40,1.0,train,8x10,0.6168028605661013,0.05,1,1,1,1,1,0
synth::刮刮卡製作 1:80刮:2:1::002::r50::m000::t053,1,40,1.0,train,8x10,0.6877059462928206,0.05,1,1,1,1,1,0
synth::刮刮卡製作 1:80刮:2:1::002::r50::m000::t056,1,40,1.0,train,8x10,0.8384421961674309,0.05,1,1,1,1,1,0
synth::刮刮卡製作 1:80刮:2:1::002::r50::m000::t057,1,40,1.0,train,8x10,0.6968054070297346,0.05,1,1,1,1,1,0
synth::刮刮卡製作 1:80刮:2:1::002::r50::m000::t059,1,40,1.0,train,8x10,0.7010590043857832,0.05,1,1,1,1,1,0
synth::刮刮卡製作 1:80刮:2:1::002::r50::m000::t060,1,40,1.0,train,8x10,0.6877059462928206,0.05,1,1,1,1,1,0
synth::刮刮卡製作 1:80刮:2:1::002::r50::m000::t065,1,40,1.0,train,8x10,0.647055972466,0.05,1,1,1,1,1,0
synth::刮刮卡製作 1:80刮:2:1::002::r50::m000::t067,1,40,1.0,train,8x10,0.6877059462928206,0.05,1,1,1,1,1,0
synth::刮刮卡製作 1:80刮:2:1::002::r50::m000::t068,1,40,1.0,train,8x10,0.7587758113863303,0.05,1,1,1,1,1,0
synth::刮刮卡製作 1:80刮:2:1::002::r50::m000::t070,1,40,1.0,train,8x10,0.6877059462928206,0.05,1,1,1,1,1,0
synth::刮刮卡製作 1:80刮:2:1::002::r50::m000::t073,1,40,1.0,train,8x10,0.6877059462928206,0.05,1,1,1,1,1,0
synth::刮刮卡製作 1:80刮:2:1::002::r50::m000::t074,1,40,1.0,train,8x10,0.6734961600745191,0.05,1,1,1,1,1,0
synth::刮刮卡製作 1:80刮:2:1::002::r50::m000::t075,1,40,1.0,train,8x10,0.6557920965854458,0.05,1,1,1,1,1,0
synth::刮刮卡製作 1:80刮:2:1::002::r50::m000::t077,1,40,1.0,train,8x10,0.6968054070297346,0.05,1,1,1,1,1,0
synth::刮刮卡製作 1:80刮:2:1::002::r50::m000::t079,1,40,1.0,train,8x10,0.6921609253120411,0.05,1,1,1,1,1,0
synth::刮刮卡製作 1:80刮:2:1::002::r50::m000::t080,1,40,1.0,train,8x10,0.6877059462928206,0.05,1,1,1,1,1,0
synth::刮刮卡製作 1:80刮:2:1::003::r30::m000::t003,1,24,1.0,train,8x10,0.1684820158079237,0.05,1,1,1,1,1,0
synth::刮刮卡製作 1:80刮:2:1::003::r30::m000::t004,1,24,1.0,train,8x10,0.1684820158079237,0.05,1,1,1,1,1,0
synth::刮刮卡製作 1:80刮:2:1::003::r30::m000::t009,1,24,1.0,train,8x10,0.1684820158079237,0.05,1,1,1,1,1,0
synth::刮刮卡製作 1:80刮:2:1::003::r30::m000::t014,1,24,1.0,train,8x10,0.1684820158079237,0.05,1,1,1,1,1,0
synth::刮刮卡製作 1:80刮:2:1::003::r30::m000::t016,1,24,1.0,train,8x10,0.1758037509555594,0.05,1,1,1,1,1,0
synth::刮刮卡製作 1:80刮:2:1::003::r30::m000::t018,2,24,0.5,train,8x10,0.1758037509555594,0.05,0,1,1,1,2,0
synth::刮刮卡製作 1:80刮:2:1::003::r30::m000::t020,1,24,1.0,train,8x10,0.1684820158079237,0.05,1,1,1,1,1,0
synth::刮刮卡製作 1:80刮:2:1::003::r30::m000::t034,1,24,1.0,train,8x10,0.1684820158079237,0.05,1,1,1,1,1,0
synth::刮刮卡製作 1:80刮:2:1::003::r30::m000::t035,3,24,0.3333333333333333,train,8x10,0.15356322526114932,0.05,0,1,1,1,3,0
synth::刮刮卡製作 1:80刮:2:1::003::r30::m000::t039,5,24,0.2,train,8x10,0.1684820158079237,0.05,0,0,1,1,4,-1
synth::刮刮卡製作 1:80刮:2:1::003::r30::m000::t041,1,24,1.0,train,8x10,0.21440201061747866,0.05,1,1,1,1,1,0
synth::刮刮卡製作 1:80刮:2:1::003::r30::m000::t045,1,24,1.0,train,8x10,0.15356322526114932,0.05,1,1,1,1,1,0
synth::刮刮卡製作 1:80刮:2:1::003::r30::m000::t047,1,24,1.0,train,8x10,0.2366425363118888,0.05,1,1,1,1,1,0
synth::刮刮卡製作 1:80刮:2:1::003::r30::m000::t053,1,24,1.0,train,8x10,0.1684820158079237,0.05,1,1,1,1,1,0
synth::刮刮卡製作 1:80刮:2:1::003::r30::m000::t060,1,24,1.0,train,8x10,0.1684820158079237,0.05,1,1,1,1,1,0
synth::刮刮卡製作 1:80刮:2:1::003::r30::m000::t061,1,24,1.0,train,8x10,0.21440201061747866,0.05,1,1,1,1,1,0
synth::刮刮卡製作 1:80刮:2:1::003::r30::m000::t063,1,24,1.0,train,8x10,0.1684820158079237,0.05,1,1,1,1,1,0
synth::刮刮卡製作 1:80刮:2:1::003::r30::m000::t069,1,24,1.0,train,8x10,0.1684820158079237,0.05,1,1,1,1,1,0
synth::刮刮卡製作 1:80刮:2:1::003::r30::m000::t070,4,24,0.25,train,8x10,0.1684820158079237,0.05,0,0,1,1,3,-1
synth::刮刮卡製作 1:80刮:2:1::003::r30::m000::t072,1,24,1.0,train,8x10,0.23424452838117008,0.05,1,1,1,1,1,0
synth::刮刮卡製作 1:80刮:2:1::003::r30::m000::t073,1,24,1.0,train,8x10,0.1684820158079237,0.05,1,1,1,1,1,0
synth::刮刮卡製作 1:80刮:2:1::003::r30::m000::t074,1,24,1.0,train,8x10,0.1684820158079237,0.05,1,1,1,1,1,0
synth::刮刮卡製作 1:80刮:2:1::003::r30::m000::t079,2,24,0.5,train,8x10,0.1684820158079237,0.05,0,1,1,1,2,0
synth::刮刮卡製作 1:80刮:2:1::003::r30::m000::t080,1,24,1.0,train,8x10,0.1684820158079237,0.05,1,1,1,1,1,0
synth::刮刮卡製作 1:80刮:2:1::003::r50::m000::t001,1,40,1.0,train,8x10,0.3635308173843566,0.05,1,1,1,1,1,0
synth::刮刮卡製作 1:80刮:2:1::003::r50::m000::t004,1,40,1.0,train,8x10,0.39118830443555574,0.05,1,1,1,1,1,0
synth::刮刮卡製作 1:80刮:2:1::003::r50::m000::t005,1,40,1.0,train,8x10,0.3721012771489622,0.05,1,1,1,1,1,0
synth::刮刮卡製作 1:80刮:2:1::003::r50::m000::t006,1,40,1.0,train,8x10,0.3578914909306613,0.05,1,1,1,1,1,0
synth::刮刮卡製作 1:80刮:2:1::003::r50::m000::t007,1,40,1.0,train,8x10,0.377740603602658,0.05,1,1,1,1,1,0
synth::刮刮卡製作 1:80刮:2:1::003::r50::m000::t010,1,40,1.0,train,8x10,0.3761595620316488,0.05,1,1,1,1,1,0
synth::刮刮卡製作 1:80刮:2:1::003::r50::m000::t013,1,40,1.0,train,8x10,0.329235067541733,0.05,1,1,1,1,1,0
synth::刮刮卡製作 1:80刮:2:1::003::r50::m000::t015,1,40,1.0,train,8x10,0.3721012771489622,0.05,1,1,1,1,1,0
synth::刮刮卡製作 1:80刮:2:1::003::r50::m000::t016,1,40,1.0,train,8x10,0.3578914909306613,0.05,1,1,1,1,1,0
synth::刮刮卡製作 1:80刮:2:1::003::r50::m000::t017,1,40,1.0,train,8x10,0.377740603602658,0.05,1,1,1,1,1,0
synth::刮刮卡製作 1:80刮:2:1::003::r50::m000::t022,2,40,0.5,train,8x10,0.35544851373416353,0.05,0,1,1,1,2,0
synth::刮刮卡製作 1:80刮:2:1::003::r50::m000::t023,1,40,1.0,train,8x10,0.329235067541733,0.05,1,1,1,1,1,0
synth::刮刮卡製作 1:80刮:2:1::003::r50::m000::t024,1,40,1.0,train,8x10,0.39118830443555574,0.05,1,1,1,1,1,0
synth::刮刮卡製作 1:80刮:2:1::003::r50::m000::t025,1,40,1.0,train,8x10,0.3721012771489622,0.05,1,1,1,1,1,0
synth::刮刮卡製作 1:80刮:2:1::003::r50::m000::t028,1,40,1.0,train,8x10,0.3664369449169588,0.05,1,1,1,1,1,0
synth::刮刮卡製作 1:80刮:2:1::003::r50::m000::t029,1,40,1.0,train,8x10,0.46935890503523653,0.05,1,1,1,1,1,0
synth::刮刮卡製作 1:80刮:2:1::003::r50::m000::t030,1,40,1.0,train,8x10,0.3635308173843566,0.05,1,1,1,1,1,0
synth::刮刮卡製作 1:80刮:2:1::003::r50::m000::t032,2,40,0.5,train,8x10,0.35544851373416353,0.05,0,1,1,1,2,0
synth::刮刮卡製作 1:80刮:2:1::003::r50::m000::t035,1,40,1.0,train,8x10,0.3721012771489622,0.05,1,1,1,1,1,0
synth::刮刮卡製作 1:80刮:2:1::003::r50::m000::t036,1,40,1.0,train,8x10,0.3578914909306613,0.05,1,1,1,1,1,0
synth::刮刮卡製作 1:80刮:2:1::003::r50::m000::t037,1,40,1.0,train,8x10,0.377740603602658,0.05,1,1,1,1,1,0
synth::刮刮卡製作 1:80刮:2:1::003::r50::m000::t039,3,40,0.3333333333333333,train,8x10,0.46935890503523653,0.05,0,1,1,1,3,0
synth::刮刮卡製作 1:80刮:2:1::003::r50::m000::t040,6,40,0.16666666666666666,train,8x10,0.3635308173843566,0.05,0,0,0,1,1,-5
synth::刮刮卡製作 1:80刮:2:1::003::r50::m000::t041,1,40,1.0,train,8x10,0.3635308173843566,0.05,1,1,1,1,1,0
synth::刮刮卡製作 1:80刮:2:1::003::r50::m000::t043,1,40,1.0,train,8x10,0.329235067541733,0.05,1,1,1,1,1,0
synth::刮刮卡製作 1:80刮:2:1::003::r50::m000::t047,1,40,1.0,train,8x10,0.3714534814405883,0.05,1,1,1,1,1,0
synth::刮刮卡製作 1:80刮:2:1::003::r50::m000::t049,6,40,0.16666666666666666,train,8x10,0.4648231498782224,0.05,0,0,0,1,6,0
synth::刮刮卡製作 1:80刮:2:1::003::r50::m000::t052,5,40,0.2,train,8x10,0.35544851373416353,0.05,0,0,1,1,6,1
synth::刮刮卡製作 1:80刮:2:1::003::r50::m000::t053,1,40,1.0,train,8x10,0.329235067541733,0.05,1,1,1,1,1,0
synth::刮刮卡製作 1:80刮:2:1::003::r50::m000::t057,2,40,0.5,train,8x10,0.377740603602658,0.05,0,1,1,1,2,0
synth::刮刮卡製作 1:80刮:2:1::003::r50::m000::t058,1,40,1.0,train,8x10,0.3664369449169588,0.05,1,1,1,1,1,0
synth::刮刮卡製作 1:80刮:2:1::003::r50::m000::t059,1,40,1.0,train,8x10,0.46935890503523653,0.05,1,1,1,1,1,0
synth::刮刮卡製作 1:80刮:2:1::003::r50::m000::t060,1,40,1.0,train,8x10,0.3635308173843566,0.05,1,1,1,1,1,0
synth::刮刮卡製作 1:80刮:2:1::003::r50::m000::t061,1,40,1.0,train,8x10,0.3635308173843566,0.05,1,1,1,1,1,0
synth::刮刮卡製作 1:80刮:2:1::003::r50::m000::t064,1,40,1.0,train,8x10,0.38490118227348613,0.05,1,1,1,1,1,0
synth::刮刮卡製作 1:80刮:2:1::003::r50::m000::t066,3,40,0.3333333333333333,train,8x10,0.3563091695491616,0.05,0,1,1,1,1,-2
synth::刮刮卡製作 1:80刮:2:1::003::r50::m000::t068,1,40,1.0,train,8x10,0.3664369449169588,0.05,1,1,1,1,1,0
synth::刮刮卡製作 1:80刮:2:1::003::r50::m000::t071,1,40,1.0,train,8x10,0.3635308173843566,0.05,1,1,1,1,1,0
synth::刮刮卡製作 1:80刮:2:1::003::r50::m000::t072,1,40,1.0,train,8x10,0.35544851373416353,0.05,1,1,1,1,1,0
synth::刮刮卡製作 1:80刮:2:1::003::r50::m000::t075,1,40,1.0,train,8x10,0.3721012771489622,0.05,1,1,1,1,1,0
synth::刮刮卡製作 1:80刮:2:1::000::r30::m000::t005,17,24,0.058823529411764705,valid,8x10,0.2974073255082853,0.05,0,0,0,0,14,-3
synth::刮刮卡製作 1:80刮:2:1::000::r30::m000::t009,6,24,0.16666666666666666,valid,8x10,0.26622537046597033,0.05,0,0,0,1,5,-1
synth::刮刮卡製作 1:80刮:2:1::000::r30::m000::t011,17,24,0.058823529411764705,valid,8x10,0.26365472892226527,0.05,0,0,0,0,18,1
synth::刮刮卡製作 1:80刮:2:1::000::r30::m000::t014,19,24,0.05263157894736842,valid,8x10,0.2869022495915452,0.05,0,0,0,0,19,0
synth::刮刮卡製作 1:80刮:2:1::000::r30::m000::t016,18,24,0.05555555555555555,valid,8x10,0.28481076966141217,0.05,0,0,0,0,15,-3
synth::刮刮卡製作 1:80刮:2:1::000::r30::m000::t019,23,24,0.043478260869565216,valid,8x10,0.2599763603231714,0.05,0,0,0,0,22,-1
synth::刮刮卡製作 1:80刮:2:1::000::r30::m000::t025,10,24,0.1,valid,8x10,0.30079745485286025,0.05,0,0,0,1,15,5
synth::刮刮卡製作 1:80刮:2:1::000::r30::m000::t031,14,24,0.07142857142857142,valid,8x10,0.26365472892226527,0.05,0,0,0,0,21,7
synth::刮刮卡製作 1:80刮:2:1::000::r30::m000::t032,11,24,0.09090909090909091,valid,8x10,0.27616861892219935,0.05,0,0,0,0,9,-2
synth::刮刮卡製作 1:80刮:2:1::000::r30::m000::t033,1,24,1.0,valid,8x10,0.37830830158197437,0.05,1,1,1,1,1,0
synth::刮刮卡製作 1:80刮:2:1::000::r30::m000::t038,2,24,0.5,valid,8x10,0.37830830158197437,0.05,0,1,1,1,2,0
synth::刮刮卡製作 1:80刮:2:1::000::r30::m000::t040,3,24,0.3333333333333333,valid,8x10,0.2599763603231714,0.05,0,1,1,1,7,4
synth::刮刮卡製作 1:80刮:2:1::000::r30::m000::t041,17,24,0.058823529411764705,valid,8x10,0.26365472892226527,0.05,0,0,0,0,15,-2
synth::刮刮卡製作 1:80刮:2:1::000::r30::m000::t042,3,24,0.3333333333333333,valid,8x10,0.27616861892219935,0.05,0,1,1,1,3,0
synth::刮刮卡製作 1:80刮:2:1::000::r30::m000::t045,17,24,0.058823529411764705,valid,8x10,0.30079745485286025,0.05,0,0,0,0,9,-8
synth::刮刮卡製作 1:80刮:2:1::000::r30::m000::t046,10,24,0.1,valid,8x10,0.28481076966141217,0.05,0,0,0,1,12,2
synth::刮刮卡製作 1:80刮:2:1::000::r30::m000::t047,16,24,0.0625,valid,8x10,0.37830830158197437,0.05,0,0,0,0,17,1
synth::刮刮卡製作 1:80刮:2:1::000::r30::m000::t057,22,24,0.045454545454545456,valid,8x10,0.37830830158197437,0.05,0,0,0,0,16,-6
synth::刮刮卡製作 1:80刮:2:1::000::r30::m000::t068,15,24,0.06666666666666667,valid,8x10,0.37830830158197437,0.05,0,0,0,0,22,7
synth::刮刮卡製作 1:80刮:2:1::000::r30::m000::t072,22,24,0.045454545454545456,valid,8x10,0.27301187010234695,0.05,0,0,0,0,23,1
synth::刮刮卡製作 1:80刮:2:1::000::r30::m000::t073,11,24,0.09090909090909091,valid,8x10,0.37830830158197437,0.05,0,0,0,0,11,0
synth::刮刮卡製作 1:80刮:2:1::000::r30::m000::t075,8,24,0.125,valid,8x10,0.30079745485286025,0.05,0,0,0,1,4,-4
synth::刮刮卡製作 1:80刮:2:1::000::r30::m000::t076,9,24,0.1111111111111111,valid,8x10,0.28481076966141217,0.05,0,0,0,1,8,-1
synth::刮刮卡製作 1:80刮:2:1::000::r30::m000::t080,24,24,0.041666666666666664,valid,8x10,0.2593387712622287,0.05,0,0,0,0,21,-3
synth::刮刮卡製作 1:80刮:2:1::000::r50::m000::t001,7,40,0.14285714285714285,valid,8x10,0.11584325478658397,0.05,0,0,0,1,40,33
synth::刮刮卡製作 1:80刮:2:1::000::r50::m000::t002,19,40,0.05263157894736842,valid,8x10,0.13962155583888974,0.05,0,0,0,0,25,6
synth::刮刮卡製作 1:80刮:2:1::000::r50::m000::t003,21,40,0.047619047619047616,valid,8x10,0.4041136665720957,0.05,0,0,0,0,12,-9
synth::刮刮卡製作 1:80刮:2:1::000::r50::m000::t004,14,40,0.07142857142857142,valid,8x10,0.0364125610442431,0.05,0,0,0,0,37,23
synth::刮刮卡製作 1:80刮:2:1::000::r50::m000::t005,18,40,0.05555555555555555,valid,8x10,0.1348609866847772,0.05,0,0,0,0,15,-3
synth::刮刮卡製作 1:80刮:2:1::000::r50::m000::t007,35,40,0.02857142857142857,valid,8x10,0.16353812905086001,0.05,0,0,0,0,12,-23
synth::刮刮卡製作 1:80刮:2:1::000::r50::m000::t010,19,40,0.05263157894736842,valid,8x10,0.10846708880742922,0.05,0,0,0,0,8,-11
synth::刮刮卡製作 1:80刮:2:1::000::r50::m000::t013,28,40,0.03571428571428571,valid,8x10,0.4041136665720957,0.05,0,0,0,0,26,-2
synth::刮刮卡製作 1:80刮:2:1::000::r50::m000::t014,1,40,1.0,valid,8x10,0.0364125610442431,0.05,1,1,1,1,1,0
synth::刮刮卡製作 1:80刮:2:1::000::r50::m000::t020,14,40,0.07142857142857142,valid,8x10,0.10846708880742922,0.05,0,0,0,0,27,13
synth::刮刮卡製作 1:80刮:2:1::000::r50::m000::t021,7,40,0.14285714285714285,valid,8x10,0.11584325478658397,0.05,0,0,0,1,7,0
synth::刮刮卡製作 1:80刮:2:1::000::r50::m000::t024,10,40,0.1,valid,8x10,0.042405860562028386,0.05,0,0,0,1,35,25
synth::刮刮卡製作 1:80刮:2:1::000::r50::m000::t026,4,40,0.25,valid,8x10,0.0927489131781977,0.05,0,0,1,1,4,0
synth::刮刮卡製作 1:80刮:2:1::000::r50::m000::t027,34,40,0.029411764705882353,valid,8x10,0.1480969746835752,0.05,0,0,0,0,24,-10
synth::刮刮卡製作 1:80刮:2:1::000::r50::m000::t030,25,40,0.04,valid,8x10,0.10846708880742922,0.05,0,0,0,0,26,1
synth::刮刮卡製作 1:80刮:2:1::000::r50::m000::t032,1,40,1.0,valid,8x10,0.13962155583888974,0.05,1,1,1,1,2,1
synth::刮刮卡製作 1:80刮:2:1::000::r50::m000::t038,18,40,0.05555555555555555,valid,8x10,0.3590054802220548,0.05,0,0,0,0,10,-8
synth::刮刮卡製作 1:80刮:2:1::000::r50::m000::t039,34,40,0.029411764705882353,valid,8x10,0.0843978115885603,0.05,0,0,0,0,36,2
synth::刮刮卡製作 1:80刮:2:1::000::r50::m000::t041,36,40,0.027777777777777776,valid,8x10,0.11584325478658397,0.05,0,0,0,0,21,-15
synth::刮刮卡製作 1:80刮:2:1::000::r50::m000::t043,27,40,0.037037037037037035,valid,8x10,0.4041136665720957,0.05,0,0,0,0,33,6
synth::刮刮卡製作 1:80刮:2:1::000::r50::m000::t047,15,40,0.06666666666666667,valid,8x10,0.1480969746835752,0.05,0,0,0,0,20,5
synth::刮刮卡製作 1:80刮:2:1::000::r50::m000::t048,2,40,0.5,valid,8x10,0.3590054802220548,0.05,0,1,1,1,2,0
synth::刮刮卡製作 1:80刮:2:1::000::r50::m000::t049,7,40,0.14285714285714285,valid,8x10,0.0843978115885603,0.05,0,0,0,1,36,29
synth::刮刮卡製作 1:80刮:2:1::000::r50::m000::t053,9,40,0.1111111111111111,valid,8x10,0.4041136665720957,0.05,0,0,0,1,22,13
synth::刮刮卡製作 1:80刮:2:1::000::r50::m000::t054,20,40,0.05,valid,8x10,0.0364125610442431,0.05,0,0,0,0,32,12
synth::刮刮卡製作 1:80刮:2:1::000::r50::m000::t056,28,40,0.03571428571428571,valid,8x10,0.09381342853362146,0.05,0,0,0,0,33,5
synth::刮刮卡製作 1:80刮:2:1::000::r50::m000::t059,11,40,0.09090909090909091,valid,8x10,0.0843978115885603,0.05,0,0,0,0,12,1
synth::刮刮卡製作 1:80刮:2:1::000::r50::m000::t061,17,40,0.058823529411764705,valid,8x10,0.11500824293664114,0.05,0,0,0,0,5,-12
synth::刮刮卡製作 1:80刮:2:1::000::r50::m000::t063,29,40,0.034482758620689655,valid,8x10,0.39847537601934735,0.05,0,0,0,0,30,1
synth::刮刮卡製作 1:80刮:2:1::000::r50::m000::t065,39,40,0.02564102564102564,valid,8x10,0.12813602281290593,0.05,0,0,0,0,38,-1
synth::刮刮卡製作 1:80刮:2:1::000::r50::m000::t066,36,40,0.027777777777777776,valid,8x10,0.09381342853362146,0.05,0,0,0,0,36,0
synth::刮刮卡製作 1:80刮:2:1::000::r50::m000::t069,40,40,0.025,valid,8x10,0.0843978115885603,0.05,0,0,0,0,35,-5
synth::刮刮卡製作 1:80刮:2:1::000::r50::m000::t070,5,40,0.2,valid,8x10,0.10846708880742922,0.05,0,0,1,1,5,0
synth::刮刮卡製作 1:80刮:2:1::000::r50::m000::t071,20,40,0.05,valid,8x10,0.11584325478658397,0.05,0,0,0,0,21,1
synth::刮刮卡製作 1:80刮:2:1::000::r50::m000::t072,39,40,0.02564102564102564,valid,8x10,0.13962155583888974,0.05,0,0,0,0,40,1
synth::刮刮卡製作 1:80刮:2:1::000::r50::m000::t073,10,40,0.1,valid,8x10,0.39847537601934735,0.05,0,0,0,1,28,18
synth::刮刮卡製作 1:80刮:2:1::000::r50::m000::t075,28,40,0.03571428571428571,valid,8x10,0.12813602281290593,0.05,0,0,0,0,12,-16
synth::刮刮卡製作 1:80刮:2:1::000::r50::m000::t076,22,40,0.045454545454545456,valid,8x10,0.09381342853362146,0.05,0,0,0,0,14,-8
synth::刮刮卡製作 1:80刮:2:1::000::r50::m000::t078,1,40,1.0,valid,8x10,0.3590054802220548,0.05,1,1,1,1,2,1
synth::刮刮卡製作 1:80刮:2:1::000::r50::m000::t080,32,40,0.03125,valid,8x10,0.10846708880742922,0.05,0,0,0,0,22,-10
刮刮卡製作 1:80刮:2:1::r30::m000::t001,22,24,0.045454545454545456,holdout,8x10,0.23072898405057327,0.05,0,0,0,0,21,-1
刮刮卡製作 1:80刮:2:1::r30::m000::t002,11,24,0.09090909090909091,holdout,8x10,0.2720447894239085,0.05,0,0,0,0,16,5
刮刮卡製作 1:80刮:2:1::r30::m000::t004,5,24,0.2,holdout,8x10,0.3437760057260671,0.05,0,0,1,1,3,-2
刮刮卡製作 1:80刮:2:1::r30::m000::t007,14,24,0.07142857142857142,holdout,8x10,0.22400406541109497,0.05,0,0,0,0,10,-4
刮刮卡製作 1:80刮:2:1::r30::m000::t008,4,24,0.25,holdout,8x10,0.25565897251033526,0.05,0,0,1,1,4,0
刮刮卡製作 1:80刮:2:1::r30::m000::t017,24,24,0.041666666666666664,holdout,8x10,0.22326999340998457,0.05,0,0,0,0,22,-2
刮刮卡製作 1:80刮:2:1::r30::m000::t022,10,24,0.1,holdout,8x10,0.2720447894239085,0.05,0,0,0,1,11,1
刮刮卡製作 1:80刮:2:1::r30::m000::t024,14,24,0.07142857142857142,holdout,8x10,0.3437760057260671,0.05,0,0,0,0,13,-1
刮刮卡製作 1:80刮:2:1::r30::m000::t028,17,24,0.058823529411764705,holdout,8x10,0.25565897251033526,0.05,0,0,0,0,19,2
刮刮卡製作 1:80刮:2:1::r30::m000::t039,3,24,0.3333333333333333,holdout,8x10,0.24644870727191992,0.05,0,1,1,1,4,1
刮刮卡製作 1:80刮:2:1::r30::m000::t040,6,24,0.16666666666666666,holdout,8x10,0.2720447894239085,0.05,0,0,0,1,8,2
刮刮卡製作 1:80刮:2:1::r30::m000::t042,1,24,1.0,holdout,8x10,0.2720447894239085,0.05,1,1,1,1,1,0
刮刮卡製作 1:80刮:2:1::r30::m000::t047,11,24,0.09090909090909091,holdout,8x10,0.22400406541109497,0.05,0,0,0,0,12,1
刮刮卡製作 1:80刮:2:1::r30::m000::t048,3,24,0.3333333333333333,holdout,8x10,0.25565897251033526,0.05,0,1,1,1,7,4
刮刮卡製作 1:80刮:2:1::r30::m000::t050,9,24,0.1111111111111111,holdout,8x10,0.2720447894239085,0.05,0,0,0,1,12,3
刮刮卡製作 1:80刮:2:1::r30::m000::t053,19,24,0.05263157894736842,holdout,8x10,0.24203252357352445,0.05,0,0,0,0,19,0
刮刮卡製作 1:80刮:2:1::r30::m000::t056,1,24,1.0,holdout,8x10,0.23072898405057327,0.05,1,1,1,1,1,0
刮刮卡製作 1:80刮:2:1::r30::m000::t065,5,24,0.2,holdout,8x10,0.2754704507063439,0.05,0,0,1,1,21,16
刮刮卡製作 1:80刮:2:1::r30::m000::t070,24,24,0.041666666666666664,holdout,8x10,0.268574032994227,0.05,0,0,0,0,24,0
刮刮卡製作 1:80刮:2:1::r30::m000::t071,1,24,1.0,holdout,8x10,0.23072898405057327,0.05,1,1,1,1,1,0
刮刮卡製作 1:80刮:2:1::r30::m000::t072,11,24,0.09090909090909091,holdout,8x10,0.2720447894239085,0.05,0,0,0,0,13,2
刮刮卡製作 1:80刮:2:1::r30::m000::t073,10,24,0.1,holdout,8x10,0.24977847899403616,0.05,0,0,0,1,8,-2
刮刮卡製作 1:80刮:2:1::r30::m000::t076,1,24,1.0,holdout,8x10,0.2275235019372397,0.05,1,1,1,1,1,0
刮刮卡製作 1:80刮:2:1::r30::m000::t080,11,24,0.09090909090909091,holdout,8x10,0.2720447894239085,0.05,0,0,0,0,8,-3
刮刮卡製作 1:80刮:2:1::r50::m000::t012,23,40,0.043478260869565216,holdout,8x10,0.2828396528054018,0.05,0,0,0,0,12,-11
刮刮卡製作 1:80刮:2:1::r50::m000::t016,11,40,0.09090909090909091,holdout,8x10,0.32318873671878795,0.05,0,0,0,0,12,1
刮刮卡製作 1:80刮:2:1::r50::m000::t018,25,40,0.04,holdout,8x10,0.3673417863931636,0.05,0,0,0,0,34,9
刮刮卡製作 1:80刮:2:1::r50::m000::t019,14,40,0.07142857142857142,holdout,8x10,0.39870279460608504,0.05,0,0,0,0,17,3
刮刮卡製作 1:80刮:2:1::r50::m000::t021,35,40,0.02857142857142857,holdout,8x10,0.30956207639638067,0.05,0,0,0,0,35,0
刮刮卡製作 1:80刮:2:1::r50::m000::t022,2,40,0.5,holdout,8x10,0.2992482012253792,0.05,0,1,1,1,2,0
刮刮卡製作 1:80刮:2:1::r50::m000::t024,24,40,0.041666666666666664,holdout,8x10,0.4248231532956383,0.05,0,0,0,0,12,-12
刮刮卡製作 1:80刮:2:1::r50::m000::t027,21,40,0.047619047619047616,holdout,8x10,0.5674121536128514,0.05,0,0,0,0,18,-3
刮刮卡製作 1:80刮:2:1::r50::m000::t028,32,40,0.03125,holdout,8x10,0.3673417863931636,0.05,0,0,0,0,35,3
刮刮卡製作 1:80刮:2:1::r50::m000::t032,37,40,0.02702702702702703,holdout,8x10,0.2828396528054018,0.05,0,0,0,0,39,2
刮刮卡製作 1:80刮:2:1::r50::m000::t034,5,40,0.2,holdout,8x10,0.4091701826811145,0.05,0,0,1,1,7,2
刮刮卡製作 1:80刮:2:1::r50::m000::t035,28,40,0.03571428571428571,holdout,8x10,0.3517746921502058,0.05,0,0,0,0,2,-26
刮刮卡製作 1:80刮:2:1::r50::m000::t038,34,40,0.029411764705882353,holdout,8x10,0.3673417863931636,0.05,0,0,0,0,30,-4
刮刮卡製作 1:80刮:2:1::r50::m000::t039,27,40,0.037037037037037035,holdout,8x10,0.39586292409445967,0.05,0,0,0,0,11,-16
刮刮卡製作 1:80刮:2:1::r50::m000::t041,29,40,0.034482758620689655,holdout,8x10,0.30373572578868324,0.05,0,0,0,0,17,-12
刮刮卡製作 1:80刮:2:1::r50::m000::t044,2,40,0.5,holdout,8x10,0.4091701826811145,0.05,0,1,1,1,1,-1
刮刮卡製作 1:80刮:2:1::r50::m000::t045,8,40,0.125,holdout,8x10,0.3517746921502058,0.05,0,0,0,1,36,28
刮刮卡製作 1:80刮:2:1::r50::m000::t046,5,40,0.2,holdout,8x10,0.32318873671878795,0.05,0,0,1,1,7,2
刮刮卡製作 1:80刮:2:1::r50::m000::t049,12,40,0.08333333333333333,holdout,8x10,0.39870279460608504,0.05,0,0,0,0,27,15
刮刮卡製作 1:80刮:2:1::r50::m000::t050,27,40,0.037037037037037035,holdout,8x10,0.3026078245437804,0.05,0,0,0,0,22,-5
刮刮卡製作 1:80刮:2:1::r50::m000::t051,18,40,0.05555555555555555,holdout,8x10,0.30956207639638067,0.05,0,0,0,0,23,5
刮刮卡製作 1:80刮:2:1::r50::m000::t053,19,40,0.05263157894736842,holdout,8x10,0.5876800031193735,0.05,0,0,0,0,29,10
刮刮卡製作 1:80刮:2:1::r50::m000::t054,4,40,0.25,holdout,8x10,0.4091701826811145,0.05,0,0,1,1,39,35
刮刮卡製作 1:80刮:2:1::r50::m000::t055,34,40,0.029411764705882353,holdout,8x10,0.3517746921502058,0.05,0,0,0,0,34,0
刮刮卡製作 1:80刮:2:1::r50::m000::t056,13,40,0.07692307692307693,holdout,8x10,0.32318873671878795,0.05,0,0,0,0,10,-3
刮刮卡製作 1:80刮:2:1::r50::m000::t057,9,40,0.1111111111111111,holdout,8x10,0.5674121536128514,0.05,0,0,0,1,11,2
刮刮卡製作 1:80刮:2:1::r50::m000::t058,25,40,0.04,holdout,8x10,0.3673417863931636,0.05,0,0,0,0,32,7
刮刮卡製作 1:80刮:2:1::r50::m000::t059,13,40,0.07692307692307693,holdout,8x10,0.39870279460608504,0.05,0,0,0,0,19,6
刮刮卡製作 1:80刮:2:1::r50::m000::t060,38,40,0.02631578947368421,holdout,8x10,0.3026078245437804,0.05,0,0,0,0,24,-14
刮刮卡製作 1:80刮:2:1::r50::m000::t064,31,40,0.03225806451612903,holdout,8x10,0.4091701826811145,0.05,0,0,0,0,30,-1
刮刮卡製作 1:80刮:2:1::r50::m000::t065,27,40,0.037037037037037035,holdout,8x10,0.3517746921502058,0.05,0,0,0,0,40,13
刮刮卡製作 1:80刮:2:1::r50::m000::t066,38,40,0.02631578947368421,holdout,8x10,0.32318873671878795,0.05,0,0,0,0,33,-5
刮刮卡製作 1:80刮:2:1::r50::m000::t067,2,40,0.5,holdout,8x10,0.5674121536128514,0.05,0,1,1,1,3,1
刮刮卡製作 1:80刮:2:1::r50::m000::t068,28,40,0.03571428571428571,holdout,8x10,0.3673417863931636,0.05,0,0,0,0,36,8
刮刮卡製作 1:80刮:2:1::r50::m000::t069,1,40,1.0,holdout,8x10,0.39870279460608504,0.05,1,1,1,1,1,0
刮刮卡製作 1:80刮:2:1::r50::m000::t073,31,40,0.03225806451612903,holdout,8x10,0.5876800031193735,0.05,0,0,0,0,18,-13
刮刮卡製作 1:80刮:2:1::r50::m000::t074,26,40,0.038461538461538464,holdout,8x10,0.4091701826811145,0.05,0,0,0,0,7,-19
刮刮卡製作 1:80刮:2:1::r50::m000::t075,4,40,0.25,holdout,8x10,0.3517746921502058,0.05,0,0,1,1,24,20
刮刮卡製作 1:80刮:2:1::r50::m000::t079,36,40,0.027777777777777776,holdout,8x10,0.39870279460608504,0.05,0,0,0,0,29,-7
刮刮卡製作 1:80刮:2:1::r50::m000::t080,5,40,0.2,holdout,8x10,0.3026078245437804,0.05,0,0,1,1,8,3
synth::刮刮卡製作 1:80刮:2:1::001::r30::m000::t001,1,24,1.0,train,8x10,0.3729662870922829,0.08,1,1,1,1,1,0
synth::刮刮卡製作 1:80刮:2:1::001::r30::m000::t010,1,24,1.0,train,8x10,0.45341120730863593,0.08,1,1,1,1,1,0
synth::刮刮卡製作 1:80刮:2:1::001::r30::m000::t011,1,24,1.0,train,8x10,0.3729662870922829,0.08,1,1,1,1,1,0
synth::刮刮卡製作 1:80刮:2:1::001::r30::m000::t013,1,24,1.0,train,8x10,0.4017459049571932,0.08,1,1,1,1,1,0
synth::刮刮卡製作 1:80刮:2:1::001::r30::m000::t015,3,24,0.3333333333333333,train,8x10,0.4012021147059278,0.08,0,1,1,1,2,-1
synth::刮刮卡製作 1:80刮:2:1::001::r30::m000::t016,1,24,1.0,train,8x10,0.40740085119603275,0.08,1,1,1,1,1,0
synth::刮刮卡製作 1:80刮:2:1::001::r30::m000::t020,1,24,1.0,train,8x10,0.44628623469676143,0.08,1,1,1,1,1,0
synth::刮刮卡製作 1:80刮:2:1::001::r30::m000::t023,1,24,1.0,train,8x10,0.4017459049571932,0.08,1,1,1,1,1,0
synth::刮刮卡製作 1:80刮:2:1::001::r30::m000::t024,1,24,1.0,train,8x10,0.4012021147059278,0.08,1,1,1,1,1,0
synth::刮刮卡製作 1:80刮:2:1::001::r30::m000::t025,1,24,1.0,train,8x10,0.4012021147059278,0.08,1,1,1,1,1,0
synth::刮刮卡製作 1:80刮:2:1::001::r30::m000::t030,1,24,1.0,train,8x10,0.44628623469676143,0.08,1,1,1,1,1,0
synth::刮刮卡製作 1:80刮:2:1::001::r30::m000::t033,1,24,1.0,train,8x10,0.4017459049571932,0.08,1,1,1,1,1,0
synth::刮刮卡製作 1:80刮:2:1::001::r30::m000::t034,2,24,0.5,train,8x10,0.4012021147059278,0.08,0,1,1,1,2,0
synth::刮刮卡製作 1:80刮:2:1::001::r30::m000::t037,1,24,1.0,train,8x10,0.3793131903815242,0.08,1,1,1,1,1,0
synth::刮刮卡製作 1:80刮:2:1::001::r30::m000::t039,1,24,1.0,train,8x10,0.5289180625592204,0.08,1,1,1,1,1,0
synth::刮刮卡製作 1:80刮:2:1::001::r30::m000::t040,1,24,1.0,train,8x10,0.44628623469676143,0.08,1,1,1,1,1,0
synth::刮刮卡製作 1:80刮:2:1::001::r30::m000::t052,1,24,1.0,train,8x10,0.40740085119603275,0.08,1,1,1,1,1,0
synth::刮刮卡製作 1:80刮:2:1::001::r30::m000::t062,1,24,1.0,train,8x10,0.4044532391981841,0.08,1,1,1,1,1,0
synth::刮刮卡製作 1:80刮:2:1::001::r30::m000::t063,1,24,1.0,train,8x10,0.4017459049571932,0.08,1,1,1,1,1,0
synth::刮刮卡製作 1:80刮:2:1::001::r30::m000::t064,1,24,1.0,train,8x10,0.3993488132838263,0.08,1,1,1,1,1,0
synth::刮刮卡製作 1:80刮:2:1::001::r30::m000::t070,1,24,1.0,train,8x10,0.44333862269891267,0.08,1,1,1,1,1,0
synth::刮刮卡製作 1:80刮:2:1::001::r30::m000::t075,1,24,1.0,train,8x10,0.4012021147059278,0.08,1,1,1,1,1,0
synth::刮刮卡製作 1:80刮:2:1::001::r30::m000::t076,1,24,1.0,train,8x10,0.40740085119603275,0.08,1,1,1,1,1,0
synth::刮刮卡製作 1:80刮:2:1::001::r30::m000::t080,1,24,1.0,train,8x10,0.44628623469676143,0.08,1,1,1,1,1,0
synth::刮刮卡製作 1:80刮:2:1::001::r50::m000::t001,1,40,1.0,train,8x10,0.4177093866889665,0.08,1,1,1,1,1,0
synth::刮刮卡製作 1:80刮:2:1::001::r50::m000::t002,1,40,1.0,train,8x10,0.2408460396280281,0.08,1,1,1,1,1,0
synth::刮刮卡製作 1:80刮:2:1::001::r50::m000::t006,1,40,1.0,train,8x10,0.2593679763687624,0.08,1,1,1,1,1,0
synth::刮刮卡製作 1:80刮:2:1::001::r50::m000::t007,1,40,1.0,train,8x10,0.24006318980217017,0.08,1,1,1,1,1,0
synth::刮刮卡製作 1:80刮:2:1::001::r50::m000::t009,2,40,0.5,train,8x10,0.2733825995186431,0.08,0,1,1,1,2,0
synth::刮刮卡製作 1:80刮:2:1::001::r50::m000::t010,1,40,1.0,train,8x10,0.28548929467504813,0.08,1,1,1,1,1,0
synth::刮刮卡製作 1:80刮:2:1::001::r50::m000::t012,1,40,1.0,train,8x10,0.2408460396280281,0.08,1,1,1,1,1,0
synth::刮刮卡製作 1:80刮:2:1::001::r50::m000::t013,1,40,1.0,train,8x10,0.22057004822967824,0.08,1,1,1,1,1,0
synth::刮刮卡製作 1:80刮:2:1::001::r50::m000::t016,1,40,1.0,train,8x10,0.2593679763687624,0.08,1,1,1,1,1,0
synth::刮刮卡製作 1:80刮:2:1::001::r50::m000::t019,1,40,1.0,train,8x10,0.2803498322786435,0.08,1,1,1,1,1,0
synth::刮刮卡製作 1:80刮:2:1::001::r50::m000::t024,1,40,1.0,train,8x10,0.2365516965191584,0.08,1,1,1,1,1,0
synth::刮刮卡製作 1:80刮:2:1::001::r50::m000::t025,1,40,1.0,train,8x10,0.23215132903326735,0.08,1,1,1,1,1,0
synth::刮刮卡製作 1:80刮:2:1::001::r50::m000::t026,1,40,1.0,train,8x10,0.2593679763687624,0.08,1,1,1,1,1,0
synth::刮刮卡製作 1:80刮:2:1::001::r50::m000::t029,2,40,0.5,train,8x10,0.2803498322786435,0.08,0,1,1,1,2,0
synth::刮刮卡製作 1:80刮:2:1::001::r50::m000::t030,1,40,1.0,train,8x10,0.28548929467504813,0.08,1,1,1,1,1,0
synth::刮刮卡製作 1:80刮:2:1::001::r50::m000::t031,1,40,1.0,train,8x10,0.4177093866889665,0.08,1,1,1,1,1,0
synth::刮刮卡製作 1:80刮:2:1::001::r50::m000::t033,1,40,1.0,train,8x10,0.22057004822967824,0.08,1,1,1,1,1,0
synth::刮刮卡製作 1:80刮:2:1::001::r50::m000::t035,1,40,1.0,train,8x10,0.23215132903326735,0.08,1,1,1,1,1,0
synth::刮刮卡製作 1:80刮:2:1::001::r50::m000::t037,1,40,1.0,train,8x10,0.2470304225621706,0.08,1,1,1,1,1,0
synth::刮刮卡製作 1:80刮:2:1::001::r50::m000::t038,1,40,1.0,train,8x10,0.3990221195147038,0.08,1,1,1,1,1,0
synth::刮刮卡製作 1:80刮:2:1::001::r50::m000::t040,1,40,1.0,train,8x10,0.29877680301167714,0.08,1,1,1,1,1,0
synth::刮刮卡製作 1:80刮:2:1::001::r50::m000::t047,1,40,1.0,train,8x10,0.2470304225621706,0.08,1,1,1,1,1,0
synth::刮刮卡製作 1:80刮:2:1::001::r50::m000::t049,1,40,1.0,train,8x10,0.2803498322786435,0.08,1,1,1,1,1,0
synth::刮刮卡製作 1:80刮:2:1::001::r50::m000::t050,1,40,1.0,train,8x10,0.28548929467504813,0.08,1,1,1,1,1,0
synth::刮刮卡製作 1:80刮:2:1::001::r50::m000::t051,3,40,0.3333333333333333,train,8x10,0.4177093866889665,0.08,0,1,1,1,3,0
synth::刮刮卡製作 1:80刮:2:1::001::r50::m000::t053,1,40,1.0,train,8x10,0.2124769750375027,0.08,1,1,1,1,1,0
synth::刮刮卡製作 1:80刮:2:1::001::r50::m000::t060,1,40,1.0,train,8x10,0.28548929467504813,0.08,1,1,1,1,1,0
synth::刮刮卡製作 1:80刮:2:1::001::r50::m000::t061,1,40,1.0,train,8x10,0.4177093866889665,0.08,1,1,1,1,1,0
synth::刮刮卡製作 1:80刮:2:1::001::r50::m000::t062,1,40,1.0,train,8x10,0.2408460396280281,0.08,1,1,1,1,1,0
synth::刮刮卡製作 1:80刮:2:1::001::r50::m000::t063,7,40,0.14285714285714285,train,8x10,0.22057004822967824,0.08,0,0,0,1,2,-5
synth::刮刮卡製作 1:80刮:2:1::001::r50::m000::t064,1,40,1.0,train,8x10,0.23594911787798067,0.08,1,1,1,1,1,0
synth::刮刮卡製作 1:80刮:2:1::001::r50::m000::t066,7,40,0.14285714285714285,train,8x10,0.2593679763687624,0.08,0,0,0,1,4,-3
synth::刮刮卡製作 1:80刮:2:1::001::r50::m000::t067,1,40,1.0,train,8x10,0.2470304225621706,0.08,1,1,1,1,1,0
synth::刮刮卡製作 1:80刮:2:1::001::r50::m000::t068,1,40,1.0,train,8x10,0.3990221195147038,0.08,1,1,1,1,1,0
synth::刮刮卡製作 1:80刮:2:1::001::r50::m000::t069,1,40,1.0,train,8x10,0.2803498322786435,0.08,1,1,1,1,1,0
synth::刮刮卡製作 1:80刮:2:1::001::r50::m000::t071,1,40,1.0,train,8x10,0.4177093866889665,0.08,1,1,1,1,1,0
synth::刮刮卡製作 1:80刮:2:1::001::r50::m000::t075,1,40,1.0,train,8x10,0.22550946926526533,0.08,1,1,1,1,1,0
synth::刮刮卡製作 1:80刮:2:1::001::r50::m000::t076,1,40,1.0,train,8x10,0.2593679763687624,0.08,1,1,1,1,1,0
synth::刮刮卡製作 1:80刮:2:1::001::r50::m000::t079,1,40,1.0,train,8x10,0.2930058342674765,0.08,1,1,1,1,1,0
synth::刮刮卡製作 1:80刮:2:1::001::r50::m000::t080,1,40,1.0,train,8x10,0.28548929467504813,0.08,1,1,1,1,1,0
synth::刮刮卡製作 1:80刮:2:1::002::r30::m000::t002,1,24,1.0,train,8x10,0.5628562335480399,0.08,1,1,1,1,1,0
synth::刮刮卡製作 1:80刮:2:1::002::r30::m000::t009,1,24,1.0,train,8x10,0.5453930524350109,0.08,1,1,1,1,1,0
synth::刮刮卡製作 1:80刮:2:1::002::r30::m000::t012,1,24,1.0,train,8x10,0.5559137687067539,0.08,1,1,1,1,1,0
synth::刮刮卡製作 1:80刮:2:1::002::r30::m000::t017,1,24,1.0,train,8x10,0.5496244564612028,0.08,1,1,1,1,1,0
synth::刮刮卡製作 1:80刮:2:1::002::r30::m000::t018,1,24,1.0,train,8x10,0.5496244564612028,0.08,1,1,1,1,1,0
synth::刮刮卡製作 1:80刮:2:1::002::r30::m000::t024,1,24,1.0,train,8x10,0.5453930524350109,0.08,1,1,1,1,1,0
synth::刮刮卡製作 1:80刮:2:1::002::r30::m000::t025,1,24,1.0,train,8x10,0.5496244564612028,0.08,1,1,1,1,1,0
synth::刮刮卡製作 1:80刮:2:1::002::r30::m000::t028,2,24,0.5,train,8x10,0.5496244564612028,0.08,0,1,1,1,2,0
synth::刮刮卡製作 1:80刮:2:1::002::r30::m000::t031,1,24,1.0,train,8x10,0.6029365982605097,0.08,1,1,1,1,1,0
synth::刮刮卡製作 1:80刮:2:1::002::r30::m000::t034,1,24,1.0,train,8x10,0.5453930524350109,0.08,1,1,1,1,1,0
synth::刮刮卡製作 1:80刮:2:1::002::r30::m000::t039,1,24,1.0,train,8x10,0.5453930524350109,0.08,1,1,1,1,1,0
synth::刮刮卡製作 1:80刮:2:1::002::r30::m000::t040,1,24,1.0,train,8x10,0.5563980249281103,0.08,1,1,1,1,1,0
synth::刮刮卡製作 1:80刮:2:1::002::r30::m000::t041,1,24,1.0,train,8x10,0.6029365982605097,0.08,1,1,1,1,1,0
synth::刮刮卡製作 1:80刮:2:1::002::r30::m000::t046,1,24,1.0,train,8x10,0.5143967877180453,0.08,1,1,1,1,1,0
synth::刮刮卡製作 1:80刮:2:1::002::r30::m000::t049,1,24,1.0,train,8x10,0.5453930524350109,0.08,1,1,1,1,1,0
synth::刮刮卡製作 1:80刮:2:1::002::r30::m000::t052,1,24,1.0,train,8x10,0.5563980249281103,0.08,1,1,1,1,1,0
synth::刮刮卡製作 1:80刮:2:1::002::r30::m000::t054,1,24,1.0,train,8x10,0.5453930524350109,0.08,1,1,1,1,1,0
synth::刮刮卡製作 1:80刮:2:1::002::r30::m000::t057,1,24,1.0,train,8x10,0.5477009052302058,0.08,1,1,1,1,1,0
synth::刮刮卡製作 1:80刮:2:1::002::r30::m000::t061,1,24,1.0,train,8x10,0.6029365982605097,0.08,1,1,1,1,1,0
synth::刮刮卡製作 1:80刮:2:1::002::r30::m000::t065,1,24,1.0,train,8x10,0.5455066389413898,0.08,1,1,1,1,1,0
synth::刮刮卡製作 1:80刮:2:1::002::r30::m000::t070,1,24,1.0,train,8x10,0.554474473697113,0.08,1,1,1,1,1,0
synth::刮刮卡製作 1:80刮:2:1::002::r30::m000::t074,1,24,1.0,train,8x10,0.5432260634410707,0.08,1,1,1,1,1,0
synth::刮刮卡製作 1:80刮:2:1::002::r30::m000::t079,1,24,1.0,train,8x10,0.5453930524350109,0.08,1,1,1,1,1,0
synth::刮刮卡製作 1:80刮:2:1::002::r30::m000::t080,1,24,1.0,train,8x10,0.5563980249281103,0.08,1,1,1,1,1,0
synth::刮刮卡製作 1:80刮:2:1::002::r50::m000::t004,1,40,1.0,train,8x10,0.6734961600745191,0.08,1,1,1,1,1,0
synth::刮刮卡製作 1:80刮:2:1::002::r50::m000::t008,1,40,1.0,train,8x10,0.7587758113863303,0.08,1,1,1,1,1,0
synth::刮刮卡製作 1:80刮:2:1::002::r50::m000::t009,1,40,1.0,train,8x10,0.6921609253120411,0.08,1,1,1,1,1,0
synth::刮刮卡製作 1:80刮:2:1::002::r50::m000::t010,1,40,1.0,train,8x10,0.6877059462928206,0.08,1,1,1,1,1,0
synth::刮刮卡製作 1:80刮:2:1::002::r50::m000::t013,1,40,1.0,train,8x10,0.6834363828988449,0.08,1,1,1,1,1,0
synth::刮刮卡製作 1:80刮:2:1::002::r50::m000::t014,1,40,1.0,train,8x10,0.6734961600745191,0.08,1,1,1,1,1,0
synth::刮刮卡製作 1:80刮:2:1::002::r50::m000::t016,1,40,1.0,train,8x10,0.8435423789214659,0.08,1,1,1,1,1,0
synth::刮刮卡製作 1:80刮:2:1::002::r50::m000::t017,1,40,1.0,train,8x10,0.6877059462928206,0.08,1,1,1,1,1,0
synth::刮刮卡製作 1:80刮:2:1::002::r50::m000::t019,1,40,1.0,train,8x10,0.6921609253120411,0.08,1,1,1,1,1,0
synth::刮刮卡製作 1:80刮:2:1::002::r50::m000::t025,1,40,1.0,train,8x10,0.6557920965854458,0.08,1,1,1,1,1,0
synth::刮刮卡製作 1:80刮:2:1::002::r50::m000::t027,1,40,1.0,train,8x10,0.6968054070297346,0.08,1,1,1,1,1,0
synth::刮刮卡製作 1:80刮:2:1::002::r50::m000::t028,1,40,1.0,train,8x10,0.7587758113863303,0.08,1,1,1,1,1,0
synth::刮刮卡製作 1:80刮:2:1::002::r50::m000::t030,2,40,0.5,train,8x10,0.6877059462928206,0.08,0,1,1,1,2,0
synth::刮刮卡製作 1:80刮:2:1::002::r50::m000::t031,1,40,1.0,train,8x10,0.6402366576552099,0.08,1,1,1,1,1,0
synth::刮刮卡製作 1:80刮:2:1::002::r50::m000::t033,1,40,1.0,train,8x10,0.6877059462928206,0.08,1,1,1,1,1,0
synth::刮刮卡製作 1:80刮:2:1::002::r50::m000::t036,1,40,1.0,train,8x10,0.8435423789214659,0.08,1,1,1,1,1,0
synth::刮刮卡製作 1:80刮:2:1::002::r50::m000::t039,1,40,1.0,train,8x10,0.6921609253120411,0.08,1,1,1,1,1,0
synth::刮刮卡製作 1:80刮:2:1::002::r50::m000::t042,1,40,1.0,train,8x10,0.6168028605661013,0.08,1,1,1,1,1,0
synth::刮刮卡製作 1:80刮:2:1::002::r50::m000::t043,1,40,1.0,train,8x10,0.6877059462928206,0.08,1,1,1,1,1,0
synth::刮刮卡製作 1:80刮:2:1::002::r50::m000::t044,1,40,1.0,train,8x10,0.6734961600745191,0.08,1,1,1,1,1,0
synth::刮刮卡製作 1:80刮:2:1::002::r50::m000::t045,1,40,1.0,train,8x10,0.647055972466,0.08,1,1,1,1,1,0
synth::刮刮卡製作 1:80刮:2:1::002::r50::m000::t048,1,40,1.0,train,8x10,0.7587758113863303,0.08,1,1,1,1,1,0
synth::刮刮卡製作 1:80刮:2:1::002::r50::m000::t049,1,40,1.0,train,8x10,0.6921609253120411,0.08,1,1,1,1,1,0
synth::刮刮卡製作 1:80刮:2:1::002::r50::m000::t051,1,40,1.0,train,8x10,0.6402366576552099,0.08,1,1,1,1,1,0
synth::刮刮卡製作 1:80刮:2:1::002::r50::m000::t052,1,40,1.0,train,8x10,0.6168028605661013,0.08,1,1,1,1,1,0
synth::刮刮卡製作 1:80刮:2:1::002::r50::m000::t053,1,40,1.0,train,8x10,0.6877059462928206,0.08,1,1,1,1,1,0
synth::刮刮卡製作 1:80刮:2:1::002::r50::m000::t056,1,40,1.0,train,8x10,0.8384421961674309,0.08,1,1,1,1,1,0
synth::刮刮卡製作 1:80刮:2:1::002::r50::m000::t057,1,40,1.0,train,8x10,0.6968054070297346,0.08,1,1,1,1,1,0
synth::刮刮卡製作 1:80刮:2:1::002::r50::m000::t059,1,40,1.0,train,8x10,0.7010590043857832,0.08,1,1,1,1,1,0
synth::刮刮卡製作 1:80刮:2:1::002::r50::m000::t060,1,40,1.0,train,8x10,0.6877059462928206,0.08,1,1,1,1,1,0
synth::刮刮卡製作 1:80刮:2:1::002::r50::m000::t065,1,40,1.0,train,8x10,0.647055972466,0.08,1,1,1,1,1,0
synth::刮刮卡製作 1:80刮:2:1::002::r50::m000::t067,1,40,1.0,train,8x10,0.6877059462928206,0.08,1,1,1,1,1,0
synth::刮刮卡製作 1:80刮:2:1::002::r50::m000::t068,1,40,1.0,train,8x10,0.7587758113863303,0.08,1,1,1,1,1,0
synth::刮刮卡製作 1:80刮:2:1::002::r50::m000::t070,1,40,1.0,train,8x10,0.6877059462928206,0.08,1,1,1,1,1,0
synth::刮刮卡製作 1:80刮:2:1::002::r50::m000::t073,1,40,1.0,train,8x10,0.6877059462928206,0.08,1,1,1,1,1,0
synth::刮刮卡製作 1:80刮:2:1::002::r50::m000::t074,1,40,1.0,train,8x10,0.6734961600745191,0.08,1,1,1,1,1,0
synth::刮刮卡製作 1:80刮:2:1::002::r50::m000::t075,1,40,1.0,train,8x10,0.6557920965854458,0.08,1,1,1,1,1,0
synth::刮刮卡製作 1:80刮:2:1::002::r50::m000::t077,1,40,1.0,train,8x10,0.6968054070297346,0.08,1,1,1,1,1,0
synth::刮刮卡製作 1:80刮:2:1::002::r50::m000::t079,1,40,1.0,train,8x10,0.6921609253120411,0.08,1,1,1,1,1,0
synth::刮刮卡製作 1:80刮:2:1::002::r50::m000::t080,1,40,1.0,train,8x10,0.6877059462928206,0.08,1,1,1,1,1,0
synth::刮刮卡製作 1:80刮:2:1::003::r30::m000::t003,1,24,1.0,train,8x10,0.1684820158079237,0.08,1,1,1,1,1,0
synth::刮刮卡製作 1:80刮:2:1::003::r30::m000::t004,1,24,1.0,train,8x10,0.1684820158079237,0.08,1,1,1,1,1,0
synth::刮刮卡製作 1:80刮:2:1::003::r30::m000::t009,1,24,1.0,train,8x10,0.1684820158079237,0.08,1,1,1,1,1,0
synth::刮刮卡製作 1:80刮:2:1::003::r30::m000::t014,1,24,1.0,train,8x10,0.1684820158079237,0.08,1,1,1,1,1,0
synth::刮刮卡製作 1:80刮:2:1::003::r30::m000::t016,1,24,1.0,train,8x10,0.1758037509555594,0.08,1,1,1,1,1,0
synth::刮刮卡製作 1:80刮:2:1::003::r30::m000::t018,2,24,0.5,train,8x10,0.1758037509555594,0.08,0,1,1,1,2,0
synth::刮刮卡製作 1:80刮:2:1::003::r30::m000::t020,1,24,1.0,train,8x10,0.1684820158079237,0.08,1,1,1,1,1,0
synth::刮刮卡製作 1:80刮:2:1::003::r30::m000::t034,1,24,1.0,train,8x10,0.1684820158079237,0.08,1,1,1,1,1,0
synth::刮刮卡製作 1:80刮:2:1::003::r30::m000::t035,4,24,0.25,train,8x10,0.15356322526114932,0.08,0,0,1,1,3,-1
synth::刮刮卡製作 1:80刮:2:1::003::r30::m000::t039,5,24,0.2,train,8x10,0.1684820158079237,0.08,0,0,1,1,4,-1
synth::刮刮卡製作 1:80刮:2:1::003::r30::m000::t041,1,24,1.0,train,8x10,0.21440201061747866,0.08,1,1,1,1,1,0
synth::刮刮卡製作 1:80刮:2:1::003::r30::m000::t045,1,24,1.0,train,8x10,0.15356322526114932,0.08,1,1,1,1,1,0
synth::刮刮卡製作 1:80刮:2:1::003::r30::m000::t047,1,24,1.0,train,8x10,0.2366425363118888,0.08,1,1,1,1,1,0
synth::刮刮卡製作 1:80刮:2:1::003::r30::m000::t053,1,24,1.0,train,8x10,0.1684820158079237,0.08,1,1,1,1,1,0
synth::刮刮卡製作 1:80刮:2:1::003::r30::m000::t060,1,24,1.0,train,8x10,0.1684820158079237,0.08,1,1,1,1,1,0
synth::刮刮卡製作 1:80刮:2:1::003::r30::m000::t061,1,24,1.0,train,8x10,0.21440201061747866,0.08,1,1,1,1,1,0
synth::刮刮卡製作 1:80刮:2:1::003::r30::m000::t063,1,24,1.0,train,8x10,0.1684820158079237,0.08,1,1,1,1,1,0
synth::刮刮卡製作 1:80刮:2:1::003::r30::m000::t069,1,24,1.0,train,8x10,0.1684820158079237,0.08,1,1,1,1,1,0
synth::刮刮卡製作 1:80刮:2:1::003::r30::m000::t070,5,24,0.2,train,8x10,0.1684820158079237,0.08,0,0,1,1,3,-2
synth::刮刮卡製作 1:80刮:2:1::003::r30::m000::t072,1,24,1.0,train,8x10,0.23424452838117008,0.08,1,1,1,1,1,0
synth::刮刮卡製作 1:80刮:2:1::003::r30::m000::t073,1,24,1.0,train,8x10,0.1684820158079237,0.08,1,1,1,1,1,0
synth::刮刮卡製作 1:80刮:2:1::003::r30::m000::t074,1,24,1.0,train,8x10,0.1684820158079237,0.08,1,1,1,1,1,0
synth::刮刮卡製作 1:80刮:2:1::003::r30::m000::t079,1,24,1.0,train,8x10,0.1684820158079237,0.08,1,1,1,1,2,1
synth::刮刮卡製作 1:80刮:2:1::003::r30::m000::t080,1,24,1.0,train,8x10,0.1684820158079237,0.08,1,1,1,1,1,0
synth::刮刮卡製作 1:80刮:2:1::003::r50::m000::t001,1,40,1.0,train,8x10,0.3635308173843566,0.08,1,1,1,1,1,0
synth::刮刮卡製作 1:80刮:2:1::003::r50::m000::t004,1,40,1.0,train,8x10,0.39118830443555574,0.08,1,1,1,1,1,0
synth::刮刮卡製作 1:80刮:2:1::003::r50::m000::t005,1,40,1.0,train,8x10,0.3721012771489622,0.08,1,1,1,1,1,0
synth::刮刮卡製作 1:80刮:2:1::003::r50::m000::t006,1,40,1.0,train,8x10,0.3578914909306613,0.08,1,1,1,1,1,0
synth::刮刮卡製作 1:80刮:2:1::003::r50::m000::t007,1,40,1.0,train,8x10,0.377740603602658,0.08,1,1,1,1,1,0
synth::刮刮卡製作 1:80刮:2:1::003::r50::m000::t010,1,40,1.0,train,8x10,0.3761595620316488,0.08,1,1,1,1,1,0
synth::刮刮卡製作 1:80刮:2:1::003::r50::m000::t013,1,40,1.0,train,8x10,0.329235067541733,0.08,1,1,1,1,1,0
synth::刮刮卡製作 1:80刮:2:1::003::r50::m000::t015,1,40,1.0,train,8x10,0.3721012771489622,0.08,1,1,1,1,1,0
synth::刮刮卡製作 1:80刮:2:1::003::r50::m000::t016,1,40,1.0,train,8x10,0.3578914909306613,0.08,1,1,1,1,1,0
synth::刮刮卡製作 1:80刮:2:1::003::r50::m000::t017,1,40,1.0,train,8x10,0.377740603602658,0.08,1,1,1,1,1,0
synth::刮刮卡製作 1:80刮:2:1::003::r50::m000::t022,2,40,0.5,train,8x10,0.35544851373416353,0.08,0,1,1,1,2,0
synth::刮刮卡製作 1:80刮:2:1::003::r50::m000::t023,1,40,1.0,train,8x10,0.329235067541733,0.08,1,1,1,1,1,0
synth::刮刮卡製作 1:80刮:2:1::003::r50::m000::t024,1,40,1.0,train,8x10,0.39118830443555574,0.08,1,1,1,1,1,0
synth::刮刮卡製作 1:80刮:2:1::003::r50::m000::t025,1,40,1.0,train,8x10,0.3721012771489622,0.08,1,1,1,1,1,0
synth::刮刮卡製作 1:80刮:2:1::003::r50::m000::t028,1,40,1.0,train,8x10,0.3664369449169588,0.08,1,1,1,1,1,0
synth::刮刮卡製作 1:80刮:2:1::003::r50::m000::t029,1,40,1.0,train,8x10,0.46935890503523653,0.08,1,1,1,1,1,0
synth::刮刮卡製作 1:80刮:2:1::003::r50::m000::t030,1,40,1.0,train,8x10,0.3635308173843566,0.08,1,1,1,1,1,0
synth::刮刮卡製作 1:80刮:2:1::003::r50::m000::t032,2,40,0.5,train,8x10,0.35544851373416353,0.08,0,1,1,1,2,0
synth::刮刮卡製作 1:80刮:2:1::003::r50::m000::t035,1,40,1.0,train,8x10,0.3721012771489622,0.08,1,1,1,1,1,0
synth::刮刮卡製作 1:80刮:2:1::003::r50::m000::t036,1,40,1.0,train,8x10,0.3578914909306613,0.08,1,1,1,1,1,0
synth::刮刮卡製作 1:80刮:2:1::003::r50::m000::t037,1,40,1.0,train,8x10,0.377740603602658,0.08,1,1,1,1,1,0
synth::刮刮卡製作 1:80刮:2:1::003::r50::m000::t039,7,40,0.14285714285714285,train,8x10,0.46935890503523653,0.08,0,0,0,1,3,-4
synth::刮刮卡製作 1:80刮:2:1::003::r50::m000::t040,10,40,0.1,train,8x10,0.3635308173843566,0.08,0,0,0,1,1,-9
synth::刮刮卡製作 1:80刮:2:1::003::r50::m000::t041,1,40,1.0,train,8x10,0.3635308173843566,0.08,1,1,1,1,1,0
synth::刮刮卡製作 1:80刮:2:1::003::r50::m000::t043,1,40,1.0,train,8x10,0.329235067541733,0.08,1,1,1,1,1,0
synth::刮刮卡製作 1:80刮:2:1::003::r50::m000::t047,1,40,1.0,train,8x10,0.3714534814405883,0.08,1,1,1,1,1,0
synth::刮刮卡製作 1:80刮:2:1::003::r50::m000::t049,9,40,0.1111111111111111,train,8x10,0.4648231498782224,0.08,0,0,0,1,6,-3
synth::刮刮卡製作 1:80刮:2:1::003::r50::m000::t052,6,40,0.16666666666666666,train,8x10,0.35544851373416353,0.08,0,0,0,1,6,0
synth::刮刮卡製作 1:80刮:2:1::003::r50::m000::t053,1,40,1.0,train,8x10,0.329235067541733,0.08,1,1,1,1,1,0
synth::刮刮卡製作 1:80刮:2:1::003::r50::m000::t057,2,40,0.5,train,8x10,0.377740603602658,0.08,0,1,1,1,2,0
synth::刮刮卡製作 1:80刮:2:1::003::r50::m000::t058,1,40,1.0,train,8x10,0.3664369449169588,0.08,1,1,1,1,1,0
synth::刮刮卡製作 1:80刮:2:1::003::r50::m000::t059,1,40,1.0,train,8x10,0.46935890503523653,0.08,1,1,1,1,1,0
synth::刮刮卡製作 1:80刮:2:1::003::r50::m000::t060,1,40,1.0,train,8x10,0.3635308173843566,0.08,1,1,1,1,1,0
synth::刮刮卡製作 1:80刮:2:1::003::r50::m000::t061,1,40,1.0,train,8x10,0.3635308173843566,0.08,1,1,1,1,1,0
synth::刮刮卡製作 1:80刮:2:1::003::r50::m000::t064,1,40,1.0,train,8x10,0.38490118227348613,0.08,1,1,1,1,1,0
synth::刮刮卡製作 1:80刮:2:1::003::r50::m000::t066,8,40,0.125,train,8x10,0.3563091695491616,0.08,0,0,0,1,1,-7
synth::刮刮卡製作 1:80刮:2:1::003::r50::m000::t068,1,40,1.0,train,8x10,0.3664369449169588,0.08,1,1,1,1,1,0
synth::刮刮卡製作 1:80刮:2:1::003::r50::m000::t071,1,40,1.0,train,8x10,0.3635308173843566,0.08,1,1,1,1,1,0
synth::刮刮卡製作 1:80刮:2:1::003::r50::m000::t072,1,40,1.0,train,8x10,0.35544851373416353,0.08,1,1,1,1,1,0
synth::刮刮卡製作 1:80刮:2:1::003::r50::m000::t075,1,40,1.0,train,8x10,0.3721012771489622,0.08,1,1,1,1,1,0
synth::刮刮卡製作 1:80刮:2:1::000::r30::m000::t005,17,24,0.058823529411764705,valid,8x10,0.2974073255082853,0.08,0,0,0,0,14,-3
synth::刮刮卡製作 1:80刮:2:1::000::r30::m000::t009,7,24,0.14285714285714285,valid,8x10,0.26622537046597033,0.08,0,0,0,1,5,-2
synth::刮刮卡製作 1:80刮:2:1::000::r30::m000::t011,16,24,0.0625,valid,8x10,0.26365472892226527,0.08,0,0,0,0,18,2
synth::刮刮卡製作 1:80刮:2:1::000::r30::m000::t014,20,24,0.05,valid,8x10,0.2869022495915452,0.08,0,0,0,0,19,-1
synth::刮刮卡製作 1:80刮:2:1::000::r30::m000::t016,18,24,0.05555555555555555,valid,8x10,0.28481076966141217,0.08,0,0,0,0,15,-3
synth::刮刮卡製作 1:80刮:2:1::000::r30::m000::t019,24,24,0.041666666666666664,valid,8x10,0.2599763603231714,0.08,0,0,0,0,22,-2
synth::刮刮卡製作 1:80刮:2:1::000::r30::m000::t025,8,24,0.125,valid,8x10,0.30079745485286025,0.08,0,0,0,1,15,7
synth::刮刮卡製作 1:80刮:2:1::000::r30::m000::t031,13,24,0.07692307692307693,valid,8x10,0.26365472892226527,0.08,0,0,0,0,21,8
synth::刮刮卡製作 1:80刮:2:1::000::r30::m000::t032,12,24,0.08333333333333333,valid,8x10,0.27616861892219935,0.08,0,0,0,0,9,-3
synth::刮刮卡製作 1:80刮:2:1::000::r30::m000::t033,2,24,0.5,valid,8x10,0.37830830158197437,0.08,0,1,1,1,1,-1
synth::刮刮卡製作 1:80刮:2:1::000::r30::m000::t038,2,24,0.5,valid,8x10,0.37830830158197437,0.08,0,1,1,1,2,0
synth::刮刮卡製作 1:80刮:2:1::000::r30::m000::t040,2,24,0.5,valid,8x10,0.2599763603231714,0.08,0,1,1,1,7,5
synth::刮刮卡製作 1:80刮:2:1::000::r30::m000::t041,18,24,0.05555555555555555,valid,8x10,0.26365472892226527,0.08,0,0,0,0,15,-3
synth::刮刮卡製作 1:80刮:2:1::000::r30::m000::t042,3,24,0.3333333333333333,valid,8x10,0.27616861892219935,0.08,0,1,1,1,3,0
synth::刮刮卡製作 1:80刮:2:1::000::r30::m000::t045,17,24,0.058823529411764705,valid,8x10,0.30079745485286025,0.08,0,0,0,0,9,-8
synth::刮刮卡製作 1:80刮:2:1::000::r30::m000::t046,10,24,0.1,valid,8x10,0.28481076966141217,0.08,0,0,0,1,12,2
synth::刮刮卡製作 1:80刮:2:1::000::r30::m000::t047,14,24,0.07142857142857142,valid,8x10,0.37830830158197437,0.08,0,0,0,0,17,3
synth::刮刮卡製作 1:80刮:2:1::000::r30::m000::t057,21,24,0.047619047619047616,valid,8x10,0.37830830158197437,0.08,0,0,0,0,16,-5
synth::刮刮卡製作 1:80刮:2:1::000::r30::m000::t068,11,24,0.09090909090909091,valid,8x10,0.37830830158197437,0.08,0,0,0,0,22,11
synth::刮刮卡製作 1:80刮:2:1::000::r30::m000::t072,22,24,0.045454545454545456,valid,8x10,0.27301187010234695,0.08,0,0,0,0,23,1
synth::刮刮卡製作 1:80刮:2:1::000::r30::m000::t073,11,24,0.09090909090909091,valid,8x10,0.37830830158197437,0.08,0,0,0,0,11,0
synth::刮刮卡製作 1:80刮:2:1::000::r30::m000::t075,14,24,0.07142857142857142,valid,8x10,0.30079745485286025,0.08,0,0,0,0,4,-10
synth::刮刮卡製作 1:80刮:2:1::000::r30::m000::t076,10,24,0.1,valid,8x10,0.28481076966141217,0.08,0,0,0,1,8,-2
synth::刮刮卡製作 1:80刮:2:1::000::r30::m000::t080,24,24,0.041666666666666664,valid,8x10,0.2593387712622287,0.08,0,0,0,0,21,-3
synth::刮刮卡製作 1:80刮:2:1::000::r50::m000::t001,2,40,0.5,valid,8x10,0.11584325478658397,0.08,0,1,1,1,40,38
synth::刮刮卡製作 1:80刮:2:1::000::r50::m000::t002,17,40,0.058823529411764705,valid,8x10,0.13962155583888974,0.08,0,0,0,0,25,8
synth::刮刮卡製作 1:80刮:2:1::000::r50::m000::t003,21,40,0.047619047619047616,valid,8x10,0.4041136665720957,0.08,0,0,0,0,12,-9
synth::刮刮卡製作 1:80刮:2:1::000::r50::m000::t004,10,40,0.1,valid,8x10,0.0364125610442431,0.08,0,0,0,1,37,27
synth::刮刮卡製作 1:80刮:2:1::000::r50::m000::t005,19,40,0.05263157894736842,valid,8x10,0.1348609866847772,0.08,0,0,0,0,15,-4
synth::刮刮卡製作 1:80刮:2:1::000::r50::m000::t007,37,40,0.02702702702702703,valid,8x10,0.16353812905086001,0.08,0,0,0,0,12,-25
synth::刮刮卡製作 1:80刮:2:1::000::r50::m000::t010,25,40,0.04,valid,8x10,0.10846708880742922,0.08,0,0,0,0,8,-17
synth::刮刮卡製作 1:80刮:2:1::000::r50::m000::t013,27,40,0.037037037037037035,valid,8x10,0.4041136665720957,0.08,0,0,0,0,26,-1
synth::刮刮卡製作 1:80刮:2:1::000::r50::m000::t014,3,40,0.3333333333333333,valid,8x10,0.0364125610442431,0.08,0,1,1,1,1,-2
synth::刮刮卡製作 1:80刮:2:1::000::r50::m000::t020,10,40,0.1,valid,8x10,0.10846708880742922,0.08,0,0,0,1,27,17
synth::刮刮卡製作 1:80刮:2:1::000::r50::m000::t021,7,40,0.14285714285714285,valid,8x10,0.11584325478658397,0.08,0,0,0,1,7,0
synth::刮刮卡製作 1:80刮:2:1::000::r50::m000::t024,6,40,0.16666666666666666,valid,8x10,0.042405860562028386,0.08,0,0,0,1,35,29
synth::刮刮卡製作 1:80刮:2:1::000::r50::m000::t026,4,40,0.25,valid,8x10,0.0927489131781977,0.08,0,0,1,1,4,0
synth::刮刮卡製作 1:80刮:2:1::000::r50::m000::t027,33,40,0.030303030303030304,valid,8x10,0.1480969746835752,0.08,0,0,0,0,24,-9
synth::刮刮卡製作 1:80刮:2:1::000::r50::m000::t030,27,40,0.037037037037037035,valid,8x10,0.10846708880742922,0.08,0,0,0,0,26,-1
synth::刮刮卡製作 1:80刮:2:1::000::r50::m000::t032,1,40,1.0,valid,8x10,0.13962155583888974,0.08,1,1,1,1,2,1
synth::刮刮卡製作 1:80刮:2:1::000::r50::m000::t038,25,40,0.04,valid,8x10,0.3590054802220548,0.08,0,0,0,0,10,-15
synth::刮刮卡製作 1:80刮:2:1::000::r50::m000::t039,32,40,0.03125,valid,8x10,0.0843978115885603,0.08,0,0,0,0,36,4
synth::刮刮卡製作 1:80刮:2:1::000::r50::m000::t041,37,40,0.02702702702702703,valid,8x10,0.11584325478658397,0.08,0,0,0,0,21,-16
synth::刮刮卡製作 1:80刮:2:1::000::r50::m000::t043,22,40,0.045454545454545456,valid,8x10,0.4041136665720957,0.08,0,0,0,0,33,11
synth::刮刮卡製作 1:80刮:2:1::000::r50::m000::t047,14,40,0.07142857142857142,valid,8x10,0.1480969746835752,0.08,0,0,0,0,20,6
synth::刮刮卡製作 1:80刮:2:1::000::r50::m000::t048,2,40,0.5,valid,8x10,0.3590054802220548,0.08,0,1,1,1,2,0
synth::刮刮卡製作 1:80刮:2:1::000::r50::m000::t049,3,40,0.3333333333333333,valid,8x10,0.0843978115885603,0.08,0,1,1,1,36,33
synth::刮刮卡製作 1:80刮:2:1::000::r50::m000::t053,8,40,0.125,valid,8x10,0.4041136665720957,0.08,0,0,0,1,22,14
synth::刮刮卡製作 1:80刮:2:1::000::r50::m000::t054,17,40,0.058823529411764705,valid,8x10,0.0364125610442431,0.08,0,0,0,0,32,15
synth::刮刮卡製作 1:80刮:2:1::000::r50::m000::t056,23,40,0.043478260869565216,valid,8x10,0.09381342853362146,0.08,0,0,0,0,33,10
synth::刮刮卡製作 1:80刮:2:1::000::r50::m000::t059,8,40,0.125,valid,8x10,0.0843978115885603,0.08,0,0,0,1,12,4
synth::刮刮卡製作 1:80刮:2:1::000::r50::m000::t061,21,40,0.047619047619047616,valid,8x10,0.11500824293664114,0.08,0,0,0,0,5,-16
synth::刮刮卡製作 1:80刮:2:1::000::r50::m000::t063,28,40,0.03571428571428571,valid,8x10,0.39847537601934735,0.08,0,0,0,0,30,2
synth::刮刮卡製作 1:80刮:2:1::000::r50::m000::t065,39,40,0.02564102564102564,valid,8x10,0.12813602281290593,0.08,0,0,0,0,38,-1
synth::刮刮卡製作 1:80刮:2:1::000::r50::m000::t066,36,40,0.027777777777777776,valid,8x10,0.09381342853362146,0.08,0,0,0,0,36,0
synth::刮刮卡製作 1:80刮:2:1::000::r50::m000::t069,40,40,0.025,valid,8x10,0.0843978115885603,0.08,0,0,0,0,35,-5
synth::刮刮卡製作 1:80刮:2:1::000::r50::m000::t070,5,40,0.2,valid,8x10,0.10846708880742922,0.08,0,0,1,1,5,0
synth::刮刮卡製作 1:80刮:2:1::000::r50::m000::t071,20,40,0.05,valid,8x10,0.11584325478658397,0.08,0,0,0,0,21,1
synth::刮刮卡製作 1:80刮:2:1::000::r50::m000::t072,39,40,0.02564102564102564,valid,8x10,0.13962155583888974,0.08,0,0,0,0,40,1
synth::刮刮卡製作 1:80刮:2:1::000::r50::m000::t073,7,40,0.14285714285714285,valid,8x10,0.39847537601934735,0.08,0,0,0,1,28,21
synth::刮刮卡製作 1:80刮:2:1::000::r50::m000::t075,35,40,0.02857142857142857,valid,8x10,0.12813602281290593,0.08,0,0,0,0,12,-23
synth::刮刮卡製作 1:80刮:2:1::000::r50::m000::t076,27,40,0.037037037037037035,valid,8x10,0.09381342853362146,0.08,0,0,0,0,14,-13
synth::刮刮卡製作 1:80刮:2:1::000::r50::m000::t078,1,40,1.0,valid,8x10,0.3590054802220548,0.08,1,1,1,1,2,1
synth::刮刮卡製作 1:80刮:2:1::000::r50::m000::t080,31,40,0.03225806451612903,valid,8x10,0.10846708880742922,0.08,0,0,0,0,22,-9
刮刮卡製作 1:80刮:2:1::r30::m000::t001,21,24,0.047619047619047616,holdout,8x10,0.23072898405057327,0.08,0,0,0,0,21,0
刮刮卡製作 1:80刮:2:1::r30::m000::t002,11,24,0.09090909090909091,holdout,8x10,0.2720447894239085,0.08,0,0,0,0,16,5
刮刮卡製作 1:80刮:2:1::r30::m000::t004,7,24,0.14285714285714285,holdout,8x10,0.3437760057260671,0.08,0,0,0,1,3,-4
刮刮卡製作 1:80刮:2:1::r30::m000::t007,16,24,0.0625,holdout,8x10,0.22400406541109497,0.08,0,0,0,0,10,-6
刮刮卡製作 1:80刮:2:1::r30::m000::t008,4,24,0.25,holdout,8x10,0.25565897251033526,0.08,0,0,1,1,4,0
刮刮卡製作 1:80刮:2:1::r30::m000::t017,24,24,0.041666666666666664,holdout,8x10,0.22326999340998457,0.08,0,0,0,0,22,-2
刮刮卡製作 1:80刮:2:1::r30::m000::t022,7,24,0.14285714285714285,holdout,8x10,0.2720447894239085,0.08,0,0,0,1,11,4
刮刮卡製作 1:80刮:2:1::r30::m000::t024,16,24,0.0625,holdout,8x10,0.3437760057260671,0.08,0,0,0,0,13,-3
刮刮卡製作 1:80刮:2:1::r30::m000::t028,17,24,0.058823529411764705,holdout,8x10,0.25565897251033526,0.08,0,0,0,0,19,2
刮刮卡製作 1:80刮:2:1::r30::m000::t039,4,24,0.25,holdout,8x10,0.24644870727191992,0.08,0,0,1,1,4,0
刮刮卡製作 1:80刮:2:1::r30::m000::t040,6,24,0.16666666666666666,holdout,8x10,0.2720447894239085,0.08,0,0,0,1,8,2
刮刮卡製作 1:80刮:2:1::r30::m000::t042,1,24,1.0,holdout,8x10,0.2720447894239085,0.08,1,1,1,1,1,0
刮刮卡製作 1:80刮:2:1::r30::m000::t047,8,24,0.125,holdout,8x10,0.22400406541109497,0.08,0,0,0,1,12,4
刮刮卡製作 1:80刮:2:1::r30::m000::t048,2,24,0.5,holdout,8x10,0.25565897251033526,0.08,0,1,1,1,7,5
刮刮卡製作 1:80刮:2:1::r30::m000::t050,11,24,0.09090909090909091,holdout,8x10,0.2720447894239085,0.08,0,0,0,0,12,1
刮刮卡製作 1:80刮:2:1::r30::m000::t053,18,24,0.05555555555555555,holdout,8x10,0.24203252357352445,0.08,0,0,0,0,19,1
刮刮卡製作 1:80刮:2:1::r30::m000::t056,1,24,1.0,holdout,8x10,0.23072898405057327,0.08,1,1,1,1,1,0
刮刮卡製作 1:80刮:2:1::r30::m000::t065,3,24,0.3333333333333333,holdout,8x10,0.2754704507063439,0.08,0,1,1,1,21,18
刮刮卡製作 1:80刮:2:1::r30::m000::t070,24,24,0.041666666666666664,holdout,8x10,0.268574032994227,0.08,0,0,0,0,24,0
刮刮卡製作 1:80刮:2:1::r30::m000::t071,6,24,0.16666666666666666,holdout,8x10,0.23072898405057327,0.08,0,0,0,1,1,-5
刮刮卡製作 1:80刮:2:1::r30::m000::t072,11,24,0.09090909090909091,holdout,8x10,0.2720447894239085,0.08,0,0,0,0,13,2
刮刮卡製作 1:80刮:2:1::r30::m000::t073,15,24,0.06666666666666667,holdout,8x10,0.24977847899403616,0.08,0,0,0,0,8,-7
刮刮卡製作 1:80刮:2:1::r30::m000::t076,1,24,1.0,holdout,8x10,0.2275235019372397,0.08,1,1,1,1,1,0
刮刮卡製作 1:80刮:2:1::r30::m000::t080,13,24,0.07692307692307693,holdout,8x10,0.2720447894239085,0.08,0,0,0,0,8,-5
刮刮卡製作 1:80刮:2:1::r50::m000::t012,27,40,0.037037037037037035,holdout,8x10,0.2828396528054018,0.08,0,0,0,0,12,-15
刮刮卡製作 1:80刮:2:1::r50::m000::t016,10,40,0.1,holdout,8x10,0.32318873671878795,0.08,0,0,0,1,12,2
刮刮卡製作 1:80刮:2:1::r50::m000::t018,21,40,0.047619047619047616,holdout,8x10,0.3673417863931636,0.08,0,0,0,0,34,13
刮刮卡製作 1:80刮:2:1::r50::m000::t019,12,40,0.08333333333333333,holdout,8x10,0.39870279460608504,0.08,0,0,0,0,17,5
刮刮卡製作 1:80刮:2:1::r50::m000::t021,33,40,0.030303030303030304,holdout,8x10,0.30956207639638067,0.08,0,0,0,0,35,2
刮刮卡製作 1:80刮:2:1::r50::m000::t022,2,40,0.5,holdout,8x10,0.2992482012253792,0.08,0,1,1,1,2,0
刮刮卡製作 1:80刮:2:1::r50::m000::t024,32,40,0.03125,holdout,8x10,0.4248231532956383,0.08,0,0,0,0,12,-20
刮刮卡製作 1:80刮:2:1::r50::m000::t027,22,40,0.045454545454545456,holdout,8x10,0.5674121536128514,0.08,0,0,0,0,18,-4
刮刮卡製作 1:80刮:2:1::r50::m000::t028,32,40,0.03125,holdout,8x10,0.3673417863931636,0.08,0,0,0,0,35,3
刮刮卡製作 1:80刮:2:1::r50::m000::t032,34,40,0.029411764705882353,holdout,8x10,0.2828396528054018,0.08,0,0,0,0,39,5
刮刮卡製作 1:80刮:2:1::r50::m000::t034,6,40,0.16666666666666666,holdout,8x10,0.4091701826811145,0.08,0,0,0,1,7,1
刮刮卡製作 1:80刮:2:1::r50::m000::t035,33,40,0.030303030303030304,holdout,8x10,0.3517746921502058,0.08,0,0,0,0,2,-31
刮刮卡製作 1:80刮:2:1::r50::m000::t038,32,40,0.03125,holdout,8x10,0.3673417863931636,0.08,0,0,0,0,30,-2
刮刮卡製作 1:80刮:2:1::r50::m000::t039,30,40,0.03333333333333333,holdout,8x10,0.39586292409445967,0.08,0,0,0,0,11,-19
刮刮卡製作 1:80刮:2:1::r50::m000::t041,28,40,0.03571428571428571,holdout,8x10,0.30373572578868324,0.08,0,0,0,0,17,-11
刮刮卡製作 1:80刮:2:1::r50::m000::t044,14,40,0.07142857142857142,holdout,8x10,0.4091701826811145,0.08,0,0,0,0,1,-13
刮刮卡製作 1:80刮:2:1::r50::m000::t045,6,40,0.16666666666666666,holdout,8x10,0.3517746921502058,0.08,0,0,0,1,36,30
刮刮卡製作 1:80刮:2:1::r50::m000::t046,5,40,0.2,holdout,8x10,0.32318873671878795,0.08,0,0,1,1,7,2
刮刮卡製作 1:80刮:2:1::r50::m000::t049,9,40,0.1111111111111111,holdout,8x10,0.39870279460608504,0.08,0,0,0,1,27,18
刮刮卡製作 1:80刮:2:1::r50::m000::t050,26,40,0.038461538461538464,holdout,8x10,0.3026078245437804,0.08,0,0,0,0,22,-4
刮刮卡製作 1:80刮:2:1::r50::m000::t051,20,40,0.05,holdout,8x10,0.30956207639638067,0.08,0,0,0,0,23,3
刮刮卡製作 1:80刮:2:1::r50::m000::t053,16,40,0.0625,holdout,8x10,0.5876800031193735,0.08,0,0,0,0,29,13
刮刮卡製作 1:80刮:2:1::r50::m000::t054,3,40,0.3333333333333333,holdout,8x10,0.4091701826811145,0.08,0,1,1,1,39,36
刮刮卡製作 1:80刮:2:1::r50::m000::t055,31,40,0.03225806451612903,holdout,8x10,0.3517746921502058,0.08,0,0,0,0,34,3
刮刮卡製作 1:80刮:2:1::r50::m000::t056,20,40,0.05,holdout,8x10,0.32318873671878795,0.08,0,0,0,0,10,-10
刮刮卡製作 1:80刮:2:1::r50::m000::t057,9,40,0.1111111111111111,holdout,8x10,0.5674121536128514,0.08,0,0,0,1,11,2
刮刮卡製作 1:80刮:2:1::r50::m000::t058,23,40,0.043478260869565216,holdout,8x10,0.3673417863931636,0.08,0,0,0,0,32,9
刮刮卡製作 1:80刮:2:1::r50::m000::t059,15,40,0.06666666666666667,holdout,8x10,0.39870279460608504,0.08,0,0,0,0,19,4
刮刮卡製作 1:80刮:2:1::r50::m000::t060,38,40,0.02631578947368421,holdout,8x10,0.3026078245437804,0.08,0,0,0,0,24,-14
刮刮卡製作 1:80刮:2:1::r50::m000::t064,31,40,0.03225806451612903,holdout,8x10,0.4091701826811145,0.08,0,0,0,0,30,-1
刮刮卡製作 1:80刮:2:1::r50::m000::t065,20,40,0.05,holdout,8x10,0.3517746921502058,0.08,0,0,0,0,40,20
刮刮卡製作 1:80刮:2:1::r50::m000::t066,36,40,0.027777777777777776,holdout,8x10,0.32318873671878795,0.08,0,0,0,0,33,-3
刮刮卡製作 1:80刮:2:1::r50::m000::t067,2,40,0.5,holdout,8x10,0.5674121536128514,0.08,0,1,1,1,3,1
刮刮卡製作 1:80刮:2:1::r50::m000::t068,26,40,0.038461538461538464,holdout,8x10,0.3673417863931636,0.08,0,0,0,0,36,10
刮刮卡製作 1:80刮:2:1::r50::m000::t069,1,40,1.0,holdout,8x10,0.39870279460608504,0.08,1,1,1,1,1,0
刮刮卡製作 1:80刮:2:1::r50::m000::t073,31,40,0.03225806451612903,holdout,8x10,0.5876800031193735,0.08,0,0,0,0,18,-13
刮刮卡製作 1:80刮:2:1::r50::m000::t074,31,40,0.03225806451612903,holdout,8x10,0.4091701826811145,0.08,0,0,0,0,7,-24
刮刮卡製作 1:80刮:2:1::r50::m000::t075,2,40,0.5,holdout,8x10,0.3517746921502058,0.08,0,1,1,1,24,22
刮刮卡製作 1:80刮:2:1::r50::m000::t079,34,40,0.029411764705882353,holdout,8x10,0.39870279460608504,0.08,0,0,0,0,29,-5
刮刮卡製作 1:80刮:2:1::r50::m000::t080,8,40,0.125,holdout,8x10,0.3026078245437804,0.08,0,0,0,1,8,0
synth::刮刮卡製作 1:80刮:2:1::001::r30::m000::t001,1,24,1.0,train,8x10,0.3729662870922829,0.1,1,1,1,1,1,0
synth::刮刮卡製作 1:80刮:2:1::001::r30::m000::t010,1,24,1.0,train,8x10,0.45341120730863593,0.1,1,1,1,1,1,0
synth::刮刮卡製作 1:80刮:2:1::001::r30::m000::t011,1,24,1.0,train,8x10,0.3729662870922829,0.1,1,1,1,1,1,0
synth::刮刮卡製作 1:80刮:2:1::001::r30::m000::t013,1,24,1.0,train,8x10,0.4017459049571932,0.1,1,1,1,1,1,0
synth::刮刮卡製作 1:80刮:2:1::001::r30::m000::t015,4,24,0.25,train,8x10,0.4012021147059278,0.1,0,0,1,1,2,-2
synth::刮刮卡製作 1:80刮:2:1::001::r30::m000::t016,1,24,1.0,train,8x10,0.40740085119603275,0.1,1,1,1,1,1,0
synth::刮刮卡製作 1:80刮:2:1::001::r30::m000::t020,1,24,1.0,train,8x10,0.44628623469676143,0.1,1,1,1,1,1,0
synth::刮刮卡製作 1:80刮:2:1::001::r30::m000::t023,1,24,1.0,train,8x10,0.4017459049571932,0.1,1,1,1,1,1,0
synth::刮刮卡製作 1:80刮:2:1::001::r30::m000::t024,1,24,1.0,train,8x10,0.4012021147059278,0.1,1,1,1,1,1,0
synth::刮刮卡製作 1:80刮:2:1::001::r30::m000::t025,1,24,1.0,train,8x10,0.4012021147059278,0.1,1,1,1,1,1,0
synth::刮刮卡製作 1:80刮:2:1::001::r30::m000::t030,1,24,1.0,train,8x10,0.44628623469676143,0.1,1,1,1,1,1,0
synth::刮刮卡製作 1:80刮:2:1::001::r30::m000::t033,1,24,1.0,train,8x10,0.4017459049571932,0.1,1,1,1,1,1,0
synth::刮刮卡製作 1:80刮:2:1::001::r30::m000::t034,2,24,0.5,train,8x10,0.4012021147059278,0.1,0,1,1,1,2,0
synth::刮刮卡製作 1:80刮:2:1::001::r30::m000::t037,1,24,1.0,train,8x10,0.3793131903815242,0.1,1,1,1,1,1,0
synth::刮刮卡製作 1:80刮:2:1::001::r30::m000::t039,1,24,1.0,train,8x10,0.5289180625592204,0.1,1,1,1,1,1,0
synth::刮刮卡製作 1:80刮:2:1::001::r30::m000::t040,1,24,1.0,train,8x10,0.44628623469676143,0.1,1,1,1,1,1,0
synth::刮刮卡製作 1:80刮:2:1::001::r30::m000::t052,1,24,1.0,train,8x10,0.40740085119603275,0.1,1,1,1,1,1,0
synth::刮刮卡製作 1:80刮:2:1::001::r30::m000::t062,1,24,1.0,train,8x10,0.4044532391981841,0.1,1,1,1,1,1,0
synth::刮刮卡製作 1:80刮:2:1::001::r30::m000::t063,1,24,1.0,train,8x10,0.4017459049571932,0.1,1,1,1,1,1,0
synth::刮刮卡製作 1:80刮:2:1::001::r30::m000::t064,1,24,1.0,train,8x10,0.3993488132838263,0.1,1,1,1,1,1,0
synth::刮刮卡製作 1:80刮:2:1::001::r30::m000::t070,1,24,1.0,train,8x10,0.44333862269891267,0.1,1,1,1,1,1,0
synth::刮刮卡製作 1:80刮:2:1::001::r30::m000::t075,1,24,1.0,train,8x10,0.4012021147059278,0.1,1,1,1,1,1,0
synth::刮刮卡製作 1:80刮:2:1::001::r30::m000::t076,1,24,1.0,train,8x10,0.40740085119603275,0.1,1,1,1,1,1,0
synth::刮刮卡製作 1:80刮:2:1::001::r30::m000::t080,1,24,1.0,train,8x10,0.44628623469676143,0.1,1,1,1,1,1,0
synth::刮刮卡製作 1:80刮:2:1::001::r50::m000::t001,1,40,1.0,train,8x10,0.4177093866889665,0.1,1,1,1,1,1,0
synth::刮刮卡製作 1:80刮:2:1::001::r50::m000::t002,1,40,1.0,train,8x10,0.2408460396280281,0.1,1,1,1,1,1,0
synth::刮刮卡製作 1:80刮:2:1::001::r50::m000::t006,1,40,1.0,train,8x10,0.2593679763687624,0.1,1,1,1,1,1,0
synth::刮刮卡製作 1:80刮:2:1::001::r50::m000::t007,1,40,1.0,train,8x10,0.24006318980217017,0.1,1,1,1,1,1,0
synth::刮刮卡製作 1:80刮:2:1::001::r50::m000::t009,2,40,0.5,train,8x10,0.2733825995186431,0.1,0,1,1,1,2,0
synth::刮刮卡製作 1:80刮:2:1::001::r50::m000::t010,1,40,1.0,train,8x10,0.28548929467504813,0.1,1,1,1,1,1,0
synth::刮刮卡製作 1:80刮:2:1::001::r50::m000::t012,1,40,1.0,train,8x10,0.2408460396280281,0.1,1,1,1,1,1,0
synth::刮刮卡製作 1:80刮:2:1::001::r50::m000::t013,1,40,1.0,train,8x10,0.22057004822967824,0.1,1,1,1,1,1,0
synth::刮刮卡製作 1:80刮:2:1::001::r50::m000::t016,1,40,1.0,train,8x10,0.2593679763687624,0.1,1,1,1,1,1,0
synth::刮刮卡製作 1:80刮:2:1::001::r50::m000::t019,1,40,1.0,train,8x10,0.2803498322786435,0.1,1,1,1,1,1,0
synth::刮刮卡製作 1:80刮:2:1::001::r50::m000::t024,1,40,1.0,train,8x10,0.2365516965191584,0.1,1,1,1,1,1,0
synth::刮刮卡製作 1:80刮:2:1::001::r50::m000::t025,1,40,1.0,train,8x10,0.23215132903326735,0.1,1,1,1,1,1,0
synth::刮刮卡製作 1:80刮:2:1::001::r50::m000::t026,1,40,1.0,train,8x10,0.2593679763687624,0.1,1,1,1,1,1,0
synth::刮刮卡製作 1:80刮:2:1::001::r50::m000::t029,2,40,0.5,train,8x10,0.2803498322786435,0.1,0,1,1,1,2,0
synth::刮刮卡製作 1:80刮:2:1::001::r50::m000::t030,1,40,1.0,train,8x10,0.28548929467504813,0.1,1,1,1,1,1,0
synth::刮刮卡製作 1:80刮:2:1::001::r50::m000::t031,1,40,1.0,train,8x10,0.4177093866889665,0.1,1,1,1,1,1,0
synth::刮刮卡製作 1:80刮:2:1::001::r50::m000::t033,1,40,1.0,train,8x10,0.22057004822967824,0.1,1,1,1,1,1,0
synth::刮刮卡製作 1:80刮:2:1::001::r50::m000::t035,1,40,1.0,train,8x10,0.23215132903326735,0.1,1,1,1,1,1,0
synth::刮刮卡製作 1:80刮:2:1::001::r50::m000::t037,1,40,1.0,train,8x10,0.2470304225621706,0.1,1,1,1,1,1,0
synth::刮刮卡製作 1:80刮:2:1::001::r50::m000::t038,1,40,1.0,train,8x10,0.3990221195147038,0.1,1,1,1,1,1,0
synth::刮刮卡製作 1:80刮:2:1::001::r50::m000::t040,1,40,1.0,train,8x10,0.29877680301167714,0.1,1,1,1,1,1,0
synth::刮刮卡製作 1:80刮:2:1::001::r50::m000::t047,1,40,1.0,train,8x10,0.2470304225621706,0.1,1,1,1,1,1,0
synth::刮刮卡製作 1:80刮:2:1::001::r50::m000::t049,1,40,1.0,train,8x10,0.2803498322786435,0.1,1,1,1,1,1,0
synth::刮刮卡製作 1:80刮:2:1::001::r50::m000::t050,1,40,1.0,train,8x10,0.28548929467504813,0.1,1,1,1,1,1,0
synth::刮刮卡製作 1:80刮:2:1::001::r50::m000::t051,2,40,0.5,train,8x10,0.4177093866889665,0.1,0,1,1,1,3,1
synth::刮刮卡製作 1:80刮:2:1::001::r50::m000::t053,1,40,1.0,train,8x10,0.2124769750375027,0.1,1,1,1,1,1,0
synth::刮刮卡製作 1:80刮:2:1::001::r50::m000::t060,1,40,1.0,train,8x10,0.28548929467504813,0.1,1,1,1,1,1,0
synth::刮刮卡製作 1:80刮:2:1::001::r50::m000::t061,1,40,1.0,train,8x10,0.4177093866889665,0.1,1,1,1,1,1,0
synth::刮刮卡製作 1:80刮:2:1::001::r50::m000::t062,1,40,1.0,train,8x10,0.2408460396280281,0.1,1,1,1,1,1,0
synth::刮刮卡製作 1:80刮:2:1::001::r50::m000::t063,10,40,0.1,train,8x10,0.22057004822967824,0.1,0,0,0,1,2,-8
synth::刮刮卡製作 1:80刮:2:1::001::r50::m000::t064,1,40,1.0,train,8x10,0.23594911787798067,0.1,1,1,1,1,1,0
synth::刮刮卡製作 1:80刮:2:1::001::r50::m000::t066,8,40,0.125,train,8x10,0.2593679763687624,0.1,0,0,0,1,4,-4
synth::刮刮卡製作 1:80刮:2:1::001::r50::m000::t067,1,40,1.0,train,8x10,0.2470304225621706,0.1,1,1,1,1,1,0
synth::刮刮卡製作 1:80刮:2:1::001::r50::m000::t068,1,40,1.0,train,8x10,0.3990221195147038,0.1,1,1,1,1,1,0
synth::刮刮卡製作 1:80刮:2:1::001::r50::m000::t069,1,40,1.0,train,8x10,0.2803498322786435,0.1,1,1,1,1,1,0
synth::刮刮卡製作 1:80刮:2:1::001::r50::m000::t071,1,40,1.0,train,8x10,0.4177093866889665,0.1,1,1,1,1,1,0
synth::刮刮卡製作 1:80刮:2:1::001::r50::m000::t075,1,40,1.0,train,8x10,0.22550946926526533,0.1,1,1,1,1,1,0
synth::刮刮卡製作 1:80刮:2:1::001::r50::m000::t076,1,40,1.0,train,8x10,0.2593679763687624,0.1,1,1,1,1,1,0
synth::刮刮卡製作 1:80刮:2:1::001::r50::m000::t079,1,40,1.0,train,8x10,0.2930058342674765,0.1,1,1,1,1,1,0
synth::刮刮卡製作 1:80刮:2:1::001::r50::m000::t080,1,40,1.0,train,8x10,0.28548929467504813,0.1,1,1,1,1,1,0
synth::刮刮卡製作 1:80刮:2:1::002::r30::m000::t002,1,24,1.0,train,8x10,0.5628562335480399,0.1,1,1,1,1,1,0
synth::刮刮卡製作 1:80刮:2:1::002::r30::m000::t009,1,24,1.0,train,8x10,0.5453930524350109,0.1,1,1,1,1,1,0
synth::刮刮卡製作 1:80刮:2:1::002::r30::m000::t012,1,24,1.0,train,8x10,0.5559137687067539,0.1,1,1,1,1,1,0
synth::刮刮卡製作 1:80刮:2:1::002::r30::m000::t017,1,24,1.0,train,8x10,0.5496244564612028,0.1,1,1,1,1,1,0
synth::刮刮卡製作 1:80刮:2:1::002::r30::m000::t018,1,24,1.0,train,8x10,0.5496244564612028,0.1,1,1,1,1,1,0
synth::刮刮卡製作 1:80刮:2:1::002::r30::m000::t024,1,24,1.0,train,8x10,0.5453930524350109,0.1,1,1,1,1,1,0
synth::刮刮卡製作 1:80刮:2:1::002::r30::m000::t025,1,24,1.0,train,8x10,0.5496244564612028,0.1,1,1,1,1,1,0
synth::刮刮卡製作 1:80刮:2:1::002::r30::m000::t028,2,24,0.5,train,8x10,0.5496244564612028,0.1,0,1,1,1,2,0
synth::刮刮卡製作 1:80刮:2:1::002::r30::m000::t031,1,24,1.0,train,8x10,0.6029365982605097,0.1,1,1,1,1,1,0
synth::刮刮卡製作 1:80刮:2:1::002::r30::m000::t034,1,24,1.0,train,8x10,0.5453930524350109,0.1,1,1,1,1,1,0
synth::刮刮卡製作 1:80刮:2:1::002::r30::m000::t039,1,24,1.0,train,8x10,0.5453930524350109,0.1,1,1,1,1,1,0
synth::刮刮卡製作 1:80刮:2:1::002::r30::m000::t040,1,24,1.0,train,8x10,0.5563980249281103,0.1,1,1,1,1,1,0
synth::刮刮卡製作 1:80刮:2:1::002::r30::m000::t041,1,24,1.0,train,8x10,0.6029365982605097,0.1,1,1,1,1,1,0
synth::刮刮卡製作 1:80刮:2:1::002::r30::m000::t046,1,24,1.0,train,8x10,0.5143967877180453,0.1,1,1,1,1,1,0
synth::刮刮卡製作 1:80刮:2:1::002::r30::m000::t049,1,24,1.0,train,8x10,0.5453930524350109,0.1,1,1,1,1,1,0
synth::刮刮卡製作 1:80刮:2:1::002::r30::m000::t052,1,24,1.0,train,8x10,0.5563980249281103,0.1,1,1,1,1,1,0
synth::刮刮卡製作 1:80刮:2:1::002::r30::m000::t054,1,24,1.0,train,8x10,0.5453930524350109,0.1,1,1,1,1,1,0
synth::刮刮卡製作 1:80刮:2:1::002::r30::m000::t057,1,24,1.0,train,8x10,0.5477009052302058,0.1,1,1,1,1,1,0
synth::刮刮卡製作 1:80刮:2:1::002::r30::m000::t061,1,24,1.0,train,8x10,0.6029365982605097,0.1,1,1,1,1,1,0
synth::刮刮卡製作 1:80刮:2:1::002::r30::m000::t065,1,24,1.0,train,8x10,0.5455066389413898,0.1,1,1,1,1,1,0
synth::刮刮卡製作 1:80刮:2:1::002::r30::m000::t070,1,24,1.0,train,8x10,0.554474473697113,0.1,1,1,1,1,1,0
synth::刮刮卡製作 1:80刮:2:1::002::r30::m000::t074,1,24,1.0,train,8x10,0.5432260634410707,0.1,1,1,1,1,1,0
synth::刮刮卡製作 1:80刮:2:1::002::r30::m000::t079,1,24,1.0,train,8x10,0.5453930524350109,0.1,1,1,1,1,1,0
synth::刮刮卡製作 1:80刮:2:1::002::r30::m000::t080,1,24,1.0,train,8x10,0.5563980249281103,0.1,1,1,1,1,1,0
synth::刮刮卡製作 1:80刮:2:1::002::r50::m000::t004,1,40,1.0,train,8x10,0.6734961600745191,0.1,1,1,1,1,1,0
synth::刮刮卡製作 1:80刮:2:1::002::r50::m000::t008,1,40,1.0,train,8x10,0.7587758113863303,0.1,1,1,1,1,1,0
synth::刮刮卡製作 1:80刮:2:1::002::r50::m000::t009,1,40,1.0,train,8x10,0.6921609253120411,0.1,1,1,1,1,1,0
synth::刮刮卡製作 1:80刮:2:1::002::r50::m000::t010,1,40,1.0,train,8x10,0.6877059462928206,0.1,1,1,1,1,1,0
synth::刮刮卡製作 1:80刮:2:1::002::r50::m000::t013,1,40,1.0,train,8x10,0.6834363828988449,0.1,1,1,1,1,1,0
synth::刮刮卡製作 1:80刮:2:1::002::r50::m000::t014,1,40,1.0,train,8x10,0.6734961600745191,0.1,1,1,1,1,1,0
synth::刮刮卡製作 1:80刮:2:1::002::r50::m000::t016,1,40,1.0,train,8x10,0.8435423789214659,0.1,1,1,1,1,1,0
synth::刮刮卡製作 1:80刮:2:1::002::r50::m000::t017,1,40,1.0,train,8x10,0.6877059462928206,0.1,1,1,1,1,1,0
synth::刮刮卡製作 1:80刮:2:1::002::r50::m000::t019,1,40,1.0,train,8x10,0.6921609253120411,0.1,1,1,1,1,1,0
synth::刮刮卡製作 1:80刮:2:1::002::r50::m000::t025,1,40,1.0,train,8x10,0.6557920965854458,0.1,1,1,1,1,1,0
synth::刮刮卡製作 1:80刮:2:1::002::r50::m000::t027,1,40,1.0,train,8x10,0.6968054070297346,0.1,1,1,1,1,1,0
synth::刮刮卡製作 1:80刮:2:1::002::r50::m000::t028,1,40,1.0,train,8x10,0.7587758113863303,0.1,1,1,1,1,1,0
synth::刮刮卡製作 1:80刮:2:1::002::r50::m000::t030,2,40,0.5,train,8x10,0.6877059462928206,0.1,0,1,1,1,2,0
synth::刮刮卡製作 1:80刮:2:1::002::r50::m000::t031,1,40,1.0,train,8x10,0.6402366576552099,0.1,1,1,1,1,1,0
synth::刮刮卡製作 1:80刮:2:1::002::r50::m000::t033,1,40,1.0,train,8x10,0.6877059462928206,0.1,1,1,1,1,1,0
synth::刮刮卡製作 1:80刮:2:1::002::r50::m000::t036,1,40,1.0,train,8x10,0.8435423789214659,0.1,1,1,1,1,1,0
synth::刮刮卡製作 1:80刮:2:1::002::r50::m000::t039,1,40,1.0,train,8x10,0.6921609253120411,0.1,1,1,1,1,1,0
synth::刮刮卡製作 1:80刮:2:1::002::r50::m000::t042,1,40,1.0,train,8x10,0.6168028605661013,0.1,1,1,1,1,1,0
synth::刮刮卡製作 1:80刮:2:1::002::r50::m000::t043,1,40,1.0,train,8x10,0.6877059462928206,0.1,1,1,1,1,1,0
synth::刮刮卡製作 1:80刮:2:1::002::r50::m000::t044,1,40,1.0,train,8x10,0.6734961600745191,0.1,1,1,1,1,1,0
synth::刮刮卡製作 1:80刮:2:1::002::r50::m000::t045,1,40,1.0,train,8x10,0.647055972466,0.1,1,1,1,1,1,0
synth::刮刮卡製作 1:80刮:2:1::002::r50::m000::t048,1,40,1.0,train,8x10,0.7587758113863303,0.1,1,1,1,1,1,0
synth::刮刮卡製作 1:80刮:2:1::002::r50::m000::t049,1,40,1.0,train,8x10,0.6921609253120411,0.1,1,1,1,1,1,0
synth::刮刮卡製作 1:80刮:2:1::002::r50::m000::t051,1,40,1.0,train,8x10,0.6402366576552099,0.1,1,1,1,1,1,0
synth::刮刮卡製作 1:80刮:2:1::002::r50::m000::t052,1,40,1.0,train,8x10,0.6168028605661013,0.1,1,1,1,1,1,0
synth::刮刮卡製作 1:80刮:2:1::002::r50::m000::t053,1,40,1.0,train,8x10,0.6877059462928206,0.1,1,1,1,1,1,0
synth::刮刮卡製作 1:80刮:2:1::002::r50::m000::t056,1,40,1.0,train,8x10,0.8384421961674309,0.1,1,1,1,1,1,0
synth::刮刮卡製作 1:80刮:2:1::002::r50::m000::t057,1,40,1.0,train,8x10,0.6968054070297346,0.1,1,1,1,1,1,0
synth::刮刮卡製作 1:80刮:2:1::002::r50::m000::t059,1,40,1.0,train,8x10,0.7010590043857832,0.1,1,1,1,1,1,0
synth::刮刮卡製作 1:80刮:2:1::002::r50::m000::t060,1,40,1.0,train,8x10,0.6877059462928206,0.1,1,1,1,1,1,0
synth::刮刮卡製作 1:80刮:2:1::002::r50::m000::t065,1,40,1.0,train,8x10,0.647055972466,0.1,1,1,1,1,1,0
synth::刮刮卡製作 1:80刮:2:1::002::r50::m000::t067,1,40,1.0,train,8x10,0.6877059462928206,0.1,1,1,1,1,1,0
synth::刮刮卡製作 1:80刮:2:1::002::r50::m000::t068,1,40,1.0,train,8x10,0.7587758113863303,0.1,1,1,1,1,1,0
synth::刮刮卡製作 1:80刮:2:1::002::r50::m000::t070,1,40,1.0,train,8x10,0.6877059462928206,0.1,1,1,1,1,1,0
synth::刮刮卡製作 1:80刮:2:1::002::r50::m000::t073,1,40,1.0,train,8x10,0.6877059462928206,0.1,1,1,1,1,1,0
synth::刮刮卡製作 1:80刮:2:1::002::r50::m000::t074,1,40,1.0,train,8x10,0.6734961600745191,0.1,1,1,1,1,1,0
synth::刮刮卡製作 1:80刮:2:1::002::r50::m000::t075,1,40,1.0,train,8x10,0.6557920965854458,0.1,1,1,1,1,1,0
synth::刮刮卡製作 1:80刮:2:1::002::r50::m000::t077,1,40,1.0,train,8x10,0.6968054070297346,0.1,1,1,1,1,1,0
synth::刮刮卡製作 1:80刮:2:1::002::r50::m000::t079,1,40,1.0,train,8x10,0.6921609253120411,0.1,1,1,1,1,1,0
synth::刮刮卡製作 1:80刮:2:1::002::r50::m000::t080,1,40,1.0,train,8x10,0.6877059462928206,0.1,1,1,1,1,1,0
synth::刮刮卡製作 1:80刮:2:1::003::r30::m000::t003,1,24,1.0,train,8x10,0.1684820158079237,0.1,1,1,1,1,1,0
synth::刮刮卡製作 1:80刮:2:1::003::r30::m000::t004,1,24,1.0,train,8x10,0.1684820158079237,0.1,1,1,1,1,1,0
synth::刮刮卡製作 1:80刮:2:1::003::r30::m000::t009,1,24,1.0,train,8x10,0.1684820158079237,0.1,1,1,1,1,1,0
synth::刮刮卡製作 1:80刮:2:1::003::r30::m000::t014,1,24,1.0,train,8x10,0.1684820158079237,0.1,1,1,1,1,1,0
synth::刮刮卡製作 1:80刮:2:1::003::r30::m000::t016,1,24,1.0,train,8x10,0.1758037509555594,0.1,1,1,1,1,1,0
synth::刮刮卡製作 1:80刮:2:1::003::r30::m000::t018,2,24,0.5,train,8x10,0.1758037509555594,0.1,0,1,1,1,2,0
synth::刮刮卡製作 1:80刮:2:1::003::r30::m000::t020,1,24,1.0,train,8x10,0.1684820158079237,0.1,1,1,1,1,1,0
synth::刮刮卡製作 1:80刮:2:1::003::r30::m000::t034,1,24,1.0,train,8x10,0.1684820158079237,0.1,1,1,1,1,1,0
synth::刮刮卡製作 1:80刮:2:1::003::r30::m000::t035,4,24,0.25,train,8x10,0.15356322526114932,0.1,0,0,1,1,3,-1
synth::刮刮卡製作 1:80刮:2:1::003::r30::m000::t039,6,24,0.16666666666666666,train,8x10,0.1684820158079237,0.1,0,0,0,1,4,-2
synth::刮刮卡製作 1:80刮:2:1::003::r30::m000::t041,1,24,1.0,train,8x10,0.21440201061747866,0.1,1,1,1,1,1,0
synth::刮刮卡製作 1:80刮:2:1::003::r30::m000::t045,1,24,1.0,train,8x10,0.15356322526114932,0.1,1,1,1,1,1,0
synth::刮刮卡製作 1:80刮:2:1::003::r30::m000::t047,1,24,1.0,train,8x10,0.2366425363118888,0.1,1,1,1,1,1,0
synth::刮刮卡製作 1:80刮:2:1::003::r30::m000::t053,1,24,1.0,train,8x10,0.1684820158079237,0.1,1,1,1,1,1,0
synth::刮刮卡製作 1:80刮:2:1::003::r30::m000::t060,1,24,1.0,train,8x10,0.1684820158079237,0.1,1,1,1,1,1,0
synth::刮刮卡製作 1:80刮:2:1::003::r30::m000::t061,1,24,1.0,train,8x10,0.21440201061747866,0.1,1,1,1,1,1,0
synth::刮刮卡製作 1:80刮:2:1::003::r30::m000::t063,1,24,1.0,train,8x10,0.1684820158079237,0.1,1,1,1,1,1,0
synth::刮刮卡製作 1:80刮:2:1::003::r30::m000::t069,1,24,1.0,train,8x10,0.1684820158079237,0.1,1,1,1,1,1,0
synth::刮刮卡製作 1:80刮:2:1::003::r30::m000::t070,5,24,0.2,train,8x10,0.1684820158079237,0.1,0,0,1,1,3,-2
synth::刮刮卡製作 1:80刮:2:1::003::r30::m000::t072,1,24,1.0,train,8x10,0.23424452838117008,0.1,1,1,1,1,1,0
synth::刮刮卡製作 1:80刮:2:1::003::r30::m000::t073,1,24,1.0,train,8x10,0.1684820158079237,0.1,1,1,1,1,1,0
synth::刮刮卡製作 1:80刮:2:1::003::r30::m000::t074,1,24,1.0,train,8x10,0.1684820158079237,0.1,1,1,1,1,1,0
synth::刮刮卡製作 1:80刮:2:1::003::r30::m000::t079,1,24,1.0,train,8x10,0.1684820158079237,0.1,1,1,1,1,2,1
synth::刮刮卡製作 1:80刮:2:1::003::r30::m000::t080,1,24,1.0,train,8x10,0.1684820158079237,0.1,1,1,1,1,1,0
synth::刮刮卡製作 1:80刮:2:1::003::r50::m000::t001,1,40,1.0,train,8x10,0.3635308173843566,0.1,1,1,1,1,1,0
synth::刮刮卡製作 1:80刮:2:1::003::r50::m000::t004,1,40,1.0,train,8x10,0.39118830443555574,0.1,1,1,1,1,1,0
synth::刮刮卡製作 1:80刮:2:1::003::r50::m000::t005,1,40,1.0,train,8x10,0.3721012771489622,0.1,1,1,1,1,1,0
synth::刮刮卡製作 1:80刮:2:1::003::r50::m000::t006,1,40,1.0,train,8x10,0.3578914909306613,0.1,1,1,1,1,1,0
synth::刮刮卡製作 1:80刮:2:1::003::r50::m000::t007,1,40,1.0,train,8x10,0.377740603602658,0.1,1,1,1,1,1,0
synth::刮刮卡製作 1:80刮:2:1::003::r50::m000::t010,1,40,1.0,train,8x10,0.3761595620316488,0.1,1,1,1,1,1,0
synth::刮刮卡製作 1:80刮:2:1::003::r50::m000::t013,1,40,1.0,train,8x10,0.329235067541733,0.1,1,1,1,1,1,0
synth::刮刮卡製作 1:80刮:2:1::003::r50::m000::t015,1,40,1.0,train,8x10,0.3721012771489622,0.1,1,1,1,1,1,0
synth::刮刮卡製作 1:80刮:2:1::003::r50::m000::t016,1,40,1.0,train,8x10,0.3578914909306613,0.1,1,1,1,1,1,0
synth::刮刮卡製作 1:80刮:2:1::003::r50::m000::t017,1,40,1.0,train,8x10,0.377740603602658,0.1,1,1,1,1,1,0
synth::刮刮卡製作 1:80刮:2:1::003::r50::m000::t022,2,40,0.5,train,8x10,0.35544851373416353,0.1,0,1,1,1,2,0
synth::刮刮卡製作 1:80刮:2:1::003::r50::m000::t023,1,40,1.0,train,8x10,0.329235067541733,0.1,1,1,1,1,1,0
synth::刮刮卡製作 1:80刮:2:1::003::r50::m000::t024,1,40,1.0,train,8x10,0.39118830443555574,0.1,1,1,1,1,1,0
synth::刮刮卡製作 1:80刮:2:1::003::r50::m000::t025,1,40,1.0,train,8x10,0.3721012771489622,0.1,1,1,1,1,1,0
synth::刮刮卡製作 1:80刮:2:1::003::r50::m000::t028,1,40,1.0,train,8x10,0.3664369449169588,0.1,1,1,1,1,1,0
synth::刮刮卡製作 1:80刮:2:1::003::r50::m000::t029,1,40,1.0,train,8x10,0.46935890503523653,0.1,1,1,1,1,1,0
synth::刮刮卡製作 1:80刮:2:1::003::r50::m000::t030,2,40,0.5,train,8x10,0.3635308173843566,0.1,0,1,1,1,1,-1
synth::刮刮卡製作 1:80刮:2:1::003::r50::m000::t032,2,40,0.5,train,8x10,0.35544851373416353,0.1,0,1,1,1,2,0
synth::刮刮卡製作 1:80刮:2:1::003::r50::m000::t035,1,40,1.0,train,8x10,0.3721012771489622,0.1,1,1,1,1,1,0
synth::刮刮卡製作 1:80刮:2:1::003::r50::m000::t036,1,40,1.0,train,8x10,0.3578914909306613,0.1,1,1,1,1,1,0
synth::刮刮卡製作 1:80刮:2:1::003::r50::m000::t037,1,40,1.0,train,8x10,0.377740603602658,0.1,1,1,1,1,1,0
synth::刮刮卡製作 1:80刮:2:1::003::r50::m000::t039,7,40,0.14285714285714285,train,8x10,0.46935890503523653,0.1,0,0,0,1,3,-4
synth::刮刮卡製作 1:80刮:2:1::003::r50::m000::t040,12,40,0.08333333333333333,train,8x10,0.3635308173843566,0.1,0,0,0,0,1,-11
synth::刮刮卡製作 1:80刮:2:1::003::r50::m000::t041,1,40,1.0,train,8x10,0.3635308173843566,0.1,1,1,1,1,1,0
synth::刮刮卡製作 1:80刮:2:1::003::r50::m000::t043,1,40,1.0,train,8x10,0.329235067541733,0.1,1,1,1,1,1,0
synth::刮刮卡製作 1:80刮:2:1::003::r50::m000::t047,1,40,1.0,train,8x10,0.3714534814405883,0.1,1,1,1,1,1,0
synth::刮刮卡製作 1:80刮:2:1::003::r50::m000::t049,10,40,0.1,train,8x10,0.4648231498782224,0.1,0,0,0,1,6,-4
synth::刮刮卡製作 1:80刮:2:1::003::r50::m000::t052,5,40,0.2,train,8x10,0.35544851373416353,0.1,0,0,1,1,6,1
synth::刮刮卡製作 1:80刮:2:1::003::r50::m000::t053,1,40,1.0,train,8x10,0.329235067541733,0.1,1,1,1,1,1,0
synth::刮刮卡製作 1:80刮:2:1::003::r50::m000::t057,2,40,0.5,train,8x10,0.377740603602658,0.1,0,1,1,1,2,0
synth::刮刮卡製作 1:80刮:2:1::003::r50::m000::t058,1,40,1.0,train,8x10,0.3664369449169588,0.1,1,1,1,1,1,0
synth::刮刮卡製作 1:80刮:2:1::003::r50::m000::t059,1,40,1.0,train,8x10,0.46935890503523653,0.1,1,1,1,1,1,0
synth::刮刮卡製作 1:80刮:2:1::003::r50::m000::t060,1,40,1.0,train,8x10,0.3635308173843566,0.1,1,1,1,1,1,0
synth::刮刮卡製作 1:80刮:2:1::003::r50::m000::t061,1,40,1.0,train,8x10,0.3635308173843566,0.1,1,1,1,1,1,0
synth::刮刮卡製作 1:80刮:2:1::003::r50::m000::t064,1,40,1.0,train,8x10,0.38490118227348613,0.1,1,1,1,1,1,0
synth::刮刮卡製作 1:80刮:2:1::003::r50::m000::t066,8,40,0.125,train,8x10,0.3563091695491616,0.1,0,0,0,1,1,-7
synth::刮刮卡製作 1:80刮:2:1::003::r50::m000::t068,1,40,1.0,train,8x10,0.3664369449169588,0.1,1,1,1,1,1,0
synth::刮刮卡製作 1:80刮:2:1::003::r50::m000::t071,1,40,1.0,train,8x10,0.3635308173843566,0.1,1,1,1,1,1,0
synth::刮刮卡製作 1:80刮:2:1::003::r50::m000::t072,1,40,1.0,train,8x10,0.35544851373416353,0.1,1,1,1,1,1,0
synth::刮刮卡製作 1:80刮:2:1::003::r50::m000::t075,1,40,1.0,train,8x10,0.3721012771489622,0.1,1,1,1,1,1,0
synth::刮刮卡製作 1:80刮:2:1::000::r30::m000::t005,16,24,0.0625,valid,8x10,0.2974073255082853,0.1,0,0,0,0,14,-2
synth::刮刮卡製作 1:80刮:2:1::000::r30::m000::t009,8,24,0.125,valid,8x10,0.26622537046597033,0.1,0,0,0,1,5,-3
synth::刮刮卡製作 1:80刮:2:1::000::r30::m000::t011,15,24,0.06666666666666667,valid,8x10,0.26365472892226527,0.1,0,0,0,0,18,3
synth::刮刮卡製作 1:80刮:2:1::000::r30::m000::t014,18,24,0.05555555555555555,valid,8x10,0.2869022495915452,0.1,0,0,0,0,19,1
synth::刮刮卡製作 1:80刮:2:1::000::r30::m000::t016,18,24,0.05555555555555555,valid,8x10,0.28481076966141217,0.1,0,0,0,0,15,-3
synth::刮刮卡製作 1:80刮:2:1::000::r30::m000::t019,24,24,0.041666666666666664,valid,8x10,0.2599763603231714,0.1,0,0,0,0,22,-2
synth::刮刮卡製作 1:80刮:2:1::000::r30::m000::t025,8,24,0.125,valid,8x10,0.30079745485286025,0.1,0,0,0,1,15,7
synth::刮刮卡製作 1:80刮:2:1::000::r30::m000::t031,10,24,0.1,valid,8x10,0.26365472892226527,0.1,0,0,0,1,21,11
synth::刮刮卡製作 1:80刮:2:1::000::r30::m000::t032,13,24,0.07692307692307693,valid,8x10,0.27616861892219935,0.1,0,0,0,0,9,-4
synth::刮刮卡製作 1:80刮:2:1::000::r30::m000::t033,2,24,0.5,valid,8x10,0.37830830158197437,0.1,0,1,1,1,1,-1
synth::刮刮卡製作 1:80刮:2:1::000::r30::m000::t038,3,24,0.3333333333333333,valid,8x10,0.37830830158197437,0.1,0,1,1,1,2,-1
synth::刮刮卡製作 1:80刮:2:1::000::r30::m000::t040,2,24,0.5,valid,8x10,0.2599763603231714,0.1,0,1,1,1,7,5
synth::刮刮卡製作 1:80刮:2:1::000::r30::m000::t041,18,24,0.05555555555555555,valid,8x10,0.26365472892226527,0.1,0,0,0,0,15,-3
synth::刮刮卡製作 1:80刮:2:1::000::r30::m000::t042,3,24,0.3333333333333333,valid,8x10,0.27616861892219935,0.1,0,1,1,1,3,0
synth::刮刮卡製作 1:80刮:2:1::000::r30::m000::t045,17,24,0.058823529411764705,valid,8x10,0.30079745485286025,0.1,0,0,0,0,9,-8
synth::刮刮卡製作 1:80刮:2:1::000::r30::m000::t046,9,24,0.1111111111111111,valid,8x10,0.28481076966141217,0.1,0,0,0,1,12,3
synth::刮刮卡製作 1:80刮:2:1::000::r30::m000::t047,14,24,0.07142857142857142,valid,8x10,0.37830830158197437,0.1,0,0,0,0,17,3
synth::刮刮卡製作 1:80刮:2:1::000::r30::m000::t057,21,24,0.047619047619047616,valid,8x10,0.37830830158197437,0.1,0,0,0,0,16,-5
synth::刮刮卡製作 1:80刮:2:1::000::r30::m000::t068,10,24,0.1,valid,8x10,0.37830830158197437,0.1,0,0,0,1,22,12
synth::刮刮卡製作 1:80刮:2:1::000::r30::m000::t072,22,24,0.045454545454545456,valid,8x10,0.27301187010234695,0.1,0,0,0,0,23,1
synth::刮刮卡製作 1:80刮:2:1::000::r30::m000::t073,11,24,0.09090909090909091,valid,8x10,0.37830830158197437,0.1,0,0,0,0,11,0
synth::刮刮卡製作 1:80刮:2:1::000::r30::m000::t075,14,24,0.07142857142857142,valid,8x10,0.30079745485286025,0.1,0,0,0,0,4,-10
synth::刮刮卡製作 1:80刮:2:1::000::r30::m000::t076,11,24,0.09090909090909091,valid,8x10,0.28481076966141217,0.1,0,0,0,0,8,-3
synth::刮刮卡製作 1:80刮:2:1::000::r30::m000::t080,24,24,0.041666666666666664,valid,8x10,0.2593387712622287,0.1,0,0,0,0,21,-3
synth::刮刮卡製作 1:80刮:2:1::000::r50::m000::t001,2,40,0.5,valid,8x10,0.11584325478658397,0.1,0,1,1,1,40,38
synth::刮刮卡製作 1:80刮:2:1::000::r50::m000::t002,17,40,0.058823529411764705,valid,8x10,0.13962155583888974,0.1,0,0,0,0,25,8
synth::刮刮卡製作 1:80刮:2:1::000::r50::m000::t003,22,40,0.045454545454545456,valid,8x10,0.4041136665720957,0.1,0,0,0,0,12,-10
synth::刮刮卡製作 1:80刮:2:1::000::r50::m000::t004,8,40,0.125,valid,8x10,0.0364125610442431,0.1,0,0,0,1,37,29
synth::刮刮卡製作 1:80刮:2:1::000::r50::m000::t005,19,40,0.05263157894736842,valid,8x10,0.1348609866847772,0.1,0,0,0,0,15,-4
synth::刮刮卡製作 1:80刮:2:1::000::r50::m000::t007,37,40,0.02702702702702703,valid,8x10,0.16353812905086001,0.1,0,0,0,0,12,-25
synth::刮刮卡製作 1:80刮:2:1::000::r50::m000::t010,28,40,0.03571428571428571,valid,8x10,0.10846708880742922,0.1,0,0,0,0,8,-20
synth::刮刮卡製作 1:80刮:2:1::000::r50::m000::t013,27,40,0.037037037037037035,valid,8x10,0.4041136665720957,0.1,0,0,0,0,26,-1
synth::刮刮卡製作 1:80刮:2:1::000::r50::m000::t014,3,40,0.3333333333333333,valid,8x10,0.0364125610442431,0.1,0,1,1,1,1,-2
synth::刮刮卡製作 1:80刮:2:1::000::r50::m000::t020,9,40,0.1111111111111111,valid,8x10,0.10846708880742922,0.1,0,0,0,1,27,18
synth::刮刮卡製作 1:80刮:2:1::000::r50::m000::t021,7,40,0.14285714285714285,valid,8x10,0.11584325478658397,0.1,0,0,0,1,7,0
synth::刮刮卡製作 1:80刮:2:1::000::r50::m000::t024,5,40,0.2,valid,8x10,0.042405860562028386,0.1,0,0,1,1,35,30
synth::刮刮卡製作 1:80刮:2:1::000::r50::m000::t026,4,40,0.25,valid,8x10,0.0927489131781977,0.1,0,0,1,1,4,0
synth::刮刮卡製作 1:80刮:2:1::000::r50::m000::t027,34,40,0.029411764705882353,valid,8x10,0.1480969746835752,0.1,0,0,0,0,24,-10
synth::刮刮卡製作 1:80刮:2:1::000::r50::m000::t030,26,40,0.038461538461538464,valid,8x10,0.10846708880742922,0.1,0,0,0,0,26,0
synth::刮刮卡製作 1:80刮:2:1::000::r50::m000::t032,2,40,0.5,valid,8x10,0.13962155583888974,0.1,0,1,1,1,2,0
synth::刮刮卡製作 1:80刮:2:1::000::r50::m000::t038,29,40,0.034482758620689655,valid,8x10,0.3590054802220548,0.1,0,0,0,0,10,-19
synth::刮刮卡製作 1:80刮:2:1::000::r50::m000::t039,31,40,0.03225806451612903,valid,8x10,0.0843978115885603,0.1,0,0,0,0,36,5
synth::刮刮卡製作 1:80刮:2:1::000::r50::m000::t041,37,40,0.02702702702702703,valid,8x10,0.11584325478658397,0.1,0,0,0,0,21,-16
synth::刮刮卡製作 1:80刮:2:1::000::r50::m000::t043,19,40,0.05263157894736842,valid,8x10,0.4041136665720957,0.1,0,0,0,0,33,14
synth::刮刮卡製作 1:80刮:2:1::000::r50::m000::t047,14,40,0.07142857142857142,valid,8x10,0.1480969746835752,0.1,0,0,0,0,20,6
synth::刮刮卡製作 1:80刮:2:1::000::r50::m000::t048,2,40,0.5,valid,8x10,0.3590054802220548,0.1,0,1,1,1,2,0
synth::刮刮卡製作 1:80刮:2:1::000::r50::m000::t049,1,40,1.0,valid,8x10,0.0843978115885603,0.1,1,1,1,1,36,35
synth::刮刮卡製作 1:80刮:2:1::000::r50::m000::t053,5,40,0.2,valid,8x10,0.4041136665720957,0.1,0,0,1,1,22,17
synth::刮刮卡製作 1:80刮:2:1::000::r50::m000::t054,15,40,0.06666666666666667,valid,8x10,0.0364125610442431,0.1,0,0,0,0,32,17
synth::刮刮卡製作 1:80刮:2:1::000::r50::m000::t056,22,40,0.045454545454545456,valid,8x10,0.09381342853362146,0.1,0,0,0,0,33,11
synth::刮刮卡製作 1:80刮:2:1::000::r50::m000::t059,9,40,0.1111111111111111,valid,8x10,0.0843978115885603,0.1,0,0,0,1,12,3
synth::刮刮卡製作 1:80刮:2:1::000::r50::m000::t061,23,40,0.043478260869565216,valid,8x10,0.11500824293664114,0.1,0,0,0,0,5,-18
synth::刮刮卡製作 1:80刮:2:1::000::r50::m000::t063,27,40,0.037037037037037035,valid,8x10,0.39847537601934735,0.1,0,0,0,0,30,3
synth::刮刮卡製作 1:80刮:2:1::000::r50::m000::t065,39,40,0.02564102564102564,valid,8x10,0.12813602281290593,0.1,0,0,0,0,38,-1
synth::刮刮卡製作 1:80刮:2:1::000::r50::m000::t066,33,40,0.030303030303030304,valid,8x10,0.09381342853362146,0.1,0,0,0,0,36,3
synth::刮刮卡製作 1:80刮:2:1::000::r50::m000::t069,40,40,0.025,valid,8x10,0.0843978115885603,0.1,0,0,0,0,35,-5
synth::刮刮卡製作 1:80刮:2:1::000::r50::m000::t070,7,40,0.14285714285714285,valid,8x10,0.10846708880742922,0.1,0,0,0,1,5,-2
synth::刮刮卡製作 1:80刮:2:1::000::r50::m000::t071,19,40,0.05263157894736842,valid,8x10,0.11584325478658397,0.1,0,0,0,0,21,2
synth::刮刮卡製作 1:80刮:2:1::000::r50::m000::t072,39,40,0.02564102564102564,valid,8x10,0.13962155583888974,0.1,0,0,0,0,40,1
synth::刮刮卡製作 1:80刮:2:1::000::r50::m000::t073,7,40,0.14285714285714285,valid,8x10,0.39847537601934735,0.1,0,0,0,1,28,21
synth::刮刮卡製作 1:80刮:2:1::000::r50::m000::t075,37,40,0.02702702702702703,valid,8x10,0.12813602281290593,0.1,0,0,0,0,12,-25
synth::刮刮卡製作 1:80刮:2:1::000::r50::m000::t076,29,40,0.034482758620689655,valid,8x10,0.09381342853362146,0.1,0,0,0,0,14,-15
synth::刮刮卡製作 1:80刮:2:1::000::r50::m000::t078,1,40,1.0,valid,8x10,0.3590054802220548,0.1,1,1,1,1,2,1
synth::刮刮卡製作 1:80刮:2:1::000::r50::m000::t080,31,40,0.03225806451612903,valid,8x10,0.10846708880742922,0.1,0,0,0,0,22,-9
刮刮卡製作 1:80刮:2:1::r30::m000::t001,21,24,0.047619047619047616,holdout,8x10,0.23072898405057327,0.1,0,0,0,0,21,0
刮刮卡製作 1:80刮:2:1::r30::m000::t002,11,24,0.09090909090909091,holdout,8x10,0.2720447894239085,0.1,0,0,0,0,16,5
刮刮卡製作 1:80刮:2:1::r30::m000::t004,8,24,0.125,holdout,8x10,0.3437760057260671,0.1,0,0,0,1,3,-5
刮刮卡製作 1:80刮:2:1::r30::m000::t007,18,24,0.05555555555555555,holdout,8x10,0.22400406541109497,0.1,0,0,0,0,10,-8
刮刮卡製作 1:80刮:2:1::r30::m000::t008,4,24,0.25,holdout,8x10,0.25565897251033526,0.1,0,0,1,1,4,0
刮刮卡製作 1:80刮:2:1::r30::m000::t017,23,24,0.043478260869565216,holdout,8x10,0.22326999340998457,0.1,0,0,0,0,22,-1
刮刮卡製作 1:80刮:2:1::r30::m000::t022,7,24,0.14285714285714285,holdout,8x10,0.2720447894239085,0.1,0,0,0,1,11,4
刮刮卡製作 1:80刮:2:1::r30::m000::t024,17,24,0.058823529411764705,holdout,8x10,0.3437760057260671,0.1,0,0,0,0,13,-4
刮刮卡製作 1:80刮:2:1::r30::m000::t028,17,24,0.058823529411764705,holdout,8x10,0.25565897251033526,0.1,0,0,0,0,19,2
刮刮卡製作 1:80刮:2:1::r30::m000::t039,4,24,0.25,holdout,8x10,0.24644870727191992,0.1,0,0,1,1,4,0
刮刮卡製作 1:80刮:2:1::r30::m000::t040,6,24,0.16666666666666666,holdout,8x10,0.2720447894239085,0.1,0,0,0,1,8,2
刮刮卡製作 1:80刮:2:1::r30::m000::t042,1,24,1.0,holdout,8x10,0.2720447894239085,0.1,1,1,1,1,1,0
刮刮卡製作 1:80刮:2:1::r30::m000::t047,8,24,0.125,holdout,8x10,0.22400406541109497,0.1,0,0,0,1,12,4
刮刮卡製作 1:80刮:2:1::r30::m000::t048,2,24,0.5,holdout,8x10,0.25565897251033526,0.1,0,1,1,1,7,5
刮刮卡製作 1:80刮:2:1::r30::m000::t050,10,24,0.1,holdout,8x10,0.2720447894239085,0.1,0,0,0,1,12,2
刮刮卡製作 1:80刮:2:1::r30::m000::t053,16,24,0.0625,holdout,8x10,0.24203252357352445,0.1,0,0,0,0,19,3
刮刮卡製作 1:80刮:2:1::r30::m000::t056,1,24,1.0,holdout,8x10,0.23072898405057327,0.1,1,1,1,1,1,0
刮刮卡製作 1:80刮:2:1::r30::m000::t065,3,24,0.3333333333333333,holdout,8x10,0.2754704507063439,0.1,0,1,1,1,21,18
刮刮卡製作 1:80刮:2:1::r30::m000::t070,24,24,0.041666666666666664,holdout,8x10,0.268574032994227,0.1,0,0,0,0,24,0
刮刮卡製作 1:80刮:2:1::r30::m000::t071,6,24,0.16666666666666666,holdout,8x10,0.23072898405057327,0.1,0,0,0,1,1,-5
刮刮卡製作 1:80刮:2:1::r30::m000::t072,9,24,0.1111111111111111,holdout,8x10,0.2720447894239085,0.1,0,0,0,1,13,4
刮刮卡製作 1:80刮:2:1::r30::m000::t073,15,24,0.06666666666666667,holdout,8x10,0.24977847899403616,0.1,0,0,0,0,8,-7
刮刮卡製作 1:80刮:2:1::r30::m000::t076,1,24,1.0,holdout,8x10,0.2275235019372397,0.1,1,1,1,1,1,0
刮刮卡製作 1:80刮:2:1::r30::m000::t080,12,24,0.08333333333333333,holdout,8x10,0.2720447894239085,0.1,0,0,0,0,8,-4
刮刮卡製作 1:80刮:2:1::r50::m000::t012,28,40,0.03571428571428571,holdout,8x10,0.2828396528054018,0.1,0,0,0,0,12,-16
刮刮卡製作 1:80刮:2:1::r50::m000::t016,9,40,0.1111111111111111,holdout,8x10,0.32318873671878795,0.1,0,0,0,1,12,3
刮刮卡製作 1:80刮:2:1::r50::m000::t018,20,40,0.05,holdout,8x10,0.3673417863931636,0.1,0,0,0,0,34,14
刮刮卡製作 1:80刮:2:1::r50::m000::t019,11,40,0.09090909090909091,holdout,8x10,0.39870279460608504,0.1,0,0,0,0,17,6
刮刮卡製作 1:80刮:2:1::r50::m000::t021,33,40,0.030303030303030304,holdout,8x10,0.30956207639638067,0.1,0,0,0,0,35,2
刮刮卡製作 1:80刮:2:1::r50::m000::t022,2,40,0.5,holdout,8x10,0.2992482012253792,0.1,0,1,1,1,2,0
刮刮卡製作 1:80刮:2:1::r50::m000::t024,35,40,0.02857142857142857,holdout,8x10,0.4248231532956383,0.1,0,0,0,0,12,-23
刮刮卡製作 1:80刮:2:1::r50::m000::t027,23,40,0.043478260869565216,holdout,8x10,0.5674121536128514,0.1,0,0,0,0,18,-5
刮刮卡製作 1:80刮:2:1::r50::m000::t028,30,40,0.03333333333333333,holdout,8x10,0.3673417863931636,0.1,0,0,0,0,35,5
刮刮卡製作 1:80刮:2:1::r50::m000::t032,34,40,0.029411764705882353,holdout,8x10,0.2828396528054018,0.1,0,0,0,0,39,5
刮刮卡製作 1:80刮:2:1::r50::m000::t034,8,40,0.125,holdout,8x10,0.4091701826811145,0.1,0,0,0,1,7,-1
刮刮卡製作 1:80刮:2:1::r50::m000::t035,35,40,0.02857142857142857,holdout,8x10,0.3517746921502058,0.1,0,0,0,0,2,-33
刮刮卡製作 1:80刮:2:1::r50::m000::t038,33,40,0.030303030303030304,holdout,8x10,0.3673417863931636,0.1,0,0,0,0,30,-3
刮刮卡製作 1:80刮:2:1::r50::m000::t039,30,40,0.03333333333333333,holdout,8x10,0.39586292409445967,0.1,0,0,0,0,11,-19
刮刮卡製作 1:80刮:2:1::r50::m000::t041,28,40,0.03571428571428571,holdout,8x10,0.30373572578868324,0.1,0,0,0,0,17,-11
刮刮卡製作 1:80刮:2:1::r50::m000::t044,19,40,0.05263157894736842,holdout,8x10,0.4091701826811145,0.1,0,0,0,0,1,-18
刮刮卡製作 1:80刮:2:1::r50::m000::t045,4,40,0.25,holdout,8x10,0.3517746921502058,0.1,0,0,1,1,36,32
刮刮卡製作 1:80刮:2:1::r50::m000::t046,5,40,0.2,holdout,8x10,0.32318873671878795,0.1,0,0,1,1,7,2
刮刮卡製作 1:80刮:2:1::r50::m000::t049,8,40,0.125,holdout,8x10,0.39870279460608504,0.1,0,0,0,1,27,19
刮刮卡製作 1:80刮:2:1::r50::m000::t050,26,40,0.038461538461538464,holdout,8x10,0.3026078245437804,0.1,0,0,0,0,22,-4
刮刮卡製作 1:80刮:2:1::r50::m000::t051,19,40,0.05263157894736842,holdout,8x10,0.30956207639638067,0.1,0,0,0,0,23,4
刮刮卡製作 1:80刮:2:1::r50::m000::t053,14,40,0.07142857142857142,holdout,8x10,0.5876800031193735,0.1,0,0,0,0,29,15
刮刮卡製作 1:80刮:2:1::r50::m000::t054,2,40,0.5,holdout,8x10,0.4091701826811145,0.1,0,1,1,1,39,37
刮刮卡製作 1:80刮:2:1::r50::m000::t055,30,40,0.03333333333333333,holdout,8x10,0.3517746921502058,0.1,0,0,0,0,34,4
刮刮卡製作 1:80刮:2:1::r50::m000::t056,24,40,0.041666666666666664,holdout,8x10,0.32318873671878795,0.1,0,0,0,0,10,-14
刮刮卡製作 1:80刮:2:1::r50::m000::t057,16,40,0.0625,holdout,8x10,0.5674121536128514,0.1,0,0,0,0,11,-5
刮刮卡製作 1:80刮:2:1::r50::m000::t058,23,40,0.043478260869565216,holdout,8x10,0.3673417863931636,0.1,0,0,0,0,32,9
刮刮卡製作 1:80刮:2:1::r50::m000::t059,15,40,0.06666666666666667,holdout,8x10,0.39870279460608504,0.1,0,0,0,0,19,4
刮刮卡製作 1:80刮:2:1::r50::m000::t060,38,40,0.02631578947368421,holdout,8x10,0.3026078245437804,0.1,0,0,0,0,24,-14
刮刮卡製作 1:80刮:2:1::r50::m000::t064,31,40,0.03225806451612903,holdout,8x10,0.4091701826811145,0.1,0,0,0,0,30,-1
刮刮卡製作 1:80刮:2:1::r50::m000::t065,19,40,0.05263157894736842,holdout,8x10,0.3517746921502058,0.1,0,0,0,0,40,21
刮刮卡製作 1:80刮:2:1::r50::m000::t066,35,40,0.02857142857142857,holdout,8x10,0.32318873671878795,0.1,0,0,0,0,33,-2
刮刮卡製作 1:80刮:2:1::r50::m000::t067,1,40,1.0,holdout,8x10,0.5674121536128514,0.1,1,1,1,1,3,2
刮刮卡製作 1:80刮:2:1::r50::m000::t068,25,40,0.04,holdout,8x10,0.3673417863931636,0.1,0,0,0,0,36,11
刮刮卡製作 1:80刮:2:1::r50::m000::t069,1,40,1.0,holdout,8x10,0.39870279460608504,0.1,1,1,1,1,1,0
刮刮卡製作 1:80刮:2:1::r50::m000::t073,30,40,0.03333333333333333,holdout,8x10,0.5876800031193735,0.1,0,0,0,0,18,-12
刮刮卡製作 1:80刮:2:1::r50::m000::t074,32,40,0.03125,holdout,8x10,0.4091701826811145,0.1,0,0,0,0,7,-25
刮刮卡製作 1:80刮:2:1::r50::m000::t075,2,40,0.5,holdout,8x10,0.3517746921502058,0.1,0,1,1,1,24,22
刮刮卡製作 1:80刮:2:1::r50::m000::t079,34,40,0.029411764705882353,holdout,8x10,0.39870279460608504,0.1,0,0,0,0,29,-5
刮刮卡製作 1:80刮:2:1::r50::m000::t080,8,40,0.125,holdout,8x10,0.3026078245437804,0.1,0,0,0,1,8,0
synth::刮刮卡製作 1:80刮:2:1::001::r30::m000::t001,1,24,1.0,train,8x10,0.3729662870922829,0.15,1,1,1,1,1,0
synth::刮刮卡製作 1:80刮:2:1::001::r30::m000::t010,1,24,1.0,train,8x10,0.45341120730863593,0.15,1,1,1,1,1,0
synth::刮刮卡製作 1:80刮:2:1::001::r30::m000::t011,1,24,1.0,train,8x10,0.3729662870922829,0.15,1,1,1,1,1,0
synth::刮刮卡製作 1:80刮:2:1::001::r30::m000::t013,1,24,1.0,train,8x10,0.4017459049571932,0.15,1,1,1,1,1,0
synth::刮刮卡製作 1:80刮:2:1::001::r30::m000::t015,7,24,0.14285714285714285,train,8x10,0.4012021147059278,0.15,0,0,0,1,2,-5
synth::刮刮卡製作 1:80刮:2:1::001::r30::m000::t016,1,24,1.0,train,8x10,0.40740085119603275,0.15,1,1,1,1,1,0
synth::刮刮卡製作 1:80刮:2:1::001::r30::m000::t020,1,24,1.0,train,8x10,0.44628623469676143,0.15,1,1,1,1,1,0
synth::刮刮卡製作 1:80刮:2:1::001::r30::m000::t023,1,24,1.0,train,8x10,0.4017459049571932,0.15,1,1,1,1,1,0
synth::刮刮卡製作 1:80刮:2:1::001::r30::m000::t024,1,24,1.0,train,8x10,0.4012021147059278,0.15,1,1,1,1,1,0
synth::刮刮卡製作 1:80刮:2:1::001::r30::m000::t025,1,24,1.0,train,8x10,0.4012021147059278,0.15,1,1,1,1,1,0
synth::刮刮卡製作 1:80刮:2:1::001::r30::m000::t030,1,24,1.0,train,8x10,0.44628623469676143,0.15,1,1,1,1,1,0
synth::刮刮卡製作 1:80刮:2:1::001::r30::m000::t033,1,24,1.0,train,8x10,0.4017459049571932,0.15,1,1,1,1,1,0
synth::刮刮卡製作 1:80刮:2:1::001::r30::m000::t034,2,24,0.5,train,8x10,0.4012021147059278,0.15,0,1,1,1,2,0
synth::刮刮卡製作 1:80刮:2:1::001::r30::m000::t037,1,24,1.0,train,8x10,0.3793131903815242,0.15,1,1,1,1,1,0
synth::刮刮卡製作 1:80刮:2:1::001::r30::m000::t039,1,24,1.0,train,8x10,0.5289180625592204,0.15,1,1,1,1,1,0
synth::刮刮卡製作 1:80刮:2:1::001::r30::m000::t040,1,24,1.0,train,8x10,0.44628623469676143,0.15,1,1,1,1,1,0
synth::刮刮卡製作 1:80刮:2:1::001::r30::m000::t052,1,24,1.0,train,8x10,0.40740085119603275,0.15,1,1,1,1,1,0
synth::刮刮卡製作 1:80刮:2:1::001::r30::m000::t062,1,24,1.0,train,8x10,0.4044532391981841,0.15,1,1,1,1,1,0
synth::刮刮卡製作 1:80刮:2:1::001::r30::m000::t063,1,24,1.0,train,8x10,0.4017459049571932,0.15,1,1,1,1,1,0
synth::刮刮卡製作 1:80刮:2:1::001::r30::m000::t064,1,24,1.0,train,8x10,0.3993488132838263,0.15,1,1,1,1,1,0
synth::刮刮卡製作 1:80刮:2:1::001::r30::m000::t070,1,24,1.0,train,8x10,0.44333862269891267,0.15,1,1,1,1,1,0
synth::刮刮卡製作 1:80刮:2:1::001::r30::m000::t075,1,24,1.0,train,8x10,0.4012021147059278,0.15,1,1,1,1,1,0
synth::刮刮卡製作 1:80刮:2:1::001::r30::m000::t076,1,24,1.0,train,8x10,0.40740085119603275,0.15,1,1,1,1,1,0
synth::刮刮卡製作 1:80刮:2:1::001::r30::m000::t080,1,24,1.0,train,8x10,0.44628623469676143,0.15,1,1,1,1,1,0
synth::刮刮卡製作 1:80刮:2:1::001::r50::m000::t001,1,40,1.0,train,8x10,0.4177093866889665,0.15,1,1,1,1,1,0
synth::刮刮卡製作 1:80刮:2:1::001::r50::m000::t002,1,40,1.0,train,8x10,0.2408460396280281,0.15,1,1,1,1,1,0
synth::刮刮卡製作 1:80刮:2:1::001::r50::m000::t006,1,40,1.0,train,8x10,0.2593679763687624,0.15,1,1,1,1,1,0
synth::刮刮卡製作 1:80刮:2:1::001::r50::m000::t007,1,40,1.0,train,8x10,0.24006318980217017,0.15,1,1,1,1,1,0
synth::刮刮卡製作 1:80刮:2:1::001::r50::m000::t009,2,40,0.5,train,8x10,0.2733825995186431,0.15,0,1,1,1,2,0
synth::刮刮卡製作 1:80刮:2:1::001::r50::m000::t010,1,40,1.0,train,8x10,0.28548929467504813,0.15,1,1,1,1,1,0
synth::刮刮卡製作 1:80刮:2:1::001::r50::m000::t012,1,40,1.0,train,8x10,0.2408460396280281,0.15,1,1,1,1,1,0
synth::刮刮卡製作 1:80刮:2:1::001::r50::m000::t013,1,40,1.0,train,8x10,0.22057004822967824,0.15,1,1,1,1,1,0
synth::刮刮卡製作 1:80刮:2:1::001::r50::m000::t016,1,40,1.0,train,8x10,0.2593679763687624,0.15,1,1,1,1,1,0
synth::刮刮卡製作 1:80刮:2:1::001::r50::m000::t019,1,40,1.0,train,8x10,0.2803498322786435,0.15,1,1,1,1,1,0
synth::刮刮卡製作 1:80刮:2:1::001::r50::m000::t024,1,40,1.0,train,8x10,0.2365516965191584,0.15,1,1,1,1,1,0
synth::刮刮卡製作 1:80刮:2:1::001::r50::m000::t025,1,40,1.0,train,8x10,0.23215132903326735,0.15,1,1,1,1,1,0
synth::刮刮卡製作 1:80刮:2:1::001::r50::m000::t026,1,40,1.0,train,8x10,0.2593679763687624,0.15,1,1,1,1,1,0
synth::刮刮卡製作 1:80刮:2:1::001::r50::m000::t029,1,40,1.0,train,8x10,0.2803498322786435,0.15,1,1,1,1,2,1
synth::刮刮卡製作 1:80刮:2:1::001::r50::m000::t030,1,40,1.0,train,8x10,0.28548929467504813,0.15,1,1,1,1,1,0
synth::刮刮卡製作 1:80刮:2:1::001::r50::m000::t031,1,40,1.0,train,8x10,0.4177093866889665,0.15,1,1,1,1,1,0
synth::刮刮卡製作 1:80刮:2:1::001::r50::m000::t033,1,40,1.0,train,8x10,0.22057004822967824,0.15,1,1,1,1,1,0
synth::刮刮卡製作 1:80刮:2:1::001::r50::m000::t035,1,40,1.0,train,8x10,0.23215132903326735,0.15,1,1,1,1,1,0
synth::刮刮卡製作 1:80刮:2:1::001::r50::m000::t037,1,40,1.0,train,8x10,0.2470304225621706,0.15,1,1,1,1,1,0
synth::刮刮卡製作 1:80刮:2:1::001::r50::m000::t038,1,40,1.0,train,8x10,0.3990221195147038,0.15,1,1,1,1,1,0
synth::刮刮卡製作 1:80刮:2:1::001::r50::m000::t040,1,40,1.0,train,8x10,0.29877680301167714,0.15,1,1,1,1,1,0
synth::刮刮卡製作 1:80刮:2:1::001::r50::m000::t047,1,40,1.0,train,8x10,0.2470304225621706,0.15,1,1,1,1,1,0
synth::刮刮卡製作 1:80刮:2:1::001::r50::m000::t049,1,40,1.0,train,8x10,0.2803498322786435,0.15,1,1,1,1,1,0
synth::刮刮卡製作 1:80刮:2:1::001::r50::m000::t050,1,40,1.0,train,8x10,0.28548929467504813,0.15,1,1,1,1,1,0
synth::刮刮卡製作 1:80刮:2:1::001::r50::m000::t051,2,40,0.5,train,8x10,0.4177093866889665,0.15,0,1,1,1,3,1
synth::刮刮卡製作 1:80刮:2:1::001::r50::m000::t053,1,40,1.0,train,8x10,0.2124769750375027,0.15,1,1,1,1,1,0
synth::刮刮卡製作 1:80刮:2:1::001::r50::m000::t060,1,40,1.0,train,8x10,0.28548929467504813,0.15,1,1,1,1,1,0
synth::刮刮卡製作 1:80刮:2:1::001::r50::m000::t061,1,40,1.0,train,8x10,0.4177093866889665,0.15,1,1,1,1,1,0
synth::刮刮卡製作 1:80刮:2:1::001::r50::m000::t062,1,40,1.0,train,8x10,0.2408460396280281,0.15,1,1,1,1,1,0
synth::刮刮卡製作 1:80刮:2:1::001::r50::m000::t063,18,40,0.05555555555555555,train,8x10,0.22057004822967824,0.15,0,0,0,0,2,-16
synth::刮刮卡製作 1:80刮:2:1::001::r50::m000::t064,1,40,1.0,train,8x10,0.23594911787798067,0.15,1,1,1,1,1,0
synth::刮刮卡製作 1:80刮:2:1::001::r50::m000::t066,13,40,0.07692307692307693,train,8x10,0.2593679763687624,0.15,0,0,0,0,4,-9
synth::刮刮卡製作 1:80刮:2:1::001::r50::m000::t067,1,40,1.0,train,8x10,0.2470304225621706,0.15,1,1,1,1,1,0
synth::刮刮卡製作 1:80刮:2:1::001::r50::m000::t068,1,40,1.0,train,8x10,0.3990221195147038,0.15,1,1,1,1,1,0
synth::刮刮卡製作 1:80刮:2:1::001::r50::m000::t069,1,40,1.0,train,8x10,0.2803498322786435,0.15,1,1,1,1,1,0
synth::刮刮卡製作 1:80刮:2:1::001::r50::m000::t071,1,40,1.0,train,8x10,0.4177093866889665,0.15,1,1,1,1,1,0
synth::刮刮卡製作 1:80刮:2:1::001::r50::m000::t075,1,40,1.0,train,8x10,0.22550946926526533,0.15,1,1,1,1,1,0
synth::刮刮卡製作 1:80刮:2:1::001::r50::m000::t076,1,40,1.0,train,8x10,0.2593679763687624,0.15,1,1,1,1,1,0
synth::刮刮卡製作 1:80刮:2:1::001::r50::m000::t079,1,40,1.0,train,8x10,0.2930058342674765,0.15,1,1,1,1,1,0
synth::刮刮卡製作 1:80刮:2:1::001::r50::m000::t080,1,40,1.0,train,8x10,0.28548929467504813,0.15,1,1,1,1,1,0
synth::刮刮卡製作 1:80刮:2:1::002::r30::m000::t002,1,24,1.0,train,8x10,0.5628562335480399,0.15,1,1,1,1,1,0
synth::刮刮卡製作 1:80刮:2:1::002::r30::m000::t009,1,24,1.0,train,8x10,0.5453930524350109,0.15,1,1,1,1,1,0
synth::刮刮卡製作 1:80刮:2:1::002::r30::m000::t012,1,24,1.0,train,8x10,0.5559137687067539,0.15,1,1,1,1,1,0
synth::刮刮卡製作 1:80刮:2:1::002::r30::m000::t017,1,24,1.0,train,8x10,0.5496244564612028,0.15,1,1,1,1,1,0
synth::刮刮卡製作 1:80刮:2:1::002::r30::m000::t018,1,24,1.0,train,8x10,0.5496244564612028,0.15,1,1,1,1,1,0
synth::刮刮卡製作 1:80刮:2:1::002::r30::m000::t024,2,24,0.5,train,8x10,0.5453930524350109,0.15,0,1,1,1,1,-1
synth::刮刮卡製作 1:80刮:2:1::002::r30::m000::t025,1,24,1.0,train,8x10,0.5496244564612028,0.15,1,1,1,1,1,0
synth::刮刮卡製作 1:80刮:2:1::002::r30::m000::t028,2,24,0.5,train,8x10,0.5496244564612028,0.15,0,1,1,1,2,0
synth::刮刮卡製作 1:80刮:2:1::002::r30::m000::t031,1,24,1.0,train,8x10,0.6029365982605097,0.15,1,1,1,1,1,0
synth::刮刮卡製作 1:80刮:2:1::002::r30::m000::t034,1,24,1.0,train,8x10,0.5453930524350109,0.15,1,1,1,1,1,0
synth::刮刮卡製作 1:80刮:2:1::002::r30::m000::t039,1,24,1.0,train,8x10,0.5453930524350109,0.15,1,1,1,1,1,0
synth::刮刮卡製作 1:80刮:2:1::002::r30::m000::t040,1,24,1.0,train,8x10,0.5563980249281103,0.15,1,1,1,1,1,0
synth::刮刮卡製作 1:80刮:2:1::002::r30::m000::t041,2,24,0.5,train,8x10,0.6029365982605097,0.15,0,1,1,1,1,-1
synth::刮刮卡製作 1:80刮:2:1::002::r30::m000::t046,1,24,1.0,train,8x10,0.5143967877180453,0.15,1,1,1,1,1,0
synth::刮刮卡製作 1:80刮:2:1::002::r30::m000::t049,1,24,1.0,train,8x10,0.5453930524350109,0.15,1,1,1,1,1,0
synth::刮刮卡製作 1:80刮:2:1::002::r30::m000::t052,1,24,1.0,train,8x10,0.5563980249281103,0.15,1,1,1,1,1,0
synth::刮刮卡製作 1:80刮:2:1::002::r30::m000::t054,1,24,1.0,train,8x10,0.5453930524350109,0.15,1,1,1,1,1,0
synth::刮刮卡製作 1:80刮:2:1::002::r30::m000::t057,1,24,1.0,train,8x10,0.5477009052302058,0.15,1,1,1,1,1,0
synth::刮刮卡製作 1:80刮:2:1::002::r30::m000::t061,1,24,1.0,train,8x10,0.6029365982605097,0.15,1,1,1,1,1,0
synth::刮刮卡製作 1:80刮:2:1::002::r30::m000::t065,1,24,1.0,train,8x10,0.5455066389413898,0.15,1,1,1,1,1,0
synth::刮刮卡製作 1:80刮:2:1::002::r30::m000::t070,1,24,1.0,train,8x10,0.554474473697113,0.15,1,1,1,1,1,0
synth::刮刮卡製作 1:80刮:2:1::002::r30::m000::t074,1,24,1.0,train,8x10,0.5432260634410707,0.15,1,1,1,1,1,0
synth::刮刮卡製作 1:80刮:2:1::002::r30::m000::t079,1,24,1.0,train,8x10,0.5453930524350109,0.15,1,1,1,1,1,0
synth::刮刮卡製作 1:80刮:2:1::002::r30::m000::t080,1,24,1.0,train,8x10,0.5563980249281103,0.15,1,1,1,1,1,0
synth::刮刮卡製作 1:80刮:2:1::002::r50::m000::t004,1,40,1.0,train,8x10,0.6734961600745191,0.15,1,1,1,1,1,0
synth::刮刮卡製作 1:80刮:2:1::002::r50::m000::t008,1,40,1.0,train,8x10,0.7587758113863303,0.15,1,1,1,1,1,0
synth::刮刮卡製作 1:80刮:2:1::002::r50::m000::t009,1,40,1.0,train,8x10,0.6921609253120411,0.15,1,1,1,1,1,0
synth::刮刮卡製作 1:80刮:2:1::002::r50::m000::t010,1,40,1.0,train,8x10,0.6877059462928206,0.15,1,1,1,1,1,0
synth::刮刮卡製作 1:80刮:2:1::002::r50::m000::t013,1,40,1.0,train,8x10,0.6834363828988449,0.15,1,1,1,1,1,0
synth::刮刮卡製作 1:80刮:2:1::002::r50::m000::t014,1,40,1.0,train,8x10,0.6734961600745191,0.15,1,1,1,1,1,0
synth::刮刮卡製作 1:80刮:2:1::002::r50::m000::t016,1,40,1.0,train,8x10,0.8435423789214659,0.15,1,1,1,1,1,0
synth::刮刮卡製作 1:80刮:2:1::002::r50::m000::t017,1,40,1.0,train,8x10,0.6877059462928206,0.15,1,1,1,1,1,0
synth::刮刮卡製作 1:80刮:2:1::002::r50::m000::t019,1,40,1.0,train,8x10,0.6921609253120411,0.15,1,1,1,1,1,0
synth::刮刮卡製作 1:80刮:2:1::002::r50::m000::t025,1,40,1.0,train,8x10,0.6557920965854458,0.15,1,1,1,1,1,0
synth::刮刮卡製作 1:80刮:2:1::002::r50::m000::t027,1,40,1.0,train,8x10,0.6968054070297346,0.15,1,1,1,1,1,0
synth::刮刮卡製作 1:80刮:2:1::002::r50::m000::t028,1,40,1.0,train,8x10,0.7587758113863303,0.15,1,1,1,1,1,0
synth::刮刮卡製作 1:80刮:2:1::002::r50::m000::t030,2,40,0.5,train,8x10,0.6877059462928206,0.15,0,1,1,1,2,0
synth::刮刮卡製作 1:80刮:2:1::002::r50::m000::t031,1,40,1.0,train,8x10,0.6402366576552099,0.15,1,1,1,1,1,0
synth::刮刮卡製作 1:80刮:2:1::002::r50::m000::t033,1,40,1.0,train,8x10,0.6877059462928206,0.15,1,1,1,1,1,0
synth::刮刮卡製作 1:80刮:2:1::002::r50::m000::t036,1,40,1.0,train,8x10,0.8435423789214659,0.15,1,1,1,1,1,0
synth::刮刮卡製作 1:80刮:2:1::002::r50::m000::t039,1,40,1.0,train,8x10,0.6921609253120411,0.15,1,1,1,1,1,0
synth::刮刮卡製作 1:80刮:2:1::002::r50::m000::t042,1,40,1.0,train,8x10,0.6168028605661013,0.15,1,1,1,1,1,0
synth::刮刮卡製作 1:80刮:2:1::002::r50::m000::t043,1,40,1.0,train,8x10,0.6877059462928206,0.15,1,1,1,1,1,0
synth::刮刮卡製作 1:80刮:2:1::002::r50::m000::t044,1,40,1.0,train,8x10,0.6734961600745191,0.15,1,1,1,1,1,0
synth::刮刮卡製作 1:80刮:2:1::002::r50::m000::t045,1,40,1.0,train,8x10,0.647055972466,0.15,1,1,1,1,1,0
synth::刮刮卡製作 1:80刮:2:1::002::r50::m000::t048,1,40,1.0,train,8x10,0.7587758113863303,0.15,1,1,1,1,1,0
synth::刮刮卡製作 1:80刮:2:1::002::r50::m000::t049,1,40,1.0,train,8x10,0.6921609253120411,0.15,1,1,1,1,1,0
synth::刮刮卡製作 1:80刮:2:1::002::r50::m000::t051,1,40,1.0,train,8x10,0.6402366576552099,0.15,1,1,1,1,1,0
synth::刮刮卡製作 1:80刮:2:1::002::r50::m000::t052,1,40,1.0,train,8x10,0.6168028605661013,0.15,1,1,1,1,1,0
synth::刮刮卡製作 1:80刮:2:1::002::r50::m000::t053,1,40,1.0,train,8x10,0.6877059462928206,0.15,1,1,1,1,1,0
synth::刮刮卡製作 1:80刮:2:1::002::r50::m000::t056,1,40,1.0,train,8x10,0.8384421961674309,0.15,1,1,1,1,1,0
synth::刮刮卡製作 1:80刮:2:1::002::r50::m000::t057,1,40,1.0,train,8x10,0.6968054070297346,0.15,1,1,1,1,1,0
synth::刮刮卡製作 1:80刮:2:1::002::r50::m000::t059,1,40,1.0,train,8x10,0.7010590043857832,0.15,1,1,1,1,1,0
synth::刮刮卡製作 1:80刮:2:1::002::r50::m000::t060,1,40,1.0,train,8x10,0.6877059462928206,0.15,1,1,1,1,1,0
synth::刮刮卡製作 1:80刮:2:1::002::r50::m000::t065,1,40,1.0,train,8x10,0.647055972466,0.15,1,1,1,1,1,0
synth::刮刮卡製作 1:80刮:2:1::002::r50::m000::t067,1,40,1.0,train,8x10,0.6877059462928206,0.15,1,1,1,1,1,0
synth::刮刮卡製作 1:80刮:2:1::002::r50::m000::t068,1,40,1.0,train,8x10,0.7587758113863303,0.15,1,1,1,1,1,0
synth::刮刮卡製作 1:80刮:2:1::002::r50::m000::t070,1,40,1.0,train,8x10,0.6877059462928206,0.15,1,1,1,1,1,0
synth::刮刮卡製作 1:80刮:2:1::002::r50::m000::t073,1,40,1.0,train,8x10,0.6877059462928206,0.15,1,1,1,1,1,0
synth::刮刮卡製作 1:80刮:2:1::002::r50::m000::t074,1,40,1.0,train,8x10,0.6734961600745191,0.15,1,1,1,1,1,0
synth::刮刮卡製作 1:80刮:2:1::002::r50::m000::t075,1,40,1.0,train,8x10,0.6557920965854458,0.15,1,1,1,1,1,0
synth::刮刮卡製作 1:80刮:2:1::002::r50::m000::t077,1,40,1.0,train,8x10,0.6968054070297346,0.15,1,1,1,1,1,0
synth::刮刮卡製作 1:80刮:2:1::002::r50::m000::t079,1,40,1.0,train,8x10,0.6921609253120411,0.15,1,1,1,1,1,0
synth::刮刮卡製作 1:80刮:2:1::002::r50::m000::t080,1,40,1.0,train,8x10,0.6877059462928206,0.15,1,1,1,1,1,0
synth::刮刮卡製作 1:80刮:2:1::003::r30::m000::t003,1,24,1.0,train,8x10,0.1684820158079237,0.15,1,1,1,1,1,0
synth::刮刮卡製作 1:80刮:2:1::003::r30::m000::t004,1,24,1.0,train,8x10,0.1684820158079237,0.15,1,1,1,1,1,0
synth::刮刮卡製作 1:80刮:2:1::003::r30::m000::t009,1,24,1.0,train,8x10,0.1684820158079237,0.15,1,1,1,1,1,0
synth::刮刮卡製作 1:80刮:2:1::003::r30::m000::t014,1,24,1.0,train,8x10,0.1684820158079237,0.15,1,1,1,1,1,0
synth::刮刮卡製作 1:80刮:2:1::003::r30::m000::t016,1,24,1.0,train,8x10,0.1758037509555594,0.15,1,1,1,1,1,0
synth::刮刮卡製作 1:80刮:2:1::003::r30::m000::t018,2,24,0.5,train,8x10,0.1758037509555594,0.15,0,1,1,1,2,0
synth::刮刮卡製作 1:80刮:2:1::003::r30::m000::t020,1,24,1.0,train,8x10,0.1684820158079237,0.15,1,1,1,1,1,0
synth::刮刮卡製作 1:80刮:2:1::003::r30::m000::t034,1,24,1.0,train,8x10,0.1684820158079237,0.15,1,1,1,1,1,0
synth::刮刮卡製作 1:80刮:2:1::003::r30::m000::t035,4,24,0.25,train,8x10,0.15356322526114932,0.15,0,0,1,1,3,-1
synth::刮刮卡製作 1:80刮:2:1::003::r30::m000::t039,10,24,0.1,train,8x10,0.1684820158079237,0.15,0,0,0,1,4,-6
synth::刮刮卡製作 1:80刮:2:1::003::r30::m000::t041,1,24,1.0,train,8x10,0.21440201061747866,0.15,1,1,1,1,1,0
synth::刮刮卡製作 1:80刮:2:1::003::r30::m000::t045,1,24,1.0,train,8x10,0.15356322526114932,0.15,1,1,1,1,1,0
synth::刮刮卡製作 1:80刮:2:1::003::r30::m000::t047,1,24,1.0,train,8x10,0.2366425363118888,0.15,1,1,1,1,1,0
synth::刮刮卡製作 1:80刮:2:1::003::r30::m000::t053,1,24,1.0,train,8x10,0.1684820158079237,0.15,1,1,1,1,1,0
synth::刮刮卡製作 1:80刮:2:1::003::r30::m000::t060,1,24,1.0,train,8x10,0.1684820158079237,0.15,1,1,1,1,1,0
synth::刮刮卡製作 1:80刮:2:1::003::r30::m000::t061,1,24,1.0,train,8x10,0.21440201061747866,0.15,1,1,1,1,1,0
synth::刮刮卡製作 1:80刮:2:1::003::r30::m000::t063,1,24,1.0,train,8x10,0.1684820158079237,0.15,1,1,1,1,1,0
synth::刮刮卡製作 1:80刮:2:1::003::r30::m000::t069,1,24,1.0,train,8x10,0.1684820158079237,0.15,1,1,1,1,1,0
synth::刮刮卡製作 1:80刮:2:1::003::r30::m000::t070,9,24,0.1111111111111111,train,8x10,0.1684820158079237,0.15,0,0,0,1,3,-6
synth::刮刮卡製作 1:80刮:2:1::003::r30::m000::t072,1,24,1.0,train,8x10,0.23424452838117008,0.15,1,1,1,1,1,0
synth::刮刮卡製作 1:80刮:2:1::003::r30::m000::t073,1,24,1.0,train,8x10,0.1684820158079237,0.15,1,1,1,1,1,0
synth::刮刮卡製作 1:80刮:2:1::003::r30::m000::t074,1,24,1.0,train,8x10,0.1684820158079237,0.15,1,1,1,1,1,0
synth::刮刮卡製作 1:80刮:2:1::003::r30::m000::t079,1,24,1.0,train,8x10,0.1684820158079237,0.15,1,1,1,1,2,1
synth::刮刮卡製作 1:80刮:2:1::003::r30::m000::t080,1,24,1.0,train,8x10,0.1684820158079237,0.15,1,1,1,1,1,0
synth::刮刮卡製作 1:80刮:2:1::003::r50::m000::t001,1,40,1.0,train,8x10,0.3635308173843566,0.15,1,1,1,1,1,0
synth::刮刮卡製作 1:80刮:2:1::003::r50::m000::t004,1,40,1.0,train,8x10,0.39118830443555574,0.15,1,1,1,1,1,0
synth::刮刮卡製作 1:80刮:2:1::003::r50::m000::t005,1,40,1.0,train,8x10,0.3721012771489622,0.15,1,1,1,1,1,0
synth::刮刮卡製作 1:80刮:2:1::003::r50::m000::t006,1,40,1.0,train,8x10,0.3578914909306613,0.15,1,1,1,1,1,0
synth::刮刮卡製作 1:80刮:2:1::003::r50::m000::t007,1,40,1.0,train,8x10,0.377740603602658,0.15,1,1,1,1,1,0
synth::刮刮卡製作 1:80刮:2:1::003::r50::m000::t010,1,40,1.0,train,8x10,0.3761595620316488,0.15,1,1,1,1,1,0
synth::刮刮卡製作 1:80刮:2:1::003::r50::m000::t013,1,40,1.0,train,8x10,0.329235067541733,0.15,1,1,1,1,1,0
synth::刮刮卡製作 1:80刮:2:1::003::r50::m000::t015,1,40,1.0,train,8x10,0.3721012771489622,0.15,1,1,1,1,1,0
synth::刮刮卡製作 1:80刮:2:1::003::r50::m000::t016,1,40,1.0,train,8x10,0.3578914909306613,0.15,1,1,1,1,1,0
synth::刮刮卡製作 1:80刮:2:1::003::r50::m000::t017,1,40,1.0,train,8x10,0.377740603602658,0.15,1,1,1,1,1,0
synth::刮刮卡製作 1:80刮:2:1::003::r50::m000::t022,2,40,0.5,train,8x10,0.35544851373416353,0.15,0,1,1,1,2,0
synth::刮刮卡製作 1:80刮:2:1::003::r50::m000::t023,1,40,1.0,train,8x10,0.329235067541733,0.15,1,1,1,1,1,0
synth::刮刮卡製作 1:80刮:2:1::003::r50::m000::t024,1,40,1.0,train,8x10,0.39118830443555574,0.15,1,1,1,1,1,0
synth::刮刮卡製作 1:80刮:2:1::003::r50::m000::t025,1,40,1.0,train,8x10,0.3721012771489622,0.15,1,1,1,1,1,0
synth::刮刮卡製作 1:80刮:2:1::003::r50::m000::t028,1,40,1.0,train,8x10,0.3664369449169588,0.15,1,1,1,1,1,0
synth::刮刮卡製作 1:80刮:2:1::003::r50::m000::t029,1,40,1.0,train,8x10,0.46935890503523653,0.15,1,1,1,1,1,0
synth::刮刮卡製作 1:80刮:2:1::003::r50::m000::t030,2,40,0.5,train,8x10,0.3635308173843566,0.15,0,1,1,1,1,-1
synth::刮刮卡製作 1:80刮:2:1::003::r50::m000::t032,1,40,1.0,train,8x10,0.35544851373416353,0.15,1,1,1,1,2,1
synth::刮刮卡製作 1:80刮:2:1::003::r50::m000::t035,1,40,1.0,train,8x10,0.3721012771489622,0.15,1,1,1,1,1,0
synth::刮刮卡製作 1:80刮:2:1::003::r50::m000::t036,1,40,1.0,train,8x10,0.3578914909306613,0.15,1,1,1,1,1,0
synth::刮刮卡製作 1:80刮:2:1::003::r50::m000::t037,1,40,1.0,train,8x10,0.377740603602658,0.15,1,1,1,1,1,0
synth::刮刮卡製作 1:80刮:2:1::003::r50::m000::t039,12,40,0.08333333333333333,train,8x10,0.46935890503523653,0.15,0,0,0,0,3,-9
synth::刮刮卡製作 1:80刮:2:1::003::r50::m000::t040,16,40,0.0625,train,8x10,0.3635308173843566,0.15,0,0,0,0,1,-15
synth::刮刮卡製作 1:80刮:2:1::003::r50::m000::t041,1,40,1.0,train,8x10,0.3635308173843566,0.15,1,1,1,1,1,0
synth::刮刮卡製作 1:80刮:2:1::003::r50::m000::t043,1,40,1.0,train,8x10,0.329235067541733,0.15,1,1,1,1,1,0
synth::刮刮卡製作 1:80刮:2:1::003::r50::m000::t047,1,40,1.0,train,8x10,0.3714534814405883,0.15,1,1,1,1,1,0
synth::刮刮卡製作 1:80刮:2:1::003::r50::m000::t049,14,40,0.07142857142857142,train,8x10,0.4648231498782224,0.15,0,0,0,0,6,-8
synth::刮刮卡製作 1:80刮:2:1::003::r50::m000::t052,4,40,0.25,train,8x10,0.35544851373416353,0.15,0,0,1,1,6,2
synth::刮刮卡製作 1:80刮:2:1::003::r50::m000::t053,1,40,1.0,train,8x10,0.329235067541733,0.15,1,1,1,1,1,0
synth::刮刮卡製作 1:80刮:2:1::003::r50::m000::t057,4,40,0.25,train,8x10,0.377740603602658,0.15,0,0,1,1,2,-2
synth::刮刮卡製作 1:80刮:2:1::003::r50::m000::t058,1,40,1.0,train,8x10,0.3664369449169588,0.15,1,1,1,1,1,0
synth::刮刮卡製作 1:80刮:2:1::003::r50::m000::t059,1,40,1.0,train,8x10,0.46935890503523653,0.15,1,1,1,1,1,0
synth::刮刮卡製作 1:80刮:2:1::003::r50::m000::t060,1,40,1.0,train,8x10,0.3635308173843566,0.15,1,1,1,1,1,0
synth::刮刮卡製作 1:80刮:2:1::003::r50::m000::t061,1,40,1.0,train,8x10,0.3635308173843566,0.15,1,1,1,1,1,0
synth::刮刮卡製作 1:80刮:2:1::003::r50::m000::t064,1,40,1.0,train,8x10,0.38490118227348613,0.15,1,1,1,1,1,0
synth::刮刮卡製作 1:80刮:2:1::003::r50::m000::t066,15,40,0.06666666666666667,train,8x10,0.3563091695491616,0.15,0,0,0,0,1,-14
synth::刮刮卡製作 1:80刮:2:1::003::r50::m000::t068,1,40,1.0,train,8x10,0.3664369449169588,0.15,1,1,1,1,1,0
synth::刮刮卡製作 1:80刮:2:1::003::r50::m000::t071,1,40,1.0,train,8x10,0.3635308173843566,0.15,1,1,1,1,1,0
synth::刮刮卡製作 1:80刮:2:1::003::r50::m000::t072,1,40,1.0,train,8x10,0.35544851373416353,0.15,1,1,1,1,1,0
synth::刮刮卡製作 1:80刮:2:1::003::r50::m000::t075,1,40,1.0,train,8x10,0.3721012771489622,0.15,1,1,1,1,1,0
synth::刮刮卡製作 1:80刮:2:1::000::r30::m000::t005,16,24,0.0625,valid,8x10,0.2974073255082853,0.15,0,0,0,0,14,-2
synth::刮刮卡製作 1:80刮:2:1::000::r30::m000::t009,11,24,0.09090909090909091,valid,8x10,0.26622537046597033,0.15,0,0,0,0,5,-6
synth::刮刮卡製作 1:80刮:2:1::000::r30::m000::t011,14,24,0.07142857142857142,valid,8x10,0.26365472892226527,0.15,0,0,0,0,18,4
synth::刮刮卡製作 1:80刮:2:1::000::r30::m000::t014,18,24,0.05555555555555555,valid,8x10,0.2869022495915452,0.15,0,0,0,0,19,1
synth::刮刮卡製作 1:80刮:2:1::000::r30::m000::t016,19,24,0.05263157894736842,valid,8x10,0.28481076966141217,0.15,0,0,0,0,15,-4
synth::刮刮卡製作 1:80刮:2:1::000::r30::m000::t019,24,24,0.041666666666666664,valid,8x10,0.2599763603231714,0.15,0,0,0,0,22,-2
synth::刮刮卡製作 1:80刮:2:1::000::r30::m000::t025,5,24,0.2,valid,8x10,0.30079745485286025,0.15,0,0,1,1,15,10
synth::刮刮卡製作 1:80刮:2:1::000::r30::m000::t031,7,24,0.14285714285714285,valid,8x10,0.26365472892226527,0.15,0,0,0,1,21,14
synth::刮刮卡製作 1:80刮:2:1::000::r30::m000::t032,14,24,0.07142857142857142,valid,8x10,0.27616861892219935,0.15,0,0,0,0,9,-5
synth::刮刮卡製作 1:80刮:2:1::000::r30::m000::t033,4,24,0.25,valid,8x10,0.37830830158197437,0.15,0,0,1,1,1,-3
synth::刮刮卡製作 1:80刮:2:1::000::r30::m000::t038,2,24,0.5,valid,8x10,0.37830830158197437,0.15,0,1,1,1,2,0
synth::刮刮卡製作 1:80刮:2:1::000::r30::m000::t040,1,24,1.0,valid,8x10,0.2599763603231714,0.15,1,1,1,1,7,6
synth::刮刮卡製作 1:80刮:2:1::000::r30::m000::t041,20,24,0.05,valid,8x10,0.26365472892226527,0.15,0,0,0,0,15,-5
synth::刮刮卡製作 1:80刮:2:1::000::r30::m000::t042,3,24,0.3333333333333333,valid,8x10,0.27616861892219935,0.15,0,1,1,1,3,0
synth::刮刮卡製作 1:80刮:2:1::000::r30::m000::t045,20,24,0.05,valid,8x10,0.30079745485286025,0.15,0,0,0,0,9,-11
synth::刮刮卡製作 1:80刮:2:1::000::r30::m000::t046,7,24,0.14285714285714285,valid,8x10,0.28481076966141217,0.15,0,0,0,1,12,5
synth::刮刮卡製作 1:80刮:2:1::000::r30::m000::t047,11,24,0.09090909090909091,valid,8x10,0.37830830158197437,0.15,0,0,0,0,17,6
synth::刮刮卡製作 1:80刮:2:1::000::r30::m000::t057,21,24,0.047619047619047616,valid,8x10,0.37830830158197437,0.15,0,0,0,0,16,-5
synth::刮刮卡製作 1:80刮:2:1::000::r30::m000::t068,9,24,0.1111111111111111,valid,8x10,0.37830830158197437,0.15,0,0,0,1,22,13
synth::刮刮卡製作 1:80刮:2:1::000::r30::m000::t072,22,24,0.045454545454545456,valid,8x10,0.27301187010234695,0.15,0,0,0,0,23,1
synth::刮刮卡製作 1:80刮:2:1::000::r30::m000::t073,7,24,0.14285714285714285,valid,8x10,0.37830830158197437,0.15,0,0,0,1,11,4
synth::刮刮卡製作 1:80刮:2:1::000::r30::m000::t075,15,24,0.06666666666666667,valid,8x10,0.30079745485286025,0.15,0,0,0,0,4,-11
synth::刮刮卡製作 1:80刮:2:1::000::r30::m000::t076,10,24,0.1,valid,8x10,0.28481076966141217,0.15,0,0,0,1,8,-2
synth::刮刮卡製作 1:80刮:2:1::000::r30::m000::t080,24,24,0.041666666666666664,valid,8x10,0.2593387712622287,0.15,0,0,0,0,21,-3
synth::刮刮卡製作 1:80刮:2:1::000::r50::m000::t001,2,40,0.5,valid,8x10,0.11584325478658397,0.15,0,1,1,1,40,38
synth::刮刮卡製作 1:80刮:2:1::000::r50::m000::t002,16,40,0.0625,valid,8x10,0.13962155583888974,0.15,0,0,0,0,25,9
synth::刮刮卡製作 1:80刮:2:1::000::r50::m000::t003,23,40,0.043478260869565216,valid,8x10,0.4041136665720957,0.15,0,0,0,0,12,-11
synth::刮刮卡製作 1:80刮:2:1::000::r50::m000::t004,6,40,0.16666666666666666,valid,8x10,0.0364125610442431,0.15,0,0,0,1,37,31
synth::刮刮卡製作 1:80刮:2:1::000::r50::m000::t005,17,40,0.058823529411764705,valid,8x10,0.1348609866847772,0.15,0,0,0,0,15,-2
synth::刮刮卡製作 1:80刮:2:1::000::r50::m000::t007,37,40,0.02702702702702703,valid,8x10,0.16353812905086001,0.15,0,0,0,0,12,-25
synth::刮刮卡製作 1:80刮:2:1::000::r50::m000::t010,29,40,0.034482758620689655,valid,8x10,0.10846708880742922,0.15,0,0,0,0,8,-21
synth::刮刮卡製作 1:80刮:2:1::000::r50::m000::t013,27,40,0.037037037037037035,valid,8x10,0.4041136665720957,0.15,0,0,0,0,26,-1
synth::刮刮卡製作 1:80刮:2:1::000::r50::m000::t014,4,40,0.25,valid,8x10,0.0364125610442431,0.15,0,0,1,1,1,-3
synth::刮刮卡製作 1:80刮:2:1::000::r50::m000::t020,6,40,0.16666666666666666,valid,8x10,0.10846708880742922,0.15,0,0,0,1,27,21
synth::刮刮卡製作 1:80刮:2:1::000::r50::m000::t021,9,40,0.1111111111111111,valid,8x10,0.11584325478658397,0.15,0,0,0,1,7,-2
synth::刮刮卡製作 1:80刮:2:1::000::r50::m000::t024,4,40,0.25,valid,8x10,0.042405860562028386,0.15,0,0,1,1,35,31
synth::刮刮卡製作 1:80刮:2:1::000::r50::m000::t026,6,40,0.16666666666666666,valid,8x10,0.0927489131781977,0.15,0,0,0,1,4,-2
synth::刮刮卡製作 1:80刮:2:1::000::r50::m000::t027,34,40,0.029411764705882353,valid,8x10,0.1480969746835752,0.15,0,0,0,0,24,-10
synth::刮刮卡製作 1:80刮:2:1::000::r50::m000::t030,21,40,0.047619047619047616,valid,8x10,0.10846708880742922,0.15,0,0,0,0,26,5
synth::刮刮卡製作 1:80刮:2:1::000::r50::m000::t032,8,40,0.125,valid,8x10,0.13962155583888974,0.15,0,0,0,1,2,-6
synth::刮刮卡製作 1:80刮:2:1::000::r50::m000::t038,32,40,0.03125,valid,8x10,0.3590054802220548,0.15,0,0,0,0,10,-22
synth::刮刮卡製作 1:80刮:2:1::000::r50::m000::t039,30,40,0.03333333333333333,valid,8x10,0.0843978115885603,0.15,0,0,0,0,36,6
synth::刮刮卡製作 1:80刮:2:1::000::r50::m000::t041,37,40,0.02702702702702703,valid,8x10,0.11584325478658397,0.15,0,0,0,0,21,-16
synth::刮刮卡製作 1:80刮:2:1::000::r50::m000::t043,16,40,0.0625,valid,8x10,0.4041136665720957,0.15,0,0,0,0,33,17
synth::刮刮卡製作 1:80刮:2:1::000::r50::m000::t047,12,40,0.08333333333333333,valid,8x10,0.1480969746835752,0.15,0,0,0,0,20,8
synth::刮刮卡製作 1:80刮:2:1::000::r50::m000::t048,6,40,0.16666666666666666,valid,8x10,0.3590054802220548,0.15,0,0,0,1,2,-4
synth::刮刮卡製作 1:80刮:2:1::000::r50::m000::t049,1,40,1.0,valid,8x10,0.0843978115885603,0.15,1,1,1,1,36,35
synth::刮刮卡製作 1:80刮:2:1::000::r50::m000::t053,4,40,0.25,valid,8x10,0.4041136665720957,0.15,0,0,1,1,22,18
synth::刮刮卡製作 1:80刮:2:1::000::r50::m000::t054,12,40,0.08333333333333333,valid,8x10,0.0364125610442431,0.15,0,0,0,0,32,20
synth::刮刮卡製作 1:80刮:2:1::000::r50::m000::t056,17,40,0.058823529411764705,valid,8x10,0.09381342853362146,0.15,0,0,0,0,33,16
synth::刮刮卡製作 1:80刮:2:1::000::r50::m000::t059,11,40,0.09090909090909091,valid,8x10,0.0843978115885603,0.15,0,0,0,0,12,1
synth::刮刮卡製作 1:80刮:2:1::000::r50::m000::t061,26,40,0.038461538461538464,valid,8x10,0.11500824293664114,0.15,0,0,0,0,5,-21
synth::刮刮卡製作 1:80刮:2:1::000::r50::m000::t063,26,40,0.038461538461538464,valid,8x10,0.39847537601934735,0.15,0,0,0,0,30,4
synth::刮刮卡製作 1:80刮:2:1::000::r50::m000::t065,39,40,0.02564102564102564,valid,8x10,0.12813602281290593,0.15,0,0,0,0,38,-1
synth::刮刮卡製作 1:80刮:2:1::000::r50::m000::t066,33,40,0.030303030303030304,valid,8x10,0.09381342853362146,0.15,0,0,0,0,36,3
synth::刮刮卡製作 1:80刮:2:1::000::r50::m000::t069,40,40,0.025,valid,8x10,0.0843978115885603,0.15,0,0,0,0,35,-5
synth::刮刮卡製作 1:80刮:2:1::000::r50::m000::t070,14,40,0.07142857142857142,valid,8x10,0.10846708880742922,0.15,0,0,0,0,5,-9
synth::刮刮卡製作 1:80刮:2:1::000::r50::m000::t071,17,40,0.058823529411764705,valid,8x10,0.11584325478658397,0.15,0,0,0,0,21,4
synth::刮刮卡製作 1:80刮:2:1::000::r50::m000::t072,39,40,0.02564102564102564,valid,8x10,0.13962155583888974,0.15,0,0,0,0,40,1
synth::刮刮卡製作 1:80刮:2:1::000::r50::m000::t073,7,40,0.14285714285714285,valid,8x10,0.39847537601934735,0.15,0,0,0,1,28,21
synth::刮刮卡製作 1:80刮:2:1::000::r50::m000::t075,39,40,0.02564102564102564,valid,8x10,0.12813602281290593,0.15,0,0,0,0,12,-27
synth::刮刮卡製作 1:80刮:2:1::000::r50::m000::t076,28,40,0.03571428571428571,valid,8x10,0.09381342853362146,0.15,0,0,0,0,14,-14
synth::刮刮卡製作 1:80刮:2:1::000::r50::m000::t078,1,40,1.0,valid,8x10,0.3590054802220548,0.15,1,1,1,1,2,1
synth::刮刮卡製作 1:80刮:2:1::000::r50::m000::t080,31,40,0.03225806451612903,valid,8x10,0.10846708880742922,0.15,0,0,0,0,22,-9
刮刮卡製作 1:80刮:2:1::r30::m000::t001,22,24,0.045454545454545456,holdout,8x10,0.23072898405057327,0.15,0,0,0,0,21,-1
刮刮卡製作 1:80刮:2:1::r30::m000::t002,10,24,0.1,holdout,8x10,0.2720447894239085,0.15,0,0,0,1,16,6
刮刮卡製作 1:80刮:2:1::r30::m000::t004,11,24,0.09090909090909091,holdout,8x10,0.3437760057260671,0.15,0,0,0,0,3,-8
刮刮卡製作 1:80刮:2:1::r30::m000::t007,18,24,0.05555555555555555,holdout,8x10,0.22400406541109497,0.15,0,0,0,0,10,-8
刮刮卡製作 1:80刮:2:1::r30::m000::t008,4,24,0.25,holdout,8x10,0.25565897251033526,0.15,0,0,1,1,4,0
刮刮卡製作 1:80刮:2:1::r30::m000::t017,22,24,0.045454545454545456,holdout,8x10,0.22326999340998457,0.15,0,0,0,0,22,0
刮刮卡製作 1:80刮:2:1::r30::m000::t022,7,24,0.14285714285714285,holdout,8x10,0.2720447894239085,0.15,0,0,0,1,11,4
刮刮卡製作 1:80刮:2:1::r30::m000::t024,17,24,0.058823529411764705,holdout,8x10,0.3437760057260671,0.15,0,0,0,0,13,-4
刮刮卡製作 1:80刮:2:1::r30::m000::t028,16,24,0.0625,holdout,8x10,0.25565897251033526,0.15,0,0,0,0,19,3
刮刮卡製作 1:80刮:2:1::r30::m000::t039,6,24,0.16666666666666666,holdout,8x10,0.24644870727191992,0.15,0,0,0,1,4,-2
刮刮卡製作 1:80刮:2:1::r30::m000::t040,6,24,0.16666666666666666,holdout,8x10,0.2720447894239085,0.15,0,0,0,1,8,2
刮刮卡製作 1:80刮:2:1::r30::m000::t042,1,24,1.0,holdout,8x10,0.2720447894239085,0.15,1,1,1,1,1,0
刮刮卡製作 1:80刮:2:1::r30::m000::t047,8,24,0.125,holdout,8x10,0.22400406541109497,0.15,0,0,0,1,12,4
刮刮卡製作 1:80刮:2:1::r30::m000::t048,1,24,1.0,holdout,8x10,0.25565897251033526,0.15,1,1,1,1,7,6
刮刮卡製作 1:80刮:2:1::r30::m000::t050,12,24,0.08333333333333333,holdout,8x10,0.2720447894239085,0.15,0,0,0,0,12,0
刮刮卡製作 1:80刮:2:1::r30::m000::t053,14,24,0.07142857142857142,holdout,8x10,0.24203252357352445,0.15,0,0,0,0,19,5
刮刮卡製作 1:80刮:2:1::r30::m000::t056,1,24,1.0,holdout,8x10,0.23072898405057327,0.15,1,1,1,1,1,0
刮刮卡製作 1:80刮:2:1::r30::m000::t065,2,24,0.5,holdout,8x10,0.2754704507063439,0.15,0,1,1,1,21,19
刮刮卡製作 1:80刮:2:1::r30::m000::t070,24,24,0.041666666666666664,holdout,8x10,0.268574032994227,0.15,0,0,0,0,24,0
刮刮卡製作 1:80刮:2:1::r30::m000::t071,8,24,0.125,holdout,8x10,0.23072898405057327,0.15,0,0,0,1,1,-7
刮刮卡製作 1:80刮:2:1::r30::m000::t072,6,24,0.16666666666666666,holdout,8x10,0.2720447894239085,0.15,0,0,0,1,13,7
刮刮卡製作 1:80刮:2:1::r30::m000::t073,17,24,0.058823529411764705,holdout,8x10,0.24977847899403616,0.15,0,0,0,0,8,-9
刮刮卡製作 1:80刮:2:1::r30::m000::t076,1,24,1.0,holdout,8x10,0.2275235019372397,0.15,1,1,1,1,1,0
刮刮卡製作 1:80刮:2:1::r30::m000::t080,10,24,0.1,holdout,8x10,0.2720447894239085,0.15,0,0,0,1,8,-2
刮刮卡製作 1:80刮:2:1::r50::m000::t012,30,40,0.03333333333333333,holdout,8x10,0.2828396528054018,0.15,0,0,0,0,12,-18
刮刮卡製作 1:80刮:2:1::r50::m000::t016,9,40,0.1111111111111111,holdout,8x10,0.32318873671878795,0.15,0,0,0,1,12,3
刮刮卡製作 1:80刮:2:1::r50::m000::t018,16,40,0.0625,holdout,8x10,0.3673417863931636,0.15,0,0,0,0,34,18
刮刮卡製作 1:80刮:2:1::r50::m000::t019,10,40,0.1,holdout,8x10,0.39870279460608504,0.15,0,0,0,1,17,7
刮刮卡製作 1:80刮:2:1::r50::m000::t021,34,40,0.029411764705882353,holdout,8x10,0.30956207639638067,0.15,0,0,0,0,35,1
刮刮卡製作 1:80刮:2:1::r50::m000::t022,2,40,0.5,holdout,8x10,0.2992482012253792,0.15,0,1,1,1,2,0
刮刮卡製作 1:80刮:2:1::r50::m000::t024,35,40,0.02857142857142857,holdout,8x10,0.4248231532956383,0.15,0,0,0,0,12,-23
刮刮卡製作 1:80刮:2:1::r50::m000::t027,23,40,0.043478260869565216,holdout,8x10,0.5674121536128514,0.15,0,0,0,0,18,-5
刮刮卡製作 1:80刮:2:1::r50::m000::t028,27,40,0.037037037037037035,holdout,8x10,0.3673417863931636,0.15,0,0,0,0,35,8
刮刮卡製作 1:80刮:2:1::r50::m000::t032,32,40,0.03125,holdout,8x10,0.2828396528054018,0.15,0,0,0,0,39,7
刮刮卡製作 1:80刮:2:1::r50::m000::t034,8,40,0.125,holdout,8x10,0.4091701826811145,0.15,0,0,0,1,7,-1
刮刮卡製作 1:80刮:2:1::r50::m000::t035,36,40,0.027777777777777776,holdout,8x10,0.3517746921502058,0.15,0,0,0,0,2,-34
刮刮卡製作 1:80刮:2:1::r50::m000::t038,33,40,0.030303030303030304,holdout,8x10,0.3673417863931636,0.15,0,0,0,0,30,-3
刮刮卡製作 1:80刮:2:1::r50::m000::t039,31,40,0.03225806451612903,holdout,8x10,0.39586292409445967,0.15,0,0,0,0,11,-20
刮刮卡製作 1:80刮:2:1::r50::m000::t041,28,40,0.03571428571428571,holdout,8x10,0.30373572578868324,0.15,0,0,0,0,17,-11
刮刮卡製作 1:80刮:2:1::r50::m000::t044,27,40,0.037037037037037035,holdout,8x10,0.4091701826811145,0.15,0,0,0,0,1,-26
刮刮卡製作 1:80刮:2:1::r50::m000::t045,3,40,0.3333333333333333,holdout,8x10,0.3517746921502058,0.15,0,1,1,1,36,33
刮刮卡製作 1:80刮:2:1::r50::m000::t046,10,40,0.1,holdout,8x10,0.32318873671878795,0.15,0,0,0,1,7,-3
刮刮卡製作 1:80刮:2:1::r50::m000::t049,7,40,0.14285714285714285,holdout,8x10,0.39870279460608504,0.15,0,0,0,1,27,20
刮刮卡製作 1:80刮:2:1::r50::m000::t050,21,40,0.047619047619047616,holdout,8x10,0.3026078245437804,0.15,0,0,0,0,22,1
刮刮卡製作 1:80刮:2:1::r50::m000::t051,18,40,0.05555555555555555,holdout,8x10,0.30956207639638067,0.15,0,0,0,0,23,5
刮刮卡製作 1:80刮:2:1::r50::m000::t053,13,40,0.07692307692307693,holdout,8x10,0.5876800031193735,0.15,0,0,0,0,29,16
刮刮卡製作 1:80刮:2:1::r50::m000::t054,1,40,1.0,holdout,8x10,0.4091701826811145,0.15,1,1,1,1,39,38
刮刮卡製作 1:80刮:2:1::r50::m000::t055,30,40,0.03333333333333333,holdout,8x10,0.3517746921502058,0.15,0,0,0,0,34,4
刮刮卡製作 1:80刮:2:1::r50::m000::t056,25,40,0.04,holdout,8x10,0.32318873671878795,0.15,0,0,0,0,10,-15
刮刮卡製作 1:80刮:2:1::r50::m000::t057,22,40,0.045454545454545456,holdout,8x10,0.5674121536128514,0.15,0,0,0,0,11,-11
刮刮卡製作 1:80刮:2:1::r50::m000::t058,21,40,0.047619047619047616,holdout,8x10,0.3673417863931636,0.15,0,0,0,0,32,11
刮刮卡製作 1:80刮:2:1::r50::m000::t059,15,40,0.06666666666666667,holdout,8x10,0.39870279460608504,0.15,0,0,0,0,19,4
刮刮卡製作 1:80刮:2:1::r50::m000::t060,38,40,0.02631578947368421,holdout,8x10,0.3026078245437804,0.15,0,0,0,0,24,-14
刮刮卡製作 1:80刮:2:1::r50::m000::t064,27,40,0.037037037037037035,holdout,8x10,0.4091701826811145,0.15,0,0,0,0,30,3
刮刮卡製作 1:80刮:2:1::r50::m000::t065,17,40,0.058823529411764705,holdout,8x10,0.3517746921502058,0.15,0,0,0,0,40,23
刮刮卡製作 1:80刮:2:1::r50::m000::t066,34,40,0.029411764705882353,holdout,8x10,0.32318873671878795,0.15,0,0,0,0,33,-1
刮刮卡製作 1:80刮:2:1::r50::m000::t067,1,40,1.0,holdout,8x10,0.5674121536128514,0.15,1,1,1,1,3,2
刮刮卡製作 1:80刮:2:1::r50::m000::t068,23,40,0.043478260869565216,holdout,8x10,0.3673417863931636,0.15,0,0,0,0,36,13
刮刮卡製作 1:80刮:2:1::r50::m000::t069,1,40,1.0,holdout,8x10,0.39870279460608504,0.15,1,1,1,1,1,0
刮刮卡製作 1:80刮:2:1::r50::m000::t073,29,40,0.034482758620689655,holdout,8x10,0.5876800031193735,0.15,0,0,0,0,18,-11
刮刮卡製作 1:80刮:2:1::r50::m000::t074,31,40,0.03225806451612903,holdout,8x10,0.4091701826811145,0.15,0,0,0,0,7,-24
刮刮卡製作 1:80刮:2:1::r50::m000::t075,2,40,0.5,holdout,8x10,0.3517746921502058,0.15,0,1,1,1,24,22
刮刮卡製作 1:80刮:2:1::r50::m000::t079,34,40,0.029411764705882353,holdout,8x10,0.39870279460608504,0.15,0,0,0,0,29,-5
刮刮卡製作 1:80刮:2:1::r50::m000::t080,9,40,0.1111111111111111,holdout,8x10,0.3026078245437804,0.15,0,0,0,1,8,-1
synth::刮刮卡製作 1:80刮:2:1::001::r30::m000::t001,1,24,1.0,train,8x10,0.3729662870922829,0.2,1,1,1,1,1,0
synth::刮刮卡製作 1:80刮:2:1::001::r30::m000::t010,1,24,1.0,train,8x10,0.45341120730863593,0.2,1,1,1,1,1,0
synth::刮刮卡製作 1:80刮:2:1::001::r30::m000::t011,1,24,1.0,train,8x10,0.3729662870922829,0.2,1,1,1,1,1,0
synth::刮刮卡製作 1:80刮:2:1::001::r30::m000::t013,1,24,1.0,train,8x10,0.4017459049571932,0.2,1,1,1,1,1,0
synth::刮刮卡製作 1:80刮:2:1::001::r30::m000::t015,8,24,0.125,train,8x10,0.4012021147059278,0.2,0,0,0,1,2,-6
synth::刮刮卡製作 1:80刮:2:1::001::r30::m000::t016,1,24,1.0,train,8x10,0.40740085119603275,0.2,1,1,1,1,1,0
synth::刮刮卡製作 1:80刮:2:1::001::r30::m000::t020,1,24,1.0,train,8x10,0.44628623469676143,0.2,1,1,1,1,1,0
synth::刮刮卡製作 1:80刮:2:1::001::r30::m000::t023,1,24,1.0,train,8x10,0.4017459049571932,0.2,1,1,1,1,1,0
synth::刮刮卡製作 1:80刮:2:1::001::r30::m000::t024,1,24,1.0,train,8x10,0.4012021147059278,0.2,1,1,1,1,1,0
synth::刮刮卡製作 1:80刮:2:1::001::r30::m000::t025,1,24,1.0,train,8x10,0.4012021147059278,0.2,1,1,1,1,1,0
synth::刮刮卡製作 1:80刮:2:1::001::r30::m000::t030,1,24,1.0,train,8x10,0.44628623469676143,0.2,1,1,1,1,1,0
synth::刮刮卡製作 1:80刮:2:1::001::r30::m000::t033,1,24,1.0,train,8x10,0.4017459049571932,0.2,1,1,1,1,1,0
synth::刮刮卡製作 1:80刮:2:1::001::r30::m000::t034,2,24,0.5,train,8x10,0.4012021147059278,0.2,0,1,1,1,2,0
synth::刮刮卡製作 1:80刮:2:1::001::r30::m000::t037,1,24,1.0,train,8x10,0.3793131903815242,0.2,1,1,1,1,1,0
synth::刮刮卡製作 1:80刮:2:1::001::r30::m000::t039,1,24,1.0,train,8x10,0.5289180625592204,0.2,1,1,1,1,1,0
synth::刮刮卡製作 1:80刮:2:1::001::r30::m000::t040,1,24,1.0,train,8x10,0.44628623469676143,0.2,1,1,1,1,1,0
synth::刮刮卡製作 1:80刮:2:1::001::r30::m000::t052,1,24,1.0,train,8x10,0.40740085119603275,0.2,1,1,1,1,1,0
synth::刮刮卡製作 1:80刮:2:1::001::r30::m000::t062,1,24,1.0,train,8x10,0.4044532391981841,0.2,1,1,1,1,1,0
synth::刮刮卡製作 1:80刮:2:1::001::r30::m000::t063,1,24,1.0,train,8x10,0.4017459049571932,0.2,1,1,1,1,1,0
synth::刮刮卡製作 1:80刮:2:1::001::r30::m000::t064,1,24,1.0,train,8x10,0.3993488132838263,0.2,1,1,1,1,1,0
synth::刮刮卡製作 1:80刮:2:1::001::r30::m000::t070,1,24,1.0,train,8x10,0.44333862269891267,0.2,1,1,1,1,1,0
synth::刮刮卡製作 1:80刮:2:1::001::r30::m000::t075,1,24,1.0,train,8x10,0.4012021147059278,0.2,1,1,1,1,1,0
synth::刮刮卡製作 1:80刮:2:1::001::r30::m000::t076,1,24,1.0,train,8x10,0.40740085119603275,0.2,1,1,1,1,1,0
synth::刮刮卡製作 1:80刮:2:1::001::r30::m000::t080,1,24,1.0,train,8x10,0.44628623469676143,0.2,1,1,1,1,1,0
synth::刮刮卡製作 1:80刮:2:1::001::r50::m000::t001,1,40,1.0,train,8x10,0.4177093866889665,0.2,1,1,1,1,1,0
synth::刮刮卡製作 1:80刮:2:1::001::r50::m000::t002,1,40,1.0,train,8x10,0.2408460396280281,0.2,1,1,1,1,1,0
synth::刮刮卡製作 1:80刮:2:1::001::r50::m000::t006,1,40,1.0,train,8x10,0.2593679763687624,0.2,1,1,1,1,1,0
synth::刮刮卡製作 1:80刮:2:1::001::r50::m000::t007,1,40,1.0,train,8x10,0.24006318980217017,0.2,1,1,1,1,1,0
synth::刮刮卡製作 1:80刮:2:1::001::r50::m000::t009,2,40,0.5,train,8x10,0.2733825995186431,0.2,0,1,1,1,2,0
synth::刮刮卡製作 1:80刮:2:1::001::r50::m000::t010,1,40,1.0,train,8x10,0.28548929467504813,0.2,1,1,1,1,1,0
synth::刮刮卡製作 1:80刮:2:1::001::r50::m000::t012,1,40,1.0,train,8x10,0.2408460396280281,0.2,1,1,1,1,1,0
synth::刮刮卡製作 1:80刮:2:1::001::r50::m000::t013,1,40,1.0,train,8x10,0.22057004822967824,0.2,1,1,1,1,1,0
synth::刮刮卡製作 1:80刮:2:1::001::r50::m000::t016,1,40,1.0,train,8x10,0.2593679763687624,0.2,1,1,1,1,1,0
synth::刮刮卡製作 1:80刮:2:1::001::r50::m000::t019,1,40,1.0,train,8x10,0.2803498322786435,0.2,1,1,1,1,1,0
synth::刮刮卡製作 1:80刮:2:1::001::r50::m000::t024,1,40,1.0,train,8x10,0.2365516965191584,0.2,1,1,1,1,1,0
synth::刮刮卡製作 1:80刮:2:1::001::r50::m000::t025,1,40,1.0,train,8x10,0.23215132903326735,0.2,1,1,1,1,1,0
synth::刮刮卡製作 1:80刮:2:1::001::r50::m000::t026,4,40,0.25,train,8x10,0.2593679763687624,0.2,0,0,1,1,1,-3
synth::刮刮卡製作 1:80刮:2:1::001::r50::m000::t029,1,40,1.0,train,8x10,0.2803498322786435,0.2,1,1,1,1,2,1
synth::刮刮卡製作 1:80刮:2:1::001::r50::m000::t030,1,40,1.0,train,8x10,0.28548929467504813,0.2,1,1,1,1,1,0
synth::刮刮卡製作 1:80刮:2:1::001::r50::m000::t031,1,40,1.0,train,8x10,0.4177093866889665,0.2,1,1,1,1,1,0
synth::刮刮卡製作 1:80刮:2:1::001::r50::m000::t033,1,40,1.0,train,8x10,0.22057004822967824,0.2,1,1,1,1,1,0
synth::刮刮卡製作 1:80刮:2:1::001::r50::m000::t035,1,40,1.0,train,8x10,0.23215132903326735,0.2,1,1,1,1,1,0
synth::刮刮卡製作 1:80刮:2:1::001::r50::m000::t037,1,40,1.0,train,8x10,0.2470304225621706,0.2,1,1,1,1,1,0
synth::刮刮卡製作 1:80刮:2:1::001::r50::m000::t038,1,40,1.0,train,8x10,0.3990221195147038,0.2,1,1,1,1,1,0
synth::刮刮卡製作 1:80刮:2:1::001::r50::m000::t040,1,40,1.0,train,8x10,0.29877680301167714,0.2,1,1,1,1,1,0
synth::刮刮卡製作 1:80刮:2:1::001::r50::m000::t047,1,40,1.0,train,8x10,0.2470304225621706,0.2,1,1,1,1,1,0
synth::刮刮卡製作 1:80刮:2:1::001::r50::m000::t049,1,40,1.0,train,8x10,0.2803498322786435,0.2,1,1,1,1,1,0
synth::刮刮卡製作 1:80刮:2:1::001::r50::m000::t050,1,40,1.0,train,8x10,0.28548929467504813,0.2,1,1,1,1,1,0
synth::刮刮卡製作 1:80刮:2:1::001::r50::m000::t051,2,40,0.5,train,8x10,0.4177093866889665,0.2,0,1,1,1,3,1
synth::刮刮卡製作 1:80刮:2:1::001::r50::m000::t053,1,40,1.0,train,8x10,0.2124769750375027,0.2,1,1,1,1,1,0
synth::刮刮卡製作 1:80刮:2:1::001::r50::m000::t060,1,40,1.0,train,8x10,0.28548929467504813,0.2,1,1,1,1,1,0
synth::刮刮卡製作 1:80刮:2:1::001::r50::m000::t061,1,40,1.0,train,8x10,0.4177093866889665,0.2,1,1,1,1,1,0
synth::刮刮卡製作 1:80刮:2:1::001::r50::m000::t062,1,40,1.0,train,8x10,0.2408460396280281,0.2,1,1,1,1,1,0
synth::刮刮卡製作 1:80刮:2:1::001::r50::m000::t063,21,40,0.047619047619047616,train,8x10,0.22057004822967824,0.2,0,0,0,0,2,-19
synth::刮刮卡製作 1:80刮:2:1::001::r50::m000::t064,1,40,1.0,train,8x10,0.23594911787798067,0.2,1,1,1,1,1,0
synth::刮刮卡製作 1:80刮:2:1::001::r50::m000::t066,15,40,0.06666666666666667,train,8x10,0.2593679763687624,0.2,0,0,0,0,4,-11
synth::刮刮卡製作 1:80刮:2:1::001::r50::m000::t067,1,40,1.0,train,8x10,0.2470304225621706,0.2,1,1,1,1,1,0
synth::刮刮卡製作 1:80刮:2:1::001::r50::m000::t068,1,40,1.0,train,8x10,0.3990221195147038,0.2,1,1,1,1,1,0
synth::刮刮卡製作 1:80刮:2:1::001::r50::m000::t069,1,40,1.0,train,8x10,0.2803498322786435,0.2,1,1,1,1,1,0
synth::刮刮卡製作 1:80刮:2:1::001::r50::m000::t071,1,40,1.0,train,8x10,0.4177093866889665,0.2,1,1,1,1,1,0
synth::刮刮卡製作 1:80刮:2:1::001::r50::m000::t075,1,40,1.0,train,8x10,0.22550946926526533,0.2,1,1,1,1,1,0
synth::刮刮卡製作 1:80刮:2:1::001::r50::m000::t076,1,40,1.0,train,8x10,0.2593679763687624,0.2,1,1,1,1,1,0
synth::刮刮卡製作 1:80刮:2:1::001::r50::m000::t079,1,40,1.0,train,8x10,0.2930058342674765,0.2,1,1,1,1,1,0
synth::刮刮卡製作 1:80刮:2:1::001::r50::m000::t080,1,40,1.0,train,8x10,0.28548929467504813,0.2,1,1,1,1,1,0
synth::刮刮卡製作 1:80刮:2:1::002::r30::m000::t002,1,24,1.0,train,8x10,0.5628562335480399,0.2,1,1,1,1,1,0
synth::刮刮卡製作 1:80刮:2:1::002::r30::m000::t009,1,24,1.0,train,8x10,0.5453930524350109,0.2,1,1,1,1,1,0
synth::刮刮卡製作 1:80刮:2:1::002::r30::m000::t012,1,24,1.0,train,8x10,0.5559137687067539,0.2,1,1,1,1,1,0
synth::刮刮卡製作 1:80刮:2:1::002::r30::m000::t017,1,24,1.0,train,8x10,0.5496244564612028,0.2,1,1,1,1,1,0
synth::刮刮卡製作 1:80刮:2:1::002::r30::m000::t018,1,24,1.0,train,8x10,0.5496244564612028,0.2,1,1,1,1,1,0
synth::刮刮卡製作 1:80刮:2:1::002::r30::m000::t024,5,24,0.2,train,8x10,0.5453930524350109,0.2,0,0,1,1,1,-4
synth::刮刮卡製作 1:80刮:2:1::002::r30::m000::t025,1,24,1.0,train,8x10,0.5496244564612028,0.2,1,1,1,1,1,0
synth::刮刮卡製作 1:80刮:2:1::002::r30::m000::t028,2,24,0.5,train,8x10,0.5496244564612028,0.2,0,1,1,1,2,0
synth::刮刮卡製作 1:80刮:2:1::002::r30::m000::t031,1,24,1.0,train,8x10,0.6029365982605097,0.2,1,1,1,1,1,0
synth::刮刮卡製作 1:80刮:2:1::002::r30::m000::t034,1,24,1.0,train,8x10,0.5453930524350109,0.2,1,1,1,1,1,0
synth::刮刮卡製作 1:80刮:2:1::002::r30::m000::t039,1,24,1.0,train,8x10,0.5453930524350109,0.2,1,1,1,1,1,0
synth::刮刮卡製作 1:80刮:2:1::002::r30::m000::t040,1,24,1.0,train,8x10,0.5563980249281103,0.2,1,1,1,1,1,0
synth::刮刮卡製作 1:80刮:2:1::002::r30::m000::t041,2,24,0.5,train,8x10,0.6029365982605097,0.2,0,1,1,1,1,-1
synth::刮刮卡製作 1:80刮:2:1::002::r30::m000::t046,1,24,1.0,train,8x10,0.5143967877180453,0.2,1,1,1,1,1,0
synth::刮刮卡製作 1:80刮:2:1::002::r30::m000::t049,1,24,1.0,train,8x10,0.5453930524350109,0.2,1,1,1,1,1,0
synth::刮刮卡製作 1:80刮:2:1::002::r30::m000::t052,1,24,1.0,train,8x10,0.5563980249281103,0.2,1,1,1,1,1,0
synth::刮刮卡製作 1:80刮:2:1::002::r30::m000::t054,1,24,1.0,train,8x10,0.5453930524350109,0.2,1,1,1,1,1,0
synth::刮刮卡製作 1:80刮:2:1::002::r30::m000::t057,1,24,1.0,train,8x10,0.5477009052302058,0.2,1,1,1,1,1,0
synth::刮刮卡製作 1:80刮:2:1::002::r30::m000::t061,1,24,1.0,train,8x10,0.6029365982605097,0.2,1,1,1,1,1,0
synth::刮刮卡製作 1:80刮:2:1::002::r30::m000::t065,1,24,1.0,train,8x10,0.5455066389413898,0.2,1,1,1,1,1,0
synth::刮刮卡製作 1:80刮:2:1::002::r30::m000::t070,1,24,1.0,train,8x10,0.554474473697113,0.2,1,1,1,1,1,0
synth::刮刮卡製作 1:80刮:2:1::002::r30::m000::t074,1,24,1.0,train,8x10,0.5432260634410707,0.2,1,1,1,1,1,0
synth::刮刮卡製作 1:80刮:2:1::002::r30::m000::t079,1,24,1.0,train,8x10,0.5453930524350109,0.2,1,1,1,1,1,0
synth::刮刮卡製作 1:80刮:2:1::002::r30::m000::t080,1,24,1.0,train,8x10,0.5563980249281103,0.2,1,1,1,1,1,0
synth::刮刮卡製作 1:80刮:2:1::002::r50::m000::t004,1,40,1.0,train,8x10,0.6734961600745191,0.2,1,1,1,1,1,0
synth::刮刮卡製作 1:80刮:2:1::002::r50::m000::t008,1,40,1.0,train,8x10,0.7587758113863303,0.2,1,1,1,1,1,0
synth::刮刮卡製作 1:80刮:2:1::002::r50::m000::t009,1,40,1.0,train,8x10,0.6921609253120411,0.2,1,1,1,1,1,0
synth::刮刮卡製作 1:80刮:2:1::002::r50::m000::t010,1,40,1.0,train,8x10,0.6877059462928206,0.2,1,1,1,1,1,0
synth::刮刮卡製作 1:80刮:2:1::002::r50::m000::t013,1,40,1.0,train,8x10,0.6834363828988449,0.2,1,1,1,1,1,0
synth::刮刮卡製作 1:80刮:2:1::002::r50::m000::t014,1,40,1.0,train,8x10,0.6734961600745191,0.2,1,1,1,1,1,0
synth::刮刮卡製作 1:80刮:2:1::002::r50::m000::t016,1,40,1.0,train,8x10,0.8435423789214659,0.2,1,1,1,1,1,0
synth::刮刮卡製作 1:80刮:2:1::002::r50::m000::t017,1,40,1.0,train,8x10,0.6877059462928206,0.2,1,1,1,1,1,0
synth::刮刮卡製作 1:80刮:2:1::002::r50::m000::t019,1,40,1.0,train,8x10,0.6921609253120411,0.2,1,1,1,1,1,0
synth::刮刮卡製作 1:80刮:2:1::002::r50::m000::t025,1,40,1.0,train,8x10,0.6557920965854458,0.2,1,1,1,1,1,0
synth::刮刮卡製作 1:80刮:2:1::002::r50::m000::t027,1,40,1.0,train,8x10,0.6968054070297346,0.2,1,1,1,1,1,0
synth::刮刮卡製作 1:80刮:2:1::002::r50::m000::t028,1,40,1.0,train,8x10,0.7587758113863303,0.2,1,1,1,1,1,0
synth::刮刮卡製作 1:80刮:2:1::002::r50::m000::t030,2,40,0.5,train,8x10,0.6877059462928206,0.2,0,1,1,1,2,0
synth::刮刮卡製作 1:80刮:2:1::002::r50::m000::t031,1,40,1.0,train,8x10,0.6402366576552099,0.2,1,1,1,1,1,0
synth::刮刮卡製作 1:80刮:2:1::002::r50::m000::t033,1,40,1.0,train,8x10,0.6877059462928206,0.2,1,1,1,1,1,0
synth::刮刮卡製作 1:80刮:2:1::002::r50::m000::t036,1,40,1.0,train,8x10,0.8435423789214659,0.2,1,1,1,1,1,0
synth::刮刮卡製作 1:80刮:2:1::002::r50::m000::t039,1,40,1.0,train,8x10,0.6921609253120411,0.2,1,1,1,1,1,0
synth::刮刮卡製作 1:80刮:2:1::002::r50::m000::t042,1,40,1.0,train,8x10,0.6168028605661013,0.2,1,1,1,1,1,0
synth::刮刮卡製作 1:80刮:2:1::002::r50::m000::t043,1,40,1.0,train,8x10,0.6877059462928206,0.2,1,1,1,1,1,0
synth::刮刮卡製作 1:80刮:2:1::002::r50::m000::t044,1,40,1.0,train,8x10,0.6734961600745191,0.2,1,1,1,1,1,0
synth::刮刮卡製作 1:80刮:2:1::002::r50::m000::t045,1,40,1.0,train,8x10,0.647055972466,0.2,1,1,1,1,1,0
synth::刮刮卡製作 1:80刮:2:1::002::r50::m000::t048,1,40,1.0,train,8x10,0.7587758113863303,0.2,1,1,1,1,1,0
synth::刮刮卡製作 1:80刮:2:1::002::r50::m000::t049,1,40,1.0,train,8x10,0.6921609253120411,0.2,1,1,1,1,1,0
synth::刮刮卡製作 1:80刮:2:1::002::r50::m000::t051,1,40,1.0,train,8x10,0.6402366576552099,0.2,1,1,1,1,1,0
synth::刮刮卡製作 1:80刮:2:1::002::r50::m000::t052,1,40,1.0,train,8x10,0.6168028605661013,0.2,1,1,1,1,1,0
synth::刮刮卡製作 1:80刮:2:1::002::r50::m000::t053,3,40,0.3333333333333333,train,8x10,0.6877059462928206,0.2,0,1,1,1,1,-2
synth::刮刮卡製作 1:80刮:2:1::002::r50::m000::t056,1,40,1.0,train,8x10,0.8384421961674309,0.2,1,1,1,1,1,0
synth::刮刮卡製作 1:80刮:2:1::002::r50::m000::t057,1,40,1.0,train,8x10,0.6968054070297346,0.2,1,1,1,1,1,0
synth::刮刮卡製作 1:80刮:2:1::002::r50::m000::t059,1,40,1.0,train,8x10,0.7010590043857832,0.2,1,1,1,1,1,0
synth::刮刮卡製作 1:80刮:2:1::002::r50::m000::t060,1,40,1.0,train,8x10,0.6877059462928206,0.2,1,1,1,1,1,0
synth::刮刮卡製作 1:80刮:2:1::002::r50::m000::t065,1,40,1.0,train,8x10,0.647055972466,0.2,1,1,1,1,1,0
synth::刮刮卡製作 1:80刮:2:1::002::r50::m000::t067,1,40,1.0,train,8x10,0.6877059462928206,0.2,1,1,1,1,1,0
synth::刮刮卡製作 1:80刮:2:1::002::r50::m000::t068,1,40,1.0,train,8x10,0.7587758113863303,0.2,1,1,1,1,1,0
synth::刮刮卡製作 1:80刮:2:1::002::r50::m000::t070,1,40,1.0,train,8x10,0.6877059462928206,0.2,1,1,1,1,1,0
synth::刮刮卡製作 1:80刮:2:1::002::r50::m000::t073,1,40,1.0,train,8x10,0.6877059462928206,0.2,1,1,1,1,1,0
synth::刮刮卡製作 1:80刮:2:1::002::r50::m000::t074,1,40,1.0,train,8x10,0.6734961600745191,0.2,1,1,1,1,1,0
synth::刮刮卡製作 1:80刮:2:1::002::r50::m000::t075,1,40,1.0,train,8x10,0.6557920965854458,0.2,1,1,1,1,1,0
synth::刮刮卡製作 1:80刮:2:1::002::r50::m000::t077,1,40,1.0,train,8x10,0.6968054070297346,0.2,1,1,1,1,1,0
synth::刮刮卡製作 1:80刮:2:1::002::r50::m000::t079,1,40,1.0,train,8x10,0.6921609253120411,0.2,1,1,1,1,1,0
synth::刮刮卡製作 1:80刮:2:1::002::r50::m000::t080,1,40,1.0,train,8x10,0.6877059462928206,0.2,1,1,1,1,1,0
synth::刮刮卡製作 1:80刮:2:1::003::r30::m000::t003,1,24,1.0,train,8x10,0.1684820158079237,0.2,1,1,1,1,1,0
synth::刮刮卡製作 1:80刮:2:1::003::r30::m000::t004,1,24,1.0,train,8x10,0.1684820158079237,0.2,1,1,1,1,1,0
synth::刮刮卡製作 1:80刮:2:1::003::r30::m000::t009,1,24,1.0,train,8x10,0.1684820158079237,0.2,1,1,1,1,1,0
synth::刮刮卡製作 1:80刮:2:1::003::r30::m000::t014,1,24,1.0,train,8x10,0.1684820158079237,0.2,1,1,1,1,1,0
synth::刮刮卡製作 1:80刮:2:1::003::r30::m000::t016,1,24,1.0,train,8x10,0.1758037509555594,0.2,1,1,1,1,1,0
synth::刮刮卡製作 1:80刮:2:1::003::r30::m000::t018,2,24,0.5,train,8x10,0.1758037509555594,0.2,0,1,1,1,2,0
synth::刮刮卡製作 1:80刮:2:1::003::r30::m000::t020,1,24,1.0,train,8x10,0.1684820158079237,0.2,1,1,1,1,1,0
synth::刮刮卡製作 1:80刮:2:1::003::r30::m000::t034,1,24,1.0,train,8x10,0.1684820158079237,0.2,1,1,1,1,1,0
synth::刮刮卡製作 1:80刮:2:1::003::r30::m000::t035,5,24,0.2,train,8x10,0.15356322526114932,0.2,0,0,1,1,3,-2
synth::刮刮卡製作 1:80刮:2:1::003::r30::m000::t039,11,24,0.09090909090909091,train,8x10,0.1684820158079237,0.2,0,0,0,0,4,-7
synth::刮刮卡製作 1:80刮:2:1::003::r30::m000::t041,1,24,1.0,train,8x10,0.21440201061747866,0.2,1,1,1,1,1,0
synth::刮刮卡製作 1:80刮:2:1::003::r30::m000::t045,1,24,1.0,train,8x10,0.15356322526114932,0.2,1,1,1,1,1,0
synth::刮刮卡製作 1:80刮:2:1::003::r30::m000::t047,1,24,1.0,train,8x10,0.2366425363118888,0.2,1,1,1,1,1,0
synth::刮刮卡製作 1:80刮:2:1::003::r30::m000::t053,1,24,1.0,train,8x10,0.1684820158079237,0.2,1,1,1,1,1,0
synth::刮刮卡製作 1:80刮:2:1::003::r30::m000::t060,1,24,1.0,train,8x10,0.1684820158079237,0.2,1,1,1,1,1,0
synth::刮刮卡製作 1:80刮:2:1::003::r30::m000::t061,1,24,1.0,train,8x10,0.21440201061747866,0.2,1,1,1,1,1,0
synth::刮刮卡製作 1:80刮:2:1::003::r30::m000::t063,1,24,1.0,train,8x10,0.1684820158079237,0.2,1,1,1,1,1,0
synth::刮刮卡製作 1:80刮:2:1::003::r30::m000::t069,1,24,1.0,train,8x10,0.1684820158079237,0.2,1,1,1,1,1,0
synth::刮刮卡製作 1:80刮:2:1::003::r30::m000::t070,10,24,0.1,train,8x10,0.1684820158079237,0.2,0,0,0,1,3,-7
synth::刮刮卡製作 1:80刮:2:1::003::r30::m000::t072,1,24,1.0,train,8x10,0.23424452838117008,0.2,1,1,1,1,1,0
synth::刮刮卡製作 1:80刮:2:1::003::r30::m000::t073,1,24,1.0,train,8x10,0.1684820158079237,0.2,1,1,1,1,1,0
synth::刮刮卡製作 1:80刮:2:1::003::r30::m000::t074,1,24,1.0,train,8x10,0.1684820158079237,0.2,1,1,1,1,1,0
synth::刮刮卡製作 1:80刮:2:1::003::r30::m000::t079,1,24,1.0,train,8x10,0.1684820158079237,0.2,1,1,1,1,2,1
synth::刮刮卡製作 1:80刮:2:1::003::r30::m000::t080,1,24,1.0,train,8x10,0.1684820158079237,0.2,1,1,1,1,1,0
synth::刮刮卡製作 1:80刮:2:1::003::r50::m000::t001,1,40,1.0,train,8x10,0.3635308173843566,0.2,1,1,1,1,1,0
synth::刮刮卡製作 1:80刮:2:1::003::r50::m000::t004,1,40,1.0,train,8x10,0.39118830443555574,0.2,1,1,1,1,1,0
synth::刮刮卡製作 1:80刮:2:1::003::r50::m000::t005,1,40,1.0,train,8x10,0.3721012771489622,0.2,1,1,1,1,1,0
synth::刮刮卡製作 1:80刮:2:1::003::r50::m000::t006,1,40,1.0,train,8x10,0.3578914909306613,0.2,1,1,1,1,1,0
synth::刮刮卡製作 1:80刮:2:1::003::r50::m000::t007,1,40,1.0,train,8x10,0.377740603602658,0.2,1,1,1,1,1,0
synth::刮刮卡製作 1:80刮:2:1::003::r50::m000::t010,1,40,1.0,train,8x10,0.3761595620316488,0.2,1,1,1,1,1,0
synth::刮刮卡製作 1:80刮:2:1::003::r50::m000::t013,1,40,1.0,train,8x10,0.329235067541733,0.2,1,1,1,1,1,0
synth::刮刮卡製作 1:80刮:2:1::003::r50::m000::t015,1,40,1.0,train,8x10,0.3721012771489622,0.2,1,1,1,1,1,0
synth::刮刮卡製作 1:80刮:2:1::003::r50::m000::t016,1,40,1.0,train,8x10,0.3578914909306613,0.2,1,1,1,1,1,0
synth::刮刮卡製作 1:80刮:2:1::003::r50::m000::t017,1,40,1.0,train,8x10,0.377740603602658,0.2,1,1,1,1,1,0
synth::刮刮卡製作 1:80刮:2:1::003::r50::m000::t022,2,40,0.5,train,8x10,0.35544851373416353,0.2,0,1,1,1,2,0
synth::刮刮卡製作 1:80刮:2:1::003::r50::m000::t023,1,40,1.0,train,8x10,0.329235067541733,0.2,1,1,1,1,1,0
synth::刮刮卡製作 1:80刮:2:1::003::r50::m000::t024,1,40,1.0,train,8x10,0.39118830443555574,0.2,1,1,1,1,1,0
synth::刮刮卡製作 1:80刮:2:1::003::r50::m000::t025,1,40,1.0,train,8x10,0.3721012771489622,0.2,1,1,1,1,1,0
synth::刮刮卡製作 1:80刮:2:1::003::r50::m000::t028,1,40,1.0,train,8x10,0.3664369449169588,0.2,1,1,1,1,1,0
synth::刮刮卡製作 1:80刮:2:1::003::r50::m000::t029,1,40,1.0,train,8x10,0.46935890503523653,0.2,1,1,1,1,1,0
synth::刮刮卡製作 1:80刮:2:1::003::r50::m000::t030,2,40,0.5,train,8x10,0.3635308173843566,0.2,0,1,1,1,1,-1
synth::刮刮卡製作 1:80刮:2:1::003::r50::m000::t032,4,40,0.25,train,8x10,0.35544851373416353,0.2,0,0,1,1,2,-2
synth::刮刮卡製作 1:80刮:2:1::003::r50::m000::t035,1,40,1.0,train,8x10,0.3721012771489622,0.2,1,1,1,1,1,0
synth::刮刮卡製作 1:80刮:2:1::003::r50::m000::t036,1,40,1.0,train,8x10,0.3578914909306613,0.2,1,1,1,1,1,0
synth::刮刮卡製作 1:80刮:2:1::003::r50::m000::t037,1,40,1.0,train,8x10,0.377740603602658,0.2,1,1,1,1,1,0
synth::刮刮卡製作 1:80刮:2:1::003::r50::m000::t039,12,40,0.08333333333333333,train,8x10,0.46935890503523653,0.2,0,0,0,0,3,-9
synth::刮刮卡製作 1:80刮:2:1::003::r50::m000::t040,19,40,0.05263157894736842,train,8x10,0.3635308173843566,0.2,0,0,0,0,1,-18
synth::刮刮卡製作 1:80刮:2:1::003::r50::m000::t041,1,40,1.0,train,8x10,0.3635308173843566,0.2,1,1,1,1,1,0
synth::刮刮卡製作 1:80刮:2:1::003::r50::m000::t043,1,40,1.0,train,8x10,0.329235067541733,0.2,1,1,1,1,1,0
synth::刮刮卡製作 1:80刮:2:1::003::r50::m000::t047,1,40,1.0,train,8x10,0.3714534814405883,0.2,1,1,1,1,1,0
synth::刮刮卡製作 1:80刮:2:1::003::r50::m000::t049,17,40,0.058823529411764705,train,8x10,0.4648231498782224,0.2,0,0,0,0,6,-11
synth::刮刮卡製作 1:80刮:2:1::003::r50::m000::t052,5,40,0.2,train,8x10,0.35544851373416353,0.2,0,0,1,1,6,1
synth::刮刮卡製作 1:80刮:2:1::003::r50::m000::t053,1,40,1.0,train,8x10,0.329235067541733,0.2,1,1,1,1,1,0
synth::刮刮卡製作 1:80刮:2:1::003::r50::m000::t057,8,40,0.125,train,8x10,0.377740603602658,0.2,0,0,0,1,2,-6
synth::刮刮卡製作 1:80刮:2:1::003::r50::m000::t058,1,40,1.0,train,8x10,0.3664369449169588,0.2,1,1,1,1,1,0
synth::刮刮卡製作 1:80刮:2:1::003::r50::m000::t059,1,40,1.0,train,8x10,0.46935890503523653,0.2,1,1,1,1,1,0
synth::刮刮卡製作 1:80刮:2:1::003::r50::m000::t060,1,40,1.0,train,8x10,0.3635308173843566,0.2,1,1,1,1,1,0
synth::刮刮卡製作 1:80刮:2:1::003::r50::m000::t061,1,40,1.0,train,8x10,0.3635308173843566,0.2,1,1,1,1,1,0
synth::刮刮卡製作 1:80刮:2:1::003::r50::m000::t064,1,40,1.0,train,8x10,0.38490118227348613,0.2,1,1,1,1,1,0
synth::刮刮卡製作 1:80刮:2:1::003::r50::m000::t066,17,40,0.058823529411764705,train,8x10,0.3563091695491616,0.2,0,0,0,0,1,-16
synth::刮刮卡製作 1:80刮:2:1::003::r50::m000::t068,1,40,1.0,train,8x10,0.3664369449169588,0.2,1,1,1,1,1,0
synth::刮刮卡製作 1:80刮:2:1::003::r50::m000::t071,1,40,1.0,train,8x10,0.3635308173843566,0.2,1,1,1,1,1,0
synth::刮刮卡製作 1:80刮:2:1::003::r50::m000::t072,1,40,1.0,train,8x10,0.35544851373416353,0.2,1,1,1,1,1,0
synth::刮刮卡製作 1:80刮:2:1::003::r50::m000::t075,1,40,1.0,train,8x10,0.3721012771489622,0.2,1,1,1,1,1,0
synth::刮刮卡製作 1:80刮:2:1::000::r30::m000::t005,15,24,0.06666666666666667,valid,8x10,0.2974073255082853,0.2,0,0,0,0,14,-1
synth::刮刮卡製作 1:80刮:2:1::000::r30::m000::t009,11,24,0.09090909090909091,valid,8x10,0.26622537046597033,0.2,0,0,0,0,5,-6
synth::刮刮卡製作 1:80刮:2:1::000::r30::m000::t011,13,24,0.07692307692307693,valid,8x10,0.26365472892226527,0.2,0,0,0,0,18,5
synth::刮刮卡製作 1:80刮:2:1::000::r30::m000::t014,17,24,0.058823529411764705,valid,8x10,0.2869022495915452,0.2,0,0,0,0,19,2
synth::刮刮卡製作 1:80刮:2:1::000::r30::m000::t016,19,24,0.05263157894736842,valid,8x10,0.28481076966141217,0.2,0,0,0,0,15,-4
synth::刮刮卡製作 1:80刮:2:1::000::r30::m000::t019,24,24,0.041666666666666664,valid,8x10,0.2599763603231714,0.2,0,0,0,0,22,-2
synth::刮刮卡製作 1:80刮:2:1::000::r30::m000::t025,5,24,0.2,valid,8x10,0.30079745485286025,0.2,0,0,1,1,15,10
synth::刮刮卡製作 1:80刮:2:1::000::r30::m000::t031,5,24,0.2,valid,8x10,0.26365472892226527,0.2,0,0,1,1,21,16
synth::刮刮卡製作 1:80刮:2:1::000::r30::m000::t032,13,24,0.07692307692307693,valid,8x10,0.27616861892219935,0.2,0,0,0,0,9,-4
synth::刮刮卡製作 1:80刮:2:1::000::r30::m000::t033,6,24,0.16666666666666666,valid,8x10,0.37830830158197437,0.2,0,0,0,1,1,-5
synth::刮刮卡製作 1:80刮:2:1::000::r30::m000::t038,3,24,0.3333333333333333,valid,8x10,0.37830830158197437,0.2,0,1,1,1,2,-1
synth::刮刮卡製作 1:80刮:2:1::000::r30::m000::t040,1,24,1.0,valid,8x10,0.2599763603231714,0.2,1,1,1,1,7,6
synth::刮刮卡製作 1:80刮:2:1::000::r30::m000::t041,20,24,0.05,valid,8x10,0.26365472892226527,0.2,0,0,0,0,15,-5
synth::刮刮卡製作 1:80刮:2:1::000::r30::m000::t042,3,24,0.3333333333333333,valid,8x10,0.27616861892219935,0.2,0,1,1,1,3,0
synth::刮刮卡製作 1:80刮:2:1::000::r30::m000::t045,20,24,0.05,valid,8x10,0.30079745485286025,0.2,0,0,0,0,9,-11
synth::刮刮卡製作 1:80刮:2:1::000::r30::m000::t046,5,24,0.2,valid,8x10,0.28481076966141217,0.2,0,0,1,1,12,7
synth::刮刮卡製作 1:80刮:2:1::000::r30::m000::t047,9,24,0.1111111111111111,valid,8x10,0.37830830158197437,0.2,0,0,0,1,17,8
synth::刮刮卡製作 1:80刮:2:1::000::r30::m000::t057,21,24,0.047619047619047616,valid,8x10,0.37830830158197437,0.2,0,0,0,0,16,-5
synth::刮刮卡製作 1:80刮:2:1::000::r30::m000::t068,8,24,0.125,valid,8x10,0.37830830158197437,0.2,0,0,0,1,22,14
synth::刮刮卡製作 1:80刮:2:1::000::r30::m000::t072,22,24,0.045454545454545456,valid,8x10,0.27301187010234695,0.2,0,0,0,0,23,1
synth::刮刮卡製作 1:80刮:2:1::000::r30::m000::t073,6,24,0.16666666666666666,valid,8x10,0.37830830158197437,0.2,0,0,0,1,11,5
synth::刮刮卡製作 1:80刮:2:1::000::r30::m000::t075,17,24,0.058823529411764705,valid,8x10,0.30079745485286025,0.2,0,0,0,0,4,-13
synth::刮刮卡製作 1:80刮:2:1::000::r30::m000::t076,10,24,0.1,valid,8x10,0.28481076966141217,0.2,0,0,0,1,8,-2
synth::刮刮卡製作 1:80刮:2:1::000::r30::m000::t080,24,24,0.041666666666666664,valid,8x10,0.2593387712622287,0.2,0,0,0,0,21,-3
synth::刮刮卡製作 1:80刮:2:1::000::r50::m000::t001,1,40,1.0,valid,8x10,0.11584325478658397,0.2,1,1,1,1,40,39
synth::刮刮卡製作 1:80刮:2:1::000::r50::m000::t002,15,40,0.06666666666666667,valid,8x10,0.13962155583888974,0.2,0,0,0,0,25,10
synth::刮刮卡製作 1:80刮:2:1::000::r50::m000::t003,23,40,0.043478260869565216,valid,8x10,0.4041136665720957,0.2,0,0,0,0,12,-11
synth::刮刮卡製作 1:80刮:2:1::000::r50::m000::t004,6,40,0.16666666666666666,valid,8x10,0.0364125610442431,0.2,0,0,0,1,37,31
synth::刮刮卡製作 1:80刮:2:1::000::r50::m000::t005,17,40,0.058823529411764705,valid,8x10,0.1348609866847772,0.2,0,0,0,0,15,-2
synth::刮刮卡製作 1:80刮:2:1::000::r50::m000::t007,37,40,0.02702702702702703,valid,8x10,0.16353812905086001,0.2,0,0,0,0,12,-25
synth::刮刮卡製作 1:80刮:2:1::000::r50::m000::t010,32,40,0.03125,valid,8x10,0.10846708880742922,0.2,0,0,0,0,8,-24
synth::刮刮卡製作 1:80刮:2:1::000::r50::m000::t013,27,40,0.037037037037037035,valid,8x10,0.4041136665720957,0.2,0,0,0,0,26,-1
synth::刮刮卡製作 1:80刮:2:1::000::r50::m000::t014,5,40,0.2,valid,8x10,0.0364125610442431,0.2,0,0,1,1,1,-4
synth::刮刮卡製作 1:80刮:2:1::000::r50::m000::t020,4,40,0.25,valid,8x10,0.10846708880742922,0.2,0,0,1,1,27,23
synth::刮刮卡製作 1:80刮:2:1::000::r50::m000::t021,12,40,0.08333333333333333,valid,8x10,0.11584325478658397,0.2,0,0,0,0,7,-5
synth::刮刮卡製作 1:80刮:2:1::000::r50::m000::t024,4,40,0.25,valid,8x10,0.042405860562028386,0.2,0,0,1,1,35,31
synth::刮刮卡製作 1:80刮:2:1::000::r50::m000::t026,8,40,0.125,valid,8x10,0.0927489131781977,0.2,0,0,0,1,4,-4
synth::刮刮卡製作 1:80刮:2:1::000::r50::m000::t027,33,40,0.030303030303030304,valid,8x10,0.1480969746835752,0.2,0,0,0,0,24,-9
synth::刮刮卡製作 1:80刮:2:1::000::r50::m000::t030,20,40,0.05,valid,8x10,0.10846708880742922,0.2,0,0,0,0,26,6
synth::刮刮卡製作 1:80刮:2:1::000::r50::m000::t032,8,40,0.125,valid,8x10,0.13962155583888974,0.2,0,0,0,1,2,-6
synth::刮刮卡製作 1:80刮:2:1::000::r50::m000::t038,32,40,0.03125,valid,8x10,0.3590054802220548,0.2,0,0,0,0,10,-22
synth::刮刮卡製作 1:80刮:2:1::000::r50::m000::t039,29,40,0.034482758620689655,valid,8x10,0.0843978115885603,0.2,0,0,0,0,36,7
synth::刮刮卡製作 1:80刮:2:1::000::r50::m000::t041,37,40,0.02702702702702703,valid,8x10,0.11584325478658397,0.2,0,0,0,0,21,-16
synth::刮刮卡製作 1:80刮:2:1::000::r50::m000::t043,15,40,0.06666666666666667,valid,8x10,0.4041136665720957,0.2,0,0,0,0,33,18
synth::刮刮卡製作 1:80刮:2:1::000::r50::m000::t047,11,40,0.09090909090909091,valid,8x10,0.1480969746835752,0.2,0,0,0,0,20,9
synth::刮刮卡製作 1:80刮:2:1::000::r50::m000::t048,7,40,0.14285714285714285,valid,8x10,0.3590054802220548,0.2,0,0,0,1,2,-5
synth::刮刮卡製作 1:80刮:2:1::000::r50::m000::t049,1,40,1.0,valid,8x10,0.0843978115885603,0.2,1,1,1,1,36,35
synth::刮刮卡製作 1:80刮:2:1::000::r50::m000::t053,3,40,0.3333333333333333,valid,8x10,0.4041136665720957,0.2,0,1,1,1,22,19
synth::刮刮卡製作 1:80刮:2:1::000::r50::m000::t054,8,40,0.125,valid,8x10,0.0364125610442431,0.2,0,0,0,1,32,24
synth::刮刮卡製作 1:80刮:2:1::000::r50::m000::t056,15,40,0.06666666666666667,valid,8x10,0.09381342853362146,0.2,0,0,0,0,33,18
synth::刮刮卡製作 1:80刮:2:1::000::r50::m000::t059,10,40,0.1,valid,8x10,0.0843978115885603,0.2,0,0,0,1,12,2
synth::刮刮卡製作 1:80刮:2:1::000::r50::m000::t061,27,40,0.037037037037037035,valid,8x10,0.11500824293664114,0.2,0,0,0,0,5,-22
synth::刮刮卡製作 1:80刮:2:1::000::r50::m000::t063,24,40,0.041666666666666664,valid,8x10,0.39847537601934735,0.2,0,0,0,0,30,6
synth::刮刮卡製作 1:80刮:2:1::000::r50::m000::t065,36,40,0.027777777777777776,valid,8x10,0.12813602281290593,0.2,0,0,0,0,38,2
synth::刮刮卡製作 1:80刮:2:1::000::r50::m000::t066,31,40,0.03225806451612903,valid,8x10,0.09381342853362146,0.2,0,0,0,0,36,5
synth::刮刮卡製作 1:80刮:2:1::000::r50::m000::t069,40,40,0.025,valid,8x10,0.0843978115885603,0.2,0,0,0,0,35,-5
synth::刮刮卡製作 1:80刮:2:1::000::r50::m000::t070,16,40,0.0625,valid,8x10,0.10846708880742922,0.2,0,0,0,0,5,-11
synth::刮刮卡製作 1:80刮:2:1::000::r50::m000::t071,15,40,0.06666666666666667,valid,8x10,0.11584325478658397,0.2,0,0,0,0,21,6
synth::刮刮卡製作 1:80刮:2:1::000::r50::m000::t072,39,40,0.02564102564102564,valid,8x10,0.13962155583888974,0.2,0,0,0,0,40,1
synth::刮刮卡製作 1:80刮:2:1::000::r50::m000::t073,6,40,0.16666666666666666,valid,8x10,0.39847537601934735,0.2,0,0,0,1,28,22
synth::刮刮卡製作 1:80刮:2:1::000::r50::m000::t075,39,40,0.02564102564102564,valid,8x10,0.12813602281290593,0.2,0,0,0,0,12,-27
synth::刮刮卡製作 1:80刮:2:1::000::r50::m000::t076,28,40,0.03571428571428571,valid,8x10,0.09381342853362146,0.2,0,0,0,0,14,-14
synth::刮刮卡製作 1:80刮:2:1::000::r50::m000::t078,3,40,0.3333333333333333,valid,8x10,0.3590054802220548,0.2,0,1,1,1,2,-1
synth::刮刮卡製作 1:80刮:2:1::000::r50::m000::t080,31,40,0.03225806451612903,valid,8x10,0.10846708880742922,0.2,0,0,0,0,22,-9
刮刮卡製作 1:80刮:2:1::r30::m000::t001,21,24,0.047619047619047616,holdout,8x10,0.23072898405057327,0.2,0,0,0,0,21,0
刮刮卡製作 1:80刮:2:1::r30::m000::t002,9,24,0.1111111111111111,holdout,8x10,0.2720447894239085,0.2,0,0,0,1,16,7
刮刮卡製作 1:80刮:2:1::r30::m000::t004,12,24,0.08333333333333333,holdout,8x10,0.3437760057260671,0.2,0,0,0,0,3,-9
刮刮卡製作 1:80刮:2:1::r30::m000::t007,21,24,0.047619047619047616,holdout,8x10,0.22400406541109497,0.2,0,0,0,0,10,-11
刮刮卡製作 1:80刮:2:1::r30::m000::t008,4,24,0.25,holdout,8x10,0.25565897251033526,0.2,0,0,1,1,4,0
刮刮卡製作 1:80刮:2:1::r30::m000::t017,21,24,0.047619047619047616,holdout,8x10,0.22326999340998457,0.2,0,0,0,0,22,1
刮刮卡製作 1:80刮:2:1::r30::m000::t022,7,24,0.14285714285714285,holdout,8x10,0.2720447894239085,0.2,0,0,0,1,11,4
刮刮卡製作 1:80刮:2:1::r30::m000::t024,18,24,0.05555555555555555,holdout,8x10,0.3437760057260671,0.2,0,0,0,0,13,-5
刮刮卡製作 1:80刮:2:1::r30::m000::t028,15,24,0.06666666666666667,holdout,8x10,0.25565897251033526,0.2,0,0,0,0,19,4
刮刮卡製作 1:80刮:2:1::r30::m000::t039,7,24,0.14285714285714285,holdout,8x10,0.24644870727191992,0.2,0,0,0,1,4,-3
刮刮卡製作 1:80刮:2:1::r30::m000::t040,7,24,0.14285714285714285,holdout,8x10,0.2720447894239085,0.2,0,0,0,1,8,1
刮刮卡製作 1:80刮:2:1::r30::m000::t042,1,24,1.0,holdout,8x10,0.2720447894239085,0.2,1,1,1,1,1,0
刮刮卡製作 1:80刮:2:1::r30::m000::t047,8,24,0.125,holdout,8x10,0.22400406541109497,0.2,0,0,0,1,12,4
刮刮卡製作 1:80刮:2:1::r30::m000::t048,1,24,1.0,holdout,8x10,0.25565897251033526,0.2,1,1,1,1,7,6
刮刮卡製作 1:80刮:2:1::r30::m000::t050,13,24,0.07692307692307693,holdout,8x10,0.2720447894239085,0.2,0,0,0,0,12,-1
刮刮卡製作 1:80刮:2:1::r30::m000::t053,12,24,0.08333333333333333,holdout,8x10,0.24203252357352445,0.2,0,0,0,0,19,7
刮刮卡製作 1:80刮:2:1::r30::m000::t056,1,24,1.0,holdout,8x10,0.23072898405057327,0.2,1,1,1,1,1,0
刮刮卡製作 1:80刮:2:1::r30::m000::t065,1,24,1.0,holdout,8x10,0.2754704507063439,0.2,1,1,1,1,21,20
刮刮卡製作 1:80刮:2:1::r30::m000::t070,24,24,0.041666666666666664,holdout,8x10,0.268574032994227,0.2,0,0,0,0,24,0
刮刮卡製作 1:80刮:2:1::r30::m000::t071,9,24,0.1111111111111111,holdout,8x10,0.23072898405057327,0.2,0,0,0,1,1,-8
刮刮卡製作 1:80刮:2:1::r30::m000::t072,5,24,0.2,holdout,8x10,0.2720447894239085,0.2,0,0,1,1,13,8
刮刮卡製作 1:80刮:2:1::r30::m000::t073,18,24,0.05555555555555555,holdout,8x10,0.24977847899403616,0.2,0,0,0,0,8,-10
刮刮卡製作 1:80刮:2:1::r30::m000::t076,1,24,1.0,holdout,8x10,0.2275235019372397,0.2,1,1,1,1,1,0
刮刮卡製作 1:80刮:2:1::r30::m000::t080,9,24,0.1111111111111111,holdout,8x10,0.2720447894239085,0.2,0,0,0,1,8,-1
刮刮卡製作 1:80刮:2:1::r50::m000::t012,33,40,0.030303030303030304,holdout,8x10,0.2828396528054018,0.2,0,0,0,0,12,-21
刮刮卡製作 1:80刮:2:1::r50::m000::t016,9,40,0.1111111111111111,holdout,8x10,0.32318873671878795,0.2,0,0,0,1,12,3
刮刮卡製作 1:80刮:2:1::r50::m000::t018,16,40,0.0625,holdout,8x10,0.3673417863931636,0.2,0,0,0,0,34,18
刮刮卡製作 1:80刮:2:1::r50::m000::t019,9,40,0.1111111111111111,holdout,8x10,0.39870279460608504,0.2,0,0,0,1,17,8
刮刮卡製作 1:80刮:2:1::r50::m000::t021,34,40,0.029411764705882353,holdout,8x10,0.30956207639638067,0.2,0,0,0,0,35,1
刮刮卡製作 1:80刮:2:1::r50::m000::t022,2,40,0.5,holdout,8x10,0.2992482012253792,0.2,0,1,1,1,2,0
刮刮卡製作 1:80刮:2:1::r50::m000::t024,37,40,0.02702702702702703,holdout,8x10,0.4248231532956383,0.2,0,0,0,0,12,-25
刮刮卡製作 1:80刮:2:1::r50::m000::t027,23,40,0.043478260869565216,holdout,8x10,0.5674121536128514,0.2,0,0,0,0,18,-5
刮刮卡製作 1:80刮:2:1::r50::m000::t028,26,40,0.038461538461538464,holdout,8x10,0.3673417863931636,0.2,0,0,0,0,35,9
刮刮卡製作 1:80刮:2:1::r50::m000::t032,31,40,0.03225806451612903,holdout,8x10,0.2828396528054018,0.2,0,0,0,0,39,8
刮刮卡製作 1:80刮:2:1::r50::m000::t034,9,40,0.1111111111111111,holdout,8x10,0.4091701826811145,0.2,0,0,0,1,7,-2
刮刮卡製作 1:80刮:2:1::r50::m000::t035,36,40,0.027777777777777776,holdout,8x10,0.3517746921502058,0.2,0,0,0,0,2,-34
刮刮卡製作 1:80刮:2:1::r50::m000::t038,33,40,0.030303030303030304,holdout,8x10,0.3673417863931636,0.2,0,0,0,0,30,-3
刮刮卡製作 1:80刮:2:1::r50::m000::t039,32,40,0.03125,holdout,8x10,0.39586292409445967,0.2,0,0,0,0,11,-21
刮刮卡製作 1:80刮:2:1::r50::m000::t041,29,40,0.034482758620689655,holdout,8x10,0.30373572578868324,0.2,0,0,0,0,17,-12
刮刮卡製作 1:80刮:2:1::r50::m000::t044,32,40,0.03125,holdout,8x10,0.4091701826811145,0.2,0,0,0,0,1,-31
刮刮卡製作 1:80刮:2:1::r50::m000::t045,3,40,0.3333333333333333,holdout,8x10,0.3517746921502058,0.2,0,1,1,1,36,33
刮刮卡製作 1:80刮:2:1::r50::m000::t046,11,40,0.09090909090909091,holdout,8x10,0.32318873671878795,0.2,0,0,0,0,7,-4
刮刮卡製作 1:80刮:2:1::r50::m000::t049,6,40,0.16666666666666666,holdout,8x10,0.39870279460608504,0.2,0,0,0,1,27,21
刮刮卡製作 1:80刮:2:1::r50::m000::t050,21,40,0.047619047619047616,holdout,8x10,0.3026078245437804,0.2,0,0,0,0,22,1
刮刮卡製作 1:80刮:2:1::r50::m000::t051,17,40,0.058823529411764705,holdout,8x10,0.30956207639638067,0.2,0,0,0,0,23,6
刮刮卡製作 1:80刮:2:1::r50::m000::t053,11,40,0.09090909090909091,holdout,8x10,0.5876800031193735,0.2,0,0,0,0,29,18
刮刮卡製作 1:80刮:2:1::r50::m000::t054,1,40,1.0,holdout,8x10,0.4091701826811145,0.2,1,1,1,1,39,38
刮刮卡製作 1:80刮:2:1::r50::m000::t055,30,40,0.03333333333333333,holdout,8x10,0.3517746921502058,0.2,0,0,0,0,34,4
刮刮卡製作 1:80刮:2:1::r50::m000::t056,23,40,0.043478260869565216,holdout,8x10,0.32318873671878795,0.2,0,0,0,0,10,-13
刮刮卡製作 1:80刮:2:1::r50::m000::t057,23,40,0.043478260869565216,holdout,8x10,0.5674121536128514,0.2,0,0,0,0,11,-12
刮刮卡製作 1:80刮:2:1::r50::m000::t058,18,40,0.05555555555555555,holdout,8x10,0.3673417863931636,0.2,0,0,0,0,32,14
刮刮卡製作 1:80刮:2:1::r50::m000::t059,15,40,0.06666666666666667,holdout,8x10,0.39870279460608504,0.2,0,0,0,0,19,4
刮刮卡製作 1:80刮:2:1::r50::m000::t060,38,40,0.02631578947368421,holdout,8x10,0.3026078245437804,0.2,0,0,0,0,24,-14
刮刮卡製作 1:80刮:2:1::r50::m000::t064,27,40,0.037037037037037035,holdout,8x10,0.4091701826811145,0.2,0,0,0,0,30,3
刮刮卡製作 1:80刮:2:1::r50::m000::t065,16,40,0.0625,holdout,8x10,0.3517746921502058,0.2,0,0,0,0,40,24
刮刮卡製作 1:80刮:2:1::r50::m000::t066,34,40,0.029411764705882353,holdout,8x10,0.32318873671878795,0.2,0,0,0,0,33,-1
刮刮卡製作 1:80刮:2:1::r50::m000::t067,1,40,1.0,holdout,8x10,0.5674121536128514,0.2,1,1,1,1,3,2
刮刮卡製作 1:80刮:2:1::r50::m000::t068,21,40,0.047619047619047616,holdout,8x10,0.3673417863931636,0.2,0,0,0,0,36,15
刮刮卡製作 1:80刮:2:1::r50::m000::t069,1,40,1.0,holdout,8x10,0.39870279460608504,0.2,1,1,1,1,1,0
刮刮卡製作 1:80刮:2:1::r50::m000::t073,29,40,0.034482758620689655,holdout,8x10,0.5876800031193735,0.2,0,0,0,0,18,-11
刮刮卡製作 1:80刮:2:1::r50::m000::t074,31,40,0.03225806451612903,holdout,8x10,0.4091701826811145,0.2,0,0,0,0,7,-24
刮刮卡製作 1:80刮:2:1::r50::m000::t075,2,40,0.5,holdout,8x10,0.3517746921502058,0.2,0,1,1,1,24,22
刮刮卡製作 1:80刮:2:1::r50::m000::t079,34,40,0.029411764705882353,holdout,8x10,0.39870279460608504,0.2,0,0,0,0,29,-5
刮刮卡製作 1:80刮:2:1::r50::m000::t080,9,40,0.1111111111111111,holdout,8x10,0.3026078245437804,0.2,0,0,0,1,8,-1
