issue,draw_date,numbers,day_issue_index
114071096,2025-12-17,"[1, 4, 9, 12, 14, 17, 22, 23, 34, 38, 41, 42, 45, 48, 49, 58, 60, 68, 73, 74]",46
114071097,2025-12-17,"[1, 4, 7, 10, 16, 18, 29, 30, 31, 37, 43, 44, 51, 57, 58, 62, 65, 66, 70, 74]",47
114071098,2025-12-17,"[1, 5, 10, 14, 15, 18, 20, 23, 27, 31, 36, 42, 58, 61, 65, 71, 72, 76, 77, 79]",48
114071099,2025-12-17,"[2, 4, 10, 12, 15, 22, 23, 24, 27, 33, 49, 56, 60, 62, 64, 65, 68, 69, 76, 79]",49
114071100,2025-12-17,"[3, 8, 10, 11, 23, 29, 31, 37, 39, 41, 42, 44, 47, 51, 52, 56, 62, 65, 72, 80]",50
114071101,2025-12-17,"[1, 3, 4, 6, 8, 16, 19, 24, 29, 34, 40, 44, 50, 60, 64, 68, 69, 70, 78, 80]",51
114071102,2025-12-17,"[1, 6, 17, 23, 27, 30, 31, 33, 36, 40, 43, 50, 53, 57, 60, 63, 70, 74, 75, 78]",52
114071103,2025-12-17,"[9, 10, 25, 26, 30, 31, 34, 40, 46, 47, 50, 53, 56, 60, 62, 67, 74, 75, 77, 79]",53
114071104,2025-12-17,"[3, 5, 9, 10, 11, 14, 15, 18, 29, 31, 39, 41, 42, 43, 45, 51, 57, 60, 70, 73]",54
114071105,2025-12-17,"[5, 7, 8, 13, 28, 34, 35, 38, 39, 45, 48, 53, 55, 56, 63, 66, 71, 72, 73, 76]",55
114071106,2025-12-17,"[2, 8, 14, 16, 29, 31, 42, 44, 47, 51, 54, 57, 60, 61, 69, 72, 74, 76, 78, 80]",56
114071107,2025-12-17,"[6, 10, 11, 13, 17, 18, 24, 26, 30, 36, 39, 44, 49, 52, 59, 61, 69, 73, 79, 80]",57
114071108,2025-12-17,"[9, 10, 12, 14, 19, 24, 25, 28, 31, 33, 46, 51, 55, 60, 61, 63, 64, 68, 71, 79]",58
114071109,2025-12-17,"[4, 6, 9, 11, 18, 23, 24, 30, 32, 45, 48, 54, 60, 63, 65, 71, 75, 76, 78, 80]",59
114071110,2025-12-17,"[1, 3, 5, 14, 22, 23, 26, 28, 31, 36, 39, 42, 46, 47, 50, 52, 55, 65, 72, 77]",60
114071111,2025-12-17,"[1, 5, 8, 13, 14, 26, 31, 35, 42, 44, 47, 49, 57, 58, 60, 61, 64, 70, 71, 72]",61
114071112,2025-12-17,"[3, 5, 6, 7, 17, 22, 23, 36, 46, 49, 57, 58, 59, 60, 61, 69, 73, 76, 77, 80]",62
114071113,2025-12-17,"[2, 5, 7, 21, 32, 38, 40, 43, 44, 46, 50, 54, 55, 57, 69, 70, 71, 73, 75, 78]",63
114071114,2025-12-17,"[1, 5, 17, 19, 21, 28, 29, 33, 37, 49, 50, 54, 64, 66, 67, 68, 72, 74, 76, 78]",64
114071115,2025-12-17,"[3, 8, 15, 23, 24, 27, 29, 36, 44, 45, 50, 51, 53, 58, 60, 61, 71, 72, 78, 79]",65
114071116,2025-12-17,"[5, 6, 8, 10, 12, 13, 14, 16, 26, 30, 40, 46, 51, 58, 61, 66, 67, 74, 75, 80]",66
114071117,2025-12-17,"[4, 6, 7, 8, 9, 11, 19, 32, 33, 40, 44, 48, 50, 58, 62, 65, 70, 76, 77, 79]",67
114071118,2025-12-17,"[6, 13, 23, 25, 26, 28, 29, 30, 36, 42, 45, 48, 50, 53, 55, 59, 70, 71, 72, 80]",68
114071119,2025-12-17,"[1, 2, 24, 25, 26, 28, 29, 30, 37, 38, 41, 46, 47, 52, 53, 61, 64, 72, 77, 80]",69
114071120,2025-12-17,"[5, 6, 7, 8, 18, 24, 25, 27, 32, 37, 41, 44, 54, 55, 57, 65, 69, 70, 71, 77]",70
114071121,2025-12-17,"[12, 13, 14, 15, 16, 25, 26, 28, 30, 37, 38, 42, 48, 54, 55, 66, 68, 71, 74, 80]",71
114071122,2025-12-17,"[1, 2, 6, 8, 14, 20, 22, 33, 35, 43, 54, 55, 57, 58, 59, 68, 70, 73, 78, 79]",72
114071123,2025-12-17,"[5, 7, 9, 20, 21, 23, 31, 32, 33, 35, 36, 37, 40, 49, 56, 69, 76, 77, 78, 80]",73
114071124,2025-12-17,"[2, 14, 15, 19, 20, 23, 27, 33, 35, 36, 43, 47, 54, 58, 68, 69, 75, 76, 77, 79]",74
114071125,2025-12-17,"[6, 8, 13, 19, 21, 26, 31, 37, 39, 45, 52, 53, 55, 58, 61, 62, 67, 71, 76, 77]",75
114071126,2025-12-17,"[2, 7, 8, 17, 31, 35, 40, 43, 47, 48, 52, 55, 58, 63, 68, 71, 72, 74, 76, 80]",76
114071127,2025-12-17,"[2, 3, 12, 19, 21, 25, 28, 31, 40, 41, 47, 50, 53, 54, 56, 66, 67, 71, 74, 79]",77
114071128,2025-12-17,"[3, 8, 10, 16, 18, 21, 29, 34, 40, 41, 43, 46, 50, 54, 55, 58, 65, 67, 71, 76]",78
114071129,2025-12-17,"[2, 3, 7, 15, 17, 19, 20, 23, 29, 30, 38, 39, 40, 46, 50, 57, 60, 61, 72, 73]",79
114071130,2025-12-17,"[8, 13, 16, 21, 23, 24, 27, 29, 32, 34, 35, 38, 40, 44, 48, 58, 60, 66, 75, 77]",80
114071131,2025-12-17,"[5, 6, 10, 11, 24, 30, 37, 38, 41, 44, 56, 57, 62, 63, 65, 72, 74, 76, 77, 79]",81
114071132,2025-12-17,"[1, 2, 9, 10, 11, 15, 22, 27, 31, 33, 38, 48, 49, 51, 57, 60, 64, 70, 74, 77]",82
114071133,2025-12-17,"[1, 9, 20, 23, 29, 31, 33, 37, 38, 41, 45, 46, 48, 53, 59, 61, 65, 73, 75, 78]",83
114071134,2025-12-17,"[7, 8, 14, 18, 22, 24, 28, 30, 35, 38, 43, 49, 51, 52, 58, 59, 63, 69, 70, 72]",84
114071135,2025-12-17,"[4, 8, 10, 15, 18, 24, 26, 28, 29, 33, 39, 45, 46, 52, 55, 59, 62, 65, 68, 80]",85
114071136,2025-12-17,"[7, 9, 19, 24, 26, 29, 34, 36, 48, 49, 55, 56, 57, 59, 60, 63, 66, 70, 74, 78]",86
114071137,2025-12-17,"[1, 2, 4, 11, 12, 14, 23, 24, 30, 33, 34, 37, 41, 42, 56, 59, 64, 66, 70, 79]",87
114071138,2025-12-17,"[13, 14, 15, 16, 18, 37, 39, 40, 42, 43, 45, 46, 48, 56, 58, 59, 61, 64, 70, 80]",88
114071139,2025-12-17,"[1, 4, 5, 7, 16, 24, 25, 28, 32, 39, 49, 51, 53, 57, 59, 62, 65, 72, 73, 77]",89
114071140,2025-12-17,"[1, 4, 6, 11, 19, 22, 29, 30, 31, 32, 38, 39, 55, 57, 59, 61, 63, 67, 78, 79]",90
114071141,2025-12-17,"[2, 3, 5, 6, 7, 12, 16, 29, 30, 38, 41, 44, 48, 51, 63, 69, 71, 72, 74, 80]",91
114071142,2025-12-17,"[1, 7, 8, 11, 19, 22, 30, 36, 37, 43, 44, 48, 49, 51, 57, 60, 68, 69, 73, 80]",92
114071143,2025-12-17,"[2, 5, 6, 12, 16, 25, 26, 27, 32, 39, 41, 46, 50, 56, 60, 62, 63, 67, 78, 79]",93
114071144,2025-12-17,"[4, 6, 14, 20, 22, 24, 28, 31, 36, 41, 44, 47, 48, 49, 51, 53, 61, 76, 77, 78]",94
114071145,2025-12-17,"[2, 6, 10, 14, 15, 19, 23, 26, 28, 32, 40, 45, 49, 53, 54, 57, 58, 62, 71, 77]",95
114071146,2025-12-17,"[1, 3, 8, 9, 12, 13, 25, 34, 40, 41, 42, 45, 46, 49, 50, 62, 65, 67, 70, 74]",96
114071147,2025-12-17,"[2, 3, 20, 26, 31, 39, 44, 47, 50, 51, 53, 55, 56, 61, 63, 64, 68, 72, 76, 78]",97
114071148,2025-12-17,"[1, 2, 5, 7, 16, 17, 19, 29, 49, 53, 56, 57, 58, 63, 66, 68, 72, 74, 78, 80]",98
114071149,2025-12-17,"[8, 9, 19, 29, 41, 45, 46, 47, 48, 49, 53, 56, 58, 60, 61, 64, 65, 66, 73, 76]",99
114071150,2025-12-17,"[13, 17, 22, 24, 32, 34, 44, 45, 47, 52, 58, 59, 62, 64, 65, 68, 70, 71, 72, 76]",100
114071151,2025-12-17,"[2, 3, 4, 7, 10, 26, 27, 31, 32, 41, 44, 45, 48, 52, 58, 59, 61, 72, 76, 77]",101
114071152,2025-12-17,"[13, 15, 16, 19, 27, 34, 38, 40, 41, 44, 46, 47, 50, 51, 54, 59, 66, 67, 69, 79]",102
114071153,2025-12-17,"[3, 6, 19, 20, 21, 36, 37, 39, 40, 45, 47, 48, 50, 56, 62, 64, 66, 68, 74, 75]",103
114071154,2025-12-17,"[7, 9, 10, 11, 12, 16, 26, 31, 32, 37, 39, 42, 44, 47, 48, 51, 57, 66, 75, 79]",104
114071155,2025-12-17,"[3, 5, 10, 23, 24, 28, 29, 30, 38, 39, 40, 44, 48, 53, 55, 56, 57, 62, 64, 74]",105
114071156,2025-12-17,"[2, 10, 11, 12, 14, 18, 21, 28, 31, 32, 33, 38, 42, 45, 47, 55, 56, 64, 72, 79]",106
114071157,2025-12-17,"[3, 5, 11, 13, 14, 16, 19, 34, 38, 44, 46, 54, 55, 62, 66, 67, 72, 75, 76, 79]",107
114071158,2025-12-17,"[10, 12, 14, 18, 23, 27, 33, 37, 39, 42, 44, 45, 48, 51, 52, 55, 61, 63, 71, 76]",108
114071159,2025-12-17,"[4, 6, 8, 10, 12, 16, 23, 24, 26, 27, 30, 31, 35, 36, 41, 44, 57, 67, 68, 78]",109
114071160,2025-12-17,"[1, 6, 7, 9, 11, 21, 23, 24, 26, 27, 33, 37, 51, 52, 55, 57, 58, 64, 69, 71]",110
114071161,2025-12-17,"[4, 5, 6, 12, 13, 18, 21, 24, 26, 33, 38, 39, 41, 44, 49, 54, 60, 71, 74, 79]",111
114071162,2025-12-17,"[1, 23, 31, 33, 34, 35, 41, 45, 47, 49, 57, 58, 59, 63, 65, 68, 77, 78, 79, 80]",112
114071163,2025-12-17,"[3, 4, 5, 9, 20, 22, 26, 28, 31, 35, 38, 44, 57, 61, 64, 68, 70, 73, 76, 79]",113
114071164,2025-12-17,"[1, 2, 4, 6, 8, 14, 20, 22, 23, 24, 26, 32, 35, 41, 43, 49, 51, 63, 66, 69]",114
114071165,2025-12-17,"[2, 3, 10, 11, 19, 23, 35, 38, 39, 41, 46, 54, 55, 57, 64, 67, 76, 78, 79, 80]",115
114071166,2025-12-17,"[2, 5, 9, 11, 15, 20, 24, 26, 28, 38, 44, 45, 50, 53, 60, 61, 62, 70, 72, 77]",116
114071167,2025-12-17,"[3, 4, 12, 14, 17, 18, 21, 23, 28, 29, 42, 45, 47, 51, 59, 67, 72, 74, 77, 78]",117
114071168,2025-12-17,"[4, 9, 10, 11, 13, 14, 20, 27, 34, 36, 45, 46, 49, 52, 54, 61, 64, 65, 68, 74]",118
114071169,2025-12-17,"[5, 17, 19, 20, 24, 26, 31, 36, 40, 41, 46, 47, 48, 51, 54, 56, 65, 71, 75, 80]",119
114071170,2025-12-17,"[11, 15, 16, 18, 19, 27, 29, 31, 32, 39, 40, 45, 47, 51, 54, 56, 61, 75, 78, 79]",120
114071171,2025-12-17,"[14, 22, 24, 25, 26, 28, 32, 33, 36, 42, 44, 48, 49, 50, 62, 67, 70, 72, 74, 75]",121
114071172,2025-12-17,"[6, 14, 15, 16, 19, 24, 37, 39, 40, 41, 42, 44, 46, 47, 51, 52, 56, 59, 62, 65]",122
114071173,2025-12-17,"[1, 4, 5, 12, 20, 29, 33, 42, 44, 45, 49, 55, 59, 66, 69, 71, 72, 75, 76, 77]",123
114071174,2025-12-17,"[7, 9, 21, 22, 23, 28, 30, 38, 40, 42, 43, 44, 48, 52, 58, 59, 68, 73, 77, 78]",124
114071175,2025-12-17,"[10, 17, 20, 23, 26, 29, 31, 32, 36, 39, 40, 43, 46, 48, 53, 60, 62, 63, 66, 77]",125
114071176,2025-12-17,"[1, 2, 3, 8, 12, 18, 24, 27, 36, 45, 53, 54, 55, 57, 63, 65, 67, 68, 69, 76]",126
114071177,2025-12-17,"[6, 11, 20, 25, 27, 31, 34, 35, 37, 41, 44, 52, 54, 58, 61, 63, 67, 70, 71, 72]",127
114071178,2025-12-17,"[1, 4, 7, 9, 10, 16, 22, 25, 26, 27, 30, 38, 45, 46, 50, 52, 57, 61, 65, 77]",128
114071179,2025-12-17,"[1, 4, 7, 21, 23, 25, 26, 29, 31, 44, 46, 49, 56, 57, 59, 61, 62, 63, 70, 78]",129
114071180,2025-12-17,"[3, 4, 7, 10, 12, 15, 16, 23, 25, 26, 27, 28, 31, 43, 45, 52, 63, 64, 67, 71]",130
114071181,2025-12-17,"[4, 9, 16, 18, 40, 41, 43, 46, 48, 50, 51, 52, 57, 59, 64, 70, 72, 73, 74, 77]",131
114071182,2025-12-17,"[1, 3, 6, 12, 18, 24, 29, 32, 35, 38, 40, 47, 50, 55, 58, 66, 67, 70, 72, 73]",132
114071183,2025-12-17,"[4, 8, 12, 14, 22, 27, 28, 32, 36, 38, 40, 41, 46, 47, 55, 58, 65, 71, 73, 74]",133
114071184,2025-12-17,"[11, 13, 17, 21, 24, 29, 30, 33, 34, 44, 45, 46, 55, 56, 57, 61, 64, 67, 69, 73]",134
114071185,2025-12-17,"[8, 13, 15, 17, 22, 25, 27, 30, 31, 32, 39, 40, 46, 64, 67, 68, 69, 71, 72, 74]",135
114071186,2025-12-17,"[2, 7, 13, 17, 18, 22, 25, 31, 33, 41, 49, 52, 59, 63, 64, 65, 69, 70, 72, 75]",136
114071187,2025-12-17,"[2, 3, 11, 12, 22, 24, 26, 28, 32, 33, 37, 41, 48, 51, 53, 54, 55, 56, 57, 60]",137
114071188,2025-12-17,"[2, 6, 8, 11, 13, 17, 20, 21, 24, 27, 28, 38, 41, 52, 62, 68, 69, 77, 79, 80]",138
114071189,2025-12-17,"[5, 14, 21, 22, 28, 33, 34, 35, 36, 42, 43, 44, 57, 59, 61, 64, 65, 70, 71, 79]",139
114071190,2025-12-17,"[1, 3, 5, 6, 8, 11, 13, 19, 20, 28, 30, 32, 36, 41, 45, 50, 52, 68, 76, 80]",140
114071191,2025-12-17,"[2, 10, 11, 17, 20, 21, 22, 25, 26, 28, 29, 33, 36, 39, 44, 53, 58, 63, 77, 78]",141
114071192,2025-12-17,"[3, 9, 14, 15, 16, 21, 25, 29, 32, 36, 42, 45, 47, 48, 49, 50, 56, 57, 68, 78]",142
114071193,2025-12-17,"[1, 3, 4, 6, 12, 16, 17, 22, 30, 49, 51, 53, 56, 58, 62, 64, 74, 75, 76, 77]",143
114071194,2025-12-17,"[1, 8, 13, 16, 18, 20, 25, 26, 31, 34, 41, 44, 55, 59, 60, 61, 67, 70, 77, 80]",144
114071195,2025-12-17,"[2, 7, 9, 10, 19, 25, 28, 33, 38, 42, 47, 51, 56, 58, 60, 61, 66, 68, 75, 78]",145
114071196,2025-12-17,"[2, 5, 9, 10, 11, 14, 18, 23, 28, 37, 53, 56, 57, 63, 65, 66, 67, 75, 76, 78]",146
114071197,2025-12-17,"[4, 5, 6, 14, 20, 23, 24, 25, 35, 36, 47, 56, 57, 61, 62, 64, 66, 70, 71, 80]",147
114071198,2025-12-17,"[2, 6, 10, 21, 25, 30, 31, 38, 39, 41, 49, 50, 51, 58, 63, 65, 69, 70, 72, 73]",148
114071199,2025-12-17,"[2, 3, 4, 5, 10, 13, 18, 23, 29, 43, 48, 53, 56, 61, 66, 72, 73, 74, 77, 80]",149
114071200,2025-12-17,"[6, 14, 15, 19, 21, 23, 26, 28, 36, 39, 46, 49, 51, 65, 66, 72, 74, 75, 79, 80]",150
114071201,2025-12-17,"[4, 7, 11, 12, 13, 17, 21, 22, 27, 32, 34, 36, 38, 43, 45, 46, 54, 63, 67, 68]",151
114071202,2025-12-17,"[1, 5, 6, 14, 17, 21, 31, 36, 40, 43, 44, 45, 48, 51, 54, 55, 61, 68, 70, 78]",152
114071203,2025-12-17,"[1, 2, 4, 5, 6, 14, 16, 17, 21, 29, 41, 48, 51, 53, 56, 57, 71, 73, 75, 76]",153
114071204,2025-12-17,"[5, 13, 19, 21, 24, 27, 28, 35, 36, 40, 43, 44, 53, 58, 59, 63, 64, 72, 76, 78]",154
114071205,2025-12-17,"[1, 8, 11, 13, 20, 39, 40, 46, 49, 50, 59, 62, 63, 65, 68, 71, 73, 74, 75, 78]",155
114071206,2025-12-17,"[5, 6, 9, 10, 13, 19, 22, 26, 28, 29, 30, 32, 41, 43, 46, 47, 57, 61, 79, 80]",156
114071207,2025-12-17,"[2, 8, 18, 23, 25, 28, 30, 32, 35, 36, 39, 46, 47, 56, 58, 61, 66, 69, 78, 80]",157
114071208,2025-12-17,"[11, 13, 14, 32, 38, 40, 42, 43, 45, 46, 48, 54, 55, 58, 61, 62, 63, 66, 68, 79]",158
114071209,2025-12-17,"[1, 4, 5, 7, 10, 21, 37, 38, 41, 43, 46, 55, 58, 59, 60, 67, 68, 74, 75, 79]",159
114071210,2025-12-17,"[6, 8, 9, 14, 16, 19, 25, 28, 39, 42, 43, 44, 45, 47, 48, 50, 58, 67, 74, 75]",160
114071211,2025-12-17,"[1, 3, 5, 7, 8, 17, 20, 22, 23, 26, 32, 33, 35, 36, 42, 47, 68, 71, 78, 80]",161
114071212,2025-12-17,"[1, 5, 17, 18, 21, 24, 25, 35, 38, 39, 41, 47, 49, 53, 57, 62, 68, 69, 77, 79]",162
114071213,2025-12-17,"[2, 3, 6, 11, 13, 15, 26, 27, 33, 35, 39, 44, 51, 52, 53, 59, 64, 72, 74, 80]",163
114071214,2025-12-17,"[3, 9, 16, 26, 27, 33, 39, 40, 52, 54, 58, 63, 65, 66, 72, 73, 74, 76, 78, 80]",164
114071215,2025-12-17,"[5, 12, 14, 15, 18, 19, 21, 22, 29, 36, 40, 48, 55, 56, 60, 65, 70, 72, 73, 76]",165
114071216,2025-12-17,"[9, 11, 12, 13, 17, 22, 24, 28, 32, 41, 42, 49, 50, 55, 62, 63, 64, 71, 73, 74]",166
114071217,2025-12-17,"[1, 6, 13, 17, 19, 24, 28, 31, 37, 40, 41, 43, 46, 50, 52, 59, 64, 70, 73, 79]",167
114071218,2025-12-17,"[2, 4, 8, 15, 22, 25, 32, 39, 43, 53, 54, 56, 57, 61, 62, 65, 66, 68, 73, 77]",168
114071219,2025-12-17,"[6, 8, 9, 13, 17, 18, 21, 25, 31, 34, 38, 39, 42, 43, 45, 46, 56, 64, 65, 74]",169
114071220,2025-12-17,"[4, 5, 11, 12, 15, 16, 21, 25, 30, 35, 39, 45, 48, 51, 54, 58, 61, 66, 70, 71]",170
114071221,2025-12-17,"[3, 14, 18, 26, 27, 30, 38, 40, 50, 52, 66, 67, 70, 72, 74, 75, 77, 78, 79, 80]",171
114071222,2025-12-17,"[3, 6, 8, 10, 17, 18, 39, 45, 50, 54, 55, 58, 61, 62, 63, 64, 67, 73, 75, 76]",172
114071223,2025-12-17,"[2, 3, 4, 5, 7, 8, 10, 20, 21, 24, 26, 40, 48, 52, 56, 62, 72, 74, 75, 80]",173
114071224,2025-12-17,"[9, 10, 11, 14, 16, 19, 21, 29, 31, 35, 38, 41, 43, 48, 53, 58, 62, 68, 70, 72]",174
114071225,2025-12-17,"[1, 3, 8, 9, 10, 15, 18, 29, 30, 31, 35, 39, 42, 47, 52, 65, 68, 70, 73, 76]",175
114071226,2025-12-17,"[3, 4, 6, 7, 9, 18, 19, 22, 25, 28, 31, 42, 49, 51, 62, 63, 64, 69, 76, 78]",176
114071227,2025-12-17,"[7, 18, 21, 23, 24, 25, 26, 27, 32, 33, 35, 38, 40, 44, 47, 49, 50, 51, 55, 71]",177
114071228,2025-12-17,"[2, 15, 18, 20, 27, 30, 37, 38, 40, 41, 42, 43, 54, 56, 59, 68, 69, 70, 71, 74]",178
114071229,2025-12-17,"[3, 12, 15, 18, 33, 42, 45, 46, 47, 48, 50, 51, 54, 55, 56, 63, 64, 66, 70, 78]",179
114071230,2025-12-17,"[1, 6, 7, 15, 18, 22, 25, 28, 32, 34, 36, 52, 53, 54, 59, 62, 72, 74, 78, 79]",180
114071231,2025-12-17,"[1, 4, 10, 12, 22, 25, 26, 29, 36, 43, 45, 51, 53, 54, 59, 62, 65, 74, 76, 79]",181
114071232,2025-12-17,"[4, 5, 12, 13, 15, 27, 31, 37, 38, 41, 47, 50, 56, 57, 59, 61, 65, 68, 74, 75]",182
114071233,2025-12-17,"[10, 11, 13, 16, 17, 21, 25, 34, 37, 38, 40, 51, 56, 57, 59, 60, 63, 65, 74, 77]",183
114071234,2025-12-17,"[17, 22, 23, 24, 26, 27, 28, 35, 36, 44, 55, 56, 63, 70, 71, 72, 73, 76, 77, 80]",184
114071235,2025-12-17,"[7, 13, 19, 20, 22, 33, 36, 40, 41, 42, 45, 46, 51, 54, 56, 68, 69, 71, 72, 80]",185
114071236,2025-12-17,"[1, 8, 17, 20, 21, 22, 28, 41, 43, 47, 53, 57, 60, 61, 66, 69, 71, 72, 73, 78]",186
114071237,2025-12-17,"[1, 9, 11, 21, 38, 39, 40, 42, 44, 51, 52, 55, 58, 63, 66, 67, 72, 75, 77, 79]",187
114071238,2025-12-17,"[3, 8, 14, 20, 21, 35, 38, 41, 43, 46, 48, 54, 55, 57, 61, 70, 73, 75, 77, 78]",188
114071239,2025-12-17,"[5, 7, 9, 11, 12, 20, 22, 30, 38, 45, 48, 55, 57, 63, 65, 66, 67, 68, 74, 75]",189
114071240,2025-12-17,"[5, 6, 9, 10, 11, 13, 17, 18, 19, 32, 37, 45, 50, 53, 60, 65, 67, 71, 73, 76]",190
114071241,2025-12-17,"[2, 9, 12, 15, 24, 25, 28, 29, 34, 38, 39, 46, 51, 54, 55, 58, 62, 63, 67, 79]",191
114071242,2025-12-17,"[7, 9, 15, 29, 30, 31, 32, 33, 40, 41, 42, 48, 53, 55, 56, 57, 58, 62, 64, 67]",192
114071243,2025-12-17,"[5, 6, 8, 16, 21, 24, 25, 28, 35, 36, 38, 57, 58, 59, 64, 67, 74, 75, 78, 80]",193
114071244,2025-12-17,"[4, 10, 15, 24, 25, 26, 28, 39, 44, 45, 47, 48, 52, 54, 57, 67, 74, 76, 79, 80]",194
114071245,2025-12-17,"[2, 4, 6, 13, 19, 27, 29, 35, 52, 53, 56, 57, 58, 61, 62, 63, 69, 71, 74, 77]",195
114071246,2025-12-17,"[4, 8, 9, 14, 15, 18, 29, 33, 34, 37, 39, 42, 44, 46, 59, 62, 64, 67, 77, 78]",196
114071247,2025-12-17,"[1, 12, 14, 16, 17, 25, 27, 31, 34, 37, 41, 51, 56, 64, 65, 66, 69, 73, 75, 77]",197
114071248,2025-12-17,"[9, 11, 12, 19, 22, 23, 24, 26, 31, 33, 39, 45, 52, 54, 56, 60, 61, 70, 72, 74]",198
114071249,2025-12-17,"[2, 6, 14, 17, 19, 24, 26, 27, 36, 44, 47, 48, 51, 52, 63, 65, 66, 69, 78, 79]",199
114071250,2025-12-17,"[6, 12, 13, 16, 28, 31, 32, 38, 42, 43, 47, 48, 52, 60, 66, 68, 70, 72, 75, 76]",200
114071251,2025-12-17,"[2, 3, 6, 18, 25, 26, 31, 35, 36, 41, 42, 43, 44, 50, 52, 59, 63, 65, 70, 79]",201
114071252,2025-12-17,"[10, 14, 23, 26, 30, 31, 32, 33, 36, 50, 52, 56, 59, 61, 63, 64, 69, 74, 75, 80]",202
114071253,2025-12-17,"[3, 10, 16, 18, 22, 25, 26, 32, 33, 34, 37, 40, 54, 60, 63, 68, 74, 76, 77, 78]",203
114071254,2025-12-18,"[1, 2, 7, 8, 18, 23, 29, 32, 36, 40, 42, 43, 47, 51, 58, 59, 60, 62, 73, 77]",1
114071255,2025-12-18,"[1, 2, 3, 10, 13, 18, 21, 30, 36, 40, 44, 49, 54, 56, 59, 64, 67, 75, 77, 79]",2
114071256,2025-12-18,"[2, 3, 11, 12, 13, 14, 20, 23, 36, 39, 42, 45, 49, 51, 53, 59, 66, 68, 71, 75]",3
114071257,2025-12-18,"[3, 8, 14, 25, 28, 32, 33, 37, 39, 47, 55, 65, 69, 71, 72, 73, 74, 76, 77, 80]",4
114071258,2025-12-18,"[4, 8, 10, 12, 13, 16, 18, 26, 33, 44, 45, 48, 51, 54, 61, 63, 66, 71, 77, 80]",5
114071259,2025-12-18,"[1, 4, 5, 10, 11, 14, 21, 22, 23, 33, 34, 37, 39, 58, 59, 66, 67, 68, 72, 74]",6
114071260,2025-12-18,"[4, 9, 11, 18, 21, 26, 32, 34, 39, 40, 43, 45, 48, 49, 53, 58, 62, 64, 65, 79]",7
114071261,2025-12-18,"[3, 4, 9, 16, 18, 19, 20, 23, 24, 31, 38, 46, 50, 51, 52, 56, 61, 64, 68, 76]",8
114071262,2025-12-18,"[3, 6, 7, 18, 21, 25, 30, 31, 34, 35, 36, 39, 44, 56, 58, 63, 66, 69, 71, 78]",9
114071263,2025-12-18,"[5, 20, 21, 22, 26, 29, 30, 32, 35, 37, 38, 41, 49, 50, 51, 53, 56, 65, 71, 79]",10
114071264,2025-12-18,"[5, 6, 10, 11, 13, 17, 27, 28, 31, 32, 37, 41, 48, 49, 50, 55, 60, 62, 65, 75]",11
114071265,2025-12-18,"[8, 13, 15, 22, 24, 30, 36, 41, 43, 46, 54, 58, 59, 60, 62, 64, 66, 67, 72, 73]",12
114071266,2025-12-18,"[13, 16, 23, 30, 33, 35, 38, 46, 51, 52, 54, 56, 63, 66, 68, 70, 72, 73, 75, 77]",13
114071267,2025-12-18,"[3, 10, 11, 14, 18, 20, 25, 26, 30, 31, 33, 41, 49, 52, 59, 60, 63, 64, 77, 79]",14
114071268,2025-12-18,"[2, 4, 11, 13, 20, 21, 23, 24, 26, 27, 30, 38, 39, 45, 54, 60, 61, 63, 69, 73]",15
114071269,2025-12-18,"[2, 3, 11, 16, 21, 22, 25, 30, 35, 38, 39, 44, 46, 47, 48, 56, 60, 69, 70, 76]",16
114071270,2025-12-18,"[2, 7, 14, 17, 18, 22, 24, 26, 28, 29, 34, 37, 40, 42, 43, 56, 57, 63, 68, 78]",17
114071271,2025-12-18,"[2, 9, 18, 23, 24, 33, 34, 43, 44, 48, 50, 56, 59, 66, 68, 69, 73, 74, 76, 77]",18
114071272,2025-12-18,"[3, 7, 11, 13, 18, 19, 29, 32, 34, 40, 45, 46, 56, 58, 62, 64, 65, 72, 73, 80]",19
114071273,2025-12-18,"[1, 3, 4, 9, 14, 15, 20, 22, 26, 33, 36, 38, 40, 43, 44, 48, 72, 76, 77, 80]",20
114071274,2025-12-18,"[8, 9, 22, 23, 24, 25, 26, 27, 33, 43, 45, 47, 50, 53, 56, 57, 59, 68, 73, 76]",21
114071275,2025-12-18,"[9, 13, 21, 27, 28, 31, 36, 41, 45, 46, 48, 50, 58, 61, 64, 65, 66, 72, 73, 74]",22
114071276,2025-12-18,"[3, 6, 7, 8, 11, 13, 18, 29, 30, 36, 37, 53, 55, 56, 61, 63, 66, 70, 72, 76]",23
114071277,2025-12-18,"[4, 9, 12, 18, 25, 28, 30, 31, 32, 33, 35, 41, 46, 51, 63, 64, 70, 72, 73, 76]",24
114071278,2025-12-18,"[4, 9, 12, 14, 18, 20, 21, 23, 25, 28, 44, 45, 46, 59, 60, 66, 70, 71, 73, 80]",25
114071279,2025-12-18,"[3, 27, 29, 33, 35, 38, 40, 41, 43, 48, 53, 56, 58, 64, 69, 71, 75, 76, 78, 79]",26
114071280,2025-12-18,"[2, 3, 10, 11, 20, 22, 25, 26, 37, 40, 41, 43, 46, 53, 59, 62, 64, 70, 75, 78]",27
114071281,2025-12-18,"[9, 11, 12, 18, 20, 32, 33, 47, 49, 54, 56, 57, 60, 61, 67, 68, 70, 77, 78, 79]",28
114071282,2025-12-18,"[3, 11, 18, 21, 26, 27, 28, 29, 34, 37, 44, 47, 48, 50, 55, 60, 65, 66, 77, 79]",29
114071283,2025-12-18,"[2, 5, 12, 14, 20, 21, 22, 25, 28, 35, 37, 42, 60, 62, 65, 71, 72, 73, 77, 80]",30
114071284,2025-12-18,"[1, 3, 7, 10, 12, 17, 21, 22, 25, 27, 28, 39, 42, 56, 58, 61, 65, 67, 68, 74]",31
114071285,2025-12-18,"[1, 3, 7, 8, 9, 12, 14, 18, 28, 29, 37, 43, 47, 48, 49, 51, 61, 64, 75, 80]",32
114071286,2025-12-18,"[10, 14, 16, 23, 26, 36, 37, 40, 44, 46, 48, 50, 53, 54, 63, 67, 71, 75, 77, 80]",33
114071287,2025-12-18,"[7, 8, 11, 12, 17, 18, 20, 23, 27, 28, 39, 51, 53, 55, 58, 66, 67, 69, 74, 77]",34
114071288,2025-12-18,"[2, 5, 8, 9, 31, 40, 41, 45, 48, 49, 53, 56, 57, 60, 61, 65, 67, 75, 76, 79]",35
114071289,2025-12-18,"[1, 8, 10, 19, 21, 29, 33, 47, 48, 52, 54, 55, 57, 63, 65, 69, 71, 73, 74, 75]",36
114071290,2025-12-18,"[1, 2, 3, 10, 14, 16, 20, 26, 35, 39, 48, 50, 55, 56, 59, 61, 65, 68, 70, 71]",37
114071291,2025-12-18,"[1, 4, 5, 7, 16, 17, 20, 24, 28, 34, 38, 42, 43, 47, 52, 53, 54, 61, 63, 68]",38
114071292,2025-12-18,"[3, 10, 12, 21, 23, 25, 26, 27, 33, 35, 37, 39, 41, 42, 47, 63, 64, 77, 78, 80]",39
114071293,2025-12-18,"[2, 3, 5, 16, 17, 19, 21, 24, 33, 34, 35, 36, 39, 44, 47, 49, 61, 66, 70, 74]",40
114071294,2025-12-18,"[16, 17, 20, 26, 27, 29, 30, 31, 43, 44, 45, 50, 52, 55, 56, 57, 59, 68, 73, 78]",41
114071295,2025-12-18,"[1, 3, 8, 17, 20, 26, 29, 31, 36, 39, 40, 45, 48, 59, 60, 63, 66, 73, 78, 79]",42
114071296,2025-12-18,"[1, 10, 11, 14, 15, 16, 20, 28, 30, 36, 43, 48, 50, 52, 53, 58, 62, 63, 73, 77]",43
114071297,2025-12-18,"[4, 10, 14, 20, 22, 29, 33, 37, 40, 43, 47, 49, 50, 51, 53, 55, 58, 64, 65, 79]",44
114071298,2025-12-18,"[1, 6, 14, 17, 18, 22, 30, 32, 33, 34, 36, 37, 38, 44, 55, 56, 57, 65, 70, 78]",45
114071299,2025-12-18,"[2, 6, 18, 24, 26, 28, 29, 33, 38, 39, 41, 48, 53, 54, 70, 73, 74, 77, 78, 80]",46
114071300,2025-12-18,"[2, 6, 8, 9, 10, 25, 32, 33, 37, 41, 47, 48, 54, 61, 63, 67, 68, 70, 74, 76]",47
114071301,2025-12-18,"[8, 9, 11, 12, 16, 21, 23, 31, 38, 42, 48, 52, 54, 57, 63, 64, 67, 70, 74, 77]",48
114071302,2025-12-18,"[5, 11, 13, 19, 20, 30, 32, 36, 42, 45, 48, 49, 63, 65, 66, 71, 73, 74, 79, 80]",49
114071303,2025-12-18,"[1, 6, 7, 8, 10, 15, 18, 20, 30, 32, 34, 37, 45, 51, 58, 62, 63, 66, 71, 75]",50
114071304,2025-12-18,"[4, 10, 17, 18, 20, 26, 38, 42, 43, 45, 46, 53, 55, 62, 66, 67, 74, 76, 79, 80]",51
114071305,2025-12-18,"[4, 5, 13, 17, 23, 32, 34, 42, 45, 46, 47, 48, 51, 56, 62, 64, 67, 70, 72, 77]",52
114071306,2025-12-18,"[6, 8, 10, 15, 19, 22, 26, 27, 29, 32, 33, 37, 38, 42, 44, 47, 50, 61, 76, 78]",53
114071307,2025-12-18,"[1, 3, 7, 9, 10, 15, 24, 26, 27, 31, 42, 45, 50, 51, 54, 56, 59, 61, 64, 74]",54
114071308,2025-12-18,"[5, 14, 16, 23, 24, 25, 26, 31, 35, 37, 38, 41, 52, 53, 55, 56, 58, 66, 79, 80]",55
114071309,2025-12-18,"[6, 10, 14, 17, 19, 25, 29, 34, 36, 47, 52, 57, 61, 62, 63, 70, 72, 74, 77, 78]",56
114071310,2025-12-18,"[7, 13, 14, 18, 21, 23, 24, 36, 42, 46, 51, 53, 55, 67, 71, 72, 74, 76, 77, 80]",57
114071311,2025-12-18,"[4, 7, 11, 12, 14, 16, 18, 22, 25, 28, 42, 43, 44, 48, 61, 62, 68, 69, 70, 76]",58
114071312,2025-12-18,"[8, 12, 19, 25, 26, 28, 29, 30, 33, 37, 41, 42, 58, 59, 62, 64, 66, 69, 71, 78]",59
114071313,2025-12-18,"[4, 7, 9, 14, 22, 28, 36, 39, 41, 44, 45, 53, 60, 62, 63, 65, 66, 70, 72, 77]",60
114071314,2025-12-18,"[5, 11, 12, 18, 27, 31, 33, 34, 35, 37, 38, 39, 45, 46, 49, 61, 62, 65, 72, 75]",61
114071315,2025-12-18,"[1, 3, 4, 8, 11, 12, 16, 38, 40, 42, 44, 45, 47, 50, 55, 58, 66, 67, 69, 70]",62
114071316,2025-12-18,"[3, 4, 13, 14, 33, 37, 42, 43, 45, 58, 59, 63, 64, 68, 72, 73, 76, 78, 79, 80]",63
114071317,2025-12-18,"[3, 8, 24, 25, 26, 27, 29, 30, 33, 35, 40, 43, 48, 49, 56, 66, 68, 77, 78, 80]",64
114071318,2025-12-18,"[5, 7, 8, 10, 17, 18, 20, 23, 28, 37, 39, 41, 43, 55, 62, 63, 64, 71, 74, 75]",65
114071319,2025-12-18,"[1, 5, 10, 13, 21, 23, 33, 34, 37, 40, 43, 44, 46, 47, 55, 60, 73, 76, 79, 80]",66
114071320,2025-12-18,"[8, 13, 18, 20, 24, 32, 34, 36, 40, 44, 48, 50, 57, 60, 62, 63, 65, 68, 75, 79]",67
114071321,2025-12-18,"[1, 11, 13, 15, 24, 26, 32, 33, 39, 40, 42, 52, 58, 59, 61, 67, 69, 70, 71, 76]",68
114071322,2025-12-18,"[3, 4, 8, 10, 30, 31, 32, 34, 40, 43, 44, 48, 53, 59, 60, 69, 70, 73, 74, 78]",69
114071323,2025-12-18,"[5, 7, 20, 27, 32, 33, 34, 37, 41, 48, 52, 57, 66, 69, 70, 73, 74, 75, 79, 80]",70
114071324,2025-12-18,"[1, 6, 10, 11, 16, 19, 23, 24, 26, 33, 36, 37, 57, 58, 65, 67, 68, 70, 71, 80]",71
114071325,2025-12-18,"[2, 4, 7, 10, 12, 14, 16, 20, 23, 45, 46, 48, 56, 57, 67, 68, 70, 77, 78, 80]",72
114071326,2025-12-18,"[5, 6, 15, 20, 21, 26, 30, 34, 37, 44, 45, 50, 51, 57, 60, 62, 68, 70, 76, 77]",73
114071327,2025-12-18,"[2, 7, 16, 17, 22, 25, 36, 43, 47, 48, 49, 51, 52, 53, 62, 65, 66, 76, 77, 79]",74
114071328,2025-12-18,"[1, 3, 5, 19, 22, 26, 30, 33, 35, 36, 37, 38, 46, 48, 52, 65, 70, 73, 75, 80]",75
114071329,2025-12-18,"[9, 10, 13, 22, 27, 29, 33, 38, 47, 51, 52, 56, 57, 59, 63, 65, 71, 76, 77, 79]",76
114071330,2025-12-18,"[2, 7, 11, 15, 20, 24, 27, 33, 34, 36, 40, 44, 55, 57, 66, 71, 74, 75, 77, 79]",77
114071331,2025-12-18,"[6, 7, 18, 24, 25, 31, 34, 38, 44, 45, 49, 50, 54, 55, 56, 57, 60, 63, 64, 78]",78
114071332,2025-12-18,"[8, 11, 13, 22, 27, 34, 35, 37, 45, 46, 47, 52, 54, 55, 61, 68, 69, 72, 79, 80]",79
114071333,2025-12-18,"[1, 4, 10, 11, 16, 28, 31, 46, 50, 51, 53, 54, 59, 61, 63, 65, 71, 73, 74, 79]",80
114071334,2025-12-18,"[12, 23, 26, 30, 40, 45, 48, 51, 53, 56, 59, 61, 62, 63, 65, 66, 69, 70, 76, 77]",81
114071335,2025-12-18,"[4, 6, 8, 10, 24, 25, 26, 27, 28, 32, 34, 35, 42, 53, 54, 62, 63, 65, 68, 75]",82
114071336,2025-12-18,"[8, 13, 14, 21, 24, 27, 29, 31, 32, 45, 47, 51, 52, 59, 61, 67, 69, 70, 72, 80]",83
114071337,2025-12-18,"[1, 4, 6, 8, 9, 15, 26, 27, 31, 45, 47, 48, 50, 56, 60, 61, 63, 66, 68, 69]",84
114071338,2025-12-18,"[3, 4, 10, 13, 15, 18, 21, 23, 25, 36, 37, 39, 46, 51, 56, 57, 63, 66, 72, 78]",85
114071339,2025-12-18,"[4, 6, 7, 21, 22, 23, 25, 32, 34, 37, 38, 39, 40, 43, 46, 48, 52, 56, 57, 66]",86
114071340,2025-12-18,"[2, 5, 7, 18, 19, 21, 22, 24, 25, 31, 33, 44, 48, 50, 53, 55, 61, 66, 69, 76]",87
114071341,2025-12-18,"[4, 9, 10, 12, 14, 15, 18, 24, 26, 30, 37, 44, 52, 53, 54, 55, 58, 69, 70, 75]",88
114071342,2025-12-18,"[3, 5, 6, 8, 10, 17, 20, 23, 29, 34, 47, 48, 49, 53, 57, 67, 70, 73, 78, 80]",89
114071343,2025-12-18,"[1, 6, 7, 8, 12, 23, 24, 26, 28, 39, 52, 54, 61, 62, 64, 66, 71, 74, 76, 77]",90
114071344,2025-12-18,"[11, 14, 18, 19, 23, 27, 28, 36, 40, 42, 52, 53, 54, 55, 56, 58, 59, 64, 66, 67]",91
114071345,2025-12-18,"[2, 17, 18, 20, 23, 30, 34, 39, 43, 52, 56, 58, 60, 63, 65, 66, 67, 72, 74, 76]",92
114071346,2025-12-18,"[2, 5, 12, 15, 18, 24, 27, 30, 32, 35, 36, 45, 46, 49, 54, 57, 67, 68, 70, 74]",93
114071347,2025-12-18,"[3, 9, 15, 21, 22, 23, 28, 30, 31, 34, 35, 36, 41, 48, 49, 62, 66, 77, 79, 80]",94
114071348,2025-12-18,"[8, 9, 11, 12, 15, 19, 24, 26, 31, 34, 40, 44, 47, 57, 58, 59, 68, 71, 72, 76]",95
114071349,2025-12-18,"[1, 15, 16, 17, 19, 21, 24, 26, 41, 43, 45, 48, 52, 56, 59, 61, 63, 76, 77, 79]",96
114071350,2025-12-18,"[2, 5, 6, 8, 9, 14, 30, 33, 34, 35, 37, 38, 42, 45, 53, 56, 61, 64, 66, 76]",97
114071351,2025-12-18,"[1, 3, 6, 15, 18, 23, 29, 31, 32, 36, 37, 38, 40, 50, 51, 53, 54, 60, 62, 66]",98
114071352,2025-12-18,"[1, 2, 4, 5, 7, 8, 15, 20, 22, 29, 31, 32, 33, 37, 43, 44, 47, 70, 79, 80]",99
114071353,2025-12-18,"[1, 3, 6, 7, 10, 21, 23, 36, 38, 47, 48, 54, 56, 58, 63, 66, 71, 74, 78, 80]",100
114071354,2025-12-18,"[1, 6, 14, 16, 17, 22, 24, 33, 35, 39, 46, 49, 51, 57, 60, 66, 67, 69, 73, 76]",101
114071355,2025-12-18,"[12, 13, 17, 18, 22, 26, 27, 29, 34, 39, 40, 41, 43, 45, 53, 59, 61, 64, 73, 80]",102
114071356,2025-12-18,"[1, 6, 9, 10, 11, 12, 14, 16, 19, 20, 35, 43, 46, 53, 54, 55, 56, 63, 74, 76]",103
114071357,2025-12-18,"[5, 11, 14, 15, 20, 22, 26, 31, 34, 35, 40, 45, 58, 62, 63, 65, 67, 68, 71, 74]",104
114071358,2025-12-18,"[4, 11, 16, 20, 22, 31, 36, 45, 48, 50, 52, 59, 61, 62, 64, 66, 69, 70, 76, 80]",105
114071359,2025-12-18,"[1, 2, 18, 19, 21, 24, 29, 35, 40, 45, 46, 47, 56, 59, 61, 64, 67, 68, 70, 79]",106
114071360,2025-12-18,"[2, 4, 5, 12, 18, 19, 21, 23, 26, 28, 32, 37, 44, 47, 48, 49, 53, 59, 73, 78]",107
114071361,2025-12-18,"[4, 8, 15, 19, 22, 23, 24, 27, 28, 29, 33, 35, 40, 58, 62, 64, 68, 70, 72, 76]",108
114071362,2025-12-18,"[1, 9, 20, 22, 25, 26, 31, 36, 41, 43, 45, 49, 50, 54, 55, 58, 65, 70, 72, 79]",109
114071363,2025-12-18,"[12, 15, 19, 20, 23, 24, 26, 30, 39, 40, 41, 45, 46, 48, 52, 53, 56, 61, 67, 79]",110
114071364,2025-12-18,"[4, 6, 10, 11, 19, 21, 25, 27, 28, 45, 47, 48, 51, 56, 61, 64, 66, 69, 70, 71]",111
114071365,2025-12-18,"[1, 12, 15, 16, 18, 19, 28, 29, 32, 34, 38, 48, 51, 54, 57, 61, 67, 70, 72, 79]",112
114071366,2025-12-18,"[4, 8, 16, 18, 20, 27, 28, 31, 41, 46, 50, 53, 58, 59, 60, 62, 71, 73, 77, 79]",113
114071367,2025-12-18,"[4, 10, 11, 13, 14, 31, 34, 36, 38, 39, 40, 41, 45, 54, 55, 66, 67, 68, 75, 80]",114
114071368,2025-12-18,"[3, 9, 10, 13, 20, 26, 30, 39, 42, 45, 46, 47, 53, 57, 60, 64, 67, 70, 77, 79]",115
114071369,2025-12-18,"[5, 7, 8, 9, 11, 14, 26, 41, 42, 46, 49, 53, 54, 56, 58, 60, 62, 64, 67, 74]",116
114071370,2025-12-18,"[3, 13, 18, 22, 25, 26, 32, 44, 46, 48, 49, 51, 56, 57, 58, 60, 65, 71, 76, 79]",117
114071371,2025-12-18,"[1, 3, 7, 15, 18, 19, 20, 28, 29, 34, 38, 42, 48, 50, 53, 64, 68, 71, 73, 75]",118
114071372,2025-12-18,"[11, 12, 13, 14, 15, 17, 19, 20, 22, 23, 24, 28, 31, 40, 44, 46, 50, 51, 57, 73]",119
114071373,2025-12-18,"[2, 6, 8, 14, 15, 21, 25, 29, 30, 34, 37, 38, 39, 42, 47, 52, 61, 68, 69, 73]",120
114071374,2025-12-18,"[1, 7, 9, 12, 14, 20, 24, 29, 30, 37, 41, 46, 49, 52, 58, 62, 64, 67, 70, 72]",121
114071375,2025-12-18,"[4, 6, 10, 11, 12, 14, 19, 20, 24, 27, 30, 31, 39, 44, 47, 49, 61, 66, 74, 75]",122
114071376,2025-12-18,"[2, 12, 13, 20, 23, 26, 29, 30, 31, 36, 38, 39, 46, 52, 57, 62, 66, 72, 78, 79]",123
114071377,2025-12-18,"[1, 7, 8, 11, 13, 14, 16, 20, 33, 34, 35, 37, 41, 43, 44, 55, 58, 65, 73, 79]",124
114071378,2025-12-18,"[5, 8, 9, 12, 19, 22, 23, 26, 29, 33, 35, 48, 49, 50, 51, 60, 62, 66, 71, 77]",125
114071379,2025-12-18,"[10, 12, 14, 16, 18, 21, 24, 31, 32, 33, 36, 37, 44, 49, 51, 54, 58, 66, 68, 70]",126
114071380,2025-12-18,"[3, 4, 7, 11, 12, 14, 19, 31, 36, 37, 40, 44, 45, 50, 56, 57, 58, 60, 63, 65]",127
114071381,2025-12-18,"[1, 8, 20, 21, 22, 26, 27, 29, 31, 32, 34, 41, 45, 48, 52, 54, 60, 67, 69, 80]",128
114071382,2025-12-18,"[6, 10, 15, 17, 19, 30, 31, 35, 36, 37, 38, 41, 48, 57, 58, 60, 63, 73, 74, 77]",129
114071383,2025-12-18,"[5, 6, 8, 11, 12, 18, 19, 21, 22, 28, 35, 43, 45, 49, 56, 59, 69, 73, 75, 76]",130
114071384,2025-12-18,"[14, 15, 17, 19, 21, 24, 26, 27, 32, 35, 44, 46, 50, 57, 59, 61, 66, 70, 75, 80]",131
114071385,2025-12-18,"[2, 7, 10, 16, 17, 18, 21, 23, 31, 34, 37, 49, 56, 59, 61, 64, 68, 70, 76, 77]",132
114071386,2025-12-18,"[2, 6, 17, 25, 26, 28, 30, 32, 39, 40, 41, 42, 47, 53, 57, 61, 62, 66, 70, 71]",133
114071387,2025-12-18,"[3, 5, 13, 15, 19, 24, 26, 36, 39, 40, 43, 46, 48, 51, 55, 66, 70, 73, 74, 80]",134
114071388,2025-12-18,"[3, 4, 10, 20, 21, 23, 25, 35, 40, 43, 48, 49, 50, 58, 61, 67, 68, 72, 74, 80]",135
114071389,2025-12-18,"[8, 9, 17, 18, 19, 20, 26, 39, 52, 53, 56, 58, 62, 65, 66, 67, 68, 71, 72, 75]",136
114071390,2025-12-18,"[3, 7, 18, 20, 21, 22, 28, 29, 35, 38, 39, 43, 56, 58, 67, 68, 69, 72, 74, 80]",137
114071391,2025-12-18,"[6, 8, 10, 12, 21, 23, 25, 26, 28, 35, 36, 37, 39, 43, 46, 47, 60, 63, 65, 80]",138
114071392,2025-12-18,"[12, 15, 16, 18, 21, 24, 27, 28, 31, 34, 36, 38, 57, 58, 59, 62, 65, 68, 69, 79]",139
114071393,2025-12-18,"[5, 7, 10, 16, 18, 19, 21, 25, 26, 34, 35, 41, 42, 43, 45, 58, 61, 63, 70, 77]",140
114071394,2025-12-18,"[1, 6, 7, 9, 11, 14, 17, 21, 23, 40, 43, 47, 48, 49, 51, 52, 62, 75, 76, 80]",141
114071395,2025-12-18,"[1, 2, 15, 16, 25, 29, 36, 43, 46, 48, 56, 57, 61, 65, 67, 68, 70, 71, 72, 80]",142
114071396,2025-12-18,"[2, 4, 7, 11, 23, 25, 41, 42, 44, 50, 51, 53, 58, 62, 67, 68, 69, 72, 74, 78]",143
114071397,2025-12-18,"[1, 3, 8, 9, 13, 17, 23, 27, 34, 41, 43, 48, 51, 52, 55, 57, 67, 71, 76, 79]",144
114071398,2025-12-18,"[2, 7, 8, 13, 17, 28, 29, 36, 37, 38, 48, 49, 58, 59, 60, 61, 62, 63, 66, 69]",145
114071399,2025-12-18,"[1, 3, 4, 7, 8, 12, 24, 27, 30, 32, 38, 39, 40, 47, 49, 60, 64, 72, 73, 80]",146
114071400,2025-12-18,"[5, 6, 7, 8, 18, 23, 25, 29, 30, 36, 45, 48, 50, 56, 59, 61, 62, 75, 76, 79]",147
114071401,2025-12-18,"[1, 2, 12, 15, 17, 18, 23, 28, 33, 37, 39, 45, 46, 51, 59, 64, 67, 70, 78, 80]",148
114071402,2025-12-18,"[2, 10, 18, 21, 24, 37, 38, 43, 44, 47, 51, 56, 59, 61, 64, 65, 68, 70, 78, 80]",149
114071403,2025-12-18,"[1, 4, 21, 27, 29, 30, 33, 34, 35, 38, 42, 48, 52, 58, 64, 70, 71, 72, 73, 78]",150
114071404,2025-12-18,"[8, 9, 12, 16, 23, 27, 28, 30, 34, 35, 41, 45, 53, 58, 59, 63, 65, 66, 75, 80]",151
114071405,2025-12-18,"[4, 5, 10, 12, 14, 23, 31, 32, 38, 41, 44, 45, 47, 48, 49, 55, 69, 70, 72, 79]",152
114071406,2025-12-18,"[4, 6, 13, 19, 26, 29, 32, 33, 34, 35, 39, 49, 50, 51, 53, 65, 66, 70, 72, 77]",153
114071407,2025-12-18,"[1, 10, 12, 16, 23, 26, 27, 34, 35, 39, 50, 55, 59, 63, 66, 68, 70, 73, 74, 76]",154
114071408,2025-12-18,"[6, 13, 14, 15, 17, 20, 21, 23, 29, 30, 32, 35, 44, 53, 57, 59, 64, 69, 71, 78]",155
114071409,2025-12-18,"[1, 2, 3, 9, 10, 13, 16, 20, 27, 29, 30, 43, 45, 63, 65, 68, 70, 71, 72, 77]",156
114071410,2025-12-18,"[1, 8, 10, 14, 16, 20, 23, 25, 27, 35, 42, 43, 50, 62, 63, 67, 70, 75, 77, 80]",157
114071411,2025-12-18,"[1, 3, 6, 8, 11, 26, 31, 34, 35, 37, 40, 42, 53, 56, 61, 65, 69, 70, 71, 73]",158
114071412,2025-12-18,"[3, 4, 5, 6, 7, 17, 18, 21, 22, 37, 43, 45, 53, 55, 62, 63, 67, 73, 76, 78]",159
114071413,2025-12-18,"[2, 6, 15, 18, 24, 25, 27, 33, 40, 44, 48, 49, 51, 53, 56, 64, 70, 74, 76, 79]",160
114071414,2025-12-18,"[1, 2, 3, 7, 9, 17, 18, 33, 43, 45, 47, 48, 49, 52, 53, 59, 63, 66, 73, 80]",161
114071415,2025-12-18,"[4, 5, 7, 10, 13, 16, 24, 28, 33, 35, 37, 40, 49, 53, 54, 57, 74, 78, 79, 80]",162
114071416,2025-12-18,"[5, 8, 12, 13, 16, 20, 22, 26, 31, 35, 44, 47, 53, 59, 66, 68, 70, 71, 72, 76]",163
114071417,2025-12-18,"[3, 8, 11, 15, 18, 20, 28, 35, 36, 37, 39, 40, 46, 47, 55, 56, 58, 60, 67, 79]",164
114071418,2025-12-18,"[4, 13, 15, 16, 21, 25, 30, 31, 33, 35, 36, 41, 46, 48, 55, 56, 59, 65, 72, 74]",165
114071419,2025-12-18,"[2, 5, 21, 29, 30, 34, 40, 41, 42, 44, 47, 53, 55, 64, 66, 69, 70, 71, 74, 80]",166
114071420,2025-12-18,"[2, 4, 10, 15, 21, 22, 38, 40, 42, 44, 47, 49, 50, 51, 61, 63, 67, 70, 74, 75]",167
114071421,2025-12-18,"[4, 5, 9, 11, 13, 14, 17, 34, 43, 48, 50, 51, 54, 58, 60, 62, 64, 67, 71, 73]",168
114071422,2025-12-18,"[7, 12, 13, 21, 23, 30, 36, 40, 41, 42, 47, 50, 58, 63, 64, 70, 73, 75, 77, 80]",169
114071423,2025-12-18,"[4, 5, 8, 10, 12, 17, 25, 30, 32, 35, 42, 44, 45, 46, 49, 51, 54, 59, 60, 69]",170
114071424,2025-12-18,"[1, 2, 4, 5, 15, 18, 24, 26, 29, 35, 38, 42, 44, 45, 47, 60, 61, 68, 69, 70]",171
114071425,2025-12-18,"[7, 8, 14, 17, 21, 29, 35, 37, 38, 45, 51, 53, 60, 62, 63, 66, 71, 76, 79, 80]",172
114071426,2025-12-18,"[1, 9, 16, 18, 19, 22, 23, 27, 30, 32, 35, 51, 53, 56, 58, 63, 66, 68, 74, 79]",173
114071427,2025-12-18,"[2, 6, 8, 9, 11, 25, 26, 32, 34, 39, 41, 47, 55, 61, 62, 64, 66, 70, 71, 73]",174
114071428,2025-12-18,"[1, 2, 8, 9, 10, 15, 17, 24, 30, 32, 40, 41, 46, 60, 61, 62, 64, 71, 73, 79]",175
114071429,2025-12-18,"[2, 11, 12, 17, 24, 31, 36, 37, 43, 44, 46, 51, 52, 62, 67, 70, 71, 74, 76, 79]",176
114071430,2025-12-18,"[7, 11, 15, 16, 20, 21, 23, 27, 30, 38, 42, 43, 49, 51, 60, 61, 63, 67, 68, 78]",177
114071431,2025-12-18,"[1, 3, 13, 21, 24, 28, 29, 30, 33, 34, 35, 37, 46, 47, 57, 63, 64, 66, 68, 69]",178
114071432,2025-12-18,"[1, 6, 8, 10, 11, 18, 20, 31, 35, 39, 41, 43, 45, 52, 54, 59, 60, 64, 65, 77]",179
114071433,2025-12-18,"[2, 10, 12, 13, 18, 22, 30, 32, 33, 37, 38, 43, 59, 62, 66, 67, 69, 73, 77, 78]",180
114071434,2025-12-18,"[1, 4, 9, 10, 14, 25, 26, 32, 33, 34, 38, 44, 48, 51, 55, 60, 65, 66, 76, 80]",181
114071435,2025-12-18,"[2, 3, 13, 16, 19, 25, 30, 31, 35, 37, 38, 41, 42, 49, 50, 51, 63, 72, 75, 78]",182
114071436,2025-12-18,"[1, 3, 4, 5, 10, 22, 29, 34, 38, 44, 46, 49, 51, 53, 55, 63, 64, 67, 71, 79]",183
114071437,2025-12-18,"[1, 3, 13, 14, 19, 21, 29, 32, 34, 41, 44, 50, 51, 53, 55, 56, 58, 63, 68, 71]",184
114071438,2025-12-18,"[15, 16, 20, 21, 22, 23, 28, 40, 42, 52, 60, 62, 64, 65, 66, 67, 69, 70, 71, 72]",185
114071439,2025-12-18,"[3, 5, 15, 19, 20, 21, 23, 32, 33, 35, 40, 51, 52, 55, 59, 61, 66, 73, 76, 80]",186
114071440,2025-12-18,"[5, 7, 8, 9, 12, 14, 18, 22, 28, 31, 52, 56, 58, 62, 63, 64, 65, 72, 76, 80]",187
114071441,2025-12-18,"[2, 9, 10, 15, 24, 26, 34, 40, 42, 47, 53, 55, 67, 69, 72, 73, 75, 76, 78, 79]",188
114071442,2025-12-18,"[1, 16, 19, 20, 21, 23, 25, 33, 34, 35, 38, 42, 45, 47, 53, 60, 62, 69, 75, 77]",189
114071443,2025-12-18,"[3, 6, 9, 10, 11, 14, 15, 20, 25, 27, 28, 33, 34, 40, 46, 48, 54, 73, 76, 80]",190
114071444,2025-12-18,"[3, 5, 6, 12, 27, 28, 31, 37, 41, 43, 49, 52, 58, 59, 61, 62, 63, 64, 73, 77]",191
114071445,2025-12-18,"[5, 17, 23, 25, 30, 33, 35, 36, 49, 51, 52, 53, 63, 64, 65, 69, 71, 73, 75, 77]",192
114071446,2025-12-18,"[6, 8, 14, 26, 28, 31, 34, 35, 36, 39, 42, 45, 46, 54, 55, 56, 62, 67, 70, 75]",193
114071447,2025-12-18,"[4, 9, 21, 22, 27, 28, 29, 42, 44, 47, 49, 53, 54, 56, 64, 66, 75, 77, 79, 80]",194
114071448,2025-12-18,"[2, 13, 21, 23, 26, 31, 43, 49, 51, 54, 55, 58, 59, 61, 64, 67, 68, 70, 72, 77]",195
114071449,2025-12-18,"[1, 9, 10, 17, 18, 24, 26, 28, 29, 33, 36, 53, 56, 66, 67, 69, 70, 72, 75, 76]",196
114071450,2025-12-18,"[3, 6, 7, 9, 12, 20, 28, 29, 33, 36, 41, 46, 51, 54, 59, 60, 62, 65, 72, 80]",197
114071451,2025-12-18,"[8, 14, 21, 23, 29, 30, 32, 33, 34, 43, 48, 53, 56, 61, 65, 67, 68, 72, 76, 79]",198
114071452,2025-12-18,"[6, 8, 9, 14, 22, 26, 28, 33, 40, 44, 54, 59, 60, 62, 64, 65, 67, 74, 79, 80]",199
114071453,2025-12-18,"[3, 4, 6, 23, 27, 28, 29, 30, 35, 36, 37, 41, 46, 49, 51, 65, 69, 78, 79, 80]",200
114071454,2025-12-18,"[3, 5, 6, 8, 13, 15, 16, 23, 26, 28, 34, 42, 44, 48, 49, 53, 55, 59, 69, 80]",201
114071455,2025-12-18,"[6, 7, 8, 9, 10, 12, 13, 14, 16, 18, 26, 34, 39, 40, 47, 56, 58, 59, 67, 80]",202
114071456,2025-12-18,"[6, 14, 18, 23, 26, 28, 30, 33, 35, 37, 47, 50, 54, 57, 59, 63, 68, 69, 72, 76]",203
114071457,2025-12-19,"[5, 6, 7, 9, 11, 22, 28, 32, 33, 37, 42, 49, 50, 52, 59, 60, 62, 64, 65, 76]",1
114071458,2025-12-19,"[2, 4, 5, 6, 7, 9, 15, 16, 17, 25, 37, 42, 43, 49, 53, 58, 59, 62, 71, 75]",2
114071459,2025-12-19,"[4, 9, 13, 16, 17, 23, 24, 34, 37, 44, 49, 51, 52, 57, 65, 69, 70, 71, 78, 79]",3
114071460,2025-12-19,"[6, 7, 8, 9, 20, 25, 35, 37, 40, 41, 45, 46, 50, 52, 53, 60, 65, 67, 74, 77]",4
114071461,2025-12-19,"[3, 6, 10, 13, 15, 17, 19, 25, 27, 28, 31, 39, 41, 45, 48, 63, 68, 73, 74, 78]",5
114071462,2025-12-19,"[4, 6, 12, 16, 17, 24, 26, 29, 34, 37, 39, 48, 49, 51, 57, 59, 60, 72, 76, 77]",6
114071463,2025-12-19,"[3, 6, 9, 11, 17, 23, 31, 38, 39, 41, 43, 44, 45, 48, 51, 53, 56, 69, 72, 80]",7
114071464,2025-12-19,"[4, 8, 15, 19, 26, 28, 33, 36, 42, 44, 45, 51, 56, 61, 63, 66, 73, 74, 75, 77]",8
114071465,2025-12-19,"[3, 11, 12, 17, 32, 33, 37, 38, 43, 47, 48, 50, 52, 55, 61, 74, 75, 78, 79, 80]",9
114071466,2025-12-19,"[2, 6, 8, 18, 19, 21, 22, 25, 26, 28, 31, 32, 37, 40, 58, 72, 73, 74, 75, 80]",10
114071467,2025-12-19,"[2, 4, 10, 11, 14, 16, 18, 21, 22, 26, 36, 37, 40, 47, 49, 54, 62, 67, 68, 76]",11
114071468,2025-12-19,"[2, 6, 7, 8, 9, 10, 16, 18, 23, 24, 31, 33, 52, 56, 57, 60, 62, 64, 65, 77]",12
114071469,2025-12-19,"[7, 11, 18, 22, 30, 38, 41, 43, 47, 50, 56, 66, 67, 68, 71, 74, 77, 78, 79, 80]",13
114071470,2025-12-19,"[2, 3, 5, 6, 8, 10, 16, 20, 30, 34, 37, 40, 45, 47, 55, 56, 63, 67, 72, 73]",14
114071471,2025-12-19,"[6, 8, 10, 11, 12, 14, 15, 18, 23, 32, 42, 45, 46, 48, 50, 51, 58, 61, 75, 79]",15
114071472,2025-12-19,"[6, 7, 9, 10, 16, 21, 22, 25, 29, 30, 35, 39, 46, 49, 53, 61, 65, 73, 79, 80]",16
114071473,2025-12-19,"[3, 4, 6, 17, 20, 22, 30, 31, 32, 34, 45, 46, 47, 49, 52, 56, 59, 61, 62, 80]",17
114071474,2025-12-19,"[3, 4, 11, 21, 30, 31, 36, 38, 41, 46, 51, 54, 57, 58, 62, 69, 71, 72, 75, 79]",18
114071475,2025-12-19,"[7, 18, 20, 24, 25, 26, 32, 35, 39, 43, 45, 47, 49, 53, 62, 63, 67, 68, 69, 76]",19
114071476,2025-12-19,"[3, 5, 6, 8, 10, 11, 17, 23, 26, 29, 36, 38, 46, 54, 65, 67, 69, 73, 76, 78]",20
114071477,2025-12-19,"[2, 9, 16, 26, 27, 30, 32, 38, 40, 41, 44, 47, 51, 53, 55, 57, 60, 63, 76, 79]",21
114071478,2025-12-19,"[5, 7, 13, 16, 17, 18, 19, 34, 36, 37, 41, 43, 49, 50, 62, 63, 68, 69, 73, 78]",22
114071479,2025-12-19,"[4, 10, 13, 26, 27, 28, 29, 30, 40, 42, 47, 49, 54, 56, 57, 65, 71, 75, 77, 80]",23
114071480,2025-12-19,"[3, 5, 8, 11, 15, 17, 26, 36, 44, 50, 51, 54, 56, 57, 60, 66, 72, 73, 78, 80]",24
114071481,2025-12-19,"[4, 9, 11, 19, 20, 22, 24, 30, 40, 47, 49, 56, 57, 58, 65, 66, 69, 71, 73, 78]",25
114071482,2025-12-19,"[2, 8, 10, 20, 21, 28, 30, 32, 36, 40, 44, 46, 49, 60, 61, 67, 69, 71, 73, 75]",26
114071483,2025-12-19,"[2, 6, 7, 8, 10, 11, 12, 16, 20, 28, 31, 32, 41, 46, 48, 60, 61, 64, 65, 67]",27
114071484,2025-12-19,"[8, 19, 22, 27, 29, 31, 32, 33, 34, 43, 47, 50, 56, 57, 60, 64, 65, 74, 77, 80]",28
114071485,2025-12-19,"[3, 5, 7, 9, 14, 15, 22, 27, 28, 29, 34, 39, 50, 54, 63, 65, 69, 75, 76, 78]",29
114071486,2025-12-19,"[5, 11, 18, 19, 23, 25, 26, 27, 28, 32, 38, 40, 44, 53, 55, 61, 62, 72, 75, 76]",30
114071487,2025-12-19,"[2, 3, 4, 14, 15, 20, 28, 29, 44, 47, 48, 49, 50, 55, 56, 60, 61, 68, 75, 79]",31
114071488,2025-12-19,"[8, 13, 15, 16, 19, 23, 27, 33, 39, 43, 47, 51, 57, 60, 62, 65, 70, 77, 79, 80]",32
114071489,2025-12-19,"[7, 8, 12, 21, 23, 26, 27, 34, 36, 37, 53, 55, 57, 60, 63, 64, 69, 71, 74, 80]",33
114071490,2025-12-19,"[6, 8, 14, 21, 23, 24, 27, 31, 34, 39, 44, 50, 54, 61, 64, 65, 70, 74, 78, 79]",34
114071491,2025-12-19,"[5, 13, 15, 22, 26, 28, 29, 32, 33, 42, 44, 46, 47, 55, 58, 61, 65, 74, 75, 76]",35
114071492,2025-12-19,"[4, 6, 9, 23, 26, 33, 35, 38, 39, 41, 42, 45, 49, 52, 54, 56, 62, 63, 74, 80]",36
114071493,2025-12-19,"[1, 4, 5, 6, 13, 18, 22, 25, 29, 33, 47, 51, 56, 58, 61, 65, 67, 69, 76, 80]",37
114071494,2025-12-19,"[13, 14, 15, 21, 23, 24, 32, 33, 37, 39, 44, 46, 47, 53, 54, 64, 69, 72, 74, 77]",38
114071495,2025-12-19,"[4, 5, 8, 10, 11, 17, 19, 24, 25, 26, 31, 39, 48, 49, 52, 61, 63, 68, 71, 78]",39
114071496,2025-12-19,"[11, 14, 16, 18, 21, 28, 31, 33, 45, 46, 47, 50, 52, 55, 59, 65, 67, 69, 72, 79]",40
114071497,2025-12-19,"[1, 2, 4, 12, 15, 17, 18, 21, 30, 32, 39, 48, 49, 60, 62, 63, 67, 68, 69, 77]",41
114071498,2025-12-19,"[2, 11, 16, 17, 22, 27, 30, 32, 33, 37, 39, 42, 45, 52, 55, 59, 63, 71, 72, 80]",42
114071499,2025-12-19,"[2, 7, 9, 13, 15, 22, 25, 29, 32, 36, 49, 53, 54, 55, 57, 61, 63, 70, 74, 79]",43
114071500,2025-12-19,"[2, 6, 11, 12, 13, 18, 20, 21, 27, 29, 32, 33, 34, 40, 44, 49, 53, 57, 63, 74]",44
114071501,2025-12-19,"[7, 8, 19, 20, 22, 25, 26, 27, 30, 34, 43, 50, 56, 57, 68, 69, 71, 74, 76, 79]",45
114071502,2025-12-19,"[11, 19, 22, 23, 24, 26, 27, 33, 43, 44, 47, 50, 51, 58, 61, 69, 71, 73, 76, 78]",46
114071503,2025-12-19,"[18, 29, 34, 35, 36, 40, 42, 43, 47, 48, 50, 51, 57, 60, 63, 64, 66, 73, 79, 80]",47
114071504,2025-12-19,"[1, 7, 11, 17, 18, 20, 22, 23, 30, 32, 34, 40, 42, 43, 45, 65, 67, 68, 70, 72]",48
114071505,2025-12-19,"[7, 16, 19, 22, 28, 33, 36, 40, 49, 57, 60, 61, 64, 69, 71, 74, 75, 76, 78, 80]",49
114071506,2025-12-19,"[5, 7, 11, 17, 29, 31, 35, 37, 40, 43, 45, 47, 48, 51, 58, 62, 63, 66, 67, 77]",50
114071507,2025-12-19,"[1, 2, 9, 19, 21, 25, 39, 46, 50, 55, 56, 57, 58, 60, 65, 66, 69, 71, 73, 76]",51
114071508,2025-12-19,"[1, 2, 3, 8, 9, 11, 16, 21, 22, 35, 38, 40, 49, 59, 60, 61, 62, 69, 74, 75]",52
114071509,2025-12-19,"[11, 12, 14, 20, 21, 24, 30, 33, 35, 37, 40, 41, 46, 47, 53, 58, 63, 70, 75, 80]",53
114071510,2025-12-19,"[3, 4, 14, 16, 18, 19, 26, 31, 33, 39, 47, 49, 50, 52, 53, 55, 61, 67, 72, 80]",54
114071511,2025-12-19,"[3, 8, 9, 13, 17, 18, 21, 23, 24, 26, 30, 35, 44, 45, 50, 60, 61, 70, 79, 80]",55
114071512,2025-12-19,"[3, 13, 17, 23, 26, 31, 33, 38, 41, 45, 46, 50, 51, 54, 56, 59, 74, 76, 78, 79]",56
114071513,2025-12-19,"[5, 7, 14, 18, 22, 25, 26, 30, 34, 35, 37, 43, 44, 45, 52, 58, 60, 67, 76, 80]",57
114071514,2025-12-19,"[4, 13, 14, 16, 18, 22, 24, 30, 31, 34, 36, 41, 49, 53, 54, 64, 70, 71, 75, 78]",58
114071515,2025-12-19,"[2, 5, 15, 16, 18, 33, 34, 36, 41, 42, 45, 46, 55, 58, 66, 70, 71, 77, 78, 79]",59
114071516,2025-12-19,"[9, 11, 17, 20, 21, 23, 28, 32, 35, 37, 38, 40, 41, 43, 47, 48, 51, 61, 66, 70]",60
114071517,2025-12-19,"[6, 11, 12, 14, 21, 22, 24, 30, 32, 33, 34, 42, 53, 63, 69, 70, 71, 73, 78, 79]",61
114071518,2025-12-19,"[1, 2, 9, 12, 16, 17, 19, 27, 28, 30, 33, 34, 35, 40, 41, 60, 62, 66, 73, 77]",62
114071519,2025-12-19,"[4, 9, 10, 13, 14, 15, 20, 27, 29, 36, 40, 44, 48, 53, 55, 59, 64, 75, 77, 79]",63
114071520,2025-12-19,"[10, 14, 15, 17, 20, 25, 33, 36, 38, 39, 40, 42, 45, 59, 61, 63, 72, 74, 78, 79]",64
114071521,2025-12-19,"[2, 12, 17, 20, 22, 25, 28, 30, 38, 42, 44, 45, 53, 58, 59, 62, 64, 66, 73, 79]",65
114071522,2025-12-19,"[12, 19, 20, 22, 25, 27, 31, 35, 36, 38, 40, 41, 49, 50, 52, 53, 55, 62, 67, 78]",66
114071523,2025-12-19,"[3, 5, 17, 21, 25, 32, 36, 38, 41, 51, 54, 56, 62, 64, 66, 68, 69, 75, 76, 80]",67
114071524,2025-12-19,"[1, 2, 6, 14, 20, 21, 32, 33, 38, 39, 47, 49, 53, 59, 61, 64, 65, 74, 76, 79]",68
114071525,2025-12-19,"[11, 22, 24, 28, 34, 35, 37, 38, 40, 44, 45, 49, 50, 52, 55, 56, 68, 74, 79, 80]",69
114071526,2025-12-19,"[4, 6, 10, 15, 16, 17, 18, 27, 34, 35, 38, 41, 46, 57, 61, 62, 70, 72, 73, 80]",70
114071527,2025-12-19,"[14, 15, 21, 22, 25, 26, 29, 34, 40, 41, 44, 48, 49, 57, 68, 69, 70, 71, 72, 73]",71
114071528,2025-12-19,"[4, 9, 11, 13, 42, 44, 47, 48, 49, 50, 52, 53, 56, 58, 61, 62, 68, 69, 71, 75]",72
114071529,2025-12-19,"[6, 7, 8, 14, 15, 16, 18, 19, 26, 30, 36, 39, 40, 41, 48, 62, 69, 72, 74, 75]",73
114071530,2025-12-19,"[1, 2, 14, 15, 16, 25, 28, 29, 34, 39, 40, 42, 58, 61, 65, 66, 69, 71, 72, 78]",74
114071531,2025-12-19,"[5, 10, 21, 23, 24, 25, 29, 31, 34, 35, 36, 37, 39, 41, 50, 53, 54, 58, 66, 72]",75
114071532,2025-12-19,"[1, 8, 17, 18, 24, 32, 33, 37, 41, 42, 47, 49, 55, 56, 58, 59, 64, 66, 69, 74]",76
114071533,2025-12-19,"[4, 7, 15, 19, 20, 22, 31, 32, 34, 38, 42, 44, 47, 48, 49, 50, 54, 61, 77, 79]",77
114071534,2025-12-19,"[2, 12, 14, 17, 21, 25, 28, 30, 31, 36, 37, 38, 41, 42, 50, 53, 68, 72, 74, 79]",78
114071535,2025-12-19,"[3, 9, 20, 24, 28, 33, 41, 42, 46, 47, 48, 50, 51, 53, 61, 69, 70, 76, 77, 78]",79
114071536,2025-12-19,"[2, 3, 9, 16, 26, 28, 31, 40, 44, 45, 50, 52, 57, 58, 63, 72, 73, 75, 76, 79]",80
114071537,2025-12-19,"[8, 9, 10, 15, 20, 29, 31, 32, 41, 43, 51, 52, 53, 54, 55, 60, 64, 68, 75, 79]",81
114071538,2025-12-19,"[7, 11, 13, 16, 19, 20, 25, 26, 29, 31, 33, 34, 36, 45, 46, 50, 53, 62, 65, 74]",82
114071539,2025-12-19,"[4, 7, 12, 16, 17, 19, 27, 44, 50, 51, 52, 54, 59, 62, 67, 69, 70, 72, 75, 78]",83
114071540,2025-12-19,"[1, 4, 5, 6, 13, 16, 29, 30, 31, 33, 34, 38, 40, 41, 48, 60, 69, 73, 79, 80]",84
114071541,2025-12-19,"[15, 18, 19, 20, 21, 23, 27, 32, 33, 38, 40, 45, 51, 57, 58, 67, 70, 71, 74, 77]",85
114071542,2025-12-19,"[3, 5, 6, 8, 10, 12, 22, 30, 41, 47, 48, 52, 54, 57, 59, 64, 66, 70, 73, 80]",86
114071543,2025-12-19,"[3, 11, 16, 20, 21, 22, 24, 27, 30, 31, 32, 33, 39, 57, 59, 63, 66, 69, 75, 80]",87
114071544,2025-12-19,"[7, 10, 19, 24, 32, 36, 38, 40, 41, 43, 45, 51, 53, 55, 71, 73, 75, 76, 79, 80]",88
114071545,2025-12-19,"[6, 11, 12, 13, 16, 20, 23, 27, 28, 39, 43, 44, 49, 50, 53, 60, 61, 68, 69, 74]",89
114071546,2025-12-19,"[4, 7, 10, 11, 32, 33, 36, 41, 42, 45, 50, 51, 53, 55, 57, 60, 70, 71, 78, 79]",90
114071547,2025-12-19,"[5, 6, 7, 8, 23, 24, 29, 44, 46, 47, 48, 50, 52, 55, 61, 62, 64, 73, 74, 78]",91
114071548,2025-12-19,"[1, 3, 5, 9, 17, 19, 22, 28, 31, 35, 36, 39, 43, 50, 54, 57, 62, 68, 70, 73]",92
114071549,2025-12-19,"[3, 5, 11, 12, 19, 22, 25, 35, 42, 48, 52, 53, 54, 60, 61, 66, 69, 76, 78, 80]",93
114071550,2025-12-19,"[4, 5, 6, 11, 12, 16, 21, 28, 35, 37, 38, 39, 44, 47, 48, 54, 57, 60, 75, 79]",94
114071551,2025-12-19,"[4, 5, 17, 26, 27, 30, 33, 40, 41, 43, 45, 46, 47, 48, 52, 53, 62, 65, 67, 77]",95
114071552,2025-12-19,"[1, 2, 6, 12, 21, 22, 24, 39, 46, 47, 49, 51, 56, 61, 63, 64, 65, 73, 74, 80]",96
114071553,2025-12-19,"[2, 3, 15, 17, 29, 35, 39, 43, 45, 46, 49, 50, 51, 53, 58, 61, 68, 72, 77, 80]",97
114071554,2025-12-19,"[6, 14, 16, 19, 20, 22, 26, 28, 32, 36, 37, 41, 48, 49, 53, 55, 62, 68, 69, 75]",98
114071555,2025-12-19,"[1, 2, 5, 10, 11, 17, 19, 21, 23, 33, 40, 41, 45, 51, 53, 54, 60, 75, 78, 79]",99
114071556,2025-12-19,"[4, 12, 14, 18, 20, 22, 23, 24, 32, 33, 41, 47, 48, 49, 55, 59, 66, 71, 73, 74]",100
114071557,2025-12-19,"[3, 4, 7, 16, 18, 20, 21, 25, 27, 33, 34, 38, 46, 47, 57, 61, 66, 67, 74, 75]",101
114071558,2025-12-19,"[1, 10, 18, 19, 21, 23, 33, 34, 39, 46, 47, 52, 55, 58, 62, 72, 73, 74, 78, 80]",102
114071559,2025-12-19,"[3, 9, 10, 14, 16, 18, 20, 26, 31, 34, 43, 46, 48, 53, 57, 61, 64, 69, 72, 76]",103
114071560,2025-12-19,"[2, 7, 12, 14, 17, 25, 30, 32, 37, 41, 44, 51, 52, 57, 59, 61, 63, 65, 73, 77]",104
114071561,2025-12-19,"[4, 5, 6, 7, 8, 10, 13, 14, 19, 22, 30, 36, 42, 49, 53, 56, 64, 65, 67, 73]",105
114071562,2025-12-19,"[1, 13, 20, 23, 27, 29, 39, 41, 51, 52, 54, 58, 60, 65, 67, 68, 72, 76, 77, 80]",106
114071563,2025-12-19,"[3, 6, 8, 9, 19, 22, 27, 29, 30, 33, 40, 43, 46, 48, 55, 59, 61, 62, 72, 78]",107
114071564,2025-12-19,"[3, 10, 11, 19, 23, 28, 29, 32, 36, 40, 43, 46, 49, 50, 54, 55, 65, 71, 73, 74]",108
114071565,2025-12-19,"[4, 11, 14, 18, 22, 25, 26, 38, 40, 43, 44, 46, 53, 58, 64, 69, 70, 71, 73, 77]",109
114071566,2025-12-19,"[2, 8, 15, 16, 23, 25, 28, 29, 42, 43, 45, 48, 50, 51, 57, 61, 70, 72, 74, 80]",110
114071567,2025-12-19,"[3, 7, 9, 11, 19, 24, 27, 28, 33, 37, 38, 43, 44, 45, 46, 62, 65, 67, 73, 74]",111
114071568,2025-12-19,"[3, 4, 8, 13, 14, 15, 16, 23, 24, 25, 49, 50, 51, 56, 60, 62, 63, 66, 74, 76]",112
114071569,2025-12-19,"[1, 5, 7, 13, 20, 25, 35, 37, 47, 52, 53, 54, 62, 66, 67, 68, 69, 71, 74, 76]",113
114071570,2025-12-19,"[3, 11, 16, 24, 25, 38, 40, 43, 46, 49, 56, 58, 64, 65, 68, 70, 71, 76, 78, 79]",114
114071571,2025-12-19,"[4, 17, 18, 23, 24, 28, 32, 39, 44, 50, 51, 63, 68, 70, 71, 73, 74, 76, 77, 79]",115
114071572,2025-12-19,"[1, 6, 17, 18, 23, 27, 28, 33, 37, 41, 42, 44, 57, 61, 63, 65, 70, 77, 78, 79]",116
114071573,2025-12-19,"[7, 11, 22, 23, 24, 25, 26, 27, 29, 30, 34, 36, 46, 47, 50, 53, 56, 58, 66, 71]",117
114071574,2025-12-19,"[6, 8, 14, 16, 18, 23, 24, 25, 33, 37, 38, 40, 49, 51, 54, 59, 63, 72, 73, 74]",118
114071575,2025-12-19,"[2, 5, 14, 22, 32, 35, 41, 48, 49, 50, 52, 59, 62, 63, 64, 66, 68, 69, 72, 79]",119
114071576,2025-12-19,"[8, 12, 13, 20, 21, 36, 37, 41, 42, 47, 48, 49, 54, 57, 62, 64, 65, 68, 70, 76]",120
114071577,2025-12-19,"[1, 5, 8, 10, 18, 19, 26, 31, 34, 39, 40, 48, 53, 54, 56, 58, 59, 71, 74, 80]",121
114071578,2025-12-19,"[1, 10, 17, 18, 22, 25, 26, 29, 38, 39, 40, 45, 51, 53, 66, 67, 70, 72, 73, 74]",122
114071579,2025-12-19,"[1, 15, 25, 28, 30, 33, 35, 38, 43, 50, 51, 53, 55, 57, 58, 63, 67, 74, 76, 80]",123
114071580,2025-12-19,"[2, 7, 9, 10, 17, 18, 21, 27, 29, 32, 41, 42, 47, 50, 54, 58, 62, 63, 64, 75]",124
114071581,2025-12-19,"[3, 4, 7, 9, 10, 11, 14, 24, 29, 30, 34, 39, 42, 43, 54, 58, 60, 63, 64, 80]",125
114071582,2025-12-19,"[9, 11, 17, 18, 19, 21, 25, 29, 34, 41, 42, 45, 47, 50, 51, 68, 69, 73, 76, 78]",126
114071583,2025-12-19,"[2, 6, 9, 12, 18, 28, 33, 34, 35, 37, 44, 54, 63, 66, 69, 70, 73, 74, 75, 77]",127
114071584,2025-12-19,"[2, 5, 13, 14, 23, 25, 26, 27, 41, 47, 56, 63, 68, 69, 70, 71, 73, 74, 76, 79]",128
114071585,2025-12-19,"[1, 9, 11, 19, 25, 29, 31, 34, 38, 41, 45, 50, 51, 56, 61, 64, 65, 67, 68, 76]",129
114071586,2025-12-19,"[3, 6, 8, 10, 13, 18, 20, 26, 31, 35, 45, 55, 61, 62, 68, 70, 72, 73, 74, 76]",130
114071587,2025-12-19,"[2, 3, 10, 12, 22, 32, 36, 38, 42, 43, 45, 46, 52, 59, 62, 66, 68, 71, 72, 80]",131
114071588,2025-12-19,"[1, 10, 12, 15, 19, 21, 24, 29, 30, 34, 35, 37, 38, 39, 42, 43, 49, 50, 60, 66]",132
114071589,2025-12-19,"[6, 10, 12, 13, 21, 27, 28, 33, 39, 40, 49, 50, 51, 54, 61, 69, 70, 72, 77, 80]",133
114071590,2025-12-19,"[5, 6, 10, 12, 13, 15, 17, 22, 29, 30, 32, 35, 38, 45, 46, 47, 54, 62, 72, 74]",134
114071591,2025-12-19,"[1, 3, 6, 10, 15, 17, 22, 28, 36, 48, 49, 55, 56, 58, 60, 64, 67, 72, 74, 79]",135
114071592,2025-12-19,"[6, 11, 19, 23, 26, 29, 30, 32, 37, 40, 42, 47, 50, 51, 65, 70, 72, 74, 78, 79]",136
114071593,2025-12-19,"[2, 12, 16, 20, 23, 26, 28, 31, 34, 39, 48, 57, 68, 70, 71, 74, 76, 77, 78, 79]",137
114071594,2025-12-19,"[1, 3, 5, 10, 23, 28, 35, 37, 41, 44, 45, 46, 49, 50, 52, 54, 56, 70, 75, 80]",138
114071595,2025-12-19,"[10, 19, 20, 24, 26, 37, 42, 46, 50, 54, 55, 66, 67, 70, 72, 74, 75, 77, 78, 80]",139
114071596,2025-12-19,"[1, 16, 19, 27, 29, 33, 34, 39, 41, 44, 47, 50, 55, 56, 64, 68, 70, 71, 77, 78]",140
114071597,2025-12-19,"[1, 5, 15, 16, 17, 18, 19, 20, 22, 29, 34, 41, 54, 61, 62, 64, 69, 71, 72, 77]",141
114071598,2025-12-19,"[3, 6, 8, 19, 23, 26, 29, 30, 39, 41, 45, 48, 51, 52, 56, 63, 64, 68, 69, 77]",142
114071599,2025-12-19,"[1, 2, 7, 15, 17, 19, 21, 28, 33, 37, 38, 42, 46, 51, 52, 59, 63, 67, 74, 77]",143
114071600,2025-12-19,"[1, 8, 11, 20, 23, 27, 34, 37, 38, 44, 47, 50, 55, 57, 63, 68, 70, 71, 74, 80]",144
114071601,2025-12-19,"[3, 6, 8, 12, 14, 15, 16, 18, 21, 36, 38, 42, 47, 52, 57, 62, 70, 71, 77, 80]",145
114071602,2025-12-19,"[2, 4, 6, 9, 12, 14, 15, 16, 17, 26, 27, 29, 30, 35, 36, 40, 46, 48, 58, 73]",146
114071603,2025-12-19,"[2, 3, 6, 7, 9, 11, 24, 28, 32, 36, 41, 42, 43, 45, 49, 58, 62, 64, 72, 80]",147
114071604,2025-12-19,"[11, 27, 30, 32, 34, 36, 40, 44, 52, 54, 55, 56, 59, 60, 61, 62, 73, 75, 76, 77]",148
114071605,2025-12-19,"[3, 5, 7, 12, 14, 19, 21, 27, 34, 36, 40, 41, 42, 53, 55, 60, 62, 66, 71, 74]",149
114071606,2025-12-19,"[3, 8, 17, 19, 20, 27, 29, 31, 33, 34, 44, 45, 47, 53, 61, 63, 67, 68, 69, 76]",150
114071607,2025-12-19,"[3, 5, 8, 14, 22, 25, 27, 31, 33, 34, 39, 46, 47, 55, 58, 69, 70, 71, 74, 79]",151
114071608,2025-12-19,"[2, 4, 5, 6, 7, 10, 12, 15, 16, 24, 26, 32, 36, 37, 43, 44, 50, 54, 64, 78]",152
114071609,2025-12-19,"[3, 6, 13, 14, 15, 20, 22, 32, 33, 39, 40, 43, 45, 52, 54, 62, 67, 70, 75, 80]",153
114071610,2025-12-19,"[1, 5, 6, 15, 16, 19, 30, 33, 35, 36, 37, 43, 44, 52, 55, 62, 72, 73, 77, 78]",154
114071611,2025-12-19,"[8, 12, 13, 18, 19, 22, 24, 29, 31, 33, 35, 44, 46, 48, 51, 52, 53, 57, 70, 75]",155
114071612,2025-12-19,"[5, 6, 8, 14, 15, 20, 23, 27, 29, 37, 40, 45, 48, 49, 52, 58, 62, 68, 73, 80]",156
114071613,2025-12-19,"[1, 6, 9, 13, 14, 23, 24, 32, 46, 58, 60, 62, 63, 66, 74, 76, 77, 78, 79, 80]",157
114071614,2025-12-19,"[1, 2, 3, 18, 20, 21, 25, 26, 28, 32, 33, 42, 46, 56, 61, 66, 68, 77, 78, 80]",158
114071615,2025-12-19,"[3, 7, 18, 21, 34, 35, 41, 46, 47, 49, 55, 58, 59, 64, 66, 68, 72, 75, 78, 79]",159
114071616,2025-12-19,"[6, 15, 16, 27, 34, 36, 39, 42, 43, 48, 49, 55, 60, 61, 68, 69, 73, 76, 78, 80]",160
114071617,2025-12-19,"[12, 13, 22, 26, 27, 29, 35, 39, 41, 42, 46, 48, 53, 55, 56, 58, 59, 64, 67, 79]",161
114071618,2025-12-19,"[1, 8, 9, 13, 14, 18, 19, 24, 26, 29, 31, 32, 35, 36, 40, 47, 49, 56, 62, 76]",162
114071619,2025-12-19,"[26, 29, 33, 35, 36, 38, 40, 42, 45, 48, 50, 53, 54, 57, 60, 71, 72, 76, 78, 79]",163
114071620,2025-12-19,"[6, 17, 18, 23, 24, 25, 27, 28, 32, 33, 34, 36, 40, 46, 47, 51, 52, 58, 75, 80]",164
114071621,2025-12-19,"[2, 4, 7, 8, 15, 16, 20, 22, 24, 28, 38, 44, 46, 51, 55, 58, 60, 65, 66, 75]",165
114071622,2025-12-19,"[9, 14, 19, 29, 31, 32, 39, 41, 43, 44, 46, 50, 51, 54, 55, 57, 69, 70, 74, 77]",166
114071623,2025-12-19,"[8, 9, 13, 17, 24, 26, 27, 32, 33, 34, 36, 40, 43, 50, 52, 53, 62, 72, 76, 79]",167
114071624,2025-12-19,"[3, 4, 7, 14, 17, 19, 20, 23, 24, 26, 42, 46, 49, 51, 53, 56, 61, 67, 68, 77]",168
114071625,2025-12-19,"[2, 8, 14, 16, 18, 21, 22, 28, 31, 34, 38, 46, 47, 48, 55, 61, 65, 69, 72, 80]",169
114071626,2025-12-19,"[5, 7, 9, 10, 18, 19, 22, 23, 27, 30, 35, 38, 41, 42, 43, 44, 54, 59, 72, 73]",170
114071627,2025-12-19,"[5, 7, 15, 22, 25, 26, 28, 29, 38, 39, 46, 47, 51, 52, 54, 56, 64, 66, 73, 75]",171
114071628,2025-12-19,"[8, 9, 10, 11, 14, 17, 22, 25, 26, 31, 47, 50, 52, 56, 58, 64, 65, 67, 74, 77]",172
114071629,2025-12-19,"[10, 12, 13, 14, 25, 30, 39, 41, 44, 47, 50, 51, 54, 61, 65, 69, 70, 71, 74, 78]",173
114071630,2025-12-19,"[4, 7, 9, 10, 14, 15, 18, 22, 28, 34, 35, 38, 39, 46, 54, 59, 60, 66, 77, 80]",174
114071631,2025-12-19,"[6, 10, 18, 22, 23, 24, 27, 28, 36, 37, 39, 43, 44, 47, 58, 64, 65, 74, 76, 79]",175
114071632,2025-12-19,"[1, 6, 17, 18, 20, 21, 22, 24, 25, 30, 43, 49, 56, 58, 59, 61, 62, 67, 68, 80]",176
114071633,2025-12-19,"[3, 5, 8, 13, 14, 16, 20, 28, 30, 32, 35, 47, 50, 54, 68, 73, 75, 76, 77, 79]",177
114071634,2025-12-19,"[1, 2, 5, 9, 11, 13, 14, 20, 24, 25, 34, 36, 45, 52, 53, 61, 65, 69, 75, 80]",178
114071635,2025-12-19,"[2, 10, 17, 18, 19, 20, 26, 32, 33, 42, 50, 57, 60, 64, 67, 69, 73, 74, 78, 80]",179
114071636,2025-12-19,"[8, 13, 15, 22, 24, 26, 32, 35, 38, 40, 42, 43, 45, 47, 48, 52, 58, 59, 74, 78]",180
114071637,2025-12-19,"[1, 2, 4, 8, 15, 17, 19, 20, 27, 30, 33, 34, 38, 41, 46, 47, 60, 61, 63, 65]",181
114071638,2025-12-19,"[9, 12, 24, 26, 32, 34, 40, 41, 42, 47, 49, 52, 53, 57, 64, 65, 67, 70, 73, 80]",182
114071639,2025-12-19,"[7, 10, 12, 16, 26, 29, 34, 38, 39, 43, 44, 46, 55, 61, 64, 69, 70, 75, 77, 78]",183
114071640,2025-12-19,"[8, 11, 12, 16, 18, 22, 25, 29, 30, 38, 39, 53, 55, 57, 60, 69, 70, 72, 74, 76]",184
114071641,2025-12-19,"[9, 11, 15, 16, 22, 23, 26, 27, 40, 46, 47, 48, 52, 58, 59, 66, 69, 72, 73, 76]",185
114071642,2025-12-19,"[1, 4, 6, 7, 9, 10, 16, 35, 38, 41, 50, 51, 52, 54, 64, 66, 67, 69, 72, 73]",186
114071643,2025-12-19,"[4, 6, 7, 10, 11, 12, 16, 27, 28, 30, 37, 41, 43, 52, 53, 55, 59, 64, 76, 78]",187
114071644,2025-12-19,"[1, 4, 5, 14, 15, 27, 31, 34, 38, 43, 44, 49, 52, 56, 59, 61, 68, 73, 77, 78]",188
114071645,2025-12-19,"[4, 7, 9, 21, 26, 28, 33, 41, 49, 51, 54, 57, 58, 62, 63, 64, 72, 74, 75, 80]",189
114071646,2025-12-19,"[1, 6, 10, 12, 15, 16, 22, 26, 30, 31, 37, 40, 41, 45, 47, 49, 53, 54, 64, 70]",190
114071647,2025-12-19,"[7, 9, 14, 24, 26, 41, 43, 45, 46, 49, 52, 58, 60, 61, 62, 65, 66, 70, 74, 80]",191
114071648,2025-12-19,"[10, 11, 12, 19, 21, 26, 27, 31, 37, 41, 42, 46, 53, 55, 58, 59, 62, 68, 72, 74]",192
114071649,2025-12-19,"[10, 15, 16, 17, 19, 25, 33, 41, 46, 47, 48, 51, 56, 57, 61, 62, 69, 72, 74, 76]",193
114071650,2025-12-19,"[7, 8, 11, 12, 16, 17, 18, 21, 26, 27, 32, 36, 37, 58, 71, 74, 76, 77, 78, 80]",194
114071651,2025-12-19,"[2, 4, 5, 6, 7, 12, 19, 20, 24, 32, 35, 39, 40, 42, 50, 57, 61, 67, 70, 73]",195
114071652,2025-12-19,"[4, 5, 6, 7, 8, 16, 17, 18, 33, 42, 50, 51, 53, 55, 60, 67, 68, 69, 71, 77]",196
114071653,2025-12-19,"[1, 2, 5, 11, 13, 25, 30, 34, 44, 48, 49, 51, 62, 64, 68, 69, 70, 71, 73, 80]",197
114071654,2025-12-19,"[2, 14, 17, 24, 37, 42, 43, 44, 45, 48, 49, 51, 53, 61, 65, 68, 70, 74, 75, 78]",198
114071655,2025-12-19,"[5, 7, 9, 11, 13, 19, 20, 24, 30, 33, 35, 43, 44, 50, 53, 57, 65, 68, 73, 80]",199
114071656,2025-12-19,"[6, 7, 8, 12, 19, 22, 24, 25, 37, 42, 43, 47, 52, 56, 57, 58, 60, 69, 73, 74]",200
114071657,2025-12-19,"[2, 7, 11, 12, 16, 18, 23, 32, 34, 41, 42, 47, 48, 51, 54, 56, 60, 71, 74, 75]",201
114071658,2025-12-19,"[4, 7, 9, 11, 15, 23, 27, 34, 37, 40, 41, 45, 48, 49, 63, 64, 66, 68, 71, 80]",202
114071659,2025-12-19,"[2, 3, 5, 14, 15, 18, 20, 23, 25, 32, 36, 40, 48, 54, 55, 57, 70, 72, 74, 78]",203
114071660,2025-12-20,"[1, 3, 12, 17, 20, 21, 22, 27, 33, 40, 42, 44, 45, 52, 53, 60, 66, 71, 77, 78]",1
114071661,2025-12-20,"[2, 8, 11, 13, 16, 18, 26, 27, 29, 30, 35, 43, 49, 52, 57, 60, 68, 73, 74, 76]",2
114071662,2025-12-20,"[13, 15, 17, 21, 23, 24, 33, 35, 38, 44, 47, 52, 53, 58, 61, 65, 66, 67, 68, 70]",3
114071663,2025-12-20,"[1, 6, 9, 10, 14, 15, 16, 19, 20, 28, 35, 39, 40, 45, 53, 66, 68, 71, 78, 79]",4
114071664,2025-12-20,"[5, 6, 9, 11, 15, 17, 19, 23, 25, 27, 29, 35, 40, 42, 43, 44, 45, 71, 75, 79]",5
114071665,2025-12-20,"[5, 6, 12, 22, 27, 33, 37, 40, 41, 42, 45, 50, 54, 55, 65, 66, 69, 70, 75, 79]",6
114071666,2025-12-20,"[3, 5, 7, 8, 15, 17, 20, 26, 36, 39, 42, 43, 46, 47, 55, 59, 62, 63, 73, 79]",7
114071667,2025-12-20,"[3, 4, 8, 17, 24, 35, 38, 39, 40, 45, 47, 48, 50, 55, 57, 58, 61, 63, 73, 78]",8
114071668,2025-12-20,"[2, 3, 4, 9, 10, 19, 24, 33, 36, 40, 41, 42, 43, 44, 46, 48, 55, 69, 72, 78]",9
114071669,2025-12-20,"[1, 8, 10, 15, 16, 20, 22, 25, 26, 29, 39, 45, 46, 54, 58, 59, 64, 70, 72, 78]",10
114071670,2025-12-20,"[12, 13, 22, 24, 26, 27, 28, 36, 42, 45, 49, 53, 56, 60, 71, 72, 73, 74, 76, 77]",11
114071671,2025-12-20,"[2, 3, 4, 8, 10, 12, 17, 18, 20, 23, 29, 32, 39, 47, 55, 59, 60, 73, 74, 75]",12
114071672,2025-12-20,"[4, 8, 17, 19, 24, 30, 33, 38, 41, 42, 43, 48, 51, 58, 63, 66, 68, 72, 73, 77]",13
114071673,2025-12-20,"[1, 6, 10, 11, 13, 20, 28, 37, 42, 43, 44, 46, 49, 63, 64, 69, 73, 75, 79, 80]",14
114071674,2025-12-20,"[3, 6, 8, 10, 12, 13, 14, 16, 18, 21, 26, 33, 34, 38, 41, 51, 52, 66, 72, 76]",15
114071675,2025-12-20,"[2, 5, 17, 20, 24, 25, 27, 30, 33, 37, 39, 41, 49, 52, 60, 64, 66, 67, 76, 78]",16
114071676,2025-12-20,"[2, 4, 7, 8, 11, 17, 27, 33, 34, 36, 37, 47, 54, 55, 56, 60, 65, 68, 69, 71]",17
114071677,2025-12-20,"[3, 5, 7, 9, 10, 21, 24, 35, 42, 46, 47, 49, 56, 59, 64, 65, 66, 71, 74, 75]",18
114071678,2025-12-20,"[1, 2, 6, 11, 16, 33, 37, 40, 45, 55, 56, 58, 60, 61, 63, 75, 76, 78, 79, 80]",19
114071679,2025-12-20,"[1, 2, 3, 11, 12, 13, 21, 32, 34, 37, 39, 52, 55, 56, 60, 61, 63, 70, 73, 74]",20
114071680,2025-12-20,"[3, 4, 14, 16, 20, 22, 23, 30, 31, 32, 37, 46, 47, 48, 50, 52, 55, 70, 72, 75]",21
114071681,2025-12-20,"[1, 11, 14, 16, 17, 18, 21, 23, 28, 38, 40, 47, 52, 58, 63, 71, 72, 73, 78, 79]",22
114071682,2025-12-20,"[1, 2, 6, 9, 23, 35, 39, 43, 49, 55, 57, 59, 63, 65, 67, 71, 72, 74, 77, 79]",23
114071683,2025-12-20,"[1, 6, 11, 12, 17, 27, 39, 40, 41, 47, 48, 50, 55, 58, 59, 64, 66, 72, 74, 77]",24
114071684,2025-12-20,"[13, 24, 25, 32, 37, 42, 44, 51, 55, 59, 63, 66, 70, 71, 72, 73, 74, 76, 78, 80]",25
114071685,2025-12-20,"[3, 11, 14, 16, 23, 31, 33, 35, 36, 37, 38, 41, 44, 50, 54, 63, 66, 76, 79, 80]",26
114071686,2025-12-20,"[4, 6, 9, 16, 19, 20, 31, 33, 36, 40, 43, 45, 47, 50, 51, 53, 64, 72, 76, 79]",27
114071687,2025-12-20,"[12, 14, 17, 24, 33, 35, 37, 44, 45, 47, 52, 56, 59, 62, 63, 64, 69, 70, 77, 79]",28
114071688,2025-12-20,"[3, 4, 6, 10, 11, 17, 19, 25, 29, 30, 36, 38, 48, 53, 55, 56, 72, 74, 77, 80]",29
114071689,2025-12-20,"[1, 2, 6, 7, 8, 9, 22, 29, 32, 33, 44, 46, 55, 58, 62, 67, 68, 69, 71, 74]",30
114071690,2025-12-20,"[2, 12, 13, 16, 19, 23, 28, 31, 32, 35, 39, 41, 45, 46, 49, 54, 55, 60, 62, 78]",31
114071691,2025-12-20,"[1, 7, 9, 13, 18, 23, 24, 25, 29, 30, 31, 33, 36, 38, 53, 57, 60, 73, 77, 80]",32
114071692,2025-12-20,"[3, 8, 19, 21, 22, 26, 30, 35, 36, 40, 43, 45, 50, 55, 59, 66, 67, 73, 74, 79]",33
114071693,2025-12-20,"[7, 11, 13, 14, 20, 21, 28, 31, 34, 37, 40, 41, 48, 51, 55, 57, 59, 60, 75, 77]",34
114071694,2025-12-20,"[5, 8, 15, 25, 28, 29, 36, 38, 40, 43, 48, 49, 54, 55, 61, 65, 72, 74, 79, 80]",35
114071695,2025-12-20,"[6, 9, 11, 19, 29, 33, 34, 35, 37, 41, 43, 49, 51, 53, 60, 66, 74, 78, 79, 80]",36
114071696,2025-12-20,"[6, 9, 14, 15, 18, 20, 21, 24, 41, 43, 49, 55, 58, 60, 68, 71, 73, 76, 79, 80]",37
114071697,2025-12-20,"[1, 2, 4, 11, 14, 18, 33, 39, 44, 52, 53, 55, 56, 59, 60, 61, 63, 69, 70, 76]",38
114071698,2025-12-20,"[15, 16, 24, 28, 32, 41, 47, 53, 57, 59, 62, 63, 65, 68, 71, 73, 74, 76, 77, 80]",39
114071699,2025-12-20,"[1, 8, 10, 13, 15, 16, 25, 27, 34, 35, 37, 46, 47, 53, 60, 63, 68, 70, 71, 80]",40
114071700,2025-12-20,"[6, 7, 8, 13, 15, 16, 19, 20, 21, 23, 24, 29, 41, 48, 59, 61, 64, 65, 66, 70]",41
114071701,2025-12-20,"[5, 13, 26, 27, 34, 37, 39, 40, 43, 48, 52, 57, 63, 65, 66, 68, 69, 71, 73, 80]",42
114071702,2025-12-20,"[2, 11, 12, 14, 15, 19, 21, 34, 36, 40, 43, 46, 57, 60, 63, 67, 68, 70, 72, 80]",43
114071703,2025-12-20,"[4, 8, 17, 19, 24, 32, 34, 36, 44, 45, 49, 50, 51, 52, 53, 58, 61, 72, 75, 79]",44
114071704,2025-12-20,"[3, 9, 13, 14, 18, 22, 25, 32, 35, 36, 41, 45, 47, 52, 53, 57, 66, 69, 73, 78]",45
114071705,2025-12-20,"[5, 6, 8, 11, 12, 16, 18, 31, 34, 38, 50, 54, 59, 63, 66, 68, 70, 73, 75, 77]",46
114071706,2025-12-20,"[4, 8, 14, 18, 25, 42, 44, 57, 58, 60, 61, 62, 63, 65, 66, 71, 74, 75, 78, 80]",47
114071707,2025-12-20,"[9, 12, 14, 17, 23, 24, 28, 29, 30, 35, 37, 40, 41, 44, 60, 62, 63, 74, 77, 80]",48
114071708,2025-12-20,"[2, 4, 5, 12, 13, 18, 21, 26, 28, 36, 40, 54, 56, 59, 61, 65, 71, 72, 77, 80]",49
114071709,2025-12-20,"[1, 2, 5, 9, 14, 23, 29, 37, 41, 42, 45, 46, 48, 56, 60, 64, 71, 74, 75, 76]",50
114071710,2025-12-20,"[1, 2, 4, 9, 15, 17, 29, 31, 33, 36, 40, 42, 43, 47, 54, 56, 57, 65, 71, 73]",51
114071711,2025-12-20,"[11, 17, 32, 33, 35, 38, 39, 46, 49, 50, 53, 55, 58, 61, 63, 68, 69, 71, 73, 75]",52
114071712,2025-12-20,"[3, 12, 14, 17, 21, 23, 32, 35, 36, 39, 44, 55, 56, 58, 60, 66, 70, 76, 77, 79]",53
114071713,2025-12-20,"[4, 11, 15, 20, 21, 29, 34, 35, 37, 38, 42, 43, 52, 56, 57, 66, 69, 70, 71, 78]",54
114071714,2025-12-20,"[1, 13, 18, 29, 32, 36, 40, 41, 44, 47, 48, 51, 52, 58, 63, 65, 66, 69, 79, 80]",55
114071715,2025-12-20,"[4, 10, 11, 12, 15, 17, 18, 19, 25, 27, 33, 36, 41, 52, 58, 59, 65, 70, 71, 76]",56
114071716,2025-12-20,"[13, 14, 20, 22, 23, 29, 30, 34, 35, 37, 41, 42, 45, 55, 60, 62, 66, 67, 75, 78]",57
114071717,2025-12-20,"[2, 9, 11, 18, 20, 24, 30, 31, 32, 34, 36, 37, 41, 43, 44, 57, 59, 61, 76, 78]",58
114071718,2025-12-20,"[3, 9, 15, 16, 21, 22, 27, 30, 31, 32, 36, 49, 50, 52, 54, 58, 59, 63, 79, 80]",59
114071719,2025-12-20,"[2, 3, 5, 8, 13, 20, 21, 23, 30, 31, 40, 48, 52, 54, 55, 56, 66, 67, 71, 73]",60
114071720,2025-12-20,"[1, 5, 10, 22, 23, 27, 28, 29, 31, 33, 34, 35, 36, 51, 54, 55, 60, 62, 72, 74]",61
114071721,2025-12-20,"[1, 5, 6, 21, 28, 31, 32, 37, 45, 46, 47, 50, 53, 62, 65, 67, 74, 75, 78, 80]",62
114071722,2025-12-20,"[4, 6, 8, 11, 15, 18, 19, 27, 34, 35, 43, 48, 52, 56, 60, 65, 66, 67, 68, 70]",63
114071723,2025-12-20,"[3, 7, 11, 12, 16, 18, 23, 26, 35, 38, 39, 44, 47, 54, 56, 65, 68, 72, 74, 79]",64
114071724,2025-12-20,"[3, 12, 13, 14, 18, 23, 25, 27, 29, 37, 54, 55, 67, 69, 72, 73, 75, 77, 79, 80]",65
114071725,2025-12-20,"[1, 4, 6, 10, 11, 20, 23, 24, 26, 29, 31, 33, 36, 38, 46, 57, 67, 70, 73, 74]",66
114071726,2025-12-20,"[2, 11, 14, 17, 23, 24, 26, 27, 28, 31, 33, 35, 41, 45, 46, 50, 53, 61, 73, 74]",67
114071727,2025-12-20,"[1, 7, 10, 11, 14, 19, 23, 24, 28, 31, 34, 46, 49, 52, 57, 58, 59, 61, 63, 78]",68
114071728,2025-12-20,"[1, 2, 7, 10, 20, 25, 27, 33, 35, 44, 46, 48, 49, 53, 55, 57, 62, 66, 70, 74]",69
114071729,2025-12-20,"[6, 10, 12, 27, 28, 31, 40, 43, 44, 45, 52, 53, 54, 57, 62, 63, 64, 65, 73, 75]",70
114071730,2025-12-20,"[3, 7, 10, 11, 12, 15, 18, 29, 30, 37, 47, 52, 55, 58, 59, 63, 67, 69, 70, 74]",71
114071731,2025-12-20,"[1, 7, 10, 11, 15, 19, 22, 28, 35, 41, 42, 52, 53, 56, 59, 66, 71, 72, 75, 77]",72
114071732,2025-12-20,"[8, 15, 34, 35, 43, 45, 46, 49, 51, 52, 56, 57, 59, 61, 64, 66, 70, 71, 74, 78]",73
114071733,2025-12-20,"[1, 5, 8, 10, 12, 16, 23, 29, 32, 35, 36, 40, 43, 48, 52, 56, 62, 72, 73, 80]",74
114071734,2025-12-20,"[5, 10, 11, 32, 36, 41, 44, 47, 48, 50, 51, 52, 57, 65, 67, 72, 77, 78, 79, 80]",75
114071735,2025-12-20,"[3, 6, 14, 20, 25, 28, 31, 32, 33, 37, 42, 45, 47, 50, 56, 60, 61, 62, 72, 80]",76
114071736,2025-12-20,"[13, 15, 18, 21, 29, 36, 37, 42, 43, 47, 51, 54, 56, 58, 66, 68, 70, 73, 76, 80]",77
114071737,2025-12-20,"[3, 17, 21, 23, 27, 29, 34, 37, 41, 42, 46, 47, 49, 52, 56, 67, 70, 71, 74, 80]",78
114071738,2025-12-20,"[3, 7, 12, 18, 24, 31, 33, 37, 39, 44, 47, 49, 57, 58, 64, 66, 67, 69, 79, 80]",79
114071739,2025-12-20,"[1, 3, 5, 15, 17, 19, 32, 36, 46, 47, 49, 51, 55, 60, 61, 62, 68, 74, 78, 79]",80
114071740,2025-12-20,"[8, 9, 16, 17, 29, 33, 38, 39, 40, 43, 49, 51, 52, 55, 56, 62, 65, 66, 74, 80]",81
114071741,2025-12-20,"[1, 4, 6, 19, 22, 23, 28, 29, 37, 46, 48, 49, 52, 55, 58, 61, 63, 64, 72, 78]",82
114071742,2025-12-20,"[7, 11, 17, 20, 25, 28, 30, 38, 40, 45, 50, 55, 56, 58, 62, 66, 69, 71, 73, 79]",83
114071743,2025-12-20,"[1, 12, 15, 17, 20, 24, 29, 34, 35, 43, 44, 45, 46, 47, 50, 53, 58, 63, 67, 79]",84
114071744,2025-12-20,"[3, 5, 11, 17, 18, 19, 22, 23, 28, 32, 33, 40, 44, 49, 52, 68, 73, 74, 77, 78]",85
114071745,2025-12-20,"[4, 10, 14, 17, 26, 27, 41, 43, 47, 49, 52, 56, 58, 60, 63, 65, 66, 68, 69, 79]",86
114071746,2025-12-20,"[7, 8, 14, 17, 20, 21, 22, 23, 30, 32, 36, 42, 45, 56, 59, 61, 64, 67, 69, 74]",87
114071747,2025-12-20,"[2, 5, 8, 12, 21, 32, 33, 35, 40, 44, 50, 61, 62, 64, 66, 68, 72, 73, 76, 79]",88
114071748,2025-12-20,"[2, 4, 5, 6, 11, 16, 18, 21, 22, 25, 32, 41, 59, 60, 63, 65, 71, 72, 75, 78]",89
114071749,2025-12-20,"[4, 7, 15, 18, 19, 25, 27, 28, 32, 34, 38, 48, 51, 54, 60, 63, 65, 74, 77, 79]",90
114071750,2025-12-20,"[1, 5, 14, 17, 25, 33, 36, 39, 43, 48, 50, 53, 63, 66, 67, 71, 74, 75, 77, 79]",91
114071751,2025-12-20,"[5, 8, 9, 11, 16, 18, 29, 34, 47, 48, 51, 56, 57, 58, 62, 67, 69, 71, 72, 75]",92
114071752,2025-12-20,"[2, 3, 5, 8, 13, 17, 20, 27, 31, 41, 42, 43, 44, 47, 54, 58, 60, 63, 78, 80]",93
114071753,2025-12-20,"[1, 6, 8, 11, 21, 22, 24, 25, 36, 39, 46, 48, 51, 53, 55, 56, 58, 69, 76, 80]",94
114071754,2025-12-20,"[8, 9, 12, 16, 20, 24, 36, 39, 46, 48, 49, 55, 67, 69, 71, 72, 76, 78, 79, 80]",95
114071755,2025-12-20,"[1, 3, 11, 13, 17, 23, 24, 34, 36, 37, 38, 43, 45, 48, 52, 60, 69, 76, 78, 80]",96
114071756,2025-12-20,"[1, 3, 4, 8, 12, 13, 14, 24, 30, 40, 53, 54, 56, 58, 63, 64, 66, 70, 78, 80]",97
114071757,2025-12-20,"[3, 6, 7, 8, 16, 30, 39, 41, 43, 51, 52, 56, 59, 61, 70, 72, 73, 77, 79, 80]",98
114071758,2025-12-20,"[1, 9, 10, 22, 24, 25, 32, 33, 36, 37, 38, 46, 47, 48, 52, 68, 69, 75, 77, 79]",99
114071759,2025-12-20,"[4, 5, 10, 14, 20, 21, 23, 26, 27, 28, 32, 44, 59, 60, 67, 69, 70, 71, 76, 79]",100
114071760,2025-12-20,"[9, 14, 17, 22, 25, 29, 38, 41, 42, 43, 44, 46, 52, 61, 63, 69, 70, 71, 74, 79]",101
114071761,2025-12-20,"[1, 2, 4, 5, 11, 13, 21, 24, 27, 33, 43, 45, 49, 53, 57, 61, 64, 72, 75, 76]",102
114071762,2025-12-20,"[5, 7, 8, 11, 15, 18, 21, 23, 26, 29, 39, 42, 49, 56, 65, 68, 71, 73, 76, 77]",103
114071763,2025-12-20,"[1, 3, 9, 10, 12, 13, 14, 17, 22, 26, 29, 30, 38, 39, 40, 56, 58, 62, 71, 73]",104
114071764,2025-12-20,"[7, 9, 12, 17, 18, 20, 21, 24, 28, 32, 34, 35, 36, 45, 50, 51, 56, 65, 66, 67]",105
114071765,2025-12-20,"[14, 16, 17, 20, 21, 31, 36, 39, 45, 46, 48, 50, 54, 61, 62, 67, 68, 73, 76, 77]",106
114071766,2025-12-20,"[3, 4, 5, 10, 20, 21, 23, 31, 38, 41, 43, 47, 49, 50, 63, 65, 67, 74, 76, 78]",107
114071767,2025-12-20,"[5, 11, 29, 33, 35, 39, 40, 43, 44, 46, 48, 51, 54, 64, 65, 68, 70, 71, 75, 76]",108
114071768,2025-12-20,"[2, 3, 9, 10, 12, 16, 24, 28, 35, 36, 37, 41, 45, 51, 52, 63, 66, 67, 69, 71]",109
114071769,2025-12-20,"[7, 15, 20, 23, 24, 26, 27, 28, 31, 38, 50, 55, 61, 62, 64, 68, 71, 75, 77, 80]",110
114071770,2025-12-20,"[3, 4, 5, 14, 21, 22, 23, 24, 27, 31, 36, 42, 46, 48, 57, 60, 67, 73, 75, 76]",111
114071771,2025-12-20,"[10, 11, 21, 22, 26, 29, 31, 32, 36, 38, 42, 43, 44, 47, 49, 52, 53, 67, 73, 79]",112
114071772,2025-12-20,"[5, 6, 7, 10, 14, 20, 26, 27, 28, 34, 35, 36, 58, 61, 63, 64, 66, 67, 73, 78]",113
114071773,2025-12-20,"[2, 3, 7, 11, 12, 21, 24, 25, 32, 34, 39, 44, 46, 56, 58, 61, 67, 68, 74, 76]",114
114071774,2025-12-20,"[3, 5, 9, 14, 23, 24, 25, 34, 38, 40, 42, 45, 59, 61, 62, 64, 66, 68, 70, 80]",115
114071775,2025-12-20,"[1, 4, 9, 12, 27, 32, 33, 46, 49, 50, 57, 58, 62, 63, 68, 69, 71, 76, 78, 80]",116
114071776,2025-12-20,"[2, 3, 4, 15, 20, 23, 24, 25, 32, 33, 37, 39, 41, 43, 48, 50, 60, 68, 71, 79]",117
114071777,2025-12-20,"[3, 6, 13, 16, 21, 24, 36, 39, 43, 45, 46, 49, 56, 61, 62, 67, 76, 78, 79, 80]",118
114071778,2025-12-20,"[1, 4, 5, 11, 14, 17, 18, 19, 21, 25, 27, 37, 44, 48, 50, 62, 63, 65, 74, 76]",119
114071779,2025-12-20,"[3, 8, 16, 18, 19, 20, 21, 25, 31, 33, 39, 49, 53, 60, 64, 68, 70, 77, 79, 80]",120
114071780,2025-12-20,"[2, 4, 5, 6, 13, 21, 23, 24, 36, 37, 42, 43, 52, 53, 59, 60, 66, 67, 78, 79]",121
114071781,2025-12-20,"[8, 11, 13, 15, 16, 17, 26, 32, 33, 35, 38, 44, 45, 46, 51, 52, 62, 64, 70, 78]",122
114071782,2025-12-20,"[1, 13, 16, 20, 22, 24, 29, 30, 31, 33, 36, 44, 46, 50, 55, 60, 66, 71, 72, 79]",123
114071783,2025-12-20,"[5, 6, 15, 16, 26, 31, 32, 36, 44, 47, 52, 53, 54, 55, 58, 60, 71, 72, 76, 77]",124
114071784,2025-12-20,"[1, 5, 9, 14, 22, 27, 28, 29, 33, 37, 39, 48, 49, 54, 61, 64, 65, 69, 77, 80]",125
114071785,2025-12-20,"[7, 9, 10, 13, 15, 16, 20, 21, 24, 31, 43, 45, 56, 57, 62, 63, 70, 71, 76, 80]",126
114071786,2025-12-20,"[1, 6, 7, 17, 19, 30, 33, 38, 43, 44, 48, 50, 51, 52, 53, 56, 69, 73, 75, 76]",127
114071787,2025-12-20,"[10, 11, 15, 24, 26, 27, 31, 34, 36, 45, 49, 51, 53, 55, 56, 58, 60, 69, 71, 77]",128
114071788,2025-12-20,"[3, 4, 6, 10, 14, 17, 23, 31, 41, 46, 48, 55, 56, 58, 60, 63, 66, 72, 75, 80]",129
114071789,2025-12-20,"[13, 15, 21, 22, 27, 31, 32, 36, 38, 40, 42, 47, 48, 49, 52, 58, 59, 65, 72, 73]",130
114071790,2025-12-20,"[13, 14, 15, 17, 18, 24, 25, 28, 30, 32, 36, 47, 51, 54, 55, 57, 60, 66, 68, 76]",131
114071791,2025-12-20,"[6, 14, 16, 21, 23, 28, 29, 34, 35, 37, 38, 41, 50, 52, 58, 61, 64, 66, 68, 69]",132
114071792,2025-12-20,"[2, 12, 16, 17, 19, 23, 30, 32, 37, 39, 42, 54, 56, 57, 59, 60, 63, 65, 69, 79]",133
114071793,2025-12-20,"[4, 5, 10, 14, 19, 27, 32, 38, 39, 41, 43, 47, 48, 53, 54, 58, 63, 70, 75, 77]",134
114071794,2025-12-20,"[8, 10, 15, 16, 20, 21, 28, 31, 33, 35, 39, 48, 49, 50, 55, 60, 62, 66, 68, 80]",135
114071795,2025-12-20,"[2, 3, 5, 13, 14, 16, 19, 20, 23, 25, 28, 30, 33, 37, 41, 57, 58, 59, 66, 74]",136
114071796,2025-12-20,"[3, 11, 17, 18, 20, 21, 25, 29, 38, 39, 43, 46, 48, 49, 62, 63, 65, 68, 71, 79]",137
114071797,2025-12-20,"[2, 3, 4, 8, 11, 12, 13, 15, 17, 28, 29, 32, 33, 42, 48, 67, 68, 69, 72, 73]",138
114071798,2025-12-20,"[10, 14, 15, 19, 24, 27, 28, 32, 34, 39, 45, 46, 48, 49, 57, 62, 68, 69, 72, 73]",139
114071799,2025-12-20,"[1, 3, 4, 9, 21, 26, 32, 33, 39, 41, 45, 46, 48, 50, 52, 53, 55, 65, 72, 73]",140
114071800,2025-12-20,"[9, 11, 12, 13, 14, 18, 21, 25, 33, 39, 41, 42, 50, 51, 57, 58, 60, 61, 69, 77]",141
114071801,2025-12-20,"[1, 2, 3, 14, 23, 31, 33, 36, 41, 50, 53, 54, 58, 60, 63, 64, 65, 71, 72, 80]",142
114071802,2025-12-20,"[3, 4, 6, 7, 10, 12, 13, 14, 15, 26, 34, 38, 48, 49, 54, 56, 60, 63, 69, 77]",143
114071803,2025-12-20,"[5, 13, 18, 20, 22, 23, 41, 47, 48, 49, 50, 56, 58, 61, 62, 63, 70, 73, 78, 79]",144
114071804,2025-12-20,"[6, 7, 14, 18, 23, 24, 25, 27, 29, 34, 35, 36, 46, 51, 56, 58, 69, 72, 79, 80]",145
114071805,2025-12-20,"[7, 9, 10, 12, 13, 16, 25, 34, 35, 45, 49, 50, 52, 63, 66, 67, 68, 69, 76, 79]",146
114071806,2025-12-20,"[1, 8, 11, 12, 19, 22, 23, 29, 42, 43, 44, 51, 53, 54, 60, 62, 63, 65, 66, 79]",147
114071807,2025-12-20,"[4, 11, 13, 17, 18, 19, 22, 25, 29, 30, 35, 39, 40, 51, 53, 59, 60, 67, 70, 77]",148
114071808,2025-12-20,"[3, 4, 8, 17, 20, 24, 26, 27, 28, 33, 35, 39, 45, 48, 55, 61, 62, 65, 67, 78]",149
114071809,2025-12-20,"[1, 2, 3, 4, 13, 14, 18, 21, 29, 33, 34, 37, 39, 41, 44, 48, 51, 59, 67, 77]",150
114071810,2025-12-20,"[10, 11, 12, 16, 22, 23, 27, 29, 31, 39, 45, 50, 53, 56, 59, 63, 67, 74, 75, 80]",151
114071811,2025-12-20,"[3, 9, 10, 17, 18, 19, 20, 22, 23, 32, 35, 38, 45, 50, 53, 54, 55, 57, 74, 77]",152
114071812,2025-12-20,"[4, 12, 16, 35, 38, 40, 41, 43, 44, 53, 54, 55, 58, 59, 61, 63, 64, 68, 76, 77]",153
114071813,2025-12-20,"[5, 7, 8, 14, 21, 23, 25, 28, 36, 38, 40, 45, 52, 55, 61, 65, 67, 68, 71, 80]",154
114071814,2025-12-20,"[4, 12, 13, 16, 26, 28, 31, 32, 41, 44, 46, 60, 61, 67, 69, 75, 76, 77, 79, 80]",155
114071815,2025-12-20,"[7, 9, 13, 14, 15, 19, 28, 30, 34, 46, 48, 51, 52, 53, 60, 62, 66, 70, 77, 78]",156
114071816,2025-12-20,"[1, 8, 20, 26, 27, 28, 33, 37, 39, 45, 46, 47, 52, 55, 57, 61, 66, 67, 70, 77]",157
114071817,2025-12-20,"[5, 6, 8, 10, 18, 19, 30, 32, 43, 51, 60, 63, 64, 65, 69, 70, 74, 77, 78, 79]",158
114071818,2025-12-20,"[3, 4, 8, 11, 13, 14, 17, 21, 24, 31, 32, 37, 40, 44, 45, 57, 60, 66, 67, 80]",159
114071819,2025-12-20,"[1, 5, 7, 13, 15, 18, 20, 24, 32, 39, 44, 46, 48, 57, 59, 64, 66, 67, 72, 73]",160
114071820,2025-12-20,"[6, 9, 15, 23, 25, 27, 32, 37, 38, 40, 41, 42, 43, 46, 54, 57, 62, 63, 67, 75]",161
114071821,2025-12-20,"[3, 10, 12, 13, 18, 20, 22, 24, 31, 39, 40, 43, 44, 53, 56, 60, 65, 68, 73, 75]",162
114071822,2025-12-20,"[1, 3, 4, 6, 7, 11, 17, 24, 26, 28, 34, 39, 45, 49, 60, 64, 66, 72, 77, 78]",163
114071823,2025-12-20,"[2, 3, 10, 12, 16, 18, 20, 23, 24, 27, 28, 31, 44, 55, 57, 62, 67, 72, 74, 76]",164
114071824,2025-12-20,"[3, 7, 8, 12, 19, 20, 27, 28, 30, 31, 41, 42, 47, 56, 57, 65, 68, 71, 77, 79]",165
114071825,2025-12-20,"[3, 7, 8, 11, 17, 18, 24, 29, 36, 37, 40, 45, 46, 48, 49, 56, 72, 73, 74, 78]",166
114071826,2025-12-20,"[1, 5, 10, 11, 12, 16, 18, 19, 25, 38, 44, 46, 47, 53, 58, 62, 66, 67, 69, 72]",167
114071827,2025-12-20,"[1, 8, 18, 22, 26, 29, 34, 39, 44, 45, 47, 48, 50, 57, 60, 61, 63, 65, 68, 78]",168
114071828,2025-12-20,"[3, 10, 11, 14, 15, 17, 20, 21, 22, 24, 35, 46, 49, 53, 57, 58, 66, 70, 73, 78]",169
114071829,2025-12-20,"[2, 3, 6, 10, 20, 22, 27, 31, 34, 41, 46, 50, 56, 57, 59, 62, 71, 72, 73, 80]",170
114071830,2025-12-20,"[6, 12, 13, 19, 21, 25, 26, 35, 44, 46, 49, 51, 54, 57, 62, 63, 64, 65, 67, 75]",171
114071831,2025-12-20,"[16, 17, 20, 21, 23, 33, 34, 36, 41, 44, 49, 52, 53, 58, 65, 74, 75, 76, 78, 80]",172
114071832,2025-12-20,"[1, 2, 3, 11, 12, 16, 17, 25, 27, 33, 40, 42, 47, 48, 55, 61, 67, 76, 78, 79]",173
114071833,2025-12-20,"[1, 7, 12, 24, 25, 26, 27, 34, 38, 40, 42, 48, 50, 53, 56, 58, 62, 63, 73, 78]",174
114071834,2025-12-20,"[2, 7, 14, 15, 21, 22, 28, 30, 35, 40, 47, 49, 51, 54, 56, 58, 67, 69, 73, 77]",175
114071835,2025-12-20,"[3, 4, 9, 15, 22, 23, 25, 29, 33, 38, 50, 51, 52, 58, 59, 63, 71, 73, 79, 80]",176
114071836,2025-12-20,"[1, 2, 7, 9, 16, 22, 24, 25, 30, 39, 40, 41, 43, 44, 48, 50, 51, 53, 54, 59]",177
114071837,2025-12-20,"[4, 15, 21, 26, 28, 29, 39, 41, 51, 56, 60, 62, 63, 66, 69, 73, 74, 75, 77, 80]",178
114071838,2025-12-20,"[6, 14, 17, 22, 26, 31, 33, 39, 46, 50, 58, 60, 62, 64, 68, 69, 74, 75, 77, 79]",179
114071839,2025-12-20,"[1, 2, 6, 7, 10, 11, 17, 18, 23, 25, 38, 43, 46, 50, 53, 59, 60, 68, 73, 76]",180
114071840,2025-12-20,"[4, 13, 21, 22, 33, 35, 37, 40, 44, 45, 46, 47, 52, 59, 61, 63, 68, 74, 75, 79]",181
114071841,2025-12-20,"[4, 18, 31, 34, 36, 43, 44, 46, 52, 55, 59, 62, 66, 72, 74, 75, 76, 77, 78, 80]",182
114071842,2025-12-20,"[8, 10, 13, 16, 18, 21, 25, 26, 27, 29, 31, 34, 43, 49, 62, 64, 66, 70, 77, 80]",183
114071843,2025-12-20,"[6, 7, 10, 13, 20, 22, 24, 28, 31, 43, 48, 55, 58, 60, 65, 66, 68, 70, 72, 79]",184
114071844,2025-12-20,"[8, 9, 10, 12, 13, 20, 24, 25, 36, 39, 40, 42, 50, 54, 66, 69, 70, 72, 77, 79]",185
114071845,2025-12-20,"[8, 9, 12, 15, 17, 18, 22, 23, 25, 32, 37, 40, 41, 44, 45, 53, 59, 61, 65, 77]",186
114071846,2025-12-20,"[3, 8, 11, 18, 20, 21, 24, 27, 29, 30, 31, 34, 39, 45, 51, 52, 53, 59, 71, 80]",187
114071847,2025-12-20,"[8, 10, 12, 13, 15, 18, 20, 26, 31, 32, 33, 37, 40, 52, 58, 61, 68, 69, 72, 77]",188
114071848,2025-12-20,"[1, 3, 11, 15, 22, 29, 30, 31, 32, 34, 38, 41, 47, 57, 64, 67, 70, 73, 75, 78]",189
114071849,2025-12-20,"[6, 7, 12, 13, 14, 15, 19, 24, 28, 29, 43, 44, 46, 56, 59, 68, 70, 72, 73, 74]",190
114071850,2025-12-20,"[2, 4, 5, 6, 10, 13, 22, 29, 31, 41, 47, 50, 51, 59, 62, 63, 69, 71, 72, 77]",191
114071851,2025-12-20,"[4, 6, 8, 11, 17, 18, 19, 25, 29, 35, 36, 37, 46, 53, 54, 57, 58, 62, 74, 77]",192
114071852,2025-12-20,"[1, 2, 3, 9, 19, 27, 29, 30, 32, 33, 38, 39, 41, 45, 48, 49, 50, 51, 68, 76]",193
114071853,2025-12-20,"[2, 6, 27, 29, 37, 39, 41, 47, 49, 50, 52, 57, 61, 64, 66, 68, 70, 71, 73, 77]",194
114071854,2025-12-20,"[1, 6, 26, 27, 38, 40, 41, 44, 48, 51, 57, 60, 65, 67, 68, 71, 76, 77, 79, 80]",195
114071855,2025-12-20,"[1, 2, 3, 5, 6, 10, 12, 19, 23, 28, 31, 35, 43, 49, 64, 69, 70, 71, 72, 73]",196
114071856,2025-12-20,"[1, 2, 4, 5, 15, 24, 38, 39, 41, 42, 49, 57, 58, 59, 60, 63, 67, 69, 70, 76]",197
114071857,2025-12-20,"[9, 10, 11, 23, 27, 31, 34, 35, 41, 44, 46, 47, 52, 60, 61, 63, 66, 68, 77, 80]",198
114071858,2025-12-20,"[1, 2, 6, 11, 13, 16, 18, 20, 21, 25, 29, 37, 40, 51, 63, 66, 69, 74, 76, 79]",199
114071859,2025-12-20,"[5, 14, 15, 17, 19, 22, 24, 29, 31, 39, 50, 51, 52, 54, 60, 61, 68, 71, 75, 77]",200
114071860,2025-12-20,"[3, 5, 11, 13, 16, 17, 20, 25, 28, 29, 37, 38, 44, 48, 50, 52, 57, 60, 75, 79]",201
114071861,2025-12-20,"[1, 2, 4, 9, 17, 20, 22, 29, 31, 37, 47, 57, 60, 61, 62, 65, 69, 70, 77, 80]",202
114071862,2025-12-20,"[13, 24, 25, 31, 32, 33, 41, 43, 44, 45, 49, 51, 52, 55, 59, 62, 66, 67, 71, 79]",203
114071863,2025-12-21,"[4, 5, 6, 12, 17, 20, 21, 22, 23, 30, 37, 38, 51, 53, 56, 63, 65, 71, 72, 79]",1
114071864,2025-12-21,"[3, 5, 9, 11, 13, 14, 16, 25, 27, 37, 43, 50, 54, 57, 60, 61, 64, 78, 79, 80]",2
114071865,2025-12-21,"[3, 4, 6, 8, 11, 14, 26, 27, 29, 31, 36, 37, 40, 49, 53, 55, 56, 75, 77, 80]",3
114071866,2025-12-21,"[4, 6, 7, 15, 21, 26, 34, 41, 43, 44, 49, 51, 59, 62, 64, 67, 69, 70, 71, 72]",4
114071867,2025-12-21,"[2, 3, 7, 11, 13, 14, 18, 20, 25, 33, 36, 41, 44, 47, 52, 62, 70, 72, 74, 76]",5
114071868,2025-12-21,"[1, 2, 8, 13, 16, 19, 20, 21, 25, 33, 38, 41, 42, 44, 45, 59, 65, 67, 68, 75]",6
114071869,2025-12-21,"[1, 2, 5, 12, 18, 22, 23, 27, 29, 35, 41, 42, 43, 55, 56, 58, 62, 68, 75, 80]",7
114071870,2025-12-21,"[7, 8, 14, 25, 26, 32, 33, 34, 40, 42, 45, 46, 56, 60, 61, 65, 66, 67, 69, 80]",8
114071871,2025-12-21,"[7, 8, 16, 27, 29, 31, 40, 42, 43, 44, 52, 53, 54, 61, 67, 70, 72, 73, 76, 77]",9
114071872,2025-12-21,"[7, 11, 23, 26, 29, 42, 46, 52, 53, 56, 58, 60, 61, 62, 65, 66, 70, 74, 76, 78]",10
114071873,2025-12-21,"[3, 17, 19, 22, 23, 25, 29, 31, 33, 34, 37, 39, 59, 65, 66, 68, 75, 76, 77, 80]",11
114071874,2025-12-21,"[1, 2, 3, 5, 14, 17, 20, 29, 30, 31, 35, 36, 43, 44, 45, 47, 50, 52, 71, 73]",12
114071875,2025-12-21,"[1, 2, 15, 16, 19, 21, 30, 34, 35, 38, 40, 42, 43, 49, 51, 64, 67, 70, 72, 77]",13
114071876,2025-12-21,"[1, 4, 5, 10, 22, 26, 27, 29, 33, 38, 45, 46, 56, 62, 63, 64, 68, 70, 73, 74]",14
114071877,2025-12-21,"[5, 9, 16, 27, 29, 30, 31, 45, 48, 49, 55, 58, 59, 61, 64, 65, 67, 68, 71, 77]",15
114071878,2025-12-21,"[5, 8, 11, 19, 20, 23, 24, 27, 28, 32, 33, 34, 38, 54, 56, 59, 60, 63, 65, 72]",16
114071879,2025-12-21,"[2, 7, 18, 24, 27, 28, 40, 41, 44, 45, 52, 53, 63, 68, 70, 72, 73, 75, 78, 80]",17
114071880,2025-12-21,"[8, 9, 10, 16, 20, 27, 28, 33, 39, 40, 43, 47, 48, 55, 58, 59, 63, 69, 70, 77]",18
114071881,2025-12-21,"[8, 9, 13, 17, 19, 21, 22, 27, 30, 32, 38, 42, 44, 46, 48, 53, 59, 64, 69, 79]",19
114071882,2025-12-21,"[3, 9, 19, 22, 24, 26, 28, 32, 34, 35, 37, 40, 42, 45, 48, 53, 55, 59, 68, 80]",20
114071883,2025-12-21,"[1, 2, 9, 10, 16, 24, 27, 30, 33, 43, 48, 49, 52, 54, 63, 64, 65, 71, 74, 77]",21
114071884,2025-12-21,"[2, 3, 4, 8, 16, 20, 21, 23, 29, 33, 37, 39, 46, 49, 59, 60, 63, 64, 72, 79]",22
114071885,2025-12-21,"[4, 9, 15, 17, 18, 19, 30, 42, 44, 45, 48, 49, 54, 55, 57, 60, 61, 65, 70, 77]",23
114071886,2025-12-21,"[1, 7, 8, 9, 11, 13, 18, 20, 21, 24, 35, 37, 50, 51, 62, 64, 65, 69, 71, 80]",24
114071887,2025-12-21,"[8, 9, 12, 14, 21, 24, 28, 30, 37, 38, 39, 40, 46, 48, 54, 59, 61, 65, 68, 69]",25
114071888,2025-12-21,"[3, 7, 9, 12, 18, 23, 24, 36, 39, 42, 46, 47, 54, 59, 61, 67, 68, 69, 75, 78]",26
114071889,2025-12-21,"[2, 4, 6, 7, 11, 16, 23, 26, 30, 33, 43, 46, 47, 54, 55, 59, 62, 68, 74, 76]",27
114071890,2025-12-21,"[2, 3, 4, 7, 14, 15, 17, 18, 19, 24, 35, 36, 38, 40, 43, 48, 49, 50, 57, 64]",28
114071891,2025-12-21,"[7, 17, 19, 22, 25, 26, 28, 36, 37, 40, 48, 54, 55, 56, 65, 69, 71, 72, 74, 77]",29
114071892,2025-12-21,"[2, 4, 13, 17, 21, 24, 25, 33, 34, 35, 37, 38, 46, 50, 56, 59, 66, 68, 75, 80]",30
114071893,2025-12-21,"[2, 4, 11, 13, 15, 17, 24, 27, 34, 36, 37, 38, 39, 41, 43, 52, 55, 64, 72, 76]",31
114071894,2025-12-21,"[3, 6, 12, 14, 25, 27, 32, 33, 40, 44, 49, 52, 53, 54, 58, 61, 62, 73, 78, 80]",32
114071895,2025-12-21,"[2, 4, 14, 17, 18, 21, 30, 31, 35, 37, 39, 40, 42, 48, 57, 60, 62, 64, 65, 69]",33
114071896,2025-12-21,"[1, 3, 7, 9, 11, 13, 16, 18, 19, 35, 36, 40, 44, 58, 59, 62, 66, 67, 69, 76]",34
114071897,2025-12-21,"[2, 5, 12, 14, 15, 18, 25, 28, 38, 41, 45, 47, 52, 53, 56, 58, 67, 70, 75, 79]",35
114071898,2025-12-21,"[1, 2, 3, 11, 18, 19, 21, 26, 28, 35, 37, 40, 42, 45, 53, 59, 63, 70, 73, 79]",36
114071899,2025-12-21,"[1, 2, 3, 14, 22, 23, 25, 28, 30, 32, 33, 44, 45, 46, 47, 52, 59, 61, 63, 80]",37
114071900,2025-12-21,"[7, 8, 12, 13, 16, 17, 19, 20, 24, 25, 28, 42, 57, 63, 69, 71, 74, 75, 78, 80]",38
114071901,2025-12-21,"[1, 12, 23, 26, 29, 35, 37, 40, 41, 42, 46, 58, 59, 61, 64, 66, 74, 77, 78, 79]",39
114071902,2025-12-21,"[6, 8, 22, 24, 28, 34, 35, 45, 48, 50, 53, 56, 57, 68, 72, 73, 74, 75, 76, 79]",40
114071903,2025-12-21,"[7, 11, 12, 13, 14, 24, 26, 27, 37, 41, 44, 45, 53, 56, 59, 60, 68, 69, 70, 80]",41
114071904,2025-12-21,"[2, 4, 5, 9, 18, 21, 23, 28, 31, 33, 36, 40, 41, 43, 46, 52, 59, 65, 75, 76]",42
114071905,2025-12-21,"[1, 2, 3, 5, 10, 25, 30, 31, 32, 33, 35, 38, 46, 54, 59, 61, 62, 64, 71, 74]",43
114071906,2025-12-21,"[4, 5, 6, 7, 19, 21, 29, 39, 42, 43, 55, 56, 57, 60, 65, 67, 68, 70, 73, 78]",44
114071907,2025-12-21,"[3, 5, 7, 8, 9, 28, 37, 38, 40, 41, 49, 50, 53, 54, 60, 61, 62, 63, 76, 77]",45
114071908,2025-12-21,"[1, 25, 29, 32, 34, 39, 41, 45, 49, 50, 51, 54, 60, 64, 65, 66, 68, 69, 72, 74]",46
114071909,2025-12-21,"[2, 4, 8, 10, 21, 22, 23, 30, 36, 40, 45, 51, 52, 53, 56, 61, 62, 66, 78, 79]",47
114071910,2025-12-21,"[5, 7, 9, 12, 13, 15, 16, 20, 26, 40, 44, 45, 46, 48, 49, 63, 68, 69, 75, 77]",48
114071911,2025-12-21,"[1, 7, 10, 11, 12, 15, 19, 20, 25, 28, 29, 40, 41, 43, 46, 47, 52, 55, 59, 63]",49
114071912,2025-12-21,"[8, 13, 14, 19, 23, 27, 32, 34, 36, 40, 43, 44, 51, 53, 56, 62, 63, 69, 73, 78]",50
114071913,2025-12-21,"[3, 13, 19, 24, 25, 26, 41, 42, 45, 46, 50, 51, 57, 62, 63, 67, 68, 71, 72, 73]",51
114071914,2025-12-21,"[3, 8, 12, 14, 20, 23, 24, 25, 30, 35, 44, 47, 54, 56, 57, 64, 65, 66, 69, 75]",52
114071915,2025-12-21,"[6, 8, 14, 19, 24, 25, 29, 34, 47, 48, 49, 54, 55, 58, 59, 68, 71, 74, 76, 80]",53
114071916,2025-12-21,"[2, 6, 11, 31, 38, 42, 43, 44, 45, 51, 58, 59, 65, 67, 68, 69, 70, 72, 78, 80]",54
114071917,2025-12-21,"[1, 2, 4, 10, 12, 23, 24, 26, 31, 36, 40, 45, 46, 47, 56, 60, 61, 62, 68, 72]",55
114071918,2025-12-21,"[3, 7, 10, 12, 13, 26, 27, 33, 37, 38, 39, 41, 44, 55, 56, 59, 63, 68, 69, 75]",56
114071919,2025-12-21,"[3, 4, 14, 15, 19, 21, 25, 30, 31, 34, 35, 36, 44, 52, 60, 62, 63, 74, 78, 80]",57
114071920,2025-12-21,"[1, 9, 13, 15, 16, 18, 19, 20, 28, 34, 35, 36, 38, 41, 42, 43, 47, 49, 62, 80]",58
114071921,2025-12-21,"[12, 13, 19, 21, 26, 27, 29, 32, 34, 40, 42, 44, 45, 52, 57, 59, 68, 69, 78, 79]",59
114071922,2025-12-21,"[1, 12, 19, 22, 24, 32, 33, 43, 52, 59, 60, 62, 63, 65, 67, 72, 73, 76, 79, 80]",60
114071923,2025-12-21,"[2, 5, 7, 14, 16, 21, 22, 24, 27, 30, 34, 35, 42, 45, 48, 52, 57, 59, 74, 76]",61
114071924,2025-12-21,"[8, 9, 14, 15, 18, 22, 35, 37, 38, 40, 41, 42, 45, 46, 59, 63, 68, 75, 76, 78]",62
114071925,2025-12-21,"[3, 9, 10, 12, 14, 15, 17, 19, 20, 21, 22, 36, 39, 44, 51, 52, 55, 64, 72, 79]",63
114071926,2025-12-21,"[4, 12, 20, 24, 27, 29, 31, 32, 35, 39, 41, 44, 45, 46, 54, 56, 58, 71, 72, 74]",64
114071927,2025-12-21,"[5, 6, 15, 19, 23, 29, 31, 36, 37, 40, 50, 55, 56, 58, 61, 67, 68, 70, 71, 78]",65
114071928,2025-12-21,"[2, 5, 9, 10, 17, 20, 21, 22, 28, 38, 39, 45, 58, 59, 60, 63, 64, 74, 75, 80]",66
114071929,2025-12-21,"[5, 15, 16, 22, 24, 26, 28, 29, 30, 31, 36, 42, 46, 52, 53, 56, 61, 72, 73, 78]",67
114071930,2025-12-21,"[1, 2, 9, 12, 15, 16, 17, 29, 32, 35, 37, 38, 39, 41, 42, 58, 61, 63, 64, 66]",68
114071931,2025-12-21,"[5, 6, 7, 11, 20, 21, 24, 25, 27, 29, 30, 36, 38, 39, 45, 54, 62, 63, 66, 75]",69
114071932,2025-12-21,"[4, 6, 7, 22, 25, 30, 32, 34, 38, 40, 42, 46, 47, 49, 63, 66, 67, 69, 70, 73]",70
114071933,2025-12-21,"[1, 2, 7, 11, 13, 16, 20, 23, 24, 28, 32, 38, 40, 47, 48, 51, 57, 58, 59, 79]",71
114071934,2025-12-21,"[5, 8, 11, 12, 13, 20, 22, 24, 29, 36, 45, 50, 57, 62, 63, 65, 66, 69, 70, 72]",72
114071935,2025-12-21,"[3, 4, 10, 37, 40, 43, 48, 49, 53, 55, 57, 60, 62, 63, 66, 70, 73, 74, 77, 78]",73
114071936,2025-12-21,"[1, 2, 9, 18, 20, 25, 27, 32, 33, 35, 36, 41, 50, 51, 52, 55, 66, 72, 75, 77]",74
114071937,2025-12-21,"[3, 11, 12, 16, 20, 24, 28, 39, 45, 65, 66, 70, 71, 72, 74, 75, 76, 77, 78, 80]",75
114071938,2025-12-21,"[4, 11, 18, 22, 23, 26, 30, 34, 38, 40, 44, 51, 56, 65, 66, 69, 73, 75, 76, 79]",76
114071939,2025-12-21,"[10, 15, 16, 19, 25, 27, 34, 39, 42, 44, 45, 49, 52, 58, 60, 62, 63, 65, 66, 78]",77
114071940,2025-12-21,"[2, 4, 6, 10, 15, 16, 18, 20, 22, 28, 34, 38, 46, 65, 67, 69, 70, 75, 76, 79]",78
114071941,2025-12-21,"[3, 5, 17, 18, 24, 29, 31, 34, 40, 44, 45, 49, 52, 53, 54, 60, 68, 76, 79, 80]",79
114071942,2025-12-21,"[4, 6, 16, 19, 21, 26, 31, 32, 36, 42, 48, 54, 55, 56, 60, 65, 66, 68, 71, 77]",80
114071943,2025-12-21,"[1, 5, 6, 10, 18, 19, 26, 28, 35, 36, 37, 41, 44, 45, 46, 54, 56, 70, 74, 78]",81
114071944,2025-12-21,"[2, 3, 10, 12, 13, 18, 19, 22, 26, 27, 28, 30, 32, 33, 36, 51, 60, 64, 73, 77]",82
114071945,2025-12-21,"[1, 2, 4, 5, 10, 13, 14, 24, 26, 28, 32, 33, 39, 41, 43, 47, 63, 69, 77, 79]",83
114071946,2025-12-21,"[2, 5, 8, 15, 17, 18, 31, 34, 40, 42, 44, 48, 50, 58, 62, 71, 72, 73, 77, 79]",84
114071947,2025-12-21,"[1, 7, 8, 9, 14, 23, 25, 28, 30, 37, 38, 47, 56, 60, 63, 66, 72, 75, 76, 80]",85
114071948,2025-12-21,"[1, 2, 5, 7, 10, 11, 12, 22, 25, 29, 34, 41, 46, 47, 53, 60, 61, 71, 76, 79]",86
114071949,2025-12-21,"[7, 8, 17, 19, 21, 22, 23, 28, 34, 37, 44, 48, 50, 52, 55, 60, 61, 63, 65, 70]",87
114071950,2025-12-21,"[1, 7, 9, 13, 17, 18, 19, 29, 30, 33, 34, 38, 39, 44, 47, 49, 66, 67, 74, 80]",88
114071951,2025-12-21,"[3, 9, 16, 18, 19, 26, 35, 36, 41, 42, 54, 59, 62, 65, 66, 67, 70, 73, 75, 76]",89
114071952,2025-12-21,"[4, 6, 10, 13, 14, 17, 19, 28, 31, 32, 34, 35, 38, 43, 45, 63, 64, 68, 74, 77]",90
114071953,2025-12-21,"[10, 15, 18, 22, 25, 29, 38, 41, 45, 49, 54, 55, 58, 62, 65, 66, 70, 74, 78, 80]",91
114071954,2025-12-21,"[1, 7, 9, 12, 13, 16, 17, 27, 33, 40, 42, 45, 52, 53, 58, 59, 64, 65, 66, 77]",92
114071955,2025-12-21,"[4, 9, 10, 18, 23, 25, 27, 30, 31, 34, 41, 43, 54, 56, 59, 60, 61, 70, 78, 80]",93
114071956,2025-12-21,"[3, 6, 9, 12, 14, 17, 21, 22, 23, 35, 39, 42, 44, 50, 61, 71, 73, 75, 78, 80]",94
114071957,2025-12-21,"[1, 7, 8, 10, 28, 32, 33, 34, 36, 38, 39, 44, 46, 47, 53, 61, 67, 68, 70, 78]",95
114071958,2025-12-21,"[3, 6, 12, 13, 15, 23, 28, 32, 40, 45, 46, 47, 50, 57, 58, 59, 65, 69, 70, 77]",96
114071959,2025-12-21,"[3, 6, 8, 11, 16, 19, 31, 32, 33, 34, 37, 39, 40, 56, 62, 64, 71, 72, 73, 79]",97
114071960,2025-12-21,"[5, 7, 9, 10, 13, 16, 22, 24, 31, 40, 45, 49, 50, 53, 54, 59, 66, 75, 76, 77]",98
114071961,2025-12-21,"[3, 12, 13, 20, 23, 30, 33, 34, 40, 45, 49, 52, 53, 54, 55, 62, 63, 65, 66, 80]",99
114071962,2025-12-21,"[8, 13, 23, 29, 36, 37, 38, 41, 47, 48, 49, 50, 51, 53, 54, 57, 64, 71, 72, 76]",100
114071963,2025-12-21,"[7, 11, 13, 18, 22, 31, 33, 43, 44, 46, 48, 49, 53, 57, 59, 60, 62, 63, 73, 80]",101
114071964,2025-12-21,"[2, 7, 8, 9, 12, 24, 25, 28, 33, 35, 36, 41, 42, 44, 49, 50, 51, 54, 61, 75]",102
114071965,2025-12-21,"[2, 7, 8, 9, 11, 15, 18, 20, 22, 38, 43, 45, 47, 50, 60, 62, 65, 66, 67, 70]",103
114071966,2025-12-21,"[1, 4, 6, 8, 9, 13, 16, 22, 26, 31, 36, 48, 53, 55, 63, 64, 67, 68, 72, 74]",104
114071967,2025-12-21,"[1, 7, 9, 11, 12, 19, 22, 24, 25, 26, 27, 31, 32, 47, 55, 58, 60, 69, 71, 77]",105
114071968,2025-12-21,"[1, 3, 8, 14, 18, 27, 31, 33, 34, 38, 41, 43, 47, 48, 52, 60, 62, 66, 73, 76]",106
114071969,2025-12-21,"[12, 19, 23, 29, 31, 32, 36, 41, 42, 43, 46, 52, 56, 66, 69, 73, 76, 77, 78, 79]",107
114071970,2025-12-21,"[6, 8, 13, 14, 18, 21, 27, 29, 30, 34, 39, 40, 43, 44, 47, 54, 68, 71, 73, 75]",108
114071971,2025-12-21,"[3, 8, 18, 19, 24, 26, 32, 34, 38, 57, 58, 60, 61, 63, 65, 66, 70, 75, 77, 80]",109
114071972,2025-12-21,"[8, 15, 23, 25, 32, 34, 35, 38, 45, 49, 52, 59, 65, 67, 68, 69, 72, 75, 76, 80]",110
114071973,2025-12-21,"[4, 6, 8, 16, 21, 27, 33, 36, 41, 50, 54, 57, 60, 63, 64, 66, 73, 74, 78, 79]",111
114071974,2025-12-21,"[8, 12, 14, 18, 22, 34, 44, 45, 51, 52, 54, 59, 64, 65, 67, 69, 76, 78, 79, 80]",112
114071975,2025-12-21,"[4, 5, 6, 7, 8, 22, 23, 30, 35, 36, 39, 42, 47, 48, 49, 57, 65, 67, 69, 73]",113
114071976,2025-12-21,"[7, 8, 9, 18, 21, 25, 28, 33, 38, 39, 44, 47, 50, 51, 52, 55, 59, 63, 66, 75]",114
114071977,2025-12-21,"[1, 3, 7, 13, 16, 17, 23, 26, 30, 32, 33, 35, 43, 47, 50, 56, 62, 70, 76, 77]",115
114071978,2025-12-21,"[1, 10, 11, 20, 21, 23, 24, 28, 37, 40, 42, 43, 44, 48, 52, 63, 64, 65, 72, 80]",116
114071979,2025-12-21,"[1, 4, 5, 14, 33, 36, 46, 48, 51, 52, 53, 55, 60, 62, 72, 75, 77, 78, 79, 80]",117
114071980,2025-12-21,"[3, 5, 12, 17, 18, 22, 28, 30, 32, 33, 36, 38, 41, 44, 47, 53, 58, 60, 65, 67]",118
114071981,2025-12-21,"[2, 3, 8, 11, 12, 21, 27, 29, 30, 39, 41, 46, 52, 55, 70, 71, 74, 75, 76, 80]",119
114071982,2025-12-21,"[1, 7, 9, 10, 11, 12, 20, 26, 32, 37, 38, 39, 43, 44, 45, 50, 51, 52, 57, 76]",120
114071983,2025-12-21,"[4, 7, 9, 11, 13, 18, 23, 32, 39, 41, 45, 47, 48, 52, 53, 68, 70, 72, 74, 80]",121
114071984,2025-12-21,"[2, 3, 6, 9, 10, 12, 17, 20, 21, 24, 27, 36, 37, 52, 53, 55, 56, 62, 71, 77]",122
114071985,2025-12-21,"[3, 11, 12, 14, 15, 17, 19, 21, 22, 24, 35, 46, 47, 51, 52, 59, 60, 64, 76, 79]",123
114071986,2025-12-21,"[2, 5, 7, 9, 12, 14, 22, 23, 29, 31, 32, 42, 43, 45, 48, 50, 53, 58, 64, 80]",124
114071987,2025-12-21,"[3, 5, 13, 15, 17, 19, 22, 28, 32, 36, 45, 49, 51, 55, 58, 70, 71, 72, 73, 80]",125
114071988,2025-12-21,"[5, 14, 21, 22, 29, 33, 43, 46, 48, 50, 51, 52, 57, 64, 65, 67, 72, 73, 79, 80]",126
114071989,2025-12-21,"[11, 18, 21, 23, 31, 35, 42, 43, 46, 47, 48, 50, 51, 53, 57, 61, 62, 65, 68, 74]",127
114071990,2025-12-21,"[4, 5, 16, 18, 20, 26, 28, 35, 37, 48, 50, 51, 62, 63, 64, 66, 69, 70, 77, 79]",128
114071991,2025-12-21,"[9, 10, 17, 18, 20, 22, 23, 25, 27, 32, 40, 45, 47, 51, 57, 59, 71, 74, 79, 80]",129
114071992,2025-12-21,"[1, 3, 7, 8, 9, 10, 13, 14, 15, 17, 18, 22, 25, 26, 39, 54, 56, 59, 70, 78]",130
114071993,2025-12-21,"[1, 3, 8, 13, 14, 15, 30, 36, 42, 47, 48, 50, 52, 54, 56, 57, 59, 65, 71, 77]",131
114071994,2025-12-21,"[4, 10, 12, 16, 24, 25, 30, 31, 41, 47, 54, 55, 56, 60, 64, 66, 72, 74, 75, 80]",132
114071995,2025-12-21,"[3, 8, 15, 21, 23, 28, 32, 33, 36, 43, 44, 47, 49, 63, 66, 70, 72, 76, 77, 80]",133
114071996,2025-12-21,"[4, 15, 24, 31, 33, 35, 36, 37, 38, 39, 45, 50, 63, 64, 67, 68, 69, 73, 76, 80]",134
114071997,2025-12-21,"[1, 3, 9, 10, 11, 15, 20, 21, 26, 28, 29, 34, 35, 44, 45, 46, 47, 57, 58, 74]",135
114071998,2025-12-21,"[6, 8, 19, 23, 25, 30, 32, 34, 41, 44, 45, 46, 47, 50, 56, 58, 60, 63, 73, 74]",136
114071999,2025-12-21,"[1, 4, 6, 7, 19, 20, 23, 34, 41, 48, 53, 54, 57, 58, 59, 67, 70, 71, 77, 80]",137
114072000,2025-12-21,"[2, 3, 6, 13, 17, 18, 22, 26, 28, 36, 38, 40, 44, 52, 61, 65, 66, 78, 79, 80]",138
114072001,2025-12-21,"[4, 6, 11, 12, 18, 19, 21, 32, 33, 35, 38, 51, 54, 56, 59, 66, 68, 70, 76, 78]",139
114072002,2025-12-21,"[6, 13, 21, 22, 27, 29, 30, 33, 34, 37, 39, 44, 50, 51, 59, 61, 65, 70, 75, 80]",140
114072003,2025-12-21,"[1, 8, 10, 11, 19, 30, 34, 36, 41, 44, 45, 47, 49, 54, 55, 57, 62, 71, 72, 76]",141
114072004,2025-12-21,"[5, 7, 14, 15, 16, 21, 22, 23, 37, 41, 43, 44, 46, 59, 69, 70, 72, 74, 75, 78]",142
114072005,2025-12-21,"[7, 10, 11, 13, 16, 19, 25, 26, 30, 31, 34, 39, 44, 45, 48, 54, 57, 66, 67, 76]",143
114072006,2025-12-21,"[8, 9, 11, 12, 26, 28, 30, 36, 39, 41, 43, 47, 49, 52, 57, 67, 69, 70, 78, 79]",144
114072007,2025-12-21,"[2, 4, 5, 9, 15, 27, 29, 35, 36, 43, 46, 49, 57, 58, 62, 64, 65, 70, 76, 79]",145
114072008,2025-12-21,"[5, 21, 28, 36, 37, 40, 47, 50, 53, 55, 56, 57, 58, 59, 60, 61, 63, 69, 73, 78]",146
114072009,2025-12-21,"[5, 15, 19, 27, 30, 31, 33, 47, 49, 50, 53, 54, 55, 58, 61, 68, 69, 72, 78, 80]",147
114072010,2025-12-21,"[4, 5, 15, 16, 19, 20, 23, 24, 25, 30, 33, 47, 50, 53, 58, 59, 68, 70, 74, 75]",148
114072011,2025-12-21,"[10, 11, 15, 18, 22, 27, 33, 36, 40, 43, 45, 49, 51, 53, 54, 57, 58, 66, 69, 75]",149
114072012,2025-12-21,"[3, 4, 10, 11, 16, 26, 34, 35, 36, 37, 39, 50, 51, 54, 58, 59, 69, 70, 72, 75]",150
114072013,2025-12-21,"[9, 11, 13, 23, 26, 30, 31, 37, 38, 39, 43, 50, 51, 54, 55, 56, 61, 63, 73, 75]",151
114072014,2025-12-21,"[3, 12, 21, 23, 25, 26, 28, 29, 33, 34, 37, 46, 51, 56, 67, 68, 71, 73, 75, 76]",152
114072015,2025-12-21,"[9, 16, 22, 23, 29, 37, 46, 47, 48, 52, 56, 58, 64, 67, 69, 70, 74, 77, 78, 79]",153
114072016,2025-12-21,"[8, 13, 15, 17, 23, 24, 27, 30, 31, 36, 38, 42, 44, 45, 48, 51, 55, 57, 71, 72]",154
114072017,2025-12-21,"[6, 7, 9, 19, 20, 26, 31, 36, 39, 43, 44, 46, 48, 53, 60, 62, 63, 65, 66, 71]",155
114072018,2025-12-21,"[5, 10, 13, 15, 16, 19, 22, 37, 41, 47, 48, 52, 53, 54, 56, 62, 64, 69, 72, 76]",156
114072019,2025-12-21,"[3, 13, 17, 26, 30, 32, 35, 36, 46, 47, 56, 60, 61, 63, 65, 66, 72, 73, 75, 78]",157
114072020,2025-12-21,"[2, 3, 10, 19, 22, 23, 30, 46, 47, 49, 51, 54, 55, 65, 66, 69, 70, 71, 76, 78]",158
114072021,2025-12-21,"[6, 8, 14, 17, 26, 33, 34, 36, 38, 45, 52, 55, 56, 61, 67, 70, 71, 74, 75, 78]",159
114072022,2025-12-21,"[2, 5, 8, 10, 12, 23, 24, 31, 36, 40, 43, 47, 50, 60, 62, 65, 68, 73, 74, 75]",160
114072023,2025-12-21,"[1, 2, 3, 15, 16, 20, 23, 25, 26, 27, 28, 37, 43, 46, 53, 61, 64, 66, 76, 80]",161
114072024,2025-12-21,"[3, 7, 9, 12, 14, 17, 30, 50, 51, 52, 53, 56, 57, 58, 61, 66, 67, 69, 73, 76]",162
114072025,2025-12-21,"[6, 7, 9, 11, 14, 18, 21, 28, 34, 37, 39, 40, 50, 51, 53, 57, 60, 62, 65, 76]",163
114072026,2025-12-21,"[1, 5, 14, 15, 16, 21, 26, 33, 34, 35, 41, 43, 47, 49, 52, 59, 69, 71, 77, 80]",164
114072027,2025-12-21,"[2, 3, 10, 17, 20, 25, 42, 43, 45, 47, 49, 59, 60, 65, 73, 75, 76, 77, 78, 80]",165
114072028,2025-12-21,"[2, 3, 9, 13, 17, 32, 35, 40, 43, 47, 48, 52, 55, 57, 60, 62, 67, 76, 78, 80]",166
114072029,2025-12-21,"[4, 5, 16, 26, 28, 33, 34, 37, 41, 50, 53, 57, 62, 64, 65, 67, 70, 72, 74, 78]",167
114072030,2025-12-21,"[8, 12, 13, 17, 19, 28, 29, 33, 34, 39, 44, 47, 51, 56, 58, 59, 62, 70, 74, 80]",168
114072031,2025-12-21,"[1, 14, 16, 21, 23, 24, 25, 27, 38, 40, 44, 49, 52, 55, 56, 60, 61, 65, 72, 77]",169
114072032,2025-12-21,"[7, 9, 13, 18, 19, 21, 22, 25, 32, 41, 43, 49, 50, 51, 65, 68, 69, 72, 73, 79]",170
114072033,2025-12-21,"[12, 14, 15, 18, 21, 22, 28, 31, 34, 36, 39, 61, 65, 67, 72, 74, 75, 76, 77, 78]",171
114072034,2025-12-21,"[1, 4, 5, 13, 16, 17, 26, 27, 28, 33, 37, 41, 47, 49, 55, 56, 67, 69, 70, 76]",172
114072035,2025-12-21,"[1, 3, 9, 11, 18, 20, 21, 24, 26, 29, 35, 43, 46, 47, 50, 57, 61, 71, 73, 80]",173
114072036,2025-12-21,"[2, 4, 6, 7, 9, 10, 23, 27, 29, 31, 39, 42, 53, 54, 61, 64, 65, 70, 71, 77]",174
114072037,2025-12-21,"[7, 11, 19, 23, 27, 29, 33, 39, 42, 45, 51, 54, 55, 63, 65, 68, 69, 70, 74, 76]",175
114072038,2025-12-21,"[7, 10, 12, 17, 19, 24, 30, 38, 43, 46, 49, 51, 55, 56, 65, 68, 69, 72, 74, 75]",176
114072039,2025-12-21,"[3, 4, 14, 15, 19, 25, 29, 30, 32, 35, 36, 37, 38, 41, 45, 50, 52, 53, 54, 67]",177
114072040,2025-12-21,"[1, 4, 9, 10, 17, 27, 31, 38, 43, 45, 47, 57, 61, 62, 66, 68, 69, 73, 74, 79]",178
114072041,2025-12-21,"[8, 11, 12, 13, 14, 19, 24, 29, 30, 34, 38, 39, 42, 44, 50, 51, 52, 60, 72, 75]",179
114072042,2025-12-21,"[3, 7, 10, 19, 20, 23, 26, 27, 29, 30, 31, 40, 42, 48, 58, 59, 68, 70, 73, 79]",180
114072043,2025-12-21,"[1, 3, 4, 9, 16, 19, 21, 25, 26, 28, 29, 31, 47, 53, 55, 69, 72, 73, 75, 80]",181
114072044,2025-12-21,"[1, 4, 6, 14, 17, 22, 24, 26, 37, 40, 42, 47, 49, 56, 61, 64, 66, 68, 72, 76]",182
114072045,2025-12-21,"[2, 16, 25, 29, 30, 43, 44, 47, 48, 50, 53, 58, 59, 60, 62, 65, 68, 69, 73, 76]",183
114072046,2025-12-21,"[4, 6, 8, 9, 10, 11, 16, 23, 25, 27, 34, 42, 44, 56, 58, 60, 68, 76, 77, 78]",184
114072047,2025-12-21,"[2, 3, 4, 6, 19, 29, 30, 33, 36, 41, 44, 45, 46, 49, 64, 66, 67, 72, 74, 79]",185
114072048,2025-12-21,"[4, 6, 8, 10, 11, 25, 27, 31, 32, 35, 42, 44, 46, 50, 51, 56, 61, 63, 71, 78]",186
114072049,2025-12-21,"[10, 15, 16, 19, 27, 30, 35, 43, 47, 52, 57, 59, 64, 66, 69, 71, 72, 76, 77, 80]",187
114072050,2025-12-21,"[4, 6, 14, 21, 23, 25, 28, 32, 35, 47, 48, 52, 53, 54, 56, 61, 64, 71, 76, 77]",188
114072051,2025-12-21,"[4, 5, 7, 8, 13, 24, 27, 35, 40, 41, 45, 51, 54, 57, 67, 72, 75, 77, 79, 80]",189
114072052,2025-12-21,"[3, 15, 16, 21, 25, 26, 29, 33, 34, 35, 38, 43, 46, 63, 70, 71, 72, 73, 75, 78]",190
114072053,2025-12-21,"[2, 3, 11, 17, 22, 26, 27, 28, 51, 53, 54, 57, 58, 59, 62, 63, 67, 72, 76, 80]",191
114072054,2025-12-21,"[4, 9, 16, 17, 22, 25, 27, 30, 34, 44, 54, 55, 63, 65, 67, 69, 70, 73, 75, 76]",192
114072055,2025-12-21,"[1, 4, 5, 12, 13, 17, 31, 35, 37, 41, 45, 47, 52, 57, 58, 63, 64, 69, 74, 79]",193
114072056,2025-12-21,"[3, 5, 10, 16, 17, 22, 28, 32, 37, 40, 44, 50, 52, 54, 65, 67, 74, 75, 78, 80]",194
114072057,2025-12-21,"[3, 4, 12, 13, 17, 19, 20, 25, 28, 29, 42, 43, 47, 49, 55, 58, 61, 65, 73, 75]",195
114072058,2025-12-21,"[4, 9, 13, 16, 17, 30, 36, 38, 40, 44, 48, 51, 52, 54, 57, 59, 63, 65, 79, 80]",196
114072059,2025-12-21,"[3, 5, 17, 22, 23, 27, 29, 34, 39, 46, 47, 49, 53, 58, 60, 62, 70, 76, 78, 80]",197
114072060,2025-12-21,"[2, 5, 7, 15, 18, 25, 27, 30, 31, 33, 34, 35, 40, 41, 43, 53, 58, 69, 70, 79]",198
114072061,2025-12-21,"[1, 2, 4, 10, 11, 13, 15, 18, 24, 30, 31, 34, 38, 43, 47, 51, 60, 65, 67, 79]",199
114072062,2025-12-21,"[2, 3, 11, 13, 22, 24, 29, 30, 40, 42, 45, 46, 54, 55, 61, 62, 64, 69, 73, 77]",200
114072063,2025-12-21,"[3, 4, 5, 6, 7, 10, 12, 25, 39, 55, 56, 60, 62, 63, 67, 69, 71, 73, 77, 79]",201
114072064,2025-12-21,"[4, 11, 15, 17, 20, 21, 25, 30, 38, 43, 46, 47, 49, 51, 53, 55, 67, 69, 72, 74]",202
114072065,2025-12-21,"[5, 7, 12, 16, 19, 23, 24, 28, 30, 41, 42, 47, 50, 61, 62, 64, 71, 75, 79, 80]",203
114072066,2025-12-22,"[1, 2, 3, 5, 8, 10, 20, 21, 28, 34, 38, 40, 42, 46, 54, 55, 59, 61, 63, 76]",1
114072067,2025-12-22,"[2, 8, 9, 12, 14, 15, 19, 20, 22, 36, 43, 48, 49, 54, 59, 67, 68, 69, 70, 72]",2
114072068,2025-12-22,"[1, 5, 7, 8, 21, 23, 24, 27, 33, 34, 37, 42, 45, 49, 57, 59, 62, 64, 67, 79]",3
114072069,2025-12-22,"[1, 7, 9, 15, 19, 20, 21, 28, 29, 35, 45, 47, 48, 49, 59, 63, 65, 69, 72, 79]",4
114072070,2025-12-22,"[2, 4, 11, 16, 27, 35, 36, 38, 44, 45, 50, 54, 57, 58, 59, 60, 66, 68, 76, 79]",5
114072071,2025-12-22,"[4, 7, 9, 10, 13, 26, 31, 34, 37, 38, 50, 55, 56, 57, 58, 67, 68, 70, 71, 75]",6
114072072,2025-12-22,"[1, 3, 4, 5, 12, 19, 38, 48, 49, 50, 51, 52, 57, 58, 61, 64, 67, 75, 77, 80]",7
114072073,2025-12-22,"[1, 13, 15, 20, 21, 26, 28, 32, 38, 45, 50, 53, 54, 59, 60, 62, 69, 70, 76, 80]",8
114072074,2025-12-22,"[11, 12, 18, 26, 27, 28, 30, 32, 49, 51, 54, 58, 60, 61, 63, 66, 67, 73, 77, 79]",9
114072075,2025-12-22,"[2, 4, 6, 7, 10, 11, 16, 26, 37, 40, 45, 46, 47, 51, 53, 67, 71, 75, 76, 78]",10
114072076,2025-12-22,"[4, 9, 13, 29, 36, 38, 42, 43, 44, 46, 50, 51, 54, 58, 59, 63, 66, 72, 74, 76]",11
114072077,2025-12-22,"[3, 7, 8, 10, 11, 17, 21, 32, 33, 34, 40, 45, 52, 56, 59, 66, 74, 75, 77, 80]",12
114072078,2025-12-22,"[12, 13, 20, 23, 27, 30, 37, 43, 44, 46, 47, 50, 52, 54, 55, 61, 63, 67, 70, 73]",13
114072079,2025-12-22,"[1, 4, 5, 7, 11, 14, 15, 16, 17, 23, 24, 31, 51, 53, 58, 59, 69, 70, 77, 79]",14
114072080,2025-12-22,"[11, 15, 16, 17, 22, 23, 24, 25, 28, 31, 41, 49, 50, 52, 53, 71, 76, 77, 78, 79]",15
114072081,2025-12-22,"[8, 10, 11, 18, 21, 24, 29, 30, 34, 35, 36, 44, 47, 52, 57, 65, 66, 69, 74, 76]",16
114072082,2025-12-22,"[2, 11, 20, 24, 28, 29, 31, 38, 39, 41, 43, 44, 45, 51, 61, 70, 71, 73, 77, 78]",17
114072083,2025-12-22,"[3, 14, 15, 17, 23, 28, 31, 39, 41, 47, 48, 49, 51, 54, 57, 63, 67, 69, 74, 78]",18
114072084,2025-12-22,"[1, 3, 11, 12, 16, 21, 22, 24, 29, 31, 33, 43, 45, 46, 48, 65, 66, 72, 74, 79]",19
114072085,2025-12-22,"[2, 4, 8, 20, 21, 23, 24, 26, 28, 30, 34, 37, 38, 40, 45, 49, 53, 59, 71, 72]",20
114072086,2025-12-22,"[1, 7, 10, 13, 17, 26, 30, 34, 41, 47, 49, 56, 59, 60, 61, 65, 68, 73, 75, 78]",21
114072087,2025-12-22,"[8, 14, 26, 27, 29, 33, 34, 35, 36, 40, 48, 52, 53, 55, 57, 58, 64, 73, 75, 80]",22
114072088,2025-12-22,"[2, 5, 6, 7, 18, 23, 26, 28, 29, 30, 32, 33, 34, 41, 54, 55, 58, 59, 62, 70]",23
114072089,2025-12-22,"[4, 17, 21, 23, 27, 34, 42, 44, 50, 59, 61, 62, 63, 65, 68, 69, 72, 73, 75, 76]",24
114072090,2025-12-22,"[3, 4, 6, 7, 11, 14, 31, 35, 36, 37, 39, 44, 51, 57, 60, 62, 64, 67, 76, 80]",25
114072091,2025-12-22,"[1, 2, 10, 21, 22, 26, 30, 32, 33, 38, 50, 53, 54, 58, 59, 62, 69, 70, 76, 79]",26
114072092,2025-12-22,"[6, 18, 19, 20, 22, 23, 25, 26, 27, 38, 45, 47, 49, 51, 52, 55, 56, 66, 72, 77]",27
114072093,2025-12-22,"[4, 5, 15, 19, 20, 21, 24, 27, 33, 37, 46, 52, 54, 55, 63, 66, 72, 73, 77, 80]",28
114072094,2025-12-22,"[5, 10, 12, 17, 24, 26, 29, 35, 37, 38, 42, 43, 47, 48, 51, 55, 57, 61, 64, 66]",29
114072095,2025-12-22,"[1, 5, 9, 16, 18, 20, 22, 30, 37, 46, 47, 48, 49, 51, 54, 61, 66, 68, 71, 77]",30
114072096,2025-12-22,"[3, 4, 11, 15, 19, 22, 24, 27, 28, 30, 33, 38, 40, 41, 50, 53, 55, 57, 65, 70]",31
114072097,2025-12-22,"[2, 5, 9, 18, 19, 22, 26, 28, 38, 48, 51, 53, 55, 56, 57, 60, 64, 68, 77, 78]",32
114072098,2025-12-22,"[4, 7, 9, 14, 16, 17, 21, 22, 28, 29, 34, 36, 41, 42, 52, 53, 63, 67, 68, 80]",33
114072099,2025-12-22,"[3, 7, 12, 14, 26, 27, 31, 40, 46, 47, 58, 59, 60, 61, 62, 63, 65, 74, 76, 78]",34
114072100,2025-12-22,"[9, 12, 13, 21, 23, 27, 29, 34, 35, 36, 41, 45, 48, 55, 58, 64, 67, 71, 75, 77]",35
114072101,2025-12-22,"[1, 3, 4, 6, 7, 12, 17, 22, 27, 30, 37, 44, 45, 48, 49, 62, 68, 69, 71, 76]",36
114072102,2025-12-22,"[7, 17, 20, 23, 28, 30, 32, 34, 36, 38, 40, 44, 46, 47, 51, 52, 53, 57, 66, 74]",37
114072103,2025-12-22,"[3, 9, 19, 23, 31, 32, 33, 37, 43, 45, 47, 49, 50, 52, 60, 69, 70, 71, 72, 74]",38
114072104,2025-12-22,"[4, 13, 16, 19, 24, 25, 29, 31, 36, 39, 42, 44, 46, 48, 56, 57, 64, 67, 72, 73]",39
114072105,2025-12-22,"[3, 18, 19, 20, 27, 28, 35, 40, 45, 47, 48, 49, 50, 51, 52, 63, 65, 68, 71, 76]",40
114072106,2025-12-22,"[1, 2, 12, 15, 20, 28, 30, 36, 38, 45, 47, 48, 52, 55, 56, 60, 66, 71, 72, 75]",41
114072107,2025-12-22,"[5, 6, 7, 9, 15, 18, 22, 32, 36, 44, 52, 56, 57, 60, 63, 66, 74, 75, 76, 80]",42
114072108,2025-12-22,"[1, 3, 18, 24, 25, 29, 33, 38, 41, 42, 44, 48, 49, 53, 55, 58, 59, 70, 74, 80]",43
114072109,2025-12-22,"[1, 5, 7, 9, 10, 12, 14, 15, 22, 23, 24, 31, 32, 54, 60, 61, 62, 66, 76, 79]",44
114072110,2025-12-22,"[14, 15, 20, 21, 22, 24, 25, 28, 31, 32, 36, 39, 44, 50, 55, 56, 64, 69, 72, 80]",45
114072111,2025-12-22,"[3, 6, 7, 10, 11, 14, 18, 25, 27, 33, 41, 44, 46, 48, 55, 58, 60, 70, 74, 77]",46
114072112,2025-12-22,"[1, 4, 11, 14, 15, 16, 21, 22, 25, 28, 30, 35, 40, 42, 45, 47, 61, 62, 65, 71]",47
114072113,2025-12-22,"[2, 4, 8, 12, 19, 21, 23, 25, 27, 44, 46, 50, 51, 52, 61, 63, 64, 70, 76, 79]",48
114072114,2025-12-22,"[13, 19, 23, 25, 29, 31, 32, 34, 35, 40, 42, 43, 53, 56, 63, 64, 69, 75, 76, 77]",49
114072115,2025-12-22,"[1, 5, 8, 13, 18, 20, 21, 26, 28, 32, 36, 41, 47, 50, 54, 59, 60, 67, 68, 69]",50
114072116,2025-12-22,"[1, 4, 11, 20, 25, 27, 35, 38, 40, 56, 59, 60, 61, 64, 66, 69, 71, 75, 78, 80]",51
114072117,2025-12-22,"[6, 7, 10, 11, 26, 28, 31, 32, 35, 40, 47, 48, 54, 59, 61, 67, 70, 73, 74, 80]",52
114072118,2025-12-22,"[2, 3, 4, 12, 14, 16, 22, 25, 32, 37, 42, 44, 47, 57, 60, 63, 67, 75, 78, 80]",53
114072119,2025-12-22,"[2, 3, 5, 6, 11, 18, 32, 33, 44, 45, 47, 50, 52, 53, 54, 60, 61, 63, 66, 71]",54
114072120,2025-12-22,"[1, 3, 6, 13, 14, 16, 18, 26, 28, 29, 32, 33, 42, 49, 54, 57, 60, 67, 68, 75]",55
114072121,2025-12-22,"[2, 6, 8, 14, 21, 23, 26, 32, 34, 40, 45, 51, 56, 57, 62, 67, 70, 72, 73, 77]",56
114072122,2025-12-22,"[2, 5, 7, 8, 18, 22, 25, 27, 32, 44, 50, 51, 52, 54, 55, 59, 65, 74, 78, 79]",57
114072123,2025-12-22,"[6, 7, 18, 23, 25, 30, 32, 39, 41, 43, 49, 50, 51, 52, 61, 69, 72, 73, 76, 77]",58
114072124,2025-12-22,"[13, 14, 19, 24, 25, 26, 29, 31, 36, 37, 39, 46, 49, 51, 54, 70, 72, 74, 78, 80]",59
114072125,2025-12-22,"[7, 8, 15, 20, 28, 29, 32, 38, 52, 57, 59, 61, 62, 64, 65, 66, 68, 73, 78, 79]",60
114072126,2025-12-22,"[4, 5, 9, 13, 14, 33, 35, 43, 46, 47, 49, 50, 53, 54, 55, 58, 61, 65, 68, 74]",61
114072127,2025-12-22,"[8, 14, 18, 24, 27, 28, 30, 41, 43, 45, 46, 52, 55, 61, 64, 69, 72, 73, 77, 78]",62
114072128,2025-12-22,"[2, 3, 7, 9, 18, 24, 47, 48, 52, 56, 58, 60, 64, 65, 67, 68, 71, 77, 78, 79]",63
114072129,2025-12-22,"[13, 14, 15, 20, 24, 26, 27, 29, 42, 46, 47, 50, 56, 63, 64, 71, 73, 75, 76, 77]",64
114072130,2025-12-22,"[1, 2, 11, 17, 18, 21, 22, 24, 26, 30, 31, 38, 39, 42, 58, 59, 60, 68, 70, 75]",65
114072131,2025-12-22,"[3, 8, 16, 17, 18, 20, 24, 28, 51, 52, 53, 55, 56, 62, 65, 67, 70, 74, 77, 80]",66
114072132,2025-12-22,"[5, 10, 11, 16, 18, 21, 22, 31, 47, 48, 55, 56, 60, 61, 65, 70, 71, 74, 76, 78]",67
114072133,2025-12-22,"[2, 5, 6, 10, 20, 29, 30, 33, 45, 46, 48, 50, 52, 58, 59, 63, 64, 72, 73, 76]",68
114072134,2025-12-22,"[4, 10, 13, 19, 24, 32, 38, 41, 42, 45, 50, 52, 54, 56, 57, 62, 70, 72, 76, 77]",69
114072135,2025-12-22,"[2, 4, 10, 13, 19, 20, 26, 41, 50, 53, 58, 60, 62, 66, 69, 70, 71, 73, 76, 80]",70
114072136,2025-12-22,"[10, 14, 18, 19, 21, 23, 25, 30, 34, 38, 44, 53, 54, 56, 61, 63, 67, 70, 74, 79]",71
114072137,2025-12-22,"[1, 7, 8, 12, 13, 20, 24, 36, 38, 40, 46, 47, 49, 56, 57, 59, 61, 64, 69, 73]",72
114072138,2025-12-22,"[4, 6, 11, 13, 16, 19, 25, 28, 36, 37, 38, 43, 44, 45, 53, 57, 59, 65, 71, 79]",73
114072139,2025-12-22,"[1, 3, 6, 9, 15, 16, 17, 19, 26, 27, 37, 48, 60, 65, 67, 69, 73, 74, 75, 80]",74
114072140,2025-12-22,"[4, 6, 8, 9, 11, 12, 14, 17, 32, 35, 36, 43, 50, 53, 61, 62, 67, 69, 70, 78]",75
114072141,2025-12-22,"[4, 11, 12, 15, 22, 23, 25, 29, 31, 37, 42, 44, 47, 49, 51, 54, 58, 59, 68, 72]",76
114072142,2025-12-22,"[2, 3, 4, 5, 11, 12, 14, 15, 24, 25, 30, 39, 48, 51, 53, 58, 61, 71, 75, 79]",77
114072143,2025-12-22,"[2, 8, 17, 19, 20, 26, 36, 39, 40, 42, 46, 51, 58, 60, 62, 63, 65, 67, 73, 79]",78
114072144,2025-12-22,"[5, 9, 10, 13, 14, 15, 19, 26, 28, 31, 39, 46, 48, 54, 58, 60, 61, 69, 70, 77]",79
114072145,2025-12-22,"[3, 5, 6, 7, 16, 18, 19, 21, 26, 31, 33, 44, 49, 53, 59, 62, 65, 66, 71, 72]",80
114072146,2025-12-22,"[3, 10, 11, 21, 27, 28, 33, 36, 42, 43, 46, 50, 52, 56, 62, 66, 70, 72, 77, 80]",81
114072147,2025-12-22,"[3, 6, 7, 11, 18, 19, 20, 24, 26, 29, 30, 37, 38, 48, 55, 56, 65, 68, 69, 75]",82
114072148,2025-12-22,"[5, 6, 11, 13, 24, 28, 36, 37, 38, 40, 44, 48, 51, 59, 68, 70, 72, 74, 76, 80]",83
114072149,2025-12-22,"[1, 2, 5, 6, 7, 11, 23, 24, 31, 33, 36, 37, 40, 42, 50, 54, 61, 64, 77, 78]",84
114072150,2025-12-22,"[1, 5, 6, 10, 14, 17, 18, 19, 32, 41, 46, 50, 51, 52, 53, 57, 59, 63, 68, 70]",85
114072151,2025-12-22,"[2, 14, 17, 18, 32, 40, 41, 42, 46, 47, 52, 58, 59, 66, 67, 69, 71, 72, 73, 80]",86
114072152,2025-12-22,"[7, 16, 18, 23, 27, 32, 33, 37, 42, 45, 47, 49, 50, 51, 57, 69, 75, 78, 79, 80]",87
114072153,2025-12-22,"[3, 6, 15, 16, 33, 36, 38, 43, 44, 48, 51, 52, 54, 60, 66, 68, 69, 73, 74, 78]",88
114072154,2025-12-22,"[8, 16, 19, 21, 26, 32, 33, 35, 37, 38, 43, 44, 56, 58, 64, 65, 66, 71, 75, 78]",89
114072155,2025-12-22,"[2, 4, 7, 11, 14, 19, 20, 25, 26, 27, 28, 35, 39, 47, 51, 60, 63, 64, 67, 75]",90
114072156,2025-12-22,"[3, 4, 14, 26, 30, 32, 33, 35, 36, 46, 52, 62, 64, 65, 66, 69, 71, 75, 76, 78]",91
114072157,2025-12-22,"[4, 6, 9, 10, 11, 19, 27, 28, 36, 49, 55, 56, 60, 62, 64, 66, 68, 74, 79, 80]",92
114072158,2025-12-22,"[1, 2, 7, 14, 18, 22, 26, 27, 29, 33, 36, 38, 44, 50, 58, 62, 63, 64, 70, 78]",93
114072159,2025-12-22,"[1, 3, 7, 12, 14, 16, 22, 35, 38, 40, 49, 51, 52, 54, 63, 64, 69, 70, 72, 76]",94
114072160,2025-12-22,"[1, 8, 9, 12, 17, 18, 28, 30, 31, 34, 41, 50, 52, 57, 58, 59, 60, 61, 65, 80]",95
114072161,2025-12-22,"[1, 3, 9, 11, 12, 19, 21, 24, 30, 33, 35, 38, 43, 52, 56, 64, 66, 67, 68, 78]",96
114072162,2025-12-22,"[10, 11, 17, 18, 25, 26, 27, 30, 32, 36, 43, 44, 50, 54, 59, 70, 71, 75, 78, 79]",97
114072163,2025-12-22,"[3, 6, 7, 18, 20, 22, 24, 28, 29, 33, 37, 38, 41, 46, 47, 50, 51, 54, 58, 61]",98
114072164,2025-12-22,"[1, 2, 3, 10, 12, 16, 23, 25, 29, 33, 38, 40, 41, 48, 57, 63, 68, 69, 74, 75]",99
114072165,2025-12-22,"[3, 5, 10, 17, 18, 23, 24, 38, 40, 42, 54, 63, 65, 67, 69, 71, 72, 76, 77, 80]",100
114072166,2025-12-22,"[17, 18, 22, 23, 24, 27, 30, 31, 40, 44, 46, 49, 51, 53, 55, 60, 63, 67, 69, 77]",101
114072167,2025-12-22,"[6, 11, 18, 19, 20, 21, 30, 31, 35, 39, 41, 45, 51, 56, 59, 60, 64, 65, 68, 72]",102
114072168,2025-12-22,"[9, 15, 16, 21, 24, 29, 32, 35, 39, 45, 46, 47, 49, 50, 66, 69, 70, 71, 73, 75]",103
114072169,2025-12-22,"[2, 4, 6, 7, 10, 13, 15, 23, 26, 31, 35, 36, 37, 41, 49, 54, 60, 74, 76, 78]",104
114072170,2025-12-22,"[11, 16, 18, 19, 20, 24, 27, 40, 44, 46, 49, 50, 55, 56, 61, 62, 65, 71, 77, 80]",105
114072171,2025-12-22,"[1, 7, 24, 25, 26, 30, 31, 37, 39, 40, 41, 43, 47, 61, 66, 68, 71, 76, 78, 79]",106
114072172,2025-12-22,"[2, 3, 5, 6, 28, 30, 31, 35, 37, 41, 44, 46, 48, 51, 65, 72, 74, 75, 77, 78]",107
114072173,2025-12-22,"[5, 9, 10, 14, 29, 32, 33, 38, 42, 48, 49, 50, 56, 62, 69, 71, 73, 75, 77, 78]",108
114072174,2025-12-22,"[14, 16, 23, 30, 32, 33, 37, 39, 40, 42, 46, 51, 63, 64, 68, 70, 71, 72, 76, 80]",109
114072175,2025-12-22,"[2, 9, 11, 12, 16, 20, 21, 23, 24, 25, 26, 35, 37, 38, 39, 43, 58, 69, 75, 78]",110
114072176,2025-12-22,"[8, 15, 16, 22, 24, 32, 41, 45, 50, 54, 55, 58, 59, 61, 62, 64, 65, 67, 72, 75]",111
114072177,2025-12-22,"[4, 5, 12, 16, 20, 23, 26, 30, 31, 32, 37, 44, 46, 47, 61, 64, 65, 70, 72, 77]",112
114072178,2025-12-22,"[1, 11, 15, 16, 18, 19, 20, 24, 28, 37, 45, 53, 55, 57, 58, 59, 63, 68, 76, 80]",113
114072179,2025-12-22,"[1, 3, 4, 8, 10, 11, 12, 15, 20, 24, 38, 40, 48, 53, 59, 61, 63, 70, 77, 79]",114
114072180,2025-12-22,"[9, 15, 20, 23, 24, 27, 33, 34, 37, 41, 42, 46, 52, 55, 58, 63, 64, 66, 69, 73]",115
114072181,2025-12-22,"[2, 6, 8, 10, 12, 15, 30, 33, 37, 39, 43, 44, 46, 49, 56, 72, 74, 75, 79, 80]",116
114072182,2025-12-22,"[4, 5, 14, 15, 18, 19, 20, 25, 36, 39, 41, 51, 55, 56, 57, 63, 69, 71, 72, 75]",117
114072183,2025-12-22,"[7, 10, 13, 18, 22, 25, 26, 28, 30, 40, 44, 46, 50, 53, 55, 57, 62, 65, 70, 73]",118
114072184,2025-12-22,"[3, 10, 13, 18, 25, 35, 36, 39, 43, 45, 51, 55, 57, 60, 62, 67, 71, 73, 77, 78]",119
114072185,2025-12-22,"[4, 6, 8, 9, 13, 15, 18, 21, 22, 26, 34, 42, 48, 49, 53, 58, 67, 71, 72, 80]",120
114072186,2025-12-22,"[2, 11, 21, 22, 27, 30, 38, 40, 49, 51, 52, 56, 59, 62, 66, 67, 70, 74, 75, 78]",121
114072187,2025-12-22,"[4, 5, 12, 14, 19, 22, 39, 43, 47, 48, 49, 51, 52, 55, 58, 65, 70, 74, 76, 79]",122
114072188,2025-12-22,"[2, 8, 11, 17, 19, 30, 31, 33, 38, 39, 42, 44, 46, 48, 49, 53, 54, 60, 68, 75]",123
114072189,2025-12-22,"[2, 11, 13, 19, 24, 27, 28, 29, 34, 36, 39, 47, 48, 56, 63, 67, 68, 70, 71, 78]",124
114072190,2025-12-22,"[7, 10, 12, 24, 25, 28, 31, 35, 37, 44, 48, 55, 58, 66, 69, 72, 73, 75, 78, 80]",125
114072191,2025-12-22,"[2, 4, 5, 7, 15, 21, 25, 26, 33, 36, 43, 44, 47, 48, 52, 53, 59, 66, 68, 79]",126
114072192,2025-12-22,"[4, 7, 11, 20, 29, 32, 34, 40, 41, 42, 46, 48, 49, 51, 53, 55, 57, 69, 73, 77]",127
114072193,2025-12-22,"[1, 5, 11, 12, 13, 16, 21, 22, 25, 28, 31, 34, 37, 40, 44, 46, 48, 58, 68, 74]",128
114072194,2025-12-22,"[1, 2, 3, 5, 11, 15, 18, 20, 22, 31, 35, 38, 39, 50, 52, 58, 59, 63, 78, 79]",129
114072195,2025-12-22,"[1, 4, 13, 16, 21, 27, 31, 40, 42, 46, 49, 52, 60, 64, 67, 70, 71, 73, 76, 79]",130
114072196,2025-12-22,"[6, 21, 23, 24, 26, 27, 28, 30, 37, 42, 45, 48, 51, 53, 54, 59, 72, 76, 79, 80]",131
114072197,2025-12-22,"[3, 4, 11, 13, 15, 17, 18, 24, 28, 34, 35, 47, 49, 53, 54, 59, 70, 76, 78, 79]",132
114072198,2025-12-22,"[1, 3, 8, 17, 19, 24, 30, 32, 45, 46, 47, 48, 50, 53, 58, 69, 72, 73, 77, 79]",133
114072199,2025-12-22,"[8, 9, 10, 12, 19, 28, 29, 37, 39, 41, 50, 54, 55, 56, 58, 59, 65, 71, 76, 78]",134
114072200,2025-12-22,"[5, 16, 21, 22, 24, 25, 31, 32, 39, 46, 49, 51, 52, 54, 58, 60, 63, 64, 72, 80]",135
114072201,2025-12-22,"[3, 4, 8, 16, 21, 24, 27, 28, 29, 32, 36, 37, 43, 48, 49, 63, 64, 72, 75, 80]",136
114072202,2025-12-22,"[2, 3, 7, 8, 10, 11, 13, 15, 24, 25, 29, 30, 33, 43, 63, 64, 69, 72, 76, 78]",137
114072203,2025-12-22,"[1, 3, 11, 13, 14, 16, 18, 19, 27, 29, 36, 40, 41, 51, 53, 54, 65, 75, 77, 78]",138
114072204,2025-12-22,"[1, 7, 10, 12, 28, 30, 32, 34, 36, 37, 48, 49, 55, 60, 61, 62, 63, 70, 72, 80]",139
114072205,2025-12-22,"[10, 11, 15, 17, 18, 20, 21, 23, 26, 31, 32, 36, 39, 54, 57, 58, 69, 72, 76, 78]",140
114072206,2025-12-22,"[6, 14, 17, 21, 24, 27, 33, 37, 39, 44, 47, 48, 54, 59, 60, 64, 67, 68, 71, 79]",141
114072207,2025-12-22,"[11, 16, 20, 26, 30, 39, 41, 45, 47, 48, 51, 53, 56, 57, 62, 70, 71, 74, 77, 80]",142
114072208,2025-12-22,"[4, 7, 11, 12, 15, 17, 18, 20, 26, 27, 42, 48, 49, 55, 59, 65, 66, 68, 72, 79]",143
114072209,2025-12-22,"[3, 8, 10, 15, 28, 29, 31, 33, 37, 45, 47, 48, 52, 60, 64, 72, 73, 74, 76, 79]",144
114072210,2025-12-22,"[6, 7, 11, 12, 16, 17, 18, 23, 25, 27, 47, 48, 49, 50, 61, 64, 69, 70, 74, 76]",145
114072211,2025-12-22,"[3, 7, 12, 16, 22, 28, 29, 30, 32, 33, 40, 43, 46, 49, 56, 62, 66, 68, 70, 74]",146
114072212,2025-12-22,"[8, 9, 17, 23, 27, 32, 34, 36, 39, 46, 47, 49, 54, 56, 57, 62, 63, 69, 74, 79]",147
114072213,2025-12-22,"[2, 3, 5, 8, 10, 14, 15, 17, 22, 24, 35, 36, 46, 57, 58, 60, 62, 64, 68, 79]",148
114072214,2025-12-22,"[5, 10, 14, 19, 20, 22, 24, 28, 37, 39, 48, 49, 51, 55, 59, 60, 63, 66, 69, 80]",149
114072215,2025-12-22,"[2, 8, 12, 18, 19, 20, 22, 23, 26, 27, 33, 34, 42, 43, 48, 49, 58, 63, 73, 77]",150
114072216,2025-12-22,"[7, 10, 14, 24, 31, 40, 45, 49, 53, 55, 56, 64, 66, 67, 68, 69, 72, 73, 75, 77]",151
114072217,2025-12-22,"[9, 10, 17, 24, 26, 28, 29, 30, 39, 44, 47, 53, 57, 59, 65, 66, 68, 70, 74, 75]",152
114072218,2025-12-22,"[4, 5, 8, 12, 16, 22, 23, 44, 46, 53, 55, 56, 60, 63, 67, 69, 71, 75, 76, 77]",153
114072219,2025-12-22,"[9, 12, 24, 25, 30, 39, 40, 41, 43, 49, 50, 52, 55, 58, 65, 72, 74, 76, 78, 79]",154
114072220,2025-12-22,"[7, 9, 10, 18, 20, 21, 31, 33, 34, 42, 49, 53, 54, 55, 63, 68, 70, 72, 73, 76]",155
114072221,2025-12-22,"[1, 6, 8, 18, 21, 27, 34, 36, 38, 40, 47, 51, 55, 57, 62, 65, 67, 68, 73, 76]",156
114072222,2025-12-22,"[4, 11, 12, 15, 27, 32, 37, 38, 41, 42, 43, 45, 47, 51, 57, 61, 64, 69, 73, 77]",157
114072223,2025-12-22,"[3, 5, 6, 7, 10, 15, 17, 23, 31, 32, 33, 34, 42, 51, 52, 55, 61, 71, 76, 79]",158
114072224,2025-12-22,"[1, 3, 6, 7, 9, 12, 13, 17, 23, 25, 33, 34, 36, 48, 55, 57, 61, 64, 68, 71]",159
114072225,2025-12-22,"[9, 11, 14, 15, 21, 25, 27, 29, 31, 39, 42, 44, 54, 56, 57, 59, 65, 71, 76, 78]",160
114072226,2025-12-22,"[3, 5, 12, 15, 20, 21, 22, 27, 33, 37, 42, 43, 48, 50, 52, 59, 67, 69, 70, 71]",161
114072227,2025-12-22,"[3, 5, 7, 8, 11, 16, 27, 29, 30, 33, 35, 40, 42, 44, 54, 56, 58, 62, 65, 71]",162
114072228,2025-12-22,"[1, 3, 4, 7, 9, 26, 30, 35, 39, 40, 43, 44, 45, 46, 52, 55, 57, 63, 75, 79]",163
114072229,2025-12-22,"[3, 6, 8, 10, 12, 13, 22, 29, 30, 34, 39, 45, 48, 50, 52, 62, 64, 66, 71, 80]",164
114072230,2025-12-22,"[1, 4, 8, 15, 16, 17, 20, 24, 26, 27, 32, 33, 35, 38, 46, 58, 63, 71, 73, 80]",165
114072231,2025-12-22,"[5, 10, 14, 24, 27, 30, 31, 32, 38, 42, 44, 48, 52, 53, 54, 61, 65, 67, 70, 73]",166
114072232,2025-12-22,"[5, 19, 21, 29, 32, 42, 45, 47, 50, 51, 52, 53, 54, 58, 66, 72, 75, 76, 78, 80]",167
114072233,2025-12-22,"[8, 16, 21, 27, 30, 33, 34, 35, 44, 49, 51, 53, 56, 65, 66, 67, 68, 69, 75, 78]",168
114072234,2025-12-22,"[1, 4, 12, 18, 20, 24, 32, 36, 40, 43, 48, 50, 54, 60, 61, 62, 64, 66, 70, 79]",169
114072235,2025-12-22,"[1, 3, 4, 17, 23, 24, 29, 36, 38, 39, 46, 48, 55, 65, 66, 71, 74, 75, 78, 80]",170
114072236,2025-12-22,"[3, 4, 13, 19, 20, 30, 31, 43, 45, 51, 52, 55, 56, 61, 65, 72, 73, 77, 78, 80]",171
114072237,2025-12-22,"[8, 12, 13, 16, 24, 29, 30, 33, 35, 46, 49, 54, 56, 59, 60, 65, 66, 74, 75, 76]",172
114072238,2025-12-22,"[1, 7, 11, 13, 25, 27, 34, 35, 36, 40, 44, 56, 57, 59, 65, 66, 68, 73, 74, 80]",173
114072239,2025-12-22,"[3, 5, 7, 12, 17, 25, 27, 28, 42, 49, 52, 53, 56, 63, 65, 68, 69, 70, 71, 80]",174
114072240,2025-12-22,"[6, 7, 10, 16, 20, 22, 32, 40, 44, 45, 46, 57, 58, 62, 66, 70, 73, 75, 78, 80]",175
114072241,2025-12-22,"[1, 2, 6, 10, 16, 25, 28, 30, 33, 39, 45, 47, 49, 52, 65, 66, 69, 73, 74, 77]",176
114072242,2025-12-22,"[3, 5, 9, 35, 36, 39, 44, 45, 46, 49, 51, 55, 61, 67, 70, 71, 72, 75, 79, 80]",177
114072243,2025-12-22,"[2, 4, 12, 15, 16, 17, 21, 22, 28, 32, 39, 40, 47, 51, 61, 62, 66, 69, 71, 76]",178
114072244,2025-12-22,"[2, 20, 21, 26, 27, 35, 38, 47, 49, 50, 51, 54, 55, 60, 62, 64, 67, 75, 77, 78]",179
114072245,2025-12-22,"[7, 12, 15, 17, 24, 25, 31, 36, 43, 44, 46, 48, 49, 51, 52, 54, 56, 58, 68, 71]",180
114072246,2025-12-22,"[4, 5, 11, 16, 17, 18, 24, 26, 29, 33, 37, 39, 46, 54, 56, 59, 65, 69, 73, 79]",181
114072247,2025-12-22,"[3, 8, 17, 24, 28, 31, 35, 36, 48, 52, 56, 57, 58, 63, 66, 68, 73, 74, 75, 77]",182
114072248,2025-12-22,"[1, 2, 3, 5, 6, 14, 21, 31, 35, 37, 38, 45, 47, 49, 53, 55, 57, 58, 74, 79]",183
114072249,2025-12-22,"[2, 4, 9, 10, 13, 19, 21, 24, 25, 29, 34, 38, 40, 44, 47, 52, 59, 62, 69, 76]",184
114072250,2025-12-22,"[5, 10, 16, 18, 21, 23, 31, 32, 33, 38, 39, 41, 45, 49, 52, 54, 66, 72, 76, 78]",185
114072251,2025-12-22,"[7, 9, 10, 11, 12, 19, 21, 22, 31, 34, 38, 44, 45, 47, 62, 64, 65, 66, 69, 78]",186
114072252,2025-12-22,"[1, 4, 8, 10, 11, 12, 13, 17, 35, 37, 38, 39, 50, 51, 56, 64, 69, 72, 76, 80]",187
114072253,2025-12-22,"[1, 5, 6, 12, 15, 16, 19, 27, 28, 33, 38, 40, 42, 43, 47, 55, 58, 59, 64, 77]",188
114072254,2025-12-22,"[1, 2, 4, 6, 9, 21, 23, 25, 30, 36, 39, 46, 47, 48, 54, 55, 57, 67, 68, 79]",189
114072255,2025-12-22,"[6, 7, 15, 30, 33, 36, 37, 38, 40, 41, 42, 46, 48, 52, 54, 57, 62, 65, 75, 80]",190
114072256,2025-12-22,"[1, 8, 11, 21, 27, 29, 31, 33, 38, 43, 48, 50, 54, 56, 57, 62, 70, 72, 73, 75]",191
114072257,2025-12-22,"[3, 6, 17, 18, 20, 24, 25, 31, 37, 41, 43, 46, 47, 48, 51, 64, 65, 66, 69, 77]",192
114072258,2025-12-22,"[13, 25, 28, 32, 37, 40, 45, 46, 51, 54, 55, 56, 57, 59, 60, 63, 65, 68, 69, 78]",193
114072259,2025-12-22,"[1, 10, 12, 18, 20, 32, 34, 35, 36, 38, 39, 41, 42, 47, 48, 52, 61, 62, 63, 76]",194
114072260,2025-12-22,"[16, 21, 23, 24, 37, 41, 44, 47, 48, 53, 55, 56, 60, 62, 63, 69, 70, 78, 79, 80]",195
114072261,2025-12-22,"[8, 10, 13, 28, 38, 41, 43, 46, 49, 51, 55, 58, 59, 60, 65, 67, 70, 72, 77, 80]",196
114072262,2025-12-22,"[1, 4, 15, 16, 17, 32, 33, 34, 35, 42, 47, 57, 59, 61, 65, 69, 71, 72, 77, 78]",197
114072263,2025-12-22,"[4, 6, 12, 13, 28, 33, 39, 40, 45, 50, 53, 54, 57, 58, 60, 65, 66, 69, 70, 72]",198
114072264,2025-12-22,"[1, 3, 11, 17, 23, 25, 27, 34, 35, 40, 44, 46, 47, 48, 51, 60, 61, 66, 73, 79]",199
114072265,2025-12-22,"[3, 15, 20, 38, 39, 47, 48, 50, 52, 54, 55, 60, 63, 64, 68, 71, 72, 75, 77, 79]",200
114072266,2025-12-22,"[1, 7, 9, 12, 13, 15, 22, 27, 30, 32, 33, 35, 36, 37, 41, 49, 56, 64, 74, 79]",201
114072267,2025-12-22,"[4, 5, 6, 9, 11, 12, 15, 25, 32, 38, 39, 40, 42, 46, 51, 54, 55, 57, 60, 80]",202
114072268,2025-12-22,"[7, 9, 12, 16, 17, 22, 24, 27, 33, 38, 39, 46, 57, 61, 71, 73, 76, 77, 78, 80]",203
114072269,2025-12-23,"[1, 7, 9, 13, 17, 21, 24, 25, 29, 31, 39, 40, 41, 42, 46, 51, 57, 62, 64, 71]",1
114072270,2025-12-23,"[1, 5, 10, 17, 18, 21, 27, 31, 34, 37, 39, 40, 45, 48, 49, 53, 57, 69, 71, 79]",2
114072271,2025-12-23,"[6, 7, 9, 10, 11, 13, 19, 20, 23, 27, 36, 38, 39, 40, 41, 46, 58, 59, 66, 69]",3
114072272,2025-12-23,"[12, 13, 29, 30, 31, 32, 33, 34, 35, 37, 48, 49, 51, 52, 57, 58, 61, 66, 67, 80]",4
114072273,2025-12-23,"[7, 8, 12, 13, 19, 21, 24, 27, 29, 33, 39, 43, 45, 46, 50, 54, 57, 59, 62, 68]",5
114072274,2025-12-23,"[6, 14, 15, 18, 28, 37, 42, 43, 51, 53, 54, 59, 60, 63, 65, 66, 68, 73, 74, 77]",6
114072275,2025-12-23,"[4, 7, 9, 15, 18, 19, 29, 35, 40, 42, 43, 46, 53, 54, 56, 59, 65, 67, 75, 77]",7
114072276,2025-12-23,"[1, 3, 5, 27, 29, 35, 38, 39, 40, 42, 45, 48, 55, 56, 59, 60, 73, 77, 79, 80]",8
114072277,2025-12-23,"[16, 18, 23, 28, 31, 34, 36, 41, 43, 50, 55, 56, 57, 59, 62, 65, 69, 76, 78, 80]",9
114072278,2025-12-23,"[5, 6, 8, 12, 16, 17, 21, 22, 29, 35, 43, 46, 50, 55, 59, 69, 71, 73, 74, 78]",10
114072279,2025-12-23,"[6, 12, 16, 19, 20, 21, 24, 25, 27, 30, 31, 32, 40, 42, 43, 46, 56, 65, 66, 79]",11
114072280,2025-12-23,"[1, 3, 5, 8, 13, 14, 16, 31, 44, 46, 48, 51, 52, 60, 68, 72, 76, 77, 79, 80]",12
114072281,2025-12-23,"[2, 6, 9, 15, 16, 21, 22, 29, 36, 42, 44, 45, 49, 57, 59, 70, 73, 77, 78, 80]",13
114072282,2025-12-23,"[3, 4, 7, 11, 19, 23, 24, 25, 26, 27, 29, 31, 35, 36, 46, 51, 65, 68, 71, 73]",14
114072283,2025-12-23,"[3, 7, 9, 15, 17, 21, 24, 25, 27, 28, 45, 46, 49, 50, 56, 63, 75, 76, 78, 80]",15
114072284,2025-12-23,"[1, 15, 17, 18, 22, 26, 28, 30, 33, 34, 35, 42, 46, 47, 54, 59, 61, 66, 69, 74]",16
114072285,2025-12-23,"[3, 10, 14, 15, 27, 28, 29, 30, 41, 42, 43, 44, 51, 52, 54, 66, 71, 72, 76, 78]",17
114072286,2025-12-23,"[1, 5, 14, 18, 25, 35, 37, 44, 50, 54, 59, 60, 62, 64, 66, 68, 71, 72, 79, 80]",18
114072287,2025-12-23,"[2, 3, 9, 11, 13, 15, 25, 36, 37, 40, 41, 42, 43, 48, 53, 57, 58, 62, 63, 74]",19
114072288,2025-12-23,"[6, 7, 9, 13, 14, 16, 21, 32, 36, 43, 45, 48, 52, 59, 69, 72, 74, 76, 77, 80]",20
114072289,2025-12-23,"[5, 8, 10, 11, 14, 17, 18, 19, 24, 27, 31, 32, 34, 42, 60, 63, 66, 67, 74, 80]",21
114072290,2025-12-23,"[3, 4, 11, 17, 18, 19, 22, 36, 39, 41, 42, 43, 44, 51, 54, 61, 65, 69, 72, 79]",22
114072291,2025-12-23,"[3, 8, 10, 13, 16, 19, 24, 25, 27, 29, 30, 42, 44, 48, 53, 55, 57, 60, 66, 76]",23
114072292,2025-12-23,"[2, 12, 13, 16, 17, 19, 22, 24, 30, 31, 32, 37, 42, 51, 59, 60, 62, 67, 69, 77]",24
114072293,2025-12-23,"[3, 15, 22, 24, 27, 28, 31, 39, 43, 44, 45, 49, 58, 59, 61, 62, 63, 68, 74, 78]",25
114072294,2025-12-23,"[3, 10, 11, 18, 22, 23, 25, 31, 32, 38, 40, 47, 53, 54, 56, 59, 60, 67, 68, 78]",26
114072295,2025-12-23,"[6, 8, 11, 15, 20, 25, 26, 29, 32, 35, 36, 43, 55, 59, 63, 67, 73, 76, 77, 79]",27
114072296,2025-12-23,"[3, 8, 13, 14, 20, 22, 25, 26, 28, 30, 33, 41, 45, 53, 57, 58, 66, 67, 70, 73]",28
114072297,2025-12-23,"[3, 11, 13, 14, 16, 17, 18, 26, 39, 40, 42, 47, 49, 50, 55, 72, 76, 77, 78, 79]",29
114072298,2025-12-23,"[2, 3, 7, 8, 10, 14, 22, 25, 26, 32, 35, 54, 57, 67, 68, 72, 73, 75, 76, 79]",30
114072299,2025-12-23,"[1, 3, 6, 7, 10, 12, 13, 18, 22, 28, 29, 30, 43, 45, 47, 51, 55, 61, 77, 78]",31
114072300,2025-12-23,"[1, 2, 4, 6, 14, 23, 25, 26, 40, 44, 46, 47, 53, 57, 58, 61, 63, 72, 73, 76]",32
114072301,2025-12-23,"[5, 13, 26, 29, 31, 35, 36, 38, 42, 45, 46, 47, 50, 57, 58, 64, 68, 70, 73, 75]",33
114072302,2025-12-23,"[4, 5, 6, 7, 9, 21, 25, 26, 31, 38, 42, 43, 47, 48, 57, 60, 61, 64, 65, 80]",34
114072303,2025-12-23,"[6, 7, 17, 18, 22, 25, 29, 36, 41, 43, 45, 52, 55, 57, 60, 63, 65, 67, 74, 77]",35
114072304,2025-12-23,"[8, 9, 12, 21, 35, 36, 38, 39, 41, 42, 49, 54, 58, 62, 68, 69, 71, 75, 77, 78]",36
114072305,2025-12-23,"[8, 10, 12, 13, 24, 26, 29, 46, 49, 55, 56, 58, 59, 63, 64, 65, 67, 69, 76, 80]",37
114072306,2025-12-23,"[2, 3, 5, 6, 17, 27, 30, 33, 34, 38, 41, 42, 44, 54, 62, 64, 69, 72, 74, 78]",38
114072307,2025-12-23,"[1, 4, 8, 14, 19, 20, 21, 25, 28, 30, 40, 44, 48, 53, 56, 60, 63, 69, 71, 79]",39
114072308,2025-12-23,"[8, 14, 21, 24, 31, 33, 37, 41, 43, 44, 48, 56, 58, 60, 63, 64, 69, 76, 77, 79]",40
114072309,2025-12-23,"[3, 4, 17, 18, 30, 31, 32, 34, 38, 39, 44, 45, 46, 47, 54, 56, 59, 62, 65, 74]",41
114072310,2025-12-23,"[4, 5, 9, 12, 14, 17, 21, 23, 27, 40, 43, 49, 50, 53, 54, 57, 59, 60, 61, 79]",42
114072311,2025-12-23,"[1, 3, 4, 7, 8, 20, 23, 27, 33, 41, 53, 54, 55, 57, 59, 66, 70, 71, 76, 79]",43
114072312,2025-12-23,"[7, 8, 10, 11, 20, 27, 33, 34, 35, 36, 37, 42, 43, 46, 50, 61, 62, 68, 78, 80]",44
114072313,2025-12-23,"[2, 5, 9, 11, 15, 17, 19, 27, 30, 44, 48, 56, 57, 59, 63, 64, 65, 67, 68, 80]",45
114072314,2025-12-23,"[6, 10, 15, 19, 27, 29, 33, 35, 38, 39, 40, 45, 46, 54, 60, 63, 64, 66, 77, 80]",46
114072315,2025-12-23,"[5, 7, 12, 15, 18, 46, 48, 49, 50, 52, 60, 62, 63, 65, 66, 72, 75, 76, 78, 79]",47
114072316,2025-12-23,"[1, 2, 3, 5, 6, 9, 13, 25, 26, 27, 31, 39, 50, 52, 57, 60, 64, 68, 78, 79]",48
114072317,2025-12-23,"[2, 10, 13, 15, 16, 24, 28, 29, 34, 38, 40, 46, 47, 57, 60, 65, 66, 67, 71, 76]",49
114072318,2025-12-23,"[1, 17, 18, 23, 25, 31, 33, 35, 36, 38, 45, 47, 53, 55, 56, 64, 67, 68, 69, 80]",50
114072319,2025-12-23,"[1, 18, 25, 27, 29, 44, 45, 46, 48, 49, 51, 58, 59, 60, 65, 67, 68, 76, 79, 80]",51
114072320,2025-12-23,"[3, 7, 9, 10, 14, 22, 25, 27, 30, 32, 35, 36, 39, 46, 48, 53, 54, 69, 72, 74]",52
114072321,2025-12-23,"[3, 5, 10, 17, 25, 31, 34, 35, 37, 40, 41, 47, 49, 57, 63, 65, 66, 68, 73, 77]",53
114072322,2025-12-23,"[2, 3, 5, 6, 12, 20, 26, 28, 43, 59, 62, 63, 64, 66, 67, 68, 76, 77, 78, 80]",54
114072323,2025-12-23,"[2, 3, 7, 9, 13, 15, 19, 24, 26, 32, 37, 48, 54, 55, 64, 69, 70, 72, 73, 76]",55
114072324,2025-12-23,"[1, 2, 5, 6, 11, 20, 23, 25, 26, 32, 36, 39, 46, 51, 53, 61, 63, 67, 75, 78]",56
114072325,2025-12-23,"[2, 8, 12, 14, 15, 29, 30, 31, 32, 33, 40, 42, 47, 54, 56, 61, 64, 67, 70, 73]",57
114072326,2025-12-23,"[2, 3, 4, 10, 12, 14, 18, 21, 23, 27, 29, 43, 44, 51, 55, 56, 57, 63, 66, 75]",58
114072327,2025-12-23,"[2, 9, 12, 19, 22, 23, 28, 31, 32, 35, 51, 58, 61, 67, 69, 72, 74, 76, 77, 79]",59
114072328,2025-12-23,"[1, 10, 13, 17, 20, 21, 22, 26, 28, 29, 33, 39, 42, 46, 50, 51, 59, 67, 77, 80]",60
114072329,2025-12-23,"[3, 11, 19, 20, 24, 25, 29, 31, 32, 40, 41, 44, 48, 51, 52, 58, 59, 64, 66, 80]",61
114072330,2025-12-23,"[2, 3, 6, 9, 11, 21, 24, 29, 34, 37, 38, 39, 44, 49, 53, 61, 62, 66, 68, 79]",62
114072331,2025-12-23,"[6, 10, 11, 20, 21, 23, 24, 32, 35, 37, 40, 42, 43, 44, 51, 53, 65, 67, 71, 72]",63
114072332,2025-12-23,"[1, 6, 13, 15, 23, 29, 31, 38, 39, 41, 51, 52, 53, 56, 57, 63, 65, 68, 75, 76]",64
114072333,2025-12-23,"[2, 9, 13, 15, 17, 19, 22, 29, 33, 35, 38, 40, 44, 46, 51, 52, 63, 68, 76, 79]",65
114072334,2025-12-23,"[2, 8, 9, 19, 27, 31, 39, 43, 47, 49, 52, 53, 55, 59, 67, 68, 69, 74, 78, 79]",66
114072335,2025-12-23,"[5, 11, 13, 14, 21, 22, 23, 32, 34, 37, 44, 45, 48, 49, 50, 56, 65, 66, 74, 79]",67
114072336,2025-12-23,"[2, 8, 17, 19, 20, 23, 24, 27, 33, 37, 50, 59, 60, 66, 71, 74, 75, 78, 79, 80]",68
114072337,2025-12-23,"[4, 16, 22, 26, 31, 34, 39, 40, 41, 43, 46, 48, 49, 50, 51, 52, 60, 67, 71, 80]",69
114072338,2025-12-23,"[2, 7, 9, 11, 18, 22, 23, 33, 40, 44, 46, 50, 55, 58, 65, 69, 75, 76, 77, 80]",70
114072339,2025-12-23,"[14, 17, 19, 21, 23, 27, 28, 29, 36, 52, 59, 61, 62, 63, 67, 70, 73, 74, 75, 80]",71
114072340,2025-12-23,"[1, 6, 9, 14, 16, 22, 23, 28, 34, 38, 44, 47, 59, 61, 68, 69, 71, 76, 77, 78]",72
114072341,2025-12-23,"[3, 7, 16, 21, 28, 29, 38, 41, 42, 44, 45, 49, 50, 52, 53, 54, 55, 61, 63, 72]",73
114072342,2025-12-23,"[1, 4, 7, 15, 16, 21, 22, 23, 26, 30, 41, 45, 51, 52, 55, 63, 64, 66, 76, 77]",74
114072343,2025-12-23,"[3, 6, 8, 9, 14, 23, 37, 45, 47, 48, 53, 54, 57, 58, 61, 69, 72, 76, 79, 80]",75
114072344,2025-12-23,"[5, 8, 10, 15, 21, 22, 24, 25, 26, 30, 31, 33, 39, 40, 43, 45, 55, 62, 69, 70]",76
114072345,2025-12-23,"[4, 21, 28, 29, 34, 37, 41, 42, 44, 47, 48, 49, 50, 51, 56, 60, 62, 68, 73, 77]",77
114072346,2025-12-23,"[1, 4, 5, 9, 11, 12, 13, 14, 17, 30, 33, 39, 45, 60, 65, 67, 68, 69, 78, 79]",78
114072347,2025-12-23,"[5, 7, 10, 13, 30, 31, 33, 35, 40, 43, 44, 46, 49, 55, 57, 59, 63, 74, 76, 79]",79
114072348,2025-12-23,"[4, 14, 17, 19, 20, 31, 34, 39, 42, 43, 51, 52, 54, 57, 59, 68, 69, 74, 77, 80]",80
114072349,2025-12-23,"[4, 7, 8, 9, 10, 15, 18, 19, 34, 35, 37, 54, 58, 62, 63, 64, 65, 71, 75, 80]",81
114072350,2025-12-23,"[2, 8, 11, 14, 15, 16, 18, 25, 26, 29, 37, 51, 53, 56, 60, 65, 74, 75, 76, 80]",82
114072351,2025-12-23,"[3, 6, 11, 17, 18, 19, 23, 25, 26, 29, 38, 41, 49, 50, 53, 59, 65, 68, 78, 80]",83
114072352,2025-12-23,"[1, 4, 6, 18, 21, 22, 25, 35, 37, 42, 47, 50, 51, 56, 58, 60, 61, 63, 68, 75]",84
114072353,2025-12-23,"[3, 10, 11, 22, 24, 25, 26, 32, 35, 39, 40, 41, 47, 54, 55, 57, 58, 69, 75, 76]",85
114072354,2025-12-23,"[6, 8, 12, 13, 16, 19, 22, 26, 28, 35, 43, 44, 49, 51, 56, 59, 63, 67, 70, 75]",86
114072355,2025-12-23,"[4, 7, 8, 10, 14, 25, 32, 44, 49, 51, 52, 55, 57, 58, 62, 66, 68, 69, 72, 79]",87
114072356,2025-12-23,"[1, 4, 5, 9, 13, 29, 31, 32, 39, 41, 42, 47, 49, 50, 55, 62, 68, 71, 78, 79]",88
114072357,2025-12-23,"[11, 12, 13, 15, 17, 26, 31, 32, 36, 39, 40, 44, 45, 46, 58, 61, 65, 67, 79, 80]",89
114072358,2025-12-23,"[4, 8, 13, 14, 16, 17, 20, 36, 37, 38, 41, 49, 53, 56, 63, 65, 68, 71, 73, 80]",90
114072359,2025-12-23,"[1, 16, 17, 27, 30, 32, 34, 37, 38, 40, 51, 54, 55, 57, 64, 68, 71, 75, 76, 80]",91
114072360,2025-12-23,"[2, 9, 18, 23, 26, 27, 36, 38, 48, 51, 52, 54, 55, 58, 60, 64, 71, 72, 76, 80]",92
114072361,2025-12-23,"[6, 9, 13, 16, 21, 22, 27, 28, 35, 36, 37, 42, 43, 49, 59, 62, 64, 67, 79, 80]",93
114072362,2025-12-23,"[2, 3, 7, 10, 11, 13, 14, 16, 17, 22, 29, 34, 37, 38, 41, 49, 52, 58, 67, 69]",94
114072363,2025-12-23,"[3, 6, 12, 13, 16, 18, 19, 21, 29, 31, 39, 47, 51, 54, 55, 59, 63, 70, 74, 79]",95
114072364,2025-12-23,"[1, 2, 3, 8, 13, 15, 16, 27, 32, 33, 36, 38, 44, 55, 57, 60, 67, 68, 71, 76]",96
114072365,2025-12-23,"[8, 9, 11, 16, 17, 22, 23, 24, 25, 27, 35, 36, 41, 47, 58, 60, 71, 72, 78, 80]",97
114072366,2025-12-23,"[2, 7, 14, 17, 20, 23, 26, 27, 28, 33, 38, 41, 42, 44, 56, 61, 62, 63, 65, 80]",98
114072367,2025-12-23,"[2, 9, 11, 12, 14, 19, 22, 24, 25, 28, 29, 31, 35, 37, 40, 45, 55, 60, 71, 77]",99
114072368,2025-12-23,"[6, 8, 13, 15, 17, 21, 28, 34, 35, 38, 47, 51, 55, 56, 61, 68, 73, 74, 75, 79]",100
114072369,2025-12-23,"[3, 14, 16, 22, 23, 24, 28, 33, 36, 40, 41, 42, 45, 49, 54, 56, 70, 73, 78, 80]",101
114072370,2025-12-23,"[2, 8, 13, 15, 16, 21, 23, 24, 29, 30, 32, 35, 38, 42, 54, 55, 63, 72, 75, 77]",102
114072371,2025-12-23,"[4, 13, 17, 18, 28, 30, 32, 42, 43, 44, 49, 51, 54, 57, 59, 65, 67, 72, 74, 79]",103
114072372,2025-12-23,"[4, 5, 8, 10, 11, 12, 28, 34, 42, 47, 48, 51, 58, 59, 62, 65, 69, 70, 77, 80]",104
114072373,2025-12-23,"[1, 5, 9, 10, 11, 12, 15, 22, 25, 27, 28, 31, 37, 44, 55, 57, 59, 65, 69, 75]",105
114072374,2025-12-23,"[8, 13, 14, 19, 21, 23, 25, 30, 32, 41, 43, 49, 50, 54, 64, 65, 71, 72, 77, 79]",106
114072375,2025-12-23,"[2, 4, 7, 17, 20, 22, 23, 24, 28, 34, 43, 48, 57, 58, 59, 61, 63, 64, 71, 75]",107
114072376,2025-12-23,"[3, 7, 12, 15, 20, 24, 33, 35, 37, 38, 44, 46, 47, 56, 58, 59, 64, 67, 69, 71]",108
114072377,2025-12-23,"[1, 7, 13, 20, 27, 30, 34, 36, 40, 42, 46, 50, 51, 53, 61, 64, 66, 75, 77, 80]",109
114072378,2025-12-23,"[3, 9, 10, 22, 23, 25, 26, 28, 29, 35, 46, 48, 49, 56, 59, 60, 61, 69, 77, 79]",110
114072379,2025-12-23,"[5, 6, 12, 25, 31, 37, 39, 49, 51, 53, 56, 60, 63, 67, 68, 71, 73, 74, 75, 78]",111
114072380,2025-12-23,"[1, 2, 7, 11, 15, 16, 21, 22, 24, 29, 40, 43, 54, 55, 59, 73, 75, 76, 78, 80]",112
114072381,2025-12-23,"[2, 9, 12, 13, 14, 17, 20, 22, 33, 34, 38, 40, 42, 49, 58, 64, 68, 70, 71, 78]",113
114072382,2025-12-23,"[3, 5, 9, 12, 16, 17, 25, 30, 38, 41, 48, 51, 52, 58, 59, 60, 61, 62, 67, 70]",114
114072383,2025-12-23,"[2, 7, 14, 15, 18, 20, 30, 33, 34, 35, 37, 40, 51, 52, 60, 65, 71, 76, 78, 79]",115
114072384,2025-12-23,"[7, 9, 12, 14, 37, 39, 42, 48, 50, 53, 54, 57, 62, 67, 71, 73, 74, 76, 77, 79]",116
114072385,2025-12-23,"[3, 4, 5, 7, 13, 19, 22, 23, 24, 25, 27, 46, 49, 55, 65, 68, 72, 74, 75, 78]",117
114072386,2025-12-23,"[1, 5, 8, 11, 22, 28, 29, 34, 38, 50, 51, 52, 55, 59, 63, 64, 65, 69, 70, 76]",118
114072387,2025-12-23,"[1, 4, 12, 16, 27, 28, 38, 44, 46, 51, 52, 53, 60, 61, 62, 67, 68, 69, 76, 80]",119
114072388,2025-12-23,"[9, 10, 12, 22, 26, 27, 33, 40, 41, 43, 45, 46, 47, 49, 52, 54, 57, 59, 61, 65]",120
114072389,2025-12-23,"[1, 3, 10, 13, 25, 27, 29, 31, 36, 46, 52, 53, 55, 58, 66, 67, 68, 74, 76, 78]",121
114072390,2025-12-23,"[5, 6, 9, 10, 12, 14, 24, 27, 29, 32, 36, 39, 56, 64, 65, 67, 68, 71, 72, 79]",122
114072391,2025-12-23,"[4, 7, 9, 10, 14, 16, 18, 19, 23, 28, 29, 30, 32, 40, 42, 45, 62, 64, 65, 77]",123
114072392,2025-12-23,"[4, 6, 7, 8, 11, 16, 25, 26, 31, 36, 41, 44, 49, 51, 58, 64, 67, 74, 75, 77]",124
114072393,2025-12-23,"[2, 5, 6, 11, 14, 18, 19, 29, 30, 34, 40, 44, 47, 50, 56, 57, 68, 72, 78, 80]",125
114072394,2025-12-23,"[4, 6, 9, 10, 11, 12, 22, 36, 41, 50, 55, 56, 57, 58, 60, 64, 67, 73, 74, 76]",126
114072395,2025-12-23,"[2, 9, 11, 12, 14, 18, 19, 21, 22, 27, 28, 30, 32, 45, 53, 55, 56, 59, 61, 75]",127
114072396,2025-12-23,"[5, 13, 14, 15, 16, 24, 33, 37, 40, 44, 50, 51, 54, 61, 64, 65, 67, 71, 72, 79]",128
114072397,2025-12-23,"[2, 3, 6, 8, 12, 13, 18, 20, 21, 32, 33, 36, 37, 39, 47, 49, 53, 61, 64, 69]",129
114072398,2025-12-23,"[9, 13, 15, 18, 19, 21, 23, 24, 35, 38, 39, 43, 49, 57, 62, 63, 74, 75, 76, 80]",130
114072399,2025-12-23,"[1, 6, 8, 10, 11, 30, 40, 42, 44, 45, 46, 51, 52, 53, 56, 57, 69, 71, 78, 80]",131
114072400,2025-12-23,"[4, 5, 9, 12, 14, 19, 25, 31, 34, 43, 47, 54, 57, 62, 64, 66, 70, 75, 76, 77]",132
114072401,2025-12-23,"[10, 11, 16, 18, 19, 32, 33, 34, 35, 37, 38, 46, 51, 57, 60, 62, 66, 68, 70, 75]",133
114072402,2025-12-23,"[1, 2, 9, 10, 12, 18, 21, 23, 28, 31, 40, 46, 48, 52, 55, 59, 74, 76, 77, 80]",134
114072403,2025-12-23,"[1, 6, 12, 15, 19, 27, 28, 35, 37, 54, 60, 64, 65, 66, 67, 69, 70, 71, 74, 80]",135
114072404,2025-12-23,"[5, 7, 8, 15, 18, 23, 29, 38, 39, 40, 47, 48, 51, 52, 55, 58, 60, 66, 77, 78]",136
114072405,2025-12-23,"[2, 7, 12, 16, 18, 23, 27, 30, 31, 32, 40, 41, 45, 47, 50, 51, 66, 67, 77, 78]",137
114072406,2025-12-23,"[7, 12, 13, 17, 19, 24, 28, 32, 41, 42, 43, 52, 55, 59, 63, 67, 68, 69, 77, 80]",138
114072407,2025-12-23,"[2, 7, 14, 16, 28, 34, 36, 37, 38, 44, 47, 48, 57, 67, 69, 70, 75, 77, 78, 79]",139
114072408,2025-12-23,"[8, 12, 15, 16, 19, 24, 32, 39, 40, 43, 45, 54, 57, 60, 62, 63, 67, 73, 74, 77]",140
114072409,2025-12-23,"[3, 9, 10, 14, 16, 24, 29, 33, 34, 39, 40, 42, 45, 51, 55, 58, 60, 65, 74, 80]",141
114072410,2025-12-23,"[6, 12, 14, 17, 20, 28, 30, 35, 40, 41, 42, 43, 47, 48, 52, 54, 57, 60, 70, 75]",142
114072411,2025-12-23,"[14, 15, 19, 29, 32, 35, 39, 40, 41, 44, 45, 52, 55, 60, 61, 62, 66, 68, 72, 74]",143
114072412,2025-12-23,"[3, 7, 8, 13, 15, 19, 26, 29, 32, 38, 39, 40, 48, 51, 56, 62, 67, 71, 73, 80]",144
114072413,2025-12-23,"[13, 18, 23, 27, 29, 30, 39, 40, 42, 45, 50, 60, 62, 63, 64, 70, 72, 75, 77, 79]",145
114072414,2025-12-23,"[2, 3, 8, 11, 13, 20, 30, 31, 33, 40, 41, 45, 56, 57, 59, 62, 63, 65, 70, 77]",146
114072415,2025-12-23,"[1, 5, 12, 13, 15, 20, 21, 29, 30, 35, 40, 45, 48, 50, 53, 55, 60, 66, 75, 79]",147
114072416,2025-12-23,"[5, 8, 14, 15, 27, 33, 37, 38, 40, 41, 46, 47, 51, 56, 59, 60, 64, 71, 75, 79]",148
114072417,2025-12-23,"[12, 17, 25, 27, 28, 29, 31, 32, 36, 47, 51, 52, 59, 62, 65, 66, 71, 74, 75, 78]",149
114072418,2025-12-23,"[6, 15, 24, 25, 29, 30, 34, 37, 40, 44, 45, 51, 54, 61, 66, 68, 69, 70, 71, 78]",150
114072419,2025-12-23,"[6, 7, 13, 15, 18, 23, 25, 28, 29, 39, 43, 46, 50, 59, 61, 66, 69, 71, 73, 77]",151
114072420,2025-12-23,"[4, 12, 15, 16, 22, 33, 34, 43, 44, 51, 52, 53, 54, 55, 56, 66, 67, 71, 74, 75]",152
114072421,2025-12-23,"[2, 5, 6, 12, 14, 20, 30, 37, 38, 39, 44, 45, 47, 50, 51, 57, 59, 62, 70, 71]",153
114072422,2025-12-23,"[1, 3, 8, 14, 16, 29, 30, 38, 42, 44, 51, 53, 54, 56, 57, 59, 68, 69, 74, 78]",154
114072423,2025-12-23,"[12, 13, 19, 20, 22, 29, 36, 37, 38, 41, 42, 47, 50, 52, 53, 55, 59, 62, 67, 75]",155
114072424,2025-12-23,"[3, 11, 15, 16, 17, 24, 27, 33, 36, 39, 42, 45, 47, 49, 50, 62, 65, 66, 67, 73]",156
114072425,2025-12-23,"[1, 2, 3, 7, 10, 12, 13, 22, 25, 27, 34, 39, 40, 58, 70, 71, 74, 77, 78, 79]",157
114072426,2025-12-23,"[1, 2, 3, 9, 12, 13, 24, 26, 28, 31, 32, 38, 41, 60, 62, 67, 68, 70, 77, 78]",158
114072427,2025-12-23,"[2, 5, 8, 12, 18, 20, 46, 50, 51, 53, 69, 70, 71, 72, 73, 74, 75, 76, 77, 79]",159
114072428,2025-12-23,"[8, 9, 13, 16, 19, 26, 30, 35, 36, 37, 41, 42, 48, 59, 63, 67, 71, 73, 75, 79]",160
114072429,2025-12-23,"[4, 9, 10, 11, 15, 16, 23, 28, 30, 40, 41, 45, 46, 48, 51, 53, 54, 66, 71, 78]",161
114072430,2025-12-23,"[5, 13, 14, 17, 18, 20, 22, 28, 35, 36, 40, 42, 52, 53, 61, 64, 69, 71, 75, 78]",162
114072431,2025-12-23,"[5, 7, 11, 14, 17, 29, 32, 35, 36, 41, 44, 48, 54, 63, 64, 65, 66, 72, 76, 80]",163
114072432,2025-12-23,"[6, 12, 14, 22, 24, 27, 28, 32, 34, 38, 43, 46, 61, 62, 64, 66, 69, 70, 71, 77]",164
114072433,2025-12-23,"[1, 2, 9, 12, 13, 15, 17, 30, 32, 33, 43, 56, 57, 59, 60, 62, 64, 66, 72, 79]",165
114072434,2025-12-23,"[1, 23, 27, 28, 35, 36, 41, 42, 44, 46, 50, 56, 59, 60, 61, 65, 67, 68, 76, 79]",166
114072435,2025-12-23,"[4, 6, 10, 18, 19, 20, 21, 24, 29, 31, 32, 43, 49, 52, 58, 65, 68, 71, 72, 73]",167
114072436,2025-12-23,"[2, 5, 7, 11, 16, 24, 25, 32, 38, 44, 48, 49, 50, 57, 58, 62, 64, 68, 76, 79]",168
114072437,2025-12-23,"[6, 10, 15, 20, 25, 29, 34, 35, 37, 38, 39, 40, 43, 45, 47, 54, 65, 67, 71, 76]",169
114072438,2025-12-23,"[4, 8, 12, 16, 25, 26, 27, 30, 33, 34, 43, 46, 51, 53, 69, 72, 73, 74, 75, 80]",170
114072439,2025-12-23,"[4, 7, 9, 12, 13, 15, 17, 20, 23, 28, 30, 32, 33, 35, 38, 45, 46, 57, 76, 80]",171
114072440,2025-12-23,"[9, 18, 20, 25, 28, 34, 35, 36, 38, 54, 56, 62, 65, 67, 68, 70, 74, 75, 76, 77]",172
114072441,2025-12-23,"[5, 14, 16, 18, 22, 25, 28, 30, 35, 39, 40, 45, 50, 54, 55, 63, 64, 66, 67, 69]",173
114072442,2025-12-23,"[1, 6, 10, 11, 17, 19, 20, 26, 30, 33, 40, 41, 42, 43, 47, 57, 63, 66, 72, 80]",174
114072443,2025-12-23,"[3, 5, 8, 11, 13, 24, 27, 30, 32, 36, 40, 46, 53, 59, 61, 63, 66, 69, 72, 75]",175
114072444,2025-12-23,"[6, 7, 23, 29, 31, 33, 34, 38, 41, 43, 44, 46, 47, 49, 53, 56, 58, 65, 67, 68]",176
114072445,2025-12-23,"[3, 9, 18, 19, 23, 24, 30, 35, 39, 43, 51, 59, 60, 62, 63, 65, 68, 70, 75, 77]",177
114072446,2025-12-23,"[1, 7, 11, 17, 28, 30, 33, 34, 53, 54, 55, 57, 60, 62, 68, 69, 71, 74, 75, 78]",178
114072447,2025-12-23,"[3, 13, 16, 18, 19, 25, 29, 33, 37, 46, 54, 56, 57, 65, 66, 70, 72, 75, 78, 80]",179
114072448,2025-12-23,"[1, 12, 17, 18, 19, 20, 26, 28, 33, 37, 40, 42, 43, 44, 49, 51, 57, 64, 68, 79]",180
114072449,2025-12-23,"[3, 11, 12, 16, 18, 23, 27, 30, 34, 43, 45, 52, 53, 55, 56, 61, 68, 71, 72, 78]",181
114072450,2025-12-23,"[1, 5, 6, 8, 12, 18, 20, 22, 23, 30, 31, 36, 40, 43, 47, 54, 58, 59, 75, 80]",182
114072451,2025-12-23,"[1, 10, 11, 15, 19, 24, 25, 29, 30, 40, 46, 49, 55, 59, 62, 66, 72, 73, 77, 80]",183
114072452,2025-12-23,"[1, 3, 9, 14, 15, 26, 27, 28, 30, 31, 32, 37, 46, 47, 48, 63, 69, 70, 75, 78]",184
114072453,2025-12-23,"[6, 10, 15, 16, 20, 21, 22, 28, 30, 32, 33, 40, 48, 52, 55, 57, 58, 61, 67, 75]",185
114072454,2025-12-23,"[1, 8, 12, 16, 22, 23, 29, 36, 38, 47, 51, 56, 58, 60, 63, 65, 70, 71, 73, 74]",186
114072455,2025-12-23,"[5, 15, 19, 26, 28, 29, 30, 34, 35, 38, 39, 43, 45, 55, 70, 71, 72, 73, 75, 76]",187
114072456,2025-12-23,"[5, 9, 10, 14, 17, 22, 25, 29, 31, 38, 39, 41, 43, 45, 48, 51, 62, 65, 67, 74]",188
114072457,2025-12-23,"[5, 12, 16, 17, 23, 24, 29, 31, 32, 35, 37, 38, 39, 43, 45, 49, 59, 74, 77, 79]",189
114072458,2025-12-23,"[6, 7, 9, 12, 14, 21, 25, 26, 27, 29, 36, 43, 44, 45, 49, 51, 57, 67, 74, 79]",190
114072459,2025-12-23,"[1, 3, 17, 19, 21, 27, 33, 34, 35, 39, 43, 45, 51, 52, 55, 57, 59, 61, 78, 79]",191
114072460,2025-12-23,"[2, 5, 6, 8, 18, 24, 37, 40, 42, 47, 48, 54, 56, 57, 61, 67, 71, 74, 79, 80]",192
114072461,2025-12-23,"[6, 10, 12, 15, 17, 23, 24, 38, 39, 45, 46, 47, 52, 58, 59, 66, 69, 77, 78, 80]",193
114072462,2025-12-23,"[5, 11, 12, 17, 18, 21, 23, 28, 31, 42, 45, 47, 55, 58, 60, 69, 71, 76, 77, 80]",194
114072463,2025-12-23,"[5, 10, 12, 15, 18, 32, 35, 41, 44, 45, 46, 47, 53, 55, 59, 62, 65, 68, 69, 74]",195
114072464,2025-12-23,"[4, 15, 19, 30, 32, 41, 45, 49, 51, 52, 60, 61, 65, 68, 72, 75, 77, 78, 79, 80]",196
114072465,2025-12-23,"[10, 14, 16, 19, 31, 34, 38, 40, 41, 43, 45, 47, 53, 58, 68, 69, 70, 71, 76, 78]",197
114072466,2025-12-23,"[6, 8, 14, 18, 22, 23, 28, 32, 38, 39, 40, 41, 44, 54, 57, 59, 67, 75, 76, 80]",198
114072467,2025-12-23,"[4, 8, 11, 13, 19, 23, 28, 30, 32, 34, 40, 48, 58, 60, 65, 66, 68, 76, 78, 80]",199
114072468,2025-12-23,"[1, 7, 16, 20, 21, 25, 28, 30, 36, 43, 50, 54, 56, 60, 66, 71, 72, 75, 78, 80]",200
114072469,2025-12-23,"[7, 9, 10, 29, 31, 37, 40, 45, 49, 51, 56, 58, 59, 61, 64, 70, 71, 74, 75, 80]",201
114072470,2025-12-23,"[1, 4, 7, 11, 13, 16, 19, 34, 44, 45, 46, 51, 59, 64, 66, 69, 72, 73, 75, 77]",202
114072471,2025-12-23,"[9, 10, 11, 12, 20, 25, 26, 27, 28, 41, 47, 49, 50, 51, 54, 59, 66, 69, 73, 78]",203
114072472,2025-12-24,"[5, 11, 13, 14, 15, 21, 24, 25, 39, 41, 51, 53, 56, 58, 60, 65, 69, 73, 74, 80]",1
114072473,2025-12-24,"[2, 7, 8, 13, 14, 18, 24, 28, 31, 33, 37, 39, 40, 42, 52, 54, 70, 73, 75, 78]",2
114072474,2025-12-24,"[2, 4, 7, 8, 13, 17, 27, 32, 34, 39, 40, 48, 49, 51, 54, 65, 72, 73, 75, 79]",3
114072475,2025-12-24,"[10, 14, 18, 20, 24, 25, 26, 31, 34, 36, 37, 50, 54, 59, 69, 71, 72, 73, 75, 78]",4
114072476,2025-12-24,"[14, 16, 17, 20, 23, 27, 29, 30, 33, 36, 40, 43, 45, 47, 51, 63, 64, 70, 76, 78]",5
114072477,2025-12-24,"[7, 9, 10, 13, 21, 22, 32, 33, 34, 36, 39, 40, 42, 47, 48, 50, 51, 57, 70, 79]",6
114072478,2025-12-24,"[4, 6, 14, 18, 19, 20, 22, 26, 34, 37, 38, 41, 51, 54, 55, 59, 70, 74, 77, 79]",7
114072479,2025-12-24,"[8, 26, 29, 37, 42, 44, 46, 50, 52, 53, 55, 58, 61, 63, 64, 67, 71, 72, 74, 76]",8
114072480,2025-12-24,"[3, 17, 19, 29, 34, 38, 43, 48, 49, 56, 57, 58, 60, 62, 71, 72, 74, 78, 79, 80]",9
114072481,2025-12-24,"[2, 5, 14, 15, 20, 21, 25, 28, 32, 39, 40, 43, 48, 49, 50, 51, 55, 57, 61, 77]",10
114072482,2025-12-24,"[2, 5, 15, 18, 21, 25, 29, 36, 40, 42, 44, 46, 49, 50, 53, 56, 58, 72, 75, 77]",11
114072483,2025-12-24,"[2, 4, 12, 18, 23, 28, 37, 38, 40, 43, 49, 54, 56, 59, 63, 68, 71, 72, 76, 78]",12
114072484,2025-12-24,"[6, 7, 8, 10, 12, 13, 25, 26, 28, 30, 33, 36, 37, 42, 53, 60, 62, 63, 71, 78]",13
114072485,2025-12-24,"[4, 9, 10, 16, 18, 20, 22, 28, 32, 34, 36, 39, 43, 49, 50, 61, 65, 69, 75, 80]",14
114072486,2025-12-24,"[1, 2, 4, 15, 21, 25, 29, 33, 37, 44, 49, 52, 54, 56, 61, 62, 66, 73, 75, 78]",15
114072487,2025-12-24,"[2, 4, 5, 7, 8, 12, 18, 19, 21, 26, 34, 37, 39, 42, 58, 60, 61, 62, 65, 79]",16
114072488,2025-12-24,"[3, 6, 8, 14, 17, 18, 24, 27, 37, 39, 50, 51, 54, 60, 62, 67, 72, 74, 77, 79]",17
114072489,2025-12-24,"[2, 6, 7, 11, 12, 18, 27, 29, 34, 35, 40, 42, 53, 57, 60, 62, 66, 67, 72, 76]",18
114072490,2025-12-24,"[1, 6, 11, 13, 16, 28, 32, 35, 40, 42, 43, 49, 53, 55, 59, 64, 66, 71, 72, 78]",19
114072491,2025-12-24,"[3, 6, 8, 15, 18, 19, 21, 22, 24, 30, 35, 45, 53, 55, 56, 66, 68, 72, 73, 80]",20
114072492,2025-12-24,"[2, 4, 6, 9, 10, 11, 18, 26, 28, 29, 30, 45, 46, 48, 51, 60, 68, 71, 74, 78]",21
114072493,2025-12-24,"[1, 3, 8, 12, 16, 20, 26, 28, 29, 32, 34, 45, 55, 58, 61, 63, 64, 69, 72, 75]",22
114072494,2025-12-24,"[2, 3, 7, 9, 10, 11, 18, 30, 31, 33, 35, 37, 42, 44, 52, 59, 69, 75, 76, 78]",23
114072495,2025-12-24,"[6, 9, 11, 13, 18, 19, 27, 30, 34, 35, 36, 38, 45, 50, 55, 58, 70, 75, 76, 79]",24
114072496,2025-12-24,"[1, 4, 5, 6, 7, 9, 15, 18, 20, 22, 26, 30, 39, 45, 50, 56, 59, 67, 78, 80]",25
114072497,2025-12-24,"[1, 4, 5, 13, 14, 17, 31, 34, 37, 40, 45, 48, 55, 60, 64, 67, 74, 76, 79, 80]",26
114072498,2025-12-24,"[4, 7, 8, 10, 14, 16, 22, 26, 27, 31, 32, 43, 49, 52, 53, 58, 68, 70, 72, 73]",27
114072499,2025-12-24,"[6, 7, 9, 10, 11, 18, 26, 27, 33, 35, 41, 50, 52, 54, 63, 64, 67, 71, 73, 74]",28
114072500,2025-12-24,"[4, 18, 19, 20, 31, 37, 39, 40, 47, 53, 57, 63, 68, 69, 71, 76, 77, 78, 79, 80]",29
114072501,2025-12-24,"[8, 15, 19, 23, 26, 27, 31, 35, 38, 40, 41, 44, 46, 56, 57, 64, 65, 66, 70, 80]",30
114072502,2025-12-24,"[1, 10, 11, 14, 19, 28, 29, 35, 39, 41, 47, 58, 60, 61, 62, 64, 65, 77, 78, 80]",31
114072503,2025-12-24,"[1, 4, 11, 15, 16, 20, 21, 23, 28, 31, 35, 40, 44, 47, 48, 54, 57, 66, 71, 73]",32
114072504,2025-12-24,"[1, 7, 9, 13, 15, 17, 21, 22, 23, 25, 26, 36, 41, 44, 63, 65, 67, 69, 74, 77]",33
114072505,2025-12-24,"[9, 10, 13, 17, 30, 32, 36, 38, 48, 51, 54, 55, 61, 62, 64, 67, 69, 71, 74, 78]",34
114072506,2025-12-24,"[10, 11, 17, 21, 24, 30, 34, 35, 40, 45, 48, 50, 56, 61, 62, 64, 66, 70, 76, 78]",35
114072507,2025-12-24,"[2, 7, 8, 17, 20, 26, 33, 36, 38, 39, 45, 52, 59, 61, 62, 64, 68, 73, 74, 79]",36
114072508,2025-12-24,"[8, 9, 11, 15, 20, 25, 27, 33, 37, 44, 54, 56, 59, 60, 63, 68, 70, 72, 74, 80]",37
114072509,2025-12-24,"[2, 3, 8, 9, 10, 16, 22, 24, 27, 37, 39, 44, 49, 51, 58, 66, 67, 76, 78, 79]",38
114072510,2025-12-24,"[1, 4, 14, 23, 25, 26, 29, 32, 34, 36, 41, 44, 52, 53, 55, 56, 62, 72, 76, 80]",39
114072511,2025-12-24,"[1, 4, 6, 8, 9, 10, 12, 24, 26, 36, 47, 49, 50, 59, 66, 68, 69, 74, 77, 80]",40
114072512,2025-12-24,"[2, 5, 11, 15, 17, 23, 24, 30, 31, 32, 40, 42, 46, 50, 55, 56, 59, 61, 71, 79]",41
114072513,2025-12-24,"[1, 7, 10, 13, 14, 17, 23, 24, 31, 37, 39, 40, 42, 46, 49, 57, 61, 64, 70, 78]",42
114072514,2025-12-24,"[3, 13, 15, 16, 23, 25, 26, 30, 41, 45, 48, 49, 50, 55, 56, 58, 62, 66, 68, 71]",43
114072515,2025-12-24,"[5, 7, 10, 15, 17, 20, 23, 26, 33, 36, 49, 50, 52, 57, 59, 60, 66, 70, 79, 80]",44
114072516,2025-12-24,"[7, 10, 13, 15, 18, 21, 26, 29, 30, 32, 36, 39, 42, 52, 53, 56, 58, 66, 70, 73]",45
114072517,2025-12-24,"[3, 5, 12, 17, 20, 21, 25, 32, 33, 38, 41, 42, 49, 61, 62, 65, 72, 75, 76, 77]",46
114072518,2025-12-24,"[5, 9, 10, 14, 18, 27, 29, 34, 38, 44, 46, 47, 52, 53, 61, 62, 66, 70, 76, 77]",47
114072519,2025-12-24,"[7, 12, 13, 16, 18, 19, 24, 37, 41, 45, 47, 50, 52, 57, 61, 64, 65, 77, 79, 80]",48
114072520,2025-12-24,"[3, 7, 17, 19, 20, 22, 28, 35, 36, 38, 46, 53, 56, 57, 64, 66, 72, 73, 75, 77]",49
114072521,2025-12-24,"[1, 2, 11, 13, 18, 20, 23, 29, 33, 41, 42, 47, 48, 50, 58, 63, 64, 65, 69, 79]",50
114072522,2025-12-24,"[2, 3, 7, 10, 13, 15, 19, 28, 31, 33, 35, 36, 39, 42, 43, 48, 59, 66, 72, 74]",51
114072523,2025-12-24,"[1, 6, 7, 12, 14, 22, 24, 29, 30, 35, 38, 43, 45, 56, 57, 59, 67, 70, 71, 76]",52
114072524,2025-12-24,"[9, 11, 15, 18, 19, 23, 32, 33, 37, 40, 43, 46, 47, 48, 55, 63, 65, 72, 77, 79]",53
114072525,2025-12-24,"[3, 4, 11, 15, 17, 20, 22, 25, 28, 33, 37, 46, 47, 51, 55, 65, 67, 74, 75, 78]",54
114072526,2025-12-24,"[4, 6, 9, 20, 24, 25, 26, 30, 37, 41, 42, 46, 47, 52, 53, 58, 61, 63, 73, 79]",55
114072527,2025-12-24,"[3, 4, 5, 6, 8, 17, 30, 31, 34, 35, 40, 41, 42, 47, 50, 53, 58, 62, 64, 65]",56
114072528,2025-12-24,"[4, 11, 18, 20, 29, 33, 36, 41, 43, 46, 51, 59, 61, 62, 67, 68, 72, 73, 74, 80]",57
114072529,2025-12-24,"[1, 3, 5, 26, 27, 29, 30, 31, 35, 36, 39, 51, 52, 55, 60, 61, 62, 69, 75, 78]",58
114072530,2025-12-24,"[1, 5, 9, 16, 18, 21, 25, 26, 32, 33, 34, 36, 38, 48, 52, 55, 56, 63, 64, 67]",59
114072531,2025-12-24,"[2, 6, 7, 9, 10, 11, 14, 18, 24, 27, 36, 40, 49, 56, 57, 59, 65, 66, 73, 74]",60
114072532,2025-12-24,"[4, 9, 13, 14, 22, 23, 24, 30, 32, 44, 46, 47, 56, 59, 61, 69, 71, 76, 78, 79]",61
114072533,2025-12-24,"[4, 8, 13, 21, 23, 25, 36, 41, 45, 46, 50, 53, 63, 65, 66, 68, 72, 75, 76, 80]",62
114072534,2025-12-24,"[7, 9, 16, 21, 22, 35, 36, 40, 49, 50, 53, 61, 62, 63, 65, 71, 73, 76, 77, 79]",63
114072535,2025-12-24,"[4, 5, 7, 17, 19, 20, 22, 30, 32, 36, 39, 44, 47, 53, 56, 57, 58, 60, 72, 76]",64
114072536,2025-12-24,"[2, 4, 10, 15, 30, 32, 36, 42, 50, 54, 58, 60, 61, 63, 67, 70, 73, 75, 76, 79]",65
114072537,2025-12-24,"[2, 5, 6, 8, 15, 22, 26, 29, 32, 33, 34, 36, 43, 45, 58, 64, 70, 75, 77, 80]",66
114072538,2025-12-24,"[5, 8, 14, 18, 19, 25, 33, 44, 46, 49, 53, 54, 55, 61, 65, 72, 74, 75, 76, 78]",67
114072539,2025-12-24,"[3, 4, 9, 12, 14, 20, 25, 28, 33, 40, 42, 43, 45, 51, 58, 63, 69, 73, 74, 79]",68
114072540,2025-12-24,"[1, 5, 8, 15, 18, 19, 24, 32, 37, 41, 44, 50, 52, 60, 62, 71, 73, 75, 77, 79]",69
114072541,2025-12-24,"[1, 5, 18, 19, 26, 32, 41, 43, 44, 48, 51, 54, 55, 58, 59, 71, 72, 74, 76, 80]",70
114072542,2025-12-24,"[3, 8, 10, 14, 16, 31, 34, 35, 40, 41, 44, 46, 49, 53, 59, 61, 68, 76, 77, 79]",71
114072543,2025-12-24,"[8, 10, 13, 24, 30, 31, 32, 35, 38, 40, 43, 49, 52, 53, 59, 69, 70, 71, 73, 76]",72
114072544,2025-12-24,"[1, 2, 3, 4, 15, 18, 28, 31, 38, 44, 46, 47, 49, 58, 60, 62, 63, 65, 79, 80]",73
114072545,2025-12-24,"[16, 24, 28, 29, 37, 38, 40, 42, 46, 47, 49, 52, 58, 60, 61, 63, 64, 74, 76, 79]",74
114072546,2025-12-24,"[7, 11, 14, 15, 17, 21, 25, 30, 32, 37, 38, 39, 41, 46, 51, 54, 55, 62, 63, 65]",75
114072547,2025-12-24,"[11, 14, 16, 21, 23, 24, 27, 30, 39, 43, 48, 49, 52, 59, 60, 61, 69, 71, 76, 77]",76
114072548,2025-12-24,"[2, 8, 9, 11, 21, 27, 29, 30, 36, 47, 49, 51, 58, 66, 69, 70, 73, 75, 76, 77]",77
114072549,2025-12-24,"[2, 4, 7, 14, 16, 23, 26, 29, 30, 35, 38, 40, 52, 55, 56, 61, 65, 71, 72, 80]",78
114072550,2025-12-24,"[10, 18, 19, 22, 26, 33, 39, 40, 42, 45, 56, 60, 61, 64, 66, 67, 68, 74, 76, 79]",79
114072551,2025-12-24,"[3, 5, 9, 12, 15, 16, 31, 33, 36, 37, 39, 40, 45, 47, 51, 52, 57, 64, 68, 70]",80
114072552,2025-12-24,"[5, 6, 13, 18, 20, 23, 26, 30, 38, 40, 43, 53, 55, 58, 60, 67, 69, 77, 78, 80]",81
114072553,2025-12-24,"[2, 18, 25, 26, 27, 30, 35, 42, 48, 51, 54, 55, 58, 60, 64, 69, 71, 72, 77, 78]",82
114072554,2025-12-24,"[4, 7, 12, 15, 19, 22, 26, 33, 39, 48, 50, 56, 58, 61, 69, 72, 73, 74, 75, 76]",83
114072555,2025-12-24,"[2, 4, 5, 9, 16, 23, 25, 28, 33, 34, 35, 37, 47, 49, 60, 68, 72, 73, 74, 80]",84
114072556,2025-12-24,"[4, 6, 8, 13, 16, 17, 19, 32, 36, 39, 42, 45, 51, 55, 59, 64, 65, 66, 70, 73]",85
114072557,2025-12-24,"[2, 3, 11, 12, 17, 19, 24, 32, 39, 42, 43, 49, 55, 56, 58, 59, 65, 66, 72, 74]",86
114072558,2025-12-24,"[1, 3, 8, 11, 14, 20, 22, 23, 24, 28, 34, 43, 44, 45, 47, 57, 58, 66, 73, 79]",87
114072559,2025-12-24,"[5, 7, 14, 20, 23, 26, 31, 41, 46, 52, 55, 57, 59, 60, 62, 63, 64, 66, 73, 75]",88
114072560,2025-12-24,"[2, 3, 7, 8, 11, 12, 17, 18, 19, 31, 41, 45, 50, 51, 54, 61, 66, 71, 76, 77]",89
114072561,2025-12-24,"[3, 8, 21, 27, 29, 31, 32, 35, 36, 37, 47, 54, 56, 57, 62, 63, 68, 73, 74, 80]",90
114072562,2025-12-24,"[4, 7, 8, 13, 17, 18, 19, 22, 26, 28, 30, 33, 38, 47, 60, 63, 64, 66, 68, 69]",91
114072563,2025-12-24,"[5, 10, 12, 13, 14, 19, 20, 28, 29, 30, 36, 38, 39, 44, 49, 55, 64, 74, 75, 77]",92
114072564,2025-12-24,"[1, 2, 4, 5, 6, 7, 11, 15, 17, 18, 21, 22, 31, 39, 45, 52, 55, 58, 62, 78]",93
114072565,2025-12-24,"[4, 10, 17, 23, 29, 31, 34, 43, 45, 46, 47, 54, 55, 61, 62, 63, 66, 68, 69, 72]",94
114072566,2025-12-24,"[6, 8, 9, 17, 21, 24, 28, 29, 35, 37, 42, 43, 52, 53, 55, 60, 69, 75, 76, 79]",95
114072567,2025-12-24,"[2, 3, 7, 10, 18, 22, 24, 27, 32, 38, 40, 45, 49, 55, 56, 61, 62, 71, 72, 77]",96
114072568,2025-12-24,"[4, 8, 9, 11, 12, 13, 16, 28, 36, 37, 44, 45, 47, 52, 57, 64, 65, 67, 69, 74]",97
114072569,2025-12-24,"[7, 21, 23, 26, 27, 29, 30, 31, 35, 38, 42, 52, 54, 58, 62, 63, 67, 69, 70, 78]",98
114072570,2025-12-24,"[4, 8, 9, 15, 19, 23, 24, 27, 37, 38, 39, 43, 57, 58, 60, 61, 67, 68, 73, 78]",99
114072571,2025-12-24,"[6, 8, 10, 14, 21, 29, 31, 40, 41, 42, 45, 48, 49, 50, 57, 63, 68, 73, 75, 76]",100
114072572,2025-12-24,"[6, 13, 14, 21, 26, 27, 31, 36, 37, 40, 43, 44, 50, 53, 54, 58, 60, 61, 77, 79]",101
114072573,2025-12-24,"[3, 14, 15, 19, 21, 22, 28, 32, 40, 45, 46, 47, 48, 50, 57, 66, 73, 74, 75, 78]",102
114072574,2025-12-24,"[5, 7, 12, 19, 24, 25, 31, 32, 33, 35, 50, 56, 59, 61, 64, 65, 66, 75, 78, 79]",103
114072575,2025-12-24,"[1, 2, 13, 15, 16, 20, 34, 36, 39, 47, 57, 61, 68, 69, 70, 71, 72, 74, 76, 77]",104
114072576,2025-12-24,"[2, 3, 7, 18, 23, 24, 31, 34, 36, 40, 46, 47, 51, 55, 59, 63, 73, 76, 78, 79]",105
114072577,2025-12-24,"[1, 5, 11, 12, 13, 16, 17, 19, 22, 25, 26, 27, 34, 36, 45, 52, 56, 62, 66, 74]",106
114072578,2025-12-24,"[1, 7, 10, 11, 24, 31, 35, 36, 40, 47, 50, 53, 55, 59, 60, 65, 68, 72, 75, 80]",107
114072579,2025-12-24,"[1, 2, 7, 11, 23, 24, 31, 32, 36, 45, 51, 54, 57, 65, 68, 70, 72, 73, 77, 78]",108
114072580,2025-12-24,"[2, 3, 8, 9, 10, 15, 23, 25, 27, 28, 34, 43, 45, 49, 52, 57, 58, 65, 74, 79]",109
114072581,2025-12-24,"[8, 10, 11, 18, 19, 27, 29, 30, 31, 46, 48, 55, 58, 63, 64, 70, 72, 77, 78, 79]",110
114072582,2025-12-24,"[1, 6, 10, 18, 22, 29, 30, 34, 36, 39, 45, 47, 51, 55, 59, 62, 65, 72, 77, 80]",111
114072583,2025-12-24,"[1, 6, 12, 20, 22, 23, 28, 32, 34, 35, 36, 39, 42, 43, 47, 49, 61, 68, 78, 79]",112
114072584,2025-12-24,"[1, 5, 10, 15, 21, 23, 27, 30, 34, 47, 50, 54, 55, 60, 65, 66, 68, 69, 70, 72]",113
114072585,2025-12-24,"[1, 6, 9, 10, 16, 18, 33, 36, 39, 47, 48, 49, 54, 59, 63, 65, 67, 72, 73, 75]",114
114072586,2025-12-24,"[1, 6, 8, 9, 18, 22, 26, 29, 46, 47, 50, 51, 52, 55, 56, 62, 64, 70, 76, 79]",115
114072587,2025-12-24,"[1, 10, 12, 13, 15, 17, 20, 22, 25, 31, 33, 38, 40, 48, 49, 60, 61, 75, 79, 80]",116
114072588,2025-12-24,"[1, 5, 10, 17, 20, 24, 33, 37, 42, 47, 52, 53, 60, 63, 66, 68, 71, 72, 74, 77]",117
114072589,2025-12-24,"[2, 3, 5, 17, 21, 25, 30, 31, 34, 37, 43, 49, 54, 55, 57, 61, 66, 69, 70, 74]",118
114072590,2025-12-24,"[2, 5, 6, 8, 16, 17, 21, 22, 23, 27, 28, 31, 34, 40, 41, 55, 64, 67, 75, 76]",119
114072591,2025-12-24,"[10, 14, 15, 17, 21, 22, 25, 27, 36, 37, 39, 47, 51, 53, 69, 71, 72, 73, 75, 77]",120
114072592,2025-12-24,"[4, 12, 13, 14, 22, 23, 24, 34, 42, 44, 48, 56, 64, 65, 69, 72, 74, 75, 76, 80]",121
114072593,2025-12-24,"[7, 14, 17, 23, 27, 34, 39, 42, 43, 44, 46, 50, 56, 61, 64, 67, 68, 69, 77, 79]",122
114072594,2025-12-24,"[5, 6, 12, 16, 19, 21, 26, 27, 32, 33, 36, 43, 46, 47, 61, 68, 70, 71, 77, 79]",123
114072595,2025-12-24,"[4, 12, 16, 20, 23, 27, 33, 36, 37, 40, 43, 44, 46, 52, 59, 63, 65, 69, 71, 73]",124
114072596,2025-12-24,"[1, 8, 16, 17, 18, 20, 28, 30, 32, 35, 36, 47, 48, 49, 59, 61, 66, 67, 72, 74]",125
114072597,2025-12-24,"[3, 6, 11, 18, 19, 21, 26, 28, 29, 34, 38, 41, 53, 55, 59, 61, 65, 66, 70, 78]",126
114072598,2025-12-24,"[7, 10, 17, 19, 22, 25, 27, 29, 33, 34, 35, 38, 44, 57, 62, 63, 67, 70, 72, 80]",127
114072599,2025-12-24,"[1, 4, 7, 10, 11, 15, 18, 26, 28, 30, 32, 34, 35, 40, 45, 59, 69, 75, 77, 80]",128
114072600,2025-12-24,"[1, 4, 13, 17, 25, 26, 27, 36, 45, 46, 48, 49, 50, 52, 53, 54, 56, 62, 68, 73]",129
114072601,2025-12-24,"[2, 9, 10, 11, 15, 16, 18, 25, 27, 29, 38, 43, 53, 54, 56, 59, 60, 68, 76, 79]",130
114072602,2025-12-24,"[2, 5, 9, 10, 11, 13, 25, 27, 32, 36, 39, 41, 47, 55, 56, 65, 71, 73, 74, 75]",131
114072603,2025-12-24,"[2, 5, 7, 13, 16, 25, 27, 29, 30, 32, 33, 40, 43, 49, 57, 60, 71, 72, 78, 80]",132
114072604,2025-12-24,"[3, 5, 9, 14, 15, 21, 24, 27, 29, 31, 32, 43, 44, 50, 51, 52, 63, 66, 69, 78]",133
114072605,2025-12-24,"[12, 16, 23, 33, 36, 41, 47, 48, 50, 53, 63, 64, 65, 66, 67, 68, 71, 74, 75, 78]",134
114072606,2025-12-24,"[5, 8, 9, 11, 14, 18, 21, 23, 24, 26, 34, 36, 39, 54, 57, 59, 64, 70, 71, 79]",135
114072607,2025-12-24,"[7, 11, 19, 29, 33, 34, 36, 38, 39, 43, 44, 49, 53, 58, 65, 67, 69, 72, 73, 77]",136
114072608,2025-12-24,"[1, 9, 12, 14, 17, 22, 24, 30, 31, 44, 54, 61, 65, 67, 68, 71, 72, 73, 75, 77]",137
114072609,2025-12-24,"[6, 16, 17, 21, 24, 29, 33, 34, 35, 36, 43, 44, 46, 48, 55, 61, 62, 74, 77, 80]",138
114072610,2025-12-24,"[5, 14, 15, 26, 35, 40, 44, 48, 49, 51, 52, 56, 60, 62, 64, 69, 70, 74, 75, 79]",139
114072611,2025-12-24,"[2, 8, 11, 16, 20, 23, 30, 31, 32, 33, 34, 43, 52, 54, 61, 62, 68, 71, 72, 79]",140
114072612,2025-12-24,"[2, 3, 11, 13, 15, 20, 22, 23, 25, 27, 33, 39, 42, 43, 46, 51, 58, 61, 70, 71]",141
114072613,2025-12-24,"[3, 9, 12, 17, 20, 26, 27, 29, 30, 38, 39, 52, 55, 57, 62, 69, 74, 75, 78, 79]",142
114072614,2025-12-24,"[6, 14, 19, 22, 23, 26, 28, 29, 31, 34, 47, 48, 51, 56, 57, 60, 66, 69, 73, 75]",143
114072615,2025-12-24,"[1, 13, 14, 18, 19, 20, 21, 24, 26, 34, 36, 42, 43, 54, 55, 68, 71, 74, 78, 80]",144
114072616,2025-12-24,"[1, 7, 10, 14, 18, 20, 21, 28, 29, 31, 33, 41, 44, 51, 57, 58, 60, 65, 72, 73]",145
114072617,2025-12-24,"[7, 8, 11, 18, 20, 23, 30, 32, 33, 36, 43, 45, 46, 48, 51, 54, 55, 61, 68, 72]",146
114072618,2025-12-24,"[1, 3, 4, 5, 13, 14, 15, 16, 20, 25, 30, 39, 41, 45, 53, 56, 57, 66, 68, 69]",147
114072619,2025-12-24,"[5, 10, 11, 21, 25, 26, 28, 31, 33, 43, 47, 50, 55, 56, 57, 59, 66, 68, 75, 79]",148
114072620,2025-12-24,"[7, 14, 17, 22, 23, 25, 28, 31, 38, 39, 40, 46, 47, 55, 56, 60, 61, 65, 67, 77]",149
114072621,2025-12-24,"[9, 10, 16, 17, 21, 23, 25, 31, 32, 46, 47, 49, 58, 62, 63, 66, 72, 75, 78, 79]",150
114072622,2025-12-24,"[2, 9, 10, 11, 15, 16, 17, 19, 26, 30, 31, 49, 51, 52, 57, 65, 69, 71, 72, 74]",151
114072623,2025-12-24,"[3, 4, 9, 11, 14, 30, 31, 33, 44, 49, 50, 52, 54, 55, 62, 63, 64, 68, 71, 73]",152
114072624,2025-12-24,"[1, 6, 12, 13, 23, 24, 26, 37, 40, 42, 43, 44, 55, 59, 60, 64, 71, 75, 76, 80]",153
114072625,2025-12-24,"[5, 11, 14, 27, 28, 33, 34, 36, 37, 40, 43, 48, 49, 51, 60, 63, 67, 69, 72, 78]",154
114072626,2025-12-24,"[2, 5, 18, 20, 23, 26, 30, 31, 32, 33, 35, 40, 41, 43, 47, 52, 58, 63, 69, 78]",155
114072627,2025-12-24,"[1, 4, 6, 8, 10, 20, 21, 25, 26, 27, 36, 37, 43, 45, 54, 57, 59, 61, 62, 67]",156
114072628,2025-12-24,"[8, 10, 17, 19, 20, 26, 28, 32, 34, 35, 39, 41, 49, 50, 57, 65, 68, 72, 74, 76]",157
114072629,2025-12-24,"[6, 8, 9, 11, 13, 14, 17, 21, 24, 30, 31, 33, 42, 52, 59, 62, 69, 72, 77, 80]",158
114072630,2025-12-24,"[2, 4, 9, 11, 13, 19, 21, 25, 26, 31, 33, 37, 39, 41, 42, 47, 49, 64, 66, 68]",159
114072631,2025-12-24,"[8, 13, 17, 22, 23, 25, 26, 32, 33, 34, 43, 47, 49, 54, 57, 60, 61, 63, 70, 75]",160
114072632,2025-12-24,"[1, 2, 4, 8, 9, 11, 12, 14, 24, 26, 29, 33, 34, 51, 55, 66, 68, 71, 76, 79]",161
114072633,2025-12-24,"[5, 9, 11, 13, 14, 15, 17, 32, 33, 41, 43, 46, 47, 50, 56, 57, 64, 68, 70, 75]",162
114072634,2025-12-24,"[5, 6, 11, 12, 16, 18, 23, 28, 38, 39, 41, 47, 48, 50, 59, 70, 71, 72, 73, 78]",163
114072635,2025-12-24,"[1, 4, 6, 7, 9, 11, 12, 14, 28, 32, 34, 37, 40, 50, 54, 59, 62, 71, 77, 78]",164
114072636,2025-12-24,"[7, 9, 13, 14, 17, 18, 19, 21, 22, 26, 30, 31, 43, 53, 55, 57, 59, 60, 61, 74]",165
114072637,2025-12-24,"[9, 10, 13, 16, 17, 18, 20, 23, 24, 29, 35, 36, 42, 43, 59, 62, 65, 69, 74, 77]",166
114072638,2025-12-24,"[6, 12, 14, 17, 22, 27, 30, 32, 43, 44, 47, 51, 58, 60, 62, 74, 76, 77, 78, 79]",167
114072639,2025-12-24,"[2, 12, 15, 16, 20, 25, 26, 30, 33, 39, 42, 43, 53, 60, 61, 62, 67, 68, 76, 77]",168
114072640,2025-12-24,"[1, 2, 5, 6, 8, 10, 20, 22, 34, 36, 38, 40, 42, 51, 54, 58, 63, 66, 71, 72]",169
114072641,2025-12-24,"[15, 16, 18, 19, 34, 35, 38, 40, 43, 53, 54, 55, 59, 62, 64, 66, 67, 72, 79, 80]",170
114072642,2025-12-24,"[22, 26, 33, 34, 36, 38, 40, 42, 43, 50, 53, 56, 59, 60, 65, 66, 67, 73, 74, 79]",171
114072643,2025-12-24,"[2, 5, 8, 9, 17, 18, 21, 23, 25, 28, 40, 41, 44, 47, 51, 58, 59, 62, 68, 72]",172
114072644,2025-12-24,"[1, 6, 12, 16, 18, 19, 22, 26, 29, 31, 49, 50, 54, 55, 57, 60, 61, 64, 72, 77]",173
114072645,2025-12-24,"[3, 5, 6, 16, 17, 24, 25, 31, 32, 33, 42, 45, 46, 55, 57, 68, 69, 74, 75, 79]",174
114072646,2025-12-24,"[4, 8, 14, 18, 25, 28, 44, 45, 49, 50, 52, 53, 64, 65, 68, 69, 71, 73, 76, 79]",175
114072647,2025-12-24,"[3, 4, 12, 13, 28, 30, 31, 33, 36, 42, 45, 50, 51, 62, 67, 70, 72, 75, 76, 77]",176
114072648,2025-12-24,"[6, 7, 8, 12, 18, 23, 24, 25, 31, 33, 39, 42, 51, 53, 61, 68, 69, 72, 74, 76]",177
114072649,2025-12-24,"[2, 7, 26, 29, 30, 35, 37, 38, 43, 46, 52, 53, 59, 62, 67, 68, 71, 76, 78, 79]",178
114072650,2025-12-24,"[5, 7, 11, 13, 19, 20, 24, 26, 38, 43, 44, 48, 51, 52, 53, 54, 56, 72, 79, 80]",179
114072651,2025-12-24,"[4, 7, 9, 10, 17, 19, 29, 31, 40, 42, 43, 46, 47, 52, 58, 62, 64, 75, 79, 80]",180
114072652,2025-12-24,"[2, 3, 8, 12, 21, 22, 29, 30, 36, 43, 51, 52, 53, 56, 60, 63, 68, 70, 71, 75]",181
114072653,2025-12-24,"[2, 3, 5, 7, 8, 17, 19, 22, 27, 45, 48, 51, 59, 63, 66, 69, 71, 72, 75, 77]",182
114072654,2025-12-24,"[3, 8, 13, 16, 20, 21, 25, 26, 27, 28, 31, 44, 47, 60, 65, 66, 73, 76, 79, 80]",183
114072655,2025-12-24,"[6, 11, 26, 32, 33, 35, 37, 51, 54, 57, 58, 63, 65, 66, 67, 69, 71, 72, 73, 78]",184
114072656,2025-12-24,"[8, 17, 21, 24, 26, 30, 31, 33, 34, 38, 40, 44, 51, 53, 60, 71, 72, 75, 76, 77]",185
114072657,2025-12-24,"[10, 15, 20, 21, 22, 23, 29, 30, 41, 42, 44, 47, 49, 56, 57, 60, 62, 63, 64, 67]",186
114072658,2025-12-24,"[8, 9, 15, 21, 23, 24, 30, 36, 37, 38, 41, 43, 46, 49, 52, 57, 65, 70, 74, 79]",187
114072659,2025-12-24,"[6, 8, 12, 15, 16, 17, 22, 24, 26, 29, 33, 38, 44, 47, 50, 61, 67, 73, 74, 80]",188
114072660,2025-12-24,"[1, 3, 9, 14, 15, 19, 24, 25, 32, 33, 34, 42, 43, 46, 51, 59, 61, 64, 74, 75]",189
114072661,2025-12-24,"[2, 3, 5, 6, 8, 15, 19, 25, 36, 39, 40, 43, 53, 56, 58, 61, 67, 73, 77, 80]",190
114072662,2025-12-24,"[6, 11, 12, 16, 28, 29, 30, 33, 34, 47, 48, 52, 57, 61, 66, 67, 68, 73, 79, 80]",191
114072663,2025-12-24,"[5, 6, 13, 18, 25, 31, 33, 34, 38, 42, 45, 47, 50, 55, 66, 69, 70, 72, 74, 80]",192
114072664,2025-12-24,"[7, 9, 15, 16, 18, 19, 21, 27, 31, 33, 41, 43, 46, 51, 69, 73, 74, 75, 76, 79]",193
114072665,2025-12-24,"[1, 6, 9, 10, 27, 29, 33, 38, 42, 43, 46, 48, 49, 58, 60, 66, 69, 70, 76, 80]",194
114072666,2025-12-24,"[1, 4, 9, 11, 12, 17, 24, 27, 31, 33, 37, 40, 51, 55, 56, 68, 69, 73, 79, 80]",195
114072667,2025-12-24,"[2, 5, 7, 8, 11, 13, 18, 19, 20, 28, 29, 32, 38, 47, 53, 60, 72, 73, 74, 80]",196
114072668,2025-12-24,"[5, 9, 10, 12, 16, 21, 24, 26, 29, 34, 42, 51, 52, 53, 58, 61, 64, 67, 69, 70]",197
114072669,2025-12-24,"[1, 5, 6, 12, 13, 17, 18, 20, 24, 32, 35, 39, 50, 56, 60, 63, 67, 70, 73, 75]",198
114072670,2025-12-24,"[4, 6, 11, 15, 16, 17, 20, 35, 36, 38, 39, 41, 42, 43, 52, 58, 64, 68, 70, 72]",199
114072671,2025-12-24,"[1, 9, 12, 16, 18, 27, 29, 35, 36, 43, 46, 47, 51, 54, 55, 59, 64, 73, 78, 79]",200
114072672,2025-12-24,"[2, 8, 12, 14, 15, 22, 33, 37, 39, 42, 46, 48, 49, 55, 58, 65, 67, 68, 72, 78]",201
114072673,2025-12-24,"[2, 7, 17, 20, 21, 22, 23, 24, 25, 28, 29, 30, 48, 49, 55, 57, 61, 62, 63, 66]",202
114072674,2025-12-24,"[2, 9, 11, 13, 17, 24, 27, 30, 35, 39, 40, 42, 43, 50, 52, 63, 64, 65, 75, 77]",203
114072675,2025-12-25,"[2, 9, 11, 13, 15, 17, 21, 35, 36, 37, 38, 40, 43, 45, 51, 54, 59, 65, 76, 77]",1
114072676,2025-12-25,"[15, 21, 24, 26, 27, 30, 31, 34, 35, 36, 45, 48, 56, 58, 59, 62, 65, 70, 71, 73]",2
114072677,2025-12-25,"[15, 19, 23, 26, 29, 31, 34, 37, 39, 40, 56, 61, 62, 64, 65, 66, 70, 72, 73, 78]",3
114072678,2025-12-25,"[6, 8, 9, 16, 20, 21, 28, 34, 36, 39, 41, 43, 50, 62, 65, 66, 72, 75, 76, 79]",4
114072679,2025-12-25,"[1, 5, 7, 10, 16, 23, 24, 26, 27, 28, 29, 35, 37, 38, 43, 46, 50, 67, 74, 78]",5
114072680,2025-12-25,"[18, 23, 27, 29, 33, 44, 45, 46, 48, 53, 56, 58, 61, 63, 68, 71, 73, 77, 78, 80]",6
114072681,2025-12-25,"[5, 13, 15, 17, 21, 23, 28, 29, 31, 33, 35, 40, 42, 48, 53, 61, 66, 70, 73, 77]",7
114072682,2025-12-25,"[2, 8, 14, 15, 23, 27, 33, 34, 36, 39, 41, 46, 53, 58, 59, 66, 69, 75, 77, 79]",8
114072683,2025-12-25,"[7, 8, 9, 16, 17, 20, 22, 32, 33, 44, 50, 55, 57, 60, 63, 64, 65, 70, 75, 79]",9
114072684,2025-12-25,"[3, 6, 8, 9, 18, 19, 23, 27, 29, 31, 32, 33, 35, 51, 59, 61, 67, 73, 74, 76]",10
114072685,2025-12-25,"[1, 3, 4, 10, 19, 20, 22, 25, 28, 32, 56, 57, 66, 68, 70, 73, 75, 77, 79, 80]",11
114072686,2025-12-25,"[3, 5, 15, 21, 23, 25, 31, 32, 33, 34, 35, 47, 50, 54, 56, 57, 59, 65, 71, 77]",12
114072687,2025-12-25,"[4, 10, 16, 17, 18, 22, 23, 29, 30, 31, 32, 38, 42, 43, 45, 63, 66, 73, 78, 80]",13
114072688,2025-12-25,"[1, 9, 18, 20, 21, 22, 24, 25, 28, 30, 31, 33, 41, 51, 55, 56, 59, 60, 61, 78]",14
114072689,2025-12-25,"[3, 5, 8, 11, 12, 20, 26, 27, 37, 40, 41, 48, 57, 58, 61, 63, 70, 72, 75, 79]",15
114072690,2025-12-25,"[2, 3, 4, 5, 12, 13, 15, 26, 33, 35, 37, 39, 44, 46, 49, 54, 55, 65, 70, 80]",16
114072691,2025-12-25,"[4, 9, 20, 22, 23, 26, 29, 42, 43, 49, 52, 53, 62, 63, 66, 71, 72, 75, 76, 80]",17
114072692,2025-12-25,"[3, 4, 6, 8, 15, 16, 20, 22, 31, 39, 43, 57, 59, 64, 68, 69, 74, 75, 76, 77]",18
114072693,2025-12-25,"[1, 6, 15, 16, 17, 28, 33, 35, 41, 44, 45, 47, 48, 53, 62, 70, 72, 73, 76, 80]",19
114072694,2025-12-25,"[7, 18, 26, 31, 32, 33, 34, 37, 41, 49, 51, 53, 56, 57, 58, 60, 61, 66, 69, 74]",20
114072695,2025-12-25,"[4, 5, 9, 10, 14, 17, 18, 28, 37, 38, 42, 44, 46, 50, 56, 58, 65, 67, 71, 78]",21
114072696,2025-12-25,"[1, 10, 13, 15, 16, 17, 23, 30, 35, 41, 51, 55, 56, 58, 60, 61, 67, 73, 79, 80]",22
114072697,2025-12-25,"[1, 3, 10, 15, 16, 20, 21, 23, 27, 30, 37, 40, 42, 46, 53, 55, 63, 66, 71, 77]",23
114072698,2025-12-25,"[3, 8, 12, 16, 20, 27, 28, 29, 34, 38, 43, 52, 54, 56, 69, 73, 76, 77, 78, 80]",24
114072699,2025-12-25,"[4, 15, 36, 40, 42, 43, 46, 47, 52, 58, 60, 61, 63, 64, 67, 69, 70, 72, 75, 79]",25
114072700,2025-12-25,"[4, 7, 8, 9, 16, 20, 22, 27, 28, 30, 31, 47, 53, 55, 59, 60, 63, 64, 71, 75]",26
114072701,2025-12-25,"[3, 5, 11, 14, 15, 18, 26, 28, 31, 33, 39, 51, 53, 58, 61, 67, 73, 76, 78, 80]",27
114072702,2025-12-25,"[1, 5, 6, 7, 13, 14, 17, 18, 20, 26, 28, 30, 37, 40, 42, 48, 62, 67, 68, 71]",28
114072703,2025-12-25,"[5, 8, 10, 21, 25, 28, 30, 35, 38, 47, 51, 55, 58, 59, 60, 65, 69, 70, 74, 77]",29
114072704,2025-12-25,"[2, 8, 11, 16, 19, 27, 29, 35, 37, 41, 42, 44, 45, 49, 53, 57, 64, 72, 75, 78]",30
114072705,2025-12-25,"[2, 6, 9, 19, 22, 26, 29, 30, 34, 45, 46, 53, 54, 55, 56, 63, 67, 72, 74, 75]",31
114072706,2025-12-25,"[5, 10, 17, 18, 19, 23, 27, 33, 35, 42, 49, 51, 52, 54, 57, 61, 64, 68, 73, 77]",32
114072707,2025-12-25,"[1, 2, 6, 7, 15, 30, 34, 41, 43, 46, 49, 51, 53, 58, 63, 66, 72, 75, 76, 78]",33
114072708,2025-12-25,"[1, 11, 12, 14, 16, 22, 28, 31, 38, 39, 42, 48, 52, 54, 61, 64, 66, 68, 72, 78]",34
114072709,2025-12-25,"[2, 9, 12, 16, 20, 21, 22, 23, 25, 42, 50, 51, 52, 53, 56, 63, 65, 66, 75, 77]",35
114072710,2025-12-25,"[2, 4, 7, 9, 10, 15, 17, 25, 26, 34, 42, 45, 49, 54, 58, 65, 66, 68, 73, 80]",36
114072711,2025-12-25,"[1, 8, 12, 15, 19, 22, 26, 27, 28, 29, 39, 45, 50, 52, 54, 60, 68, 71, 72, 73]",37
114072712,2025-12-25,"[3, 7, 8, 14, 18, 21, 22, 29, 30, 31, 38, 44, 45, 47, 53, 63, 70, 71, 74, 78]",38
114072713,2025-12-25,"[5, 17, 19, 23, 26, 27, 29, 31, 34, 35, 46, 52, 56, 57, 60, 65, 72, 73, 75, 80]",39
114072714,2025-12-25,"[2, 3, 9, 17, 18, 19, 27, 37, 39, 41, 44, 45, 51, 52, 59, 61, 62, 73, 78, 80]",40
114072715,2025-12-25,"[11, 13, 14, 17, 20, 21, 24, 25, 35, 38, 40, 42, 44, 51, 58, 60, 63, 73, 77, 80]",41
114072716,2025-12-25,"[4, 9, 10, 14, 16, 21, 34, 35, 41, 43, 49, 52, 53, 62, 65, 66, 67, 68, 71, 73]",42
114072717,2025-12-25,"[1, 3, 8, 16, 23, 27, 28, 36, 39, 41, 42, 48, 57, 58, 60, 61, 62, 64, 74, 78]",43
114072718,2025-12-25,"[8, 10, 12, 16, 24, 25, 29, 33, 34, 45, 46, 49, 51, 54, 61, 64, 66, 74, 77, 79]",44
114072719,2025-12-25,"[2, 3, 5, 8, 20, 23, 31, 33, 34, 36, 45, 46, 54, 57, 58, 61, 62, 63, 74, 76]",45
114072720,2025-12-25,"[9, 10, 11, 12, 16, 17, 18, 26, 38, 42, 43, 51, 58, 59, 60, 62, 66, 73, 78, 80]",46
114072721,2025-12-25,"[1, 14, 16, 24, 26, 28, 29, 39, 47, 51, 55, 59, 60, 63, 66, 71, 74, 75, 77, 80]",47
114072722,2025-12-25,"[2, 4, 5, 12, 14, 16, 19, 35, 41, 48, 50, 51, 54, 57, 58, 62, 66, 68, 69, 71]",48
114072723,2025-12-25,"[5, 7, 14, 23, 25, 27, 38, 39, 44, 46, 47, 48, 52, 56, 61, 63, 64, 65, 69, 75]",49
114072724,2025-12-25,"[2, 4, 12, 13, 20, 21, 25, 33, 36, 46, 52, 53, 54, 57, 66, 68, 70, 74, 76, 77]",50
114072725,2025-12-25,"[12, 16, 20, 21, 24, 25, 30, 34, 37, 42, 45, 52, 54, 55, 58, 65, 67, 68, 71, 72]",51
114072726,2025-12-25,"[3, 7, 16, 22, 25, 31, 32, 40, 42, 51, 57, 59, 61, 62, 67, 68, 69, 71, 73, 76]",52
114072727,2025-12-25,"[6, 24, 27, 36, 41, 43, 44, 45, 47, 48, 49, 51, 52, 58, 59, 60, 64, 69, 70, 73]",53
114072728,2025-12-25,"[1, 4, 8, 11, 12, 17, 18, 22, 24, 30, 31, 40, 43, 44, 48, 52, 60, 62, 68, 73]",54
114072729,2025-12-25,"[2, 3, 8, 9, 12, 24, 25, 26, 28, 42, 43, 44, 49, 65, 69, 70, 71, 72, 75, 78]",55
114072730,2025-12-25,"[2, 6, 9, 22, 27, 30, 32, 33, 38, 39, 45, 47, 48, 55, 58, 63, 71, 74, 78, 79]",56
114072731,2025-12-25,"[2, 3, 4, 6, 20, 22, 25, 26, 27, 35, 37, 41, 50, 57, 59, 60, 65, 73, 76, 78]",57
114072732,2025-12-25,"[4, 5, 7, 14, 15, 18, 22, 25, 31, 33, 34, 42, 55, 56, 58, 59, 60, 68, 72, 76]",58
114072733,2025-12-25,"[7, 10, 13, 14, 27, 36, 43, 45, 48, 52, 62, 68, 69, 70, 73, 74, 75, 77, 79, 80]",59
114072734,2025-12-25,"[4, 8, 16, 22, 28, 30, 35, 39, 40, 41, 47, 48, 55, 56, 58, 59, 60, 65, 75, 80]",60
114072735,2025-12-25,"[1, 2, 5, 12, 14, 15, 17, 21, 27, 32, 34, 39, 42, 44, 46, 48, 53, 68, 76, 78]",61
114072736,2025-12-25,"[4, 7, 10, 12, 13, 19, 36, 37, 38, 41, 48, 50, 52, 58, 60, 64, 65, 67, 73, 78]",62
114072737,2025-12-25,"[2, 6, 8, 10, 21, 23, 36, 37, 41, 42, 46, 48, 54, 56, 60, 64, 67, 68, 79, 80]",63
114072738,2025-12-25,"[1, 2, 7, 8, 13, 17, 20, 21, 25, 28, 33, 35, 36, 37, 51, 59, 67, 73, 78, 79]",64
114072739,2025-12-25,"[1, 4, 5, 8, 14, 20, 25, 28, 31, 32, 34, 35, 36, 41, 42, 43, 60, 61, 63, 73]",65
114072740,2025-12-25,"[6, 19, 23, 27, 36, 41, 42, 43, 44, 45, 47, 48, 50, 51, 52, 56, 58, 61, 64, 70]",66
114072741,2025-12-25,"[5, 8, 9, 10, 12, 21, 29, 33, 38, 48, 50, 57, 60, 64, 66, 68, 70, 74, 77, 78]",67
114072742,2025-12-25,"[3, 5, 8, 10, 15, 16, 18, 25, 27, 28, 45, 53, 55, 56, 57, 63, 65, 70, 72, 77]",68
114072743,2025-12-25,"[8, 15, 20, 31, 32, 35, 39, 42, 45, 53, 58, 60, 61, 64, 65, 66, 70, 71, 74, 79]",69
114072744,2025-12-25,"[2, 5, 17, 18, 19, 21, 28, 32, 33, 36, 38, 44, 46, 47, 51, 52, 56, 63, 76, 80]",70
114072745,2025-12-25,"[2, 5, 7, 9, 12, 17, 19, 20, 28, 33, 35, 46, 51, 64, 66, 67, 68, 70, 74, 78]",71
114072746,2025-12-25,"[2, 13, 16, 18, 20, 24, 32, 35, 37, 38, 56, 59, 61, 68, 69, 70, 72, 75, 76, 80]",72
114072747,2025-12-25,"[5, 10, 12, 13, 21, 23, 33, 35, 45, 46, 49, 50, 51, 58, 62, 64, 70, 73, 77, 78]",73
114072748,2025-12-25,"[6, 11, 23, 24, 31, 32, 34, 38, 40, 41, 44, 49, 55, 56, 62, 63, 69, 70, 71, 77]",74
114072749,2025-12-25,"[3, 4, 13, 15, 17, 23, 27, 35, 38, 43, 45, 48, 54, 57, 58, 60, 66, 73, 77, 79]",75
114072750,2025-12-25,"[2, 9, 11, 18, 24, 31, 36, 37, 41, 43, 45, 47, 50, 53, 54, 59, 60, 64, 65, 70]",76
114072751,2025-12-25,"[3, 7, 8, 9, 10, 11, 14, 18, 21, 22, 26, 29, 33, 39, 44, 50, 54, 56, 67, 73]",77
114072752,2025-12-25,"[4, 8, 10, 20, 23, 25, 30, 35, 37, 40, 46, 48, 53, 60, 61, 63, 64, 69, 74, 76]",78
114072753,2025-12-25,"[7, 9, 13, 14, 16, 24, 25, 27, 31, 33, 39, 41, 44, 52, 54, 56, 60, 64, 65, 71]",79
114072754,2025-12-25,"[1, 4, 10, 13, 15, 17, 18, 22, 24, 26, 27, 34, 36, 38, 40, 50, 54, 62, 64, 77]",80
114072755,2025-12-25,"[1, 4, 8, 9, 13, 20, 22, 24, 25, 26, 28, 30, 31, 42, 49, 50, 55, 64, 73, 74]",81
114072756,2025-12-25,"[1, 2, 5, 7, 8, 17, 22, 32, 34, 36, 41, 43, 45, 47, 54, 58, 60, 61, 77, 79]",82
114072757,2025-12-25,"[2, 9, 11, 15, 17, 19, 24, 26, 34, 44, 53, 59, 62, 64, 65, 66, 68, 70, 71, 79]",83
114072758,2025-12-25,"[1, 4, 14, 16, 17, 24, 30, 34, 39, 40, 48, 51, 52, 53, 55, 61, 64, 66, 77, 79]",84
114072759,2025-12-25,"[4, 6, 8, 14, 16, 20, 21, 22, 32, 34, 35, 36, 37, 38, 53, 58, 59, 64, 66, 79]",85
114072760,2025-12-25,"[2, 7, 8, 9, 15, 16, 17, 19, 20, 26, 27, 28, 39, 40, 41, 43, 49, 61, 62, 71]",86
114072761,2025-12-25,"[4, 9, 15, 17, 20, 23, 24, 25, 27, 28, 41, 42, 57, 60, 62, 63, 65, 74, 79, 80]",87
114072762,2025-12-25,"[1, 2, 3, 15, 18, 25, 32, 42, 50, 52, 54, 55, 61, 66, 68, 71, 72, 75, 76, 79]",88
114072763,2025-12-25,"[2, 7, 13, 16, 20, 26, 32, 33, 38, 41, 48, 50, 52, 53, 64, 66, 67, 69, 73, 80]",89
114072764,2025-12-25,"[1, 4, 5, 9, 10, 13, 16, 23, 27, 29, 34, 38, 42, 52, 59, 60, 62, 68, 70, 73]",90
114072765,2025-12-25,"[3, 12, 13, 34, 36, 37, 38, 41, 43, 47, 49, 60, 63, 66, 67, 70, 73, 74, 75, 78]",91
114072766,2025-12-25,"[1, 3, 6, 17, 18, 20, 26, 28, 31, 41, 45, 51, 55, 59, 63, 65, 68, 69, 70, 77]",92
114072767,2025-12-25,"[10, 12, 13, 19, 22, 23, 26, 31, 32, 40, 41, 46, 53, 59, 65, 66, 68, 69, 73, 79]",93
114072768,2025-12-25,"[13, 14, 17, 18, 19, 21, 23, 26, 33, 35, 38, 44, 47, 61, 62, 63, 64, 65, 77, 79]",94
114072769,2025-12-25,"[9, 11, 15, 16, 27, 28, 31, 36, 37, 38, 40, 49, 59, 60, 61, 67, 75, 76, 78, 80]",95
114072770,2025-12-25,"[3, 7, 11, 12, 16, 18, 21, 34, 35, 40, 44, 45, 46, 51, 61, 63, 64, 77, 79, 80]",96
114072771,2025-12-25,"[6, 7, 8, 10, 13, 14, 20, 23, 24, 25, 27, 28, 31, 38, 48, 55, 58, 59, 65, 73]",97
114072772,2025-12-25,"[4, 7, 8, 9, 11, 20, 21, 25, 34, 38, 40, 42, 46, 54, 57, 69, 71, 72, 75, 80]",98
114072773,2025-12-25,"[1, 2, 5, 8, 17, 21, 29, 33, 34, 36, 38, 46, 55, 61, 62, 63, 66, 67, 69, 79]",99
114072774,2025-12-25,"[1, 5, 6, 18, 20, 24, 31, 33, 38, 40, 48, 49, 50, 55, 57, 58, 65, 68, 72, 78]",100
114072775,2025-12-25,"[2, 4, 12, 14, 17, 26, 28, 29, 32, 33, 35, 42, 45, 47, 52, 57, 64, 73, 75, 77]",101
114072776,2025-12-25,"[1, 2, 11, 15, 16, 17, 19, 22, 25, 31, 38, 42, 43, 45, 46, 48, 49, 55, 63, 72]",102
114072777,2025-12-25,"[1, 7, 10, 19, 20, 21, 24, 26, 27, 30, 36, 38, 40, 48, 49, 65, 66, 71, 75, 79]",103
114072778,2025-12-25,"[10, 15, 17, 19, 22, 24, 27, 31, 36, 38, 45, 47, 57, 59, 62, 63, 67, 68, 71, 72]",104
114072779,2025-12-25,"[4, 5, 6, 7, 17, 22, 24, 26, 27, 28, 38, 42, 52, 55, 56, 58, 61, 65, 66, 74]",105
114072780,2025-12-25,"[1, 5, 10, 18, 20, 24, 25, 26, 33, 35, 37, 40, 47, 48, 53, 56, 59, 60, 75, 80]",106
114072781,2025-12-25,"[2, 3, 7, 8, 10, 11, 12, 18, 26, 43, 45, 49, 50, 57, 60, 61, 64, 68, 73, 75]",107
114072782,2025-12-25,"[8, 11, 19, 20, 25, 27, 33, 34, 35, 40, 48, 50, 51, 56, 58, 65, 66, 75, 76, 78]",108
114072783,2025-12-25,"[4, 7, 10, 16, 20, 23, 25, 27, 31, 34, 38, 45, 47, 54, 60, 68, 69, 70, 78, 79]",109
114072784,2025-12-25,"[3, 5, 6, 9, 10, 11, 13, 18, 22, 25, 31, 35, 44, 45, 47, 49, 53, 76, 77, 78]",110
114072785,2025-12-25,"[9, 15, 18, 20, 27, 31, 32, 33, 36, 38, 40, 44, 46, 50, 63, 68, 69, 77, 78, 79]",111
114072786,2025-12-25,"[1, 4, 9, 14, 15, 28, 30, 44, 49, 51, 52, 57, 59, 60, 61, 64, 71, 74, 76, 80]",112
114072787,2025-12-25,"[7, 8, 11, 16, 19, 21, 26, 28, 30, 38, 39, 41, 45, 52, 53, 62, 70, 74, 77, 78]",113
114072788,2025-12-25,"[1, 2, 20, 25, 30, 34, 36, 38, 48, 49, 63, 64, 66, 70, 73, 75, 76, 77, 79, 80]",114
114072789,2025-12-25,"[2, 10, 18, 19, 25, 26, 27, 39, 42, 46, 53, 55, 56, 64, 66, 72, 73, 75, 77, 79]",115
114072790,2025-12-25,"[3, 6, 9, 17, 19, 28, 31, 32, 33, 35, 37, 41, 44, 47, 48, 49, 65, 77, 78, 79]",116
114072791,2025-12-25,"[1, 2, 3, 7, 9, 18, 19, 22, 23, 27, 37, 39, 41, 46, 50, 51, 62, 72, 73, 80]",117
114072792,2025-12-25,"[3, 4, 7, 11, 13, 23, 27, 30, 36, 38, 46, 47, 49, 52, 58, 68, 71, 78, 79, 80]",118
114072793,2025-12-25,"[2, 3, 8, 11, 18, 20, 32, 35, 37, 40, 46, 47, 49, 50, 51, 52, 56, 57, 59, 67]",119
114072794,2025-12-25,"[2, 3, 6, 19, 28, 37, 42, 43, 45, 47, 52, 55, 57, 60, 68, 73, 74, 75, 76, 79]",120
114072795,2025-12-25,"[5, 6, 8, 9, 37, 39, 43, 47, 54, 55, 57, 64, 68, 69, 70, 71, 74, 75, 77, 78]",121
114072796,2025-12-25,"[5, 8, 9, 11, 29, 32, 34, 39, 46, 52, 55, 56, 63, 64, 66, 67, 70, 72, 74, 79]",122
114072797,2025-12-25,"[3, 7, 8, 11, 14, 20, 21, 23, 34, 43, 44, 48, 53, 59, 61, 66, 67, 70, 72, 79]",123
114072798,2025-12-25,"[2, 10, 12, 15, 21, 23, 28, 33, 41, 43, 45, 50, 58, 60, 62, 63, 64, 66, 67, 71]",124
114072799,2025-12-25,"[8, 10, 15, 16, 21, 32, 34, 35, 47, 49, 56, 57, 58, 59, 63, 65, 67, 71, 74, 75]",125
114072800,2025-12-25,"[1, 3, 11, 15, 17, 35, 39, 42, 46, 50, 52, 54, 63, 64, 65, 66, 67, 71, 72, 73]",126
114072801,2025-12-25,"[8, 15, 16, 23, 28, 30, 40, 43, 44, 45, 49, 50, 51, 53, 58, 59, 68, 69, 76, 80]",127
114072802,2025-12-25,"[2, 7, 10, 18, 20, 21, 30, 35, 36, 50, 51, 52, 55, 56, 62, 65, 69, 74, 75, 78]",128
114072803,2025-12-25,"[1, 2, 3, 5, 8, 16, 19, 20, 35, 38, 43, 45, 50, 58, 60, 63, 66, 68, 70, 71]",129
114072804,2025-12-25,"[5, 7, 11, 12, 17, 19, 22, 25, 34, 38, 47, 56, 58, 62, 64, 66, 67, 74, 77, 80]",130
114072805,2025-12-25,"[1, 9, 10, 15, 21, 22, 23, 28, 33, 42, 43, 49, 51, 52, 59, 66, 71, 72, 73, 76]",131
114072806,2025-12-25,"[1, 3, 9, 14, 23, 24, 27, 33, 35, 44, 45, 51, 56, 61, 64, 71, 72, 75, 76, 79]",132
114072807,2025-12-25,"[4, 11, 14, 16, 18, 20, 22, 30, 37, 42, 44, 46, 52, 57, 58, 64, 66, 72, 74, 75]",133
114072808,2025-12-25,"[10, 16, 26, 27, 28, 38, 41, 45, 51, 54, 57, 59, 62, 65, 66, 68, 69, 70, 77, 79]",134
114072809,2025-12-25,"[3, 4, 11, 19, 21, 29, 32, 41, 42, 43, 46, 49, 54, 56, 57, 59, 60, 64, 71, 76]",135
114072810,2025-12-25,"[2, 10, 19, 20, 25, 29, 32, 33, 35, 38, 40, 41, 42, 53, 55, 56, 57, 64, 65, 67]",136
114072811,2025-12-25,"[1, 3, 4, 14, 20, 26, 28, 29, 30, 31, 32, 53, 54, 58, 60, 62, 63, 64, 71, 74]",137
114072812,2025-12-25,"[1, 7, 12, 14, 16, 19, 35, 36, 46, 50, 51, 57, 61, 62, 64, 65, 67, 71, 73, 76]",138
114072813,2025-12-25,"[2, 3, 11, 15, 23, 38, 41, 46, 47, 56, 62, 63, 66, 67, 69, 71, 74, 78, 79, 80]",139
114072814,2025-12-25,"[4, 14, 16, 21, 24, 26, 27, 30, 32, 33, 39, 41, 44, 45, 51, 59, 69, 72, 75, 78]",140
114072815,2025-12-25,"[6, 8, 10, 15, 16, 22, 25, 42, 43, 46, 48, 51, 55, 59, 66, 67, 69, 70, 78, 79]",141
114072816,2025-12-25,"[1, 2, 7, 9, 12, 15, 16, 17, 32, 33, 34, 37, 46, 55, 64, 67, 68, 74, 77, 78]",142
114072817,2025-12-25,"[11, 19, 29, 30, 33, 37, 41, 46, 47, 48, 52, 53, 58, 59, 66, 69, 74, 76, 77, 79]",143
114072818,2025-12-25,"[1, 4, 7, 15, 23, 24, 28, 34, 36, 37, 43, 54, 57, 60, 68, 69, 70, 71, 79, 80]",144
114072819,2025-12-25,"[1, 4, 5, 13, 15, 17, 23, 34, 35, 42, 48, 60, 62, 66, 70, 71, 72, 74, 78, 80]",145
114072820,2025-12-25,"[1, 15, 16, 22, 23, 25, 26, 33, 37, 40, 52, 53, 54, 60, 66, 68, 69, 71, 76, 77]",146
114072821,2025-12-25,"[2, 13, 16, 17, 19, 22, 26, 28, 32, 33, 43, 46, 52, 54, 56, 59, 65, 71, 77, 80]",147
114072822,2025-12-25,"[5, 17, 20, 24, 25, 29, 31, 34, 36, 45, 47, 49, 51, 54, 57, 60, 64, 69, 70, 75]",148
114072823,2025-12-25,"[7, 11, 15, 16, 22, 24, 27, 33, 34, 35, 39, 43, 47, 51, 57, 61, 69, 71, 72, 75]",149
114072824,2025-12-25,"[2, 5, 10, 22, 26, 32, 40, 52, 55, 58, 60, 61, 63, 66, 67, 68, 72, 73, 74, 80]",150
114072825,2025-12-25,"[3, 9, 11, 22, 24, 30, 31, 34, 35, 43, 44, 53, 55, 57, 61, 63, 64, 69, 76, 78]",151
114072826,2025-12-25,"[7, 9, 10, 12, 17, 20, 23, 26, 30, 40, 50, 52, 54, 57, 58, 61, 63, 70, 73, 78]",152
114072827,2025-12-25,"[1, 4, 6, 7, 17, 19, 20, 22, 27, 31, 34, 40, 42, 44, 45, 53, 63, 66, 77, 79]",153
114072828,2025-12-25,"[1, 2, 3, 5, 11, 18, 19, 20, 30, 41, 43, 45, 49, 54, 61, 65, 68, 70, 74, 78]",154
114072829,2025-12-25,"[5, 10, 13, 18, 20, 21, 29, 35, 37, 39, 42, 43, 56, 57, 59, 65, 66, 78, 79, 80]",155
114072830,2025-12-25,"[5, 6, 8, 9, 10, 16, 23, 25, 28, 30, 36, 39, 47, 49, 52, 55, 57, 59, 64, 69]",156
114072831,2025-12-25,"[2, 12, 15, 17, 18, 19, 24, 27, 29, 34, 37, 45, 50, 54, 60, 61, 62, 63, 68, 76]",157
114072832,2025-12-25,"[1, 4, 8, 16, 19, 25, 30, 34, 36, 41, 44, 52, 59, 60, 62, 67, 68, 70, 72, 78]",158
114072833,2025-12-25,"[1, 4, 6, 26, 27, 32, 33, 37, 39, 44, 45, 46, 49, 54, 56, 63, 69, 73, 77, 80]",159
114072834,2025-12-25,"[3, 4, 5, 7, 10, 17, 24, 32, 33, 35, 42, 44, 47, 51, 52, 57, 64, 70, 72, 78]",160
114072835,2025-12-25,"[5, 6, 8, 10, 12, 36, 38, 44, 47, 52, 54, 55, 56, 61, 62, 63, 64, 71, 72, 78]",161
114072836,2025-12-25,"[2, 3, 8, 11, 12, 26, 34, 37, 38, 46, 52, 57, 64, 65, 66, 71, 72, 77, 78, 80]",162
114072837,2025-12-25,"[7, 15, 17, 18, 22, 23, 28, 35, 42, 43, 44, 48, 56, 62, 64, 65, 69, 71, 76, 80]",163
114072838,2025-12-25,"[2, 10, 11, 22, 23, 34, 35, 38, 40, 42, 45, 46, 50, 63, 64, 69, 76, 78, 79, 80]",164
114072839,2025-12-25,"[5, 9, 15, 18, 25, 26, 27, 28, 35, 39, 40, 42, 46, 51, 53, 59, 60, 65, 67, 70]",165
114072840,2025-12-25,"[3, 7, 14, 26, 28, 30, 32, 37, 38, 39, 42, 43, 47, 56, 61, 62, 65, 69, 71, 78]",166
114072841,2025-12-25,"[7, 9, 12, 15, 16, 19, 25, 29, 36, 39, 41, 42, 43, 56, 57, 58, 68, 72, 75, 79]",167
114072842,2025-12-25,"[7, 16, 17, 29, 32, 33, 34, 44, 46, 48, 52, 53, 54, 55, 56, 60, 62, 66, 67, 72]",168
114072843,2025-12-25,"[6, 8, 9, 14, 20, 21, 22, 24, 28, 30, 32, 35, 39, 47, 49, 52, 56, 71, 76, 77]",169
114072844,2025-12-25,"[6, 7, 20, 26, 30, 32, 33, 34, 39, 40, 48, 50, 52, 58, 59, 61, 66, 72, 75, 77]",170
114072845,2025-12-25,"[1, 2, 3, 14, 16, 23, 25, 31, 35, 39, 52, 55, 63, 64, 65, 67, 69, 74, 75, 76]",171
114072846,2025-12-25,"[3, 8, 10, 14, 15, 20, 21, 24, 32, 34, 35, 40, 41, 44, 55, 56, 59, 61, 66, 80]",172
114072847,2025-12-25,"[11, 14, 15, 16, 21, 26, 27, 30, 33, 42, 43, 47, 49, 54, 58, 60, 66, 69, 74, 78]",173
114072848,2025-12-25,"[1, 2, 6, 10, 11, 13, 14, 15, 19, 20, 29, 39, 43, 44, 47, 49, 50, 52, 56, 80]",174
114072849,2025-12-25,"[4, 6, 8, 9, 10, 19, 24, 40, 44, 54, 60, 61, 62, 63, 64, 68, 73, 74, 75, 78]",175
114072850,2025-12-25,"[1, 2, 3, 6, 12, 13, 22, 23, 24, 28, 39, 44, 50, 56, 60, 64, 66, 69, 71, 72]",176
114072851,2025-12-25,"[5, 7, 9, 14, 15, 18, 19, 21, 22, 28, 38, 47, 53, 56, 61, 67, 68, 70, 74, 76]",177
114072852,2025-12-25,"[1, 3, 7, 13, 15, 22, 23, 25, 32, 33, 36, 37, 51, 58, 60, 61, 65, 72, 73, 75]",178
114072853,2025-12-25,"[1, 12, 13, 17, 20, 24, 31, 34, 35, 37, 47, 56, 58, 60, 63, 66, 67, 72, 73, 78]",179
114072854,2025-12-25,"[1, 6, 7, 16, 25, 31, 34, 35, 42, 48, 50, 52, 57, 61, 64, 65, 70, 72, 73, 74]",180
114072855,2025-12-25,"[1, 4, 17, 20, 21, 23, 38, 39, 43, 51, 54, 57, 59, 60, 63, 64, 66, 69, 71, 75]",181
114072856,2025-12-25,"[2, 3, 5, 9, 25, 26, 29, 31, 33, 36, 46, 47, 48, 52, 54, 60, 75, 76, 79, 80]",182
114072857,2025-12-25,"[2, 4, 7, 11, 13, 16, 24, 32, 37, 39, 42, 43, 50, 51, 52, 61, 64, 72, 77, 80]",183
114072858,2025-12-25,"[4, 7, 8, 13, 15, 20, 21, 24, 26, 30, 32, 37, 40, 48, 50, 57, 60, 63, 69, 71]",184
114072859,2025-12-25,"[3, 4, 7, 11, 12, 31, 36, 37, 45, 51, 56, 57, 60, 61, 63, 67, 72, 74, 77, 79]",185
114072860,2025-12-25,"[2, 3, 10, 22, 29, 30, 31, 37, 43, 49, 50, 51, 56, 60, 61, 63, 66, 69, 78, 79]",186
114072861,2025-12-25,"[3, 12, 20, 22, 28, 30, 35, 37, 39, 43, 44, 45, 48, 51, 53, 54, 65, 69, 71, 78]",187
114072862,2025-12-25,"[3, 5, 6, 8, 12, 18, 21, 29, 32, 37, 51, 53, 54, 59, 60, 62, 69, 71, 74, 76]",188
114072863,2025-12-25,"[7, 8, 12, 13, 14, 15, 16, 18, 24, 29, 31, 38, 46, 48, 55, 63, 64, 72, 73, 76]",189
114072864,2025-12-25,"[3, 4, 14, 15, 22, 24, 25, 31, 37, 44, 45, 51, 52, 55, 56, 58, 61, 65, 70, 74]",190
114072865,2025-12-25,"[12, 14, 23, 27, 29, 33, 35, 37, 38, 40, 41, 42, 48, 49, 58, 66, 69, 73, 78, 80]",191
114072866,2025-12-25,"[1, 13, 15, 18, 21, 22, 23, 28, 29, 33, 43, 51, 55, 65, 66, 67, 68, 71, 73, 80]",192
114072867,2025-12-25,"[5, 8, 11, 14, 17, 19, 22, 30, 31, 39, 44, 45, 49, 50, 51, 53, 67, 72, 77, 79]",193
114072868,2025-12-25,"[10, 14, 21, 27, 32, 34, 35, 43, 46, 47, 48, 52, 53, 60, 63, 66, 67, 71, 75, 80]",194
114072869,2025-12-25,"[1, 5, 6, 7, 11, 23, 24, 27, 30, 31, 32, 33, 46, 52, 53, 62, 66, 68, 74, 77]",195
114072870,2025-12-25,"[1, 5, 6, 8, 13, 14, 16, 21, 26, 39, 48, 49, 53, 54, 59, 62, 63, 64, 74, 76]",196
114072871,2025-12-25,"[2, 4, 9, 11, 23, 24, 25, 27, 28, 29, 39, 48, 49, 51, 56, 61, 63, 74, 76, 79]",197
114072872,2025-12-25,"[12, 22, 28, 33, 39, 40, 42, 48, 49, 54, 57, 59, 60, 61, 62, 67, 69, 74, 75, 76]",198
114072873,2025-12-25,"[2, 9, 20, 23, 27, 28, 31, 35, 39, 46, 53, 56, 57, 59, 60, 64, 72, 73, 74, 80]",199
114072874,2025-12-25,"[3, 6, 9, 13, 18, 24, 29, 37, 38, 39, 42, 44, 54, 58, 64, 68, 72, 77, 79, 80]",200
114072875,2025-12-25,"[6, 7, 8, 13, 16, 18, 23, 26, 34, 43, 44, 46, 48, 56, 57, 60, 64, 67, 73, 76]",201
114072876,2025-12-25,"[1, 3, 6, 17, 24, 28, 30, 32, 35, 37, 39, 41, 42, 46, 47, 48, 59, 60, 65, 72]",202
114072877,2025-12-25,"[1, 4, 6, 17, 30, 39, 42, 43, 46, 47, 51, 52, 57, 62, 64, 65, 70, 71, 78, 79]",203
114072878,2025-12-26,"[1, 3, 11, 13, 14, 19, 21, 22, 27, 31, 34, 36, 49, 61, 65, 67, 68, 72, 73, 76]",1
114072879,2025-12-26,"[4, 8, 14, 21, 22, 28, 30, 32, 33, 38, 45, 49, 55, 64, 68, 69, 72, 74, 75, 79]",2
114072880,2025-12-26,"[1, 4, 10, 13, 23, 33, 41, 43, 45, 47, 50, 55, 62, 63, 68, 71, 72, 75, 76, 80]",3
114072881,2025-12-26,"[3, 5, 13, 14, 17, 19, 27, 30, 31, 36, 37, 41, 44, 46, 64, 67, 69, 72, 75, 78]",4
114072882,2025-12-26,"[3, 5, 10, 13, 19, 22, 31, 35, 39, 40, 51, 57, 60, 64, 67, 68, 70, 72, 73, 78]",5
114072883,2025-12-26,"[8, 18, 19, 21, 24, 30, 38, 42, 43, 44, 47, 52, 53, 58, 68, 70, 71, 73, 79, 80]",6
114072884,2025-12-26,"[10, 21, 23, 24, 25, 27, 30, 31, 33, 35, 40, 42, 51, 52, 53, 63, 64, 70, 71, 75]",7
114072885,2025-12-26,"[1, 2, 4, 5, 6, 8, 9, 13, 15, 16, 17, 19, 27, 38, 50, 62, 64, 66, 67, 74]",8
114072886,2025-12-26,"[3, 4, 7, 8, 9, 12, 17, 20, 31, 33, 38, 44, 48, 53, 54, 56, 62, 63, 67, 69]",9
114072887,2025-12-26,"[5, 12, 15, 17, 19, 20, 21, 27, 28, 36, 42, 44, 45, 50, 53, 55, 65, 67, 69, 72]",10
114072888,2025-12-26,"[10, 13, 15, 16, 23, 24, 28, 30, 31, 32, 36, 37, 49, 52, 57, 60, 61, 67, 76, 80]",11
114072889,2025-12-26,"[8, 21, 23, 24, 29, 30, 31, 32, 35, 47, 49, 57, 59, 60, 66, 67, 70, 72, 78, 79]",12
114072890,2025-12-26,"[4, 5, 8, 19, 23, 24, 25, 28, 35, 36, 41, 44, 48, 50, 51, 52, 54, 60, 62, 65]",13
114072891,2025-12-26,"[2, 6, 7, 9, 16, 25, 26, 30, 31, 34, 35, 40, 43, 46, 50, 51, 53, 59, 71, 78]",14
114072892,2025-12-26,"[4, 5, 8, 27, 28, 35, 36, 37, 38, 39, 40, 43, 49, 51, 53, 60, 64, 70, 72, 73]",15
114072893,2025-12-26,"[1, 6, 7, 12, 13, 16, 19, 23, 26, 35, 40, 48, 53, 56, 59, 61, 63, 65, 71, 79]",16
114072894,2025-12-26,"[7, 14, 19, 26, 28, 36, 37, 42, 43, 45, 47, 48, 51, 53, 54, 57, 62, 63, 69, 71]",17
114072895,2025-12-26,"[1, 5, 8, 10, 11, 15, 17, 21, 27, 37, 38, 46, 48, 49, 60, 64, 65, 69, 78, 80]",18
114072896,2025-12-26,"[1, 4, 5, 10, 17, 18, 22, 24, 27, 30, 35, 50, 51, 56, 60, 64, 66, 69, 76, 78]",19
114072897,2025-12-26,"[6, 7, 17, 22, 24, 29, 31, 35, 36, 37, 38, 45, 46, 48, 49, 58, 60, 66, 67, 78]",20
114072898,2025-12-26,"[4, 5, 8, 10, 13, 14, 19, 34, 42, 43, 45, 48, 52, 53, 55, 60, 61, 67, 75, 79]",21
114072899,2025-12-26,"[14, 17, 21, 28, 34, 39, 40, 43, 47, 49, 50, 53, 54, 64, 65, 68, 74, 75, 76, 77]",22
114072900,2025-12-26,"[2, 8, 9, 18, 19, 27, 30, 40, 42, 46, 47, 67, 70, 72, 73, 74, 75, 76, 77, 79]",23
114072901,2025-12-26,"[2, 3, 7, 23, 24, 30, 32, 33, 41, 43, 45, 46, 51, 56, 57, 60, 69, 71, 73, 76]",24
114072902,2025-12-26,"[1, 2, 6, 7, 12, 13, 20, 21, 22, 23, 26, 27, 42, 57, 61, 65, 68, 74, 77, 80]",25
114072903,2025-12-26,"[2, 6, 7, 12, 17, 22, 23, 24, 29, 31, 39, 43, 53, 54, 63, 65, 71, 72, 75, 78]",26
114072904,2025-12-26,"[3, 5, 17, 19, 20, 21, 33, 39, 45, 46, 49, 52, 57, 63, 70, 71, 74, 76, 77, 78]",27
114072905,2025-12-26,"[6, 8, 13, 14, 15, 17, 19, 28, 29, 33, 49, 51, 53, 56, 61, 65, 72, 74, 75, 77]",28
114072906,2025-12-26,"[1, 8, 19, 20, 21, 23, 26, 27, 32, 37, 46, 47, 51, 54, 56, 67, 70, 72, 73, 80]",29
114072907,2025-12-26,"[13, 14, 15, 17, 21, 23, 26, 27, 32, 34, 38, 48, 49, 50, 57, 60, 63, 68, 71, 72]",30
114072908,2025-12-26,"[1, 2, 9, 21, 30, 31, 35, 37, 42, 43, 44, 45, 47, 49, 53, 55, 60, 65, 77, 79]",31
114072909,2025-12-26,"[4, 10, 19, 20, 22, 31, 32, 35, 36, 38, 48, 53, 57, 61, 64, 65, 67, 69, 74, 76]",32
114072910,2025-12-26,"[3, 4, 7, 10, 13, 15, 16, 19, 21, 29, 34, 40, 41, 62, 64, 68, 70, 73, 74, 79]",33
114072911,2025-12-26,"[2, 7, 11, 14, 15, 18, 21, 25, 31, 32, 40, 44, 54, 58, 60, 62, 71, 76, 78, 80]",34
114072912,2025-12-26,"[9, 14, 18, 26, 33, 37, 38, 42, 51, 53, 55, 57, 60, 62, 63, 70, 71, 72, 73, 77]",35
114072913,2025-12-26,"[10, 13, 14, 22, 26, 29, 32, 40, 41, 42, 47, 48, 49, 51, 55, 63, 65, 68, 75, 76]",36
114072914,2025-12-26,"[4, 5, 9, 18, 19, 21, 22, 25, 32, 40, 43, 45, 46, 56, 63, 65, 72, 74, 76, 79]",37
114072915,2025-12-26,"[4, 5, 12, 20, 21, 23, 24, 25, 28, 31, 36, 38, 39, 60, 62, 63, 64, 68, 74, 76]",38
114072916,2025-12-26,"[2, 3, 4, 7, 11, 12, 15, 17, 19, 23, 30, 35, 48, 51, 54, 55, 58, 67, 78, 79]",39
114072917,2025-12-26,"[5, 6, 13, 14, 23, 29, 30, 32, 35, 40, 45, 48, 57, 63, 65, 66, 73, 76, 77, 78]",40
114072918,2025-12-26,"[7, 15, 22, 25, 33, 44, 47, 50, 55, 56, 57, 58, 60, 61, 62, 64, 68, 72, 73, 78]",41
114072919,2025-12-26,"[8, 10, 12, 16, 32, 33, 35, 38, 39, 40, 43, 51, 56, 57, 60, 63, 66, 67, 69, 71]",42
114072920,2025-12-26,"[10, 11, 18, 27, 29, 34, 35, 40, 42, 45, 46, 47, 51, 52, 54, 55, 74, 76, 77, 79]",43
114072921,2025-12-26,"[1, 10, 17, 19, 21, 26, 31, 34, 40, 41, 46, 50, 55, 56, 59, 62, 63, 70, 74, 76]",44
114072922,2025-12-26,"[5, 6, 10, 11, 18, 19, 23, 24, 31, 32, 35, 43, 44, 54, 57, 58, 66, 69, 74, 78]",45
114072923,2025-12-26,"[1, 2, 7, 16, 22, 23, 24, 29, 31, 33, 34, 38, 45, 46, 50, 55, 63, 65, 66, 69]",46
114072924,2025-12-26,"[3, 5, 11, 17, 19, 20, 22, 25, 26, 27, 29, 38, 41, 43, 44, 66, 71, 72, 73, 79]",47
114072925,2025-12-26,"[3, 14, 16, 18, 23, 33, 37, 41, 57, 59, 60, 61, 62, 67, 72, 74, 75, 77, 79, 80]",48
114072926,2025-12-26,"[1, 2, 8, 10, 12, 23, 26, 29, 30, 35, 38, 41, 50, 51, 59, 62, 66, 67, 74, 79]",49
114072927,2025-12-26,"[1, 3, 8, 10, 26, 27, 31, 33, 39, 41, 43, 47, 51, 54, 56, 59, 65, 66, 77, 78]",50
114072928,2025-12-26,"[8, 15, 17, 21, 24, 25, 27, 30, 32, 44, 46, 48, 51, 61, 64, 68, 69, 72, 77, 78]",51
114072929,2025-12-26,"[1, 4, 6, 8, 16, 17, 28, 31, 35, 36, 37, 39, 43, 55, 56, 58, 63, 68, 76, 79]",52
114072930,2025-12-26,"[7, 8, 12, 22, 24, 29, 33, 36, 44, 47, 48, 61, 64, 66, 67, 68, 73, 76, 77, 80]",53
114072931,2025-12-26,"[1, 3, 6, 10, 13, 14, 15, 16, 18, 25, 31, 35, 43, 49, 57, 59, 65, 72, 74, 79]",54
114072932,2025-12-26,"[1, 3, 4, 7, 8, 10, 12, 18, 20, 23, 33, 35, 53, 58, 60, 64, 72, 73, 74, 75]",55
114072933,2025-12-26,"[4, 7, 9, 13, 14, 36, 37, 38, 42, 47, 48, 53, 54, 56, 59, 64, 68, 76, 78, 80]",56
114072934,2025-12-26,"[2, 9, 11, 16, 19, 27, 33, 38, 41, 48, 53, 55, 56, 61, 65, 67, 70, 73, 74, 78]",57
114072935,2025-12-26,"[1, 5, 6, 8, 10, 14, 21, 22, 24, 34, 40, 58, 59, 60, 61, 63, 67, 68, 69, 77]",58
114072936,2025-12-26,"[4, 11, 19, 26, 29, 33, 35, 44, 48, 53, 56, 63, 65, 66, 67, 70, 71, 73, 75, 77]",59
114072937,2025-12-26,"[3, 7, 8, 11, 13, 21, 28, 33, 35, 40, 44, 51, 59, 63, 64, 65, 69, 71, 77, 80]",60
114072938,2025-12-26,"[3, 9, 13, 15, 20, 21, 25, 39, 43, 44, 45, 48, 50, 52, 59, 67, 72, 73, 78, 80]",61
114072939,2025-12-26,"[1, 4, 8, 9, 12, 16, 20, 21, 29, 30, 40, 46, 56, 61, 62, 63, 66, 68, 76, 77]",62
114072940,2025-12-26,"[4, 8, 9, 15, 16, 17, 31, 33, 35, 46, 47, 50, 51, 52, 58, 62, 64, 66, 72, 77]",63
114072941,2025-12-26,"[3, 5, 8, 18, 24, 26, 28, 31, 38, 39, 43, 51, 53, 56, 57, 59, 67, 72, 75, 80]",64
114072942,2025-12-26,"[5, 8, 9, 11, 16, 21, 22, 28, 32, 34, 35, 36, 37, 52, 59, 62, 65, 70, 77, 80]",65
114072943,2025-12-26,"[1, 3, 7, 9, 16, 18, 20, 23, 24, 28, 31, 37, 41, 45, 48, 56, 64, 66, 75, 78]",66
114072944,2025-12-26,"[2, 4, 7, 8, 13, 19, 22, 27, 28, 30, 35, 40, 42, 46, 48, 57, 58, 76, 77, 78]",67
114072945,2025-12-26,"[4, 7, 10, 11, 13, 15, 18, 22, 24, 36, 42, 45, 47, 50, 52, 59, 65, 67, 71, 78]",68
114072946,2025-12-26,"[3, 10, 14, 16, 23, 26, 31, 35, 36, 37, 41, 43, 46, 47, 52, 55, 61, 66, 67, 69]",69
114072947,2025-12-26,"[7, 8, 12, 14, 17, 18, 20, 23, 26, 27, 28, 38, 49, 50, 52, 54, 65, 76, 77, 79]",70
114072948,2025-12-26,"[2, 13, 18, 24, 33, 35, 36, 37, 41, 44, 45, 46, 47, 51, 54, 59, 64, 65, 77, 80]",71
114072949,2025-12-26,"[4, 7, 20, 22, 25, 26, 29, 32, 36, 43, 45, 46, 51, 52, 53, 59, 62, 70, 76, 78]",72
114072950,2025-12-26,"[6, 11, 14, 25, 27, 32, 37, 41, 44, 47, 48, 63, 64, 66, 69, 70, 73, 74, 78, 80]",73
114072951,2025-12-26,"[4, 5, 6, 15, 18, 19, 24, 25, 30, 31, 32, 37, 49, 50, 52, 55, 60, 63, 67, 79]",74
114072952,2025-12-26,"[3, 4, 6, 10, 17, 18, 22, 34, 40, 41, 52, 60, 62, 65, 69, 70, 73, 75, 76, 79]",75
114072953,2025-12-26,"[2, 4, 5, 6, 7, 12, 15, 16, 22, 27, 28, 31, 35, 42, 59, 61, 71, 78, 79, 80]",76
114072954,2025-12-26,"[16, 19, 21, 22, 24, 25, 26, 31, 36, 38, 45, 46, 53, 54, 55, 58, 62, 63, 64, 77]",77
114072955,2025-12-26,"[12, 14, 18, 23, 34, 38, 40, 45, 47, 50, 52, 57, 62, 65, 66, 67, 68, 69, 79, 80]",78
114072956,2025-12-26,"[1, 6, 7, 17, 18, 19, 24, 26, 27, 29, 30, 31, 32, 34, 41, 44, 51, 56, 66, 69]",79
114072957,2025-12-26,"[7, 12, 17, 21, 24, 25, 26, 29, 36, 40, 46, 47, 51, 55, 63, 66, 67, 68, 69, 73]",80
114072958,2025-12-26,"[3, 4, 9, 18, 23, 24, 26, 27, 29, 36, 37, 43, 47, 50, 52, 53, 64, 65, 68, 74]",81
114072959,2025-12-26,"[1, 6, 9, 12, 13, 17, 22, 23, 28, 33, 35, 41, 43, 46, 47, 54, 63, 69, 70, 80]",82
114072960,2025-12-26,"[4, 5, 13, 15, 16, 18, 27, 28, 29, 34, 35, 41, 42, 44, 56, 65, 68, 75, 77, 78]",83
114072961,2025-12-26,"[1, 2, 3, 8, 9, 22, 23, 30, 34, 39, 45, 47, 48, 50, 60, 62, 63, 69, 75, 80]",84
114072962,2025-12-26,"[2, 7, 10, 12, 17, 18, 19, 22, 34, 38, 40, 41, 46, 49, 50, 52, 60, 62, 64, 76]",85
114072963,2025-12-26,"[2, 7, 15, 16, 19, 22, 25, 26, 27, 32, 36, 38, 41, 49, 56, 63, 66, 69, 71, 78]",86
114072964,2025-12-26,"[2, 4, 7, 10, 13, 17, 27, 28, 29, 30, 33, 34, 55, 57, 66, 67, 68, 70, 72, 79]",87
114072965,2025-12-26,"[2, 5, 18, 19, 32, 34, 39, 40, 43, 46, 47, 50, 60, 63, 66, 67, 73, 74, 77, 80]",88
114072966,2025-12-26,"[2, 7, 10, 11, 12, 20, 24, 25, 34, 39, 42, 50, 52, 60, 63, 66, 68, 71, 74, 77]",89
114072967,2025-12-26,"[1, 7, 8, 11, 14, 15, 17, 19, 21, 24, 30, 49, 55, 56, 60, 61, 62, 72, 77, 78]",90
114072968,2025-12-26,"[3, 5, 10, 18, 21, 22, 24, 29, 32, 35, 37, 39, 45, 46, 53, 54, 57, 68, 69, 73]",91
114072969,2025-12-26,"[2, 5, 12, 15, 20, 23, 25, 28, 35, 46, 55, 58, 59, 61, 63, 65, 70, 71, 76, 78]",92
114072970,2025-12-26,"[1, 2, 5, 17, 28, 29, 33, 34, 38, 42, 46, 54, 59, 60, 67, 69, 71, 73, 78, 80]",93
114072971,2025-12-26,"[4, 8, 10, 19, 23, 27, 30, 34, 37, 43, 46, 47, 57, 62, 64, 65, 66, 67, 71, 77]",94
114072972,2025-12-26,"[1, 2, 13, 15, 17, 21, 23, 34, 37, 41, 51, 56, 61, 63, 65, 66, 68, 71, 74, 77]",95
114072973,2025-12-26,"[3, 5, 6, 12, 14, 15, 21, 28, 29, 32, 36, 42, 53, 58, 61, 68, 71, 73, 75, 78]",96
114072974,2025-12-26,"[3, 11, 12, 20, 25, 28, 29, 30, 32, 33, 38, 41, 45, 52, 55, 58, 65, 76, 77, 79]",97
114072975,2025-12-26,"[8, 19, 20, 22, 25, 27, 36, 37, 46, 49, 51, 53, 60, 61, 65, 68, 73, 74, 75, 77]",98
114072976,2025-12-26,"[2, 6, 11, 17, 19, 21, 27, 31, 36, 38, 41, 44, 48, 50, 57, 62, 63, 64, 77, 79]",99
114072977,2025-12-26,"[2, 4, 12, 14, 19, 30, 32, 40, 42, 45, 46, 47, 48, 51, 54, 58, 62, 65, 71, 72]",100
114072978,2025-12-26,"[1, 2, 3, 11, 12, 13, 27, 28, 31, 35, 37, 38, 40, 44, 46, 49, 52, 55, 62, 72]",101
114072979,2025-12-26,"[6, 9, 10, 14, 17, 20, 21, 29, 33, 37, 38, 39, 40, 46, 48, 52, 53, 57, 60, 75]",102
114072980,2025-12-26,"[1, 4, 10, 18, 23, 24, 25, 26, 29, 38, 42, 43, 53, 55, 57, 58, 65, 71, 73, 76]",103
114072981,2025-12-26,"[3, 7, 12, 17, 18, 20, 22, 29, 30, 31, 33, 39, 41, 42, 45, 46, 50, 54, 63, 67]",104
114072982,2025-12-26,"[2, 14, 20, 24, 28, 29, 30, 33, 34, 35, 41, 49, 51, 52, 57, 69, 71, 72, 73, 80]",105
114072983,2025-12-26,"[5, 6, 10, 11, 12, 15, 17, 19, 24, 29, 36, 37, 51, 56, 60, 62, 66, 75, 77, 78]",106
114072984,2025-12-26,"[3, 8, 11, 13, 16, 23, 24, 28, 29, 30, 33, 37, 39, 41, 42, 46, 53, 59, 60, 74]",107
114072985,2025-12-26,"[16, 17, 18, 19, 20, 27, 31, 38, 40, 41, 50, 53, 57, 61, 63, 66, 67, 74, 76, 80]",108
114072986,2025-12-26,"[8, 19, 22, 23, 27, 29, 42, 44, 45, 49, 53, 54, 57, 63, 69, 70, 71, 72, 76, 80]",109
114072987,2025-12-26,"[1, 14, 16, 27, 29, 30, 32, 37, 50, 52, 53, 55, 57, 58, 62, 64, 74, 75, 76, 79]",110
114072988,2025-12-26,"[1, 4, 6, 14, 16, 22, 28, 29, 33, 34, 39, 40, 50, 59, 61, 63, 68, 69, 71, 79]",111
114072989,2025-12-26,"[2, 7, 8, 9, 11, 27, 28, 34, 37, 38, 39, 42, 43, 46, 51, 56, 57, 61, 70, 79]",112
114072990,2025-12-26,"[3, 4, 5, 9, 13, 16, 17, 19, 20, 26, 30, 31, 42, 46, 48, 59, 70, 72, 73, 78]",113
114072991,2025-12-26,"[4, 6, 8, 10, 13, 18, 19, 36, 38, 42, 45, 47, 48, 53, 65, 73, 75, 76, 79, 80]",114
114072992,2025-12-26,"[9, 11, 16, 17, 22, 28, 32, 36, 41, 42, 46, 49, 55, 56, 60, 63, 67, 69, 71, 76]",115
114072993,2025-12-26,"[6, 8, 11, 12, 15, 19, 20, 22, 23, 24, 30, 40, 44, 45, 46, 49, 57, 59, 78, 79]",116
114072994,2025-12-26,"[4, 8, 9, 10, 11, 13, 23, 35, 38, 42, 44, 49, 55, 69, 71, 72, 73, 75, 78, 79]",117
114072995,2025-12-26,"[14, 15, 21, 25, 26, 28, 29, 30, 32, 36, 40, 42, 44, 50, 55, 58, 64, 71, 76, 77]",118
114072996,2025-12-26,"[2, 14, 15, 16, 17, 18, 19, 20, 23, 24, 25, 26, 34, 35, 37, 42, 43, 46, 60, 69]",119
114072997,2025-12-26,"[2, 4, 5, 12, 14, 21, 25, 28, 30, 34, 35, 40, 41, 45, 46, 50, 57, 60, 64, 68]",120
114072998,2025-12-26,"[4, 6, 14, 21, 23, 29, 32, 35, 37, 54, 55, 57, 60, 63, 66, 71, 72, 73, 74, 79]",121
114072999,2025-12-26,"[6, 10, 29, 32, 33, 38, 46, 48, 50, 51, 54, 56, 60, 65, 67, 69, 71, 72, 74, 80]",122
114073000,2025-12-26,"[3, 4, 6, 9, 16, 18, 23, 25, 27, 28, 29, 52, 55, 58, 65, 69, 71, 73, 74, 77]",123
114073001,2025-12-26,"[5, 9, 11, 17, 21, 22, 27, 30, 32, 43, 45, 53, 54, 58, 60, 62, 68, 69, 75, 78]",124
114073002,2025-12-26,"[1, 4, 5, 7, 9, 11, 14, 15, 24, 26, 29, 34, 42, 48, 50, 53, 55, 61, 76, 78]",125
114073003,2025-12-26,"[3, 6, 17, 18, 19, 21, 28, 30, 31, 35, 36, 42, 49, 53, 59, 61, 66, 68, 79, 80]",126
114073004,2025-12-26,"[2, 4, 7, 15, 17, 20, 24, 32, 39, 42, 43, 44, 46, 53, 54, 56, 61, 70, 74, 75]",127
114073005,2025-12-26,"[3, 4, 7, 11, 19, 20, 22, 26, 32, 35, 48, 51, 58, 60, 64, 65, 67, 70, 72, 75]",128
114073006,2025-12-26,"[1, 4, 5, 12, 17, 18, 23, 28, 29, 31, 35, 42, 44, 45, 54, 57, 58, 60, 73, 80]",129
114073007,2025-12-26,"[6, 7, 10, 15, 18, 19, 22, 24, 28, 31, 33, 40, 43, 46, 53, 55, 65, 66, 73, 77]",130
114073008,2025-12-26,"[7, 12, 21, 24, 28, 32, 37, 40, 47, 57, 58, 59, 60, 63, 64, 65, 72, 77, 79, 80]",131
114073009,2025-12-26,"[1, 2, 5, 12, 14, 19, 20, 28, 32, 33, 35, 39, 40, 43, 45, 56, 70, 71, 75, 80]",132
114073010,2025-12-26,"[8, 11, 21, 23, 25, 26, 35, 41, 42, 46, 49, 51, 52, 55, 57, 58, 61, 67, 75, 80]",133
114073011,2025-12-26,"[5, 8, 9, 10, 13, 14, 16, 17, 18, 29, 37, 49, 50, 51, 55, 61, 69, 73, 76, 80]",134
114073012,2025-12-26,"[3, 4, 5, 9, 12, 14, 27, 31, 32, 35, 37, 50, 51, 52, 55, 64, 69, 70, 72, 76]",135
114073013,2025-12-26,"[4, 7, 12, 21, 28, 31, 32, 33, 35, 40, 42, 45, 47, 50, 51, 53, 62, 65, 68, 77]",136
114073014,2025-12-26,"[5, 11, 17, 20, 21, 24, 27, 31, 32, 36, 40, 46, 51, 52, 58, 60, 74, 75, 76, 79]",137
114073015,2025-12-26,"[4, 5, 20, 21, 23, 38, 43, 44, 51, 53, 54, 55, 58, 60, 63, 64, 68, 71, 75, 78]",138
114073016,2025-12-26,"[10, 11, 17, 20, 34, 35, 37, 41, 49, 50, 54, 57, 58, 60, 61, 65, 67, 68, 72, 77]",139
114073017,2025-12-26,"[11, 15, 21, 22, 27, 33, 37, 43, 45, 53, 54, 56, 58, 64, 65, 66, 67, 70, 72, 78]",140
114073018,2025-12-26,"[5, 7, 14, 31, 32, 33, 36, 37, 39, 40, 43, 49, 51, 54, 57, 59, 69, 74, 75, 80]",141
114073019,2025-12-26,"[2, 3, 10, 15, 16, 22, 24, 26, 27, 30, 31, 32, 37, 38, 42, 43, 46, 50, 58, 65]",142
114073020,2025-12-26,"[4, 6, 7, 11, 14, 16, 19, 29, 31, 34, 36, 38, 43, 46, 49, 50, 59, 62, 68, 71]",143
114073021,2025-12-26,"[7, 9, 11, 14, 16, 17, 19, 25, 31, 33, 40, 42, 44, 49, 51, 53, 65, 66, 70, 76]",144
114073022,2025-12-26,"[6, 13, 14, 17, 20, 21, 26, 27, 34, 39, 40, 42, 48, 51, 52, 58, 59, 61, 63, 68]",145
114073023,2025-12-26,"[1, 3, 10, 27, 37, 38, 41, 42, 45, 48, 49, 51, 56, 57, 58, 62, 63, 70, 76, 80]",146
114073024,2025-12-26,"[3, 6, 8, 9, 17, 20, 30, 31, 33, 34, 36, 37, 39, 40, 41, 42, 44, 58, 68, 71]",147
114073025,2025-12-26,"[3, 9, 13, 14, 32, 36, 42, 44, 46, 48, 50, 51, 53, 57, 60, 61, 68, 71, 73, 80]",148
114073026,2025-12-26,"[3, 6, 9, 11, 12, 16, 19, 24, 29, 31, 35, 46, 47, 49, 52, 60, 71, 74, 75, 77]",149
114073027,2025-12-26,"[12, 15, 16, 19, 23, 27, 28, 35, 38, 40, 43, 44, 53, 54, 55, 56, 60, 65, 73, 74]",150
114073028,2025-12-26,"[1, 3, 10, 11, 15, 17, 26, 30, 31, 37, 38, 39, 40, 46, 51, 60, 63, 68, 69, 76]",151
114073029,2025-12-26,"[6, 7, 12, 17, 20, 26, 30, 31, 39, 43, 45, 51, 54, 55, 59, 62, 64, 68, 78, 80]",152
114073030,2025-12-26,"[3, 18, 19, 27, 28, 31, 32, 38, 43, 44, 47, 49, 50, 55, 56, 59, 60, 70, 71, 75]",153
114073031,2025-12-26,"[5, 13, 20, 21, 22, 26, 28, 29, 31, 36, 39, 46, 47, 51, 53, 60, 63, 65, 67, 70]",154
114073032,2025-12-26,"[4, 9, 13, 22, 23, 24, 26, 31, 40, 47, 49, 53, 55, 58, 60, 62, 63, 71, 72, 76]",155
114073033,2025-12-26,"[1, 4, 5, 7, 12, 17, 32, 42, 44, 45, 47, 48, 53, 57, 61, 63, 68, 71, 75, 77]",156
114073034,2025-12-26,"[3, 5, 11, 31, 34, 39, 43, 45, 51, 55, 56, 58, 59, 60, 61, 64, 67, 68, 72, 75]",157
114073035,2025-12-26,"[6, 14, 16, 18, 19, 23, 28, 30, 38, 49, 51, 52, 53, 55, 69, 72, 73, 76, 77, 78]",158
114073036,2025-12-26,"[8, 11, 12, 23, 28, 30, 32, 33, 37, 38, 41, 42, 46, 58, 61, 66, 69, 74, 76, 78]",159
114073037,2025-12-26,"[9, 11, 14, 15, 19, 23, 24, 31, 34, 35, 39, 44, 47, 57, 58, 59, 61, 67, 68, 74]",160
114073038,2025-12-26,"[2, 9, 13, 18, 20, 22, 25, 33, 38, 40, 45, 50, 53, 56, 57, 61, 64, 71, 73, 74]",161
114073039,2025-12-26,"[4, 11, 17, 23, 25, 31, 35, 41, 44, 45, 46, 48, 49, 60, 61, 65, 73, 74, 76, 77]",162
114073040,2025-12-26,"[5, 9, 14, 15, 17, 20, 24, 33, 36, 42, 43, 46, 47, 51, 52, 54, 66, 72, 73, 74]",163
114073041,2025-12-26,"[7, 13, 15, 16, 17, 18, 19, 25, 33, 37, 38, 47, 50, 51, 52, 59, 65, 68, 69, 74]",164
114073042,2025-12-26,"[8, 12, 13, 15, 22, 27, 31, 32, 34, 41, 44, 45, 48, 49, 62, 64, 67, 70, 79, 80]",165
114073043,2025-12-26,"[1, 2, 4, 7, 12, 15, 18, 24, 26, 37, 49, 51, 52, 54, 57, 62, 72, 77, 79, 80]",166
114073044,2025-12-26,"[2, 3, 4, 5, 9, 13, 24, 28, 30, 32, 34, 41, 52, 54, 55, 56, 63, 71, 73, 78]",167
114073045,2025-12-26,"[2, 8, 9, 12, 16, 19, 20, 24, 27, 28, 34, 38, 41, 45, 46, 56, 58, 61, 76, 80]",168
114073046,2025-12-26,"[11, 13, 20, 21, 25, 28, 31, 35, 36, 42, 43, 45, 48, 55, 56, 61, 62, 64, 69, 70]",169
114073047,2025-12-26,"[1, 20, 21, 22, 23, 27, 29, 32, 41, 43, 50, 53, 58, 59, 61, 63, 69, 73, 75, 80]",170
114073048,2025-12-26,"[3, 5, 9, 13, 14, 17, 22, 25, 32, 39, 40, 50, 51, 55, 60, 63, 71, 74, 75, 78]",171
114073049,2025-12-26,"[1, 2, 8, 12, 16, 22, 28, 32, 35, 36, 38, 39, 42, 47, 50, 60, 70, 75, 79, 80]",172
114073050,2025-12-26,"[2, 6, 7, 8, 9, 17, 19, 22, 33, 40, 43, 47, 57, 59, 63, 71, 73, 76, 77, 78]",173
114073051,2025-12-26,"[3, 5, 7, 17, 18, 20, 26, 30, 31, 32, 43, 44, 47, 48, 51, 56, 63, 66, 76, 79]",174
114073052,2025-12-26,"[7, 17, 18, 19, 24, 28, 29, 33, 35, 41, 42, 46, 51, 54, 66, 69, 72, 76, 78, 79]",175
114073053,2025-12-26,"[3, 4, 14, 16, 18, 21, 28, 30, 34, 37, 38, 39, 43, 47, 48, 53, 54, 60, 62, 78]",176
114073054,2025-12-26,"[4, 8, 10, 13, 16, 17, 20, 21, 25, 33, 36, 37, 39, 44, 48, 51, 53, 68, 69, 74]",177
114073055,2025-12-26,"[6, 9, 10, 11, 14, 15, 19, 28, 32, 38, 43, 46, 48, 54, 57, 66, 68, 71, 74, 79]",178
114073056,2025-12-26,"[5, 10, 12, 18, 20, 22, 23, 24, 28, 30, 34, 36, 47, 48, 50, 65, 66, 67, 68, 80]",179
114073057,2025-12-26,"[3, 12, 18, 22, 24, 28, 30, 35, 37, 39, 44, 47, 49, 53, 55, 60, 66, 70, 72, 78]",180
114073058,2025-12-26,"[3, 7, 10, 17, 18, 19, 20, 25, 26, 27, 28, 31, 34, 47, 48, 49, 53, 56, 62, 64]",181
114073059,2025-12-26,"[7, 12, 20, 22, 24, 25, 27, 31, 34, 36, 37, 40, 43, 47, 50, 63, 70, 74, 78, 80]",182
114073060,2025-12-26,"[4, 7, 8, 20, 24, 26, 30, 31, 32, 34, 43, 44, 48, 50, 55, 60, 62, 64, 72, 74]",183
114073061,2025-12-26,"[1, 5, 7, 17, 20, 23, 25, 35, 36, 37, 41, 47, 49, 54, 63, 65, 67, 72, 74, 76]",184
114073062,2025-12-26,"[1, 19, 21, 26, 27, 28, 31, 32, 33, 51, 58, 63, 64, 66, 70, 72, 74, 77, 78, 79]",185
114073063,2025-12-26,"[9, 14, 20, 28, 29, 31, 38, 41, 49, 54, 58, 60, 69, 71, 72, 73, 74, 76, 77, 78]",186
114073064,2025-12-26,"[3, 5, 10, 12, 16, 19, 28, 40, 42, 44, 47, 48, 52, 61, 64, 65, 74, 75, 76, 78]",187
114073065,2025-12-26,"[4, 6, 7, 10, 12, 15, 23, 26, 35, 36, 50, 58, 60, 61, 63, 64, 66, 69, 72, 74]",188
114073066,2025-12-26,"[2, 5, 8, 12, 27, 32, 33, 34, 35, 39, 44, 47, 48, 52, 60, 68, 72, 74, 75, 77]",189
114073067,2025-12-26,"[3, 4, 8, 13, 17, 19, 22, 24, 27, 33, 35, 53, 54, 56, 57, 63, 67, 72, 75, 76]",190
114073068,2025-12-26,"[2, 10, 11, 12, 20, 21, 24, 29, 32, 40, 45, 55, 59, 60, 65, 71, 74, 78, 79, 80]",191
114073069,2025-12-26,"[17, 19, 22, 24, 28, 31, 35, 38, 42, 45, 49, 53, 54, 58, 65, 68, 69, 76, 79, 80]",192
114073070,2025-12-26,"[2, 3, 10, 11, 17, 20, 21, 24, 26, 27, 30, 35, 38, 45, 55, 64, 67, 73, 74, 78]",193
114073071,2025-12-26,"[3, 6, 15, 16, 17, 19, 23, 34, 36, 37, 38, 44, 46, 47, 61, 62, 65, 72, 73, 79]",194
114073072,2025-12-26,"[1, 3, 4, 5, 13, 16, 27, 34, 38, 40, 41, 45, 47, 52, 57, 58, 66, 69, 75, 76]",195
114073073,2025-12-26,"[3, 4, 5, 12, 15, 18, 21, 22, 30, 36, 38, 41, 42, 48, 51, 57, 70, 74, 75, 78]",196
114073074,2025-12-26,"[2, 8, 9, 16, 17, 22, 26, 28, 30, 47, 49, 50, 54, 57, 61, 71, 72, 73, 77, 78]",197
114073075,2025-12-26,"[3, 5, 8, 9, 12, 16, 20, 30, 33, 35, 39, 47, 59, 62, 64, 73, 76, 77, 79, 80]",198
114073076,2025-12-26,"[5, 11, 12, 30, 31, 37, 43, 44, 47, 48, 49, 55, 63, 64, 68, 69, 73, 76, 77, 78]",199
114073077,2025-12-26,"[1, 6, 12, 14, 15, 20, 24, 27, 32, 39, 41, 47, 59, 61, 69, 71, 73, 76, 79, 80]",200
114073078,2025-12-26,"[1, 2, 11, 17, 18, 19, 20, 23, 26, 32, 41, 57, 58, 60, 61, 66, 71, 75, 77, 79]",201
114073079,2025-12-26,"[1, 5, 6, 9, 11, 14, 15, 24, 26, 27, 40, 43, 44, 46, 47, 52, 62, 75, 77, 78]",202
114073080,2025-12-26,"[4, 18, 19, 22, 23, 25, 26, 29, 30, 38, 40, 41, 45, 50, 57, 61, 68, 70, 77, 80]",203
114073081,2025-12-27,"[7, 9, 11, 16, 20, 24, 38, 41, 46, 48, 52, 58, 59, 62, 63, 66, 71, 73, 78, 80]",1
114073082,2025-12-27,"[3, 6, 8, 11, 14, 16, 31, 32, 41, 44, 45, 51, 53, 56, 59, 62, 67, 69, 72, 74]",2
114073083,2025-12-27,"[1, 3, 10, 11, 12, 13, 16, 17, 18, 20, 23, 28, 31, 43, 45, 46, 69, 71, 77, 79]",3
114073084,2025-12-27,"[1, 2, 4, 5, 22, 24, 40, 41, 42, 49, 50, 59, 60, 63, 65, 69, 74, 76, 79, 80]",4
114073085,2025-12-27,"[9, 10, 13, 16, 17, 21, 25, 33, 34, 36, 38, 42, 46, 48, 54, 58, 63, 71, 73, 76]",5
114073086,2025-12-27,"[1, 2, 8, 13, 14, 22, 25, 27, 35, 37, 45, 61, 62, 63, 67, 68, 74, 76, 79, 80]",6
114073087,2025-12-27,"[3, 6, 7, 10, 11, 13, 16, 17, 36, 37, 38, 40, 45, 51, 55, 62, 63, 69, 71, 74]",7
114073088,2025-12-27,"[2, 5, 6, 7, 14, 17, 23, 32, 34, 37, 39, 42, 44, 46, 53, 56, 59, 62, 69, 80]",8
114073089,2025-12-27,"[4, 5, 11, 13, 18, 20, 25, 26, 42, 43, 49, 54, 56, 60, 66, 75, 77, 78, 79, 80]",9
114073090,2025-12-27,"[5, 7, 11, 13, 16, 23, 27, 34, 35, 40, 42, 43, 47, 63, 65, 66, 67, 74, 76, 77]",10
114073091,2025-12-27,"[4, 8, 9, 21, 22, 27, 28, 42, 44, 45, 46, 51, 52, 55, 60, 61, 63, 72, 75, 77]",11
114073092,2025-12-27,"[8, 10, 12, 15, 16, 25, 31, 33, 37, 39, 42, 43, 50, 52, 54, 58, 59, 61, 65, 73]",12
114073093,2025-12-27,"[1, 5, 15, 21, 26, 28, 29, 30, 31, 41, 42, 46, 48, 51, 56, 60, 62, 68, 70, 78]",13
114073094,2025-12-27,"[1, 5, 10, 12, 18, 24, 26, 31, 32, 34, 35, 39, 45, 48, 50, 57, 61, 65, 69, 79]",14
114073095,2025-12-27,"[4, 5, 7, 8, 16, 17, 18, 25, 30, 35, 41, 45, 47, 50, 52, 59, 60, 61, 68, 77]",15
114073096,2025-12-27,"[2, 12, 19, 21, 24, 27, 32, 35, 36, 45, 46, 49, 54, 58, 59, 60, 64, 67, 74, 79]",16
114073097,2025-12-27,"[3, 7, 12, 15, 20, 32, 33, 35, 37, 38, 39, 42, 46, 52, 53, 54, 59, 60, 74, 78]",17
114073098,2025-12-27,"[1, 2, 3, 5, 8, 9, 11, 15, 17, 25, 26, 28, 29, 37, 40, 53, 64, 66, 71, 75]",18
114073099,2025-12-27,"[2, 6, 23, 25, 26, 29, 31, 32, 35, 38, 42, 54, 60, 61, 63, 64, 68, 72, 73, 79]",19
114073100,2025-12-27,"[8, 10, 12, 13, 15, 20, 21, 24, 27, 34, 37, 41, 43, 48, 51, 56, 57, 69, 71, 79]",20
114073101,2025-12-27,"[1, 5, 10, 11, 15, 16, 21, 22, 27, 33, 48, 49, 59, 60, 61, 62, 65, 73, 75, 80]",21
114073102,2025-12-27,"[6, 10, 11, 15, 21, 22, 25, 26, 34, 38, 39, 50, 53, 55, 56, 60, 61, 62, 63, 70]",22
114073103,2025-12-27,"[4, 7, 9, 13, 20, 23, 24, 25, 27, 30, 35, 36, 37, 48, 50, 55, 56, 64, 67, 73]",23
114073104,2025-12-27,"[3, 13, 17, 22, 23, 27, 32, 34, 36, 37, 39, 44, 53, 54, 55, 70, 72, 74, 76, 79]",24
114073105,2025-12-27,"[2, 6, 15, 18, 21, 23, 26, 31, 34, 39, 40, 42, 46, 48, 49, 54, 57, 60, 71, 73]",25
114073106,2025-12-27,"[2, 12, 13, 14, 17, 19, 21, 26, 28, 29, 35, 38, 52, 60, 61, 69, 70, 74, 78, 79]",26
114073107,2025-12-27,"[6, 7, 9, 12, 13, 16, 17, 18, 20, 25, 26, 27, 35, 58, 60, 64, 67, 70, 78, 80]",27
114073108,2025-12-27,"[3, 11, 17, 25, 26, 27, 28, 29, 30, 37, 40, 43, 44, 46, 49, 62, 65, 66, 69, 71]",28
114073109,2025-12-27,"[1, 2, 4, 6, 24, 28, 32, 36, 41, 42, 44, 45, 46, 47, 51, 53, 57, 62, 73, 76]",29
114073110,2025-12-27,"[4, 6, 9, 14, 16, 17, 23, 26, 28, 29, 39, 43, 44, 51, 52, 57, 58, 59, 62, 64]",30
114073111,2025-12-27,"[1, 5, 7, 9, 14, 19, 20, 23, 27, 45, 47, 48, 51, 52, 56, 60, 64, 67, 78, 79]",31
114073112,2025-12-27,"[4, 7, 13, 22, 29, 32, 35, 41, 52, 54, 55, 56, 57, 66, 67, 72, 75, 76, 78, 79]",32
114073113,2025-12-27,"[2, 7, 15, 20, 25, 36, 38, 40, 45, 47, 49, 51, 52, 53, 59, 61, 63, 71, 73, 75]",33
114073114,2025-12-27,"[5, 6, 7, 9, 17, 18, 20, 21, 25, 26, 28, 30, 31, 49, 50, 64, 74, 75, 77, 80]",34
114073115,2025-12-27,"[1, 3, 8, 11, 17, 21, 23, 25, 27, 31, 38, 47, 50, 51, 52, 56, 71, 72, 76, 78]",35
114073116,2025-12-27,"[3, 6, 7, 10, 16, 21, 27, 28, 31, 35, 36, 39, 40, 41, 47, 64, 71, 73, 74, 79]",36
114073117,2025-12-27,"[1, 6, 16, 21, 22, 32, 36, 37, 40, 41, 43, 44, 61, 66, 69, 74, 76, 77, 78, 80]",37
114073118,2025-12-27,"[1, 8, 14, 16, 17, 21, 26, 30, 31, 40, 46, 52, 59, 60, 63, 64, 65, 71, 72, 75]",38
114073119,2025-12-27,"[1, 10, 15, 17, 25, 31, 34, 36, 37, 40, 47, 48, 55, 57, 58, 61, 64, 71, 75, 79]",39
114073120,2025-12-27,"[5, 9, 10, 21, 23, 28, 29, 35, 41, 45, 48, 49, 52, 58, 59, 61, 64, 69, 71, 76]",40
114073121,2025-12-27,"[1, 5, 11, 12, 17, 21, 27, 29, 31, 33, 42, 45, 49, 50, 54, 58, 63, 68, 73, 77]",41
114073122,2025-12-27,"[2, 3, 7, 8, 13, 14, 15, 26, 29, 30, 32, 38, 39, 59, 60, 62, 65, 66, 73, 78]",42
114073123,2025-12-27,"[1, 2, 8, 15, 26, 27, 30, 32, 33, 40, 43, 44, 47, 48, 49, 52, 54, 61, 64, 74]",43
114073124,2025-12-27,"[6, 12, 15, 16, 20, 24, 37, 38, 41, 42, 43, 45, 48, 54, 58, 61, 63, 68, 70, 73]",44
114073125,2025-12-27,"[1, 4, 6, 9, 14, 18, 23, 25, 29, 34, 41, 46, 47, 50, 53, 54, 57, 67, 70, 77]",45
114073126,2025-12-27,"[4, 12, 18, 19, 20, 24, 27, 28, 32, 44, 58, 62, 66, 68, 69, 70, 71, 76, 79, 80]",46
114073127,2025-12-27,"[3, 5, 15, 26, 27, 28, 33, 35, 37, 38, 43, 50, 51, 54, 55, 59, 60, 64, 65, 78]",47
114073128,2025-12-27,"[9, 27, 30, 32, 36, 38, 43, 44, 49, 50, 58, 59, 60, 61, 62, 64, 68, 73, 74, 75]",48
114073129,2025-12-27,"[6, 11, 12, 15, 16, 23, 24, 31, 32, 38, 42, 46, 54, 55, 56, 57, 58, 65, 72, 80]",49
114073130,2025-12-27,"[3, 5, 9, 16, 19, 21, 23, 24, 25, 30, 34, 37, 41, 45, 50, 53, 66, 67, 77, 78]",50
114073131,2025-12-27,"[7, 9, 10, 13, 17, 19, 21, 23, 26, 28, 37, 39, 40, 46, 52, 57, 65, 73, 78, 79]",51
114073132,2025-12-27,"[1, 11, 12, 14, 18, 19, 32, 35, 38, 44, 46, 48, 50, 52, 57, 62, 65, 69, 70, 78]",52
114073133,2025-12-27,"[5, 9, 13, 24, 33, 36, 43, 44, 45, 46, 49, 58, 59, 62, 64, 68, 69, 70, 72, 80]",53
114073134,2025-12-27,"[5, 10, 12, 17, 18, 36, 38, 40, 48, 50, 51, 52, 53, 58, 59, 64, 70, 75, 78, 79]",54
114073135,2025-12-27,"[2, 4, 6, 12, 14, 15, 16, 19, 22, 25, 28, 31, 32, 41, 42, 45, 47, 75, 78, 79]",55
114073136,2025-12-27,"[3, 5, 11, 24, 27, 28, 33, 41, 44, 45, 46, 49, 51, 55, 57, 61, 63, 66, 67, 79]",56
114073137,2025-12-27,"[5, 10, 12, 20, 21, 26, 36, 43, 49, 54, 55, 56, 58, 60, 67, 71, 73, 77, 78, 80]",57
114073138,2025-12-27,"[1, 5, 6, 9, 22, 26, 40, 43, 45, 54, 56, 57, 58, 59, 61, 62, 70, 71, 77, 78]",58
114073139,2025-12-27,"[5, 6, 15, 17, 34, 37, 38, 42, 44, 50, 51, 52, 54, 63, 64, 65, 66, 67, 79, 80]",59
114073140,2025-12-27,"[1, 2, 9, 13, 19, 21, 37, 39, 40, 44, 47, 50, 55, 56, 60, 64, 68, 70, 75, 80]",60
114073141,2025-12-27,"[10, 12, 17, 19, 23, 24, 25, 32, 40, 43, 50, 55, 56, 57, 59, 60, 61, 68, 75, 79]",61
114073142,2025-12-27,"[3, 4, 6, 10, 17, 18, 28, 34, 35, 37, 39, 40, 42, 45, 51, 54, 57, 64, 66, 73]",62
114073143,2025-12-27,"[9, 13, 17, 19, 20, 28, 31, 33, 35, 37, 41, 43, 44, 48, 59, 66, 68, 73, 77, 78]",63
114073144,2025-12-27,"[2, 9, 11, 12, 14, 22, 25, 27, 29, 31, 32, 46, 49, 52, 57, 62, 64, 69, 72, 76]",64
114073145,2025-12-27,"[2, 14, 15, 18, 26, 28, 32, 34, 37, 39, 41, 42, 43, 44, 46, 52, 54, 57, 58, 67]",65
114073146,2025-12-27,"[4, 11, 12, 13, 15, 23, 26, 31, 36, 39, 45, 49, 51, 53, 62, 64, 68, 69, 76, 80]",66
114073147,2025-12-27,"[6, 11, 12, 14, 17, 25, 34, 35, 37, 42, 44, 55, 58, 61, 63, 68, 74, 75, 77, 78]",67
114073148,2025-12-27,"[1, 4, 7, 9, 15, 29, 30, 37, 38, 40, 42, 45, 48, 58, 61, 64, 66, 68, 72, 77]",68
114073149,2025-12-27,"[3, 5, 7, 8, 15, 23, 24, 26, 27, 29, 30, 31, 40, 48, 61, 65, 66, 72, 75, 80]",69
114073150,2025-12-27,"[8, 11, 12, 15, 18, 19, 22, 24, 25, 28, 29, 31, 32, 36, 54, 61, 62, 65, 77, 80]",70
114073151,2025-12-27,"[1, 3, 6, 9, 17, 19, 22, 26, 30, 32, 38, 43, 47, 50, 51, 59, 62, 69, 77, 80]",71
114073152,2025-12-27,"[1, 2, 3, 5, 6, 15, 22, 24, 29, 35, 37, 47, 50, 51, 53, 56, 59, 61, 64, 76]",72
114073153,2025-12-27,"[2, 6, 10, 15, 19, 25, 31, 32, 33, 35, 37, 39, 45, 51, 55, 63, 70, 75, 76, 80]",73
114073154,2025-12-27,"[1, 2, 10, 12, 18, 21, 29, 30, 32, 42, 45, 52, 55, 56, 60, 61, 65, 70, 71, 74]",74
114073155,2025-12-27,"[3, 8, 9, 21, 24, 25, 26, 30, 31, 34, 39, 54, 60, 65, 70, 72, 76, 77, 78, 79]",75
114073156,2025-12-27,"[5, 11, 19, 21, 27, 29, 34, 36, 44, 46, 55, 56, 59, 64, 66, 68, 69, 70, 74, 77]",76
114073157,2025-12-27,"[3, 6, 8, 11, 12, 17, 18, 22, 27, 28, 32, 37, 40, 50, 57, 58, 63, 72, 73, 79]",77
114073158,2025-12-27,"[7, 8, 14, 18, 19, 22, 23, 25, 28, 34, 37, 40, 47, 48, 49, 54, 58, 59, 67, 68]",78
114073159,2025-12-27,"[1, 3, 16, 17, 18, 20, 22, 27, 28, 37, 42, 53, 55, 57, 65, 66, 67, 68, 69, 76]",79
114073160,2025-12-27,"[15, 16, 17, 23, 26, 27, 28, 32, 35, 41, 43, 44, 45, 47, 56, 58, 66, 74, 75, 77]",80
114073161,2025-12-27,"[7, 11, 25, 26, 30, 37, 40, 42, 43, 45, 46, 47, 48, 49, 52, 54, 67, 74, 75, 78]",81
114073162,2025-12-27,"[2, 7, 10, 11, 18, 21, 23, 26, 28, 35, 41, 52, 53, 56, 60, 61, 63, 65, 67, 77]",82
114073163,2025-12-27,"[2, 4, 8, 16, 17, 28, 37, 38, 41, 42, 44, 45, 47, 48, 50, 54, 58, 60, 61, 67]",83
114073164,2025-12-27,"[2, 7, 9, 14, 18, 22, 23, 25, 32, 35, 36, 40, 43, 47, 59, 64, 66, 67, 69, 78]",84
114073165,2025-12-27,"[3, 6, 8, 9, 10, 11, 16, 21, 23, 26, 38, 41, 49, 51, 52, 65, 66, 69, 70, 74]",85
114073166,2025-12-27,"[1, 7, 13, 14, 16, 27, 30, 33, 35, 38, 39, 43, 46, 47, 48, 49, 54, 61, 71, 75]",86
114073167,2025-12-27,"[1, 3, 7, 10, 23, 27, 28, 31, 32, 45, 49, 53, 55, 59, 65, 67, 70, 72, 74, 78]",87
114073168,2025-12-27,"[9, 12, 14, 16, 18, 27, 31, 36, 38, 40, 41, 46, 47, 62, 66, 72, 75, 76, 79, 80]",88
114073169,2025-12-27,"[16, 20, 23, 26, 33, 35, 37, 38, 41, 44, 57, 59, 60, 63, 66, 67, 69, 70, 71, 78]",89
114073170,2025-12-27,"[3, 4, 11, 19, 21, 24, 25, 32, 33, 35, 40, 51, 57, 58, 63, 65, 66, 69, 75, 79]",90
114073171,2025-12-27,"[1, 7, 8, 19, 22, 23, 25, 33, 45, 50, 57, 61, 62, 65, 66, 67, 69, 71, 73, 78]",91
114073172,2025-12-27,"[4, 5, 7, 9, 11, 13, 15, 18, 29, 32, 42, 46, 53, 54, 58, 61, 63, 66, 71, 78]",92
114073173,2025-12-27,"[3, 5, 12, 13, 16, 17, 18, 22, 41, 45, 50, 51, 60, 61, 62, 68, 70, 73, 74, 80]",93
114073174,2025-12-27,"[3, 10, 11, 14, 15, 17, 18, 19, 21, 25, 36, 40, 43, 58, 60, 62, 64, 71, 74, 80]",94
114073175,2025-12-27,"[2, 3, 7, 10, 11, 14, 21, 25, 27, 30, 42, 45, 54, 60, 63, 65, 66, 70, 76, 77]",95
114073176,2025-12-27,"[6, 13, 15, 17, 18, 19, 25, 31, 32, 34, 35, 38, 40, 41, 48, 49, 53, 64, 66, 76]",96
114073177,2025-12-27,"[5, 9, 11, 13, 23, 25, 30, 37, 40, 43, 46, 50, 53, 57, 60, 61, 68, 73, 76, 77]",97
114073178,2025-12-27,"[1, 2, 6, 13, 23, 25, 26, 28, 32, 43, 49, 50, 52, 67, 69, 72, 75, 77, 78, 80]",98
114073179,2025-12-27,"[3, 7, 11, 12, 18, 26, 27, 29, 30, 35, 45, 48, 52, 54, 63, 65, 66, 68, 69, 75]",99
114073180,2025-12-27,"[1, 3, 6, 7, 11, 19, 25, 28, 33, 34, 36, 37, 47, 49, 56, 59, 63, 70, 73, 75]",100
114073181,2025-12-27,"[16, 22, 23, 26, 27, 35, 39, 40, 44, 46, 47, 49, 54, 61, 62, 71, 72, 76, 77, 80]",101
114073182,2025-12-27,"[3, 4, 5, 11, 12, 17, 19, 27, 31, 49, 51, 56, 59, 63, 64, 66, 67, 70, 71, 79]",102
114073183,2025-12-27,"[1, 2, 3, 11, 17, 18, 21, 22, 28, 30, 34, 42, 44, 45, 55, 58, 60, 66, 69, 78]",103
114073184,2025-12-27,"[2, 3, 4, 10, 13, 15, 31, 32, 37, 43, 52, 53, 55, 56, 65, 70, 71, 74, 77, 80]",104
114073185,2025-12-27,"[1, 4, 12, 16, 18, 20, 28, 31, 32, 36, 38, 41, 51, 52, 53, 59, 61, 69, 73, 75]",105
114073186,2025-12-27,"[9, 20, 22, 29, 31, 36, 38, 39, 41, 49, 50, 51, 53, 63, 65, 67, 69, 73, 74, 75]",106
114073187,2025-12-27,"[1, 2, 8, 15, 23, 33, 40, 46, 60, 61, 62, 63, 64, 65, 68, 69, 72, 74, 77, 78]",107
114073188,2025-12-27,"[3, 10, 15, 16, 18, 23, 32, 36, 40, 42, 43, 52, 55, 60, 63, 65, 66, 67, 75, 80]",108
114073189,2025-12-27,"[2, 8, 12, 13, 18, 21, 29, 39, 40, 41, 45, 52, 62, 64, 65, 69, 70, 76, 77, 80]",109
114073190,2025-12-27,"[2, 3, 5, 7, 11, 13, 14, 19, 22, 30, 36, 39, 45, 46, 54, 58, 64, 69, 70, 79]",110
114073191,2025-12-27,"[12, 19, 24, 31, 32, 33, 34, 37, 40, 41, 44, 49, 50, 53, 54, 63, 66, 69, 79, 80]",111
114073192,2025-12-27,"[5, 9, 17, 30, 32, 34, 36, 42, 44, 45, 48, 56, 57, 60, 64, 65, 66, 67, 71, 74]",112
114073193,2025-12-27,"[5, 10, 15, 28, 31, 32, 33, 34, 42, 43, 46, 50, 53, 58, 60, 64, 72, 75, 76, 80]",113
114073194,2025-12-27,"[1, 4, 13, 14, 31, 32, 33, 35, 38, 46, 47, 51, 52, 54, 58, 62, 67, 74, 77, 78]",114
114073195,2025-12-27,"[1, 3, 5, 7, 8, 12, 19, 21, 22, 27, 31, 36, 41, 45, 56, 60, 66, 71, 74, 76]",115
114073196,2025-12-27,"[11, 14, 17, 23, 24, 26, 27, 31, 33, 34, 42, 44, 48, 50, 55, 56, 57, 59, 64, 65]",116
114073197,2025-12-27,"[5, 13, 16, 18, 22, 30, 33, 37, 40, 42, 44, 45, 46, 47, 48, 50, 62, 67, 69, 71]",117
114073198,2025-12-27,"[1, 4, 5, 21, 25, 35, 37, 41, 52, 54, 55, 57, 60, 63, 64, 66, 68, 74, 78, 79]",118
114073199,2025-12-27,"[5, 6, 9, 10, 11, 22, 25, 27, 31, 37, 46, 47, 50, 54, 57, 59, 64, 70, 71, 72]",119
114073200,2025-12-27,"[11, 13, 14, 16, 17, 18, 34, 41, 42, 46, 52, 57, 58, 62, 66, 69, 72, 73, 76, 77]",120
114073201,2025-12-27,"[1, 2, 4, 7, 8, 22, 24, 28, 29, 30, 31, 34, 40, 42, 46, 53, 55, 66, 73, 80]",121
114073202,2025-12-27,"[3, 4, 6, 7, 9, 13, 16, 17, 25, 26, 27, 32, 44, 49, 52, 53, 59, 64, 71, 77]",122
114073203,2025-12-27,"[3, 4, 5, 8, 13, 18, 19, 21, 32, 39, 40, 41, 48, 50, 51, 53, 55, 60, 66, 73]",123
114073204,2025-12-27,"[1, 2, 5, 6, 8, 17, 18, 19, 25, 31, 32, 35, 42, 51, 56, 57, 65, 66, 70, 71]",124
114073205,2025-12-27,"[9, 11, 19, 20, 35, 40, 43, 47, 49, 50, 51, 55, 56, 58, 63, 68, 73, 76, 79, 80]",125
114073206,2025-12-27,"[1, 4, 14, 15, 20, 22, 23, 26, 27, 31, 32, 33, 43, 50, 56, 59, 61, 63, 67, 71]",126
114073207,2025-12-27,"[11, 15, 19, 27, 30, 33, 35, 37, 38, 40, 43, 46, 50, 53, 61, 66, 69, 73, 74, 80]",127
114073208,2025-12-27,"[4, 9, 16, 22, 24, 25, 26, 43, 46, 48, 50, 53, 56, 57, 58, 64, 66, 67, 74, 77]",128
114073209,2025-12-27,"[3, 7, 15, 16, 20, 25, 29, 30, 36, 37, 38, 40, 42, 43, 45, 49, 55, 65, 69, 77]",129
114073210,2025-12-27,"[3, 5, 7, 21, 25, 27, 30, 34, 36, 41, 52, 61, 63, 65, 68, 69, 73, 74, 76, 80]",130
114073211,2025-12-27,"[2, 6, 10, 11, 12, 19, 22, 25, 30, 33, 36, 53, 56, 57, 64, 66, 67, 75, 76, 78]",131
114073212,2025-12-27,"[1, 5, 11, 13, 16, 17, 24, 31, 37, 42, 44, 46, 50, 54, 58, 65, 68, 69, 76, 80]",132
114073213,2025-12-27,"[6, 10, 11, 12, 13, 15, 29, 36, 49, 50, 52, 55, 56, 60, 61, 62, 75, 76, 78, 79]",133
114073214,2025-12-27,"[2, 15, 18, 19, 22, 28, 33, 34, 39, 42, 43, 46, 56, 58, 66, 68, 69, 70, 78, 80]",134
114073215,2025-12-27,"[2, 7, 10, 17, 18, 20, 24, 25, 32, 38, 41, 47, 51, 57, 58, 61, 71, 72, 74, 77]",135
114073216,2025-12-27,"[7, 13, 17, 21, 22, 27, 35, 37, 40, 47, 54, 56, 59, 60, 62, 66, 69, 70, 78, 79]",136
114073217,2025-12-27,"[1, 9, 12, 15, 17, 18, 21, 24, 26, 30, 31, 38, 56, 58, 60, 65, 75, 76, 78, 79]",137
114073218,2025-12-27,"[3, 4, 6, 18, 19, 21, 28, 39, 41, 43, 46, 50, 51, 57, 62, 63, 70, 72, 74, 79]",138
114073219,2025-12-27,"[7, 14, 16, 24, 29, 30, 33, 34, 39, 42, 50, 52, 55, 56, 62, 63, 66, 71, 73, 77]",139
114073220,2025-12-27,"[2, 5, 7, 8, 13, 17, 20, 29, 30, 35, 47, 55, 62, 63, 65, 66, 67, 69, 72, 77]",140
114073221,2025-12-27,"[7, 9, 10, 11, 13, 16, 17, 20, 26, 29, 30, 31, 38, 45, 51, 53, 68, 70, 72, 78]",141
114073222,2025-12-27,"[3, 9, 11, 12, 19, 20, 27, 28, 29, 30, 35, 44, 46, 47, 52, 57, 70, 74, 76, 80]",142
114073223,2025-12-27,"[2, 7, 9, 10, 11, 14, 15, 20, 21, 27, 31, 33, 36, 37, 39, 41, 47, 73, 74, 78]",143
114073224,2025-12-27,"[2, 3, 8, 12, 17, 23, 36, 38, 43, 45, 47, 50, 51, 52, 59, 65, 67, 73, 74, 80]",144
114073225,2025-12-27,"[16, 17, 18, 21, 26, 28, 35, 37, 39, 40, 46, 47, 54, 59, 60, 64, 67, 73, 77, 78]",145
114073226,2025-12-27,"[2, 3, 6, 8, 9, 15, 18, 19, 23, 27, 28, 29, 36, 43, 59, 62, 63, 74, 75, 78]",146
114073227,2025-12-27,"[3, 8, 10, 15, 17, 22, 26, 31, 35, 40, 41, 49, 51, 53, 55, 58, 66, 74, 76, 79]",147
114073228,2025-12-27,"[7, 8, 9, 15, 16, 18, 19, 23, 36, 40, 45, 54, 57, 59, 62, 64, 66, 70, 74, 77]",148
114073229,2025-12-27,"[6, 7, 18, 19, 22, 24, 28, 29, 31, 35, 39, 41, 43, 46, 51, 54, 64, 66, 74, 77]",149
114073230,2025-12-27,"[4, 5, 14, 15, 19, 21, 23, 37, 38, 42, 48, 53, 56, 59, 62, 63, 65, 73, 78, 79]",150
114073231,2025-12-27,"[5, 7, 11, 14, 20, 25, 26, 28, 29, 32, 34, 36, 45, 46, 47, 48, 53, 62, 72, 76]",151
114073232,2025-12-27,"[4, 5, 10, 14, 19, 20, 21, 22, 23, 24, 31, 40, 41, 47, 50, 54, 60, 63, 64, 74]",152
114073233,2025-12-27,"[5, 6, 12, 16, 21, 23, 25, 26, 28, 29, 39, 40, 44, 50, 53, 55, 64, 72, 75, 79]",153
114073234,2025-12-27,"[2, 5, 8, 10, 12, 18, 30, 35, 39, 42, 43, 45, 48, 51, 61, 68, 73, 75, 76, 79]",154
114073235,2025-12-27,"[1, 5, 6, 9, 12, 18, 25, 26, 31, 32, 36, 39, 50, 51, 54, 56, 61, 65, 76, 77]",155
114073236,2025-12-27,"[2, 9, 10, 17, 19, 21, 24, 30, 33, 35, 36, 44, 50, 52, 54, 58, 59, 61, 66, 72]",156
114073237,2025-12-27,"[3, 4, 5, 13, 17, 27, 29, 30, 31, 32, 33, 34, 44, 46, 57, 62, 64, 67, 77, 80]",157
114073238,2025-12-27,"[1, 5, 7, 9, 16, 24, 26, 35, 38, 46, 47, 50, 52, 60, 61, 63, 66, 68, 69, 74]",158
114073239,2025-12-27,"[4, 16, 17, 18, 20, 32, 35, 39, 41, 49, 50, 53, 58, 59, 66, 67, 68, 69, 70, 72]",159
114073240,2025-12-27,"[1, 3, 5, 7, 12, 18, 20, 23, 26, 27, 34, 39, 41, 44, 48, 51, 58, 60, 62, 71]",160
114073241,2025-12-27,"[2, 3, 7, 13, 25, 29, 30, 36, 37, 38, 48, 49, 51, 58, 62, 64, 65, 73, 74, 78]",161
114073242,2025-12-27,"[3, 4, 5, 6, 7, 13, 16, 20, 21, 25, 27, 30, 36, 38, 56, 57, 66, 67, 70, 75]",162
114073243,2025-12-27,"[6, 10, 11, 12, 13, 20, 26, 29, 31, 38, 40, 41, 44, 47, 61, 62, 69, 73, 76, 79]",163
114073244,2025-12-27,"[4, 9, 17, 24, 26, 28, 32, 36, 37, 38, 40, 41, 45, 55, 59, 60, 66, 73, 75, 80]",164
114073245,2025-12-27,"[2, 8, 11, 13, 16, 17, 18, 23, 24, 27, 38, 42, 55, 57, 61, 66, 67, 69, 73, 80]",165
114073246,2025-12-27,"[1, 5, 11, 13, 20, 24, 27, 33, 35, 42, 47, 54, 60, 62, 63, 65, 75, 76, 79, 80]",166
114073247,2025-12-27,"[2, 9, 16, 18, 22, 23, 24, 25, 41, 43, 50, 55, 58, 61, 64, 66, 70, 76, 77, 80]",167
114073248,2025-12-27,"[2, 4, 9, 11, 16, 31, 33, 34, 39, 40, 42, 48, 50, 56, 57, 59, 63, 66, 71, 80]",168
114073249,2025-12-27,"[1, 2, 5, 7, 17, 18, 23, 31, 38, 41, 42, 45, 62, 63, 66, 71, 72, 76, 79, 80]",169
114073250,2025-12-27,"[1, 10, 16, 18, 19, 20, 23, 24, 27, 29, 31, 32, 40, 42, 51, 52, 72, 73, 75, 76]",170
114073251,2025-12-27,"[1, 6, 15, 16, 24, 25, 26, 29, 31, 33, 34, 35, 38, 40, 41, 47, 48, 53, 70, 79]",171
114073252,2025-12-27,"[4, 11, 13, 15, 16, 17, 22, 25, 26, 27, 34, 53, 55, 59, 64, 66, 67, 70, 75, 76]",172
114073253,2025-12-27,"[2, 5, 6, 9, 11, 15, 17, 18, 19, 32, 38, 41, 42, 43, 51, 58, 64, 66, 71, 77]",173
114073254,2025-12-27,"[5, 6, 7, 14, 15, 20, 27, 29, 30, 46, 47, 51, 55, 61, 65, 67, 72, 74, 75, 76]",174
114073255,2025-12-27,"[2, 3, 6, 12, 18, 19, 23, 28, 30, 32, 33, 40, 41, 47, 49, 51, 60, 65, 66, 72]",175
114073256,2025-12-27,"[3, 4, 14, 15, 18, 22, 26, 33, 34, 35, 37, 39, 40, 47, 53, 57, 64, 68, 75, 80]",176
114073257,2025-12-27,"[4, 7, 10, 12, 18, 25, 29, 32, 40, 44, 50, 53, 54, 57, 59, 60, 75, 76, 77, 78]",177
114073258,2025-12-27,"[2, 4, 8, 14, 18, 28, 37, 38, 47, 53, 54, 56, 57, 58, 59, 60, 61, 73, 75, 79]",178
114073259,2025-12-27,"[1, 8, 9, 15, 22, 27, 31, 33, 35, 36, 37, 42, 43, 46, 62, 67, 69, 71, 73, 80]",179
114073260,2025-12-27,"[9, 11, 12, 13, 31, 32, 33, 34, 35, 36, 39, 44, 62, 63, 64, 71, 73, 75, 79, 80]",180
114073261,2025-12-27,"[2, 3, 4, 12, 16, 21, 22, 26, 32, 34, 38, 48, 50, 52, 53, 56, 58, 65, 66, 72]",181
114073262,2025-12-27,"[11, 17, 18, 21, 24, 26, 30, 34, 37, 41, 44, 49, 52, 54, 58, 59, 61, 62, 67, 80]",182
114073263,2025-12-27,"[3, 5, 6, 10, 15, 16, 19, 24, 25, 27, 29, 30, 39, 41, 44, 48, 59, 60, 62, 68]",183
114073264,2025-12-27,"[1, 5, 6, 9, 11, 14, 24, 27, 28, 30, 34, 38, 47, 54, 55, 58, 62, 73, 77, 78]",184
114073265,2025-12-27,"[1, 2, 6, 7, 8, 12, 15, 16, 17, 18, 25, 39, 52, 54, 57, 61, 63, 67, 74, 76]",185
114073266,2025-12-27,"[6, 9, 12, 13, 15, 16, 25, 27, 33, 34, 45, 50, 51, 52, 53, 58, 59, 67, 70, 72]",186
114073267,2025-12-27,"[5, 13, 14, 19, 20, 23, 26, 32, 35, 36, 38, 51, 52, 58, 61, 68, 71, 75, 76, 79]",187
114073268,2025-12-27,"[1, 8, 11, 13, 17, 18, 21, 23, 25, 34, 35, 43, 49, 53, 59, 62, 68, 71, 73, 80]",188
114073269,2025-12-27,"[1, 4, 6, 14, 15, 20, 23, 29, 30, 31, 32, 39, 48, 50, 52, 53, 61, 71, 72, 74]",189
114073270,2025-12-27,"[9, 14, 19, 24, 25, 32, 39, 44, 45, 49, 50, 53, 63, 66, 70, 72, 73, 74, 79, 80]",190
114073271,2025-12-27,"[3, 14, 20, 21, 23, 24, 29, 31, 33, 41, 43, 45, 47, 50, 57, 60, 63, 66, 67, 79]",191
114073272,2025-12-27,"[4, 5, 8, 12, 19, 20, 23, 33, 36, 37, 38, 44, 49, 51, 64, 65, 68, 71, 73, 80]",192
114073273,2025-12-27,"[3, 8, 18, 21, 28, 31, 34, 36, 37, 38, 44, 45, 50, 52, 53, 64, 69, 73, 75, 80]",193
114073274,2025-12-27,"[2, 11, 17, 28, 29, 32, 33, 34, 35, 44, 56, 57, 59, 60, 62, 65, 67, 74, 75, 77]",194
114073275,2025-12-27,"[4, 6, 9, 14, 19, 20, 25, 28, 31, 37, 38, 42, 48, 51, 54, 63, 68, 69, 75, 79]",195
114073276,2025-12-27,"[1, 2, 3, 5, 14, 15, 17, 23, 29, 38, 43, 48, 50, 52, 59, 62, 72, 76, 78, 79]",196
114073277,2025-12-27,"[6, 10, 11, 13, 15, 16, 19, 20, 33, 36, 40, 41, 43, 45, 49, 50, 54, 62, 65, 69]",197
114073278,2025-12-27,"[5, 10, 11, 12, 15, 20, 22, 28, 34, 35, 36, 42, 44, 48, 50, 51, 62, 66, 69, 72]",198
114073279,2025-12-27,"[3, 7, 11, 22, 26, 29, 30, 34, 37, 41, 43, 44, 49, 52, 53, 57, 64, 75, 79, 80]",199
114073280,2025-12-27,"[7, 11, 12, 18, 23, 24, 29, 30, 31, 37, 39, 47, 48, 49, 54, 56, 58, 60, 66, 67]",200
114073281,2025-12-27,"[3, 4, 6, 9, 13, 17, 18, 19, 24, 25, 28, 33, 55, 56, 57, 61, 63, 71, 74, 77]",201
114073282,2025-12-27,"[5, 7, 8, 9, 16, 17, 20, 34, 40, 42, 45, 47, 48, 51, 53, 54, 60, 63, 66, 76]",202
114073283,2025-12-27,"[1, 6, 10, 12, 16, 17, 19, 20, 25, 30, 42, 50, 61, 62, 65, 66, 72, 76, 77, 80]",203
114073284,2025-12-28,"[2, 3, 5, 20, 25, 26, 28, 29, 33, 34, 42, 51, 52, 55, 58, 59, 65, 67, 74, 80]",1
114073285,2025-12-28,"[2, 3, 6, 10, 21, 24, 29, 32, 34, 37, 43, 51, 53, 54, 56, 65, 66, 67, 69, 73]",2
114073286,2025-12-28,"[2, 6, 10, 11, 15, 16, 21, 24, 30, 33, 35, 52, 53, 56, 60, 63, 67, 74, 76, 78]",3
114073287,2025-12-28,"[2, 7, 9, 12, 15, 31, 46, 47, 49, 51, 53, 54, 67, 69, 70, 71, 72, 74, 75, 77]",4
114073288,2025-12-28,"[2, 5, 8, 15, 17, 27, 29, 34, 42, 44, 48, 49, 50, 53, 54, 59, 66, 72, 78, 79]",5
114073289,2025-12-28,"[6, 7, 10, 14, 23, 24, 30, 34, 36, 46, 51, 52, 53, 55, 58, 66, 70, 71, 75, 76]",6
114073290,2025-12-28,"[4, 7, 9, 10, 13, 14, 15, 20, 24, 33, 41, 47, 49, 50, 51, 54, 63, 70, 71, 80]",7
114073291,2025-12-28,"[1, 4, 15, 17, 20, 22, 23, 29, 36, 37, 38, 39, 40, 51, 52, 54, 57, 61, 65, 74]",8
114073292,2025-12-28,"[6, 7, 12, 15, 25, 36, 37, 40, 43, 49, 51, 52, 55, 58, 62, 64, 72, 74, 76, 78]",9
114073293,2025-12-28,"[1, 2, 8, 20, 25, 26, 29, 31, 42, 45, 51, 58, 61, 62, 66, 67, 69, 71, 75, 76]",10
114073294,2025-12-28,"[2, 10, 13, 14, 16, 20, 25, 30, 31, 32, 34, 40, 43, 44, 66, 70, 72, 73, 76, 78]",11
114073295,2025-12-28,"[10, 12, 13, 16, 17, 23, 28, 31, 34, 35, 37, 39, 42, 49, 53, 56, 58, 59, 64, 68]",12
114073296,2025-12-28,"[1, 6, 8, 11, 15, 21, 25, 28, 29, 33, 35, 55, 56, 63, 64, 68, 70, 71, 73, 80]",13
114073297,2025-12-28,"[12, 15, 27, 36, 38, 41, 42, 43, 47, 48, 52, 57, 60, 63, 65, 70, 73, 74, 75, 79]",14
114073298,2025-12-28,"[6, 7, 8, 9, 12, 13, 20, 21, 25, 30, 32, 35, 36, 45, 48, 60, 62, 66, 70, 80]",15
114073299,2025-12-28,"[3, 5, 7, 13, 16, 17, 18, 20, 22, 35, 39, 43, 44, 47, 51, 57, 62, 70, 71, 79]",16
114073300,2025-12-28,"[5, 6, 9, 10, 20, 22, 23, 26, 29, 31, 33, 38, 41, 43, 54, 57, 62, 68, 71, 77]",17
114073301,2025-12-28,"[5, 11, 13, 14, 25, 28, 33, 44, 48, 51, 53, 54, 55, 57, 58, 61, 64, 66, 70, 71]",18
114073302,2025-12-28,"[2, 5, 7, 11, 12, 13, 14, 15, 23, 25, 27, 35, 42, 43, 52, 55, 59, 62, 72, 80]",19
114073303,2025-12-28,"[1, 8, 11, 12, 16, 18, 20, 24, 28, 31, 32, 37, 45, 47, 50, 56, 58, 62, 73, 74]",20
114073304,2025-12-28,"[1, 2, 3, 6, 8, 29, 32, 40, 42, 45, 50, 52, 54, 70, 71, 72, 73, 75, 78, 80]",21
114073305,2025-12-28,"[1, 3, 5, 8, 10, 19, 21, 22, 26, 30, 33, 37, 40, 42, 44, 45, 47, 55, 57, 67]",22
114073306,2025-12-28,"[1, 4, 8, 13, 14, 17, 25, 26, 30, 32, 35, 39, 45, 47, 50, 59, 67, 70, 73, 79]",23
114073307,2025-12-28,"[5, 10, 11, 15, 17, 18, 22, 26, 29, 37, 45, 48, 49, 57, 58, 61, 62, 63, 72, 73]",24
114073308,2025-12-28,"[2, 3, 4, 7, 8, 10, 15, 30, 36, 45, 49, 53, 57, 58, 65, 66, 68, 70, 72, 77]",25
114073309,2025-12-28,"[15, 18, 20, 22, 23, 24, 31, 32, 39, 40, 42, 46, 48, 49, 50, 60, 67, 68, 73, 77]",26
114073310,2025-12-28,"[5, 6, 8, 12, 13, 16, 17, 21, 27, 30, 42, 43, 48, 50, 51, 55, 59, 70, 78, 79]",27
114073311,2025-12-28,"[4, 12, 17, 18, 26, 32, 33, 36, 37, 43, 45, 53, 55, 60, 64, 66, 69, 70, 72, 78]",28
114073312,2025-12-28,"[4, 8, 16, 30, 38, 42, 43, 48, 52, 53, 55, 56, 57, 58, 64, 66, 72, 73, 76, 79]",29
114073313,2025-12-28,"[3, 4, 8, 16, 22, 26, 27, 37, 38, 44, 47, 52, 59, 61, 62, 64, 69, 71, 74, 76]",30
114073314,2025-12-28,"[1, 4, 6, 13, 18, 19, 22, 26, 29, 33, 34, 38, 41, 57, 58, 59, 61, 63, 73, 78]",31
114073315,2025-12-28,"[2, 4, 14, 21, 24, 27, 30, 38, 44, 47, 48, 50, 52, 54, 56, 57, 61, 68, 74, 79]",32
114073316,2025-12-28,"[1, 7, 9, 13, 16, 18, 26, 28, 29, 38, 47, 48, 50, 57, 59, 66, 70, 71, 74, 76]",33
114073317,2025-12-28,"[8, 11, 13, 15, 24, 32, 33, 34, 36, 39, 44, 45, 47, 52, 59, 65, 68, 74, 75, 77]",34
114073318,2025-12-28,"[2, 5, 6, 14, 15, 18, 20, 29, 30, 39, 51, 58, 60, 61, 62, 64, 65, 67, 68, 75]",35
114073319,2025-12-28,"[1, 7, 12, 25, 28, 29, 32, 37, 44, 46, 47, 49, 52, 53, 56, 57, 63, 65, 75, 76]",36
114073320,2025-12-28,"[3, 5, 6, 13, 19, 20, 24, 30, 31, 38, 39, 42, 49, 52, 63, 64, 65, 69, 72, 77]",37
114073321,2025-12-28,"[2, 3, 6, 9, 30, 31, 33, 34, 38, 42, 49, 50, 51, 53, 54, 56, 59, 69, 74, 79]",38
114073322,2025-12-28,"[1, 4, 6, 7, 9, 17, 19, 22, 29, 33, 37, 38, 39, 45, 63, 64, 66, 70, 72, 73]",39
114073323,2025-12-28,"[1, 9, 11, 15, 17, 21, 22, 23, 32, 34, 36, 42, 46, 51, 61, 63, 64, 66, 74, 80]",40
114073324,2025-12-28,"[2, 5, 19, 20, 22, 30, 35, 38, 41, 51, 55, 56, 57, 61, 63, 64, 68, 69, 70, 75]",41
114073325,2025-12-28,"[2, 15, 19, 20, 22, 34, 37, 38, 48, 52, 53, 57, 58, 62, 63, 64, 65, 69, 76, 78]",42
114073326,2025-12-28,"[4, 13, 16, 22, 30, 40, 41, 42, 45, 47, 49, 50, 52, 58, 63, 66, 67, 68, 74, 75]",43
114073327,2025-12-28,"[1, 7, 8, 16, 25, 26, 28, 31, 40, 44, 47, 48, 52, 54, 57, 64, 65, 76, 79, 80]",44
114073328,2025-12-28,"[10, 14, 24, 28, 33, 36, 37, 39, 41, 43, 46, 47, 49, 51, 53, 64, 65, 72, 74, 77]",45
114073329,2025-12-28,"[1, 6, 12, 16, 27, 28, 30, 31, 33, 34, 40, 46, 48, 52, 57, 59, 62, 70, 75, 77]",46
114073330,2025-12-28,"[4, 8, 9, 12, 13, 16, 18, 29, 33, 37, 39, 40, 41, 45, 49, 51, 52, 69, 73, 80]",47
114073331,2025-12-28,"[3, 4, 11, 15, 16, 20, 26, 29, 36, 42, 44, 45, 51, 53, 55, 63, 70, 72, 74, 80]",48
114073332,2025-12-28,"[19, 20, 25, 26, 27, 33, 34, 38, 39, 42, 45, 54, 57, 65, 67, 70, 72, 75, 76, 80]",49
114073333,2025-12-28,"[9, 13, 21, 23, 28, 29, 34, 41, 44, 51, 52, 57, 58, 61, 64, 70, 72, 75, 76, 78]",50
114073334,2025-12-28,"[3, 7, 8, 10, 11, 15, 19, 21, 29, 38, 47, 48, 52, 54, 60, 63, 65, 76, 77, 80]",51
114073335,2025-12-28,"[4, 8, 9, 11, 16, 21, 34, 35, 36, 39, 43, 46, 48, 49, 50, 56, 60, 61, 70, 77]",52
114073336,2025-12-28,"[2, 4, 5, 6, 17, 19, 20, 21, 24, 29, 30, 35, 36, 40, 53, 56, 60, 61, 62, 65]",53
114073337,2025-12-28,"[1, 10, 11, 13, 14, 25, 32, 38, 42, 45, 50, 55, 58, 63, 65, 66, 68, 73, 78, 80]",54
114073338,2025-12-28,"[2, 5, 7, 9, 10, 12, 18, 20, 23, 32, 36, 39, 42, 45, 47, 49, 58, 62, 65, 76]",55
114073339,2025-12-28,"[1, 8, 10, 11, 16, 17, 24, 25, 28, 37, 44, 47, 54, 56, 58, 64, 65, 67, 69, 79]",56
114073340,2025-12-28,"[1, 2, 10, 12, 14, 15, 16, 18, 20, 23, 31, 47, 51, 53, 55, 57, 71, 72, 78, 80]",57
114073341,2025-12-28,"[1, 12, 15, 17, 19, 21, 23, 32, 33, 39, 42, 46, 49, 52, 54, 56, 69, 71, 72, 79]",58
114073342,2025-12-28,"[4, 7, 9, 12, 16, 21, 28, 29, 34, 36, 38, 40, 43, 52, 60, 70, 74, 75, 77, 80]",59
114073343,2025-12-28,"[3, 10, 11, 12, 15, 18, 24, 25, 26, 35, 37, 43, 44, 50, 58, 60, 63, 65, 71, 77]",60
114073344,2025-12-28,"[3, 10, 14, 17, 27, 32, 35, 38, 39, 43, 49, 50, 51, 54, 57, 69, 77, 78, 79, 80]",61
114073345,2025-12-28,"[1, 10, 11, 12, 14, 17, 23, 28, 31, 33, 34, 39, 43, 44, 45, 50, 60, 67, 76, 80]",62
114073346,2025-12-28,"[4, 13, 14, 19, 21, 26, 28, 36, 41, 44, 47, 48, 49, 58, 62, 67, 73, 77, 78, 80]",63
114073347,2025-12-28,"[6, 7, 12, 15, 21, 23, 26, 34, 37, 41, 46, 58, 60, 62, 66, 69, 70, 74, 75, 76]",64
114073348,2025-12-28,"[2, 11, 13, 14, 18, 33, 40, 44, 45, 46, 50, 55, 57, 63, 64, 68, 69, 74, 75, 78]",65
114073349,2025-12-28,"[1, 2, 6, 23, 26, 30, 33, 40, 41, 44, 48, 54, 58, 60, 63, 65, 68, 69, 70, 80]",66
114073350,2025-12-28,"[1, 4, 11, 25, 31, 33, 36, 43, 52, 60, 62, 65, 66, 67, 68, 70, 74, 78, 79, 80]",67
114073351,2025-12-28,"[5, 16, 17, 19, 21, 22, 23, 24, 26, 29, 30, 31, 36, 38, 49, 57, 58, 62, 76, 77]",68
114073352,2025-12-28,"[1, 2, 4, 5, 10, 16, 21, 23, 26, 34, 35, 39, 45, 50, 51, 54, 59, 61, 63, 78]",69
114073353,2025-12-28,"[2, 4, 5, 8, 14, 17, 18, 21, 26, 32, 39, 40, 41, 62, 64, 65, 66, 68, 69, 72]",70
114073354,2025-12-28,"[5, 13, 14, 15, 17, 24, 25, 26, 33, 34, 35, 45, 47, 48, 49, 70, 73, 74, 76, 78]",71
114073355,2025-12-28,"[1, 4, 5, 10, 18, 21, 26, 29, 33, 34, 39, 42, 48, 51, 52, 53, 55, 59, 62, 77]",72
114073356,2025-12-28,"[5, 8, 12, 15, 21, 23, 25, 30, 35, 36, 41, 47, 50, 52, 53, 54, 55, 60, 73, 74]",73
114073357,2025-12-28,"[5, 6, 7, 8, 9, 10, 13, 19, 23, 28, 29, 35, 37, 43, 48, 56, 60, 61, 62, 77]",74
114073358,2025-12-28,"[1, 3, 7, 9, 17, 20, 26, 27, 31, 40, 43, 44, 58, 59, 62, 65, 67, 73, 75, 78]",75
114073359,2025-12-28,"[5, 10, 11, 14, 18, 19, 22, 23, 24, 25, 30, 32, 39, 42, 45, 46, 52, 54, 60, 71]",76
114073360,2025-12-28,"[2, 10, 16, 19, 21, 31, 32, 33, 41, 44, 45, 50, 54, 55, 58, 61, 62, 71, 75, 79]",77
114073361,2025-12-28,"[1, 4, 6, 8, 12, 14, 16, 18, 21, 25, 27, 35, 38, 49, 52, 55, 56, 63, 68, 69]",78
114073362,2025-12-28,"[5, 6, 8, 9, 10, 12, 14, 22, 29, 34, 44, 45, 50, 53, 65, 70, 71, 74, 75, 80]",79
114073363,2025-12-28,"[1, 5, 9, 17, 19, 22, 23, 31, 35, 39, 40, 48, 53, 57, 59, 62, 64, 65, 71, 76]",80
114073364,2025-12-28,"[4, 5, 6, 10, 14, 29, 31, 39, 44, 51, 52, 54, 59, 60, 62, 65, 66, 70, 71, 75]",81
114073365,2025-12-28,"[1, 2, 8, 9, 13, 18, 20, 32, 33, 35, 42, 43, 52, 53, 56, 61, 65, 67, 68, 76]",82
114073366,2025-12-28,"[2, 4, 6, 7, 19, 22, 23, 30, 37, 40, 44, 47, 61, 62, 69, 71, 72, 73, 74, 80]",83
114073367,2025-12-28,"[3, 5, 7, 14, 19, 24, 31, 32, 34, 37, 44, 47, 49, 52, 53, 57, 66, 71, 77, 79]",84
114073368,2025-12-28,"[1, 12, 22, 25, 28, 29, 31, 44, 48, 49, 52, 53, 55, 59, 63, 65, 72, 75, 79, 80]",85
114073369,2025-12-28,"[8, 10, 19, 24, 25, 29, 30, 31, 36, 37, 46, 48, 50, 51, 52, 56, 65, 66, 70, 72]",86
114073370,2025-12-28,"[3, 11, 18, 19, 23, 29, 30, 31, 35, 38, 42, 52, 53, 55, 66, 68, 70, 72, 75, 80]",87
114073371,2025-12-28,"[3, 8, 12, 15, 19, 21, 22, 24, 26, 28, 32, 43, 51, 55, 56, 61, 63, 67, 68, 71]",88
114073372,2025-12-28,"[2, 5, 7, 9, 10, 13, 21, 24, 26, 27, 31, 34, 36, 41, 46, 47, 49, 57, 73, 74]",89
114073373,2025-12-28,"[6, 13, 14, 16, 17, 22, 23, 24, 25, 37, 47, 51, 54, 55, 61, 63, 68, 72, 73, 78]",90
114073374,2025-12-28,"[1, 2, 3, 6, 11, 19, 26, 28, 40, 43, 47, 49, 50, 52, 55, 62, 68, 69, 74, 75]",91
114073375,2025-12-28,"[14, 21, 24, 26, 27, 28, 30, 32, 38, 41, 43, 52, 56, 57, 59, 61, 64, 67, 76, 80]",92
114073376,2025-12-28,"[6, 23, 24, 27, 28, 29, 35, 39, 43, 44, 48, 53, 54, 61, 64, 67, 70, 74, 76, 80]",93
114073377,2025-12-28,"[1, 4, 9, 15, 19, 20, 28, 32, 36, 41, 51, 56, 60, 67, 68, 71, 73, 74, 77, 80]",94
114073378,2025-12-28,"[5, 6, 7, 8, 28, 31, 32, 33, 34, 42, 45, 46, 47, 48, 49, 55, 67, 73, 76, 77]",95
114073379,2025-12-28,"[1, 3, 8, 16, 23, 24, 25, 28, 38, 39, 45, 47, 54, 59, 60, 66, 67, 69, 76, 78]",96
114073380,2025-12-28,"[6, 8, 16, 17, 19, 32, 33, 35, 39, 43, 45, 46, 49, 54, 56, 59, 65, 66, 75, 77]",97
114073381,2025-12-28,"[2, 4, 9, 10, 11, 13, 23, 24, 25, 41, 43, 51, 53, 57, 58, 66, 67, 68, 74, 75]",98
114073382,2025-12-28,"[2, 5, 8, 10, 11, 12, 13, 15, 17, 18, 22, 23, 35, 40, 52, 59, 69, 75, 77, 79]",99
114073383,2025-12-28,"[1, 5, 8, 14, 16, 21, 29, 30, 36, 40, 41, 43, 44, 45, 61, 63, 70, 75, 77, 79]",100
114073384,2025-12-28,"[4, 5, 12, 19, 23, 25, 29, 31, 33, 36, 43, 51, 52, 61, 64, 73, 74, 78, 79, 80]",101
114073385,2025-12-28,"[3, 6, 8, 11, 23, 24, 26, 32, 33, 37, 42, 47, 49, 53, 55, 59, 63, 65, 78, 79]",102
114073386,2025-12-28,"[2, 5, 6, 10, 14, 16, 17, 20, 22, 27, 29, 38, 44, 49, 50, 56, 72, 73, 75, 78]",103
114073387,2025-12-28,"[2, 10, 13, 17, 20, 28, 32, 33, 38, 39, 42, 45, 50, 55, 58, 61, 69, 74, 77, 80]",104
114073388,2025-12-28,"[7, 10, 11, 13, 17, 21, 23, 30, 34, 35, 36, 41, 42, 45, 59, 62, 69, 70, 75, 78]",105
114073389,2025-12-28,"[13, 15, 18, 22, 33, 35, 37, 43, 45, 46, 49, 51, 53, 55, 56, 59, 66, 74, 76, 77]",106
114073390,2025-12-28,"[5, 10, 12, 18, 21, 26, 27, 28, 32, 35, 47, 52, 55, 60, 61, 75, 77, 78, 79, 80]",107
114073391,2025-12-28,"[6, 9, 12, 13, 14, 18, 34, 36, 37, 39, 43, 45, 48, 53, 55, 56, 57, 60, 67, 73]",108
114073392,2025-12-28,"[1, 4, 13, 17, 18, 21, 24, 30, 31, 43, 45, 53, 54, 55, 56, 62, 76, 77, 78, 79]",109
114073393,2025-12-28,"[1, 3, 6, 8, 9, 13, 16, 26, 45, 46, 50, 58, 62, 63, 64, 71, 74, 76, 77, 78]",110
114073394,2025-12-28,"[1, 3, 11, 12, 14, 15, 16, 19, 24, 28, 35, 37, 42, 52, 55, 60, 61, 62, 64, 78]",111
114073395,2025-12-28,"[3, 4, 6, 7, 23, 25, 26, 28, 35, 36, 37, 39, 46, 54, 68, 70, 71, 74, 77, 78]",112
114073396,2025-12-28,"[2, 3, 4, 6, 11, 14, 15, 33, 37, 42, 43, 45, 47, 49, 52, 53, 54, 66, 69, 74]",113
114073397,2025-12-28,"[6, 12, 16, 18, 25, 26, 29, 31, 32, 44, 50, 52, 53, 54, 56, 58, 61, 65, 66, 78]",114
114073398,2025-12-28,"[15, 19, 28, 30, 34, 35, 38, 41, 43, 44, 45, 50, 58, 61, 62, 65, 69, 75, 76, 77]",115
114073399,2025-12-28,"[4, 5, 6, 9, 20, 27, 34, 35, 37, 44, 49, 57, 59, 62, 67, 71, 73, 76, 78, 79]",116
114073400,2025-12-28,"[1, 3, 4, 5, 7, 8, 13, 14, 26, 28, 29, 34, 43, 45, 50, 51, 54, 58, 59, 74]",117
114073401,2025-12-28,"[1, 3, 4, 5, 10, 14, 22, 23, 29, 31, 34, 36, 41, 51, 63, 68, 71, 75, 78, 79]",118
114073402,2025-12-28,"[2, 5, 14, 17, 22, 26, 27, 28, 30, 31, 33, 35, 39, 51, 58, 66, 67, 69, 74, 78]",119
114073403,2025-12-28,"[10, 13, 15, 20, 29, 30, 32, 34, 35, 38, 39, 41, 49, 57, 60, 61, 66, 72, 75, 80]",120
114073404,2025-12-28,"[6, 9, 19, 23, 26, 27, 32, 38, 39, 45, 50, 59, 60, 62, 64, 67, 70, 75, 77, 79]",121
114073405,2025-12-28,"[7, 8, 10, 17, 18, 27, 35, 40, 42, 50, 52, 53, 55, 59, 61, 66, 77, 78, 79, 80]",122
114073406,2025-12-28,"[5, 6, 11, 14, 19, 28, 29, 37, 38, 40, 41, 48, 51, 55, 56, 58, 60, 63, 70, 79]",123
114073407,2025-12-28,"[3, 7, 8, 9, 12, 23, 24, 33, 34, 37, 38, 45, 47, 61, 63, 67, 68, 69, 70, 78]",124
114073408,2025-12-28,"[3, 4, 8, 9, 15, 17, 22, 27, 28, 35, 37, 41, 51, 52, 53, 57, 63, 72, 74, 79]",125
114073409,2025-12-28,"[10, 14, 15, 16, 19, 25, 29, 35, 39, 42, 45, 46, 47, 48, 49, 56, 58, 67, 71, 72]",126
114073410,2025-12-28,"[6, 8, 9, 12, 19, 22, 26, 28, 30, 41, 42, 46, 51, 54, 56, 57, 58, 69, 74, 75]",127
114073411,2025-12-28,"[1, 7, 12, 16, 19, 24, 26, 28, 33, 35, 38, 39, 41, 45, 49, 56, 58, 60, 66, 71]",128
114073412,2025-12-28,"[2, 9, 17, 24, 25, 27, 30, 33, 34, 35, 42, 45, 48, 49, 55, 60, 70, 72, 74, 78]",129
114073413,2025-12-28,"[3, 6, 10, 12, 13, 17, 20, 27, 31, 32, 37, 42, 47, 50, 60, 61, 63, 66, 70, 71]",130
114073414,2025-12-28,"[3, 10, 16, 17, 18, 25, 34, 48, 51, 52, 53, 56, 58, 60, 65, 67, 73, 76, 77, 78]",131
114073415,2025-12-28,"[1, 4, 15, 16, 30, 33, 36, 37, 38, 40, 41, 42, 53, 59, 61, 65, 67, 70, 73, 78]",132
114073416,2025-12-28,"[1, 10, 11, 13, 23, 25, 27, 28, 42, 48, 49, 50, 51, 55, 59, 62, 64, 74, 79, 80]",133
114073417,2025-12-28,"[1, 4, 6, 12, 21, 22, 30, 31, 32, 34, 36, 37, 41, 42, 43, 45, 54, 59, 63, 68]",134
114073418,2025-12-28,"[1, 12, 23, 24, 31, 32, 41, 43, 46, 47, 48, 55, 56, 59, 60, 65, 70, 72, 73, 74]",135
114073419,2025-12-28,"[3, 14, 15, 18, 22, 29, 35, 36, 37, 40, 45, 46, 51, 53, 57, 60, 62, 63, 65, 67]",136
114073420,2025-12-28,"[3, 4, 7, 8, 12, 13, 17, 21, 31, 34, 36, 41, 47, 49, 59, 61, 62, 63, 67, 73]",137
114073421,2025-12-28,"[5, 8, 10, 20, 25, 26, 28, 32, 33, 37, 41, 46, 47, 49, 60, 63, 67, 68, 72, 76]",138
114073422,2025-12-28,"[5, 11, 14, 16, 21, 22, 33, 42, 44, 48, 58, 63, 64, 65, 68, 71, 75, 76, 77, 80]",139
114073423,2025-12-28,"[3, 9, 14, 20, 23, 30, 44, 45, 51, 53, 55, 58, 60, 61, 64, 67, 74, 76, 79, 80]",140
114073424,2025-12-28,"[4, 15, 23, 29, 34, 35, 38, 41, 42, 44, 45, 51, 54, 63, 64, 67, 71, 74, 76, 80]",141
114073425,2025-12-28,"[2, 6, 9, 18, 20, 24, 30, 31, 35, 38, 45, 46, 53, 63, 65, 66, 67, 73, 75, 77]",142
114073426,2025-12-28,"[3, 14, 19, 27, 40, 45, 46, 48, 51, 53, 54, 55, 57, 60, 62, 64, 68, 69, 72, 74]",143
114073427,2025-12-28,"[1, 13, 15, 17, 18, 19, 23, 30, 31, 35, 38, 46, 57, 60, 62, 64, 65, 67, 75, 76]",144
114073428,2025-12-28,"[1, 4, 7, 11, 12, 21, 25, 28, 39, 46, 48, 54, 57, 58, 60, 62, 65, 66, 68, 78]",145
114073429,2025-12-28,"[1, 7, 8, 24, 25, 27, 35, 43, 44, 46, 55, 56, 58, 59, 60, 62, 68, 74, 76, 78]",146
114073430,2025-12-28,"[6, 7, 13, 14, 16, 19, 24, 25, 29, 41, 48, 49, 51, 54, 56, 60, 62, 64, 75, 79]",147
114073431,2025-12-28,"[2, 3, 13, 18, 24, 27, 28, 29, 30, 35, 43, 44, 47, 48, 56, 57, 68, 69, 74, 77]",148
114073432,2025-12-28,"[1, 3, 4, 8, 11, 13, 15, 18, 22, 26, 27, 37, 38, 52, 55, 60, 62, 63, 64, 75]",149
114073433,2025-12-28,"[2, 12, 19, 21, 27, 33, 37, 38, 45, 53, 54, 57, 59, 63, 65, 66, 68, 75, 76, 78]",150
114073434,2025-12-28,"[3, 4, 6, 11, 12, 15, 22, 24, 25, 30, 32, 35, 47, 52, 53, 56, 59, 70, 74, 80]",151
114073435,2025-12-28,"[3, 4, 8, 14, 16, 18, 20, 25, 26, 28, 29, 32, 35, 36, 49, 57, 61, 63, 75, 79]",152
114073436,2025-12-28,"[1, 7, 13, 21, 24, 25, 28, 30, 32, 39, 44, 45, 50, 51, 54, 59, 60, 63, 68, 79]",153
114073437,2025-12-28,"[1, 2, 3, 9, 20, 22, 31, 36, 37, 45, 47, 50, 54, 56, 58, 59, 61, 68, 74, 76]",154
114073438,2025-12-28,"[8, 9, 18, 20, 21, 25, 29, 37, 41, 43, 44, 51, 55, 56, 57, 62, 65, 74, 77, 80]",155
114073439,2025-12-28,"[1, 15, 16, 18, 20, 22, 30, 32, 40, 42, 43, 44, 48, 64, 65, 68, 74, 75, 78, 79]",156
114073440,2025-12-28,"[27, 28, 30, 32, 33, 34, 42, 46, 48, 50, 51, 55, 57, 61, 62, 63, 64, 65, 69, 75]",157
114073441,2025-12-28,"[7, 9, 10, 11, 14, 17, 22, 25, 35, 42, 50, 51, 56, 58, 61, 62, 64, 71, 73, 79]",158
114073442,2025-12-28,"[2, 12, 14, 15, 16, 17, 18, 21, 29, 30, 31, 36, 38, 43, 45, 47, 49, 52, 68, 71]",159
114073443,2025-12-28,"[7, 11, 16, 25, 28, 29, 31, 37, 40, 42, 51, 52, 54, 55, 61, 67, 70, 72, 77, 78]",160
114073444,2025-12-28,"[4, 9, 11, 13, 18, 25, 29, 34, 36, 40, 41, 42, 47, 49, 50, 59, 64, 66, 72, 78]",161
114073445,2025-12-28,"[1, 5, 12, 15, 21, 22, 30, 37, 39, 41, 49, 55, 57, 58, 62, 66, 68, 69, 72, 78]",162
114073446,2025-12-28,"[1, 6, 8, 12, 13, 14, 23, 24, 25, 29, 31, 33, 36, 42, 45, 54, 62, 65, 71, 74]",163
114073447,2025-12-28,"[8, 15, 20, 22, 25, 33, 41, 45, 46, 49, 50, 51, 53, 58, 61, 67, 69, 71, 73, 79]",164
114073448,2025-12-28,"[2, 6, 11, 17, 18, 21, 23, 29, 32, 39, 42, 47, 52, 53, 56, 58, 61, 71, 77, 79]",165
114073449,2025-12-28,"[10, 13, 15, 22, 31, 34, 38, 41, 42, 44, 45, 47, 48, 49, 50, 53, 54, 60, 65, 80]",166
114073450,2025-12-28,"[5, 12, 15, 18, 21, 25, 32, 39, 40, 45, 46, 49, 63, 65, 66, 68, 73, 76, 78, 79]",167
114073451,2025-12-28,"[1, 6, 7, 10, 18, 19, 21, 32, 39, 40, 43, 46, 47, 59, 64, 66, 71, 74, 75, 76]",168
114073452,2025-12-28,"[10, 23, 24, 27, 33, 40, 42, 44, 45, 47, 48, 55, 57, 58, 60, 62, 63, 66, 67, 71]",169
114073453,2025-12-28,"[1, 15, 17, 24, 26, 28, 32, 37, 39, 46, 47, 55, 60, 61, 66, 67, 68, 73, 78, 80]",170
114073454,2025-12-28,"[4, 10, 15, 16, 19, 21, 27, 31, 33, 37, 43, 47, 51, 57, 64, 66, 69, 73, 75, 77]",171
114073455,2025-12-28,"[2, 3, 16, 20, 27, 30, 32, 33, 38, 45, 48, 49, 50, 51, 53, 61, 62, 71, 73, 75]",172
114073456,2025-12-28,"[1, 6, 13, 16, 19, 20, 22, 31, 34, 36, 37, 46, 48, 52, 58, 59, 62, 69, 75, 79]",173
114073457,2025-12-28,"[1, 5, 15, 16, 17, 22, 25, 27, 28, 30, 32, 41, 50, 52, 54, 57, 61, 65, 74, 76]",174
114073458,2025-12-28,"[3, 7, 11, 12, 21, 22, 26, 33, 39, 43, 46, 48, 52, 54, 56, 60, 61, 70, 74, 75]",175
114073459,2025-12-28,"[1, 5, 10, 13, 19, 20, 21, 26, 27, 37, 47, 53, 55, 57, 59, 65, 69, 74, 75, 76]",176
114073460,2025-12-28,"[4, 5, 12, 15, 21, 25, 26, 28, 32, 34, 36, 39, 51, 52, 53, 56, 65, 66, 73, 79]",177
114073461,2025-12-28,"[1, 4, 8, 11, 26, 27, 31, 33, 35, 40, 45, 49, 50, 54, 55, 59, 64, 66, 70, 73]",178
114073462,2025-12-28,"[2, 7, 9, 10, 12, 13, 23, 29, 33, 35, 41, 46, 50, 56, 58, 61, 62, 70, 71, 73]",179
114073463,2025-12-28,"[2, 3, 6, 8, 10, 18, 20, 22, 24, 27, 43, 46, 54, 55, 56, 65, 67, 74, 79, 80]",180
114073464,2025-12-28,"[6, 7, 10, 25, 26, 27, 28, 32, 37, 39, 46, 47, 54, 56, 58, 59, 65, 66, 76, 77]",181
114073465,2025-12-28,"[4, 6, 12, 13, 15, 17, 19, 21, 25, 28, 30, 31, 32, 36, 37, 44, 45, 54, 63, 69]",182
114073466,2025-12-28,"[7, 8, 9, 14, 22, 29, 33, 35, 39, 44, 46, 49, 52, 54, 60, 68, 69, 73, 74, 78]",183
114073467,2025-12-28,"[1, 3, 5, 6, 8, 18, 27, 29, 33, 38, 43, 45, 50, 51, 52, 53, 55, 58, 61, 64]",184
114073468,2025-12-28,"[2, 3, 4, 7, 8, 9, 11, 12, 22, 25, 28, 37, 38, 41, 49, 68, 72, 73, 76, 77]",185
114073469,2025-12-28,"[1, 3, 7, 8, 12, 13, 15, 16, 17, 33, 35, 36, 41, 49, 53, 55, 69, 72, 74, 80]",186
114073470,2025-12-28,"[7, 18, 21, 28, 34, 39, 47, 53, 54, 56, 58, 60, 61, 64, 70, 72, 74, 75, 77, 79]",187
114073471,2025-12-28,"[7, 9, 14, 22, 24, 26, 32, 35, 36, 38, 48, 50, 51, 58, 60, 63, 64, 65, 66, 72]",188
114073472,2025-12-28,"[2, 14, 15, 21, 25, 28, 36, 39, 47, 51, 55, 56, 58, 61, 63, 68, 70, 73, 78, 79]",189
114073473,2025-12-28,"[2, 7, 12, 14, 19, 21, 22, 25, 27, 29, 34, 53, 55, 56, 63, 72, 75, 77, 79, 80]",190
114073474,2025-12-28,"[4, 10, 12, 13, 25, 26, 29, 30, 39, 41, 43, 56, 57, 58, 65, 66, 70, 73, 74, 80]",191
114073475,2025-12-28,"[1, 2, 6, 12, 14, 18, 22, 24, 27, 32, 55, 58, 60, 61, 62, 67, 68, 73, 77, 78]",192
114073476,2025-12-28,"[6, 7, 8, 12, 17, 18, 35, 42, 53, 56, 58, 60, 61, 66, 67, 70, 71, 72, 78, 79]",193
114073477,2025-12-28,"[4, 8, 10, 11, 12, 14, 22, 32, 36, 37, 40, 48, 49, 50, 51, 61, 64, 65, 69, 71]",194
114073478,2025-12-28,"[6, 13, 15, 18, 20, 23, 24, 35, 36, 43, 49, 50, 56, 57, 59, 60, 61, 63, 64, 78]",195
114073479,2025-12-28,"[7, 16, 18, 19, 23, 25, 30, 32, 36, 44, 49, 51, 55, 56, 60, 65, 67, 69, 76, 80]",196
114073480,2025-12-28,"[11, 15, 20, 25, 26, 28, 31, 33, 35, 38, 39, 40, 45, 47, 48, 54, 57, 66, 67, 76]",197
114073481,2025-12-28,"[2, 4, 5, 7, 8, 10, 12, 21, 23, 28, 35, 38, 39, 50, 56, 58, 62, 64, 71, 75]",198
114073482,2025-12-28,"[2, 3, 13, 15, 16, 19, 28, 32, 34, 37, 39, 44, 45, 47, 54, 58, 66, 68, 70, 79]",199
114073483,2025-12-28,"[4, 15, 22, 23, 26, 27, 29, 31, 38, 42, 45, 48, 49, 53, 57, 64, 65, 70, 75, 79]",200
114073484,2025-12-28,"[1, 8, 15, 23, 29, 35, 38, 43, 49, 51, 53, 55, 56, 61, 69, 72, 73, 76, 77, 78]",201
114073485,2025-12-28,"[1, 8, 10, 23, 25, 27, 28, 34, 36, 37, 40, 45, 52, 53, 56, 61, 62, 63, 65, 67]",202
114073486,2025-12-28,"[2, 5, 9, 10, 15, 17, 20, 22, 23, 26, 28, 29, 30, 39, 41, 57, 66, 67, 78, 80]",203
114073487,2025-12-29,"[3, 5, 12, 15, 17, 21, 22, 35, 39, 42, 44, 45, 47, 55, 56, 57, 60, 65, 73, 77]",1
114073488,2025-12-29,"[3, 10, 12, 13, 14, 18, 19, 26, 28, 40, 46, 50, 53, 58, 64, 67, 70, 71, 72, 78]",2
114073489,2025-12-29,"[5, 8, 14, 18, 22, 24, 26, 27, 30, 42, 47, 52, 57, 61, 69, 73, 75, 78, 79, 80]",3
114073490,2025-12-29,"[1, 2, 14, 17, 18, 21, 22, 34, 36, 38, 47, 49, 51, 53, 57, 58, 59, 68, 70, 80]",4
114073491,2025-12-29,"[5, 8, 10, 12, 14, 20, 24, 29, 33, 37, 38, 39, 42, 43, 60, 62, 63, 66, 70, 74]",5
114073492,2025-12-29,"[1, 3, 6, 10, 11, 15, 22, 27, 29, 31, 35, 37, 39, 58, 64, 70, 71, 75, 76, 77]",6
114073493,2025-12-29,"[2, 5, 18, 19, 22, 26, 30, 32, 36, 38, 39, 41, 50, 51, 57, 59, 65, 66, 70, 76]",7
114073494,2025-12-29,"[2, 3, 4, 9, 17, 27, 32, 37, 38, 41, 45, 47, 49, 52, 53, 67, 68, 73, 77, 79]",8
114073495,2025-12-29,"[1, 8, 9, 11, 19, 23, 25, 29, 38, 41, 46, 47, 52, 56, 58, 59, 68, 71, 78, 79]",9
114073496,2025-12-29,"[3, 10, 12, 17, 26, 35, 41, 42, 43, 50, 58, 62, 63, 64, 66, 69, 71, 73, 77, 78]",10
114073497,2025-12-29,"[2, 7, 10, 14, 18, 25, 31, 32, 33, 36, 37, 38, 39, 47, 55, 62, 70, 73, 77, 80]",11
114073498,2025-12-29,"[2, 5, 11, 12, 16, 20, 22, 25, 31, 32, 34, 38, 42, 51, 52, 53, 61, 64, 71, 75]",12
114073499,2025-12-29,"[5, 8, 9, 13, 14, 30, 31, 32, 37, 40, 43, 45, 54, 55, 59, 62, 64, 66, 75, 76]",13
114073500,2025-12-29,"[4, 7, 11, 16, 22, 24, 33, 35, 37, 41, 42, 43, 44, 47, 50, 52, 53, 56, 60, 71]",14
114073501,2025-12-29,"[6, 7, 11, 12, 14, 33, 39, 41, 43, 46, 47, 50, 53, 56, 62, 64, 68, 71, 73, 80]",15
114073502,2025-12-29,"[1, 3, 4, 8, 14, 23, 38, 39, 45, 49, 52, 53, 54, 56, 59, 65, 68, 77, 78, 79]",16
114073503,2025-12-29,"[4, 7, 13, 14, 24, 28, 32, 33, 35, 37, 38, 39, 41, 44, 51, 58, 63, 66, 71, 72]",17
114073504,2025-12-29,"[1, 3, 5, 6, 9, 12, 24, 26, 31, 33, 36, 47, 48, 54, 61, 65, 74, 75, 77, 80]",18
114073505,2025-12-29,"[2, 5, 12, 14, 18, 23, 25, 31, 37, 40, 45, 51, 56, 57, 60, 61, 66, 67, 71, 75]",19
114073506,2025-12-29,"[2, 13, 16, 17, 18, 21, 29, 30, 36, 52, 55, 56, 58, 63, 66, 69, 71, 72, 76, 78]",20
114073507,2025-12-29,"[5, 21, 25, 27, 28, 30, 31, 35, 39, 48, 51, 52, 54, 55, 56, 60, 61, 66, 78, 80]",21
114073508,2025-12-29,"[4, 14, 25, 26, 27, 29, 31, 32, 37, 42, 47, 48, 53, 56, 59, 68, 72, 74, 77, 78]",22
114073509,2025-12-29,"[5, 6, 8, 18, 20, 21, 24, 30, 37, 42, 47, 51, 57, 58, 60, 66, 69, 70, 72, 77]",23
114073510,2025-12-29,"[1, 3, 4, 5, 6, 14, 22, 30, 33, 38, 41, 43, 44, 48, 50, 56, 59, 73, 79, 80]",24
114073511,2025-12-29,"[6, 9, 10, 14, 18, 20, 25, 31, 32, 33, 36, 46, 50, 51, 53, 56, 59, 63, 68, 73]",25
114073512,2025-12-29,"[2, 5, 8, 11, 16, 30, 32, 37, 40, 45, 47, 52, 54, 55, 57, 68, 69, 71, 74, 77]",26
114073513,2025-12-29,"[4, 17, 22, 24, 28, 39, 44, 46, 48, 51, 55, 57, 61, 68, 72, 76, 77, 78, 79, 80]",27
114073514,2025-12-29,"[5, 7, 11, 16, 18, 20, 27, 29, 32, 36, 41, 49, 50, 60, 61, 64, 66, 72, 75, 77]",28
114073515,2025-12-29,"[9, 13, 15, 16, 21, 25, 31, 34, 39, 42, 44, 48, 51, 54, 56, 58, 68, 72, 74, 79]",29
114073516,2025-12-29,"[3, 8, 15, 19, 20, 22, 25, 32, 39, 40, 43, 48, 49, 50, 55, 56, 61, 67, 69, 80]",30
114073517,2025-12-29,"[7, 8, 10, 15, 16, 18, 19, 24, 25, 26, 47, 52, 55, 59, 60, 66, 71, 72, 75, 78]",31
114073518,2025-12-29,"[7, 12, 16, 19, 21, 22, 25, 32, 38, 42, 45, 48, 51, 53, 54, 69, 71, 75, 76, 77]",32
114073519,2025-12-29,"[1, 2, 13, 14, 21, 22, 25, 30, 32, 35, 37, 40, 41, 44, 64, 66, 71, 72, 74, 76]",33
114073520,2025-12-29,"[1, 7, 10, 20, 23, 27, 32, 38, 41, 42, 43, 47, 50, 55, 57, 60, 68, 70, 71, 75]",34
114073521,2025-12-29,"[3, 17, 22, 23, 24, 27, 28, 30, 34, 42, 44, 46, 48, 51, 55, 60, 72, 73, 76, 77]",35
114073522,2025-12-29,"[1, 4, 8, 17, 20, 21, 32, 34, 36, 41, 44, 50, 51, 55, 59, 60, 65, 68, 73, 74]",36
114073523,2025-12-29,"[1, 10, 13, 17, 18, 19, 20, 32, 34, 37, 42, 46, 48, 49, 54, 60, 64, 69, 72, 79]",37
114073524,2025-12-29,"[1, 3, 4, 8, 9, 14, 17, 24, 29, 30, 32, 36, 38, 40, 44, 45, 46, 58, 61, 65]",38
114073525,2025-12-29,"[2, 7, 10, 11, 12, 14, 17, 18, 20, 30, 32, 33, 34, 41, 56, 57, 61, 68, 74, 78]",39
114073526,2025-12-29,"[7, 12, 20, 25, 27, 30, 33, 35, 36, 46, 47, 53, 59, 61, 65, 66, 68, 70, 72, 79]",40
114073527,2025-12-29,"[2, 6, 7, 8, 16, 17, 21, 24, 28, 38, 41, 50, 51, 63, 65, 67, 74, 77, 79, 80]",41
114073528,2025-12-29,"[5, 9, 10, 13, 22, 23, 29, 33, 46, 48, 49, 53, 63, 67, 69, 70, 71, 73, 74, 76]",42
114073529,2025-12-29,"[2, 3, 6, 8, 14, 21, 37, 40, 46, 54, 55, 56, 60, 63, 66, 68, 74, 75, 79, 80]",43
114073530,2025-12-29,"[5, 11, 12, 23, 26, 29, 31, 37, 38, 39, 44, 48, 61, 62, 64, 71, 73, 76, 77, 79]",44
114073531,2025-12-29,"[9, 17, 18, 21, 24, 26, 32, 33, 34, 37, 43, 44, 46, 50, 56, 63, 66, 67, 72, 77]",45
114073532,2025-12-29,"[7, 8, 10, 11, 20, 22, 26, 28, 29, 30, 31, 34, 37, 40, 42, 45, 48, 55, 56, 76]",46
114073533,2025-12-29,"[6, 7, 12, 14, 15, 16, 24, 32, 39, 43, 44, 46, 51, 53, 55, 56, 62, 71, 72, 75]",47
114073534,2025-12-29,"[5, 7, 10, 13, 23, 25, 29, 30, 31, 32, 34, 41, 45, 47, 51, 52, 59, 66, 72, 74]",48
114073535,2025-12-29,"[4, 6, 8, 10, 14, 16, 17, 18, 25, 26, 28, 35, 37, 49, 56, 58, 63, 67, 68, 77]",49
114073536,2025-12-29,"[5, 7, 8, 10, 12, 20, 27, 32, 34, 35, 37, 39, 46, 47, 54, 55, 66, 67, 73, 75]",50
114073537,2025-12-29,"[2, 3, 5, 8, 12, 15, 22, 23, 25, 28, 30, 35, 41, 46, 63, 66, 68, 69, 71, 77]",51
114073538,2025-12-29,"[4, 14, 20, 26, 28, 30, 33, 40, 41, 46, 47, 49, 55, 63, 64, 65, 68, 71, 75, 80]",52
114073539,2025-12-29,"[3, 8, 12, 14, 16, 17, 19, 32, 38, 41, 43, 46, 53, 57, 63, 64, 66, 73, 74, 80]",53
114073540,2025-12-29,"[2, 5, 10, 14, 17, 19, 20, 21, 22, 24, 25, 38, 45, 50, 52, 56, 59, 63, 67, 74]",54
114073541,2025-12-29,"[4, 5, 6, 10, 16, 20, 25, 30, 37, 38, 41, 48, 51, 53, 57, 59, 62, 64, 66, 78]",55
114073542,2025-12-29,"[4, 5, 21, 27, 36, 41, 42, 43, 50, 51, 52, 57, 61, 63, 69, 70, 71, 73, 75, 76]",56
114073543,2025-12-29,"[7, 9, 15, 22, 23, 25, 36, 38, 41, 43, 47, 50, 54, 59, 60, 63, 64, 68, 70, 72]",57
114073544,2025-12-29,"[9, 11, 16, 19, 23, 29, 30, 31, 32, 33, 47, 51, 60, 66, 68, 69, 70, 71, 73, 78]",58
114073545,2025-12-29,"[7, 11, 14, 15, 16, 23, 29, 30, 31, 34, 35, 37, 39, 47, 53, 55, 65, 69, 71, 77]",59
114073546,2025-12-29,"[3, 5, 9, 10, 14, 19, 20, 24, 31, 32, 34, 36, 41, 56, 60, 62, 64, 68, 72, 75]",60
114073547,2025-12-29,"[1, 4, 6, 7, 19, 26, 29, 38, 42, 43, 47, 51, 57, 64, 66, 68, 70, 71, 73, 79]",61
114073548,2025-12-29,"[1, 2, 6, 17, 28, 31, 32, 34, 37, 54, 57, 61, 63, 64, 66, 69, 70, 71, 73, 76]",62
114073549,2025-12-29,"[1, 2, 11, 12, 17, 19, 24, 26, 28, 38, 43, 44, 45, 51, 55, 56, 62, 63, 67, 74]",63
114073550,2025-12-29,"[1, 2, 5, 7, 10, 15, 16, 19, 20, 21, 22, 27, 35, 37, 48, 56, 59, 68, 73, 77]",64
114073551,2025-12-29,"[1, 6, 7, 10, 14, 20, 25, 30, 31, 32, 35, 37, 40, 43, 56, 62, 65, 70, 74, 76]",65
114073552,2025-12-29,"[8, 10, 19, 23, 30, 32, 35, 37, 39, 44, 45, 49, 55, 57, 64, 70, 73, 74, 76, 79]",66
114073553,2025-12-29,"[4, 5, 17, 21, 24, 28, 32, 33, 36, 42, 48, 55, 59, 61, 62, 67, 70, 76, 77, 78]",67
114073554,2025-12-29,"[5, 7, 8, 19, 20, 23, 25, 28, 33, 34, 41, 42, 45, 51, 54, 56, 61, 69, 71, 80]",68
114073555,2025-12-29,"[2, 3, 6, 7, 16, 17, 24, 33, 37, 45, 47, 48, 51, 53, 54, 58, 67, 74, 79, 80]",69
114073556,2025-12-29,"[4, 9, 15, 18, 34, 37, 38, 39, 45, 46, 48, 49, 56, 63, 64, 65, 71, 72, 74, 80]",70
114073557,2025-12-29,"[6, 12, 13, 23, 25, 29, 30, 35, 37, 44, 46, 52, 54, 55, 56, 61, 67, 68, 77, 78]",71
114073558,2025-12-29,"[6, 9, 12, 13, 22, 24, 26, 27, 28, 30, 33, 41, 42, 43, 47, 48, 49, 57, 74, 75]",72
114073559,2025-12-29,"[4, 5, 6, 9, 10, 13, 19, 20, 22, 30, 33, 38, 50, 57, 66, 69, 71, 73, 77, 78]",73
114073560,2025-12-29,"[1, 2, 7, 8, 17, 23, 28, 29, 32, 37, 43, 49, 55, 56, 61, 66, 67, 68, 73, 78]",74
114073561,2025-12-29,"[10, 11, 14, 18, 19, 22, 26, 29, 31, 44, 47, 48, 49, 54, 60, 63, 66, 68, 71, 76]",75
114073562,2025-12-29,"[10, 13, 16, 17, 30, 31, 36, 37, 46, 56, 60, 62, 65, 66, 67, 68, 69, 74, 76, 79]",76
114073563,2025-12-29,"[2, 7, 8, 14, 18, 19, 20, 22, 27, 29, 35, 43, 60, 63, 65, 67, 69, 71, 78, 79]",77
114073564,2025-12-29,"[13, 22, 23, 28, 31, 35, 37, 50, 55, 59, 61, 64, 65, 68, 71, 72, 74, 75, 78, 79]",78
114073565,2025-12-29,"[1, 3, 5, 6, 8, 15, 21, 22, 29, 36, 40, 50, 57, 58, 60, 66, 69, 70, 76, 80]",79
114073566,2025-12-29,"[6, 12, 17, 23, 26, 29, 31, 33, 39, 41, 44, 45, 52, 55, 56, 61, 68, 76, 78, 79]",80
114073567,2025-12-29,"[2, 5, 8, 10, 11, 22, 37, 39, 41, 43, 44, 47, 50, 57, 65, 72, 73, 74, 78, 80]",81
114073568,2025-12-29,"[1, 6, 9, 11, 17, 25, 26, 28, 31, 40, 42, 47, 50, 51, 52, 54, 56, 76, 78, 79]",82
114073569,2025-12-29,"[2, 4, 6, 8, 9, 14, 16, 18, 26, 34, 38, 41, 43, 49, 57, 61, 65, 70, 72, 78]",83
114073570,2025-12-29,"[7, 15, 17, 20, 22, 23, 26, 36, 38, 41, 45, 46, 50, 53, 55, 61, 62, 76, 77, 79]",84
114073571,2025-12-29,"[2, 5, 11, 12, 13, 18, 23, 25, 30, 38, 50, 51, 55, 57, 61, 63, 64, 67, 70, 75]",85
114073572,2025-12-29,"[1, 8, 10, 12, 13, 22, 23, 29, 30, 37, 39, 40, 45, 46, 48, 56, 58, 74, 78, 80]",86
114073573,2025-12-29,"[10, 11, 13, 15, 18, 24, 35, 36, 40, 42, 44, 47, 54, 56, 63, 73, 74, 78, 79, 80]",87
114073574,2025-12-29,"[4, 7, 9, 11, 13, 27, 33, 34, 41, 44, 49, 50, 51, 59, 60, 65, 69, 72, 74, 77]",88
114073575,2025-12-29,"[2, 15, 18, 20, 22, 24, 26, 29, 33, 36, 41, 42, 44, 59, 65, 66, 67, 71, 75, 79]",89
114073576,2025-12-29,"[7, 15, 16, 17, 19, 22, 26, 27, 33, 36, 37, 38, 48, 53, 58, 68, 69, 73, 76, 78]",90
114073577,2025-12-29,"[1, 5, 10, 17, 22, 26, 27, 33, 38, 40, 41, 51, 53, 60, 61, 62, 69, 70, 79, 80]",91
114073578,2025-12-29,"[5, 10, 16, 17, 25, 27, 28, 31, 36, 45, 47, 52, 53, 56, 62, 65, 66, 70, 71, 76]",92
114073579,2025-12-29,"[3, 4, 11, 15, 16, 25, 35, 38, 39, 44, 46, 50, 54, 60, 64, 65, 68, 73, 76, 80]",93
114073580,2025-12-29,"[7, 13, 14, 16, 22, 24, 25, 27, 34, 36, 37, 38, 44, 45, 48, 60, 62, 63, 70, 71]",94
114073581,2025-12-29,"[1, 5, 10, 12, 14, 21, 22, 25, 27, 28, 30, 32, 37, 50, 53, 61, 63, 71, 74, 78]",95
114073582,2025-12-29,"[4, 5, 6, 11, 20, 22, 25, 28, 43, 47, 50, 52, 53, 58, 60, 65, 68, 69, 72, 80]",96
114073583,2025-12-29,"[2, 4, 7, 11, 23, 25, 32, 34, 39, 44, 45, 47, 53, 59, 62, 63, 69, 70, 71, 73]",97
114073584,2025-12-29,"[4, 6, 13, 28, 38, 42, 45, 48, 49, 51, 52, 53, 57, 61, 63, 64, 69, 71, 73, 79]",98
114073585,2025-12-29,"[2, 4, 5, 8, 12, 20, 28, 30, 31, 33, 35, 46, 50, 54, 59, 64, 65, 68, 70, 79]",99
114073586,2025-12-29,"[2, 6, 12, 15, 17, 20, 21, 22, 25, 27, 32, 37, 38, 42, 54, 58, 61, 64, 75, 78]",100
114073587,2025-12-29,"[6, 14, 15, 18, 19, 21, 26, 27, 28, 31, 32, 37, 39, 42, 43, 44, 47, 71, 72, 74]",101
114073588,2025-12-29,"[4, 7, 8, 9, 13, 16, 17, 23, 28, 29, 31, 34, 39, 43, 44, 46, 63, 66, 68, 73]",102
114073589,2025-12-29,"[2, 7, 9, 17, 23, 26, 29, 30, 33, 40, 41, 46, 47, 49, 57, 58, 63, 64, 69, 77]",103
114073590,2025-12-29,"[4, 5, 7, 10, 13, 14, 20, 21, 24, 28, 31, 32, 35, 43, 52, 53, 68, 73, 74, 80]",104
114073591,2025-12-29,"[3, 9, 11, 15, 17, 21, 26, 36, 37, 47, 49, 53, 57, 62, 72, 73, 75, 77, 78, 80]",105
114073592,2025-12-29,"[9, 14, 16, 20, 22, 27, 33, 35, 36, 37, 40, 46, 56, 60, 61, 64, 69, 70, 74, 75]",106
114073593,2025-12-29,"[4, 9, 10, 13, 16, 19, 22, 27, 35, 42, 46, 48, 50, 52, 55, 58, 60, 62, 73, 76]",107
114073594,2025-12-29,"[3, 4, 5, 9, 21, 22, 31, 32, 40, 45, 52, 57, 58, 60, 61, 62, 65, 67, 68, 76]",108
114073595,2025-12-29,"[1, 5, 11, 15, 25, 26, 37, 42, 45, 50, 52, 64, 67, 70, 72, 76, 77, 78, 79, 80]",109
114073596,2025-12-29,"[3, 7, 16, 19, 21, 24, 26, 33, 34, 43, 45, 46, 53, 63, 64, 65, 73, 76, 77, 78]",110
114073597,2025-12-29,"[1, 5, 8, 11, 14, 18, 22, 28, 31, 35, 41, 45, 52, 54, 55, 59, 64, 75, 78, 80]",111
114073598,2025-12-29,"[14, 19, 20, 21, 23, 24, 25, 27, 31, 32, 34, 45, 48, 56, 60, 64, 67, 73, 74, 75]",112
114073599,2025-12-29,"[3, 8, 10, 11, 20, 22, 26, 29, 31, 36, 43, 44, 54, 58, 61, 62, 67, 69, 75, 76]",113
114073600,2025-12-29,"[15, 16, 17, 20, 21, 22, 26, 31, 40, 41, 43, 46, 53, 54, 56, 58, 60, 62, 69, 76]",114
114073601,2025-12-29,"[1, 8, 9, 15, 17, 20, 22, 32, 44, 45, 46, 51, 53, 56, 58, 59, 61, 69, 70, 78]",115
114073602,2025-12-29,"[1, 5, 9, 19, 24, 29, 31, 37, 40, 44, 48, 51, 53, 58, 61, 63, 64, 66, 68, 75]",116
114073603,2025-12-29,"[1, 2, 5, 6, 7, 13, 16, 20, 25, 29, 42, 44, 54, 57, 59, 60, 62, 77, 78, 80]",117
114073604,2025-12-29,"[2, 3, 4, 5, 11, 15, 21, 29, 31, 34, 38, 41, 50, 53, 57, 66, 67, 68, 74, 80]",118
114073605,2025-12-29,"[2, 3, 14, 25, 27, 28, 34, 35, 39, 43, 46, 50, 52, 54, 63, 65, 69, 74, 76, 78]",119
114073606,2025-12-29,"[2, 5, 10, 13, 14, 16, 34, 36, 37, 42, 44, 45, 46, 48, 51, 53, 55, 64, 68, 80]",120
114073607,2025-12-29,"[2, 10, 16, 17, 19, 26, 28, 37, 38, 40, 42, 53, 57, 58, 61, 64, 69, 70, 76, 78]",121
114073608,2025-12-29,"[11, 16, 19, 20, 27, 28, 29, 39, 40, 43, 47, 48, 60, 62, 63, 66, 71, 76, 78, 79]",122
114073609,2025-12-29,"[1, 3, 7, 9, 12, 13, 14, 18, 30, 32, 39, 40, 49, 53, 60, 62, 68, 69, 71, 74]",123
114073610,2025-12-29,"[1, 11, 12, 13, 23, 26, 34, 40, 43, 46, 50, 54, 55, 57, 60, 64, 67, 72, 75, 77]",124
114073611,2025-12-29,"[2, 3, 4, 8, 10, 11, 15, 23, 27, 42, 52, 58, 60, 63, 67, 72, 75, 76, 77, 78]",125
114073612,2025-12-29,"[6, 10, 11, 14, 23, 38, 39, 40, 47, 51, 55, 60, 63, 67, 69, 70, 71, 73, 75, 80]",126
114073613,2025-12-29,"[1, 4, 8, 13, 15, 16, 19, 21, 30, 40, 44, 48, 52, 54, 61, 64, 67, 69, 72, 76]",127
114073614,2025-12-29,"[2, 3, 5, 13, 14, 17, 25, 26, 29, 33, 35, 40, 51, 52, 56, 69, 71, 77, 79, 80]",128
114073615,2025-12-29,"[4, 5, 19, 24, 28, 32, 33, 38, 39, 40, 41, 47, 53, 54, 55, 63, 67, 68, 69, 71]",129
114073616,2025-12-29,"[16, 19, 27, 28, 29, 33, 34, 35, 39, 46, 58, 59, 60, 61, 66, 69, 72, 74, 75, 77]",130
114073617,2025-12-29,"[4, 5, 8, 9, 10, 12, 18, 21, 22, 25, 28, 31, 36, 41, 50, 53, 59, 62, 63, 68]",131
114073618,2025-12-29,"[1, 6, 8, 12, 13, 22, 31, 33, 38, 40, 41, 46, 51, 53, 57, 58, 63, 71, 73, 74]",132
114073619,2025-12-29,"[2, 3, 4, 6, 14, 16, 19, 27, 32, 36, 39, 53, 57, 63, 64, 66, 68, 69, 72, 77]",133
114073620,2025-12-29,"[1, 3, 4, 12, 20, 27, 30, 31, 36, 38, 42, 52, 53, 55, 57, 61, 63, 69, 74, 78]",134
114073621,2025-12-29,"[1, 2, 10, 15, 27, 32, 33, 40, 42, 50, 52, 55, 56, 61, 63, 64, 65, 68, 69, 78]",135
114073622,2025-12-29,"[6, 8, 22, 24, 28, 30, 32, 33, 40, 46, 48, 49, 51, 53, 54, 60, 69, 77, 79, 80]",136
114073623,2025-12-29,"[3, 4, 8, 9, 14, 21, 24, 33, 35, 38, 45, 47, 49, 50, 58, 62, 68, 71, 78, 79]",137
114073624,2025-12-29,"[2, 9, 11, 12, 25, 31, 32, 37, 42, 45, 47, 49, 50, 54, 56, 57, 69, 70, 78, 80]",138
114073625,2025-12-29,"[2, 15, 17, 20, 27, 29, 32, 36, 38, 40, 44, 45, 52, 53, 54, 64, 69, 72, 74, 79]",139
114073626,2025-12-29,"[3, 6, 28, 30, 33, 34, 36, 38, 41, 44, 54, 58, 59, 66, 67, 68, 69, 70, 76, 78]",140
114073627,2025-12-29,"[2, 6, 7, 8, 9, 15, 19, 22, 23, 37, 39, 41, 49, 50, 53, 61, 64, 65, 69, 80]",141
114073628,2025-12-29,"[1, 2, 4, 5, 8, 11, 12, 14, 18, 26, 30, 36, 38, 40, 46, 56, 58, 68, 72, 75]",142
114073629,2025-12-29,"[5, 13, 17, 19, 25, 29, 33, 37, 42, 43, 48, 56, 57, 63, 67, 68, 70, 74, 76, 79]",143
114073630,2025-12-29,"[9, 10, 11, 12, 13, 14, 35, 36, 45, 46, 48, 49, 51, 52, 54, 56, 72, 75, 78, 80]",144
114073631,2025-12-29,"[1, 4, 5, 6, 7, 13, 18, 19, 27, 29, 30, 35, 36, 38, 40, 43, 52, 56, 61, 75]",145
114073632,2025-12-29,"[3, 5, 11, 13, 19, 20, 21, 23, 27, 28, 31, 34, 42, 44, 45, 46, 49, 54, 70, 74]",146
114073633,2025-12-29,"[1, 6, 17, 21, 22, 25, 27, 28, 29, 37, 39, 41, 43, 51, 53, 58, 64, 69, 72, 73]",147
114073634,2025-12-29,"[3, 14, 15, 16, 29, 31, 39, 40, 41, 45, 46, 53, 54, 58, 59, 63, 69, 72, 79, 80]",148
114073635,2025-12-29,"[18, 20, 30, 31, 35, 42, 44, 45, 46, 49, 50, 61, 62, 63, 64, 65, 66, 73, 75, 79]",149
114073636,2025-12-29,"[5, 6, 10, 21, 22, 26, 29, 32, 34, 35, 36, 40, 42, 48, 49, 52, 54, 55, 60, 71]",150
114073637,2025-12-29,"[1, 2, 10, 13, 15, 20, 23, 25, 30, 32, 37, 39, 43, 53, 58, 64, 70, 72, 75, 76]",151
114073638,2025-12-29,"[4, 7, 8, 13, 17, 20, 24, 25, 26, 31, 33, 34, 45, 53, 62, 68, 70, 73, 77, 80]",152
114073639,2025-12-29,"[9, 13, 14, 15, 19, 21, 23, 28, 29, 30, 31, 35, 41, 46, 47, 49, 57, 66, 72, 77]",153
114073640,2025-12-29,"[1, 2, 10, 14, 21, 27, 37, 39, 41, 43, 49, 57, 59, 62, 67, 69, 70, 78, 79, 80]",154
114073641,2025-12-29,"[1, 6, 8, 9, 10, 11, 13, 25, 34, 37, 38, 40, 46, 47, 52, 54, 65, 73, 75, 80]",155
114073642,2025-12-29,"[1, 4, 5, 22, 29, 42, 46, 48, 49, 50, 57, 61, 62, 63, 70, 71, 72, 74, 77, 80]",156
114073643,2025-12-29,"[3, 4, 5, 13, 18, 19, 20, 29, 38, 41, 44, 45, 49, 54, 59, 65, 68, 71, 72, 77]",157
114073644,2025-12-29,"[2, 7, 8, 12, 13, 18, 19, 21, 24, 25, 31, 32, 47, 49, 57, 59, 60, 61, 71, 80]",158
114073645,2025-12-29,"[10, 12, 21, 22, 24, 25, 28, 34, 40, 41, 44, 47, 54, 55, 57, 60, 70, 71, 77, 80]",159
114073646,2025-12-29,"[5, 10, 16, 26, 28, 29, 32, 36, 40, 41, 44, 50, 51, 52, 57, 59, 64, 67, 74, 79]",160
114073647,2025-12-29,"[1, 2, 6, 9, 16, 18, 28, 32, 39, 44, 46, 47, 53, 57, 59, 61, 67, 72, 79, 80]",161
114073648,2025-12-29,"[2, 3, 13, 16, 29, 31, 35, 39, 43, 46, 51, 54, 55, 63, 64, 69, 71, 74, 76, 80]",162
114073649,2025-12-29,"[11, 15, 17, 18, 30, 31, 34, 35, 42, 46, 50, 51, 53, 54, 57, 60, 61, 62, 72, 77]",163
114073650,2025-12-29,"[1, 6, 23, 29, 32, 39, 42, 50, 51, 52, 53, 54, 56, 59, 60, 72, 74, 75, 76, 78]",164
114073651,2025-12-29,"[2, 5, 13, 14, 22, 23, 28, 29, 30, 37, 38, 47, 48, 49, 50, 51, 69, 70, 72, 73]",165
114073652,2025-12-29,"[3, 4, 6, 14, 15, 21, 42, 43, 49, 52, 57, 60, 62, 64, 65, 68, 69, 72, 73, 78]",166
114073653,2025-12-29,"[5, 14, 16, 17, 19, 30, 36, 39, 44, 48, 49, 50, 57, 61, 69, 70, 71, 74, 77, 79]",167
114073654,2025-12-29,"[7, 12, 18, 20, 25, 26, 29, 30, 36, 39, 40, 42, 46, 48, 50, 54, 61, 69, 74, 78]",168
114073655,2025-12-29,"[7, 9, 13, 16, 23, 27, 31, 37, 40, 41, 42, 43, 47, 52, 54, 64, 68, 70, 78, 80]",169
114073656,2025-12-29,"[11, 18, 19, 21, 24, 28, 29, 41, 43, 47, 51, 56, 57, 64, 66, 68, 69, 72, 78, 80]",170
114073657,2025-12-29,"[2, 11, 12, 14, 18, 20, 22, 24, 31, 33, 34, 37, 44, 45, 47, 63, 66, 69, 76, 77]",171
114073658,2025-12-29,"[2, 3, 5, 6, 15, 20, 22, 32, 37, 42, 43, 47, 49, 51, 54, 57, 66, 71, 73, 78]",172
114073659,2025-12-29,"[1, 4, 6, 11, 16, 17, 22, 26, 28, 31, 33, 38, 40, 45, 48, 51, 52, 60, 74, 78]",173
114073660,2025-12-29,"[8, 11, 13, 14, 18, 20, 21, 22, 28, 32, 37, 40, 41, 49, 50, 53, 54, 55, 56, 63]",174
114073661,2025-12-29,"[2, 8, 11, 12, 16, 24, 28, 38, 42, 47, 52, 55, 59, 61, 63, 64, 65, 70, 74, 76]",175
114073662,2025-12-29,"[16, 18, 19, 20, 25, 33, 35, 36, 39, 46, 52, 59, 61, 64, 66, 67, 69, 75, 76, 78]",176
114073663,2025-12-29,"[8, 18, 21, 23, 26, 34, 37, 38, 39, 40, 43, 45, 46, 54, 56, 58, 59, 66, 76, 78]",177
114073664,2025-12-29,"[5, 6, 8, 9, 11, 12, 14, 15, 19, 21, 24, 27, 28, 29, 31, 41, 60, 64, 75, 77]",178
114073665,2025-12-29,"[4, 10, 12, 13, 15, 17, 24, 30, 33, 36, 42, 47, 48, 52, 56, 57, 62, 72, 75, 76]",179
114073666,2025-12-29,"[4, 9, 13, 14, 16, 18, 23, 26, 36, 49, 51, 52, 53, 54, 56, 65, 72, 73, 77, 79]",180
114073667,2025-12-29,"[5, 8, 12, 17, 24, 28, 30, 31, 41, 44, 45, 47, 48, 51, 55, 60, 62, 64, 73, 77]",181
114073668,2025-12-29,"[5, 12, 13, 17, 18, 26, 30, 31, 33, 38, 40, 47, 50, 54, 57, 59, 63, 66, 70, 79]",182
114073669,2025-12-29,"[2, 3, 7, 8, 11, 16, 18, 19, 24, 28, 30, 37, 42, 43, 55, 56, 59, 62, 70, 77]",183
114073670,2025-12-29,"[1, 4, 9, 12, 16, 20, 25, 26, 27, 30, 34, 36, 41, 45, 46, 52, 57, 59, 75, 76]",184
114073671,2025-12-29,"[1, 2, 6, 13, 15, 16, 29, 36, 45, 49, 52, 62, 64, 66, 70, 72, 73, 74, 77, 79]",185
114073672,2025-12-29,"[2, 3, 6, 7, 13, 18, 25, 27, 39, 43, 44, 48, 49, 50, 53, 55, 57, 60, 65, 79]",186
114073673,2025-12-29,"[6, 11, 12, 15, 21, 22, 24, 30, 32, 39, 48, 55, 56, 57, 63, 67, 71, 72, 76, 79]",187
114073674,2025-12-29,"[1, 8, 10, 15, 17, 31, 39, 41, 48, 50, 55, 56, 57, 63, 65, 67, 68, 69, 75, 77]",188
114073675,2025-12-29,"[16, 17, 19, 20, 23, 26, 30, 33, 35, 44, 46, 52, 53, 62, 65, 66, 68, 74, 77, 78]",189
114073676,2025-12-29,"[11, 12, 17, 20, 22, 25, 27, 28, 32, 38, 40, 43, 50, 57, 66, 71, 75, 76, 77, 80]",190
114073677,2025-12-29,"[8, 13, 18, 20, 25, 30, 33, 37, 38, 41, 42, 45, 51, 55, 57, 60, 63, 68, 70, 77]",191
114073678,2025-12-29,"[1, 5, 7, 10, 15, 16, 19, 24, 25, 27, 33, 37, 54, 55, 56, 59, 64, 65, 78, 80]",192
114073679,2025-12-29,"[2, 16, 26, 27, 34, 36, 37, 38, 39, 43, 45, 47, 48, 49, 51, 53, 59, 65, 72, 78]",193
114073680,2025-12-29,"[3, 4, 5, 11, 16, 19, 26, 27, 32, 37, 41, 48, 49, 54, 55, 58, 62, 66, 76, 77]",194
114073681,2025-12-29,"[1, 3, 4, 6, 7, 10, 17, 28, 30, 31, 42, 49, 55, 56, 58, 62, 64, 70, 74, 80]",195
114073682,2025-12-29,"[2, 10, 16, 17, 18, 19, 22, 23, 24, 29, 30, 31, 34, 36, 39, 42, 52, 55, 59, 60]",196
114073683,2025-12-29,"[4, 9, 13, 21, 22, 28, 32, 38, 47, 49, 52, 53, 54, 55, 61, 63, 70, 73, 79, 80]",197
114073684,2025-12-29,"[1, 13, 15, 16, 17, 19, 21, 25, 28, 31, 37, 44, 46, 55, 56, 57, 63, 68, 71, 79]",198
114073685,2025-12-29,"[1, 10, 14, 17, 20, 28, 31, 38, 40, 45, 48, 49, 50, 52, 56, 64, 66, 68, 70, 75]",199
114073686,2025-12-29,"[4, 6, 12, 20, 25, 30, 32, 33, 41, 42, 48, 49, 50, 55, 57, 64, 65, 67, 79, 80]",200
114073687,2025-12-29,"[4, 6, 8, 12, 13, 16, 18, 20, 31, 34, 37, 44, 47, 52, 54, 58, 62, 70, 76, 79]",201
114073688,2025-12-29,"[5, 7, 9, 12, 13, 17, 18, 21, 35, 36, 37, 42, 48, 53, 55, 56, 57, 58, 59, 77]",202
114073689,2025-12-29,"[2, 3, 18, 19, 22, 24, 27, 29, 36, 40, 43, 49, 54, 57, 58, 61, 71, 78, 79, 80]",203
114073690,2025-12-30,"[10, 11, 17, 18, 22, 23, 24, 31, 42, 46, 50, 53, 55, 56, 60, 63, 64, 67, 70, 74]",1
114073691,2025-12-30,"[8, 9, 12, 14, 17, 20, 25, 27, 30, 32, 45, 46, 47, 49, 50, 67, 68, 71, 76, 77]",2
114073692,2025-12-30,"[9, 12, 16, 17, 18, 22, 36, 37, 41, 50, 52, 54, 55, 56, 57, 58, 61, 68, 69, 73]",3
114073693,2025-12-30,"[10, 19, 21, 25, 27, 30, 37, 44, 48, 49, 57, 63, 64, 65, 71, 74, 75, 76, 77, 80]",4
114073694,2025-12-30,"[5, 6, 12, 13, 17, 25, 29, 30, 32, 36, 46, 50, 53, 54, 57, 58, 62, 67, 68, 72]",5
114073695,2025-12-30,"[1, 2, 3, 4, 5, 12, 24, 41, 43, 45, 52, 53, 55, 57, 58, 59, 65, 66, 70, 75]",6
114073696,2025-12-30,"[3, 5, 18, 19, 34, 36, 42, 44, 45, 52, 53, 56, 59, 60, 63, 64, 68, 71, 74, 79]",7
114073697,2025-12-30,"[1, 3, 8, 9, 12, 21, 25, 26, 29, 32, 35, 38, 40, 41, 42, 47, 52, 61, 62, 65]",8
114073698,2025-12-30,"[2, 8, 11, 12, 14, 24, 25, 26, 30, 31, 32, 35, 36, 46, 56, 58, 68, 70, 72, 78]",9
114073699,2025-12-30,"[1, 3, 4, 22, 24, 25, 26, 36, 38, 42, 57, 58, 62, 65, 69, 71, 72, 73, 75, 80]",10
114073700,2025-12-30,"[2, 3, 4, 19, 25, 32, 33, 34, 35, 36, 37, 41, 42, 46, 48, 53, 56, 60, 63, 73]",11
114073701,2025-12-30,"[3, 5, 12, 13, 15, 16, 18, 22, 25, 31, 37, 41, 46, 48, 51, 53, 54, 64, 73, 77]",12
114073702,2025-12-30,"[15, 17, 18, 26, 28, 30, 31, 37, 38, 39, 51, 55, 56, 57, 58, 65, 66, 75, 79, 80]",13
114073703,2025-12-30,"[11, 18, 23, 25, 28, 35, 40, 41, 46, 48, 49, 55, 59, 60, 67, 69, 70, 73, 76, 77]",14
114073704,2025-12-30,"[5, 6, 18, 20, 33, 36, 38, 44, 46, 47, 50, 52, 55, 62, 66, 69, 71, 72, 74, 80]",15
114073705,2025-12-30,"[1, 2, 3, 5, 6, 12, 14, 22, 28, 38, 43, 44, 50, 53, 59, 63, 72, 74, 76, 78]",16
114073706,2025-12-30,"[4, 5, 7, 8, 10, 15, 20, 23, 24, 28, 30, 35, 39, 42, 55, 57, 60, 65, 75, 76]",17
114073707,2025-12-30,"[3, 10, 16, 18, 24, 27, 31, 32, 42, 44, 62, 66, 67, 68, 69, 71, 75, 76, 79, 80]",18
114073708,2025-12-30,"[2, 3, 6, 7, 9, 12, 14, 23, 26, 37, 47, 49, 51, 56, 58, 60, 61, 69, 75, 78]",19
114073709,2025-12-30,"[3, 15, 20, 23, 25, 33, 37, 38, 39, 45, 46, 48, 51, 54, 56, 58, 74, 75, 79, 80]",20
114073710,2025-12-30,"[3, 6, 7, 9, 10, 13, 16, 23, 25, 33, 34, 44, 46, 48, 54, 55, 62, 66, 70, 71]",21
114073711,2025-12-30,"[1, 6, 10, 13, 16, 21, 24, 30, 32, 35, 39, 45, 51, 53, 56, 58, 63, 65, 72, 76]",22
114073712,2025-12-30,"[3, 9, 12, 18, 20, 22, 27, 29, 31, 35, 43, 45, 47, 51, 61, 64, 66, 70, 74, 80]",23
114073713,2025-12-30,"[2, 3, 4, 6, 9, 10, 13, 18, 37, 50, 51, 53, 55, 58, 59, 66, 68, 75, 77, 80]",24
114073714,2025-12-30,"[2, 5, 7, 15, 19, 27, 30, 34, 35, 41, 50, 55, 62, 65, 66, 68, 69, 70, 74, 78]",25
114073715,2025-12-30,"[5, 13, 16, 21, 22, 23, 27, 29, 30, 42, 46, 50, 52, 53, 54, 70, 71, 72, 73, 74]",26
114073716,2025-12-30,"[8, 10, 16, 20, 21, 30, 35, 36, 41, 45, 49, 51, 53, 55, 56, 59, 63, 65, 66, 73]",27
114073717,2025-12-30,"[11, 12, 15, 16, 17, 18, 31, 38, 39, 42, 46, 51, 52, 54, 56, 57, 60, 67, 71, 78]",28
114073718,2025-12-30,"[2, 3, 5, 9, 10, 12, 17, 26, 36, 39, 41, 44, 45, 48, 50, 55, 60, 62, 76, 78]",29
114073719,2025-12-30,"[3, 4, 5, 7, 11, 12, 25, 26, 28, 35, 37, 39, 41, 44, 47, 56, 58, 65, 68, 74]",30
114073720,2025-12-30,"[20, 25, 28, 36, 39, 45, 46, 49, 51, 52, 56, 57, 62, 64, 68, 72, 75, 77, 78, 79]",31
114073721,2025-12-30,"[8, 9, 10, 11, 20, 22, 32, 33, 36, 37, 42, 49, 51, 53, 56, 60, 64, 69, 72, 78]",32
114073722,2025-12-30,"[6, 8, 9, 10, 17, 18, 22, 25, 27, 28, 38, 56, 58, 61, 65, 67, 73, 75, 78, 79]",33
114073723,2025-12-30,"[5, 6, 13, 15, 17, 18, 21, 25, 26, 28, 33, 34, 38, 56, 62, 66, 68, 70, 76, 80]",34
114073724,2025-12-30,"[6, 9, 17, 18, 19, 20, 21, 25, 29, 35, 45, 49, 55, 56, 63, 67, 68, 71, 72, 77]",35
114073725,2025-12-30,"[7, 14, 15, 19, 24, 35, 43, 45, 50, 52, 56, 58, 67, 72, 73, 74, 75, 77, 79, 80]",36
114073726,2025-12-30,"[6, 8, 11, 16, 19, 23, 30, 31, 33, 35, 36, 49, 52, 57, 58, 61, 70, 75, 79, 80]",37
114073727,2025-12-30,"[4, 7, 11, 16, 19, 25, 28, 30, 43, 48, 52, 55, 57, 60, 67, 72, 73, 75, 77, 78]",38
114073728,2025-12-30,"[1, 6, 11, 16, 22, 24, 27, 30, 38, 44, 45, 47, 54, 62, 63, 65, 69, 70, 73, 75]",39
114073729,2025-12-30,"[11, 15, 20, 21, 22, 27, 30, 32, 39, 45, 52, 55, 56, 58, 61, 62, 63, 65, 73, 75]",40
114073730,2025-12-30,"[5, 14, 18, 20, 21, 22, 28, 32, 45, 47, 49, 50, 52, 53, 59, 65, 68, 70, 77, 79]",41
114073731,2025-12-30,"[3, 5, 9, 12, 15, 23, 25, 29, 31, 35, 40, 44, 45, 47, 61, 63, 68, 69, 74, 79]",42
114073732,2025-12-30,"[2, 3, 16, 18, 21, 25, 28, 32, 36, 40, 42, 48, 53, 58, 59, 61, 65, 69, 75, 79]",43
114073733,2025-12-30,"[4, 5, 13, 18, 20, 26, 29, 31, 32, 46, 47, 48, 50, 53, 56, 58, 62, 64, 73, 76]",44
114073734,2025-12-30,"[1, 2, 3, 5, 9, 13, 15, 19, 21, 22, 28, 30, 34, 37, 39, 55, 58, 65, 69, 74]",45
114073735,2025-12-30,"[3, 9, 21, 27, 28, 34, 38, 39, 42, 47, 49, 51, 54, 62, 67, 73, 77, 78, 79, 80]",46
114073736,2025-12-30,"[5, 9, 19, 20, 24, 25, 27, 28, 29, 39, 42, 44, 51, 52, 53, 55, 63, 64, 65, 66]",47
114073737,2025-12-30,"[3, 6, 7, 9, 10, 13, 14, 15, 22, 24, 28, 43, 45, 48, 54, 58, 59, 64, 69, 73]",48
114073738,2025-12-30,"[1, 7, 11, 16, 19, 23, 33, 34, 36, 50, 51, 54, 58, 62, 64, 67, 69, 73, 74, 80]",49
114073739,2025-12-30,"[1, 3, 5, 6, 8, 10, 14, 18, 27, 28, 29, 35, 38, 41, 47, 49, 51, 65, 75, 79]",50
114073740,2025-12-30,"[4, 5, 10, 15, 16, 17, 18, 21, 24, 27, 35, 36, 39, 42, 44, 50, 54, 58, 63, 75]",51
114073741,2025-12-30,"[4, 7, 9, 12, 13, 16, 20, 22, 25, 33, 36, 42, 50, 52, 60, 63, 65, 68, 76, 80]",52
114073742,2025-12-30,"[3, 4, 6, 13, 17, 20, 22, 28, 30, 31, 35, 48, 50, 52, 56, 59, 67, 68, 69, 76]",53
114073743,2025-12-30,"[1, 13, 21, 28, 31, 33, 37, 40, 42, 43, 44, 47, 50, 51, 52, 53, 55, 71, 74, 80]",54
114073744,2025-12-30,"[1, 6, 7, 8, 9, 18, 30, 34, 36, 37, 39, 44, 47, 49, 51, 58, 59, 66, 74, 78]",55
114073745,2025-12-30,"[3, 4, 7, 8, 10, 12, 13, 25, 36, 37, 40, 45, 49, 56, 57, 63, 64, 66, 72, 80]",56
114073746,2025-12-30,"[4, 13, 20, 24, 27, 32, 33, 36, 43, 49, 50, 54, 55, 58, 59, 68, 70, 72, 79, 80]",57
114073747,2025-12-30,"[3, 5, 11, 15, 19, 23, 25, 29, 32, 37, 51, 53, 56, 57, 60, 65, 68, 70, 72, 78]",58
114073748,2025-12-30,"[1, 6, 7, 8, 14, 20, 22, 28, 30, 32, 36, 39, 43, 50, 53, 56, 63, 70, 71, 80]",59
114073749,2025-12-30,"[1, 8, 12, 15, 24, 29, 32, 34, 36, 38, 40, 42, 45, 46, 47, 50, 54, 55, 66, 67]",60
114073750,2025-12-30,"[1, 2, 5, 8, 19, 21, 26, 30, 41, 46, 50, 52, 55, 59, 61, 62, 67, 68, 71, 75]",61
114073751,2025-12-30,"[2, 11, 12, 14, 15, 16, 20, 21, 22, 30, 34, 36, 47, 58, 60, 62, 65, 67, 69, 75]",62
114073752,2025-12-30,"[14, 17, 18, 23, 25, 26, 29, 30, 34, 35, 39, 40, 50, 52, 54, 68, 70, 71, 72, 79]",63
114073753,2025-12-30,"[6, 7, 12, 16, 18, 27, 28, 38, 39, 41, 48, 52, 56, 63, 64, 66, 73, 76, 77, 80]",64
114073754,2025-12-30,"[3, 7, 9, 10, 12, 14, 22, 23, 25, 32, 33, 43, 46, 49, 52, 53, 64, 65, 75, 76]",65
114073755,2025-12-30,"[1, 5, 11, 16, 19, 27, 35, 38, 40, 41, 42, 44, 52, 55, 56, 58, 60, 62, 67, 73]",66
114073756,2025-12-30,"[2, 3, 11, 12, 13, 20, 25, 31, 42, 44, 47, 53, 55, 56, 58, 61, 70, 73, 77, 78]",67
114073757,2025-12-30,"[2, 4, 12, 16, 18, 20, 24, 26, 27, 29, 32, 38, 46, 49, 52, 54, 62, 68, 72, 73]",68
114073758,2025-12-30,"[3, 4, 5, 10, 13, 15, 18, 25, 32, 35, 39, 40, 43, 47, 50, 54, 61, 64, 71, 80]",69
114073759,2025-12-30,"[1, 2, 4, 5, 7, 12, 24, 32, 40, 41, 43, 49, 53, 57, 64, 65, 66, 72, 74, 76]",70
114073760,2025-12-30,"[9, 11, 18, 19, 21, 24, 25, 40, 45, 53, 54, 55, 56, 60, 66, 68, 75, 76, 77, 80]",71
114073761,2025-12-30,"[4, 5, 7, 8, 12, 17, 22, 33, 35, 38, 39, 40, 47, 56, 59, 61, 62, 71, 74, 79]",72
114073762,2025-12-30,"[10, 18, 21, 22, 33, 42, 43, 44, 52, 55, 59, 62, 71, 73, 74, 75, 76, 77, 78, 79]",73
114073763,2025-12-30,"[1, 3, 4, 7, 8, 12, 18, 19, 21, 29, 31, 41, 42, 44, 52, 67, 68, 75, 78, 80]",74
114073764,2025-12-30,"[2, 12, 13, 15, 16, 17, 19, 20, 27, 30, 32, 34, 41, 43, 44, 51, 54, 66, 68, 79]",75
114073765,2025-12-30,"[2, 3, 6, 9, 10, 11, 12, 13, 20, 22, 27, 28, 40, 45, 49, 54, 57, 58, 68, 70]",76
114073766,2025-12-30,"[10, 14, 15, 27, 33, 37, 38, 39, 40, 42, 45, 48, 55, 56, 60, 62, 64, 67, 70, 75]",77
114073767,2025-12-30,"[12, 13, 16, 20, 22, 31, 32, 36, 37, 38, 40, 42, 44, 48, 49, 52, 59, 64, 66, 71]",78
114073768,2025-12-30,"[1, 4, 8, 9, 12, 16, 24, 31, 37, 41, 42, 45, 49, 51, 58, 60, 61, 74, 79, 80]",79
114073769,2025-12-30,"[1, 2, 10, 13, 16, 21, 29, 31, 34, 38, 45, 47, 50, 51, 52, 56, 61, 70, 73, 76]",80
114073770,2025-12-30,"[6, 8, 11, 15, 18, 21, 22, 30, 31, 33, 34, 45, 50, 52, 62, 72, 73, 76, 78, 79]",81
114073771,2025-12-30,"[12, 13, 15, 16, 17, 20, 21, 22, 30, 38, 41, 42, 49, 52, 56, 58, 61, 64, 67, 78]",82
114073772,2025-12-30,"[1, 8, 9, 16, 19, 22, 25, 26, 32, 34, 46, 48, 56, 57, 58, 62, 67, 73, 75, 77]",83
114073773,2025-12-30,"[2, 4, 12, 16, 19, 26, 28, 29, 32, 40, 46, 47, 51, 57, 58, 67, 70, 74, 76, 77]",84
114073774,2025-12-30,"[4, 7, 11, 16, 18, 19, 25, 31, 32, 33, 35, 40, 43, 44, 48, 49, 62, 64, 67, 76]",85
114073775,2025-12-30,"[5, 6, 9, 11, 12, 18, 23, 30, 31, 40, 45, 47, 49, 55, 56, 59, 66, 71, 75, 78]",86
114073776,2025-12-30,"[1, 4, 5, 15, 16, 22, 23, 27, 28, 33, 34, 38, 40, 48, 53, 60, 71, 72, 76, 80]",87
114073777,2025-12-30,"[3, 5, 14, 15, 19, 24, 26, 29, 41, 42, 46, 56, 59, 60, 62, 64, 67, 75, 77, 79]",88
114073778,2025-12-30,"[10, 11, 14, 17, 20, 23, 26, 27, 29, 32, 38, 42, 43, 45, 57, 62, 63, 65, 73, 77]",89
114073779,2025-12-30,"[1, 2, 3, 5, 11, 12, 15, 35, 44, 46, 48, 54, 55, 62, 68, 70, 72, 74, 77, 80]",90
114073780,2025-12-30,"[1, 11, 15, 21, 25, 26, 32, 33, 34, 36, 37, 40, 45, 55, 60, 63, 64, 66, 76, 80]",91
114073781,2025-12-30,"[2, 7, 9, 10, 15, 16, 17, 19, 27, 43, 47, 51, 53, 54, 55, 59, 65, 67, 68, 72]",92
114073782,2025-12-30,"[4, 9, 12, 13, 16, 19, 21, 22, 28, 30, 31, 40, 46, 52, 56, 62, 66, 69, 75, 80]",93
114073783,2025-12-30,"[4, 6, 9, 10, 14, 18, 23, 25, 26, 31, 35, 46, 48, 52, 56, 61, 63, 64, 70, 77]",94
114073784,2025-12-30,"[1, 4, 8, 9, 13, 19, 28, 29, 30, 31, 44, 47, 51, 54, 57, 58, 63, 68, 69, 80]",95
114073785,2025-12-30,"[5, 9, 10, 16, 17, 20, 21, 23, 24, 27, 30, 35, 37, 38, 40, 45, 49, 57, 58, 73]",96
114073786,2025-12-30,"[3, 11, 14, 17, 20, 22, 23, 26, 29, 33, 41, 45, 48, 58, 62, 64, 66, 68, 73, 74]",97
114073787,2025-12-30,"[8, 11, 16, 22, 30, 31, 32, 33, 35, 36, 37, 51, 52, 54, 56, 57, 63, 64, 74, 80]",98
114073788,2025-12-30,"[2, 3, 7, 9, 15, 19, 20, 37, 38, 39, 40, 41, 44, 46, 47, 48, 63, 65, 68, 71]",99
114073789,2025-12-30,"[1, 2, 8, 11, 13, 15, 16, 18, 32, 33, 45, 48, 52, 57, 63, 65, 67, 73, 74, 79]",100
114073790,2025-12-30,"[5, 8, 9, 10, 18, 20, 31, 33, 39, 43, 48, 49, 58, 60, 63, 64, 65, 66, 69, 79]",101
114073791,2025-12-30,"[2, 3, 4, 7, 9, 11, 14, 16, 21, 23, 24, 27, 30, 34, 40, 46, 56, 64, 79, 80]",102
114073792,2025-12-30,"[3, 6, 7, 8, 9, 10, 16, 25, 31, 32, 46, 49, 51, 58, 64, 66, 68, 69, 75, 79]",103
114073793,2025-12-30,"[17, 18, 19, 20, 26, 32, 38, 40, 42, 49, 52, 53, 54, 56, 57, 62, 64, 67, 72, 73]",104
114073794,2025-12-30,"[2, 6, 8, 12, 17, 20, 21, 29, 33, 38, 39, 40, 42, 43, 47, 53, 61, 63, 65, 66]",105
114073795,2025-12-30,"[3, 14, 18, 22, 25, 26, 27, 29, 30, 31, 35, 51, 52, 56, 61, 65, 67, 68, 79, 80]",106
114073796,2025-12-30,"[1, 4, 13, 18, 21, 29, 31, 35, 38, 40, 53, 54, 58, 59, 65, 66, 68, 70, 72, 78]",107
114073797,2025-12-30,"[1, 8, 12, 19, 21, 31, 32, 44, 45, 46, 48, 49, 50, 52, 53, 57, 59, 63, 71, 78]",108
114073798,2025-12-30,"[1, 3, 4, 7, 9, 19, 34, 35, 39, 40, 44, 48, 51, 52, 53, 62, 66, 68, 69, 79]",109
114073799,2025-12-30,"[1, 3, 14, 21, 25, 29, 36, 37, 42, 50, 52, 53, 57, 62, 67, 68, 69, 71, 73, 80]",110
114073800,2025-12-30,"[7, 11, 13, 17, 18, 21, 22, 26, 28, 31, 46, 49, 51, 53, 54, 56, 57, 58, 59, 69]",111
114073801,2025-12-30,"[10, 12, 14, 29, 30, 32, 34, 37, 38, 41, 46, 48, 55, 60, 65, 69, 73, 77, 78, 79]",112
114073802,2025-12-30,"[1, 2, 3, 4, 12, 14, 21, 23, 30, 37, 46, 51, 57, 59, 60, 63, 69, 70, 71, 78]",113
114073803,2025-12-30,"[3, 5, 16, 17, 19, 20, 31, 32, 36, 38, 45, 46, 47, 50, 54, 58, 59, 66, 71, 77]",114
114073804,2025-12-30,"[8, 21, 23, 24, 25, 27, 28, 37, 38, 39, 43, 44, 47, 52, 54, 64, 65, 66, 67, 75]",115
114073805,2025-12-30,"[1, 10, 11, 17, 19, 22, 23, 26, 30, 31, 32, 33, 45, 47, 53, 55, 56, 59, 64, 70]",116
114073806,2025-12-30,"[7, 8, 9, 10, 18, 28, 30, 31, 33, 37, 41, 42, 43, 47, 60, 66, 69, 70, 72, 74]",117
114073807,2025-12-30,"[1, 20, 22, 26, 27, 29, 31, 32, 34, 42, 43, 46, 48, 49, 50, 51, 63, 73, 76, 79]",118
114073808,2025-12-30,"[13, 17, 22, 23, 24, 29, 31, 39, 44, 45, 51, 52, 54, 59, 61, 64, 68, 72, 75, 80]",119
114073809,2025-12-30,"[1, 8, 16, 21, 26, 36, 40, 41, 42, 43, 44, 45, 48, 49, 52, 56, 62, 64, 77, 78]",120
114073810,2025-12-30,"[9, 10, 11, 12, 15, 19, 20, 23, 25, 37, 40, 47, 50, 56, 67, 68, 71, 72, 74, 80]",121
114073811,2025-12-30,"[2, 3, 4, 7, 8, 19, 20, 22, 23, 25, 33, 36, 40, 42, 48, 49, 63, 64, 65, 69]",122
114073812,2025-12-30,"[6, 8, 12, 19, 24, 27, 39, 42, 44, 48, 49, 55, 57, 62, 63, 67, 74, 75, 77, 79]",123
114073813,2025-12-30,"[5, 8, 22, 28, 29, 31, 32, 35, 36, 41, 50, 59, 61, 63, 64, 66, 67, 72, 76, 80]",124
114073814,2025-12-30,"[3, 4, 7, 9, 10, 11, 14, 15, 16, 20, 21, 23, 24, 26, 46, 47, 56, 61, 71, 72]",125
114073815,2025-12-30,"[5, 16, 17, 20, 22, 24, 31, 33, 35, 38, 41, 42, 48, 54, 59, 66, 67, 70, 77, 79]",126
114073816,2025-12-30,"[5, 6, 7, 10, 18, 22, 31, 32, 33, 34, 39, 43, 48, 49, 52, 54, 56, 64, 65, 79]",127
114073817,2025-12-30,"[1, 12, 17, 18, 23, 24, 30, 31, 33, 36, 40, 51, 54, 55, 58, 65, 68, 69, 74, 77]",128
114073818,2025-12-30,"[16, 17, 21, 29, 34, 36, 39, 41, 45, 51, 52, 54, 57, 64, 65, 68, 69, 70, 71, 72]",129
114073819,2025-12-30,"[2, 7, 14, 15, 17, 22, 25, 26, 36, 38, 46, 47, 48, 53, 61, 65, 66, 73, 75, 78]",130
114073820,2025-12-30,"[3, 6, 13, 17, 23, 27, 34, 35, 36, 38, 44, 47, 55, 63, 65, 68, 70, 71, 74, 77]",131
114073821,2025-12-30,"[11, 15, 27, 29, 30, 40, 42, 45, 46, 47, 48, 51, 56, 58, 72, 75, 76, 77, 78, 80]",132
114073822,2025-12-30,"[2, 3, 12, 17, 18, 26, 35, 40, 42, 46, 51, 52, 57, 60, 66, 70, 72, 75, 78, 79]",133
114073823,2025-12-30,"[3, 19, 20, 24, 29, 30, 33, 34, 35, 37, 41, 51, 53, 54, 64, 70, 71, 74, 78, 79]",134
114073824,2025-12-30,"[1, 6, 7, 19, 20, 22, 31, 34, 37, 39, 45, 47, 51, 52, 57, 59, 61, 63, 68, 72]",135
114073825,2025-12-30,"[3, 16, 18, 20, 30, 34, 42, 44, 46, 49, 50, 52, 54, 55, 56, 64, 67, 75, 78, 79]",136
114073826,2025-12-30,"[6, 8, 15, 18, 20, 22, 29, 32, 36, 38, 39, 40, 41, 46, 50, 62, 69, 70, 78, 79]",137
114073827,2025-12-30,"[1, 3, 5, 6, 19, 20, 21, 22, 25, 26, 29, 31, 37, 46, 58, 59, 60, 70, 79, 80]",138
114073828,2025-12-30,"[2, 9, 10, 11, 14, 17, 22, 29, 32, 34, 40, 41, 42, 46, 54, 59, 60, 66, 74, 80]",139
114073829,2025-12-30,"[4, 10, 18, 22, 24, 25, 28, 34, 35, 36, 37, 42, 46, 47, 53, 59, 65, 67, 77, 79]",140
114073830,2025-12-30,"[1, 6, 18, 20, 22, 24, 26, 38, 39, 46, 47, 51, 53, 55, 56, 61, 63, 69, 71, 76]",141
114073831,2025-12-30,"[9, 11, 16, 22, 24, 25, 31, 33, 37, 38, 41, 42, 47, 52, 53, 55, 57, 69, 76, 80]",142
114073832,2025-12-30,"[2, 3, 4, 5, 7, 8, 13, 17, 22, 31, 32, 33, 37, 42, 53, 58, 63, 68, 73, 78]",143
114073833,2025-12-30,"[9, 10, 15, 29, 36, 41, 45, 47, 50, 55, 56, 57, 60, 61, 62, 63, 67, 71, 74, 77]",144
114073834,2025-12-30,"[6, 7, 8, 9, 15, 23, 25, 27, 30, 32, 47, 48, 49, 58, 62, 68, 71, 72, 75, 77]",145
114073835,2025-12-30,"[3, 6, 13, 16, 18, 21, 24, 28, 35, 41, 42, 43, 47, 51, 52, 53, 57, 64, 67, 73]",146
114073836,2025-12-30,"[5, 10, 12, 13, 15, 24, 27, 34, 43, 44, 46, 48, 49, 55, 57, 59, 65, 70, 77, 78]",147
114073837,2025-12-30,"[2, 6, 9, 13, 19, 29, 32, 36, 42, 45, 47, 48, 57, 61, 62, 64, 67, 70, 76, 79]",148
114073838,2025-12-30,"[2, 4, 9, 11, 16, 19, 29, 37, 38, 43, 45, 48, 55, 56, 60, 63, 66, 67, 73, 80]",149
114073839,2025-12-30,"[1, 2, 10, 12, 19, 24, 25, 26, 31, 32, 33, 36, 48, 52, 57, 61, 64, 70, 79, 80]",150
114073840,2025-12-30,"[6, 14, 17, 19, 20, 25, 34, 47, 48, 49, 50, 51, 55, 57, 62, 66, 70, 73, 74, 77]",151
114073841,2025-12-30,"[3, 6, 9, 11, 15, 16, 17, 22, 23, 34, 35, 36, 40, 44, 52, 66, 68, 69, 74, 76]",152
114073842,2025-12-30,"[10, 12, 15, 21, 23, 27, 28, 30, 31, 33, 36, 45, 48, 49, 54, 57, 60, 64, 68, 75]",153
114073843,2025-12-30,"[5, 9, 11, 12, 13, 24, 29, 32, 33, 34, 41, 47, 52, 53, 55, 58, 61, 62, 63, 74]",154
114073844,2025-12-30,"[3, 4, 5, 11, 12, 16, 18, 19, 27, 28, 30, 37, 42, 48, 54, 65, 73, 74, 76, 78]",155
114073845,2025-12-30,"[3, 4, 9, 10, 11, 15, 20, 23, 33, 35, 41, 47, 49, 50, 66, 68, 69, 70, 74, 80]",156
114073846,2025-12-30,"[6, 10, 14, 16, 17, 22, 25, 26, 29, 30, 34, 40, 43, 45, 47, 58, 65, 69, 77, 80]",157
114073847,2025-12-30,"[1, 5, 6, 9, 10, 11, 18, 20, 23, 33, 36, 40, 46, 47, 54, 59, 60, 63, 64, 65]",158
114073848,2025-12-30,"[1, 4, 8, 9, 11, 12, 13, 14, 15, 16, 19, 21, 31, 33, 44, 52, 62, 69, 71, 73]",159
114073849,2025-12-30,"[1, 2, 7, 13, 15, 18, 19, 22, 23, 24, 26, 30, 32, 38, 39, 48, 49, 68, 71, 72]",160
114073850,2025-12-30,"[3, 7, 10, 14, 16, 27, 29, 31, 35, 38, 47, 48, 54, 56, 63, 64, 70, 71, 73, 75]",161
114073851,2025-12-30,"[1, 17, 19, 27, 28, 31, 32, 33, 37, 42, 46, 48, 49, 51, 53, 55, 59, 62, 65, 76]",162
114073852,2025-12-30,"[2, 8, 13, 16, 17, 19, 21, 23, 24, 25, 29, 41, 52, 56, 57, 63, 68, 72, 75, 77]",163
114073853,2025-12-30,"[2, 6, 9, 15, 16, 31, 33, 37, 41, 42, 47, 48, 59, 63, 67, 70, 72, 73, 74, 77]",164
114073854,2025-12-30,"[4, 7, 11, 16, 21, 23, 27, 28, 32, 35, 36, 42, 47, 49, 50, 57, 58, 68, 73, 80]",165
114073855,2025-12-30,"[2, 10, 12, 18, 19, 21, 24, 30, 35, 37, 39, 41, 48, 52, 55, 56, 62, 71, 73, 74]",166
114073856,2025-12-30,"[5, 7, 15, 22, 26, 28, 38, 45, 49, 53, 56, 59, 60, 64, 69, 71, 74, 75, 76, 80]",167
114073857,2025-12-30,"[1, 2, 8, 12, 16, 18, 29, 34, 40, 44, 46, 47, 49, 55, 63, 67, 69, 70, 72, 73]",168
114073858,2025-12-30,"[5, 6, 8, 22, 29, 30, 32, 38, 41, 43, 49, 56, 59, 63, 66, 69, 71, 76, 77, 79]",169
114073859,2025-12-30,"[5, 6, 10, 14, 19, 22, 27, 28, 29, 36, 38, 40, 41, 43, 57, 61, 71, 72, 76, 77]",170
114073860,2025-12-30,"[4, 6, 11, 15, 16, 26, 29, 30, 33, 34, 44, 45, 54, 61, 63, 64, 65, 69, 75, 79]",171
114073861,2025-12-30,"[4, 7, 8, 15, 21, 26, 30, 33, 40, 44, 47, 50, 51, 53, 64, 67, 69, 73, 78, 80]",172
114073862,2025-12-30,"[2, 4, 7, 13, 17, 26, 28, 29, 32, 33, 44, 45, 56, 59, 61, 64, 66, 68, 70, 72]",173
114073863,2025-12-30,"[3, 13, 16, 17, 23, 25, 34, 37, 41, 42, 44, 47, 49, 50, 56, 59, 60, 68, 69, 73]",174
114073864,2025-12-30,"[5, 7, 13, 15, 16, 17, 18, 21, 25, 27, 28, 29, 30, 44, 49, 50, 61, 65, 66, 69]",175
114073865,2025-12-30,"[3, 4, 5, 9, 14, 18, 22, 25, 28, 35, 39, 40, 45, 46, 47, 62, 63, 64, 65, 76]",176
114073866,2025-12-30,"[2, 4, 9, 13, 19, 24, 33, 37, 39, 40, 43, 53, 57, 62, 64, 71, 74, 75, 77, 80]",177
114073867,2025-12-30,"[1, 3, 7, 11, 16, 17, 19, 20, 21, 28, 29, 32, 44, 47, 48, 49, 57, 67, 68, 78]",178
114073868,2025-12-30,"[5, 15, 21, 27, 28, 29, 30, 36, 37, 39, 40, 42, 43, 47, 48, 57, 58, 65, 73, 75]",179
114073869,2025-12-30,"[1, 2, 4, 5, 8, 16, 19, 29, 33, 36, 39, 40, 46, 53, 57, 66, 70, 71, 75, 79]",180
114073870,2025-12-30,"[3, 15, 16, 18, 20, 22, 24, 26, 40, 42, 43, 52, 55, 56, 58, 60, 62, 64, 71, 78]",181
114073871,2025-12-30,"[5, 6, 11, 12, 13, 15, 16, 21, 36, 38, 41, 45, 46, 48, 58, 60, 66, 70, 72, 78]",182
114073872,2025-12-30,"[3, 4, 6, 10, 11, 15, 17, 18, 19, 23, 25, 33, 35, 38, 47, 50, 58, 74, 79, 80]",183
114073873,2025-12-30,"[5, 9, 14, 17, 22, 25, 34, 36, 40, 42, 45, 46, 52, 58, 60, 69, 72, 73, 77, 78]",184
114073874,2025-12-30,"[4, 5, 9, 12, 16, 21, 22, 31, 34, 41, 42, 43, 47, 53, 59, 61, 62, 67, 74, 78]",185
114073875,2025-12-30,"[5, 6, 7, 9, 15, 16, 27, 28, 36, 38, 39, 42, 44, 52, 55, 56, 61, 64, 67, 68]",186
114073876,2025-12-30,"[1, 4, 20, 22, 28, 38, 50, 55, 56, 59, 60, 64, 65, 69, 70, 72, 73, 76, 78, 80]",187
114073877,2025-12-30,"[1, 4, 7, 12, 18, 26, 27, 28, 31, 40, 44, 45, 52, 58, 60, 61, 67, 68, 69, 75]",188
114073878,2025-12-30,"[2, 4, 10, 12, 25, 27, 39, 40, 43, 47, 49, 52, 56, 58, 63, 64, 66, 73, 75, 80]",189
114073879,2025-12-30,"[2, 3, 13, 19, 22, 23, 29, 32, 33, 39, 48, 50, 56, 62, 63, 65, 71, 73, 77, 79]",190
114073880,2025-12-30,"[5, 12, 13, 15, 16, 21, 25, 28, 32, 33, 36, 40, 42, 43, 45, 47, 50, 68, 70, 71]",191
114073881,2025-12-30,"[5, 6, 7, 19, 20, 24, 25, 29, 32, 33, 35, 41, 42, 45, 48, 60, 63, 64, 67, 68]",192
114073882,2025-12-30,"[6, 24, 25, 29, 30, 35, 36, 37, 40, 41, 46, 47, 48, 51, 55, 60, 67, 69, 73, 79]",193
114073883,2025-12-30,"[2, 4, 7, 8, 10, 12, 14, 19, 23, 25, 34, 36, 39, 49, 55, 56, 57, 63, 74, 80]",194
114073884,2025-12-30,"[4, 6, 11, 12, 13, 16, 18, 22, 24, 27, 33, 35, 40, 46, 52, 59, 62, 63, 71, 77]",195
114073885,2025-12-30,"[9, 10, 14, 15, 18, 19, 25, 27, 30, 32, 42, 43, 52, 54, 55, 56, 60, 66, 68, 71]",196
114073886,2025-12-30,"[1, 3, 7, 8, 10, 16, 17, 18, 29, 30, 40, 43, 45, 50, 51, 52, 58, 59, 69, 71]",197
114073887,2025-12-30,"[2, 3, 5, 10, 11, 13, 15, 16, 28, 31, 32, 33, 46, 49, 50, 57, 61, 64, 66, 76]",198
114073888,2025-12-30,"[4, 5, 6, 10, 14, 17, 18, 19, 22, 23, 24, 26, 45, 50, 69, 71, 75, 76, 78, 79]",199
114073889,2025-12-30,"[4, 7, 12, 18, 22, 28, 29, 34, 38, 43, 44, 49, 51, 54, 55, 58, 60, 69, 76, 79]",200
114073890,2025-12-30,"[3, 4, 6, 7, 8, 14, 20, 26, 27, 37, 38, 41, 43, 45, 46, 52, 67, 69, 79, 80]",201
114073891,2025-12-30,"[4, 9, 10, 11, 14, 15, 16, 17, 19, 24, 25, 26, 27, 30, 47, 48, 56, 66, 70, 74]",202
114073892,2025-12-30,"[2, 5, 6, 10, 11, 14, 15, 20, 34, 36, 42, 43, 56, 58, 64, 67, 70, 73, 75, 80]",203
114073893,2025-12-31,"[7, 12, 17, 18, 21, 23, 25, 28, 31, 35, 36, 41, 46, 57, 65, 66, 67, 69, 75, 78]",1
114073894,2025-12-31,"[7, 21, 24, 26, 33, 37, 39, 49, 50, 51, 53, 54, 55, 58, 59, 60, 69, 75, 76, 77]",2
114073895,2025-12-31,"[6, 8, 9, 11, 17, 28, 33, 37, 46, 47, 48, 50, 53, 54, 60, 61, 74, 77, 78, 79]",3
114073896,2025-12-31,"[3, 4, 9, 30, 31, 34, 42, 43, 46, 49, 52, 57, 59, 61, 67, 68, 70, 73, 76, 80]",4
114073897,2025-12-31,"[4, 6, 8, 11, 12, 19, 24, 29, 32, 40, 49, 52, 53, 57, 63, 66, 69, 76, 77, 79]",5
114073898,2025-12-31,"[3, 5, 9, 10, 12, 14, 15, 18, 23, 30, 33, 34, 39, 53, 54, 62, 64, 71, 73, 76]",6
114073899,2025-12-31,"[9, 10, 13, 15, 19, 28, 29, 36, 39, 44, 49, 52, 53, 55, 59, 60, 61, 63, 68, 72]",7
114073900,2025-12-31,"[6, 8, 12, 13, 14, 27, 31, 32, 38, 43, 47, 53, 59, 60, 62, 68, 70, 72, 75, 76]",8
114073901,2025-12-31,"[2, 5, 8, 16, 18, 22, 26, 36, 38, 49, 53, 57, 63, 65, 67, 69, 71, 72, 77, 78]",9
114073902,2025-12-31,"[1, 12, 17, 29, 30, 31, 34, 35, 38, 40, 41, 45, 47, 48, 49, 61, 65, 68, 75, 78]",10
114073903,2025-12-31,"[2, 4, 7, 8, 16, 18, 38, 45, 50, 52, 53, 58, 64, 70, 71, 74, 75, 76, 77, 79]",11
114073904,2025-12-31,"[6, 7, 9, 10, 11, 14, 20, 21, 22, 23, 31, 35, 42, 48, 49, 50, 55, 64, 65, 74]",12
114073905,2025-12-31,"[3, 4, 5, 27, 36, 37, 38, 39, 43, 47, 52, 55, 61, 62, 65, 71, 75, 76, 77, 79]",13
114073906,2025-12-31,"[1, 3, 8, 10, 15, 17, 30, 31, 34, 42, 43, 44, 45, 54, 60, 68, 71, 73, 75, 77]",14
114073907,2025-12-31,"[6, 10, 12, 18, 23, 25, 27, 32, 41, 49, 52, 57, 59, 60, 61, 62, 67, 68, 76, 77]",15
114073908,2025-12-31,"[3, 5, 8, 10, 15, 16, 24, 25, 27, 29, 30, 32, 39, 42, 47, 53, 66, 70, 73, 76]",16
114073909,2025-12-31,"[10, 12, 21, 26, 27, 46, 51, 52, 54, 56, 57, 58, 59, 60, 61, 62, 63, 70, 72, 80]",17
114073910,2025-12-31,"[3, 7, 14, 18, 21, 25, 28, 34, 38, 41, 43, 46, 49, 52, 58, 62, 66, 75, 76, 80]",18
114073911,2025-12-31,"[5, 6, 7, 8, 17, 19, 21, 23, 25, 28, 32, 33, 37, 43, 58, 62, 67, 70, 77, 80]",19
114073912,2025-12-31,"[2, 3, 4, 9, 10, 11, 18, 21, 22, 29, 33, 42, 54, 55, 62, 67, 69, 70, 74, 80]",20
114073913,2025-12-31,"[4, 7, 8, 12, 13, 16, 29, 33, 35, 37, 40, 44, 48, 53, 59, 61, 68, 70, 77, 79]",21
114073914,2025-12-31,"[9, 13, 15, 21, 25, 28, 33, 40, 43, 44, 50, 53, 57, 59, 66, 67, 70, 72, 74, 80]",22
114073915,2025-12-31,"[1, 4, 10, 11, 17, 20, 26, 33, 36, 37, 43, 46, 47, 49, 52, 58, 73, 74, 75, 77]",23
114073916,2025-12-31,"[1, 4, 7, 8, 9, 19, 30, 33, 34, 38, 39, 49, 51, 55, 62, 65, 70, 74, 75, 78]",24
114073917,2025-12-31,"[1, 2, 5, 7, 8, 23, 24, 28, 39, 41, 44, 55, 58, 59, 62, 65, 73, 74, 75, 80]",25
114073918,2025-12-31,"[2, 8, 17, 18, 23, 27, 32, 34, 38, 46, 47, 48, 49, 50, 53, 55, 57, 59, 67, 71]",26
114073919,2025-12-31,"[5, 9, 12, 14, 15, 20, 23, 25, 29, 30, 31, 34, 36, 38, 39, 64, 67, 68, 77, 79]",27
114073920,2025-12-31,"[1, 2, 3, 8, 11, 12, 16, 23, 24, 29, 30, 31, 43, 49, 60, 71, 74, 75, 76, 79]",28
114073921,2025-12-31,"[4, 9, 12, 17, 26, 33, 34, 35, 38, 41, 42, 45, 50, 56, 59, 60, 63, 74, 76, 79]",29
114073922,2025-12-31,"[7, 10, 13, 16, 19, 21, 22, 26, 27, 29, 32, 35, 37, 39, 40, 46, 57, 59, 67, 75]",30
114073923,2025-12-31,"[3, 8, 13, 15, 21, 22, 24, 28, 29, 31, 34, 35, 43, 49, 53, 59, 65, 66, 75, 76]",31
114073924,2025-12-31,"[3, 5, 7, 13, 15, 16, 17, 18, 19, 20, 21, 29, 32, 49, 50, 57, 59, 65, 66, 67]",32
114073925,2025-12-31,"[1, 12, 14, 16, 18, 19, 29, 34, 36, 42, 46, 56, 58, 60, 61, 65, 71, 76, 78, 79]",33
114073926,2025-12-31,"[3, 6, 7, 8, 15, 18, 19, 20, 23, 33, 36, 37, 40, 43, 46, 47, 53, 54, 60, 71]",34
114073927,2025-12-31,"[4, 17, 19, 23, 24, 25, 26, 31, 33, 37, 43, 51, 57, 60, 66, 67, 68, 70, 72, 74]",35
114073928,2025-12-31,"[3, 7, 9, 15, 17, 25, 27, 28, 29, 31, 34, 43, 51, 53, 58, 63, 64, 67, 73, 75]",36
114073929,2025-12-31,"[2, 5, 6, 9, 12, 13, 15, 21, 23, 35, 39, 44, 51, 54, 58, 59, 69, 74, 77, 79]",37
114073930,2025-12-31,"[3, 4, 9, 11, 13, 24, 31, 32, 36, 42, 44, 48, 49, 51, 57, 62, 65, 75, 79, 80]",38
114073931,2025-12-31,"[1, 3, 5, 17, 20, 22, 23, 30, 31, 36, 37, 40, 44, 48, 52, 55, 56, 62, 70, 74]",39
114073932,2025-12-31,"[10, 15, 22, 24, 31, 33, 39, 45, 48, 51, 58, 59, 60, 62, 65, 66, 69, 75, 77, 79]",40
114073933,2025-12-31,"[5, 7, 9, 13, 17, 22, 23, 34, 35, 37, 38, 39, 45, 52, 55, 58, 64, 69, 74, 76]",41
114073934,2025-12-31,"[1, 2, 5, 10, 16, 39, 44, 47, 58, 60, 61, 62, 64, 66, 67, 69, 72, 75, 77, 80]",42
114073935,2025-12-31,"[1, 4, 6, 12, 21, 24, 26, 28, 30, 34, 36, 41, 47, 52, 57, 59, 63, 64, 71, 74]",43
114073936,2025-12-31,"[14, 15, 18, 22, 23, 25, 26, 29, 30, 37, 41, 44, 46, 57, 68, 71, 74, 76, 79, 80]",44
114073937,2025-12-31,"[1, 3, 10, 14, 15, 16, 19, 21, 24, 26, 34, 35, 36, 40, 45, 54, 67, 70, 73, 77]",45
114073938,2025-12-31,"[2, 5, 14, 17, 20, 22, 28, 31, 34, 35, 50, 54, 57, 60, 62, 64, 65, 66, 78, 80]",46
114073939,2025-12-31,"[3, 4, 8, 9, 11, 15, 23, 24, 27, 29, 38, 46, 49, 50, 51, 54, 56, 67, 68, 78]",47
114073940,2025-12-31,"[1, 8, 11, 12, 16, 17, 18, 19, 21, 24, 31, 38, 44, 51, 57, 58, 69, 71, 74, 76]",48
114073941,2025-12-31,"[1, 10, 13, 18, 19, 21, 29, 35, 36, 37, 42, 43, 45, 59, 60, 65, 69, 73, 74, 75]",49
114073942,2025-12-31,"[7, 8, 11, 24, 25, 26, 28, 29, 33, 47, 55, 56, 57, 58, 61, 63, 64, 66, 67, 76]",50
114073943,2025-12-31,"[6, 8, 15, 17, 22, 27, 33, 40, 41, 42, 45, 48, 51, 52, 53, 55, 59, 75, 77, 78]",51
114073944,2025-12-31,"[1, 2, 7, 15, 24, 26, 28, 30, 32, 35, 37, 45, 49, 52, 54, 59, 62, 66, 69, 80]",52
114073945,2025-12-31,"[1, 3, 4, 6, 11, 12, 14, 16, 26, 27, 29, 41, 43, 50, 54, 56, 57, 76, 78, 80]",53
114073946,2025-12-31,"[1, 6, 7, 9, 11, 16, 19, 24, 27, 28, 29, 33, 35, 42, 48, 50, 58, 61, 67, 75]",54
114073947,2025-12-31,"[8, 18, 19, 20, 22, 23, 24, 27, 28, 32, 33, 36, 41, 44, 62, 63, 65, 66, 67, 68]",55
114073948,2025-12-31,"[2, 3, 6, 8, 10, 12, 16, 22, 23, 26, 34, 36, 39, 46, 49, 54, 64, 71, 77, 79]",56
114073949,2025-12-31,"[1, 5, 8, 10, 17, 22, 31, 37, 39, 42, 45, 46, 49, 50, 58, 64, 65, 66, 71, 72]",57
114073950,2025-12-31,"[6, 7, 12, 13, 16, 32, 36, 38, 44, 46, 51, 52, 54, 56, 58, 63, 64, 70, 76, 79]",58
114073951,2025-12-31,"[1, 5, 15, 18, 24, 26, 29, 32, 35, 41, 46, 47, 49, 50, 54, 56, 62, 73, 78, 79]",59
114073952,2025-12-31,"[1, 5, 15, 16, 21, 22, 28, 29, 34, 37, 38, 44, 51, 52, 66, 69, 71, 73, 75, 77]",60
114073953,2025-12-31,"[5, 7, 12, 14, 17, 22, 24, 26, 28, 30, 36, 39, 46, 53, 63, 65, 69, 74, 76, 79]",61
114073954,2025-12-31,"[1, 2, 5, 8, 13, 16, 17, 23, 25, 30, 34, 35, 39, 40, 46, 50, 71, 76, 77, 78]",62
114073955,2025-12-31,"[4, 6, 7, 11, 12, 15, 19, 20, 21, 28, 36, 37, 41, 58, 61, 63, 68, 72, 75, 78]",63
114073956,2025-12-31,"[1, 4, 7, 8, 12, 13, 15, 16, 22, 25, 28, 34, 36, 44, 45, 54, 58, 61, 63, 75]",64
114073957,2025-12-31,"[2, 7, 11, 12, 16, 18, 23, 26, 27, 34, 35, 37, 38, 43, 46, 50, 52, 53, 54, 58]",65
114073958,2025-12-31,"[3, 5, 11, 16, 20, 21, 24, 28, 30, 33, 40, 49, 50, 52, 56, 66, 67, 73, 79, 80]",66
114073959,2025-12-31,"[9, 15, 18, 19, 31, 32, 33, 34, 35, 38, 43, 49, 50, 55, 59, 60, 66, 67, 71, 80]",67
114073960,2025-12-31,"[1, 3, 5, 8, 10, 23, 24, 28, 29, 37, 47, 50, 56, 61, 62, 63, 72, 74, 77, 79]",68
114073961,2025-12-31,"[5, 11, 15, 16, 22, 34, 37, 39, 40, 48, 49, 51, 62, 63, 64, 70, 74, 75, 79, 80]",69
114073962,2025-12-31,"[6, 8, 9, 11, 14, 18, 20, 22, 24, 27, 29, 31, 32, 37, 39, 47, 61, 66, 69, 77]",70
114073963,2025-12-31,"[5, 7, 13, 14, 21, 23, 32, 33, 36, 38, 39, 46, 48, 51, 52, 55, 57, 69, 71, 80]",71
114073964,2025-12-31,"[7, 8, 9, 13, 14, 18, 22, 30, 35, 36, 38, 41, 49, 54, 69, 74, 75, 76, 77, 80]",72
114073965,2025-12-31,"[10, 13, 15, 16, 21, 25, 30, 45, 47, 55, 59, 62, 64, 68, 69, 70, 71, 72, 78, 79]",73
114073966,2025-12-31,"[1, 5, 13, 15, 16, 17, 19, 20, 22, 29, 31, 35, 36, 40, 44, 45, 54, 56, 72, 80]",74
114073967,2025-12-31,"[1, 3, 11, 15, 17, 21, 24, 26, 32, 40, 48, 50, 53, 54, 55, 60, 63, 72, 74, 77]",75
114073968,2025-12-31,"[5, 12, 14, 21, 25, 28, 41, 42, 44, 50, 54, 60, 62, 64, 65, 68, 69, 73, 74, 80]",76
114073969,2025-12-31,"[2, 3, 5, 6, 7, 14, 16, 17, 32, 39, 40, 41, 48, 50, 54, 60, 62, 70, 71, 76]",77
114073970,2025-12-31,"[12, 16, 17, 20, 29, 32, 33, 42, 48, 52, 59, 60, 61, 65, 67, 69, 70, 71, 72, 74]",78
114073971,2025-12-31,"[6, 8, 9, 13, 14, 17, 21, 24, 25, 34, 39, 45, 46, 49, 52, 57, 60, 65, 70, 74]",79
114073972,2025-12-31,"[2, 4, 5, 12, 16, 19, 21, 22, 42, 43, 57, 62, 69, 71, 73, 74, 75, 76, 77, 80]",80
114073973,2025-12-31,"[1, 7, 8, 9, 12, 13, 14, 16, 18, 20, 22, 24, 27, 29, 30, 41, 56, 58, 69, 79]",81
114073974,2025-12-31,"[1, 6, 17, 19, 22, 23, 27, 33, 35, 37, 44, 45, 48, 49, 55, 57, 66, 72, 78, 79]",82
114073975,2025-12-31,"[2, 4, 11, 13, 14, 18, 22, 26, 28, 38, 44, 46, 56, 57, 60, 65, 70, 75, 76, 79]",83
114073976,2025-12-31,"[1, 2, 5, 11, 13, 23, 25, 27, 36, 37, 38, 41, 42, 43, 44, 50, 55, 64, 68, 78]",84
114073977,2025-12-31,"[6, 7, 18, 20, 22, 25, 26, 29, 32, 38, 48, 50, 51, 61, 65, 66, 70, 75, 77, 80]",85
114073978,2025-12-31,"[1, 13, 16, 17, 22, 24, 28, 34, 39, 44, 47, 56, 60, 61, 65, 66, 67, 68, 69, 76]",86
114073979,2025-12-31,"[4, 5, 8, 10, 11, 13, 15, 16, 52, 54, 56, 57, 61, 66, 70, 71, 72, 73, 75, 77]",87
114073980,2025-12-31,"[6, 15, 17, 21, 23, 24, 31, 35, 36, 38, 50, 54, 56, 66, 69, 70, 71, 76, 78, 79]",88
114073981,2025-12-31,"[2, 5, 12, 14, 16, 21, 25, 36, 50, 53, 58, 59, 60, 63, 64, 65, 69, 71, 72, 73]",89
114073982,2025-12-31,"[3, 10, 14, 19, 24, 26, 31, 32, 37, 39, 49, 52, 53, 57, 58, 62, 68, 69, 78, 80]",90
114073983,2025-12-31,"[1, 5, 11, 19, 21, 23, 26, 33, 36, 39, 47, 54, 55, 57, 62, 64, 66, 76, 78, 80]",91
114073984,2025-12-31,"[1, 3, 14, 17, 20, 21, 22, 26, 30, 32, 35, 40, 54, 60, 62, 67, 68, 74, 76, 79]",92
114073985,2025-12-31,"[3, 7, 12, 16, 17, 32, 34, 36, 40, 43, 49, 51, 55, 60, 62, 68, 71, 73, 77, 79]",93
114073986,2025-12-31,"[1, 11, 12, 19, 26, 27, 28, 35, 37, 39, 40, 53, 56, 57, 59, 66, 70, 72, 74, 78]",94
114073987,2025-12-31,"[8, 15, 16, 21, 22, 24, 26, 27, 31, 33, 39, 57, 61, 63, 69, 74, 75, 77, 78, 80]",95
114073988,2025-12-31,"[1, 4, 6, 9, 19, 21, 32, 36, 41, 42, 46, 51, 54, 66, 67, 70, 71, 72, 76, 80]",96
114073989,2025-12-31,"[22, 23, 24, 30, 32, 33, 35, 38, 41, 42, 43, 46, 49, 54, 58, 59, 60, 69, 71, 75]",97
114073990,2025-12-31,"[2, 3, 5, 6, 10, 16, 18, 27, 31, 33, 34, 39, 43, 45, 48, 53, 55, 56, 64, 73]",98
114073991,2025-12-31,"[3, 4, 5, 9, 11, 12, 13, 15, 22, 29, 30, 37, 38, 42, 45, 54, 56, 61, 72, 76]",99
114073992,2025-12-31,"[3, 7, 8, 12, 15, 19, 32, 36, 37, 44, 47, 49, 51, 53, 60, 65, 67, 70, 72, 78]",100
114073993,2025-12-31,"[2, 5, 13, 18, 21, 23, 25, 27, 30, 33, 45, 51, 54, 57, 58, 65, 69, 75, 79, 80]",101
114073994,2025-12-31,"[8, 10, 15, 16, 24, 25, 26, 27, 28, 31, 38, 42, 48, 53, 60, 61, 70, 77, 78, 79]",102
114073995,2025-12-31,"[6, 13, 24, 25, 33, 35, 38, 49, 51, 55, 56, 60, 64, 66, 67, 71, 73, 75, 78, 80]",103
114073996,2025-12-31,"[2, 12, 13, 15, 16, 17, 19, 20, 29, 31, 43, 45, 46, 47, 52, 54, 62, 66, 70, 75]",104
114073997,2025-12-31,"[4, 9, 11, 18, 19, 20, 21, 25, 34, 43, 46, 52, 54, 57, 58, 65, 69, 75, 78, 80]",105
114073998,2025-12-31,"[3, 6, 8, 9, 10, 13, 15, 23, 25, 27, 29, 30, 32, 35, 39, 69, 71, 74, 77, 79]",106
114073999,2025-12-31,"[2, 8, 9, 24, 25, 27, 31, 33, 37, 41, 52, 59, 60, 61, 63, 64, 67, 68, 69, 78]",107
114074000,2025-12-31,"[4, 6, 8, 10, 19, 26, 27, 34, 40, 42, 43, 46, 47, 49, 55, 58, 59, 65, 68, 70]",108
114074001,2025-12-31,"[13, 17, 20, 32, 35, 37, 38, 46, 48, 49, 51, 55, 58, 60, 63, 65, 68, 69, 70, 71]",109
114074002,2025-12-31,"[4, 5, 7, 10, 14, 21, 24, 27, 40, 42, 48, 50, 56, 59, 60, 61, 62, 70, 73, 79]",110
114074003,2025-12-31,"[1, 4, 8, 9, 13, 23, 25, 30, 34, 37, 39, 43, 46, 50, 53, 57, 61, 67, 76, 77]",111
114074004,2025-12-31,"[5, 11, 12, 14, 18, 19, 30, 33, 36, 39, 41, 43, 52, 55, 57, 60, 65, 66, 71, 80]",112
114074005,2025-12-31,"[4, 11, 13, 14, 15, 20, 25, 30, 31, 32, 33, 34, 38, 50, 55, 61, 63, 65, 73, 74]",113
114074006,2025-12-31,"[1, 7, 10, 14, 15, 16, 24, 27, 32, 33, 40, 45, 62, 63, 66, 68, 74, 77, 78, 79]",114
114074007,2025-12-31,"[2, 6, 7, 8, 11, 17, 24, 27, 36, 37, 39, 41, 42, 44, 48, 51, 53, 59, 74, 80]",115
114074008,2025-12-31,"[1, 4, 9, 14, 20, 22, 23, 24, 31, 35, 37, 40, 41, 45, 50, 52, 60, 64, 65, 67]",116
114074009,2025-12-31,"[2, 5, 6, 7, 10, 11, 16, 18, 27, 34, 47, 48, 49, 57, 58, 61, 65, 66, 71, 79]",117
114074010,2025-12-31,"[7, 10, 12, 14, 17, 18, 19, 20, 26, 33, 34, 49, 51, 55, 62, 68, 69, 73, 76, 80]",118
114074011,2025-12-31,"[1, 2, 4, 5, 9, 14, 15, 20, 24, 27, 30, 38, 43, 61, 62, 63, 70, 71, 76, 77]",119
114074012,2025-12-31,"[1, 4, 7, 9, 11, 13, 14, 17, 30, 35, 36, 49, 52, 58, 65, 68, 72, 74, 76, 79]",120
114074013,2025-12-31,"[14, 17, 20, 22, 24, 25, 26, 27, 31, 32, 36, 43, 53, 58, 59, 60, 62, 63, 78, 79]",121
114074014,2025-12-31,"[3, 16, 18, 24, 27, 29, 33, 34, 35, 40, 41, 43, 47, 50, 55, 67, 70, 72, 73, 76]",122
114074015,2025-12-31,"[1, 10, 15, 19, 21, 22, 24, 26, 27, 31, 33, 41, 46, 55, 56, 59, 71, 75, 78, 80]",123
114074016,2025-12-31,"[1, 5, 8, 10, 13, 18, 19, 25, 29, 32, 46, 47, 57, 62, 63, 66, 69, 70, 74, 75]",124
114074017,2025-12-31,"[3, 4, 8, 11, 12, 24, 31, 32, 39, 40, 42, 45, 49, 50, 55, 64, 67, 71, 75, 79]",125
114074018,2025-12-31,"[2, 6, 7, 14, 16, 17, 23, 26, 27, 34, 35, 46, 57, 58, 62, 63, 66, 70, 77, 78]",126
114074019,2025-12-31,"[3, 5, 6, 7, 13, 17, 25, 27, 28, 33, 43, 44, 46, 51, 53, 57, 68, 70, 77, 79]",127
114074020,2025-12-31,"[4, 6, 10, 11, 14, 15, 21, 24, 25, 33, 34, 43, 45, 46, 53, 58, 64, 66, 74, 75]",128
114074021,2025-12-31,"[5, 18, 27, 28, 31, 33, 34, 35, 38, 42, 44, 56, 60, 61, 62, 67, 70, 71, 74, 75]",129
114074022,2025-12-31,"[1, 2, 4, 6, 15, 22, 26, 32, 34, 35, 39, 43, 44, 48, 55, 56, 58, 62, 67, 72]",130
114074023,2025-12-31,"[4, 5, 9, 11, 21, 26, 33, 36, 40, 44, 53, 57, 64, 69, 70, 74, 75, 76, 77, 78]",131
114074024,2025-12-31,"[1, 4, 8, 12, 13, 15, 21, 22, 25, 38, 43, 47, 53, 55, 60, 61, 63, 66, 71, 72]",132
114074025,2025-12-31,"[3, 15, 16, 17, 18, 19, 21, 22, 23, 29, 31, 32, 34, 45, 46, 51, 56, 58, 72, 76]",133
114074026,2025-12-31,"[5, 7, 11, 12, 14, 17, 18, 19, 24, 26, 43, 48, 51, 53, 56, 61, 65, 74, 75, 78]",134
114074027,2025-12-31,"[1, 4, 5, 11, 18, 22, 24, 28, 34, 38, 44, 46, 50, 51, 54, 60, 62, 65, 72, 80]",135
114074028,2025-12-31,"[7, 18, 19, 24, 27, 31, 32, 35, 38, 40, 47, 48, 52, 53, 62, 71, 73, 76, 78, 80]",136
114074029,2025-12-31,"[3, 4, 5, 7, 16, 22, 23, 29, 31, 38, 39, 46, 53, 55, 57, 61, 65, 75, 76, 80]",137
114074030,2025-12-31,"[3, 6, 11, 12, 15, 17, 19, 24, 28, 46, 47, 51, 52, 54, 68, 72, 74, 78, 79, 80]",138
114074031,2025-12-31,"[4, 8, 11, 13, 14, 18, 19, 22, 25, 31, 35, 39, 52, 53, 57, 63, 70, 73, 74, 78]",139
114074032,2025-12-31,"[2, 4, 8, 13, 15, 17, 19, 23, 30, 34, 35, 40, 48, 52, 58, 64, 71, 73, 79, 80]",140
114074033,2025-12-31,"[3, 11, 17, 19, 20, 21, 32, 34, 35, 46, 47, 49, 51, 55, 58, 60, 65, 66, 76, 80]",141
114074034,2025-12-31,"[1, 4, 22, 26, 31, 32, 33, 35, 38, 57, 62, 70, 71, 72, 73, 75, 76, 77, 79, 80]",142
114074035,2025-12-31,"[2, 12, 16, 22, 27, 33, 34, 36, 38, 39, 41, 44, 49, 55, 62, 67, 73, 77, 78, 79]",143
114074036,2025-12-31,"[5, 6, 7, 10, 13, 14, 15, 18, 20, 30, 31, 32, 36, 39, 40, 41, 54, 58, 75, 77]",144
114074037,2025-12-31,"[1, 5, 10, 11, 13, 14, 20, 24, 28, 29, 34, 39, 43, 44, 47, 49, 51, 53, 57, 63]",145
114074038,2025-12-31,"[2, 9, 14, 17, 19, 26, 27, 32, 33, 42, 46, 49, 52, 54, 57, 60, 61, 63, 65, 66]",146
114074039,2025-12-31,"[1, 5, 8, 9, 16, 17, 20, 28, 29, 32, 37, 43, 49, 51, 53, 55, 60, 76, 78, 80]",147
114074040,2025-12-31,"[2, 3, 7, 9, 10, 14, 23, 24, 33, 35, 38, 39, 40, 43, 53, 59, 63, 70, 71, 75]",148
114074041,2025-12-31,"[3, 7, 8, 11, 12, 13, 25, 28, 29, 33, 36, 41, 42, 46, 49, 58, 62, 63, 68, 73]",149
114074042,2025-12-31,"[13, 14, 22, 31, 35, 37, 38, 39, 41, 42, 49, 51, 57, 58, 64, 69, 71, 72, 75, 77]",150
114074043,2025-12-31,"[5, 9, 11, 14, 17, 30, 31, 34, 41, 46, 47, 52, 64, 65, 68, 70, 71, 76, 77, 80]",151
114074044,2025-12-31,"[1, 5, 7, 9, 11, 17, 22, 25, 26, 28, 34, 44, 46, 52, 54, 55, 56, 62, 78, 80]",152
114074045,2025-12-31,"[2, 5, 9, 10, 16, 20, 27, 39, 40, 41, 44, 46, 50, 52, 57, 66, 69, 70, 73, 77]",153
114074046,2025-12-31,"[4, 5, 15, 16, 19, 20, 26, 30, 34, 40, 42, 47, 49, 50, 52, 56, 66, 76, 79, 80]",154
114074047,2025-12-31,"[1, 3, 6, 15, 19, 28, 29, 33, 35, 36, 41, 43, 44, 46, 47, 51, 63, 73, 74, 80]",155
114074048,2025-12-31,"[12, 18, 19, 20, 22, 29, 31, 32, 35, 37, 40, 51, 60, 62, 71, 73, 74, 76, 79, 80]",156
114074049,2025-12-31,"[1, 3, 6, 8, 13, 14, 26, 29, 35, 36, 42, 50, 51, 56, 59, 63, 66, 68, 75, 80]",157
114074050,2025-12-31,"[9, 10, 11, 23, 26, 31, 32, 38, 47, 52, 55, 61, 62, 68, 71, 74, 75, 76, 78, 80]",158
114074051,2025-12-31,"[7, 13, 14, 26, 28, 32, 33, 41, 42, 47, 48, 52, 54, 57, 61, 64, 69, 72, 73, 75]",159
114074052,2025-12-31,"[1, 9, 24, 29, 32, 39, 40, 42, 43, 46, 50, 51, 52, 56, 57, 59, 60, 61, 75, 78]",160
114074053,2025-12-31,"[4, 7, 13, 15, 18, 19, 20, 30, 32, 34, 36, 52, 53, 55, 57, 63, 65, 76, 77, 80]",161
114074054,2025-12-31,"[2, 9, 16, 17, 20, 22, 30, 37, 38, 42, 44, 47, 48, 54, 59, 62, 65, 67, 71, 72]",162
114074055,2025-12-31,"[2, 7, 21, 22, 33, 35, 38, 47, 51, 52, 57, 59, 60, 65, 70, 73, 74, 78, 79, 80]",163
114074056,2025-12-31,"[8, 11, 19, 26, 30, 32, 35, 39, 40, 41, 44, 47, 50, 52, 53, 55, 60, 68, 74, 77]",164
114074057,2025-12-31,"[8, 10, 12, 18, 20, 21, 23, 25, 32, 37, 39, 41, 42, 48, 54, 55, 57, 58, 64, 65]",165
114074058,2025-12-31,"[1, 3, 6, 10, 26, 27, 29, 30, 46, 47, 57, 59, 60, 62, 65, 66, 67, 70, 71, 80]",166
114074059,2025-12-31,"[1, 2, 4, 15, 19, 20, 23, 33, 42, 47, 52, 53, 54, 55, 59, 66, 71, 74, 78, 79]",167
114074060,2025-12-31,"[1, 11, 12, 14, 15, 17, 25, 29, 30, 33, 35, 45, 49, 53, 55, 56, 60, 61, 76, 80]",168
114074061,2025-12-31,"[1, 3, 6, 8, 18, 24, 26, 27, 29, 36, 37, 45, 49, 50, 57, 60, 66, 67, 72, 76]",169
114074062,2025-12-31,"[1, 2, 4, 11, 14, 22, 26, 28, 35, 39, 42, 43, 48, 54, 55, 58, 59, 63, 69, 72]",170
114074063,2025-12-31,"[6, 9, 11, 14, 18, 19, 21, 32, 34, 41, 43, 49, 50, 54, 55, 59, 66, 72, 78, 79]",171
114074064,2025-12-31,"[9, 13, 15, 19, 22, 25, 26, 28, 33, 35, 36, 37, 38, 41, 51, 52, 63, 72, 76, 78]",172
114074065,2025-12-31,"[7, 15, 23, 24, 25, 31, 36, 37, 43, 45, 48, 52, 54, 56, 57, 63, 69, 74, 79, 80]",173
114074066,2025-12-31,"[13, 20, 21, 25, 26, 29, 35, 37, 41, 42, 48, 51, 53, 59, 60, 64, 66, 70, 77, 79]",174
114074067,2025-12-31,"[2, 15, 16, 19, 20, 23, 24, 38, 40, 43, 44, 47, 48, 59, 61, 62, 63, 67, 68, 73]",175
114074068,2025-12-31,"[3, 5, 7, 11, 12, 17, 20, 30, 32, 34, 35, 36, 42, 51, 56, 57, 63, 67, 76, 77]",176
114074069,2025-12-31,"[6, 10, 12, 13, 18, 21, 22, 25, 33, 35, 38, 43, 45, 47, 49, 51, 64, 68, 70, 79]",177
114074070,2025-12-31,"[5, 11, 16, 27, 34, 35, 36, 40, 53, 55, 57, 58, 59, 61, 66, 71, 73, 76, 77, 80]",178
114074071,2025-12-31,"[6, 8, 10, 15, 21, 24, 27, 29, 35, 42, 46, 50, 51, 52, 67, 68, 69, 77, 79, 80]",179
114074072,2025-12-31,"[2, 18, 19, 24, 27, 33, 34, 43, 44, 48, 51, 54, 55, 56, 60, 64, 67, 69, 73, 77]",180
114074073,2025-12-31,"[9, 11, 12, 17, 19, 27, 32, 35, 41, 44, 47, 55, 58, 59, 61, 66, 68, 73, 74, 75]",181
114074074,2025-12-31,"[4, 8, 9, 14, 15, 21, 22, 24, 25, 28, 34, 40, 44, 52, 59, 61, 71, 73, 75, 78]",182
114074075,2025-12-31,"[6, 8, 12, 15, 16, 17, 18, 21, 22, 23, 25, 28, 35, 57, 64, 68, 69, 74, 75, 79]",183
114074076,2025-12-31,"[4, 6, 8, 9, 11, 14, 16, 25, 28, 44, 45, 49, 54, 58, 64, 66, 70, 71, 79, 80]",184
114074077,2025-12-31,"[4, 8, 10, 12, 13, 14, 15, 21, 26, 34, 35, 37, 41, 43, 44, 56, 66, 69, 71, 75]",185
114074078,2025-12-31,"[4, 10, 14, 22, 25, 35, 36, 37, 38, 41, 49, 50, 56, 58, 63, 67, 72, 75, 77, 80]",186
114074079,2025-12-31,"[4, 16, 17, 24, 30, 31, 32, 33, 36, 48, 49, 51, 53, 55, 58, 60, 67, 72, 76, 79]",187
114074080,2025-12-31,"[6, 9, 11, 13, 24, 31, 35, 37, 39, 40, 48, 49, 51, 53, 54, 57, 60, 72, 74, 75]",188
114074081,2025-12-31,"[2, 4, 10, 14, 15, 16, 22, 23, 29, 34, 41, 44, 48, 49, 53, 56, 58, 66, 73, 74]",189
114074082,2025-12-31,"[2, 10, 11, 12, 15, 16, 17, 21, 22, 23, 26, 34, 37, 40, 44, 45, 61, 66, 75, 80]",190
114074083,2025-12-31,"[7, 8, 12, 17, 18, 19, 23, 28, 31, 37, 39, 44, 51, 55, 59, 63, 68, 72, 73, 76]",191
114074084,2025-12-31,"[2, 3, 6, 9, 11, 12, 20, 23, 28, 36, 44, 51, 59, 65, 69, 70, 72, 76, 77, 79]",192
114074085,2025-12-31,"[3, 9, 10, 12, 17, 18, 31, 33, 38, 39, 41, 44, 51, 53, 54, 57, 59, 69, 70, 75]",193
114074086,2025-12-31,"[1, 2, 9, 10, 14, 16, 17, 21, 22, 24, 29, 37, 39, 40, 45, 46, 51, 64, 74, 78]",194
114074087,2025-12-31,"[1, 8, 14, 15, 16, 17, 19, 25, 28, 30, 31, 33, 43, 47, 49, 57, 58, 63, 70, 72]",195
114074088,2025-12-31,"[7, 13, 15, 16, 18, 20, 23, 25, 27, 31, 33, 34, 42, 51, 55, 56, 62, 67, 77, 80]",196
114074089,2025-12-31,"[5, 7, 9, 12, 26, 27, 30, 37, 39, 42, 43, 44, 46, 48, 49, 52, 55, 66, 67, 75]",197
114074090,2025-12-31,"[4, 28, 32, 35, 36, 40, 45, 51, 53, 54, 55, 60, 61, 64, 67, 69, 70, 74, 75, 76]",198
114074091,2025-12-31,"[3, 5, 10, 15, 16, 22, 27, 29, 30, 34, 36, 54, 58, 65, 70, 72, 73, 76, 77, 80]",199
114074092,2025-12-31,"[2, 6, 7, 17, 19, 23, 26, 28, 38, 41, 42, 46, 49, 57, 58, 62, 68, 72, 76, 78]",200
114074093,2025-12-31,"[1, 9, 13, 16, 19, 20, 24, 30, 31, 39, 41, 46, 51, 61, 63, 64, 65, 66, 70, 79]",201
114074094,2025-12-31,"[1, 4, 9, 15, 18, 26, 28, 32, 33, 36, 40, 44, 50, 56, 58, 60, 65, 71, 72, 80]",202
114074095,2025-12-31,"[2, 6, 13, 15, 18, 29, 39, 41, 43, 45, 54, 55, 65, 66, 68, 70, 72, 75, 76, 78]",203
