scheme,board_id,size_class,mask_ratio,mask_idx,target_number,rank,top1,top3,top5,top10,active_module_count_mean,abstain_rate,no_informative_modules_rate,score_std,final_score_std
baseline,xlsx:樣本2:Sheet15:2:1:8x10,8x10,0.3,0,5,5,0,0,1,1,9.375,0.0,0.0,0.09201433001513368,0.09201433001513368
hard_gate_050,xlsx:樣本2:Sheet15:2:1:8x10,8x10,0.3,0,5,5,0,0,1,1,4.541666666666667,0.5532786885245902,0.0,0.06688192578365565,0.06688192578365565
hard_gate_055,xlsx:樣本2:Sheet15:2:1:8x10,8x10,0.3,0,5,5,0,0,1,1,2.1666666666666665,0.7868852459016393,0.0,0.0775774658577755,0.0775774658577755
hard_gate_060,xlsx:樣本2:Sheet15:2:1:8x10,8x10,0.3,0,5,7,0,0,0,1,1.75,0.8278688524590164,0.0,0.07460759298209,0.07460759298209
soft_gate_050,xlsx:樣本2:Sheet15:2:1:8x10,8x10,0.3,0,5,6,0,0,0,1,9.375,0.0,0.0,0.07896807421537919,0.07896807421537919
centered_weighted_sum,xlsx:樣本2:Sheet15:2:1:8x10,8x10,0.3,0,5,5,0,0,1,1,9.458333333333334,0.0,0.0,0.09201433001513369,0.09201433001513369
baseline,xlsx:樣本2:Sheet15:2:1:8x10,8x10,0.3,0,15,6,0,0,0,1,9.333333333333334,0.0,0.0,0.08579721939432729,0.08579721939432729
hard_gate_050,xlsx:樣本2:Sheet15:2:1:8x10,8x10,0.3,0,15,6,0,0,0,1,4.625,0.5432098765432098,0.0,0.06431516671408621,0.06431516671408621
hard_gate_055,xlsx:樣本2:Sheet15:2:1:8x10,8x10,0.3,0,15,12,0,0,0,0,2.25,0.7777777777777778,0.0,0.07586068977316042,0.07586068977316042
hard_gate_060,xlsx:樣本2:Sheet15:2:1:8x10,8x10,0.3,0,15,10,0,0,0,1,1.8333333333333333,0.8189300411522634,0.0,0.08289108793488476,0.08289108793488476
soft_gate_050,xlsx:樣本2:Sheet15:2:1:8x10,8x10,0.3,0,15,6,0,0,0,1,9.333333333333334,0.0,0.0,0.09316317737718174,0.09316317737718174
centered_weighted_sum,xlsx:樣本2:Sheet15:2:1:8x10,8x10,0.3,0,15,6,0,0,0,1,9.458333333333334,0.0,0.0,0.08579721939432729,0.08579721939432729
baseline,xlsx:樣本2:Sheet15:2:1:8x10,8x10,0.3,0,21,6,0,0,0,1,9.25,0.0,0.0,0.07771497340451228,0.07771497340451228
hard_gate_050,xlsx:樣本2:Sheet15:2:1:8x10,8x10,0.3,0,21,8,0,0,0,1,4.75,0.5308641975308642,0.0,0.07955780445800714,0.07955780445800714
hard_gate_055,xlsx:樣本2:Sheet15:2:1:8x10,8x10,0.3,0,21,13,0,0,0,0,2.375,0.7654320987654321,0.0,0.07639550174510377,0.07639550174510377
hard_gate_060,xlsx:樣本2:Sheet15:2:1:8x10,8x10,0.3,0,21,8,0,0,0,1,2.0,0.8024691358024691,0.0,0.06981949867932631,0.06981949867932631
soft_gate_050,xlsx:樣本2:Sheet15:2:1:8x10,8x10,0.3,0,21,7,0,0,0,1,9.25,0.0,0.0,0.07810905800136955,0.07810905800136955
centered_weighted_sum,xlsx:樣本2:Sheet15:2:1:8x10,8x10,0.3,0,21,6,0,0,0,1,9.458333333333334,0.0,0.0,0.07771497340451228,0.07771497340451228
baseline,xlsx:樣本2:Sheet15:2:1:8x10,8x10,0.3,0,24,17,0,0,0,0,9.125,0.0,0.0,0.06778997569686712,0.06778997569686712
hard_gate_050,xlsx:樣本2:Sheet15:2:1:8x10,8x10,0.3,0,24,18,0,0,0,0,4.75,0.5269709543568465,0.0,0.07266306037505661,0.07266306037505661
hard_gate_055,xlsx:樣本2:Sheet15:2:1:8x10,8x10,0.3,0,24,11,0,0,0,0,2.3333333333333335,0.7676348547717843,0.0,0.07154318805134614,0.07154318805134614
hard_gate_060,xlsx:樣本2:Sheet15:2:1:8x10,8x10,0.3,0,24,16,0,0,0,0,1.9166666666666667,0.8091286307053942,0.0,0.06882886036367258,0.06882886036367258
soft_gate_050,xlsx:樣本2:Sheet15:2:1:8x10,8x10,0.3,0,24,19,0,0,0,0,9.125,0.0,0.0,0.07017115882447594,0.07017115882447594
centered_weighted_sum,xlsx:樣本2:Sheet15:2:1:8x10,8x10,0.3,0,24,17,0,0,0,0,9.458333333333334,0.0,0.0,0.06778997569686712,0.06778997569686712
baseline,xlsx:樣本2:Sheet15:2:1:8x10,8x10,0.3,0,25,12,0,0,0,0,9.125,0.0,0.0,0.06639515642484954,0.06639515642484954
hard_gate_050,xlsx:樣本2:Sheet15:2:1:8x10,8x10,0.3,0,25,15,0,0,0,0,4.75,0.5269709543568465,0.0,0.07323977127189614,0.07323977127189614
hard_gate_055,xlsx:樣本2:Sheet15:2:1:8x10,8x10,0.3,0,25,20,0,0,0,0,2.3333333333333335,0.7676348547717843,0.0,0.07197736081808623,0.07197736081808623
hard_gate_060,xlsx:樣本2:Sheet15:2:1:8x10,8x10,0.3,0,25,19,0,0,0,0,1.9166666666666667,0.8091286307053942,0.0,0.07223133106060624,0.07223133106060624
soft_gate_050,xlsx:樣本2:Sheet15:2:1:8x10,8x10,0.3,0,25,13,0,0,0,0,9.125,0.0,0.0,0.07011167725009984,0.07011167725009984
centered_weighted_sum,xlsx:樣本2:Sheet15:2:1:8x10,8x10,0.3,0,25,12,0,0,0,0,9.458333333333334,0.0,0.0,0.06639515642484954,0.06639515642484954
baseline,xlsx:樣本2:Sheet15:2:1:8x10,8x10,0.3,0,26,23,0,0,0,0,9.083333333333334,0.0,0.0,0.06601743892338238,0.06601743892338238
hard_gate_050,xlsx:樣本2:Sheet15:2:1:8x10,8x10,0.3,0,26,21,0,0,0,0,4.833333333333333,0.5166666666666667,0.0,0.07056170628618408,0.07056170628618408
hard_gate_055,xlsx:樣本2:Sheet15:2:1:8x10,8x10,0.3,0,26,23,0,0,0,0,2.3333333333333335,0.7666666666666667,0.0,0.07654739213043779,0.07654739213043779
hard_gate_060,xlsx:樣本2:Sheet15:2:1:8x10,8x10,0.3,0,26,23,0,0,0,0,1.875,0.8125,0.0,0.07102821845402689,0.07102821845402689
soft_gate_050,xlsx:樣本2:Sheet15:2:1:8x10,8x10,0.3,0,26,22,0,0,0,0,9.083333333333334,0.0,0.0,0.07219021337108353,0.07219021337108353
centered_weighted_sum,xlsx:樣本2:Sheet15:2:1:8x10,8x10,0.3,0,26,23,0,0,0,0,9.458333333333334,0.0,0.0,0.06601743892338238,0.06601743892338238
baseline,xlsx:樣本2:Sheet15:2:1:8x10,8x10,0.3,0,27,7,0,0,0,1,9.333333333333334,0.0,0.0,0.06380454208094484,0.06380454208094484
hard_gate_050,xlsx:樣本2:Sheet15:2:1:8x10,8x10,0.3,0,27,4,0,0,1,1,4.791666666666667,0.532520325203252,0.0,0.06723782434915589,0.06723782434915589
hard_gate_055,xlsx:樣本2:Sheet15:2:1:8x10,8x10,0.3,0,27,8,0,0,0,1,2.5833333333333335,0.7479674796747967,0.0,0.0770797731177138,0.0770797731177138
hard_gate_060,xlsx:樣本2:Sheet15:2:1:8x10,8x10,0.3,0,27,8,0,0,0,1,2.0416666666666665,0.8008130081300813,0.0,0.07878961985026903,0.07878961985026903
soft_gate_050,xlsx:樣本2:Sheet15:2:1:8x10,8x10,0.3,0,27,8,0,0,0,1,9.333333333333334,0.0,0.0,0.06972499688579206,0.06972499688579206
centered_weighted_sum,xlsx:樣本2:Sheet15:2:1:8x10,8x10,0.3,0,27,7,0,0,0,1,9.458333333333334,0.0,0.0,0.06380454208094484,0.06380454208094484
baseline,xlsx:樣本2:Sheet15:2:1:8x10,8x10,0.3,0,39,7,0,0,0,1,9.041666666666666,0.0,0.0,0.06446866157142409,0.06446866157142409
hard_gate_050,xlsx:樣本2:Sheet15:2:1:8x10,8x10,0.3,0,39,5,0,0,1,1,5.0,0.5061728395061729,0.0,0.06721527793438525,0.06721527793438525
hard_gate_055,xlsx:樣本2:Sheet15:2:1:8x10,8x10,0.3,0,39,6,0,0,0,1,2.5833333333333335,0.7448559670781894,0.0,0.07705151941628884,0.07705151941628884
hard_gate_060,xlsx:樣本2:Sheet15:2:1:8x10,8x10,0.3,0,39,11,0,0,0,0,2.0416666666666665,0.7983539094650206,0.0,0.06777519598862053,0.06777519598862053
soft_gate_050,xlsx:樣本2:Sheet15:2:1:8x10,8x10,0.3,0,39,9,0,0,0,1,9.041666666666666,0.0,0.0,0.060405366395382555,0.060405366395382555
centered_weighted_sum,xlsx:樣本2:Sheet15:2:1:8x10,8x10,0.3,0,39,7,0,0,0,1,9.458333333333334,0.0,0.0,0.06446866157142409,0.06446866157142409
baseline,xlsx:樣本2:Sheet15:2:1:8x10,8x10,0.3,0,41,3,0,1,1,1,9.041666666666666,0.0,0.0,0.06233291965909272,0.06233291965909272
hard_gate_050,xlsx:樣本2:Sheet15:2:1:8x10,8x10,0.3,0,41,8,0,0,0,1,4.958333333333333,0.5102880658436214,0.0,0.06150516737629545,0.06150516737629545
hard_gate_055,xlsx:樣本2:Sheet15:2:1:8x10,8x10,0.3,0,41,15,0,0,0,0,2.5833333333333335,0.7448559670781894,0.0,0.07098543855875987,0.07098543855875987
hard_gate_060,xlsx:樣本2:Sheet15:2:1:8x10,8x10,0.3,0,41,10,0,0,0,1,2.125,0.7901234567901234,0.0,0.07852045778909693,0.07852045778909693
soft_gate_050,xlsx:樣本2:Sheet15:2:1:8x10,8x10,0.3,0,41,3,0,1,1,1,9.041666666666666,0.0,0.0,0.062024960366886504,0.062024960366886504
centered_weighted_sum,xlsx:樣本2:Sheet15:2:1:8x10,8x10,0.3,0,41,3,0,1,1,1,9.458333333333334,0.0,0.0,0.06233291965909271,0.06233291965909271
baseline,xlsx:樣本2:Sheet15:2:1:8x10,8x10,0.3,0,43,11,0,0,0,0,8.958333333333334,0.0,0.0,0.05913120875984817,0.05913120875984817
hard_gate_050,xlsx:樣本2:Sheet15:2:1:8x10,8x10,0.3,0,43,14,0,0,0,0,4.958333333333333,0.5062240663900415,0.0,0.05728081733222646,0.05728081733222646
hard_gate_055,xlsx:樣本2:Sheet15:2:1:8x10,8x10,0.3,0,43,12,0,0,0,0,2.4166666666666665,0.7593360995850622,0.0,0.069536426733078,0.069536426733078
hard_gate_060,xlsx:樣本2:Sheet15:2:1:8x10,8x10,0.3,0,43,16,0,0,0,0,2.0,0.8008298755186722,0.0,0.06406838520028868,0.06406838520028868
soft_gate_050,xlsx:樣本2:Sheet15:2:1:8x10,8x10,0.3,0,43,19,0,0,0,0,8.958333333333334,0.0,0.0,0.060428946921030846,0.060428946921030846
centered_weighted_sum,xlsx:樣本2:Sheet15:2:1:8x10,8x10,0.3,0,43,11,0,0,0,0,9.458333333333334,0.0,0.0,0.05913120875984817,0.05913120875984817
baseline,xlsx:樣本2:Sheet15:2:1:8x10,8x10,0.3,0,45,5,0,0,1,1,8.958333333333334,0.0,0.0,0.05769377779384408,0.05769377779384408
hard_gate_050,xlsx:樣本2:Sheet15:2:1:8x10,8x10,0.3,0,45,8,0,0,0,1,4.916666666666667,0.5103734439834025,0.0,0.05320339431664025,0.05320339431664025
hard_gate_055,xlsx:樣本2:Sheet15:2:1:8x10,8x10,0.3,0,45,3,0,1,1,1,2.4166666666666665,0.7593360995850622,0.0,0.06568458350766389,0.06568458350766389
hard_gate_060,xlsx:樣本2:Sheet15:2:1:8x10,8x10,0.3,0,45,4,0,0,1,1,2.0,0.8008298755186722,0.0,0.054965736974912256,0.054965736974912256
soft_gate_050,xlsx:樣本2:Sheet15:2:1:8x10,8x10,0.3,0,45,13,0,0,0,0,8.958333333333334,0.0,0.0,0.060399314792931744,0.060399314792931744
centered_weighted_sum,xlsx:樣本2:Sheet15:2:1:8x10,8x10,0.3,0,45,5,0,0,1,1,9.458333333333334,0.0,0.0,0.05769377779384408,0.05769377779384408
baseline,xlsx:樣本2:Sheet15:2:1:8x10,8x10,0.3,0,48,3,0,1,1,1,8.958333333333334,0.0,0.0,0.05628506733822109,0.05628506733822109
hard_gate_050,xlsx:樣本2:Sheet15:2:1:8x10,8x10,0.3,0,48,5,0,0,1,1,4.833333333333333,0.5186721991701245,0.0,0.04853735294985462,0.04853735294985462
hard_gate_055,xlsx:樣本2:Sheet15:2:1:8x10,8x10,0.3,0,48,11,0,0,0,0,2.375,0.7634854771784232,0.0,0.057841320816332094,0.057841320816332094
hard_gate_060,xlsx:樣本2:Sheet15:2:1:8x10,8x10,0.3,0,48,17,0,0,0,0,1.9166666666666667,0.8091286307053942,0.0,0.05174571490119005,0.05174571490119005
soft_gate_050,xlsx:樣本2:Sheet15:2:1:8x10,8x10,0.3,0,48,2,0,1,1,1,8.958333333333334,0.0,0.0,0.062190527940116466,0.062190527940116466
centered_weighted_sum,xlsx:樣本2:Sheet15:2:1:8x10,8x10,0.3,0,48,3,0,1,1,1,9.458333333333334,0.0,0.0,0.05628506733822109,0.05628506733822109
baseline,xlsx:樣本2:Sheet15:2:1:8x10,8x10,0.3,0,50,6,0,0,0,1,8.958333333333334,0.0,0.0,0.056091824765638724,0.056091824765638724
hard_gate_050,xlsx:樣本2:Sheet15:2:1:8x10,8x10,0.3,0,50,8,0,0,0,1,4.833333333333333,0.5186721991701245,0.0,0.04667568545683074,0.04667568545683074
hard_gate_055,xlsx:樣本2:Sheet15:2:1:8x10,8x10,0.3,0,50,1,1,1,1,1,2.2916666666666665,0.7717842323651453,0.0,0.05587470353693823,0.05587470353693823
hard_gate_060,xlsx:樣本2:Sheet15:2:1:8x10,8x10,0.3,0,50,1,1,1,1,1,1.875,0.8132780082987552,0.0,0.05158455794087955,0.05158455794087955
soft_gate_050,xlsx:樣本2:Sheet15:2:1:8x10,8x10,0.3,0,50,11,0,0,0,0,8.958333333333334,0.0,0.0,0.06332095217807832,0.06332095217807832
centered_weighted_sum,xlsx:樣本2:Sheet15:2:1:8x10,8x10,0.3,0,50,6,0,0,0,1,9.458333333333334,0.0,0.0,0.05609182476563874,0.05609182476563874
baseline,xlsx:樣本2:Sheet15:2:1:8x10,8x10,0.3,0,51,20,0,0,0,0,9.0,0.0,0.0,0.05539225528204107,0.05539225528204107
hard_gate_050,xlsx:樣本2:Sheet15:2:1:8x10,8x10,0.3,0,51,22,0,0,0,0,4.833333333333333,0.5206611570247934,0.0,0.04570045035151448,0.04570045035151448
hard_gate_055,xlsx:樣本2:Sheet15:2:1:8x10,8x10,0.3,0,51,24,0,0,0,0,2.2916666666666665,0.7727272727272727,0.0,0.05733397375784157,0.05733397375784157
hard_gate_060,xlsx:樣本2:Sheet15:2:1:8x10,8x10,0.3,0,51,24,0,0,0,0,1.9583333333333333,0.8057851239669421,0.0,0.05707611770349511,0.05707611770349511
soft_gate_050,xlsx:樣本2:Sheet15:2:1:8x10,8x10,0.3,0,51,21,0,0,0,0,9.0,0.0,0.0,0.06262494043840322,0.06262494043840322
centered_weighted_sum,xlsx:樣本2:Sheet15:2:1:8x10,8x10,0.3,0,51,20,0,0,0,0,9.458333333333334,0.0,0.0,0.05539225528204107,0.05539225528204107
baseline,xlsx:樣本2:Sheet15:2:1:8x10,8x10,0.3,0,52,6,0,0,0,1,9.083333333333334,0.0,0.0,0.0550437968075359,0.0550437968075359
hard_gate_050,xlsx:樣本2:Sheet15:2:1:8x10,8x10,0.3,0,52,1,1,1,1,1,4.875,0.5204918032786885,0.0,0.04789037277427287,0.04789037277427287
hard_gate_055,xlsx:樣本2:Sheet15:2:1:8x10,8x10,0.3,0,52,15,0,0,0,0,2.375,0.7663934426229508,0.0,0.05962270496918736,0.05962270496918736
hard_gate_060,xlsx:樣本2:Sheet15:2:1:8x10,8x10,0.3,0,52,10,0,0,0,1,1.9583333333333333,0.8073770491803278,0.0,0.05869248122859533,0.05869248122859533
soft_gate_050,xlsx:樣本2:Sheet15:2:1:8x10,8x10,0.3,0,52,7,0,0,0,1,9.083333333333334,0.0,0.0,0.06278643416554157,0.06278643416554157
centered_weighted_sum,xlsx:樣本2:Sheet15:2:1:8x10,8x10,0.3,0,52,6,0,0,0,1,9.458333333333334,0.0,0.0,0.0550437968075359,0.0550437968075359
baseline,xlsx:樣本2:Sheet15:2:1:8x10,8x10,0.3,0,54,12,0,0,0,0,8.958333333333334,0.0,0.0,0.05570488839807526,0.05570488839807526
hard_gate_050,xlsx:樣本2:Sheet15:2:1:8x10,8x10,0.3,0,54,5,0,0,1,1,4.791666666666667,0.5228215767634855,0.0,0.04748049172357384,0.04748049172357384
hard_gate_055,xlsx:樣本2:Sheet15:2:1:8x10,8x10,0.3,0,54,4,0,0,1,1,2.2916666666666665,0.7717842323651453,0.0,0.06087943213091505,0.06087943213091505
hard_gate_060,xlsx:樣本2:Sheet15:2:1:8x10,8x10,0.3,0,54,7,0,0,0,1,1.8333333333333333,0.8174273858921162,0.0,0.04939713011164451,0.04939713011164451
soft_gate_050,xlsx:樣本2:Sheet15:2:1:8x10,8x10,0.3,0,54,13,0,0,0,0,8.958333333333334,0.0,0.0,0.06090649347912981,0.06090649347912981
centered_weighted_sum,xlsx:樣本2:Sheet15:2:1:8x10,8x10,0.3,0,54,12,0,0,0,0,9.333333333333334,0.0,0.0,0.05570488839807527,0.05570488839807527
baseline,xlsx:樣本2:Sheet15:2:1:8x10,8x10,0.3,0,58,22,0,0,0,0,9.041666666666666,0.0,0.0,0.06543833697899698,0.06543833697899698
hard_gate_050,xlsx:樣本2:Sheet15:2:1:8x10,8x10,0.3,0,58,21,0,0,0,0,4.75,0.5289256198347108,0.0,0.05500417095388122,0.05500417095388122
hard_gate_055,xlsx:樣本2:Sheet15:2:1:8x10,8x10,0.3,0,58,12,0,0,0,0,2.1666666666666665,0.7851239669421488,0.0,0.06467542778009899,0.06467542778009899
hard_gate_060,xlsx:樣本2:Sheet15:2:1:8x10,8x10,0.3,0,58,16,0,0,0,0,1.75,0.8264462809917356,0.0,0.05957877368399035,0.05957877368399035
soft_gate_050,xlsx:樣本2:Sheet15:2:1:8x10,8x10,0.3,0,58,21,0,0,0,0,9.041666666666666,0.0,0.0,0.06977695499508091,0.06977695499508091
centered_weighted_sum,xlsx:樣本2:Sheet15:2:1:8x10,8x10,0.3,0,58,22,0,0,0,0,9.458333333333334,0.0,0.0,0.06543833697899698,0.06543833697899698
baseline,xlsx:樣本2:Sheet15:2:1:8x10,8x10,0.3,0,63,11,0,0,0,0,9.166666666666666,0.0,0.0,0.06367054590708336,0.06367054590708336
hard_gate_050,xlsx:樣本2:Sheet15:2:1:8x10,8x10,0.3,0,63,17,0,0,0,0,4.5,0.5591836734693878,0.0,0.0547466322597007,0.0547466322597007
hard_gate_055,xlsx:樣本2:Sheet15:2:1:8x10,8x10,0.3,0,63,11,0,0,0,0,2.2916666666666665,0.7755102040816326,0.0,0.06793470482659032,0.06793470482659032
hard_gate_060,xlsx:樣本2:Sheet15:2:1:8x10,8x10,0.3,0,63,17,0,0,0,0,1.8333333333333333,0.8204081632653061,0.0,0.06193891635682218,0.06193891635682218
soft_gate_050,xlsx:樣本2:Sheet15:2:1:8x10,8x10,0.3,0,63,11,0,0,0,0,9.166666666666666,0.0,0.0,0.059762430107888946,0.059762430107888946
centered_weighted_sum,xlsx:樣本2:Sheet15:2:1:8x10,8x10,0.3,0,63,11,0,0,0,0,9.458333333333334,0.0,0.0,0.06367054590708336,0.06367054590708336
baseline,xlsx:樣本2:Sheet15:2:1:8x10,8x10,0.3,0,64,19,0,0,0,0,8.958333333333334,0.0,0.0,0.06245404547910489,0.06245404547910489
hard_gate_050,xlsx:樣本2:Sheet15:2:1:8x10,8x10,0.3,0,64,16,0,0,0,0,4.5,0.55,0.0,0.0533743760613271,0.0533743760613271
hard_gate_055,xlsx:樣本2:Sheet15:2:1:8x10,8x10,0.3,0,64,16,0,0,0,0,2.0833333333333335,0.7916666666666666,0.0,0.06797822696002011,0.06797822696002011
hard_gate_060,xlsx:樣本2:Sheet15:2:1:8x10,8x10,0.3,0,64,6,0,0,0,1,1.7916666666666667,0.8208333333333333,0.0,0.06356846554235006,0.06356846554235006
soft_gate_050,xlsx:樣本2:Sheet15:2:1:8x10,8x10,0.3,0,64,12,0,0,0,0,8.958333333333334,0.0,0.0,0.059170602073255904,0.059170602073255904
centered_weighted_sum,xlsx:樣本2:Sheet15:2:1:8x10,8x10,0.3,0,64,19,0,0,0,0,9.458333333333334,0.0,0.0,0.06245404547910489,0.06245404547910489
baseline,xlsx:樣本2:Sheet15:2:1:8x10,8x10,0.3,0,67,24,0,0,0,0,9.125,0.0,0.0,0.05936267927705258,0.05936267927705258
hard_gate_050,xlsx:樣本2:Sheet15:2:1:8x10,8x10,0.3,0,67,24,0,0,0,0,4.5,0.5591836734693878,0.0,0.04637080988590046,0.04637080988590046
hard_gate_055,xlsx:樣本2:Sheet15:2:1:8x10,8x10,0.3,0,67,8,0,0,0,1,2.3333333333333335,0.7714285714285715,0.0,0.07241534776932602,0.07241534776932602
hard_gate_060,xlsx:樣本2:Sheet15:2:1:8x10,8x10,0.3,0,67,14,0,0,0,0,1.9583333333333333,0.8081632653061225,0.0,0.06744360313254284,0.06744360313254284
soft_gate_050,xlsx:樣本2:Sheet15:2:1:8x10,8x10,0.3,0,67,24,0,0,0,0,9.125,0.0,0.0,0.052714496020259564,0.052714496020259564
centered_weighted_sum,xlsx:樣本2:Sheet15:2:1:8x10,8x10,0.3,0,67,24,0,0,0,0,9.458333333333334,0.0,0.0,0.05936267927705258,0.05936267927705258
baseline,xlsx:樣本2:Sheet15:2:1:8x10,8x10,0.3,0,74,22,0,0,0,0,9.0,0.0,0.0,0.07695575132976312,0.07695575132976312
hard_gate_050,xlsx:樣本2:Sheet15:2:1:8x10,8x10,0.3,0,74,15,0,0,0,0,4.5,0.5518672199170125,0.0,0.0601817514963091,0.0601817514963091
hard_gate_055,xlsx:樣本2:Sheet15:2:1:8x10,8x10,0.3,0,74,13,0,0,0,0,2.0833333333333335,0.7925311203319502,0.0,0.08094613461497627,0.08094613461497627
hard_gate_060,xlsx:樣本2:Sheet15:2:1:8x10,8x10,0.3,0,74,18,0,0,0,0,1.75,0.8257261410788381,0.0,0.07638254028574858,0.07638254028574858
soft_gate_050,xlsx:樣本2:Sheet15:2:1:8x10,8x10,0.3,0,74,18,0,0,0,0,9.0,0.0,0.0,0.0651173966568907,0.0651173966568907
centered_weighted_sum,xlsx:樣本2:Sheet15:2:1:8x10,8x10,0.3,0,74,22,0,0,0,0,9.458333333333334,0.0,0.0,0.07695575132976311,0.07695575132976311
baseline,xlsx:樣本2:Sheet15:2:1:8x10,8x10,0.3,0,75,3,0,1,1,1,9.0,0.0,0.0,0.07708582859871685,0.07708582859871685
hard_gate_050,xlsx:樣本2:Sheet15:2:1:8x10,8x10,0.3,0,75,11,0,0,0,0,4.5,0.5537190082644629,0.0,0.06100160051188351,0.06100160051188351
hard_gate_055,xlsx:樣本2:Sheet15:2:1:8x10,8x10,0.3,0,75,6,0,0,0,1,2.125,0.7892561983471075,0.0,0.08030981083057519,0.08030981083057519
hard_gate_060,xlsx:樣本2:Sheet15:2:1:8x10,8x10,0.3,0,75,4,0,0,1,1,1.75,0.8264462809917356,0.0,0.07532591061141891,0.07532591061141891
soft_gate_050,xlsx:樣本2:Sheet15:2:1:8x10,8x10,0.3,0,75,3,0,1,1,1,9.0,0.0,0.0,0.06528598570903607,0.06528598570903607
centered_weighted_sum,xlsx:樣本2:Sheet15:2:1:8x10,8x10,0.3,0,75,3,0,1,1,1,9.416666666666666,0.0,0.0,0.07708582859871685,0.07708582859871685
baseline,xlsx:樣本2:Sheet15:2:1:8x10,8x10,0.3,0,76,13,0,0,0,0,8.958333333333334,0.0,0.0,0.07812740077729662,0.07812740077729662
hard_gate_050,xlsx:樣本2:Sheet15:2:1:8x10,8x10,0.3,0,76,18,0,0,0,0,4.541666666666667,0.5477178423236515,0.0,0.06201660646722712,0.06201660646722712
hard_gate_055,xlsx:樣本2:Sheet15:2:1:8x10,8x10,0.3,0,76,17,0,0,0,0,2.125,0.7883817427385892,0.0,0.0771320425973616,0.0771320425973616
hard_gate_060,xlsx:樣本2:Sheet15:2:1:8x10,8x10,0.3,0,76,20,0,0,0,0,1.7916666666666667,0.8215767634854771,0.0,0.0715358407989712,0.0715358407989712
soft_gate_050,xlsx:樣本2:Sheet15:2:1:8x10,8x10,0.3,0,76,16,0,0,0,0,8.958333333333334,0.0,0.0,0.06817541389210564,0.06817541389210564
centered_weighted_sum,xlsx:樣本2:Sheet15:2:1:8x10,8x10,0.3,0,76,13,0,0,0,0,9.458333333333334,0.0,0.0,0.07812740077729663,0.07812740077729663
baseline,xlsx:樣本2:Sheet15:2:1:8x10,8x10,0.3,0,77,23,0,0,0,0,9.083333333333334,0.0,0.0,0.0777966110317084,0.0777966110317084
hard_gate_050,xlsx:樣本2:Sheet15:2:1:8x10,8x10,0.3,0,77,24,0,0,0,0,4.458333333333333,0.5614754098360656,0.0,0.06070827385404858,0.06070827385404858
hard_gate_055,xlsx:樣本2:Sheet15:2:1:8x10,8x10,0.3,0,77,15,0,0,0,0,2.2083333333333335,0.7827868852459017,0.0,0.07930532199405448,0.07930532199405448
hard_gate_060,xlsx:樣本2:Sheet15:2:1:8x10,8x10,0.3,0,77,19,0,0,0,0,1.8333333333333333,0.819672131147541,0.0,0.07282307540360916,0.07282307540360916
soft_gate_050,xlsx:樣本2:Sheet15:2:1:8x10,8x10,0.3,0,77,23,0,0,0,0,9.083333333333334,0.0,0.0,0.06322124249970042,0.06322124249970042
centered_weighted_sum,xlsx:樣本2:Sheet15:2:1:8x10,8x10,0.3,0,77,23,0,0,0,0,9.416666666666666,0.0,0.0,0.07779661103170839,0.07779661103170839
baseline,xlsx:樣本2:Sheet15:2:1:8x10,8x10,0.5,0,3,34,0,0,0,0,9.275,0.0,0.0,0.11099171614461219,0.11099171614461219
hard_gate_050,xlsx:樣本2:Sheet15:2:1:8x10,8x10,0.5,0,3,29,0,0,0,0,3.175,0.6840796019900498,0.0,0.076652998053682,0.076652998053682
hard_gate_055,xlsx:樣本2:Sheet15:2:1:8x10,8x10,0.5,0,3,31,0,0,0,0,1.6,0.8407960199004975,0.0,0.0839519638186631,0.0839519638186631
hard_gate_060,xlsx:樣本2:Sheet15:2:1:8x10,8x10,0.5,0,3,29,0,0,0,0,1.15,0.8855721393034826,0.1,0.09573640943810761,0.09573640943810761
soft_gate_050,xlsx:樣本2:Sheet15:2:1:8x10,8x10,0.5,0,3,31,0,0,0,0,9.275,0.0,0.0,0.08388338381390541,0.08388338381390541
centered_weighted_sum,xlsx:樣本2:Sheet15:2:1:8x10,8x10,0.5,0,3,34,0,0,0,0,8.15,0.0,0.0,0.11099171614461219,0.11099171614461219
baseline,xlsx:樣本2:Sheet15:2:1:8x10,8x10,0.5,0,4,1,1,1,1,1,9.225,0.0,0.0,0.11138358618603325,0.11138358618603325
hard_gate_050,xlsx:樣本2:Sheet15:2:1:8x10,8x10,0.5,0,4,1,1,1,1,1,3.15,0.685,0.0,0.07698225730930798,0.07698225730930798
hard_gate_055,xlsx:樣本2:Sheet15:2:1:8x10,8x10,0.5,0,4,2,0,1,1,1,1.55,0.845,0.0,0.08486297938959446,0.08486297938959446
hard_gate_060,xlsx:樣本2:Sheet15:2:1:8x10,8x10,0.5,0,4,3,0,1,1,1,1.25,0.875,0.0,0.07904229422688214,0.07904229422688214
soft_gate_050,xlsx:樣本2:Sheet15:2:1:8x10,8x10,0.5,0,4,5,0,0,1,1,9.225,0.0,0.0,0.08276554799108934,0.08276554799108934
centered_weighted_sum,xlsx:樣本2:Sheet15:2:1:8x10,8x10,0.5,0,4,1,1,1,1,1,8.1,0.0,0.0,0.11138358618603325,0.11138358618603325
baseline,xlsx:樣本2:Sheet15:2:1:8x10,8x10,0.5,0,5,35,0,0,0,0,9.325,0.0,0.0,0.10996398860934696,0.10996398860934696
hard_gate_050,xlsx:樣本2:Sheet15:2:1:8x10,8x10,0.5,0,5,35,0,0,0,0,3.3,0.6732673267326733,0.0,0.07759813517574309,0.07759813517574309
hard_gate_055,xlsx:樣本2:Sheet15:2:1:8x10,8x10,0.5,0,5,37,0,0,0,0,1.675,0.8341584158415841,0.0,0.09037214989590908,0.09037214989590908
hard_gate_060,xlsx:樣本2:Sheet15:2:1:8x10,8x10,0.5,0,5,39,0,0,0,0,1.35,0.8663366336633663,0.0,0.08146956959043108,0.08146956959043108
soft_gate_050,xlsx:樣本2:Sheet15:2:1:8x10,8x10,0.5,0,5,36,0,0,0,0,9.325,0.0,0.0,0.08039787866256162,0.08039787866256162
centered_weighted_sum,xlsx:樣本2:Sheet15:2:1:8x10,8x10,0.5,0,5,35,0,0,0,0,8.2,0.0,0.0,0.10996398860934696,0.10996398860934696
baseline,xlsx:樣本2:Sheet15:2:1:8x10,8x10,0.5,0,6,19,0,0,0,0,9.325,0.0,0.0,0.1119147294170135,0.1119147294170135
hard_gate_050,xlsx:樣本2:Sheet15:2:1:8x10,8x10,0.5,0,6,17,0,0,0,0,3.3,0.6732673267326733,0.0,0.07760869500005255,0.07760869500005255
hard_gate_055,xlsx:樣本2:Sheet15:2:1:8x10,8x10,0.5,0,6,17,0,0,0,0,1.7,0.8316831683168316,0.0,0.09178887188859491,0.09178887188859491
hard_gate_060,xlsx:樣本2:Sheet15:2:1:8x10,8x10,0.5,0,6,17,0,0,0,0,1.35,0.8663366336633663,0.0,0.08055418553770438,0.08055418553770438
soft_gate_050,xlsx:樣本2:Sheet15:2:1:8x10,8x10,0.5,0,6,29,0,0,0,0,9.325,0.0,0.0,0.08180686693536715,0.08180686693536715
centered_weighted_sum,xlsx:樣本2:Sheet15:2:1:8x10,8x10,0.5,0,6,19,0,0,0,0,8.2,0.0,0.0,0.1119147294170135,0.1119147294170135
baseline,xlsx:樣本2:Sheet15:2:1:8x10,8x10,0.5,0,9,40,0,0,0,0,9.3,0.0,0.0,0.11203426204744858,0.11203426204744858
hard_gate_050,xlsx:樣本2:Sheet15:2:1:8x10,8x10,0.5,0,9,31,0,0,0,0,3.3,0.6716417910447762,0.0,0.08460984675534738,0.08460984675534738
hard_gate_055,xlsx:樣本2:Sheet15:2:1:8x10,8x10,0.5,0,9,30,0,0,0,0,1.75,0.8258706467661692,0.0,0.09577216623738556,0.09577216623738556
hard_gate_060,xlsx:樣本2:Sheet15:2:1:8x10,8x10,0.5,0,9,33,0,0,0,0,1.425,0.8582089552238806,0.0,0.08258373894849826,0.08258373894849826
soft_gate_050,xlsx:樣本2:Sheet15:2:1:8x10,8x10,0.5,0,9,39,0,0,0,0,9.3,0.0,0.0,0.08621097374634061,0.08621097374634061
centered_weighted_sum,xlsx:樣本2:Sheet15:2:1:8x10,8x10,0.5,0,9,40,0,0,0,0,8.15,0.0,0.0,0.11203426204744858,0.11203426204744858
baseline,xlsx:樣本2:Sheet15:2:1:8x10,8x10,0.5,0,10,3,0,1,1,1,9.35,0.0,0.0,0.11111140567627921,0.11111140567627921
hard_gate_050,xlsx:樣本2:Sheet15:2:1:8x10,8x10,0.5,0,10,13,0,0,0,0,3.35,0.6683168316831684,0.0,0.08379394055207089,0.08379394055207089
hard_gate_055,xlsx:樣本2:Sheet15:2:1:8x10,8x10,0.5,0,10,18,0,0,0,0,1.825,0.8193069306930693,0.0,0.09866631846741908,0.09866631846741908
hard_gate_060,xlsx:樣本2:Sheet15:2:1:8x10,8x10,0.5,0,10,20,0,0,0,0,1.425,0.8589108910891089,0.0,0.08123992346483026,0.08123992346483026
soft_gate_050,xlsx:樣本2:Sheet15:2:1:8x10,8x10,0.5,0,10,10,0,0,0,1,9.35,0.0,0.0,0.08554304148318172,0.08554304148318172
centered_weighted_sum,xlsx:樣本2:Sheet15:2:1:8x10,8x10,0.5,0,10,3,0,1,1,1,8.2,0.0,0.0,0.11111140567627921,0.11111140567627921
baseline,xlsx:樣本2:Sheet15:2:1:8x10,8x10,0.5,0,11,6,0,0,0,1,9.275,0.0,0.0,0.11073163001319108,0.11073163001319108
hard_gate_050,xlsx:樣本2:Sheet15:2:1:8x10,8x10,0.5,0,11,13,0,0,0,0,3.275,0.6733167082294265,0.0,0.08130162679380708,0.08130162679380708
hard_gate_055,xlsx:樣本2:Sheet15:2:1:8x10,8x10,0.5,0,11,13,0,0,0,0,1.75,0.8254364089775561,0.0,0.09174731377469655,0.09174731377469655
hard_gate_060,xlsx:樣本2:Sheet15:2:1:8x10,8x10,0.5,0,11,14,0,0,0,0,1.425,0.85785536159601,0.0,0.0737032166522071,0.0737032166522071
soft_gate_050,xlsx:樣本2:Sheet15:2:1:8x10,8x10,0.5,0,11,8,0,0,0,1,9.275,0.0,0.0,0.08435184177682563,0.08435184177682563
centered_weighted_sum,xlsx:樣本2:Sheet15:2:1:8x10,8x10,0.5,0,11,6,0,0,0,1,8.125,0.0,0.0,0.11073163001319108,0.11073163001319108
baseline,xlsx:樣本2:Sheet15:2:1:8x10,8x10,0.5,0,15,9,0,0,0,1,9.275,0.0,0.0,0.10907932926256647,0.10907932926256647
hard_gate_050,xlsx:樣本2:Sheet15:2:1:8x10,8x10,0.5,0,15,2,0,1,1,1,3.375,0.664179104477612,0.0,0.07870957049402016,0.07870957049402016
hard_gate_055,xlsx:樣本2:Sheet15:2:1:8x10,8x10,0.5,0,15,2,0,1,1,1,1.775,0.8233830845771144,0.0,0.08647026927783578,0.08647026927783578
hard_gate_060,xlsx:樣本2:Sheet15:2:1:8x10,8x10,0.5,0,15,2,0,1,1,1,1.475,0.8532338308457711,0.0,0.08124293045524733,0.08124293045524733
soft_gate_050,xlsx:樣本2:Sheet15:2:1:8x10,8x10,0.5,0,15,1,1,1,1,1,9.275,0.0,0.0,0.08134385807030538,0.08134385807030538
centered_weighted_sum,xlsx:樣本2:Sheet15:2:1:8x10,8x10,0.5,0,15,9,0,0,0,1,8.15,0.0,0.0,0.10907932926256647,0.10907932926256647
baseline,xlsx:樣本2:Sheet15:2:1:8x10,8x10,0.5,0,16,30,0,0,0,0,9.25,0.0,0.0,0.10901429259188405,0.10901429259188405
hard_gate_050,xlsx:樣本2:Sheet15:2:1:8x10,8x10,0.5,0,16,31,0,0,0,0,3.35,0.6658354114713217,0.0,0.07525227422187519,0.07525227422187519
hard_gate_055,xlsx:樣本2:Sheet15:2:1:8x10,8x10,0.5,0,16,37,0,0,0,0,1.775,0.8229426433915212,0.0,0.08499479856028773,0.08499479856028773
hard_gate_060,xlsx:樣本2:Sheet15:2:1:8x10,8x10,0.5,0,16,32,0,0,0,0,1.375,0.8628428927680798,0.05,0.08177453809609476,0.08177453809609476
soft_gate_050,xlsx:樣本2:Sheet15:2:1:8x10,8x10,0.5,0,16,32,0,0,0,0,9.25,0.0,0.0,0.08087335063840359,0.08087335063840359
centered_weighted_sum,xlsx:樣本2:Sheet15:2:1:8x10,8x10,0.5,0,16,30,0,0,0,0,8.125,0.0,0.0,0.10901429259188407,0.10901429259188407
baseline,xlsx:樣本2:Sheet15:2:1:8x10,8x10,0.5,0,19,14,0,0,0,0,9.35,0.0,0.0,0.12501702985935476,0.12501702985935476
hard_gate_050,xlsx:樣本2:Sheet15:2:1:8x10,8x10,0.5,0,19,7,0,0,0,1,3.45,0.6567164179104478,0.0,0.08340747478564597,0.08340747478564597
hard_gate_055,xlsx:樣本2:Sheet15:2:1:8x10,8x10,0.5,0,19,1,1,1,1,1,1.775,0.8233830845771144,0.05,0.10121380177517623,0.10121380177517623
hard_gate_060,xlsx:樣本2:Sheet15:2:1:8x10,8x10,0.5,0,19,1,1,1,1,1,1.425,0.8582089552238806,0.1,0.10401000924932925,0.10401000924932925
soft_gate_050,xlsx:樣本2:Sheet15:2:1:8x10,8x10,0.5,0,19,14,0,0,0,0,9.35,0.0,0.0,0.1098279101926384,0.1098279101926384
centered_weighted_sum,xlsx:樣本2:Sheet15:2:1:8x10,8x10,0.5,0,19,14,0,0,0,0,8.15,0.0,0.0,0.12501702985935476,0.12501702985935476
baseline,xlsx:樣本2:Sheet15:2:1:8x10,8x10,0.5,0,20,36,0,0,0,0,9.35,0.0,0.0,0.12528747794172684,0.12528747794172684
hard_gate_050,xlsx:樣本2:Sheet15:2:1:8x10,8x10,0.5,0,20,33,0,0,0,0,3.45,0.6567164179104478,0.0,0.08303208547720922,0.08303208547720922
hard_gate_055,xlsx:樣本2:Sheet15:2:1:8x10,8x10,0.5,0,20,37,0,0,0,0,1.825,0.818407960199005,0.0,0.09518010660290639,0.09518010660290639
hard_gate_060,xlsx:樣本2:Sheet15:2:1:8x10,8x10,0.5,0,20,33,0,0,0,0,1.45,0.8557213930348259,0.05,0.09093143842497738,0.09093143842497738
soft_gate_050,xlsx:樣本2:Sheet15:2:1:8x10,8x10,0.5,0,20,34,0,0,0,0,9.35,0.0,0.0,0.1097264862571963,0.1097264862571963
centered_weighted_sum,xlsx:樣本2:Sheet15:2:1:8x10,8x10,0.5,0,20,36,0,0,0,0,8.15,0.0,0.0,0.12528747794172684,0.12528747794172684
baseline,xlsx:樣本2:Sheet15:2:1:8x10,8x10,0.5,0,21,6,0,0,0,1,9.425,0.0,0.0,0.12543572057543756,0.12543572057543756
hard_gate_050,xlsx:樣本2:Sheet15:2:1:8x10,8x10,0.5,0,21,16,0,0,0,0,3.525,0.6518518518518519,0.0,0.08537788660903413,0.08537788660903413
hard_gate_055,xlsx:樣本2:Sheet15:2:1:8x10,8x10,0.5,0,21,6,0,0,0,1,1.875,0.8148148148148148,0.0,0.09388325167468559,0.09388325167468559
hard_gate_060,xlsx:樣本2:Sheet15:2:1:8x10,8x10,0.5,0,21,8,0,0,0,1,1.425,0.8592592592592593,0.05,0.09332756565313088,0.09332756565313088
soft_gate_050,xlsx:樣本2:Sheet15:2:1:8x10,8x10,0.5,0,21,3,0,1,1,1,9.425,0.0,0.0,0.10914064144008322,0.10914064144008322
centered_weighted_sum,xlsx:樣本2:Sheet15:2:1:8x10,8x10,0.5,0,21,6,0,0,0,1,8.225,0.0,0.0,0.12543572057543756,0.12543572057543756
baseline,xlsx:樣本2:Sheet15:2:1:8x10,8x10,0.5,0,25,8,0,0,0,1,9.575,0.0,0.0,0.11770126320294996,0.11770126320294996
hard_gate_050,xlsx:樣本2:Sheet15:2:1:8x10,8x10,0.5,0,25,9,0,0,0,1,3.6,0.6470588235294118,0.0,0.08328343748506087,0.08328343748506087
hard_gate_055,xlsx:樣本2:Sheet15:2:1:8x10,8x10,0.5,0,25,4,0,0,1,1,1.85,0.8186274509803921,0.0,0.09520571929948675,0.09520571929948675
hard_gate_060,xlsx:樣本2:Sheet15:2:1:8x10,8x10,0.5,0,25,4,0,0,1,1,1.325,0.8700980392156863,0.05,0.09288331333370288,0.09288331333370288
soft_gate_050,xlsx:樣本2:Sheet15:2:1:8x10,8x10,0.5,0,25,8,0,0,0,1,9.575,0.0,0.0,0.10712709680480195,0.10712709680480195
centered_weighted_sum,xlsx:樣本2:Sheet15:2:1:8x10,8x10,0.5,0,25,8,0,0,0,1,8.3,0.0,0.0,0.11770126320294996,0.11770126320294996
baseline,xlsx:樣本2:Sheet15:2:1:8x10,8x10,0.5,0,29,29,0,0,0,0,9.4,0.0,0.0,0.11003568376320477,0.11003568376320477
hard_gate_050,xlsx:樣本2:Sheet15:2:1:8x10,8x10,0.5,0,29,22,0,0,0,0,3.5,0.6534653465346535,0.0,0.07827694649809366,0.07827694649809366
hard_gate_055,xlsx:樣本2:Sheet15:2:1:8x10,8x10,0.5,0,29,30,0,0,0,0,1.725,0.8292079207920792,0.0,0.08382447925520614,0.08382447925520614
hard_gate_060,xlsx:樣本2:Sheet15:2:1:8x10,8x10,0.5,0,29,22,0,0,0,0,1.4,0.8613861386138614,0.0,0.08119813615283962,0.08119813615283962
soft_gate_050,xlsx:樣本2:Sheet15:2:1:8x10,8x10,0.5,0,29,26,0,0,0,0,9.4,0.0,0.0,0.09722630906492265,0.09722630906492265
centered_weighted_sum,xlsx:樣本2:Sheet15:2:1:8x10,8x10,0.5,0,29,29,0,0,0,0,8.175,0.0,0.0,0.11003568376320477,0.11003568376320477
baseline,xlsx:樣本2:Sheet15:2:1:8x10,8x10,0.5,0,30,30,0,0,0,0,9.325,0.0,0.0,0.11247290357411897,0.11247290357411897
hard_gate_050,xlsx:樣本2:Sheet15:2:1:8x10,8x10,0.5,0,30,39,0,0,0,0,3.425,0.6583541147132169,0.0,0.07786236967805714,0.07786236967805714
hard_gate_055,xlsx:樣本2:Sheet15:2:1:8x10,8x10,0.5,0,30,33,0,0,0,0,1.7,0.830423940149626,0.0,0.08136627088978833,0.08136627088978833
hard_gate_060,xlsx:樣本2:Sheet15:2:1:8x10,8x10,0.5,0,30,31,0,0,0,0,1.075,0.8927680798004988,0.2,0.09498993341818429,0.09498993341818429
soft_gate_050,xlsx:樣本2:Sheet15:2:1:8x10,8x10,0.5,0,30,32,0,0,0,0,9.325,0.0,0.0,0.09777327474643709,0.09777327474643709
centered_weighted_sum,xlsx:樣本2:Sheet15:2:1:8x10,8x10,0.5,0,30,30,0,0,0,0,8.125,0.0,0.0,0.11247290357411899,0.11247290357411899
baseline,xlsx:樣本2:Sheet15:2:1:8x10,8x10,0.5,0,31,12,0,0,0,0,9.375,0.0,0.0,0.11399793612266221,0.11399793612266221
hard_gate_050,xlsx:樣本2:Sheet15:2:1:8x10,8x10,0.5,0,31,8,0,0,0,1,3.4,0.6625310173697271,0.0,0.0772703498503703,0.0772703498503703
hard_gate_055,xlsx:樣本2:Sheet15:2:1:8x10,8x10,0.5,0,31,7,0,0,0,1,1.75,0.826302729528536,0.025,0.08607535929311788,0.08607535929311788
hard_gate_060,xlsx:樣本2:Sheet15:2:1:8x10,8x10,0.5,0,31,7,0,0,0,1,1.3,0.8709677419354839,0.05,0.0823112234438211,0.0823112234438211
soft_gate_050,xlsx:樣本2:Sheet15:2:1:8x10,8x10,0.5,0,31,16,0,0,0,0,9.375,0.0,0.0,0.09824998796365243,0.09824998796365243
centered_weighted_sum,xlsx:樣本2:Sheet15:2:1:8x10,8x10,0.5,0,31,12,0,0,0,0,8.15,0.0,0.0,0.11399793612266221,0.11399793612266221
baseline,xlsx:樣本2:Sheet15:2:1:8x10,8x10,0.5,0,33,13,0,0,0,0,9.375,0.0,0.0,0.11201588064636954,0.11201588064636954
hard_gate_050,xlsx:樣本2:Sheet15:2:1:8x10,8x10,0.5,0,33,16,0,0,0,0,3.375,0.664179104477612,0.0,0.0826624376905007,0.0826624376905007
hard_gate_055,xlsx:樣本2:Sheet15:2:1:8x10,8x10,0.5,0,33,20,0,0,0,0,1.775,0.8233830845771144,0.025,0.09202613085261357,0.09202613085261357
hard_gate_060,xlsx:樣本2:Sheet15:2:1:8x10,8x10,0.5,0,33,27,0,0,0,0,1.0,0.900497512437811,0.325,0.10280006919614676,0.10280006919614676
soft_gate_050,xlsx:樣本2:Sheet15:2:1:8x10,8x10,0.5,0,33,17,0,0,0,0,9.375,0.0,0.0,0.10039059728217962,0.10039059728217962
centered_weighted_sum,xlsx:樣本2:Sheet15:2:1:8x10,8x10,0.5,0,33,13,0,0,0,0,8.125,0.0,0.0,0.11201588064636954,0.11201588064636954
baseline,xlsx:樣本2:Sheet15:2:1:8x10,8x10,0.5,0,34,36,0,0,0,0,9.375,0.0,0.0,0.11043030741088382,0.11043030741088382
hard_gate_050,xlsx:樣本2:Sheet15:2:1:8x10,8x10,0.5,0,34,37,0,0,0,0,3.35,0.6658354114713217,0.0,0.08403598602151802,0.08403598602151802
hard_gate_055,xlsx:樣本2:Sheet15:2:1:8x10,8x10,0.5,0,34,38,0,0,0,0,1.7,0.830423940149626,0.025,0.09578499752683675,0.09578499752683675
hard_gate_060,xlsx:樣本2:Sheet15:2:1:8x10,8x10,0.5,0,34,38,0,0,0,0,1.325,0.8678304239401496,0.05,0.09541958560405094,0.09541958560405094
soft_gate_050,xlsx:樣本2:Sheet15:2:1:8x10,8x10,0.5,0,34,38,0,0,0,0,9.375,0.0,0.0,0.10055519695586014,0.10055519695586014
centered_weighted_sum,xlsx:樣本2:Sheet15:2:1:8x10,8x10,0.5,0,34,36,0,0,0,0,8.05,0.0,0.0,0.11043030741088382,0.11043030741088382
baseline,xlsx:樣本2:Sheet15:2:1:8x10,8x10,0.5,0,37,21,0,0,0,0,9.5,0.0,0.0,0.1147299087076928,0.1147299087076928
hard_gate_050,xlsx:樣本2:Sheet15:2:1:8x10,8x10,0.5,0,37,22,0,0,0,0,3.575,0.6477832512315271,0.0,0.09015438586752345,0.09015438586752345
hard_gate_055,xlsx:樣本2:Sheet15:2:1:8x10,8x10,0.5,0,37,27,0,0,0,0,1.875,0.8152709359605911,0.0,0.09805291775509344,0.09805291775509344
hard_gate_060,xlsx:樣本2:Sheet15:2:1:8x10,8x10,0.5,0,37,25,0,0,0,0,1.45,0.8571428571428571,0.025,0.09326369063206563,0.09326369063206563
soft_gate_050,xlsx:樣本2:Sheet15:2:1:8x10,8x10,0.5,0,37,20,0,0,0,0,9.5,0.0,0.0,0.10514103018826627,0.10514103018826627
centered_weighted_sum,xlsx:樣本2:Sheet15:2:1:8x10,8x10,0.5,0,37,21,0,0,0,0,8.25,0.0,0.0,0.1147299087076928,0.1147299087076928
baseline,xlsx:樣本2:Sheet15:2:1:8x10,8x10,0.5,0,39,5,0,0,1,1,9.575,0.0,0.0,0.1149475135430892,0.1149475135430892
hard_gate_050,xlsx:樣本2:Sheet15:2:1:8x10,8x10,0.5,0,39,10,0,0,0,1,3.575,0.6486486486486487,0.0,0.0900371628693223,0.0900371628693223
hard_gate_055,xlsx:樣本2:Sheet15:2:1:8x10,8x10,0.5,0,39,21,0,0,0,0,1.925,0.8108108108108109,0.0,0.09296580680804131,0.09296580680804131
hard_gate_060,xlsx:樣本2:Sheet15:2:1:8x10,8x10,0.5,0,39,11,0,0,0,0,1.475,0.855036855036855,0.0,0.09078742986768767,0.09078742986768767
soft_gate_050,xlsx:樣本2:Sheet15:2:1:8x10,8x10,0.5,0,39,2,0,1,1,1,9.575,0.0,0.0,0.10729975873748922,0.10729975873748922
centered_weighted_sum,xlsx:樣本2:Sheet15:2:1:8x10,8x10,0.5,0,39,5,0,0,1,1,8.275,0.0,0.0,0.1149475135430892,0.1149475135430892
baseline,xlsx:樣本2:Sheet15:2:1:8x10,8x10,0.5,0,43,6,0,0,0,1,9.4,0.0,0.0,0.1041261610430035,0.1041261610430035
hard_gate_050,xlsx:樣本2:Sheet15:2:1:8x10,8x10,0.5,0,43,8,0,0,0,1,3.5,0.6534653465346535,0.0,0.08440280144368008,0.08440280144368008
hard_gate_055,xlsx:樣本2:Sheet15:2:1:8x10,8x10,0.5,0,43,9,0,0,0,1,1.9,0.8118811881188119,0.0,0.09582438025336568,0.09582438025336568
hard_gate_060,xlsx:樣本2:Sheet15:2:1:8x10,8x10,0.5,0,43,11,0,0,0,0,1.35,0.8663366336633663,0.1,0.09886845111165597,0.09886845111165597
soft_gate_050,xlsx:樣本2:Sheet15:2:1:8x10,8x10,0.5,0,43,11,0,0,0,0,9.4,0.0,0.0,0.0956264841885498,0.0956264841885498
centered_weighted_sum,xlsx:樣本2:Sheet15:2:1:8x10,8x10,0.5,0,43,6,0,0,0,1,8.2,0.0,0.0,0.10412616104300351,0.10412616104300351
baseline,xlsx:樣本2:Sheet15:2:1:8x10,8x10,0.5,0,44,19,0,0,0,0,9.35,0.0,0.0,0.10353633824729479,0.10353633824729479
hard_gate_050,xlsx:樣本2:Sheet15:2:1:8x10,8x10,0.5,0,44,26,0,0,0,0,3.425,0.6583541147132169,0.0,0.08485846243046301,0.08485846243046301
hard_gate_055,xlsx:樣本2:Sheet15:2:1:8x10,8x10,0.5,0,44,30,0,0,0,0,1.825,0.8179551122194514,0.0,0.10052773783378394,0.10052773783378394
hard_gate_060,xlsx:樣本2:Sheet15:2:1:8x10,8x10,0.5,0,44,26,0,0,0,0,1.45,0.8553615960099751,0.0,0.09003933944599392,0.09003933944599392
soft_gate_050,xlsx:樣本2:Sheet15:2:1:8x10,8x10,0.5,0,44,22,0,0,0,0,9.35,0.0,0.0,0.09575105566807823,0.09575105566807823
centered_weighted_sum,xlsx:樣本2:Sheet15:2:1:8x10,8x10,0.5,0,44,19,0,0,0,0,8.125,0.0,0.0,0.10353633824729479,0.10353633824729479
baseline,xlsx:樣本2:Sheet15:2:1:8x10,8x10,0.5,0,46,17,0,0,0,0,9.4,0.0,0.0,0.10562471967154977,0.10562471967154977
hard_gate_050,xlsx:樣本2:Sheet15:2:1:8x10,8x10,0.5,0,46,10,0,0,0,1,3.475,0.6550868486352357,0.0,0.07965689206311241,0.07965689206311241
hard_gate_055,xlsx:樣本2:Sheet15:2:1:8x10,8x10,0.5,0,46,2,0,1,1,1,1.8,0.8213399503722084,0.0,0.09568247489378477,0.09568247489378477
hard_gate_060,xlsx:樣本2:Sheet15:2:1:8x10,8x10,0.5,0,46,3,0,1,1,1,1.5,0.8511166253101737,0.0,0.08971882046881088,0.08971882046881088
soft_gate_050,xlsx:樣本2:Sheet15:2:1:8x10,8x10,0.5,0,46,15,0,0,0,0,9.4,0.0,0.0,0.09284374467414841,0.09284374467414841
centered_weighted_sum,xlsx:樣本2:Sheet15:2:1:8x10,8x10,0.5,0,46,17,0,0,0,0,8.15,0.0,0.0,0.10562471967154977,0.10562471967154977
baseline,xlsx:樣本2:Sheet15:2:1:8x10,8x10,0.5,0,47,12,0,0,0,0,9.475,0.0,0.0,0.10418827771542935,0.10418827771542935
hard_gate_050,xlsx:樣本2:Sheet15:2:1:8x10,8x10,0.5,0,47,11,0,0,0,0,3.55,0.6502463054187192,0.0,0.08087201363797358,0.08087201363797358
hard_gate_055,xlsx:樣本2:Sheet15:2:1:8x10,8x10,0.5,0,47,9,0,0,0,1,1.925,0.8103448275862069,0.0,0.09253964414032992,0.09253964414032992
hard_gate_060,xlsx:樣本2:Sheet15:2:1:8x10,8x10,0.5,0,47,10,0,0,0,1,1.625,0.8399014778325123,0.0,0.09255222694635944,0.09255222694635944
soft_gate_050,xlsx:樣本2:Sheet15:2:1:8x10,8x10,0.5,0,47,16,0,0,0,0,9.475,0.0,0.0,0.09300068664270592,0.09300068664270592
centered_weighted_sum,xlsx:樣本2:Sheet15:2:1:8x10,8x10,0.5,0,47,12,0,0,0,0,8.25,0.0,0.0,0.10418827771542935,0.10418827771542935
baseline,xlsx:樣本2:Sheet15:2:1:8x10,8x10,0.5,0,48,37,0,0,0,0,9.35,0.0,0.0,0.10459875041305265,0.10459875041305265
hard_gate_050,xlsx:樣本2:Sheet15:2:1:8x10,8x10,0.5,0,48,40,0,0,0,0,3.45,0.6567164179104478,0.0,0.08098152963293566,0.08098152963293566
hard_gate_055,xlsx:樣本2:Sheet15:2:1:8x10,8x10,0.5,0,48,32,0,0,0,0,1.875,0.8134328358208955,0.0,0.08900375086531152,0.08900375086531152
hard_gate_060,xlsx:樣本2:Sheet15:2:1:8x10,8x10,0.5,0,48,33,0,0,0,0,1.5,0.8507462686567164,0.0,0.08468244705206923,0.08468244705206923
soft_gate_050,xlsx:樣本2:Sheet15:2:1:8x10,8x10,0.5,0,48,34,0,0,0,0,9.35,0.0,0.0,0.09326069365058239,0.09326069365058239
centered_weighted_sum,xlsx:樣本2:Sheet15:2:1:8x10,8x10,0.5,0,48,37,0,0,0,0,8.15,0.0,0.0,0.10459875041305267,0.10459875041305267
baseline,xlsx:樣本2:Sheet15:2:1:8x10,8x10,0.5,0,50,20,0,0,0,0,9.325,0.0,0.0,0.10611668567924032,0.10611668567924032
hard_gate_050,xlsx:樣本2:Sheet15:2:1:8x10,8x10,0.5,0,50,28,0,0,0,0,3.45,0.6567164179104478,0.0,0.07865234762147251,0.07865234762147251
hard_gate_055,xlsx:樣本2:Sheet15:2:1:8x10,8x10,0.5,0,50,25,0,0,0,0,1.85,0.8159203980099502,0.0,0.08963511391468677,0.08963511391468677
hard_gate_060,xlsx:樣本2:Sheet15:2:1:8x10,8x10,0.5,0,50,23,0,0,0,0,1.475,0.8532338308457711,0.0,0.08115119033919468,0.08115119033919468
soft_gate_050,xlsx:樣本2:Sheet15:2:1:8x10,8x10,0.5,0,50,25,0,0,0,0,9.325,0.0,0.0,0.09201577914796445,0.09201577914796445
centered_weighted_sum,xlsx:樣本2:Sheet15:2:1:8x10,8x10,0.5,0,50,20,0,0,0,0,8.15,0.0,0.0,0.10611668567924032,0.10611668567924032
baseline,xlsx:樣本2:Sheet15:2:1:8x10,8x10,0.5,0,52,15,0,0,0,0,9.4,0.0,0.0,0.10704845241717423,0.10704845241717423
hard_gate_050,xlsx:樣本2:Sheet15:2:1:8x10,8x10,0.5,0,52,14,0,0,0,0,3.525,0.6527093596059114,0.0,0.0796416485218332,0.0796416485218332
hard_gate_055,xlsx:樣本2:Sheet15:2:1:8x10,8x10,0.5,0,52,19,0,0,0,0,1.975,0.8054187192118226,0.0,0.08885321988729249,0.08885321988729249
hard_gate_060,xlsx:樣本2:Sheet15:2:1:8x10,8x10,0.5,0,52,15,0,0,0,0,1.475,0.854679802955665,0.0,0.07936284020908788,0.07936284020908788
soft_gate_050,xlsx:樣本2:Sheet15:2:1:8x10,8x10,0.5,0,52,15,0,0,0,0,9.4,0.0,0.0,0.08900959998771032,0.08900959998771032
centered_weighted_sum,xlsx:樣本2:Sheet15:2:1:8x10,8x10,0.5,0,52,15,0,0,0,0,8.25,0.0,0.0,0.10704845241717423,0.10704845241717423
baseline,xlsx:樣本2:Sheet15:2:1:8x10,8x10,0.5,0,54,37,0,0,0,0,9.325,0.0,0.0,0.11160243165937561,0.11160243165937561
hard_gate_050,xlsx:樣本2:Sheet15:2:1:8x10,8x10,0.5,0,54,32,0,0,0,0,3.4,0.6625310173697271,0.0,0.0793202177173157,0.0793202177173157
hard_gate_055,xlsx:樣本2:Sheet15:2:1:8x10,8x10,0.5,0,54,37,0,0,0,0,1.775,0.8238213399503722,0.0,0.08971565136575896,0.08971565136575896
hard_gate_060,xlsx:樣本2:Sheet15:2:1:8x10,8x10,0.5,0,54,34,0,0,0,0,1.425,0.858560794044665,0.0,0.07995028144617004,0.07995028144617004
soft_gate_050,xlsx:樣本2:Sheet15:2:1:8x10,8x10,0.5,0,54,34,0,0,0,0,9.325,0.0,0.0,0.09131402130134579,0.09131402130134579
centered_weighted_sum,xlsx:樣本2:Sheet15:2:1:8x10,8x10,0.5,0,54,37,0,0,0,0,8.1,0.0,0.0,0.11160243165937561,0.11160243165937561
baseline,xlsx:樣本2:Sheet15:2:1:8x10,8x10,0.5,0,61,14,0,0,0,0,9.325,0.0,0.0,0.1074532785799854,0.1074532785799854
hard_gate_050,xlsx:樣本2:Sheet15:2:1:8x10,8x10,0.5,0,61,20,0,0,0,0,3.35,0.6683168316831684,0.0,0.07547403337550879,0.07547403337550879
hard_gate_055,xlsx:樣本2:Sheet15:2:1:8x10,8x10,0.5,0,61,34,0,0,0,0,1.725,0.8292079207920792,0.0,0.08411279676016108,0.08411279676016108
hard_gate_060,xlsx:樣本2:Sheet15:2:1:8x10,8x10,0.5,0,61,30,0,0,0,0,1.35,0.8663366336633663,0.0,0.08433596904394822,0.08433596904394822
soft_gate_050,xlsx:樣本2:Sheet15:2:1:8x10,8x10,0.5,0,61,16,0,0,0,0,9.325,0.0,0.0,0.0927700168830278,0.0927700168830278
centered_weighted_sum,xlsx:樣本2:Sheet15:2:1:8x10,8x10,0.5,0,61,14,0,0,0,0,8.15,0.0,0.0,0.1074532785799854,0.1074532785799854
baseline,xlsx:樣本2:Sheet15:2:1:8x10,8x10,0.5,0,62,20,0,0,0,0,9.375,0.0,0.0,0.10519121538843376,0.10519121538843376
hard_gate_050,xlsx:樣本2:Sheet15:2:1:8x10,8x10,0.5,0,62,28,0,0,0,0,3.45,0.6600985221674877,0.0,0.07500747397975892,0.07500747397975892
hard_gate_055,xlsx:樣本2:Sheet15:2:1:8x10,8x10,0.5,0,62,23,0,0,0,0,1.875,0.8152709359605911,0.0,0.08493694610822287,0.08493694610822287
hard_gate_060,xlsx:樣本2:Sheet15:2:1:8x10,8x10,0.5,0,62,19,0,0,0,0,1.325,0.8694581280788177,0.0,0.08163791051911129,0.08163791051911129
soft_gate_050,xlsx:樣本2:Sheet15:2:1:8x10,8x10,0.5,0,62,24,0,0,0,0,9.375,0.0,0.0,0.09194904028118038,0.09194904028118038
centered_weighted_sum,xlsx:樣本2:Sheet15:2:1:8x10,8x10,0.5,0,62,20,0,0,0,0,8.325,0.0,0.0,0.10519121538843376,0.10519121538843376
baseline,xlsx:樣本2:Sheet15:2:1:8x10,8x10,0.5,0,63,32,0,0,0,0,9.325,0.0,0.0,0.10472377174057967,0.10472377174057967
hard_gate_050,xlsx:樣本2:Sheet15:2:1:8x10,8x10,0.5,0,63,31,0,0,0,0,3.25,0.6782178217821783,0.0,0.07307951384502379,0.07307951384502379
hard_gate_055,xlsx:樣本2:Sheet15:2:1:8x10,8x10,0.5,0,63,32,0,0,0,0,1.725,0.8292079207920792,0.0,0.08341483578299938,0.08341483578299938
hard_gate_060,xlsx:樣本2:Sheet15:2:1:8x10,8x10,0.5,0,63,29,0,0,0,0,1.3,0.8712871287128713,0.0,0.08665264115820244,0.08665264115820244
soft_gate_050,xlsx:樣本2:Sheet15:2:1:8x10,8x10,0.5,0,63,32,0,0,0,0,9.325,0.0,0.0,0.09360228691517157,0.09360228691517157
centered_weighted_sum,xlsx:樣本2:Sheet15:2:1:8x10,8x10,0.5,0,63,32,0,0,0,0,8.2,0.0,0.0,0.10472377174057967,0.10472377174057967
baseline,xlsx:樣本2:Sheet15:2:1:8x10,8x10,0.5,0,68,9,0,0,0,1,9.325,0.0,0.0,0.09653243487127644,0.09653243487127644
hard_gate_050,xlsx:樣本2:Sheet15:2:1:8x10,8x10,0.5,0,68,10,0,0,0,1,3.25,0.6782178217821783,0.0,0.06704470719261665,0.06704470719261665
hard_gate_055,xlsx:樣本2:Sheet15:2:1:8x10,8x10,0.5,0,68,16,0,0,0,0,1.65,0.8366336633663366,0.0,0.0769998442865343,0.0769998442865343
hard_gate_060,xlsx:樣本2:Sheet15:2:1:8x10,8x10,0.5,0,68,18,0,0,0,0,1.325,0.8688118811881188,0.025,0.0806459005331647,0.0806459005331647
soft_gate_050,xlsx:樣本2:Sheet15:2:1:8x10,8x10,0.5,0,68,13,0,0,0,0,9.325,0.0,0.0,0.08560686577732914,0.08560686577732914
centered_weighted_sum,xlsx:樣本2:Sheet15:2:1:8x10,8x10,0.5,0,68,9,0,0,0,1,8.125,0.0,0.0,0.09653243487127644,0.09653243487127644
baseline,xlsx:樣本2:Sheet15:2:1:8x10,8x10,0.5,0,70,12,0,0,0,0,9.225,0.0,0.0,0.0982069185839434,0.0982069185839434
hard_gate_050,xlsx:樣本2:Sheet15:2:1:8x10,8x10,0.5,0,70,30,0,0,0,0,3.125,0.6882793017456359,0.0,0.07169673917980322,0.07169673917980322
hard_gate_055,xlsx:樣本2:Sheet15:2:1:8x10,8x10,0.5,0,70,19,0,0,0,0,1.625,0.8379052369077307,0.0,0.07183405524582936,0.07183405524582936
hard_gate_060,xlsx:樣本2:Sheet15:2:1:8x10,8x10,0.5,0,70,23,0,0,0,0,1.35,0.8653366583541147,0.0,0.07507185535642863,0.07507185535642863
soft_gate_050,xlsx:樣本2:Sheet15:2:1:8x10,8x10,0.5,0,70,21,0,0,0,0,9.225,0.0,0.0,0.09474762217914297,0.09474762217914297
centered_weighted_sum,xlsx:樣本2:Sheet15:2:1:8x10,8x10,0.5,0,70,12,0,0,0,0,8.125,0.0,0.0,0.0982069185839434,0.0982069185839434
baseline,xlsx:樣本2:Sheet15:2:1:8x10,8x10,0.5,0,71,3,0,1,1,1,9.3,0.0,0.0,0.09861859895902285,0.09861859895902285
hard_gate_050,xlsx:樣本2:Sheet15:2:1:8x10,8x10,0.5,0,71,6,0,0,0,1,3.2,0.6831683168316832,0.0,0.07116126175164926,0.07116126175164926
hard_gate_055,xlsx:樣本2:Sheet15:2:1:8x10,8x10,0.5,0,71,13,0,0,0,0,1.7,0.8316831683168316,0.0,0.07297383289018838,0.07297383289018838
hard_gate_060,xlsx:樣本2:Sheet15:2:1:8x10,8x10,0.5,0,71,4,0,0,1,1,1.375,0.8638613861386139,0.0,0.07276049791407159,0.07276049791407159
soft_gate_050,xlsx:樣本2:Sheet15:2:1:8x10,8x10,0.5,0,71,4,0,0,1,1,9.3,0.0,0.0,0.09446882855651365,0.09446882855651365
centered_weighted_sum,xlsx:樣本2:Sheet15:2:1:8x10,8x10,0.5,0,71,3,0,1,1,1,8.2,0.0,0.0,0.09861859895902284,0.09861859895902284
baseline,xlsx:樣本2:Sheet15:2:1:8x10,8x10,0.5,0,74,21,0,0,0,0,9.3,0.0,0.0,0.10185279177968068,0.10185279177968068
hard_gate_050,xlsx:樣本2:Sheet15:2:1:8x10,8x10,0.5,0,74,23,0,0,0,0,3.25,0.6782178217821783,0.0,0.0769832368128957,0.0769832368128957
hard_gate_055,xlsx:樣本2:Sheet15:2:1:8x10,8x10,0.5,0,74,23,0,0,0,0,1.7,0.8316831683168316,0.0,0.07734472768661614,0.07734472768661614
hard_gate_060,xlsx:樣本2:Sheet15:2:1:8x10,8x10,0.5,0,74,26,0,0,0,0,1.325,0.8688118811881188,0.0,0.07326176243710854,0.07326176243710854
soft_gate_050,xlsx:樣本2:Sheet15:2:1:8x10,8x10,0.5,0,74,29,0,0,0,0,9.3,0.0,0.0,0.10259389627851943,0.10259389627851943
centered_weighted_sum,xlsx:樣本2:Sheet15:2:1:8x10,8x10,0.5,0,74,21,0,0,0,0,8.2,0.0,0.0,0.1018527917796807,0.1018527917796807
baseline,xlsx:樣本2:Sheet15:2:1:8x10,8x10,0.5,0,75,9,0,0,0,1,9.25,0.0,0.0,0.10155832154085903,0.10155832154085903
hard_gate_050,xlsx:樣本2:Sheet15:2:1:8x10,8x10,0.5,0,75,30,0,0,0,0,3.2,0.681592039800995,0.0,0.07766284722167983,0.07766284722167983
hard_gate_055,xlsx:樣本2:Sheet15:2:1:8x10,8x10,0.5,0,75,32,0,0,0,0,1.6,0.8407960199004975,0.0,0.07453612508466707,0.07453612508466707
hard_gate_060,xlsx:樣本2:Sheet15:2:1:8x10,8x10,0.5,0,75,33,0,0,0,0,1.35,0.8656716417910447,0.0,0.07487314736300887,0.07487314736300887
soft_gate_050,xlsx:樣本2:Sheet15:2:1:8x10,8x10,0.5,0,75,6,0,0,0,1,9.25,0.0,0.0,0.1021825781502796,0.1021825781502796
centered_weighted_sum,xlsx:樣本2:Sheet15:2:1:8x10,8x10,0.5,0,75,9,0,0,0,1,8.15,0.0,0.0,0.10155832154085902,0.10155832154085902
baseline,xlsx:樣本2:Sheet15:2:1:8x10,8x10,0.5,0,76,33,0,0,0,0,9.2,0.0,0.0,0.10178556497127145,0.10178556497127145
hard_gate_050,xlsx:樣本2:Sheet15:2:1:8x10,8x10,0.5,0,76,38,0,0,0,0,3.15,0.685,0.0,0.07790554535394086,0.07790554535394086
hard_gate_055,xlsx:樣本2:Sheet15:2:1:8x10,8x10,0.5,0,76,37,0,0,0,0,1.55,0.845,0.0,0.07625464311404108,0.07625464311404108
hard_gate_060,xlsx:樣本2:Sheet15:2:1:8x10,8x10,0.5,0,76,37,0,0,0,0,1.325,0.8675,0.0,0.07725364297812051,0.07725364297812051
soft_gate_050,xlsx:樣本2:Sheet15:2:1:8x10,8x10,0.5,0,76,34,0,0,0,0,9.2,0.0,0.0,0.10228965484022803,0.10228965484022803
centered_weighted_sum,xlsx:樣本2:Sheet15:2:1:8x10,8x10,0.5,0,76,33,0,0,0,0,8.1,0.0,0.0,0.10178556497127146,0.10178556497127146
baseline,xlsx:樣本2:Sheet15:2:1:8x10,8x10,0.5,0,77,29,0,0,0,0,9.3,0.0,0.0,0.10164802525232222,0.10164802525232222
hard_gate_050,xlsx:樣本2:Sheet15:2:1:8x10,8x10,0.5,0,77,29,0,0,0,0,3.25,0.6782178217821783,0.0,0.07812287742244747,0.07812287742244747
hard_gate_055,xlsx:樣本2:Sheet15:2:1:8x10,8x10,0.5,0,77,34,0,0,0,0,1.65,0.8366336633663366,0.0,0.07818783846840195,0.07818783846840195
hard_gate_060,xlsx:樣本2:Sheet15:2:1:8x10,8x10,0.5,0,77,34,0,0,0,0,1.4,0.8613861386138614,0.0,0.0791702365371091,0.0791702365371091
soft_gate_050,xlsx:樣本2:Sheet15:2:1:8x10,8x10,0.5,0,77,19,0,0,0,0,9.3,0.0,0.0,0.1022517178168798,0.1022517178168798
centered_weighted_sum,xlsx:樣本2:Sheet15:2:1:8x10,8x10,0.5,0,77,29,0,0,0,0,8.2,0.0,0.0,0.10164802525232222,0.10164802525232222
baseline,xlsx:樣本2:Sheet15:2:1:8x10,8x10,0.5,0,78,17,0,0,0,0,9.275,0.0,0.0,0.10129273037910667,0.10129273037910667
hard_gate_050,xlsx:樣本2:Sheet15:2:1:8x10,8x10,0.5,0,78,25,0,0,0,0,3.2,0.6823821339950372,0.0,0.07632282132912749,0.07632282132912749
hard_gate_055,xlsx:樣本2:Sheet15:2:1:8x10,8x10,0.5,0,78,30,0,0,0,0,1.625,0.8387096774193549,0.0,0.07252998824380816,0.07252998824380816
hard_gate_060,xlsx:樣本2:Sheet15:2:1:8x10,8x10,0.5,0,78,32,0,0,0,0,1.4,0.8610421836228288,0.0,0.0744338837958778,0.0744338837958778
soft_gate_050,xlsx:樣本2:Sheet15:2:1:8x10,8x10,0.5,0,78,22,0,0,0,0,9.275,0.0,0.0,0.09977841377058237,0.09977841377058237
centered_weighted_sum,xlsx:樣本2:Sheet15:2:1:8x10,8x10,0.5,0,78,17,0,0,0,0,8.175,0.0,0.0,0.10129273037910669,0.10129273037910669
baseline,xlsx:樣本2:Sheet15:2:1:8x10,8x10,0.5,0,80,31,0,0,0,0,9.175,0.0,0.0,0.10647934487164457,0.10647934487164457
hard_gate_050,xlsx:樣本2:Sheet15:2:1:8x10,8x10,0.5,0,80,20,0,0,0,0,3.05,0.695,0.0,0.07687306810112318,0.07687306810112318
hard_gate_055,xlsx:樣本2:Sheet15:2:1:8x10,8x10,0.5,0,80,20,0,0,0,0,1.55,0.845,0.0,0.07137696318947515,0.07137696318947515
hard_gate_060,xlsx:樣本2:Sheet15:2:1:8x10,8x10,0.5,0,80,22,0,0,0,0,1.325,0.8675,0.0,0.07294812321706852,0.07294812321706852
soft_gate_050,xlsx:樣本2:Sheet15:2:1:8x10,8x10,0.5,0,80,17,0,0,0,0,9.175,0.0,0.0,0.10083005982050215,0.10083005982050215
centered_weighted_sum,xlsx:樣本2:Sheet15:2:1:8x10,8x10,0.5,0,80,31,0,0,0,0,8.1,0.0,0.0,0.10647934487164457,0.10647934487164457
baseline,xlsx:樣本1:Sheet24:2:1:8x10,8x10,0.3,0,10,24,0,0,0,0,9.25,0.0,0.0,0.09225186154473594,0.09225186154473594
hard_gate_050,xlsx:樣本1:Sheet24:2:1:8x10,8x10,0.3,0,10,24,0,0,0,0,4.291666666666667,0.5761316872427984,0.0,0.07077087851968243,0.07077087851968243
hard_gate_055,xlsx:樣本1:Sheet24:2:1:8x10,8x10,0.3,0,10,22,0,0,0,0,2.0,0.8024691358024691,0.0,0.07654684760330512,0.07654684760330512
hard_gate_060,xlsx:樣本1:Sheet24:2:1:8x10,8x10,0.3,0,10,23,0,0,0,0,1.625,0.8395061728395061,0.0,0.0730917154699265,0.0730917154699265
soft_gate_050,xlsx:樣本1:Sheet24:2:1:8x10,8x10,0.3,0,10,24,0,0,0,0,9.25,0.0,0.0,0.08045252243474552,0.08045252243474552
centered_weighted_sum,xlsx:樣本1:Sheet24:2:1:8x10,8x10,0.3,0,10,24,0,0,0,0,9.333333333333334,0.0,0.0,0.09225186154473596,0.09225186154473596
baseline,xlsx:樣本1:Sheet24:2:1:8x10,8x10,0.3,0,14,11,0,0,0,0,9.125,0.0,0.0,0.09150495617733338,0.09150495617733338
hard_gate_050,xlsx:樣本1:Sheet24:2:1:8x10,8x10,0.3,0,14,15,0,0,0,0,4.5,0.55,0.0,0.07410586356866872,0.07410586356866872
hard_gate_055,xlsx:樣本1:Sheet24:2:1:8x10,8x10,0.3,0,14,3,0,1,1,1,1.875,0.8125,0.0,0.07406483682575932,0.07406483682575932
hard_gate_060,xlsx:樣本1:Sheet24:2:1:8x10,8x10,0.3,0,14,4,0,0,1,1,1.5416666666666667,0.8458333333333333,0.0,0.06583618497570153,0.06583618497570153
soft_gate_050,xlsx:樣本1:Sheet24:2:1:8x10,8x10,0.3,0,14,16,0,0,0,0,9.125,0.0,0.0,0.07656936878403678,0.07656936878403678
centered_weighted_sum,xlsx:樣本1:Sheet24:2:1:8x10,8x10,0.3,0,14,11,0,0,0,0,9.333333333333334,0.0,0.0,0.09150495617733338,0.09150495617733338
baseline,xlsx:樣本1:Sheet24:2:1:8x10,8x10,0.3,0,15,9,0,0,0,1,9.291666666666666,0.0,0.0,0.09077660480084028,0.09077660480084028
hard_gate_050,xlsx:樣本1:Sheet24:2:1:8x10,8x10,0.3,0,15,14,0,0,0,0,4.5,0.5573770491803278,0.0,0.07171418648179916,0.07171418648179916
hard_gate_055,xlsx:樣本1:Sheet24:2:1:8x10,8x10,0.3,0,15,11,0,0,0,0,2.0833333333333335,0.7950819672131147,0.0,0.07828106300342669,0.07828106300342669
hard_gate_060,xlsx:樣本1:Sheet24:2:1:8x10,8x10,0.3,0,15,15,0,0,0,0,1.625,0.8401639344262295,0.0,0.06842361744275881,0.06842361744275881
soft_gate_050,xlsx:樣本1:Sheet24:2:1:8x10,8x10,0.3,0,15,12,0,0,0,0,9.291666666666666,0.0,0.0,0.0762599675725265,0.0762599675725265
centered_weighted_sum,xlsx:樣本1:Sheet24:2:1:8x10,8x10,0.3,0,15,9,0,0,0,1,9.291666666666666,0.0,0.0,0.09077660480084028,0.09077660480084028
baseline,xlsx:樣本1:Sheet24:2:1:8x10,8x10,0.3,0,16,20,0,0,0,0,9.166666666666666,0.0,0.0,0.0898079945697171,0.0898079945697171
hard_gate_050,xlsx:樣本1:Sheet24:2:1:8x10,8x10,0.3,0,16,18,0,0,0,0,4.625,0.5394190871369294,0.0,0.0682269063428899,0.0682269063428899
hard_gate_055,xlsx:樣本1:Sheet24:2:1:8x10,8x10,0.3,0,16,11,0,0,0,0,2.0833333333333335,0.7925311203319502,0.0,0.08465104364896255,0.08465104364896255
hard_gate_060,xlsx:樣本1:Sheet24:2:1:8x10,8x10,0.3,0,16,18,0,0,0,0,1.5416666666666667,0.8464730290456431,0.0,0.07266682457319579,0.07266682457319579
soft_gate_050,xlsx:樣本1:Sheet24:2:1:8x10,8x10,0.3,0,16,19,0,0,0,0,9.166666666666666,0.0,0.0,0.07518028884666977,0.07518028884666977
centered_weighted_sum,xlsx:樣本1:Sheet24:2:1:8x10,8x10,0.3,0,16,20,0,0,0,0,9.333333333333334,0.0,0.0,0.0898079945697171,0.0898079945697171
baseline,xlsx:樣本1:Sheet24:2:1:8x10,8x10,0.3,0,18,9,0,0,0,1,9.208333333333334,0.0,0.0,0.09081914852439849,0.09081914852439849
hard_gate_050,xlsx:樣本1:Sheet24:2:1:8x10,8x10,0.3,0,18,7,0,0,0,1,4.625,0.5413223140495868,0.0,0.06741542853483037,0.06741542853483037
hard_gate_055,xlsx:樣本1:Sheet24:2:1:8x10,8x10,0.3,0,18,11,0,0,0,0,2.2083333333333335,0.78099173553719,0.0,0.09431102666249261,0.09431102666249261
hard_gate_060,xlsx:樣本1:Sheet24:2:1:8x10,8x10,0.3,0,18,19,0,0,0,0,1.5833333333333333,0.8429752066115702,0.0,0.07527355082459924,0.07527355082459924
soft_gate_050,xlsx:樣本1:Sheet24:2:1:8x10,8x10,0.3,0,18,8,0,0,0,1,9.208333333333334,0.0,0.0,0.07803913330213101,0.07803913330213101
centered_weighted_sum,xlsx:樣本1:Sheet24:2:1:8x10,8x10,0.3,0,18,9,0,0,0,1,9.333333333333334,0.0,0.0,0.0908191485243985,0.0908191485243985
baseline,xlsx:樣本1:Sheet24:2:1:8x10,8x10,0.3,0,21,11,0,0,0,0,9.125,0.0,0.0,0.0914770068884183,0.0914770068884183
hard_gate_050,xlsx:樣本1:Sheet24:2:1:8x10,8x10,0.3,0,21,10,0,0,0,1,4.708333333333333,0.5291666666666667,0.0,0.06723926595876703,0.06723926595876703
hard_gate_055,xlsx:樣本1:Sheet24:2:1:8x10,8x10,0.3,0,21,12,0,0,0,0,2.125,0.7875,0.0,0.0928659956179192,0.0928659956179192
hard_gate_060,xlsx:樣本1:Sheet24:2:1:8x10,8x10,0.3,0,21,12,0,0,0,0,1.75,0.825,0.0,0.08984651095339717,0.08984651095339717
soft_gate_050,xlsx:樣本1:Sheet24:2:1:8x10,8x10,0.3,0,21,10,0,0,0,1,9.125,0.0,0.0,0.07672467046899953,0.07672467046899953
centered_weighted_sum,xlsx:樣本1:Sheet24:2:1:8x10,8x10,0.3,0,21,11,0,0,0,0,9.333333333333334,0.0,0.0,0.0914770068884183,0.0914770068884183
baseline,xlsx:樣本1:Sheet24:2:1:8x10,8x10,0.3,0,23,19,0,0,0,0,9.291666666666666,0.0,0.0,0.09185104470261311,0.09185104470261311
hard_gate_050,xlsx:樣本1:Sheet24:2:1:8x10,8x10,0.3,0,23,23,0,0,0,0,4.791666666666667,0.5286885245901639,0.0,0.07015666666197103,0.07015666666197103
hard_gate_055,xlsx:樣本1:Sheet24:2:1:8x10,8x10,0.3,0,23,20,0,0,0,0,2.375,0.7663934426229508,0.0,0.08240379820176862,0.08240379820176862
hard_gate_060,xlsx:樣本1:Sheet24:2:1:8x10,8x10,0.3,0,23,23,0,0,0,0,1.8333333333333333,0.819672131147541,0.0,0.08844765299791671,0.08844765299791671
soft_gate_050,xlsx:樣本1:Sheet24:2:1:8x10,8x10,0.3,0,23,22,0,0,0,0,9.291666666666666,0.0,0.0,0.07511892083023718,0.07511892083023718
centered_weighted_sum,xlsx:樣本1:Sheet24:2:1:8x10,8x10,0.3,0,23,19,0,0,0,0,9.333333333333334,0.0,0.0,0.0918510447026131,0.0918510447026131
baseline,xlsx:樣本1:Sheet24:2:1:8x10,8x10,0.3,0,24,13,0,0,0,0,9.25,0.0,0.0,0.09060151961678427,0.09060151961678427
hard_gate_050,xlsx:樣本1:Sheet24:2:1:8x10,8x10,0.3,0,24,17,0,0,0,0,4.791666666666667,0.5267489711934157,0.0,0.07254146590595015,0.07254146590595015
hard_gate_055,xlsx:樣本1:Sheet24:2:1:8x10,8x10,0.3,0,24,17,0,0,0,0,2.375,0.7654320987654321,0.0,0.08003889246024533,0.08003889246024533
hard_gate_060,xlsx:樣本1:Sheet24:2:1:8x10,8x10,0.3,0,24,19,0,0,0,0,1.7916666666666667,0.823045267489712,0.0,0.08051828477167225,0.08051828477167225
soft_gate_050,xlsx:樣本1:Sheet24:2:1:8x10,8x10,0.3,0,24,11,0,0,0,0,9.25,0.0,0.0,0.07088781913512629,0.07088781913512629
centered_weighted_sum,xlsx:樣本1:Sheet24:2:1:8x10,8x10,0.3,0,24,13,0,0,0,0,9.333333333333334,0.0,0.0,0.09060151961678428,0.09060151961678428
baseline,xlsx:樣本1:Sheet24:2:1:8x10,8x10,0.3,0,26,6,0,0,0,1,9.291666666666666,0.0,0.0,0.09185926081340426,0.09185926081340426
hard_gate_050,xlsx:樣本1:Sheet24:2:1:8x10,8x10,0.3,0,26,5,0,0,1,1,4.791666666666667,0.5286885245901639,0.0,0.07468069433434235,0.07468069433434235
hard_gate_055,xlsx:樣本1:Sheet24:2:1:8x10,8x10,0.3,0,26,3,0,1,1,1,2.5,0.7540983606557377,0.0,0.07876986664860075,0.07876986664860075
hard_gate_060,xlsx:樣本1:Sheet24:2:1:8x10,8x10,0.3,0,26,5,0,0,1,1,1.875,0.8155737704918032,0.0,0.06754553763519855,0.06754553763519855
soft_gate_050,xlsx:樣本1:Sheet24:2:1:8x10,8x10,0.3,0,26,5,0,0,1,1,9.291666666666666,0.0,0.0,0.07231175463427357,0.07231175463427357
centered_weighted_sum,xlsx:樣本1:Sheet24:2:1:8x10,8x10,0.3,0,26,6,0,0,0,1,9.333333333333334,0.0,0.0,0.09185926081340426,0.09185926081340426
baseline,xlsx:樣本1:Sheet24:2:1:8x10,8x10,0.3,0,29,14,0,0,0,0,9.208333333333334,0.0,0.0,0.09207889155156243,0.09207889155156243
hard_gate_050,xlsx:樣本1:Sheet24:2:1:8x10,8x10,0.3,0,29,15,0,0,0,0,4.791666666666667,0.5247933884297521,0.0,0.07692305907671379,0.07692305907671379
hard_gate_055,xlsx:樣本1:Sheet24:2:1:8x10,8x10,0.3,0,29,16,0,0,0,0,2.5,0.7520661157024794,0.0,0.09344005187655598,0.09344005187655598
hard_gate_060,xlsx:樣本1:Sheet24:2:1:8x10,8x10,0.3,0,29,10,0,0,0,1,2.0416666666666665,0.7975206611570248,0.0,0.08894963997095086,0.08894963997095086
soft_gate_050,xlsx:樣本1:Sheet24:2:1:8x10,8x10,0.3,0,29,15,0,0,0,0,9.208333333333334,0.0,0.0,0.07171279950432005,0.07171279950432005
centered_weighted_sum,xlsx:樣本1:Sheet24:2:1:8x10,8x10,0.3,0,29,14,0,0,0,0,9.333333333333334,0.0,0.0,0.09207889155156243,0.09207889155156243
baseline,xlsx:樣本1:Sheet24:2:1:8x10,8x10,0.3,0,32,21,0,0,0,0,9.291666666666666,0.0,0.0,0.09782217249225204,0.09782217249225204
hard_gate_050,xlsx:樣本1:Sheet24:2:1:8x10,8x10,0.3,0,32,20,0,0,0,0,4.916666666666667,0.51440329218107,0.0,0.08490019844694426,0.08490019844694426
hard_gate_055,xlsx:樣本1:Sheet24:2:1:8x10,8x10,0.3,0,32,23,0,0,0,0,2.5416666666666665,0.7489711934156379,0.0,0.10454496916478971,0.10454496916478971
hard_gate_060,xlsx:樣本1:Sheet24:2:1:8x10,8x10,0.3,0,32,24,0,0,0,0,2.0833333333333335,0.7942386831275721,0.0,0.0996224367479354,0.0996224367479354
soft_gate_050,xlsx:樣本1:Sheet24:2:1:8x10,8x10,0.3,0,32,20,0,0,0,0,9.291666666666666,0.0,0.0,0.07997543390817574,0.07997543390817574
centered_weighted_sum,xlsx:樣本1:Sheet24:2:1:8x10,8x10,0.3,0,32,21,0,0,0,0,9.333333333333334,0.0,0.0,0.09782217249225206,0.09782217249225206
baseline,xlsx:樣本1:Sheet24:2:1:8x10,8x10,0.3,0,36,5,0,0,1,1,9.166666666666666,0.0,0.0,0.09623541863143964,0.09623541863143964
hard_gate_050,xlsx:樣本1:Sheet24:2:1:8x10,8x10,0.3,0,36,6,0,0,0,1,4.958333333333333,0.5062240663900415,0.0,0.07990688301201317,0.07990688301201317
hard_gate_055,xlsx:樣本1:Sheet24:2:1:8x10,8x10,0.3,0,36,8,0,0,0,1,2.4166666666666665,0.7593360995850622,0.0,0.07853769933230449,0.07853769933230449
hard_gate_060,xlsx:樣本1:Sheet24:2:1:8x10,8x10,0.3,0,36,15,0,0,0,0,1.875,0.8132780082987552,0.0,0.07125302031669212,0.07125302031669212
soft_gate_050,xlsx:樣本1:Sheet24:2:1:8x10,8x10,0.3,0,36,5,0,0,1,1,9.166666666666666,0.0,0.0,0.07844281964804119,0.07844281964804119
centered_weighted_sum,xlsx:樣本1:Sheet24:2:1:8x10,8x10,0.3,0,36,5,0,0,1,1,9.291666666666666,0.0,0.0,0.09623541863143964,0.09623541863143964
baseline,xlsx:樣本1:Sheet24:2:1:8x10,8x10,0.3,0,37,8,0,0,0,1,9.208333333333334,0.0,0.0,0.09816217214201288,0.09816217214201288
hard_gate_050,xlsx:樣本1:Sheet24:2:1:8x10,8x10,0.3,0,37,9,0,0,0,1,5.0,0.5041322314049587,0.0,0.08267792894993463,0.08267792894993463
hard_gate_055,xlsx:樣本1:Sheet24:2:1:8x10,8x10,0.3,0,37,13,0,0,0,0,2.4583333333333335,0.756198347107438,0.0,0.07714014989730085,0.07714014989730085
hard_gate_060,xlsx:樣本1:Sheet24:2:1:8x10,8x10,0.3,0,37,15,0,0,0,0,1.9583333333333333,0.8057851239669421,0.0,0.07697271197408469,0.07697271197408469
soft_gate_050,xlsx:樣本1:Sheet24:2:1:8x10,8x10,0.3,0,37,8,0,0,0,1,9.208333333333334,0.0,0.0,0.08190476572035586,0.08190476572035586
centered_weighted_sum,xlsx:樣本1:Sheet24:2:1:8x10,8x10,0.3,0,37,8,0,0,0,1,9.333333333333334,0.0,0.0,0.09816217214201287,0.09816217214201287
baseline,xlsx:樣本1:Sheet24:2:1:8x10,8x10,0.3,0,38,23,0,0,0,0,9.25,0.0,0.0,0.09972836131567799,0.09972836131567799
hard_gate_050,xlsx:樣本1:Sheet24:2:1:8x10,8x10,0.3,0,38,22,0,0,0,0,4.916666666666667,0.51440329218107,0.0,0.08048171147811561,0.08048171147811561
hard_gate_055,xlsx:樣本1:Sheet24:2:1:8x10,8x10,0.3,0,38,8,0,0,0,1,2.4583333333333335,0.757201646090535,0.0,0.07835048047226252,0.07835048047226252
hard_gate_060,xlsx:樣本1:Sheet24:2:1:8x10,8x10,0.3,0,38,13,0,0,0,0,1.9166666666666667,0.8106995884773662,0.0,0.07834416330281467,0.07834416330281467
soft_gate_050,xlsx:樣本1:Sheet24:2:1:8x10,8x10,0.3,0,38,21,0,0,0,0,9.25,0.0,0.0,0.08163455087915296,0.08163455087915296
centered_weighted_sum,xlsx:樣本1:Sheet24:2:1:8x10,8x10,0.3,0,38,23,0,0,0,0,9.166666666666666,0.0,0.0,0.09972836131567799,0.09972836131567799
baseline,xlsx:樣本1:Sheet24:2:1:8x10,8x10,0.3,0,41,9,0,0,0,1,9.125,0.0,0.0,0.082981059841736,0.082981059841736
hard_gate_050,xlsx:樣本1:Sheet24:2:1:8x10,8x10,0.3,0,41,12,0,0,0,0,4.75,0.525,0.0,0.07133917356072371,0.07133917356072371
hard_gate_055,xlsx:樣本1:Sheet24:2:1:8x10,8x10,0.3,0,41,15,0,0,0,0,2.2083333333333335,0.7791666666666667,0.0,0.08531847892364913,0.08531847892364913
hard_gate_060,xlsx:樣本1:Sheet24:2:1:8x10,8x10,0.3,0,41,6,0,0,0,1,1.75,0.825,0.0,0.09295343142369747,0.09295343142369747
soft_gate_050,xlsx:樣本1:Sheet24:2:1:8x10,8x10,0.3,0,41,14,0,0,0,0,9.125,0.0,0.0,0.07940720167338548,0.07940720167338548
centered_weighted_sum,xlsx:樣本1:Sheet24:2:1:8x10,8x10,0.3,0,41,9,0,0,0,1,9.333333333333334,0.0,0.0,0.08298105984173601,0.08298105984173601
baseline,xlsx:樣本1:Sheet24:2:1:8x10,8x10,0.3,0,42,22,0,0,0,0,9.291666666666666,0.0,0.0,0.08169409187572306,0.08169409187572306
hard_gate_050,xlsx:樣本1:Sheet24:2:1:8x10,8x10,0.3,0,42,19,0,0,0,0,4.708333333333333,0.5368852459016393,0.0,0.06960920308827598,0.06960920308827598
hard_gate_055,xlsx:樣本1:Sheet24:2:1:8x10,8x10,0.3,0,42,21,0,0,0,0,2.2916666666666665,0.7745901639344263,0.0,0.09864343985589738,0.09864343985589738
hard_gate_060,xlsx:樣本1:Sheet24:2:1:8x10,8x10,0.3,0,42,20,0,0,0,0,1.7916666666666667,0.8237704918032787,0.0,0.0972558773443573,0.0972558773443573
soft_gate_050,xlsx:樣本1:Sheet24:2:1:8x10,8x10,0.3,0,42,19,0,0,0,0,9.291666666666666,0.0,0.0,0.07828040096022175,0.07828040096022175
centered_weighted_sum,xlsx:樣本1:Sheet24:2:1:8x10,8x10,0.3,0,42,22,0,0,0,0,9.333333333333334,0.0,0.0,0.08169409187572307,0.08169409187572307
baseline,xlsx:樣本1:Sheet24:2:1:8x10,8x10,0.3,0,44,3,0,1,1,1,9.166666666666666,0.0,0.0,0.08185807429823404,0.08185807429823404
hard_gate_050,xlsx:樣本1:Sheet24:2:1:8x10,8x10,0.3,0,44,1,1,1,1,1,4.791666666666667,0.5228215767634855,0.0,0.0679527805880064,0.0679527805880064
hard_gate_055,xlsx:樣本1:Sheet24:2:1:8x10,8x10,0.3,0,44,2,0,1,1,1,2.1666666666666665,0.7842323651452282,0.0,0.0967814792231204,0.0967814792231204
hard_gate_060,xlsx:樣本1:Sheet24:2:1:8x10,8x10,0.3,0,44,2,0,1,1,1,1.75,0.8257261410788381,0.0,0.08831068441563034,0.08831068441563034
soft_gate_050,xlsx:樣本1:Sheet24:2:1:8x10,8x10,0.3,0,44,7,0,0,0,1,9.166666666666666,0.0,0.0,0.07611915576452385,0.07611915576452385
centered_weighted_sum,xlsx:樣本1:Sheet24:2:1:8x10,8x10,0.3,0,44,3,0,1,1,1,9.291666666666666,0.0,0.0,0.08185807429823404,0.08185807429823404
baseline,xlsx:樣本1:Sheet24:2:1:8x10,8x10,0.3,0,55,6,0,0,0,1,9.416666666666666,0.0,0.0,0.0929324766789538,0.0929324766789538
hard_gate_050,xlsx:樣本1:Sheet24:2:1:8x10,8x10,0.3,0,55,1,1,1,1,1,4.583333333333333,0.5491803278688525,0.0,0.07686889798840198,0.07686889798840198
hard_gate_055,xlsx:樣本1:Sheet24:2:1:8x10,8x10,0.3,0,55,2,0,1,1,1,2.125,0.7909836065573771,0.0,0.08629662586025152,0.08629662586025152
hard_gate_060,xlsx:樣本1:Sheet24:2:1:8x10,8x10,0.3,0,55,2,0,1,1,1,1.6666666666666667,0.8360655737704918,0.0,0.07942988066561778,0.07942988066561778
soft_gate_050,xlsx:樣本1:Sheet24:2:1:8x10,8x10,0.3,0,55,1,1,1,1,1,9.416666666666666,0.0,0.0,0.08120663610844733,0.08120663610844733
centered_weighted_sum,xlsx:樣本1:Sheet24:2:1:8x10,8x10,0.3,0,55,6,0,0,0,1,9.333333333333334,0.0,0.0,0.0929324766789538,0.0929324766789538
baseline,xlsx:樣本1:Sheet24:2:1:8x10,8x10,0.3,0,61,24,0,0,0,0,9.291666666666666,0.0,0.0,0.09229012125451888,0.09229012125451888
hard_gate_050,xlsx:樣本1:Sheet24:2:1:8x10,8x10,0.3,0,61,23,0,0,0,0,4.375,0.5661157024793388,0.0,0.07085281777864859,0.07085281777864859
hard_gate_055,xlsx:樣本1:Sheet24:2:1:8x10,8x10,0.3,0,61,22,0,0,0,0,2.0833333333333335,0.7933884297520661,0.0,0.09042926090749434,0.09042926090749434
hard_gate_060,xlsx:樣本1:Sheet24:2:1:8x10,8x10,0.3,0,61,20,0,0,0,0,1.6666666666666667,0.8347107438016529,0.0,0.07635462618615996,0.07635462618615996
soft_gate_050,xlsx:樣本1:Sheet24:2:1:8x10,8x10,0.3,0,61,20,0,0,0,0,9.291666666666666,0.0,0.0,0.07708117102178964,0.07708117102178964
centered_weighted_sum,xlsx:樣本1:Sheet24:2:1:8x10,8x10,0.3,0,61,24,0,0,0,0,9.333333333333334,0.0,0.0,0.09229012125451888,0.09229012125451888
baseline,xlsx:樣本1:Sheet24:2:1:8x10,8x10,0.3,0,64,5,0,0,1,1,9.291666666666666,0.0,0.0,0.09123526182936431,0.09123526182936431
hard_gate_050,xlsx:樣本1:Sheet24:2:1:8x10,8x10,0.3,0,64,5,0,0,1,1,4.375,0.5661157024793388,0.0,0.0746663377993303,0.0746663377993303
hard_gate_055,xlsx:樣本1:Sheet24:2:1:8x10,8x10,0.3,0,64,2,0,1,1,1,2.0833333333333335,0.7933884297520661,0.0,0.08833951069719088,0.08833951069719088
hard_gate_060,xlsx:樣本1:Sheet24:2:1:8x10,8x10,0.3,0,64,2,0,1,1,1,1.625,0.8388429752066116,0.0,0.07850374798205391,0.07850374798205391
soft_gate_050,xlsx:樣本1:Sheet24:2:1:8x10,8x10,0.3,0,64,3,0,1,1,1,9.291666666666666,0.0,0.0,0.07480004532224013,0.07480004532224013
centered_weighted_sum,xlsx:樣本1:Sheet24:2:1:8x10,8x10,0.3,0,64,5,0,0,1,1,9.333333333333334,0.0,0.0,0.09123526182936433,0.09123526182936433
baseline,xlsx:樣本1:Sheet24:2:1:8x10,8x10,0.3,0,72,24,0,0,0,0,9.25,0.0,0.0,0.10790556891895042,0.10790556891895042
hard_gate_050,xlsx:樣本1:Sheet24:2:1:8x10,8x10,0.3,0,72,24,0,0,0,0,4.458333333333333,0.5578512396694215,0.0,0.06093853394811323,0.06093853394811323
hard_gate_055,xlsx:樣本1:Sheet24:2:1:8x10,8x10,0.3,0,72,22,0,0,0,0,2.0833333333333335,0.7933884297520661,0.0,0.06955684971244655,0.06955684971244655
hard_gate_060,xlsx:樣本1:Sheet24:2:1:8x10,8x10,0.3,0,72,23,0,0,0,0,1.6666666666666667,0.8347107438016529,0.0,0.06371796294296625,0.06371796294296625
soft_gate_050,xlsx:樣本1:Sheet24:2:1:8x10,8x10,0.3,0,72,24,0,0,0,0,9.25,0.0,0.0,0.0992718271795626,0.0992718271795626
centered_weighted_sum,xlsx:樣本1:Sheet24:2:1:8x10,8x10,0.3,0,72,24,0,0,0,0,9.291666666666666,0.0,0.0,0.10790556891895045,0.10790556891895045
baseline,xlsx:樣本1:Sheet24:2:1:8x10,8x10,0.3,0,73,18,0,0,0,0,9.375,0.0,0.0,0.10288873205689994,0.10288873205689994
hard_gate_050,xlsx:樣本1:Sheet24:2:1:8x10,8x10,0.3,0,73,20,0,0,0,0,4.458333333333333,0.563265306122449,0.0,0.05810942547760733,0.05810942547760733
hard_gate_055,xlsx:樣本1:Sheet24:2:1:8x10,8x10,0.3,0,73,20,0,0,0,0,2.1666666666666665,0.7877551020408163,0.0,0.06915206637079863,0.06915206637079863
hard_gate_060,xlsx:樣本1:Sheet24:2:1:8x10,8x10,0.3,0,73,19,0,0,0,0,1.625,0.8408163265306122,0.0,0.06904479926355851,0.06904479926355851
soft_gate_050,xlsx:樣本1:Sheet24:2:1:8x10,8x10,0.3,0,73,19,0,0,0,0,9.375,0.0,0.0,0.09797021753083594,0.09797021753083594
centered_weighted_sum,xlsx:樣本1:Sheet24:2:1:8x10,8x10,0.3,0,73,18,0,0,0,0,9.333333333333334,0.0,0.0,0.10288873205689994,0.10288873205689994
baseline,xlsx:樣本1:Sheet24:2:1:8x10,8x10,0.3,0,77,18,0,0,0,0,9.333333333333334,0.0,0.0,0.09428276221747521,0.09428276221747521
hard_gate_050,xlsx:樣本1:Sheet24:2:1:8x10,8x10,0.3,0,77,20,0,0,0,0,4.375,0.569672131147541,0.0,0.058365812103195074,0.058365812103195074
hard_gate_055,xlsx:樣本1:Sheet24:2:1:8x10,8x10,0.3,0,77,5,0,0,1,1,2.125,0.7909836065573771,0.0,0.06263928175086085,0.06263928175086085
hard_gate_060,xlsx:樣本1:Sheet24:2:1:8x10,8x10,0.3,0,77,9,0,0,0,1,1.625,0.8401639344262295,0.0,0.05610161203738281,0.05610161203738281
soft_gate_050,xlsx:樣本1:Sheet24:2:1:8x10,8x10,0.3,0,77,19,0,0,0,0,9.333333333333334,0.0,0.0,0.08659625003326481,0.08659625003326481
centered_weighted_sum,xlsx:樣本1:Sheet24:2:1:8x10,8x10,0.3,0,77,18,0,0,0,0,9.333333333333334,0.0,0.0,0.09428276221747521,0.09428276221747521
baseline,xlsx:樣本1:Sheet24:2:1:8x10,8x10,0.3,0,79,4,0,0,1,1,9.208333333333334,0.0,0.0,0.09953910233671343,0.09953910233671343
hard_gate_050,xlsx:樣本1:Sheet24:2:1:8x10,8x10,0.3,0,79,5,0,0,1,1,4.375,0.5643153526970954,0.0,0.06448099389760104,0.06448099389760104
hard_gate_055,xlsx:樣本1:Sheet24:2:1:8x10,8x10,0.3,0,79,5,0,0,1,1,2.0,0.8008298755186722,0.0,0.04844903330213898,0.04844903330213898
hard_gate_060,xlsx:樣本1:Sheet24:2:1:8x10,8x10,0.3,0,79,12,0,0,0,0,1.625,0.8381742738589212,0.0,0.05469126925692414,0.05469126925692414
soft_gate_050,xlsx:樣本1:Sheet24:2:1:8x10,8x10,0.3,0,79,4,0,0,1,1,9.208333333333334,0.0,0.0,0.10067735811244234,0.10067735811244234
centered_weighted_sum,xlsx:樣本1:Sheet24:2:1:8x10,8x10,0.3,0,79,4,0,0,1,1,9.333333333333334,0.0,0.0,0.09953910233671341,0.09953910233671341
baseline,xlsx:樣本1:Sheet24:2:1:8x10,8x10,0.5,0,1,2,0,1,1,1,9.25,0.0,0.0,0.10357823704604106,0.10357823704604106
hard_gate_050,xlsx:樣本1:Sheet24:2:1:8x10,8x10,0.5,0,1,1,1,1,1,1,3.075,0.6940298507462687,0.0,0.08157625000558191,0.08157625000558191
hard_gate_055,xlsx:樣本1:Sheet24:2:1:8x10,8x10,0.5,0,1,10,0,0,0,1,1.625,0.8383084577114428,0.0,0.095667345154037,0.095667345154037
hard_gate_060,xlsx:樣本1:Sheet24:2:1:8x10,8x10,0.5,0,1,8,0,0,0,1,1.325,0.8681592039800995,0.05,0.10336223407487301,0.10336223407487301
soft_gate_050,xlsx:樣本1:Sheet24:2:1:8x10,8x10,0.5,0,1,1,1,1,1,1,9.25,0.0,0.0,0.0961959756413564,0.0961959756413564
centered_weighted_sum,xlsx:樣本1:Sheet24:2:1:8x10,8x10,0.5,0,1,2,0,1,1,1,8.225,0.0,0.0,0.10357823704604106,0.10357823704604106
baseline,xlsx:樣本1:Sheet24:2:1:8x10,8x10,0.5,0,5,20,0,0,0,0,9.325,0.0,0.0,0.1094610736859475,0.1094610736859475
hard_gate_050,xlsx:樣本1:Sheet24:2:1:8x10,8x10,0.5,0,5,27,0,0,0,0,3.175,0.6840796019900498,0.0,0.08700748620429775,0.08700748620429775
hard_gate_055,xlsx:樣本1:Sheet24:2:1:8x10,8x10,0.5,0,5,25,0,0,0,0,1.65,0.835820895522388,0.0,0.09720779347006556,0.09720779347006556
hard_gate_060,xlsx:樣本1:Sheet24:2:1:8x10,8x10,0.5,0,5,29,0,0,0,0,1.4,0.8606965174129353,0.025,0.10217478251349268,0.10217478251349268
soft_gate_050,xlsx:樣本1:Sheet24:2:1:8x10,8x10,0.5,0,5,21,0,0,0,0,9.325,0.0,0.0,0.10476285281715018,0.10476285281715018
centered_weighted_sum,xlsx:樣本1:Sheet24:2:1:8x10,8x10,0.5,0,5,20,0,0,0,0,8.2,0.0,0.0,0.1094610736859475,0.1094610736859475
baseline,xlsx:樣本1:Sheet24:2:1:8x10,8x10,0.5,0,6,24,0,0,0,0,9.3,0.0,0.0,0.1096363391056632,0.1096363391056632
hard_gate_050,xlsx:樣本1:Sheet24:2:1:8x10,8x10,0.5,0,6,15,0,0,0,0,3.15,0.685785536159601,0.0,0.08894655249842323,0.08894655249842323
hard_gate_055,xlsx:樣本1:Sheet24:2:1:8x10,8x10,0.5,0,6,9,0,0,0,1,1.625,0.8379052369077307,0.0,0.09989474319911454,0.09989474319911454
hard_gate_060,xlsx:樣本1:Sheet24:2:1:8x10,8x10,0.5,0,6,9,0,0,0,1,1.375,0.8628428927680798,0.0,0.09870435548535222,0.09870435548535222
soft_gate_050,xlsx:樣本1:Sheet24:2:1:8x10,8x10,0.5,0,6,26,0,0,0,0,9.3,0.0,0.0,0.10522302804652008,0.10522302804652008
centered_weighted_sum,xlsx:樣本1:Sheet24:2:1:8x10,8x10,0.5,0,6,24,0,0,0,0,8.2,0.0,0.0,0.10963633910566321,0.10963633910566321
baseline,xlsx:樣本1:Sheet24:2:1:8x10,8x10,0.5,0,10,33,0,0,0,0,9.325,0.0,0.0,0.10450069159693028,0.10450069159693028
hard_gate_050,xlsx:樣本1:Sheet24:2:1:8x10,8x10,0.5,0,10,29,0,0,0,0,3.25,0.6774193548387096,0.0,0.08797489442791263,0.08797489442791263
hard_gate_055,xlsx:樣本1:Sheet24:2:1:8x10,8x10,0.5,0,10,31,0,0,0,0,1.775,0.8238213399503722,0.0,0.09361390914616592,0.09361390914616592
hard_gate_060,xlsx:樣本1:Sheet24:2:1:8x10,8x10,0.5,0,10,26,0,0,0,0,1.45,0.8560794044665012,0.025,0.10028883209276136,0.10028883209276136
soft_gate_050,xlsx:樣本1:Sheet24:2:1:8x10,8x10,0.5,0,10,29,0,0,0,0,9.325,0.0,0.0,0.10044729691826583,0.10044729691826583
centered_weighted_sum,xlsx:樣本1:Sheet24:2:1:8x10,8x10,0.5,0,10,33,0,0,0,0,8.25,0.0,0.0,0.10450069159693028,0.10450069159693028
baseline,xlsx:樣本1:Sheet24:2:1:8x10,8x10,0.5,0,12,11,0,0,0,0,9.325,0.0,0.0,0.10929171023645748,0.10929171023645748
hard_gate_050,xlsx:樣本1:Sheet24:2:1:8x10,8x10,0.5,0,12,12,0,0,0,0,3.225,0.6791044776119403,0.0,0.08508034473552667,0.08508034473552667
hard_gate_055,xlsx:樣本1:Sheet24:2:1:8x10,8x10,0.5,0,12,13,0,0,0,0,1.775,0.8233830845771144,0.0,0.09409408008092478,0.09409408008092478
hard_gate_060,xlsx:樣本1:Sheet24:2:1:8x10,8x10,0.5,0,12,5,0,0,1,1,1.4,0.8606965174129353,0.05,0.10588891789305337,0.10588891789305337
soft_gate_050,xlsx:樣本1:Sheet24:2:1:8x10,8x10,0.5,0,12,8,0,0,0,1,9.325,0.0,0.0,0.10011611710811172,0.10011611710811172
centered_weighted_sum,xlsx:樣本1:Sheet24:2:1:8x10,8x10,0.5,0,12,11,0,0,0,0,8.2,0.0,0.0,0.10929171023645748,0.10929171023645748
baseline,xlsx:樣本1:Sheet24:2:1:8x10,8x10,0.5,0,13,12,0,0,0,0,9.4,0.0,0.0,0.10887540758715905,0.10887540758715905
hard_gate_050,xlsx:樣本1:Sheet24:2:1:8x10,8x10,0.5,0,13,6,0,0,0,1,3.35,0.6691358024691358,0.0,0.08432772310459685,0.08432772310459685
hard_gate_055,xlsx:樣本1:Sheet24:2:1:8x10,8x10,0.5,0,13,5,0,0,1,1,1.85,0.817283950617284,0.0,0.09275474133235481,0.09275474133235481
hard_gate_060,xlsx:樣本1:Sheet24:2:1:8x10,8x10,0.5,0,13,7,0,0,0,1,1.45,0.8567901234567902,0.05,0.10328501255610466,0.10328501255610466
soft_gate_050,xlsx:樣本1:Sheet24:2:1:8x10,8x10,0.5,0,13,14,0,0,0,0,9.4,0.0,0.0,0.10375614615347231,0.10375614615347231
centered_weighted_sum,xlsx:樣本1:Sheet24:2:1:8x10,8x10,0.5,0,13,12,0,0,0,0,8.3,0.0,0.0,0.10887540758715906,0.10887540758715906
baseline,xlsx:樣本1:Sheet24:2:1:8x10,8x10,0.5,0,14,8,0,0,0,1,9.35,0.0,0.0,0.10822923770413559,0.10822923770413559
hard_gate_050,xlsx:樣本1:Sheet24:2:1:8x10,8x10,0.5,0,14,4,0,0,1,1,3.35,0.6674937965260546,0.0,0.08687816762868801,0.08687816762868801
hard_gate_055,xlsx:樣本1:Sheet24:2:1:8x10,8x10,0.5,0,14,3,0,1,1,1,1.825,0.8188585607940446,0.0,0.09228704518791334,0.09228704518791334
hard_gate_060,xlsx:樣本1:Sheet24:2:1:8x10,8x10,0.5,0,14,4,0,0,1,1,1.425,0.858560794044665,0.025,0.09818331672569557,0.09818331672569557
soft_gate_050,xlsx:樣本1:Sheet24:2:1:8x10,8x10,0.5,0,14,13,0,0,0,0,9.35,0.0,0.0,0.10065129294638112,0.10065129294638112
centered_weighted_sum,xlsx:樣本1:Sheet24:2:1:8x10,8x10,0.5,0,14,8,0,0,0,1,8.25,0.0,0.0,0.10822923770413559,0.10822923770413559
baseline,xlsx:樣本1:Sheet24:2:1:8x10,8x10,0.5,0,16,36,0,0,0,0,9.425,0.0,0.0,0.11787573523631126,0.11787573523631126
hard_gate_050,xlsx:樣本1:Sheet24:2:1:8x10,8x10,0.5,0,16,36,0,0,0,0,3.475,0.6567901234567901,0.0,0.08558478481155311,0.08558478481155311
hard_gate_055,xlsx:樣本1:Sheet24:2:1:8x10,8x10,0.5,0,16,31,0,0,0,0,1.9,0.8123456790123457,0.0,0.09705583079400498,0.09705583079400498
hard_gate_060,xlsx:樣本1:Sheet24:2:1:8x10,8x10,0.5,0,16,33,0,0,0,0,1.4,0.8617283950617284,0.025,0.10358117955889712,0.10358117955889712
soft_gate_050,xlsx:樣本1:Sheet24:2:1:8x10,8x10,0.5,0,16,36,0,0,0,0,9.425,0.0,0.0,0.10953877762855913,0.10953877762855913
centered_weighted_sum,xlsx:樣本1:Sheet24:2:1:8x10,8x10,0.5,0,16,36,0,0,0,0,8.25,0.0,0.0,0.11787573523631126,0.11787573523631126
baseline,xlsx:樣本1:Sheet24:2:1:8x10,8x10,0.5,0,22,2,0,1,1,1,9.425,0.0,0.0,0.10560912881352862,0.10560912881352862
hard_gate_050,xlsx:樣本1:Sheet24:2:1:8x10,8x10,0.5,0,22,9,0,0,0,1,3.5,0.652605459057072,0.0,0.09034482872958427,0.09034482872958427
hard_gate_055,xlsx:樣本1:Sheet24:2:1:8x10,8x10,0.5,0,22,16,0,0,0,0,1.925,0.8089330024813896,0.0,0.09035718405567553,0.09035718405567553
hard_gate_060,xlsx:樣本1:Sheet24:2:1:8x10,8x10,0.5,0,22,2,0,1,1,1,1.525,0.8486352357320099,0.0,0.09857856263793767,0.09857856263793767
soft_gate_050,xlsx:樣本1:Sheet24:2:1:8x10,8x10,0.5,0,22,1,1,1,1,1,9.425,0.0,0.0,0.09628101802024264,0.09628101802024264
centered_weighted_sum,xlsx:樣本1:Sheet24:2:1:8x10,8x10,0.5,0,22,2,0,1,1,1,8.175,0.0,0.0,0.10560912881352863,0.10560912881352863
baseline,xlsx:樣本1:Sheet24:2:1:8x10,8x10,0.5,0,24,28,0,0,0,0,9.35,0.0,0.0,0.10413951076741085,0.10413951076741085
hard_gate_050,xlsx:樣本1:Sheet24:2:1:8x10,8x10,0.5,0,24,29,0,0,0,0,3.4,0.6608478802992519,0.0,0.09030027446097762,0.09030027446097762
hard_gate_055,xlsx:樣本1:Sheet24:2:1:8x10,8x10,0.5,0,24,32,0,0,0,0,1.9,0.8104738154613467,0.0,0.09112596197470617,0.09112596197470617
hard_gate_060,xlsx:樣本1:Sheet24:2:1:8x10,8x10,0.5,0,24,33,0,0,0,0,1.425,0.85785536159601,0.025,0.10421912045327565,0.10421912045327565
soft_gate_050,xlsx:樣本1:Sheet24:2:1:8x10,8x10,0.5,0,24,30,0,0,0,0,9.35,0.0,0.0,0.09581958994420794,0.09581958994420794
centered_weighted_sum,xlsx:樣本1:Sheet24:2:1:8x10,8x10,0.5,0,24,28,0,0,0,0,8.2,0.0,0.0,0.10413951076741085,0.10413951076741085
baseline,xlsx:樣本1:Sheet24:2:1:8x10,8x10,0.5,0,25,40,0,0,0,0,9.375,0.0,0.0,0.1046329264013204,0.1046329264013204
hard_gate_050,xlsx:樣本1:Sheet24:2:1:8x10,8x10,0.5,0,25,34,0,0,0,0,3.45,0.6567164179104478,0.0,0.09245989224420854,0.09245989224420854
hard_gate_055,xlsx:樣本1:Sheet24:2:1:8x10,8x10,0.5,0,25,25,0,0,0,0,1.95,0.8059701492537313,0.0,0.0896948110522497,0.0896948110522497
hard_gate_060,xlsx:樣本1:Sheet24:2:1:8x10,8x10,0.5,0,25,30,0,0,0,0,1.5,0.8507462686567164,0.025,0.10400401315992612,0.10400401315992612
soft_gate_050,xlsx:樣本1:Sheet24:2:1:8x10,8x10,0.5,0,25,35,0,0,0,0,9.375,0.0,0.0,0.09618651275456942,0.09618651275456942
centered_weighted_sum,xlsx:樣本1:Sheet24:2:1:8x10,8x10,0.5,0,25,40,0,0,0,0,8.225,0.0,0.0,0.1046329264013204,0.1046329264013204
baseline,xlsx:樣本1:Sheet24:2:1:8x10,8x10,0.5,0,26,17,0,0,0,0,9.375,0.0,0.0,0.1035282722822443,0.1035282722822443
hard_gate_050,xlsx:樣本1:Sheet24:2:1:8x10,8x10,0.5,0,26,18,0,0,0,0,3.475,0.654228855721393,0.0,0.09211648279547086,0.09211648279547086
hard_gate_055,xlsx:樣本1:Sheet24:2:1:8x10,8x10,0.5,0,26,15,0,0,0,0,1.85,0.8159203980099502,0.0,0.09319164115991267,0.09319164115991267
hard_gate_060,xlsx:樣本1:Sheet24:2:1:8x10,8x10,0.5,0,26,18,0,0,0,0,1.5,0.8507462686567164,0.0,0.09955331399588604,0.09955331399588604
soft_gate_050,xlsx:樣本1:Sheet24:2:1:8x10,8x10,0.5,0,26,12,0,0,0,0,9.375,0.0,0.0,0.09548675126268329,0.09548675126268329
centered_weighted_sum,xlsx:樣本1:Sheet24:2:1:8x10,8x10,0.5,0,26,17,0,0,0,0,8.225,0.0,0.0,0.10352827228224429,0.10352827228224429
baseline,xlsx:樣本1:Sheet24:2:1:8x10,8x10,0.5,0,27,27,0,0,0,0,9.4,0.0,0.0,0.10294423456973537,0.10294423456973537
hard_gate_050,xlsx:樣本1:Sheet24:2:1:8x10,8x10,0.5,0,27,21,0,0,0,0,3.5,0.652605459057072,0.0,0.09100577696291867,0.09100577696291867
hard_gate_055,xlsx:樣本1:Sheet24:2:1:8x10,8x10,0.5,0,27,26,0,0,0,0,1.85,0.8163771712158809,0.0,0.0941354724307902,0.0941354724307902
hard_gate_060,xlsx:樣本1:Sheet24:2:1:8x10,8x10,0.5,0,27,24,0,0,0,0,1.5,0.8511166253101737,0.025,0.10319899927177469,0.10319899927177469
soft_gate_050,xlsx:樣本1:Sheet24:2:1:8x10,8x10,0.5,0,27,21,0,0,0,0,9.4,0.0,0.0,0.09526213083215451,0.09526213083215451
centered_weighted_sum,xlsx:樣本1:Sheet24:2:1:8x10,8x10,0.5,0,27,27,0,0,0,0,8.25,0.0,0.0,0.10294423456973537,0.10294423456973537
baseline,xlsx:樣本1:Sheet24:2:1:8x10,8x10,0.5,0,30,1,1,1,1,1,9.55,0.0,0.0,0.10214176355038188,0.10214176355038188
hard_gate_050,xlsx:樣本1:Sheet24:2:1:8x10,8x10,0.5,0,30,8,0,0,0,1,3.625,0.6454767726161369,0.0,0.09200132594085528,0.09200132594085528
hard_gate_055,xlsx:樣本1:Sheet24:2:1:8x10,8x10,0.5,0,30,5,0,0,1,1,2.05,0.7995110024449877,0.0,0.09803486826867706,0.09803486826867706
hard_gate_060,xlsx:樣本1:Sheet24:2:1:8x10,8x10,0.5,0,30,9,0,0,0,1,1.55,0.8484107579462102,0.025,0.10232122753777133,0.10232122753777133
soft_gate_050,xlsx:樣本1:Sheet24:2:1:8x10,8x10,0.5,0,30,14,0,0,0,0,9.55,0.0,0.0,0.09525804406682763,0.09525804406682763
centered_weighted_sum,xlsx:樣本1:Sheet24:2:1:8x10,8x10,0.5,0,30,1,1,1,1,1,8.4,0.0,0.0,0.10214176355038186,0.10214176355038186
baseline,xlsx:樣本1:Sheet24:2:1:8x10,8x10,0.5,0,31,10,0,0,0,1,9.325,0.0,0.0,0.10101497995948738,0.10101497995948738
hard_gate_050,xlsx:樣本1:Sheet24:2:1:8x10,8x10,0.5,0,31,4,0,0,1,1,3.4,0.66,0.0,0.09249764131584276,0.09249764131584276
hard_gate_055,xlsx:樣本1:Sheet24:2:1:8x10,8x10,0.5,0,31,15,0,0,0,0,1.825,0.8175,0.0,0.0962089482385041,0.0962089482385041
hard_gate_060,xlsx:樣本1:Sheet24:2:1:8x10,8x10,0.5,0,31,17,0,0,0,0,1.525,0.8475,0.0,0.09679389754333308,0.09679389754333308
soft_gate_050,xlsx:樣本1:Sheet24:2:1:8x10,8x10,0.5,0,31,5,0,0,1,1,9.325,0.0,0.0,0.09351380280244247,0.09351380280244247
centered_weighted_sum,xlsx:樣本1:Sheet24:2:1:8x10,8x10,0.5,0,31,10,0,0,0,1,8.175,0.0,0.0,0.1010149799594874,0.1010149799594874
baseline,xlsx:樣本1:Sheet24:2:1:8x10,8x10,0.5,0,33,3,0,1,1,1,9.4,0.0,0.0,0.09881477777840394,0.09881477777840394
hard_gate_050,xlsx:樣本1:Sheet24:2:1:8x10,8x10,0.5,0,33,12,0,0,0,0,3.5,0.652605459057072,0.0,0.08951657818861548,0.08951657818861548
hard_gate_055,xlsx:樣本1:Sheet24:2:1:8x10,8x10,0.5,0,33,8,0,0,0,1,1.925,0.8089330024813896,0.0,0.09583734500376094,0.09583734500376094
hard_gate_060,xlsx:樣本1:Sheet24:2:1:8x10,8x10,0.5,0,33,2,0,1,1,1,1.525,0.8486352357320099,0.025,0.09952540619765007,0.09952540619765007
soft_gate_050,xlsx:樣本1:Sheet24:2:1:8x10,8x10,0.5,0,33,3,0,1,1,1,9.4,0.0,0.0,0.09458024725507835,0.09458024725507835
centered_weighted_sum,xlsx:樣本1:Sheet24:2:1:8x10,8x10,0.5,0,33,3,0,1,1,1,8.25,0.0,0.0,0.09881477777840394,0.09881477777840394
baseline,xlsx:樣本1:Sheet24:2:1:8x10,8x10,0.5,0,35,38,0,0,0,0,9.35,0.0,0.0,0.10042169775362259,0.10042169775362259
hard_gate_050,xlsx:樣本1:Sheet24:2:1:8x10,8x10,0.5,0,35,32,0,0,0,0,3.45,0.6567164179104478,0.0,0.08998256992382106,0.08998256992382106
hard_gate_055,xlsx:樣本1:Sheet24:2:1:8x10,8x10,0.5,0,35,37,0,0,0,0,1.9,0.8109452736318408,0.0,0.09617771500046565,0.09617771500046565
hard_gate_060,xlsx:樣本1:Sheet24:2:1:8x10,8x10,0.5,0,35,39,0,0,0,0,1.525,0.8482587064676617,0.0,0.09633329171323986,0.09633329171323986
soft_gate_050,xlsx:樣本1:Sheet24:2:1:8x10,8x10,0.5,0,35,33,0,0,0,0,9.35,0.0,0.0,0.09408367089230475,0.09408367089230475
centered_weighted_sum,xlsx:樣本1:Sheet24:2:1:8x10,8x10,0.5,0,35,38,0,0,0,0,8.225,0.0,0.0,0.10042169775362259,0.10042169775362259
baseline,xlsx:樣本1:Sheet24:2:1:8x10,8x10,0.5,0,36,18,0,0,0,0,9.325,0.0,0.0,0.09963822167466907,0.09963822167466907
hard_gate_050,xlsx:樣本1:Sheet24:2:1:8x10,8x10,0.5,0,36,21,0,0,0,0,3.425,0.6583541147132169,0.0,0.0892259112589472,0.0892259112589472
hard_gate_055,xlsx:樣本1:Sheet24:2:1:8x10,8x10,0.5,0,36,24,0,0,0,0,1.85,0.8154613466334164,0.0,0.09057023966398178,0.09057023966398178
hard_gate_060,xlsx:樣本1:Sheet24:2:1:8x10,8x10,0.5,0,36,14,0,0,0,0,1.475,0.8528678304239401,0.0,0.09623272390232733,0.09623272390232733
soft_gate_050,xlsx:樣本1:Sheet24:2:1:8x10,8x10,0.5,0,36,12,0,0,0,0,9.325,0.0,0.0,0.09322771840089476,0.09322771840089476
centered_weighted_sum,xlsx:樣本1:Sheet24:2:1:8x10,8x10,0.5,0,36,18,0,0,0,0,8.175,0.0,0.0,0.09963822167466907,0.09963822167466907
baseline,xlsx:樣本1:Sheet24:2:1:8x10,8x10,0.5,0,37,4,0,0,1,1,9.35,0.0,0.0,0.10070567683162038,0.10070567683162038
hard_gate_050,xlsx:樣本1:Sheet24:2:1:8x10,8x10,0.5,0,37,2,0,1,1,1,3.475,0.654228855721393,0.0,0.09078152171056028,0.09078152171056028
hard_gate_055,xlsx:樣本1:Sheet24:2:1:8x10,8x10,0.5,0,37,6,0,0,0,1,1.875,0.8134328358208955,0.0,0.09360809183450602,0.09360809183450602
hard_gate_060,xlsx:樣本1:Sheet24:2:1:8x10,8x10,0.5,0,37,9,0,0,0,1,1.5,0.8507462686567164,0.025,0.10441460840587648,0.10441460840587648
soft_gate_050,xlsx:樣本1:Sheet24:2:1:8x10,8x10,0.5,0,37,2,0,1,1,1,9.35,0.0,0.0,0.09604478657791277,0.09604478657791277
centered_weighted_sum,xlsx:樣本1:Sheet24:2:1:8x10,8x10,0.5,0,37,4,0,0,1,1,8.225,0.0,0.0,0.10070567683162038,0.10070567683162038
baseline,xlsx:樣本1:Sheet24:2:1:8x10,8x10,0.5,0,38,39,0,0,0,0,9.325,0.0,0.0,0.10035417575468462,0.10035417575468462
hard_gate_050,xlsx:樣本1:Sheet24:2:1:8x10,8x10,0.5,0,38,40,0,0,0,0,3.45,0.655860349127182,0.0,0.09004494292679059,0.09004494292679059
hard_gate_055,xlsx:樣本1:Sheet24:2:1:8x10,8x10,0.5,0,38,37,0,0,0,0,1.825,0.8179551122194514,0.0,0.09589137170628279,0.09589137170628279
hard_gate_060,xlsx:樣本1:Sheet24:2:1:8x10,8x10,0.5,0,38,37,0,0,0,0,1.45,0.8553615960099751,0.0,0.0966234326513852,0.0966234326513852
soft_gate_050,xlsx:樣本1:Sheet24:2:1:8x10,8x10,0.5,0,38,34,0,0,0,0,9.325,0.0,0.0,0.0933750565897233,0.0933750565897233
centered_weighted_sum,xlsx:樣本1:Sheet24:2:1:8x10,8x10,0.5,0,38,39,0,0,0,0,8.1,0.0,0.0,0.10035417575468462,0.10035417575468462
baseline,xlsx:樣本1:Sheet24:2:1:8x10,8x10,0.5,0,40,35,0,0,0,0,9.35,0.0,0.0,0.09709144480587037,0.09709144480587037
hard_gate_050,xlsx:樣本1:Sheet24:2:1:8x10,8x10,0.5,0,40,34,0,0,0,0,3.4,0.6616915422885572,0.0,0.09044707680725281,0.09044707680725281
hard_gate_055,xlsx:樣本1:Sheet24:2:1:8x10,8x10,0.5,0,40,34,0,0,0,0,1.825,0.818407960199005,0.0,0.09537857476667241,0.09537857476667241
hard_gate_060,xlsx:樣本1:Sheet24:2:1:8x10,8x10,0.5,0,40,34,0,0,0,0,1.425,0.8582089552238806,0.05,0.1074689434423551,0.1074689434423551
soft_gate_050,xlsx:樣本1:Sheet24:2:1:8x10,8x10,0.5,0,40,39,0,0,0,0,9.35,0.0,0.0,0.0949021646776306,0.0949021646776306
centered_weighted_sum,xlsx:樣本1:Sheet24:2:1:8x10,8x10,0.5,0,40,35,0,0,0,0,8.15,0.0,0.0,0.09709144480587038,0.09709144480587038
baseline,xlsx:樣本1:Sheet24:2:1:8x10,8x10,0.5,0,41,20,0,0,0,0,9.3,0.0,0.0,0.09766476833693255,0.09766476833693255
hard_gate_050,xlsx:樣本1:Sheet24:2:1:8x10,8x10,0.5,0,41,26,0,0,0,0,3.325,0.6675,0.0,0.09207618276587408,0.09207618276587408
hard_gate_055,xlsx:樣本1:Sheet24:2:1:8x10,8x10,0.5,0,41,20,0,0,0,0,1.725,0.8275,0.025,0.10750496557458641,0.10750496557458641
hard_gate_060,xlsx:樣本1:Sheet24:2:1:8x10,8x10,0.5,0,41,21,0,0,0,0,1.45,0.855,0.025,0.10857697168633339,0.10857697168633339
soft_gate_050,xlsx:樣本1:Sheet24:2:1:8x10,8x10,0.5,0,41,20,0,0,0,0,9.3,0.0,0.0,0.09594931373113529,0.09594931373113529
centered_weighted_sum,xlsx:樣本1:Sheet24:2:1:8x10,8x10,0.5,0,41,20,0,0,0,0,8.175,0.0,0.0,0.09766476833693255,0.09766476833693255
baseline,xlsx:樣本1:Sheet24:2:1:8x10,8x10,0.5,0,46,9,0,0,0,1,9.275,0.0,0.0,0.09223178792687299,0.09223178792687299
hard_gate_050,xlsx:樣本1:Sheet24:2:1:8x10,8x10,0.5,0,46,4,0,0,1,1,3.275,0.6725,0.0,0.08731800469742218,0.08731800469742218
hard_gate_055,xlsx:樣本1:Sheet24:2:1:8x10,8x10,0.5,0,46,14,0,0,0,0,1.775,0.8225,0.0,0.09859593008726256,0.09859593008726256
hard_gate_060,xlsx:樣本1:Sheet24:2:1:8x10,8x10,0.5,0,46,17,0,0,0,0,1.375,0.8625,0.05,0.10160914127337735,0.10160914127337735
soft_gate_050,xlsx:樣本1:Sheet24:2:1:8x10,8x10,0.5,0,46,3,0,1,1,1,9.275,0.0,0.0,0.08265402465365825,0.08265402465365825
centered_weighted_sum,xlsx:樣本1:Sheet24:2:1:8x10,8x10,0.5,0,46,9,0,0,0,1,8.175,0.0,0.0,0.09223178792687299,0.09223178792687299
baseline,xlsx:樣本1:Sheet24:2:1:8x10,8x10,0.5,0,48,6,0,0,0,1,9.425,0.0,0.0,0.09274297980028527,0.09274297980028527
hard_gate_050,xlsx:樣本1:Sheet24:2:1:8x10,8x10,0.5,0,48,11,0,0,0,0,3.475,0.6584766584766585,0.0,0.08759268392949551,0.08759268392949551
hard_gate_055,xlsx:樣本1:Sheet24:2:1:8x10,8x10,0.5,0,48,12,0,0,0,0,1.925,0.8108108108108109,0.0,0.09937425851727669,0.09937425851727669
hard_gate_060,xlsx:樣本1:Sheet24:2:1:8x10,8x10,0.5,0,48,13,0,0,0,0,1.5,0.8525798525798526,0.025,0.09870700355863048,0.09870700355863048
soft_gate_050,xlsx:樣本1:Sheet24:2:1:8x10,8x10,0.5,0,48,13,0,0,0,0,9.425,0.0,0.0,0.0796684736844605,0.0796684736844605
centered_weighted_sum,xlsx:樣本1:Sheet24:2:1:8x10,8x10,0.5,0,48,6,0,0,0,1,8.35,0.0,0.0,0.09274297980028527,0.09274297980028527
baseline,xlsx:樣本1:Sheet24:2:1:8x10,8x10,0.5,0,51,35,0,0,0,0,9.225,0.0,0.0,0.09255593647857148,0.09255593647857148
hard_gate_050,xlsx:樣本1:Sheet24:2:1:8x10,8x10,0.5,0,51,23,0,0,0,0,3.275,0.6725,0.0,0.08119940554596852,0.08119940554596852
hard_gate_055,xlsx:樣本1:Sheet24:2:1:8x10,8x10,0.5,0,51,18,0,0,0,0,1.75,0.825,0.0,0.08959986351039058,0.08959986351039058
hard_gate_060,xlsx:樣本1:Sheet24:2:1:8x10,8x10,0.5,0,51,22,0,0,0,0,1.375,0.8625,0.05,0.09452638162910271,0.09452638162910271
soft_gate_050,xlsx:樣本1:Sheet24:2:1:8x10,8x10,0.5,0,51,29,0,0,0,0,9.225,0.0,0.0,0.07659440263651153,0.07659440263651153
centered_weighted_sum,xlsx:樣本1:Sheet24:2:1:8x10,8x10,0.5,0,51,35,0,0,0,0,8.175,0.0,0.0,0.0925559364785715,0.0925559364785715
baseline,xlsx:樣本1:Sheet24:2:1:8x10,8x10,0.5,0,55,6,0,0,0,1,9.3,0.0,0.0,0.09885889028344896,0.09885889028344896
hard_gate_050,xlsx:樣本1:Sheet24:2:1:8x10,8x10,0.5,0,55,1,1,1,1,1,3.35,0.6683168316831684,0.0,0.08291941017345945,0.08291941017345945
hard_gate_055,xlsx:樣本1:Sheet24:2:1:8x10,8x10,0.5,0,55,1,1,1,1,1,1.775,0.8242574257425742,0.05,0.09591384220093556,0.09591384220093556
hard_gate_060,xlsx:樣本1:Sheet24:2:1:8x10,8x10,0.5,0,55,1,1,1,1,1,1.35,0.8663366336633663,0.175,0.10786842874861154,0.10786842874861154
soft_gate_050,xlsx:樣本1:Sheet24:2:1:8x10,8x10,0.5,0,55,1,1,1,1,1,9.3,0.0,0.0,0.08329161414384202,0.08329161414384202
centered_weighted_sum,xlsx:樣本1:Sheet24:2:1:8x10,8x10,0.5,0,55,6,0,0,0,1,8.275,0.0,0.0,0.09885889028344896,0.09885889028344896
baseline,xlsx:樣本1:Sheet24:2:1:8x10,8x10,0.5,0,56,26,0,0,0,0,9.2,0.0,0.0,0.09877576530313728,0.09877576530313728
hard_gate_050,xlsx:樣本1:Sheet24:2:1:8x10,8x10,0.5,0,56,39,0,0,0,0,3.2,0.68,0.0,0.07889470761534588,0.07889470761534588
hard_gate_055,xlsx:樣本1:Sheet24:2:1:8x10,8x10,0.5,0,56,40,0,0,0,0,1.675,0.8325,0.0,0.09024872673855527,0.09024872673855527
hard_gate_060,xlsx:樣本1:Sheet24:2:1:8x10,8x10,0.5,0,56,40,0,0,0,0,1.4,0.86,0.025,0.09958345533158205,0.09958345533158205
soft_gate_050,xlsx:樣本1:Sheet24:2:1:8x10,8x10,0.5,0,56,37,0,0,0,0,9.2,0.0,0.0,0.08117766310972667,0.08117766310972667
centered_weighted_sum,xlsx:樣本1:Sheet24:2:1:8x10,8x10,0.5,0,56,26,0,0,0,0,8.125,0.0,0.0,0.09877576530313728,0.09877576530313728
baseline,xlsx:樣本1:Sheet24:2:1:8x10,8x10,0.5,0,59,7,0,0,0,1,9.25,0.0,0.0,0.10891184833843846,0.10891184833843846
hard_gate_050,xlsx:樣本1:Sheet24:2:1:8x10,8x10,0.5,0,59,2,0,1,1,1,3.35,0.6666666666666666,0.0,0.08032628361006999,0.08032628361006999
hard_gate_055,xlsx:樣本1:Sheet24:2:1:8x10,8x10,0.5,0,59,2,0,1,1,1,1.75,0.8258706467661692,0.0,0.08905169167497326,0.08905169167497326
hard_gate_060,xlsx:樣本1:Sheet24:2:1:8x10,8x10,0.5,0,59,3,0,1,1,1,1.425,0.8582089552238806,0.025,0.09864492352909261,0.09864492352909261
soft_gate_050,xlsx:樣本1:Sheet24:2:1:8x10,8x10,0.5,0,59,11,0,0,0,0,9.25,0.0,0.0,0.08735437141991666,0.08735437141991666
centered_weighted_sum,xlsx:樣本1:Sheet24:2:1:8x10,8x10,0.5,0,59,7,0,0,0,1,8.15,0.0,0.0,0.10891184833843846,0.10891184833843846
baseline,xlsx:樣本1:Sheet24:2:1:8x10,8x10,0.5,0,60,12,0,0,0,0,9.275,0.0,0.0,0.10720943608090616,0.10720943608090616
hard_gate_050,xlsx:樣本1:Sheet24:2:1:8x10,8x10,0.5,0,60,1,1,1,1,1,3.35,0.6674937965260546,0.0,0.07937544615955788,0.07937544615955788
hard_gate_055,xlsx:樣本1:Sheet24:2:1:8x10,8x10,0.5,0,60,1,1,1,1,1,1.75,0.826302729528536,0.0,0.08979198853309128,0.08979198853309128
hard_gate_060,xlsx:樣本1:Sheet24:2:1:8x10,8x10,0.5,0,60,1,1,1,1,1,1.45,0.8560794044665012,0.025,0.09816631050956041,0.09816631050956041
soft_gate_050,xlsx:樣本1:Sheet24:2:1:8x10,8x10,0.5,0,60,8,0,0,0,1,9.275,0.0,0.0,0.08750724954784779,0.08750724954784779
centered_weighted_sum,xlsx:樣本1:Sheet24:2:1:8x10,8x10,0.5,0,60,12,0,0,0,0,8.25,0.0,0.0,0.10720943608090616,0.10720943608090616
baseline,xlsx:樣本1:Sheet24:2:1:8x10,8x10,0.5,0,62,20,0,0,0,0,9.3,0.0,0.0,0.11143501387978615,0.11143501387978615
hard_gate_050,xlsx:樣本1:Sheet24:2:1:8x10,8x10,0.5,0,62,20,0,0,0,0,3.35,0.6674937965260546,0.0,0.08355341693688355,0.08355341693688355
hard_gate_055,xlsx:樣本1:Sheet24:2:1:8x10,8x10,0.5,0,62,24,0,0,0,0,1.775,0.8238213399503722,0.025,0.0930685640526095,0.0930685640526095
hard_gate_060,xlsx:樣本1:Sheet24:2:1:8x10,8x10,0.5,0,62,22,0,0,0,0,1.25,0.8759305210918115,0.15,0.10408751053573816,0.10408751053573816
soft_gate_050,xlsx:樣本1:Sheet24:2:1:8x10,8x10,0.5,0,62,20,0,0,0,0,9.3,0.0,0.0,0.09043914309090853,0.09043914309090853
centered_weighted_sum,xlsx:樣本1:Sheet24:2:1:8x10,8x10,0.5,0,62,20,0,0,0,0,8.25,0.0,0.0,0.11143501387978616,0.11143501387978616
baseline,xlsx:樣本1:Sheet24:2:1:8x10,8x10,0.5,0,66,7,0,0,0,1,9.225,0.0,0.0,0.12333100449887754,0.12333100449887754
hard_gate_050,xlsx:樣本1:Sheet24:2:1:8x10,8x10,0.5,0,66,11,0,0,0,0,3.35,0.665,0.0,0.08549644317239771,0.08549644317239771
hard_gate_055,xlsx:樣本1:Sheet24:2:1:8x10,8x10,0.5,0,66,3,0,1,1,1,1.75,0.825,0.025,0.09490774763842676,0.09490774763842676
hard_gate_060,xlsx:樣本1:Sheet24:2:1:8x10,8x10,0.5,0,66,4,0,0,1,1,1.3,0.87,0.1,0.10135689077471884,0.10135689077471884
soft_gate_050,xlsx:樣本1:Sheet24:2:1:8x10,8x10,0.5,0,66,8,0,0,0,1,9.225,0.0,0.0,0.11151085707661403,0.11151085707661403
centered_weighted_sum,xlsx:樣本1:Sheet24:2:1:8x10,8x10,0.5,0,66,7,0,0,0,1,8.15,0.0,0.0,0.12333100449887754,0.12333100449887754
baseline,xlsx:樣本1:Sheet24:2:1:8x10,8x10,0.5,0,67,36,0,0,0,0,9.275,0.0,0.0,0.12054458205795392,0.12054458205795392
hard_gate_050,xlsx:樣本1:Sheet24:2:1:8x10,8x10,0.5,0,67,32,0,0,0,0,3.35,0.6666666666666666,0.0,0.08607377833052125,0.08607377833052125
hard_gate_055,xlsx:樣本1:Sheet24:2:1:8x10,8x10,0.5,0,67,22,0,0,0,0,1.775,0.8233830845771144,0.05,0.09445868493529154,0.09445868493529154
hard_gate_060,xlsx:樣本1:Sheet24:2:1:8x10,8x10,0.5,0,67,19,0,0,0,0,1.25,0.8756218905472637,0.225,0.10295116555231801,0.10295116555231801
soft_gate_050,xlsx:樣本1:Sheet24:2:1:8x10,8x10,0.5,0,67,37,0,0,0,0,9.275,0.0,0.0,0.11222339757203896,0.11222339757203896
centered_weighted_sum,xlsx:樣本1:Sheet24:2:1:8x10,8x10,0.5,0,67,36,0,0,0,0,8.225,0.0,0.0,0.12054458205795392,0.12054458205795392
baseline,xlsx:樣本1:Sheet24:2:1:8x10,8x10,0.5,0,68,21,0,0,0,0,9.225,0.0,0.0,0.11984124469297319,0.11984124469297319
hard_gate_050,xlsx:樣本1:Sheet24:2:1:8x10,8x10,0.5,0,68,15,0,0,0,0,3.275,0.6725,0.0,0.08618602585623743,0.08618602585623743
hard_gate_055,xlsx:樣本1:Sheet24:2:1:8x10,8x10,0.5,0,68,19,0,0,0,0,1.775,0.8225,0.0,0.08961221497321076,0.08961221497321076
hard_gate_060,xlsx:樣本1:Sheet24:2:1:8x10,8x10,0.5,0,68,12,0,0,0,0,1.4,0.86,0.1,0.10071109122202698,0.10071109122202698
soft_gate_050,xlsx:樣本1:Sheet24:2:1:8x10,8x10,0.5,0,68,18,0,0,0,0,9.225,0.0,0.0,0.10800169363379798,0.10800169363379798
centered_weighted_sum,xlsx:樣本1:Sheet24:2:1:8x10,8x10,0.5,0,68,21,0,0,0,0,8.175,0.0,0.0,0.1198412446929732,0.1198412446929732
baseline,xlsx:樣本1:Sheet24:2:1:8x10,8x10,0.5,0,69,34,0,0,0,0,9.25,0.0,0.0,0.11971834155010976,0.11971834155010976
hard_gate_050,xlsx:樣本1:Sheet24:2:1:8x10,8x10,0.5,0,69,38,0,0,0,0,3.325,0.6691542288557214,0.0,0.0870048548993147,0.0870048548993147
hard_gate_055,xlsx:樣本1:Sheet24:2:1:8x10,8x10,0.5,0,69,37,0,0,0,0,1.8,0.8208955223880597,0.0,0.08583415590410194,0.08583415590410194
hard_gate_060,xlsx:樣本1:Sheet24:2:1:8x10,8x10,0.5,0,69,37,0,0,0,0,1.45,0.8557213930348259,0.075,0.09619681992311571,0.09619681992311571
soft_gate_050,xlsx:樣本1:Sheet24:2:1:8x10,8x10,0.5,0,69,32,0,0,0,0,9.25,0.0,0.0,0.10856463039628042,0.10856463039628042
centered_weighted_sum,xlsx:樣本1:Sheet24:2:1:8x10,8x10,0.5,0,69,34,0,0,0,0,8.225,0.0,0.0,0.11971834155010974,0.11971834155010974
baseline,xlsx:樣本1:Sheet24:2:1:8x10,8x10,0.5,0,71,5,0,0,1,1,9.225,0.0,0.0,0.12486021665664124,0.12486021665664124
hard_gate_050,xlsx:樣本1:Sheet24:2:1:8x10,8x10,0.5,0,71,4,0,0,1,1,3.3,0.6708229426433915,0.0,0.08748735398040845,0.08748735398040845
hard_gate_055,xlsx:樣本1:Sheet24:2:1:8x10,8x10,0.5,0,71,11,0,0,0,0,1.8,0.8204488778054863,0.025,0.0894091842785161,0.0894091842785161
hard_gate_060,xlsx:樣本1:Sheet24:2:1:8x10,8x10,0.5,0,71,13,0,0,0,0,1.4,0.8603491271820449,0.075,0.09247806540030633,0.09247806540030633
soft_gate_050,xlsx:樣本1:Sheet24:2:1:8x10,8x10,0.5,0,71,2,0,1,1,1,9.225,0.0,0.0,0.10744367459314628,0.10744367459314628
centered_weighted_sum,xlsx:樣本1:Sheet24:2:1:8x10,8x10,0.5,0,71,5,0,0,1,1,8.175,0.0,0.0,0.12486021665664124,0.12486021665664124
baseline,xlsx:樣本1:Sheet24:2:1:8x10,8x10,0.5,0,72,18,0,0,0,0,9.275,0.0,0.0,0.12276138231351391,0.12276138231351391
hard_gate_050,xlsx:樣本1:Sheet24:2:1:8x10,8x10,0.5,0,72,15,0,0,0,0,3.35,0.6674937965260546,0.0,0.08758408381523182,0.08758408381523182
hard_gate_055,xlsx:樣本1:Sheet24:2:1:8x10,8x10,0.5,0,72,16,0,0,0,0,1.825,0.8188585607940446,0.025,0.08999232611149871,0.08999232611149871
hard_gate_060,xlsx:樣本1:Sheet24:2:1:8x10,8x10,0.5,0,72,17,0,0,0,0,1.375,0.8635235732009926,0.1,0.0990252862234429,0.0990252862234429
soft_gate_050,xlsx:樣本1:Sheet24:2:1:8x10,8x10,0.5,0,72,20,0,0,0,0,9.275,0.0,0.0,0.10720639612319806,0.10720639612319806
centered_weighted_sum,xlsx:樣本1:Sheet24:2:1:8x10,8x10,0.5,0,72,18,0,0,0,0,8.25,0.0,0.0,0.12276138231351391,0.12276138231351391
baseline,xlsx:樣本1:Sheet24:2:1:8x10,8x10,0.5,0,73,19,0,0,0,0,9.325,0.0,0.0,0.12100889298462006,0.12100889298462006
hard_gate_050,xlsx:樣本1:Sheet24:2:1:8x10,8x10,0.5,0,73,18,0,0,0,0,3.4,0.6641975308641975,0.0,0.08646748436928789,0.08646748436928789
hard_gate_055,xlsx:樣本1:Sheet24:2:1:8x10,8x10,0.5,0,73,16,0,0,0,0,1.875,0.8148148148148148,0.025,0.08849315440462664,0.08849315440462664
hard_gate_060,xlsx:樣本1:Sheet24:2:1:8x10,8x10,0.5,0,73,15,0,0,0,0,1.275,0.8740740740740741,0.225,0.10140535186176151,0.10140535186176151
soft_gate_050,xlsx:樣本1:Sheet24:2:1:8x10,8x10,0.5,0,73,24,0,0,0,0,9.325,0.0,0.0,0.10573232723373174,0.10573232723373174
centered_weighted_sum,xlsx:樣本1:Sheet24:2:1:8x10,8x10,0.5,0,73,19,0,0,0,0,8.3,0.0,0.0,0.12100889298462006,0.12100889298462006
baseline,xlsx:樣本1:Sheet24:2:1:8x10,8x10,0.5,0,75,30,0,0,0,0,9.275,0.0,0.0,0.11752149583823558,0.11752149583823558
hard_gate_050,xlsx:樣本1:Sheet24:2:1:8x10,8x10,0.5,0,75,24,0,0,0,0,3.275,0.6757425742574258,0.0,0.08046732617125801,0.08046732617125801
hard_gate_055,xlsx:樣本1:Sheet24:2:1:8x10,8x10,0.5,0,75,24,0,0,0,0,1.55,0.8465346534653465,0.175,0.09408883639418479,0.09408883639418479
hard_gate_060,xlsx:樣本1:Sheet24:2:1:8x10,8x10,0.5,0,75,22,0,0,0,0,0.775,0.9232673267326733,0.525,0.09444525967766663,0.09444525967766663
soft_gate_050,xlsx:樣本1:Sheet24:2:1:8x10,8x10,0.5,0,75,28,0,0,0,0,9.275,0.0,0.0,0.10752801399727449,0.10752801399727449
centered_weighted_sum,xlsx:樣本1:Sheet24:2:1:8x10,8x10,0.5,0,75,30,0,0,0,0,8.275,0.0,0.0,0.11752149583823558,0.11752149583823558
baseline,xlsx:樣本1:Sheet24:2:1:8x10,8x10,0.5,0,78,9,0,0,0,1,9.35,0.0,0.0,0.11653184209303623,0.11653184209303623
hard_gate_050,xlsx:樣本1:Sheet24:2:1:8x10,8x10,0.5,0,78,5,0,0,1,1,3.375,0.6674876847290641,0.0,0.07986751322806396,0.07986751322806396
hard_gate_055,xlsx:樣本1:Sheet24:2:1:8x10,8x10,0.5,0,78,2,0,1,1,1,1.825,0.8201970443349754,0.05,0.08500276247131566,0.08500276247131566
hard_gate_060,xlsx:樣本1:Sheet24:2:1:8x10,8x10,0.5,0,78,2,0,1,1,1,1.175,0.8842364532019704,0.2,0.09635346512406599,0.09635346512406599
soft_gate_050,xlsx:樣本1:Sheet24:2:1:8x10,8x10,0.5,0,78,9,0,0,0,1,9.35,0.0,0.0,0.10418845034153648,0.10418845034153648
centered_weighted_sum,xlsx:樣本1:Sheet24:2:1:8x10,8x10,0.5,0,78,9,0,0,0,1,8.275,0.0,0.0,0.11653184209303623,0.11653184209303623
baseline,xlsx:樣本1:Sheet24:2:1:8x10,8x10,0.5,0,79,36,0,0,0,0,9.25,0.0,0.0,0.11441178849610416,0.11441178849610416
hard_gate_050,xlsx:樣本1:Sheet24:2:1:8x10,8x10,0.5,0,79,39,0,0,0,0,3.25,0.6766169154228856,0.0,0.08048032239632077,0.08048032239632077
hard_gate_055,xlsx:樣本1:Sheet24:2:1:8x10,8x10,0.5,0,79,39,0,0,0,0,1.6,0.8407960199004975,0.1,0.08865075002654516,0.08865075002654516
hard_gate_060,xlsx:樣本1:Sheet24:2:1:8x10,8x10,0.5,0,79,38,0,0,0,0,0.95,0.9054726368159204,0.375,0.10122667901807035,0.10122667901807035
soft_gate_050,xlsx:樣本1:Sheet24:2:1:8x10,8x10,0.5,0,79,34,0,0,0,0,9.25,0.0,0.0,0.10436060597322318,0.10436060597322318
centered_weighted_sum,xlsx:樣本1:Sheet24:2:1:8x10,8x10,0.5,0,79,36,0,0,0,0,8.225,0.0,0.0,0.11441178849610417,0.11441178849610417
baseline,xlsx:樣本2:Sheet16:2:1:8x10,8x10,0.3,0,2,15,0,0,0,0,9.0,0.0,0.0,0.07671490715156376,0.07671490715156376
hard_gate_050,xlsx:樣本2:Sheet16:2:1:8x10,8x10,0.3,0,2,21,0,0,0,0,4.541666666666667,0.5458333333333333,0.0,0.06288882205824574,0.06288882205824574
hard_gate_055,xlsx:樣本2:Sheet16:2:1:8x10,8x10,0.3,0,2,14,0,0,0,0,2.1666666666666665,0.7833333333333333,0.0,0.07222793092916588,0.07222793092916588
hard_gate_060,xlsx:樣本2:Sheet16:2:1:8x10,8x10,0.3,0,2,19,0,0,0,0,1.7916666666666667,0.8208333333333333,0.0,0.058832759139155213,0.058832759139155213
soft_gate_050,xlsx:樣本2:Sheet16:2:1:8x10,8x10,0.3,0,2,20,0,0,0,0,9.0,0.0,0.0,0.08065028723261185,0.08065028723261185
centered_weighted_sum,xlsx:樣本2:Sheet16:2:1:8x10,8x10,0.3,0,2,15,0,0,0,0,9.416666666666666,0.0,0.0,0.07671490715156376,0.07671490715156376
baseline,xlsx:樣本2:Sheet16:2:1:8x10,8x10,0.3,0,5,23,0,0,0,0,9.125,0.0,0.0,0.08409274295994389,0.08409274295994389
hard_gate_050,xlsx:樣本2:Sheet16:2:1:8x10,8x10,0.3,0,5,22,0,0,0,0,4.625,0.5394190871369294,0.0,0.06657327930128301,0.06657327930128301
hard_gate_055,xlsx:樣本2:Sheet16:2:1:8x10,8x10,0.3,0,5,24,0,0,0,0,2.2083333333333335,0.7800829875518672,0.0,0.07696855067096783,0.07696855067096783
hard_gate_060,xlsx:樣本2:Sheet16:2:1:8x10,8x10,0.3,0,5,19,0,0,0,0,1.7916666666666667,0.8215767634854771,0.0,0.06855415249713663,0.06855415249713663
soft_gate_050,xlsx:樣本2:Sheet16:2:1:8x10,8x10,0.3,0,5,23,0,0,0,0,9.125,0.0,0.0,0.08792308439603633,0.08792308439603633
centered_weighted_sum,xlsx:樣本2:Sheet16:2:1:8x10,8x10,0.3,0,5,23,0,0,0,0,9.416666666666666,0.0,0.0,0.0840927429599439,0.0840927429599439
baseline,xlsx:樣本2:Sheet16:2:1:8x10,8x10,0.3,0,8,9,0,0,0,1,9.208333333333334,0.0,0.0,0.06885707886538718,0.06885707886538718
hard_gate_050,xlsx:樣本2:Sheet16:2:1:8x10,8x10,0.3,0,8,8,0,0,0,1,4.625,0.5432098765432098,0.0,0.06479751183508758,0.06479751183508758
hard_gate_055,xlsx:樣本2:Sheet16:2:1:8x10,8x10,0.3,0,8,3,0,1,1,1,2.3333333333333335,0.7695473251028807,0.0,0.06601551431926188,0.06601551431926188
hard_gate_060,xlsx:樣本2:Sheet16:2:1:8x10,8x10,0.3,0,8,5,0,0,1,1,1.8333333333333333,0.8189300411522634,0.0,0.057141604561817196,0.057141604561817196
soft_gate_050,xlsx:樣本2:Sheet16:2:1:8x10,8x10,0.3,0,8,8,0,0,0,1,9.208333333333334,0.0,0.0,0.06583327514592018,0.06583327514592018
centered_weighted_sum,xlsx:樣本2:Sheet16:2:1:8x10,8x10,0.3,0,8,9,0,0,0,1,9.416666666666666,0.0,0.0,0.06885707886538718,0.06885707886538718
baseline,xlsx:樣本2:Sheet16:2:1:8x10,8x10,0.3,0,12,1,1,1,1,1,9.291666666666666,0.0,0.0,0.06658329308238552,0.06658329308238552
hard_gate_050,xlsx:樣本2:Sheet16:2:1:8x10,8x10,0.3,0,12,2,0,1,1,1,4.666666666666667,0.5409836065573771,0.0,0.07295196601817996,0.07295196601817996
hard_gate_055,xlsx:樣本2:Sheet16:2:1:8x10,8x10,0.3,0,12,6,0,0,0,1,2.4166666666666665,0.7622950819672131,0.0,0.08526257270417521,0.08526257270417521
hard_gate_060,xlsx:樣本2:Sheet16:2:1:8x10,8x10,0.3,0,12,9,0,0,0,1,1.9583333333333333,0.8073770491803278,0.0,0.08299514858535756,0.08299514858535756
soft_gate_050,xlsx:樣本2:Sheet16:2:1:8x10,8x10,0.3,0,12,2,0,1,1,1,9.291666666666666,0.0,0.0,0.06850223183452546,0.06850223183452546
centered_weighted_sum,xlsx:樣本2:Sheet16:2:1:8x10,8x10,0.3,0,12,1,1,1,1,1,9.416666666666666,0.0,0.0,0.06658329308238552,0.06658329308238552
baseline,xlsx:樣本2:Sheet16:2:1:8x10,8x10,0.3,0,15,11,0,0,0,0,9.25,0.0,0.0,0.04866999288887432,0.04866999288887432
hard_gate_050,xlsx:樣本2:Sheet16:2:1:8x10,8x10,0.3,0,15,7,0,0,0,1,4.708333333333333,0.5387755102040817,0.0,0.05414199723085874,0.05414199723085874
hard_gate_055,xlsx:樣本2:Sheet16:2:1:8x10,8x10,0.3,0,15,8,0,0,0,1,2.4583333333333335,0.7591836734693878,0.0,0.06699116338341557,0.06699116338341557
hard_gate_060,xlsx:樣本2:Sheet16:2:1:8x10,8x10,0.3,0,15,12,0,0,0,0,1.9583333333333333,0.8081632653061225,0.0,0.06505577904897793,0.06505577904897793
soft_gate_050,xlsx:樣本2:Sheet16:2:1:8x10,8x10,0.3,0,15,12,0,0,0,0,9.25,0.0,0.0,0.05741203029373789,0.05741203029373789
centered_weighted_sum,xlsx:樣本2:Sheet16:2:1:8x10,8x10,0.3,0,15,11,0,0,0,0,9.416666666666666,0.0,0.0,0.04866999288887431,0.04866999288887431
baseline,xlsx:樣本2:Sheet16:2:1:8x10,8x10,0.3,0,18,23,0,0,0,0,9.208333333333334,0.0,0.0,0.060368263768791106,0.060368263768791106
hard_gate_050,xlsx:樣本2:Sheet16:2:1:8x10,8x10,0.3,0,18,20,0,0,0,0,4.708333333333333,0.5349794238683128,0.0,0.05964602524902503,0.05964602524902503
hard_gate_055,xlsx:樣本2:Sheet16:2:1:8x10,8x10,0.3,0,18,19,0,0,0,0,2.4166666666666665,0.7613168724279835,0.0,0.06129810839466186,0.06129810839466186
hard_gate_060,xlsx:樣本2:Sheet16:2:1:8x10,8x10,0.3,0,18,12,0,0,0,0,1.9166666666666667,0.8106995884773662,0.0,0.05621546325401461,0.05621546325401461
soft_gate_050,xlsx:樣本2:Sheet16:2:1:8x10,8x10,0.3,0,18,23,0,0,0,0,9.208333333333334,0.0,0.0,0.0618903983816195,0.0618903983816195
centered_weighted_sum,xlsx:樣本2:Sheet16:2:1:8x10,8x10,0.3,0,18,23,0,0,0,0,9.416666666666666,0.0,0.0,0.060368263768791106,0.060368263768791106
baseline,xlsx:樣本2:Sheet16:2:1:8x10,8x10,0.3,0,23,24,0,0,0,0,9.208333333333334,0.0,0.0,0.06207874380550489,0.06207874380550489
hard_gate_050,xlsx:樣本2:Sheet16:2:1:8x10,8x10,0.3,0,23,24,0,0,0,0,4.875,0.5185185185185185,0.0,0.05990828806414543,0.05990828806414543
hard_gate_055,xlsx:樣本2:Sheet16:2:1:8x10,8x10,0.3,0,23,23,0,0,0,0,2.4583333333333335,0.757201646090535,0.0,0.08927214870341306,0.08927214870341306
hard_gate_060,xlsx:樣本2:Sheet16:2:1:8x10,8x10,0.3,0,23,23,0,0,0,0,1.9166666666666667,0.8106995884773662,0.0,0.08308439162638917,0.08308439162638917
soft_gate_050,xlsx:樣本2:Sheet16:2:1:8x10,8x10,0.3,0,23,24,0,0,0,0,9.208333333333334,0.0,0.0,0.05894235774122346,0.05894235774122346
centered_weighted_sum,xlsx:樣本2:Sheet16:2:1:8x10,8x10,0.3,0,23,24,0,0,0,0,9.375,0.0,0.0,0.06207874380550489,0.06207874380550489
baseline,xlsx:樣本2:Sheet16:2:1:8x10,8x10,0.3,0,25,9,0,0,0,1,9.166666666666666,0.0,0.0,0.05536600753654782,0.05536600753654782
hard_gate_050,xlsx:樣本2:Sheet16:2:1:8x10,8x10,0.3,0,25,20,0,0,0,0,4.833333333333333,0.5206611570247934,0.0,0.05038288025162179,0.05038288025162179
hard_gate_055,xlsx:樣本2:Sheet16:2:1:8x10,8x10,0.3,0,25,22,0,0,0,0,2.4583333333333335,0.756198347107438,0.0,0.07400164800262116,0.07400164800262116
hard_gate_060,xlsx:樣本2:Sheet16:2:1:8x10,8x10,0.3,0,25,15,0,0,0,0,1.9166666666666667,0.8099173553719008,0.0,0.07120611379939766,0.07120611379939766
soft_gate_050,xlsx:樣本2:Sheet16:2:1:8x10,8x10,0.3,0,25,13,0,0,0,0,9.166666666666666,0.0,0.0,0.046697992099418495,0.046697992099418495
centered_weighted_sum,xlsx:樣本2:Sheet16:2:1:8x10,8x10,0.3,0,25,9,0,0,0,1,9.375,0.0,0.0,0.05536600753654782,0.05536600753654782
baseline,xlsx:樣本2:Sheet16:2:1:8x10,8x10,0.3,0,27,5,0,0,1,1,9.166666666666666,0.0,0.0,0.0713601349601493,0.0713601349601493
hard_gate_050,xlsx:樣本2:Sheet16:2:1:8x10,8x10,0.3,0,27,7,0,0,0,1,4.791666666666667,0.5247933884297521,0.0,0.058920373453142674,0.058920373453142674
hard_gate_055,xlsx:樣本2:Sheet16:2:1:8x10,8x10,0.3,0,27,14,0,0,0,0,2.4583333333333335,0.756198347107438,0.0,0.0779032544553082,0.0779032544553082
hard_gate_060,xlsx:樣本2:Sheet16:2:1:8x10,8x10,0.3,0,27,8,0,0,0,1,1.9166666666666667,0.8099173553719008,0.0,0.07976603049712142,0.07976603049712142
soft_gate_050,xlsx:樣本2:Sheet16:2:1:8x10,8x10,0.3,0,27,3,0,1,1,1,9.166666666666666,0.0,0.0,0.0566280170490338,0.0566280170490338
centered_weighted_sum,xlsx:樣本2:Sheet16:2:1:8x10,8x10,0.3,0,27,5,0,0,1,1,9.416666666666666,0.0,0.0,0.07136013496014931,0.07136013496014931
baseline,xlsx:樣本2:Sheet16:2:1:8x10,8x10,0.3,0,29,16,0,0,0,0,9.166666666666666,0.0,0.0,0.07266935557814903,0.07266935557814903
hard_gate_050,xlsx:樣本2:Sheet16:2:1:8x10,8x10,0.3,0,29,15,0,0,0,0,4.791666666666667,0.5286885245901639,0.0,0.06252086103541014,0.06252086103541014
hard_gate_055,xlsx:樣本2:Sheet16:2:1:8x10,8x10,0.3,0,29,13,0,0,0,0,2.4583333333333335,0.7581967213114754,0.0,0.06791948780474986,0.06791948780474986
hard_gate_060,xlsx:樣本2:Sheet16:2:1:8x10,8x10,0.3,0,29,5,0,0,1,1,2.0,0.8032786885245902,0.0,0.07687424940384915,0.07687424940384915
soft_gate_050,xlsx:樣本2:Sheet16:2:1:8x10,8x10,0.3,0,29,19,0,0,0,0,9.166666666666666,0.0,0.0,0.05686981416639967,0.05686981416639967
centered_weighted_sum,xlsx:樣本2:Sheet16:2:1:8x10,8x10,0.3,0,29,16,0,0,0,0,9.375,0.0,0.0,0.07266935557814903,0.07266935557814903
baseline,xlsx:樣本2:Sheet16:2:1:8x10,8x10,0.3,0,32,20,0,0,0,0,9.0,0.0,0.0,0.07574287434848337,0.07574287434848337
hard_gate_050,xlsx:樣本2:Sheet16:2:1:8x10,8x10,0.3,0,32,14,0,0,0,0,4.75,0.525,0.0,0.0564798191833111,0.0564798191833111
hard_gate_055,xlsx:樣本2:Sheet16:2:1:8x10,8x10,0.3,0,32,22,0,0,0,0,2.2916666666666665,0.7708333333333334,0.0,0.0749458302724574,0.0749458302724574
hard_gate_060,xlsx:樣本2:Sheet16:2:1:8x10,8x10,0.3,0,32,22,0,0,0,0,1.875,0.8125,0.0,0.0707823863124005,0.0707823863124005
soft_gate_050,xlsx:樣本2:Sheet16:2:1:8x10,8x10,0.3,0,32,8,0,0,0,1,9.0,0.0,0.0,0.056304299884924865,0.056304299884924865
centered_weighted_sum,xlsx:樣本2:Sheet16:2:1:8x10,8x10,0.3,0,32,20,0,0,0,0,9.416666666666666,0.0,0.0,0.07574287434848337,0.07574287434848337
baseline,xlsx:樣本2:Sheet16:2:1:8x10,8x10,0.3,0,34,6,0,0,0,1,9.041666666666666,0.0,0.0,0.06852418966528026,0.06852418966528026
hard_gate_050,xlsx:樣本2:Sheet16:2:1:8x10,8x10,0.3,0,34,7,0,0,0,1,4.791666666666667,0.5228215767634855,0.0,0.05629516023573973,0.05629516023573973
hard_gate_055,xlsx:樣本2:Sheet16:2:1:8x10,8x10,0.3,0,34,6,0,0,0,1,2.375,0.7634854771784232,0.0,0.07385710307089285,0.07385710307089285
hard_gate_060,xlsx:樣本2:Sheet16:2:1:8x10,8x10,0.3,0,34,11,0,0,0,0,1.8333333333333333,0.8174273858921162,0.0,0.06850878838597359,0.06850878838597359
soft_gate_050,xlsx:樣本2:Sheet16:2:1:8x10,8x10,0.3,0,34,4,0,0,1,1,9.041666666666666,0.0,0.0,0.05444410285932854,0.05444410285932854
centered_weighted_sum,xlsx:樣本2:Sheet16:2:1:8x10,8x10,0.3,0,34,6,0,0,0,1,9.416666666666666,0.0,0.0,0.06852418966528026,0.06852418966528026
baseline,xlsx:樣本2:Sheet16:2:1:8x10,8x10,0.3,0,42,12,0,0,0,0,9.125,0.0,0.0,0.06792745107259411,0.06792745107259411
hard_gate_050,xlsx:樣本2:Sheet16:2:1:8x10,8x10,0.3,0,42,10,0,0,0,1,4.833333333333333,0.522633744855967,0.0,0.0594392808282904,0.0594392808282904
hard_gate_055,xlsx:樣本2:Sheet16:2:1:8x10,8x10,0.3,0,42,10,0,0,0,1,2.375,0.7654320987654321,0.0,0.08168529317181727,0.08168529317181727
hard_gate_060,xlsx:樣本2:Sheet16:2:1:8x10,8x10,0.3,0,42,17,0,0,0,0,1.7916666666666667,0.823045267489712,0.0,0.07302683782337346,0.07302683782337346
soft_gate_050,xlsx:樣本2:Sheet16:2:1:8x10,8x10,0.3,0,42,12,0,0,0,0,9.125,0.0,0.0,0.06017284409937237,0.06017284409937237
centered_weighted_sum,xlsx:樣本2:Sheet16:2:1:8x10,8x10,0.3,0,42,12,0,0,0,0,9.416666666666666,0.0,0.0,0.06792745107259412,0.06792745107259412
baseline,xlsx:樣本2:Sheet16:2:1:8x10,8x10,0.3,0,45,9,0,0,0,1,9.083333333333334,0.0,0.0,0.07467206987864658,0.07467206987864658
hard_gate_050,xlsx:樣本2:Sheet16:2:1:8x10,8x10,0.3,0,45,16,0,0,0,0,4.833333333333333,0.5186721991701245,0.0,0.05695236259040807,0.05695236259040807
hard_gate_055,xlsx:樣本2:Sheet16:2:1:8x10,8x10,0.3,0,45,7,0,0,0,1,2.3333333333333335,0.7676348547717843,0.0,0.07043624248215907,0.07043624248215907
hard_gate_060,xlsx:樣本2:Sheet16:2:1:8x10,8x10,0.3,0,45,11,0,0,0,0,1.75,0.8257261410788381,0.0,0.07035462310200112,0.07035462310200112
soft_gate_050,xlsx:樣本2:Sheet16:2:1:8x10,8x10,0.3,0,45,16,0,0,0,0,9.083333333333334,0.0,0.0,0.06810500008528121,0.06810500008528121
centered_weighted_sum,xlsx:樣本2:Sheet16:2:1:8x10,8x10,0.3,0,45,9,0,0,0,1,9.291666666666666,0.0,0.0,0.07467206987864658,0.07467206987864658
baseline,xlsx:樣本2:Sheet16:2:1:8x10,8x10,0.3,0,47,15,0,0,0,0,9.083333333333334,0.0,0.0,0.0746337061621363,0.0746337061621363
hard_gate_050,xlsx:樣本2:Sheet16:2:1:8x10,8x10,0.3,0,47,21,0,0,0,0,4.791666666666667,0.5228215767634855,0.0,0.05456586474546439,0.05456586474546439
hard_gate_055,xlsx:樣本2:Sheet16:2:1:8x10,8x10,0.3,0,47,9,0,0,0,1,2.2916666666666665,0.7717842323651453,0.0,0.06861881715341007,0.06861881715341007
hard_gate_060,xlsx:樣本2:Sheet16:2:1:8x10,8x10,0.3,0,47,13,0,0,0,0,1.75,0.8257261410788381,0.0,0.06799425072988659,0.06799425072988659
soft_gate_050,xlsx:樣本2:Sheet16:2:1:8x10,8x10,0.3,0,47,22,0,0,0,0,9.083333333333334,0.0,0.0,0.06858826668786798,0.06858826668786798
centered_weighted_sum,xlsx:樣本2:Sheet16:2:1:8x10,8x10,0.3,0,47,15,0,0,0,0,9.291666666666666,0.0,0.0,0.0746337061621363,0.0746337061621363
baseline,xlsx:樣本2:Sheet16:2:1:8x10,8x10,0.3,0,49,16,0,0,0,0,9.208333333333334,0.0,0.0,0.07942899485735959,0.07942899485735959
hard_gate_050,xlsx:樣本2:Sheet16:2:1:8x10,8x10,0.3,0,49,14,0,0,0,0,4.75,0.5308641975308642,0.0,0.05998139238211715,0.05998139238211715
hard_gate_055,xlsx:樣本2:Sheet16:2:1:8x10,8x10,0.3,0,49,20,0,0,0,0,2.5,0.7530864197530864,0.0,0.06060445126880795,0.06060445126880795
hard_gate_060,xlsx:樣本2:Sheet16:2:1:8x10,8x10,0.3,0,49,22,0,0,0,0,1.9166666666666667,0.8106995884773662,0.0,0.06468713609336381,0.06468713609336381
soft_gate_050,xlsx:樣本2:Sheet16:2:1:8x10,8x10,0.3,0,49,10,0,0,0,1,9.208333333333334,0.0,0.0,0.07200770697816605,0.07200770697816605
centered_weighted_sum,xlsx:樣本2:Sheet16:2:1:8x10,8x10,0.3,0,49,16,0,0,0,0,9.416666666666666,0.0,0.0,0.07942899485735959,0.07942899485735959
baseline,xlsx:樣本2:Sheet16:2:1:8x10,8x10,0.3,0,57,17,0,0,0,0,9.208333333333334,0.0,0.0,0.08690497316819619,0.08690497316819619
hard_gate_050,xlsx:樣本2:Sheet16:2:1:8x10,8x10,0.3,0,57,19,0,0,0,0,4.75,0.5289256198347108,0.0,0.06769797276562327,0.06769797276562327
hard_gate_055,xlsx:樣本2:Sheet16:2:1:8x10,8x10,0.3,0,57,9,0,0,0,1,2.375,0.7644628099173554,0.0,0.06510275380108142,0.06510275380108142
hard_gate_060,xlsx:樣本2:Sheet16:2:1:8x10,8x10,0.3,0,57,11,0,0,0,0,1.9166666666666667,0.8099173553719008,0.0,0.05990190978247058,0.05990190978247058
soft_gate_050,xlsx:樣本2:Sheet16:2:1:8x10,8x10,0.3,0,57,19,0,0,0,0,9.208333333333334,0.0,0.0,0.08715904992476003,0.08715904992476003
centered_weighted_sum,xlsx:樣本2:Sheet16:2:1:8x10,8x10,0.3,0,57,17,0,0,0,0,9.416666666666666,0.0,0.0,0.08690497316819618,0.08690497316819618
baseline,xlsx:樣本2:Sheet16:2:1:8x10,8x10,0.3,0,58,6,0,0,0,1,9.166666666666666,0.0,0.0,0.0886312770522864,0.0886312770522864
hard_gate_050,xlsx:樣本2:Sheet16:2:1:8x10,8x10,0.3,0,58,6,0,0,0,1,4.708333333333333,0.5311203319502075,0.0,0.06769012226839148,0.06769012226839148
hard_gate_055,xlsx:樣本2:Sheet16:2:1:8x10,8x10,0.3,0,58,11,0,0,0,0,2.2916666666666665,0.7717842323651453,0.0,0.06597279505412648,0.06597279505412648
hard_gate_060,xlsx:樣本2:Sheet16:2:1:8x10,8x10,0.3,0,58,6,0,0,0,1,1.875,0.8132780082987552,0.0,0.06528319822648287,0.06528319822648287
soft_gate_050,xlsx:樣本2:Sheet16:2:1:8x10,8x10,0.3,0,58,5,0,0,1,1,9.166666666666666,0.0,0.0,0.08898068836418745,0.08898068836418745
centered_weighted_sum,xlsx:樣本2:Sheet16:2:1:8x10,8x10,0.3,0,58,6,0,0,0,1,9.416666666666666,0.0,0.0,0.08863127705228639,0.08863127705228639
baseline,xlsx:樣本2:Sheet16:2:1:8x10,8x10,0.3,0,60,21,0,0,0,0,9.333333333333334,0.0,0.0,0.09122124130216926,0.09122124130216926
hard_gate_050,xlsx:樣本2:Sheet16:2:1:8x10,8x10,0.3,0,60,18,0,0,0,0,4.75,0.5346938775510204,0.0,0.06289202726936863,0.06289202726936863
hard_gate_055,xlsx:樣本2:Sheet16:2:1:8x10,8x10,0.3,0,60,19,0,0,0,0,2.4583333333333335,0.7591836734693878,0.0,0.05925080366957578,0.05925080366957578
hard_gate_060,xlsx:樣本2:Sheet16:2:1:8x10,8x10,0.3,0,60,21,0,0,0,0,2.0416666666666665,0.8,0.0,0.06099399926961171,0.06099399926961171
soft_gate_050,xlsx:樣本2:Sheet16:2:1:8x10,8x10,0.3,0,60,22,0,0,0,0,9.333333333333334,0.0,0.0,0.09975982815988764,0.09975982815988764
centered_weighted_sum,xlsx:樣本2:Sheet16:2:1:8x10,8x10,0.3,0,60,21,0,0,0,0,9.416666666666666,0.0,0.0,0.09122124130216926,0.09122124130216926
baseline,xlsx:樣本2:Sheet16:2:1:8x10,8x10,0.3,0,66,8,0,0,0,1,9.25,0.0,0.0,0.09728421517149552,0.09728421517149552
hard_gate_050,xlsx:樣本2:Sheet16:2:1:8x10,8x10,0.3,0,66,7,0,0,0,1,4.708333333333333,0.5349794238683128,0.0,0.06022137882739235,0.06022137882739235
hard_gate_055,xlsx:樣本2:Sheet16:2:1:8x10,8x10,0.3,0,66,3,0,1,1,1,2.3333333333333335,0.7695473251028807,0.0,0.056510786358989186,0.056510786358989186
hard_gate_060,xlsx:樣本2:Sheet16:2:1:8x10,8x10,0.3,0,66,7,0,0,0,1,1.75,0.8271604938271605,0.0,0.0629315662727027,0.0629315662727027
soft_gate_050,xlsx:樣本2:Sheet16:2:1:8x10,8x10,0.3,0,66,8,0,0,0,1,9.25,0.0,0.0,0.10324849855947828,0.10324849855947828
centered_weighted_sum,xlsx:樣本2:Sheet16:2:1:8x10,8x10,0.3,0,66,8,0,0,0,1,9.416666666666666,0.0,0.0,0.09728421517149552,0.09728421517149552
baseline,xlsx:樣本2:Sheet16:2:1:8x10,8x10,0.3,0,67,1,1,1,1,1,9.25,0.0,0.0,0.09811849891245837,0.09811849891245837
hard_gate_050,xlsx:樣本2:Sheet16:2:1:8x10,8x10,0.3,0,67,1,1,1,1,1,4.708333333333333,0.5349794238683128,0.0,0.05991578984125768,0.05991578984125768
hard_gate_055,xlsx:樣本2:Sheet16:2:1:8x10,8x10,0.3,0,67,10,0,0,0,1,2.375,0.7654320987654321,0.0,0.059603990951707216,0.059603990951707216
hard_gate_060,xlsx:樣本2:Sheet16:2:1:8x10,8x10,0.3,0,67,10,0,0,0,1,1.75,0.8271604938271605,0.0,0.06519318281170276,0.06519318281170276
soft_gate_050,xlsx:樣本2:Sheet16:2:1:8x10,8x10,0.3,0,67,1,1,1,1,1,9.25,0.0,0.0,0.10313253112950234,0.10313253112950234
centered_weighted_sum,xlsx:樣本2:Sheet16:2:1:8x10,8x10,0.3,0,67,1,1,1,1,1,9.416666666666666,0.0,0.0,0.09811849891245837,0.09811849891245837
baseline,xlsx:樣本2:Sheet16:2:1:8x10,8x10,0.3,0,71,17,0,0,0,0,9.25,0.0,0.0,0.10163365744058862,0.10163365744058862
hard_gate_050,xlsx:樣本2:Sheet16:2:1:8x10,8x10,0.3,0,71,20,0,0,0,0,4.666666666666667,0.5428571428571428,0.0,0.05699744294085114,0.05699744294085114
hard_gate_055,xlsx:樣本2:Sheet16:2:1:8x10,8x10,0.3,0,71,24,0,0,0,0,2.375,0.7673469387755102,0.0,0.058939645139232076,0.058939645139232076
hard_gate_060,xlsx:樣本2:Sheet16:2:1:8x10,8x10,0.3,0,71,22,0,0,0,0,1.9166666666666667,0.8122448979591836,0.0,0.05936676314987313,0.05936676314987313
soft_gate_050,xlsx:樣本2:Sheet16:2:1:8x10,8x10,0.3,0,71,18,0,0,0,0,9.25,0.0,0.0,0.10898204256062408,0.10898204256062408
centered_weighted_sum,xlsx:樣本2:Sheet16:2:1:8x10,8x10,0.3,0,71,17,0,0,0,0,9.416666666666666,0.0,0.0,0.10163365744058862,0.10163365744058862
baseline,xlsx:樣本2:Sheet16:2:1:8x10,8x10,0.3,0,72,22,0,0,0,0,9.083333333333334,0.0,0.0,0.10255137931279328,0.10255137931279328
hard_gate_050,xlsx:樣本2:Sheet16:2:1:8x10,8x10,0.3,0,72,24,0,0,0,0,4.583333333333333,0.5435684647302904,0.0,0.056489628499884204,0.056489628499884204
hard_gate_055,xlsx:樣本2:Sheet16:2:1:8x10,8x10,0.3,0,72,16,0,0,0,0,2.1666666666666665,0.7842323651452282,0.0,0.05490037305454637,0.05490037305454637
hard_gate_060,xlsx:樣本2:Sheet16:2:1:8x10,8x10,0.3,0,72,20,0,0,0,0,1.7916666666666667,0.8215767634854771,0.0,0.054311255403610745,0.054311255403610745
soft_gate_050,xlsx:樣本2:Sheet16:2:1:8x10,8x10,0.3,0,72,23,0,0,0,0,9.083333333333334,0.0,0.0,0.10147601552542096,0.10147601552542096
centered_weighted_sum,xlsx:樣本2:Sheet16:2:1:8x10,8x10,0.3,0,72,22,0,0,0,0,9.416666666666666,0.0,0.0,0.10255137931279328,0.10255137931279328
baseline,xlsx:樣本2:Sheet16:2:1:8x10,8x10,0.3,0,78,11,0,0,0,0,9.083333333333334,0.0,0.0,0.07884107108938532,0.07884107108938532
hard_gate_050,xlsx:樣本2:Sheet16:2:1:8x10,8x10,0.3,0,78,5,0,0,1,1,4.416666666666667,0.5619834710743802,0.0,0.049334966280011695,0.049334966280011695
hard_gate_055,xlsx:樣本2:Sheet16:2:1:8x10,8x10,0.3,0,78,13,0,0,0,0,2.125,0.7892561983471075,0.0,0.05541167301009236,0.05541167301009236
hard_gate_060,xlsx:樣本2:Sheet16:2:1:8x10,8x10,0.3,0,78,7,0,0,0,1,1.7083333333333333,0.8305785123966942,0.0,0.05681728775964577,0.05681728775964577
soft_gate_050,xlsx:樣本2:Sheet16:2:1:8x10,8x10,0.3,0,78,5,0,0,1,1,9.083333333333334,0.0,0.0,0.05124786282173661,0.05124786282173661
centered_weighted_sum,xlsx:樣本2:Sheet16:2:1:8x10,8x10,0.3,0,78,11,0,0,0,0,9.416666666666666,0.0,0.0,0.07884107108938532,0.07884107108938532
baseline,xlsx:樣本2:Sheet16:2:1:8x10,8x10,0.5,0,1,22,0,0,0,0,9.275,0.0,0.0,0.08995390642197794,0.08995390642197794
hard_gate_050,xlsx:樣本2:Sheet16:2:1:8x10,8x10,0.5,0,1,23,0,0,0,0,3.125,0.6898263027295285,0.0,0.06659580318759102,0.06659580318759102
hard_gate_055,xlsx:樣本2:Sheet16:2:1:8x10,8x10,0.5,0,1,22,0,0,0,0,1.625,0.8387096774193549,0.0,0.0806363068973082,0.0806363068973082
hard_gate_060,xlsx:樣本2:Sheet16:2:1:8x10,8x10,0.5,0,1,27,0,0,0,0,1.2,0.8808933002481389,0.0,0.0745261466088132,0.0745261466088132
soft_gate_050,xlsx:樣本2:Sheet16:2:1:8x10,8x10,0.5,0,1,28,0,0,0,0,9.275,0.0,0.0,0.08898018811983097,0.08898018811983097
centered_weighted_sum,xlsx:樣本2:Sheet16:2:1:8x10,8x10,0.5,0,1,22,0,0,0,0,8.225,0.0,0.0,0.08995390642197794,0.08995390642197794
baseline,xlsx:樣本2:Sheet16:2:1:8x10,8x10,0.5,0,2,36,0,0,0,0,9.225,0.0,0.0,0.09112810705679462,0.09112810705679462
hard_gate_050,xlsx:樣本2:Sheet16:2:1:8x10,8x10,0.5,0,2,37,0,0,0,0,3.15,0.685785536159601,0.0,0.07125502747104166,0.07125502747104166
hard_gate_055,xlsx:樣本2:Sheet16:2:1:8x10,8x10,0.5,0,2,36,0,0,0,0,1.55,0.8453865336658354,0.0,0.07596565973628412,0.07596565973628412
hard_gate_060,xlsx:樣本2:Sheet16:2:1:8x10,8x10,0.5,0,2,35,0,0,0,0,1.025,0.8977556109725686,0.125,0.08597034746301402,0.08597034746301402
soft_gate_050,xlsx:樣本2:Sheet16:2:1:8x10,8x10,0.5,0,2,39,0,0,0,0,9.225,0.0,0.0,0.09120018596515457,0.09120018596515457
centered_weighted_sum,xlsx:樣本2:Sheet16:2:1:8x10,8x10,0.5,0,2,36,0,0,0,0,8.175,0.0,0.0,0.09112810705679462,0.09112810705679462
baseline,xlsx:樣本2:Sheet16:2:1:8x10,8x10,0.5,0,3,18,0,0,0,0,9.25,0.0,0.0,0.09061052196887869,0.09061052196887869
hard_gate_050,xlsx:樣本2:Sheet16:2:1:8x10,8x10,0.5,0,3,15,0,0,0,0,3.175,0.6840796019900498,0.0,0.06794783929065232,0.06794783929065232
hard_gate_055,xlsx:樣本2:Sheet16:2:1:8x10,8x10,0.5,0,3,9,0,0,0,1,1.6,0.8407960199004975,0.0,0.07925753431739063,0.07925753431739063
hard_gate_060,xlsx:樣本2:Sheet16:2:1:8x10,8x10,0.5,0,3,11,0,0,0,0,1.175,0.8830845771144279,0.0,0.07299677938217833,0.07299677938217833
soft_gate_050,xlsx:樣本2:Sheet16:2:1:8x10,8x10,0.5,0,3,24,0,0,0,0,9.25,0.0,0.0,0.0905840478149092,0.0905840478149092
centered_weighted_sum,xlsx:樣本2:Sheet16:2:1:8x10,8x10,0.5,0,3,18,0,0,0,0,8.2,0.0,0.0,0.09061052196887871,0.09061052196887871
baseline,xlsx:樣本2:Sheet16:2:1:8x10,8x10,0.5,0,4,37,0,0,0,0,9.2,0.0,0.0,0.0910605070701295,0.0910605070701295
hard_gate_050,xlsx:樣本2:Sheet16:2:1:8x10,8x10,0.5,0,4,34,0,0,0,0,3.15,0.685,0.0,0.06844753802043534,0.06844753802043534
hard_gate_055,xlsx:樣本2:Sheet16:2:1:8x10,8x10,0.5,0,4,38,0,0,0,0,1.55,0.845,0.0,0.07829091586183672,0.07829091586183672
hard_gate_060,xlsx:樣本2:Sheet16:2:1:8x10,8x10,0.5,0,4,39,0,0,0,0,1.15,0.885,0.0,0.0728234788885911,0.0728234788885911
soft_gate_050,xlsx:樣本2:Sheet16:2:1:8x10,8x10,0.5,0,4,34,0,0,0,0,9.2,0.0,0.0,0.09081557868066828,0.09081557868066828
centered_weighted_sum,xlsx:樣本2:Sheet16:2:1:8x10,8x10,0.5,0,4,37,0,0,0,0,8.15,0.0,0.0,0.0910605070701295,0.0910605070701295
baseline,xlsx:樣本2:Sheet16:2:1:8x10,8x10,0.5,0,6,38,0,0,0,0,9.225,0.0,0.0,0.09101920854990714,0.09101920854990714
hard_gate_050,xlsx:樣本2:Sheet16:2:1:8x10,8x10,0.5,0,6,35,0,0,0,0,3.2,0.6807980049875312,0.0,0.06740990061557345,0.06740990061557345
hard_gate_055,xlsx:樣本2:Sheet16:2:1:8x10,8x10,0.5,0,6,32,0,0,0,0,1.6,0.8403990024937655,0.0,0.07716023425497931,0.07716023425497931
hard_gate_060,xlsx:樣本2:Sheet16:2:1:8x10,8x10,0.5,0,6,36,0,0,0,0,1.15,0.885286783042394,0.0,0.07133546408817477,0.07133546408817477
soft_gate_050,xlsx:樣本2:Sheet16:2:1:8x10,8x10,0.5,0,6,40,0,0,0,0,9.225,0.0,0.0,0.091016161003716,0.091016161003716
centered_weighted_sum,xlsx:樣本2:Sheet16:2:1:8x10,8x10,0.5,0,6,38,0,0,0,0,8.175,0.0,0.0,0.09101920854990711,0.09101920854990711
baseline,xlsx:樣本2:Sheet16:2:1:8x10,8x10,0.5,0,7,35,0,0,0,0,9.3,0.0,0.0,0.0903232264672255,0.0903232264672255
hard_gate_050,xlsx:樣本2:Sheet16:2:1:8x10,8x10,0.5,0,7,19,0,0,0,0,3.325,0.6707920792079208,0.0,0.07059695274142126,0.07059695274142126
hard_gate_055,xlsx:樣本2:Sheet16:2:1:8x10,8x10,0.5,0,7,19,0,0,0,0,1.675,0.8341584158415841,0.0,0.07350218329062175,0.07350218329062175
hard_gate_060,xlsx:樣本2:Sheet16:2:1:8x10,8x10,0.5,0,7,20,0,0,0,0,1.1,0.8910891089108911,0.125,0.07901812164425838,0.07901812164425838
soft_gate_050,xlsx:樣本2:Sheet16:2:1:8x10,8x10,0.5,0,7,33,0,0,0,0,9.3,0.0,0.0,0.08807314653329763,0.08807314653329763
centered_weighted_sum,xlsx:樣本2:Sheet16:2:1:8x10,8x10,0.5,0,7,35,0,0,0,0,8.275,0.0,0.0,0.0903232264672255,0.0903232264672255
baseline,xlsx:樣本2:Sheet16:2:1:8x10,8x10,0.5,0,8,21,0,0,0,0,9.275,0.0,0.0,0.09053967029571051,0.09053967029571051
hard_gate_050,xlsx:樣本2:Sheet16:2:1:8x10,8x10,0.5,0,8,21,0,0,0,0,3.275,0.674937965260546,0.0,0.06917878855996931,0.06917878855996931
hard_gate_055,xlsx:樣本2:Sheet16:2:1:8x10,8x10,0.5,0,8,17,0,0,0,0,1.725,0.8287841191066998,0.0,0.08215055521796444,0.08215055521796444
hard_gate_060,xlsx:樣本2:Sheet16:2:1:8x10,8x10,0.5,0,8,24,0,0,0,0,1.2,0.8808933002481389,0.0,0.07395151390291564,0.07395151390291564
soft_gate_050,xlsx:樣本2:Sheet16:2:1:8x10,8x10,0.5,0,8,28,0,0,0,0,9.275,0.0,0.0,0.08773222015744804,0.08773222015744804
centered_weighted_sum,xlsx:樣本2:Sheet16:2:1:8x10,8x10,0.5,0,8,21,0,0,0,0,8.225,0.0,0.0,0.09053967029571051,0.09053967029571051
baseline,xlsx:樣本2:Sheet16:2:1:8x10,8x10,0.5,0,14,2,0,1,1,1,9.275,0.0,0.0,0.10484509454144872,0.10484509454144872
hard_gate_050,xlsx:樣本2:Sheet16:2:1:8x10,8x10,0.5,0,14,11,0,0,0,0,3.375,0.6625,0.0,0.07421824358243376,0.07421824358243376
hard_gate_055,xlsx:樣本2:Sheet16:2:1:8x10,8x10,0.5,0,14,14,0,0,0,0,1.65,0.835,0.0,0.07625239996934369,0.07625239996934369
hard_gate_060,xlsx:樣本2:Sheet16:2:1:8x10,8x10,0.5,0,14,27,0,0,0,0,1.05,0.895,0.15,0.09145889815444991,0.09145889815444991
soft_gate_050,xlsx:樣本2:Sheet16:2:1:8x10,8x10,0.5,0,14,10,0,0,0,1,9.275,0.0,0.0,0.11707451262974168,0.11707451262974168
centered_weighted_sum,xlsx:樣本2:Sheet16:2:1:8x10,8x10,0.5,0,14,2,0,1,1,1,8.15,0.0,0.0,0.10484509454144873,0.10484509454144873
baseline,xlsx:樣本2:Sheet16:2:1:8x10,8x10,0.5,0,15,24,0,0,0,0,9.325,0.0,0.0,0.10417948552694983,0.10417948552694983
hard_gate_050,xlsx:樣本2:Sheet16:2:1:8x10,8x10,0.5,0,15,23,0,0,0,0,3.4,0.6608478802992519,0.0,0.07463026643824539,0.07463026643824539
hard_gate_055,xlsx:樣本2:Sheet16:2:1:8x10,8x10,0.5,0,15,19,0,0,0,0,1.725,0.827930174563591,0.0,0.07688511627237975,0.07688511627237975
hard_gate_060,xlsx:樣本2:Sheet16:2:1:8x10,8x10,0.5,0,15,23,0,0,0,0,1.2,0.8802992518703242,0.075,0.08867144944190403,0.08867144944190403
soft_gate_050,xlsx:樣本2:Sheet16:2:1:8x10,8x10,0.5,0,15,23,0,0,0,0,9.325,0.0,0.0,0.11748090592906642,0.11748090592906642
centered_weighted_sum,xlsx:樣本2:Sheet16:2:1:8x10,8x10,0.5,0,15,24,0,0,0,0,8.1,0.0,0.0,0.10417948552694983,0.10417948552694983
baseline,xlsx:樣本2:Sheet16:2:1:8x10,8x10,0.5,0,18,35,0,0,0,0,9.375,0.0,0.0,0.09289767203717096,0.09289767203717096
hard_gate_050,xlsx:樣本2:Sheet16:2:1:8x10,8x10,0.5,0,18,33,0,0,0,0,3.475,0.6550868486352357,0.0,0.07342098826837136,0.07342098826837136
hard_gate_055,xlsx:樣本2:Sheet16:2:1:8x10,8x10,0.5,0,18,25,0,0,0,0,1.8,0.8213399503722084,0.0,0.07765389330013892,0.07765389330013892
hard_gate_060,xlsx:樣本2:Sheet16:2:1:8x10,8x10,0.5,0,18,28,0,0,0,0,1.2,0.8808933002481389,0.075,0.08365639785702901,0.08365639785702901
soft_gate_050,xlsx:樣本2:Sheet16:2:1:8x10,8x10,0.5,0,18,33,0,0,0,0,9.375,0.0,0.0,0.11329700171074811,0.11329700171074811
centered_weighted_sum,xlsx:樣本2:Sheet16:2:1:8x10,8x10,0.5,0,18,35,0,0,0,0,8.225,0.0,0.0,0.09289767203717096,0.09289767203717096
baseline,xlsx:樣本2:Sheet16:2:1:8x10,8x10,0.5,0,19,5,0,0,1,1,9.35,0.0,0.0,0.0921926754486782,0.0921926754486782
hard_gate_050,xlsx:樣本2:Sheet16:2:1:8x10,8x10,0.5,0,19,14,0,0,0,0,3.525,0.6501240694789082,0.0,0.07404073091514088,0.07404073091514088
hard_gate_055,xlsx:樣本2:Sheet16:2:1:8x10,8x10,0.5,0,19,14,0,0,0,0,1.925,0.8089330024813896,0.0,0.07968670182666526,0.07968670182666526
hard_gate_060,xlsx:樣本2:Sheet16:2:1:8x10,8x10,0.5,0,19,13,0,0,0,0,1.3,0.8709677419354839,0.05,0.08540008200260422,0.08540008200260422
soft_gate_050,xlsx:樣本2:Sheet16:2:1:8x10,8x10,0.5,0,19,3,0,1,1,1,9.35,0.0,0.0,0.11203197649719039,0.11203197649719039
centered_weighted_sum,xlsx:樣本2:Sheet16:2:1:8x10,8x10,0.5,0,19,5,0,0,1,1,8.25,0.0,0.0,0.09219267544867821,0.09219267544867821
baseline,xlsx:樣本2:Sheet16:2:1:8x10,8x10,0.5,0,22,26,0,0,0,0,9.35,0.0,0.0,0.09405100539095906,0.09405100539095906
hard_gate_050,xlsx:樣本2:Sheet16:2:1:8x10,8x10,0.5,0,22,29,0,0,0,0,3.575,0.6451612903225806,0.0,0.07439368371505276,0.07439368371505276
hard_gate_055,xlsx:樣本2:Sheet16:2:1:8x10,8x10,0.5,0,22,31,0,0,0,0,1.875,0.8138957816377171,0.0,0.07802414887655763,0.07802414887655763
hard_gate_060,xlsx:樣本2:Sheet16:2:1:8x10,8x10,0.5,0,22,20,0,0,0,0,1.35,0.8660049627791563,0.0,0.07197202667313143,0.07197202667313143
soft_gate_050,xlsx:樣本2:Sheet16:2:1:8x10,8x10,0.5,0,22,27,0,0,0,0,9.35,0.0,0.0,0.11234284340252554,0.11234284340252554
centered_weighted_sum,xlsx:樣本2:Sheet16:2:1:8x10,8x10,0.5,0,22,26,0,0,0,0,8.125,0.0,0.0,0.09405100539095906,0.09405100539095906
baseline,xlsx:樣本2:Sheet16:2:1:8x10,8x10,0.5,0,24,34,0,0,0,0,9.275,0.0,0.0,0.0907221474727164,0.0907221474727164
hard_gate_050,xlsx:樣本2:Sheet16:2:1:8x10,8x10,0.5,0,24,30,0,0,0,0,3.6,0.64,0.0,0.07040886208338878,0.07040886208338878
hard_gate_055,xlsx:樣本2:Sheet16:2:1:8x10,8x10,0.5,0,24,28,0,0,0,0,1.725,0.8275,0.0,0.07747251487212084,0.07747251487212084
hard_gate_060,xlsx:樣本2:Sheet16:2:1:8x10,8x10,0.5,0,24,33,0,0,0,0,1.275,0.8725,0.0,0.07523522033163196,0.07523522033163196
soft_gate_050,xlsx:樣本2:Sheet16:2:1:8x10,8x10,0.5,0,24,27,0,0,0,0,9.275,0.0,0.0,0.10284529449257886,0.10284529449257886
centered_weighted_sum,xlsx:樣本2:Sheet16:2:1:8x10,8x10,0.5,0,24,34,0,0,0,0,8.025,0.0,0.0,0.0907221474727164,0.0907221474727164
baseline,xlsx:樣本2:Sheet16:2:1:8x10,8x10,0.5,0,30,16,0,0,0,0,9.275,0.0,0.0,0.10609201132770306,0.10609201132770306
hard_gate_050,xlsx:樣本2:Sheet16:2:1:8x10,8x10,0.5,0,30,19,0,0,0,0,3.55,0.645,0.0,0.0781083620542643,0.0781083620542643
hard_gate_055,xlsx:樣本2:Sheet16:2:1:8x10,8x10,0.5,0,30,26,0,0,0,0,1.85,0.815,0.0,0.08181647537552664,0.08181647537552664
hard_gate_060,xlsx:樣本2:Sheet16:2:1:8x10,8x10,0.5,0,30,13,0,0,0,0,1.25,0.875,0.0,0.07955349375232817,0.07955349375232817
soft_gate_050,xlsx:樣本2:Sheet16:2:1:8x10,8x10,0.5,0,30,20,0,0,0,0,9.275,0.0,0.0,0.09127742867747862,0.09127742867747862
centered_weighted_sum,xlsx:樣本2:Sheet16:2:1:8x10,8x10,0.5,0,30,16,0,0,0,0,8.125,0.0,0.0,0.10609201132770305,0.10609201132770305
baseline,xlsx:樣本2:Sheet16:2:1:8x10,8x10,0.5,0,32,39,0,0,0,0,9.325,0.0,0.0,0.11420518147469802,0.11420518147469802
hard_gate_050,xlsx:樣本2:Sheet16:2:1:8x10,8x10,0.5,0,32,38,0,0,0,0,3.575,0.6433915211970075,0.0,0.08029803681679964,0.08029803681679964
hard_gate_055,xlsx:樣本2:Sheet16:2:1:8x10,8x10,0.5,0,32,33,0,0,0,0,1.875,0.8129675810473815,0.0,0.08449614442043557,0.08449614442043557
hard_gate_060,xlsx:樣本2:Sheet16:2:1:8x10,8x10,0.5,0,32,34,0,0,0,0,1.325,0.8678304239401496,0.05,0.08754444004222678,0.08754444004222678
soft_gate_050,xlsx:樣本2:Sheet16:2:1:8x10,8x10,0.5,0,32,38,0,0,0,0,9.325,0.0,0.0,0.0961612892412305,0.0961612892412305
centered_weighted_sum,xlsx:樣本2:Sheet16:2:1:8x10,8x10,0.5,0,32,39,0,0,0,0,8.05,0.0,0.0,0.11420518147469802,0.11420518147469802
baseline,xlsx:樣本2:Sheet16:2:1:8x10,8x10,0.5,0,34,18,0,0,0,0,9.275,0.0,0.0,0.10140141918893177,0.10140141918893177
hard_gate_050,xlsx:樣本2:Sheet16:2:1:8x10,8x10,0.5,0,34,24,0,0,0,0,3.55,0.645,0.0,0.07960996187252806,0.07960996187252806
hard_gate_055,xlsx:樣本2:Sheet16:2:1:8x10,8x10,0.5,0,34,22,0,0,0,0,1.85,0.815,0.0,0.08727018775752216,0.08727018775752216
hard_gate_060,xlsx:樣本2:Sheet16:2:1:8x10,8x10,0.5,0,34,26,0,0,0,0,1.35,0.865,0.025,0.09081852221434958,0.09081852221434958
soft_gate_050,xlsx:樣本2:Sheet16:2:1:8x10,8x10,0.5,0,34,27,0,0,0,0,9.275,0.0,0.0,0.09524382513660759,0.09524382513660759
centered_weighted_sum,xlsx:樣本2:Sheet16:2:1:8x10,8x10,0.5,0,34,18,0,0,0,0,8.075,0.0,0.0,0.10140141918893177,0.10140141918893177
baseline,xlsx:樣本2:Sheet16:2:1:8x10,8x10,0.5,0,39,36,0,0,0,0,9.35,0.0,0.0,0.0992238651567372,0.0992238651567372
hard_gate_050,xlsx:樣本2:Sheet16:2:1:8x10,8x10,0.5,0,39,40,0,0,0,0,3.625,0.6410891089108911,0.0,0.08226567302202527,0.08226567302202527
hard_gate_055,xlsx:樣本2:Sheet16:2:1:8x10,8x10,0.5,0,39,37,0,0,0,0,2.05,0.7970297029702971,0.0,0.09458921931548181,0.09458921931548181
hard_gate_060,xlsx:樣本2:Sheet16:2:1:8x10,8x10,0.5,0,39,40,0,0,0,0,1.425,0.8589108910891089,0.0,0.091871295845067,0.091871295845067
soft_gate_050,xlsx:樣本2:Sheet16:2:1:8x10,8x10,0.5,0,39,38,0,0,0,0,9.35,0.0,0.0,0.096509045982155,0.096509045982155
centered_weighted_sum,xlsx:樣本2:Sheet16:2:1:8x10,8x10,0.5,0,39,36,0,0,0,0,8.275,0.0,0.0,0.0992238651567372,0.0992238651567372
baseline,xlsx:樣本2:Sheet16:2:1:8x10,8x10,0.5,0,40,15,0,0,0,0,9.325,0.0,0.0,0.0988128368295444,0.0988128368295444
hard_gate_050,xlsx:樣本2:Sheet16:2:1:8x10,8x10,0.5,0,40,18,0,0,0,0,3.575,0.6451612903225806,0.0,0.08015763345150628,0.08015763345150628
hard_gate_055,xlsx:樣本2:Sheet16:2:1:8x10,8x10,0.5,0,40,17,0,0,0,0,2.0,0.8014888337468983,0.0,0.09005543967235315,0.09005543967235315
hard_gate_060,xlsx:樣本2:Sheet16:2:1:8x10,8x10,0.5,0,40,6,0,0,0,1,1.35,0.8660049627791563,0.0,0.08960243049927681,0.08960243049927681
soft_gate_050,xlsx:樣本2:Sheet16:2:1:8x10,8x10,0.5,0,40,18,0,0,0,0,9.325,0.0,0.0,0.09691253426382936,0.09691253426382936
centered_weighted_sum,xlsx:樣本2:Sheet16:2:1:8x10,8x10,0.5,0,40,15,0,0,0,0,8.225,0.0,0.0,0.0988128368295444,0.0988128368295444
baseline,xlsx:樣本2:Sheet16:2:1:8x10,8x10,0.5,0,41,18,0,0,0,0,9.35,0.0,0.0,0.09940663675955302,0.09940663675955302
hard_gate_050,xlsx:樣本2:Sheet16:2:1:8x10,8x10,0.5,0,41,12,0,0,0,0,3.6,0.6435643564356436,0.0,0.07817188395179084,0.07817188395179084
hard_gate_055,xlsx:樣本2:Sheet16:2:1:8x10,8x10,0.5,0,41,20,0,0,0,0,1.975,0.8044554455445545,0.0,0.0922736840193146,0.0922736840193146
hard_gate_060,xlsx:樣本2:Sheet16:2:1:8x10,8x10,0.5,0,41,19,0,0,0,0,1.35,0.8663366336633663,0.0,0.08998420016912322,0.08998420016912322
soft_gate_050,xlsx:樣本2:Sheet16:2:1:8x10,8x10,0.5,0,41,14,0,0,0,0,9.35,0.0,0.0,0.09785731766437414,0.09785731766437414
centered_weighted_sum,xlsx:樣本2:Sheet16:2:1:8x10,8x10,0.5,0,41,18,0,0,0,0,8.25,0.0,0.0,0.09940663675955302,0.09940663675955302
baseline,xlsx:樣本2:Sheet16:2:1:8x10,8x10,0.5,0,44,12,0,0,0,0,9.2,0.0,0.0,0.09462894913920256,0.09462894913920256
hard_gate_050,xlsx:樣本2:Sheet16:2:1:8x10,8x10,0.5,0,44,10,0,0,0,1,3.6,0.64,0.0,0.07269893971146328,0.07269893971146328
hard_gate_055,xlsx:樣本2:Sheet16:2:1:8x10,8x10,0.5,0,44,18,0,0,0,0,1.825,0.8175,0.0,0.09613921165831021,0.09613921165831021
hard_gate_060,xlsx:樣本2:Sheet16:2:1:8x10,8x10,0.5,0,44,16,0,0,0,0,1.325,0.8675,0.0,0.08855693759204658,0.08855693759204658
soft_gate_050,xlsx:樣本2:Sheet16:2:1:8x10,8x10,0.5,0,44,13,0,0,0,0,9.2,0.0,0.0,0.10270346722007562,0.10270346722007562
centered_weighted_sum,xlsx:樣本2:Sheet16:2:1:8x10,8x10,0.5,0,44,12,0,0,0,0,8.15,0.0,0.0,0.09462894913920256,0.09462894913920256
baseline,xlsx:樣本2:Sheet16:2:1:8x10,8x10,0.5,0,45,24,0,0,0,0,9.225,0.0,0.0,0.09464969696148225,0.09464969696148225
hard_gate_050,xlsx:樣本2:Sheet16:2:1:8x10,8x10,0.5,0,45,21,0,0,0,0,3.65,0.6359102244389028,0.0,0.07351918672606567,0.07351918672606567
hard_gate_055,xlsx:樣本2:Sheet16:2:1:8x10,8x10,0.5,0,45,29,0,0,0,0,1.775,0.8229426433915212,0.0,0.09718569229184905,0.09718569229184905
hard_gate_060,xlsx:樣本2:Sheet16:2:1:8x10,8x10,0.5,0,45,21,0,0,0,0,1.3,0.8703241895261845,0.0,0.08633571245318132,0.08633571245318132
soft_gate_050,xlsx:樣本2:Sheet16:2:1:8x10,8x10,0.5,0,45,23,0,0,0,0,9.225,0.0,0.0,0.10247416249907115,0.10247416249907115
centered_weighted_sum,xlsx:樣本2:Sheet16:2:1:8x10,8x10,0.5,0,45,24,0,0,0,0,8.175,0.0,0.0,0.09464969696148225,0.09464969696148225
baseline,xlsx:樣本2:Sheet16:2:1:8x10,8x10,0.5,0,46,35,0,0,0,0,9.2,0.0,0.0,0.09475423223818324,0.09475423223818324
hard_gate_050,xlsx:樣本2:Sheet16:2:1:8x10,8x10,0.5,0,46,35,0,0,0,0,3.55,0.645,0.0,0.07642832508785703,0.07642832508785703
hard_gate_055,xlsx:樣本2:Sheet16:2:1:8x10,8x10,0.5,0,46,27,0,0,0,0,1.775,0.8225,0.0,0.08931576991918898,0.08931576991918898
hard_gate_060,xlsx:樣本2:Sheet16:2:1:8x10,8x10,0.5,0,46,31,0,0,0,0,1.3,0.87,0.0,0.08666665501008729,0.08666665501008729
soft_gate_050,xlsx:樣本2:Sheet16:2:1:8x10,8x10,0.5,0,46,34,0,0,0,0,9.2,0.0,0.0,0.1005855998630556,0.1005855998630556
centered_weighted_sum,xlsx:樣本2:Sheet16:2:1:8x10,8x10,0.5,0,46,35,0,0,0,0,8.15,0.0,0.0,0.09475423223818324,0.09475423223818324
baseline,xlsx:樣本2:Sheet16:2:1:8x10,8x10,0.5,0,47,27,0,0,0,0,9.275,0.0,0.0,0.09471934263001713,0.09471934263001713
hard_gate_050,xlsx:樣本2:Sheet16:2:1:8x10,8x10,0.5,0,47,33,0,0,0,0,3.675,0.6352357320099256,0.0,0.07726155154383213,0.07726155154383213
hard_gate_055,xlsx:樣本2:Sheet16:2:1:8x10,8x10,0.5,0,47,33,0,0,0,0,1.9,0.8114143920595533,0.0,0.09396860108106603,0.09396860108106603
hard_gate_060,xlsx:樣本2:Sheet16:2:1:8x10,8x10,0.5,0,47,32,0,0,0,0,1.325,0.8684863523573201,0.0,0.08957226948729842,0.08957226948729842
soft_gate_050,xlsx:樣本2:Sheet16:2:1:8x10,8x10,0.5,0,47,24,0,0,0,0,9.275,0.0,0.0,0.09970473632905154,0.09970473632905154
centered_weighted_sum,xlsx:樣本2:Sheet16:2:1:8x10,8x10,0.5,0,47,27,0,0,0,0,8.175,0.0,0.0,0.09471934263001713,0.09471934263001713
baseline,xlsx:樣本2:Sheet16:2:1:8x10,8x10,0.5,0,49,6,0,0,0,1,9.325,0.0,0.0,0.08928696131834628,0.08928696131834628
hard_gate_050,xlsx:樣本2:Sheet16:2:1:8x10,8x10,0.5,0,49,5,0,0,1,1,3.625,0.6410891089108911,0.0,0.07519255168897761,0.07519255168897761
hard_gate_055,xlsx:樣本2:Sheet16:2:1:8x10,8x10,0.5,0,49,9,0,0,0,1,1.85,0.8168316831683168,0.0,0.08748641993460218,0.08748641993460218
hard_gate_060,xlsx:樣本2:Sheet16:2:1:8x10,8x10,0.5,0,49,12,0,0,0,0,1.325,0.8688118811881188,0.025,0.08873595819448414,0.08873595819448414
soft_gate_050,xlsx:樣本2:Sheet16:2:1:8x10,8x10,0.5,0,49,9,0,0,0,1,9.325,0.0,0.0,0.09770484010766009,0.09770484010766009
centered_weighted_sum,xlsx:樣本2:Sheet16:2:1:8x10,8x10,0.5,0,49,6,0,0,0,1,8.2,0.0,0.0,0.08928696131834626,0.08928696131834626
baseline,xlsx:樣本2:Sheet16:2:1:8x10,8x10,0.5,0,52,30,0,0,0,0,9.3,0.0,0.0,0.09815625924918986,0.09815625924918986
hard_gate_050,xlsx:樣本2:Sheet16:2:1:8x10,8x10,0.5,0,52,32,0,0,0,0,3.475,0.6550868486352357,0.0,0.07758095172195785,0.07758095172195785
hard_gate_055,xlsx:樣本2:Sheet16:2:1:8x10,8x10,0.5,0,52,27,0,0,0,0,1.75,0.826302729528536,0.0,0.08831677686918972,0.08831677686918972
hard_gate_060,xlsx:樣本2:Sheet16:2:1:8x10,8x10,0.5,0,52,31,0,0,0,0,1.325,0.8684863523573201,0.0,0.08310776946342949,0.08310776946342949
soft_gate_050,xlsx:樣本2:Sheet16:2:1:8x10,8x10,0.5,0,52,39,0,0,0,0,9.3,0.0,0.0,0.10945012550043083,0.10945012550043083
centered_weighted_sum,xlsx:樣本2:Sheet16:2:1:8x10,8x10,0.5,0,52,30,0,0,0,0,8.225,0.0,0.0,0.09815625924918986,0.09815625924918986
baseline,xlsx:樣本2:Sheet16:2:1:8x10,8x10,0.5,0,54,31,0,0,0,0,9.175,0.0,0.0,0.09327420901170398,0.09327420901170398
hard_gate_050,xlsx:樣本2:Sheet16:2:1:8x10,8x10,0.5,0,54,37,0,0,0,0,3.325,0.6675,0.0,0.07571641968254707,0.07571641968254707
hard_gate_055,xlsx:樣本2:Sheet16:2:1:8x10,8x10,0.5,0,54,40,0,0,0,0,1.65,0.835,0.0,0.0919014597606091,0.0919014597606091
hard_gate_060,xlsx:樣本2:Sheet16:2:1:8x10,8x10,0.5,0,54,39,0,0,0,0,1.225,0.8775,0.0,0.08399578598051613,0.08399578598051613
soft_gate_050,xlsx:樣本2:Sheet16:2:1:8x10,8x10,0.5,0,54,34,0,0,0,0,9.175,0.0,0.0,0.10341562182857475,0.10341562182857475
centered_weighted_sum,xlsx:樣本2:Sheet16:2:1:8x10,8x10,0.5,0,54,31,0,0,0,0,8.15,0.0,0.0,0.09327420901170398,0.09327420901170398
baseline,xlsx:樣本2:Sheet16:2:1:8x10,8x10,0.5,0,55,23,0,0,0,0,9.2,0.0,0.0,0.0929744942915216,0.0929744942915216
hard_gate_050,xlsx:樣本2:Sheet16:2:1:8x10,8x10,0.5,0,55,26,0,0,0,0,3.35,0.6658354114713217,0.0,0.0760990428401239,0.0760990428401239
hard_gate_055,xlsx:樣本2:Sheet16:2:1:8x10,8x10,0.5,0,55,19,0,0,0,0,1.65,0.8354114713216958,0.0,0.09057925461033207,0.09057925461033207
hard_gate_060,xlsx:樣本2:Sheet16:2:1:8x10,8x10,0.5,0,55,22,0,0,0,0,1.225,0.8778054862842892,0.025,0.09356977224506877,0.09356977224506877
soft_gate_050,xlsx:樣本2:Sheet16:2:1:8x10,8x10,0.5,0,55,20,0,0,0,0,9.2,0.0,0.0,0.10344760008510304,0.10344760008510304
centered_weighted_sum,xlsx:樣本2:Sheet16:2:1:8x10,8x10,0.5,0,55,23,0,0,0,0,8.175,0.0,0.0,0.0929744942915216,0.0929744942915216
baseline,xlsx:樣本2:Sheet16:2:1:8x10,8x10,0.5,0,56,13,0,0,0,0,9.225,0.0,0.0,0.0938611186926152,0.0938611186926152
hard_gate_050,xlsx:樣本2:Sheet16:2:1:8x10,8x10,0.5,0,56,16,0,0,0,0,3.325,0.6691542288557214,0.0,0.07725812364495796,0.07725812364495796
hard_gate_055,xlsx:樣本2:Sheet16:2:1:8x10,8x10,0.5,0,56,12,0,0,0,0,1.7,0.8308457711442786,0.0,0.0922705851227515,0.0922705851227515
hard_gate_060,xlsx:樣本2:Sheet16:2:1:8x10,8x10,0.5,0,56,17,0,0,0,0,1.275,0.8731343283582089,0.0,0.0903730150452979,0.0903730150452979
soft_gate_050,xlsx:樣本2:Sheet16:2:1:8x10,8x10,0.5,0,56,24,0,0,0,0,9.225,0.0,0.0,0.10398889668323469,0.10398889668323469
centered_weighted_sum,xlsx:樣本2:Sheet16:2:1:8x10,8x10,0.5,0,56,13,0,0,0,0,8.2,0.0,0.0,0.0938611186926152,0.0938611186926152
baseline,xlsx:樣本2:Sheet16:2:1:8x10,8x10,0.5,0,58,7,0,0,0,1,9.2,0.0,0.0,0.09258062280683914,0.09258062280683914
hard_gate_050,xlsx:樣本2:Sheet16:2:1:8x10,8x10,0.5,0,58,6,0,0,0,1,3.325,0.6691542288557214,0.0,0.0765172094478628,0.0765172094478628
hard_gate_055,xlsx:樣本2:Sheet16:2:1:8x10,8x10,0.5,0,58,5,0,0,1,1,1.65,0.835820895522388,0.0,0.0835429646110823,0.0835429646110823
hard_gate_060,xlsx:樣本2:Sheet16:2:1:8x10,8x10,0.5,0,58,6,0,0,0,1,1.3,0.8706467661691543,0.0,0.0812150207453297,0.0812150207453297
soft_gate_050,xlsx:樣本2:Sheet16:2:1:8x10,8x10,0.5,0,58,8,0,0,0,1,9.2,0.0,0.0,0.10400976151244254,0.10400976151244254
centered_weighted_sum,xlsx:樣本2:Sheet16:2:1:8x10,8x10,0.5,0,58,7,0,0,0,1,8.2,0.0,0.0,0.09258062280683914,0.09258062280683914
baseline,xlsx:樣本2:Sheet16:2:1:8x10,8x10,0.5,0,59,19,0,0,0,0,9.175,0.0,0.0,0.09203654732363606,0.09203654732363606
hard_gate_050,xlsx:樣本2:Sheet16:2:1:8x10,8x10,0.5,0,59,29,0,0,0,0,3.325,0.6683291770573566,0.0,0.07709495675765543,0.07709495675765543
hard_gate_055,xlsx:樣本2:Sheet16:2:1:8x10,8x10,0.5,0,59,28,0,0,0,0,1.65,0.8354114713216958,0.0,0.08738671121530849,0.08738671121530849
hard_gate_060,xlsx:樣本2:Sheet16:2:1:8x10,8x10,0.5,0,59,30,0,0,0,0,1.275,0.8728179551122195,0.0,0.08229429707463747,0.08229429707463747
soft_gate_050,xlsx:樣本2:Sheet16:2:1:8x10,8x10,0.5,0,59,22,0,0,0,0,9.175,0.0,0.0,0.10227004492612994,0.10227004492612994
centered_weighted_sum,xlsx:樣本2:Sheet16:2:1:8x10,8x10,0.5,0,59,19,0,0,0,0,8.2,0.0,0.0,0.09203654732363607,0.09203654732363607
baseline,xlsx:樣本2:Sheet16:2:1:8x10,8x10,0.5,0,61,18,0,0,0,0,9.25,0.0,0.0,0.09307747063116724,0.09307747063116724
hard_gate_050,xlsx:樣本2:Sheet16:2:1:8x10,8x10,0.5,0,61,15,0,0,0,0,3.375,0.6658415841584159,0.0,0.07779760214031359,0.07779760214031359
hard_gate_055,xlsx:樣本2:Sheet16:2:1:8x10,8x10,0.5,0,61,11,0,0,0,0,1.7,0.8316831683168316,0.0,0.08469953816641847,0.08469953816641847
hard_gate_060,xlsx:樣本2:Sheet16:2:1:8x10,8x10,0.5,0,61,16,0,0,0,0,1.3,0.8712871287128713,0.0,0.080813510404743,0.080813510404743
soft_gate_050,xlsx:樣本2:Sheet16:2:1:8x10,8x10,0.5,0,61,26,0,0,0,0,9.25,0.0,0.0,0.10523795888442924,0.10523795888442924
centered_weighted_sum,xlsx:樣本2:Sheet16:2:1:8x10,8x10,0.5,0,61,18,0,0,0,0,8.225,0.0,0.0,0.09307747063116724,0.09307747063116724
baseline,xlsx:樣本2:Sheet16:2:1:8x10,8x10,0.5,0,63,31,0,0,0,0,9.15,0.0,0.0,0.09644822258310289,0.09644822258310289
hard_gate_050,xlsx:樣本2:Sheet16:2:1:8x10,8x10,0.5,0,63,29,0,0,0,0,3.25,0.6758104738154613,0.0,0.080139967757546,0.080139967757546
hard_gate_055,xlsx:樣本2:Sheet16:2:1:8x10,8x10,0.5,0,63,34,0,0,0,0,1.6,0.8403990024937655,0.0,0.08345654273944936,0.08345654273944936
hard_gate_060,xlsx:樣本2:Sheet16:2:1:8x10,8x10,0.5,0,63,35,0,0,0,0,1.2,0.8802992518703242,0.0,0.08771201943778022,0.08771201943778022
soft_gate_050,xlsx:樣本2:Sheet16:2:1:8x10,8x10,0.5,0,63,32,0,0,0,0,9.15,0.0,0.0,0.10365195480472164,0.10365195480472164
centered_weighted_sum,xlsx:樣本2:Sheet16:2:1:8x10,8x10,0.5,0,63,31,0,0,0,0,8.175,0.0,0.0,0.09644822258310289,0.09644822258310289
baseline,xlsx:樣本2:Sheet16:2:1:8x10,8x10,0.5,0,64,29,0,0,0,0,9.125,0.0,0.0,0.0971271303322614,0.0971271303322614
hard_gate_050,xlsx:樣本2:Sheet16:2:1:8x10,8x10,0.5,0,64,32,0,0,0,0,3.2,0.68,0.0,0.0831542355178836,0.0831542355178836
hard_gate_055,xlsx:樣本2:Sheet16:2:1:8x10,8x10,0.5,0,64,36,0,0,0,0,1.575,0.8425,0.0,0.08842620638741322,0.08842620638741322
hard_gate_060,xlsx:樣本2:Sheet16:2:1:8x10,8x10,0.5,0,64,28,0,0,0,0,1.15,0.885,0.025,0.10035292949556877,0.10035292949556877
soft_gate_050,xlsx:樣本2:Sheet16:2:1:8x10,8x10,0.5,0,64,32,0,0,0,0,9.125,0.0,0.0,0.09857572134419981,0.09857572134419981
centered_weighted_sum,xlsx:樣本2:Sheet16:2:1:8x10,8x10,0.5,0,64,29,0,0,0,0,8.15,0.0,0.0,0.09712713033226138,0.09712713033226138
baseline,xlsx:樣本2:Sheet16:2:1:8x10,8x10,0.5,0,65,3,0,1,1,1,9.15,0.0,0.0,0.09742962127589323,0.09742962127589323
hard_gate_050,xlsx:樣本2:Sheet16:2:1:8x10,8x10,0.5,0,65,8,0,0,0,1,3.25,0.6758104738154613,0.0,0.08292061775232057,0.08292061775232057
hard_gate_055,xlsx:樣本2:Sheet16:2:1:8x10,8x10,0.5,0,65,13,0,0,0,0,1.55,0.8453865336658354,0.0,0.09325194191276567,0.09325194191276567
hard_gate_060,xlsx:樣本2:Sheet16:2:1:8x10,8x10,0.5,0,65,10,0,0,0,1,1.15,0.885286783042394,0.025,0.09998398876348395,0.09998398876348395
soft_gate_050,xlsx:樣本2:Sheet16:2:1:8x10,8x10,0.5,0,65,3,0,1,1,1,9.15,0.0,0.0,0.09777603346742936,0.09777603346742936
centered_weighted_sum,xlsx:樣本2:Sheet16:2:1:8x10,8x10,0.5,0,65,3,0,1,1,1,8.1,0.0,0.0,0.09742962127589323,0.09742962127589323
baseline,xlsx:樣本2:Sheet16:2:1:8x10,8x10,0.5,0,67,1,1,1,1,1,9.275,0.0,0.0,0.09879458695873441,0.09879458695873441
hard_gate_050,xlsx:樣本2:Sheet16:2:1:8x10,8x10,0.5,0,67,1,1,1,1,1,3.4,0.6650246305418719,0.0,0.08524370039221597,0.08524370039221597
hard_gate_055,xlsx:樣本2:Sheet16:2:1:8x10,8x10,0.5,0,67,10,0,0,0,1,1.725,0.8300492610837439,0.0,0.09628752942611025,0.09628752942611025
hard_gate_060,xlsx:樣本2:Sheet16:2:1:8x10,8x10,0.5,0,67,14,0,0,0,0,1.225,0.8793103448275862,0.075,0.11208094242191252,0.11208094242191252
soft_gate_050,xlsx:樣本2:Sheet16:2:1:8x10,8x10,0.5,0,67,2,0,1,1,1,9.275,0.0,0.0,0.09954441818608774,0.09954441818608774
centered_weighted_sum,xlsx:樣本2:Sheet16:2:1:8x10,8x10,0.5,0,67,1,1,1,1,1,8.25,0.0,0.0,0.09879458695873441,0.09879458695873441
baseline,xlsx:樣本2:Sheet16:2:1:8x10,8x10,0.5,0,70,32,0,0,0,0,9.35,0.0,0.0,0.09874379074463088,0.09874379074463088
hard_gate_050,xlsx:樣本2:Sheet16:2:1:8x10,8x10,0.5,0,70,33,0,0,0,0,3.375,0.6699266503667481,0.0,0.07876061938565392,0.07876061938565392
hard_gate_055,xlsx:樣本2:Sheet16:2:1:8x10,8x10,0.5,0,70,30,0,0,0,0,1.775,0.8264058679706602,0.0,0.08559801982339278,0.08559801982339278
hard_gate_060,xlsx:樣本2:Sheet16:2:1:8x10,8x10,0.5,0,70,31,0,0,0,0,1.3,0.8728606356968215,0.05,0.090319852019063,0.090319852019063
soft_gate_050,xlsx:樣本2:Sheet16:2:1:8x10,8x10,0.5,0,70,37,0,0,0,0,9.35,0.0,0.0,0.09082821263077552,0.09082821263077552
centered_weighted_sum,xlsx:樣本2:Sheet16:2:1:8x10,8x10,0.5,0,70,32,0,0,0,0,8.3,0.0,0.0,0.09874379074463088,0.09874379074463088
baseline,xlsx:樣本2:Sheet16:2:1:8x10,8x10,0.5,0,74,38,0,0,0,0,9.075,0.0,0.0,0.08506237346561087,0.08506237346561087
hard_gate_050,xlsx:樣本2:Sheet16:2:1:8x10,8x10,0.5,0,74,34,0,0,0,0,3.1,0.69,0.0,0.07626410487974267,0.07626410487974267
hard_gate_055,xlsx:樣本2:Sheet16:2:1:8x10,8x10,0.5,0,74,21,0,0,0,0,1.575,0.8425,0.0,0.08563963867412604,0.08563963867412604
hard_gate_060,xlsx:樣本2:Sheet16:2:1:8x10,8x10,0.5,0,74,27,0,0,0,0,1.2,0.88,0.025,0.09093186163625566,0.09093186163625566
soft_gate_050,xlsx:樣本2:Sheet16:2:1:8x10,8x10,0.5,0,74,35,0,0,0,0,9.075,0.0,0.0,0.0763474632548978,0.0763474632548978
centered_weighted_sum,xlsx:樣本2:Sheet16:2:1:8x10,8x10,0.5,0,74,38,0,0,0,0,8.125,0.0,0.0,0.08506237346561087,0.08506237346561087
baseline,xlsx:樣本2:Sheet16:2:1:8x10,8x10,0.5,0,76,15,0,0,0,0,9.15,0.0,0.0,0.08542474502302858,0.08542474502302858
hard_gate_050,xlsx:樣本2:Sheet16:2:1:8x10,8x10,0.5,0,76,25,0,0,0,0,3.1,0.6915422885572139,0.0,0.07606477346107698,0.07606477346107698
hard_gate_055,xlsx:樣本2:Sheet16:2:1:8x10,8x10,0.5,0,76,31,0,0,0,0,1.575,0.8432835820895522,0.0,0.08855478293055262,0.08855478293055262
hard_gate_060,xlsx:樣本2:Sheet16:2:1:8x10,8x10,0.5,0,76,27,0,0,0,0,1.225,0.8781094527363185,0.0,0.08928893496203065,0.08928893496203065
soft_gate_050,xlsx:樣本2:Sheet16:2:1:8x10,8x10,0.5,0,76,17,0,0,0,0,9.15,0.0,0.0,0.07083144960839069,0.07083144960839069
centered_weighted_sum,xlsx:樣本2:Sheet16:2:1:8x10,8x10,0.5,0,76,15,0,0,0,0,8.175,0.0,0.0,0.08542474502302856,0.08542474502302856
baseline,xlsx:樣本2:Sheet16:2:1:8x10,8x10,0.5,0,78,25,0,0,0,0,9.225,0.0,0.0,0.08732928290448078,0.08732928290448078
hard_gate_050,xlsx:樣本2:Sheet16:2:1:8x10,8x10,0.5,0,78,19,0,0,0,0,3.15,0.6881188118811881,0.0,0.07678890511745018,0.07678890511745018
hard_gate_055,xlsx:樣本2:Sheet16:2:1:8x10,8x10,0.5,0,78,19,0,0,0,0,1.65,0.8366336633663366,0.0,0.08447887788538586,0.08447887788538586
hard_gate_060,xlsx:樣本2:Sheet16:2:1:8x10,8x10,0.5,0,78,24,0,0,0,0,1.2,0.8811881188118812,0.05,0.09751713325316197,0.09751713325316197
soft_gate_050,xlsx:樣本2:Sheet16:2:1:8x10,8x10,0.5,0,78,17,0,0,0,0,9.225,0.0,0.0,0.07393372900653838,0.07393372900653838
centered_weighted_sum,xlsx:樣本2:Sheet16:2:1:8x10,8x10,0.5,0,78,25,0,0,0,0,8.25,0.0,0.0,0.08732928290448076,0.08732928290448076
baseline,xlsx:樣本2:Sheet16:2:1:8x10,8x10,0.5,0,79,33,0,0,0,0,9.15,0.0,0.0,0.08690306614645782,0.08690306614645782
hard_gate_050,xlsx:樣本2:Sheet16:2:1:8x10,8x10,0.5,0,79,34,0,0,0,0,3.1,0.6907730673316709,0.0,0.07717005340649098,0.07717005340649098
hard_gate_055,xlsx:樣本2:Sheet16:2:1:8x10,8x10,0.5,0,79,39,0,0,0,0,1.6,0.8403990024937655,0.0,0.08919027324270949,0.08919027324270949
hard_gate_060,xlsx:樣本2:Sheet16:2:1:8x10,8x10,0.5,0,79,39,0,0,0,0,1.175,0.8827930174563591,0.025,0.09507509579508587,0.09507509579508587
soft_gate_050,xlsx:樣本2:Sheet16:2:1:8x10,8x10,0.5,0,79,31,0,0,0,0,9.15,0.0,0.0,0.0731524311779962,0.0731524311779962
centered_weighted_sum,xlsx:樣本2:Sheet16:2:1:8x10,8x10,0.5,0,79,33,0,0,0,0,8.2,0.0,0.0,0.0869030661464578,0.0869030661464578
baseline,xlsx:樣本2:Sheet5:2:1:8x10,8x10,0.3,0,4,6,0,0,0,1,9.166666666666666,0.0,0.0,0.05137404323106199,0.05137404323106199
hard_gate_050,xlsx:樣本2:Sheet5:2:1:8x10,8x10,0.3,0,4,13,0,0,0,0,4.541666666666667,0.5495867768595041,0.0,0.05155821920015877,0.05155821920015877
hard_gate_055,xlsx:樣本2:Sheet5:2:1:8x10,8x10,0.3,0,4,18,0,0,0,0,2.3333333333333335,0.768595041322314,0.0,0.07232998717011821,0.07232998717011821
hard_gate_060,xlsx:樣本2:Sheet5:2:1:8x10,8x10,0.3,0,4,7,0,0,0,1,1.625,0.8388429752066116,0.0,0.06813333705282047,0.06813333705282047
soft_gate_050,xlsx:樣本2:Sheet5:2:1:8x10,8x10,0.3,0,4,9,0,0,0,1,9.166666666666666,0.0,0.0,0.06460330883872209,0.06460330883872209
centered_weighted_sum,xlsx:樣本2:Sheet5:2:1:8x10,8x10,0.3,0,4,6,0,0,0,1,9.5,0.0,0.0,0.05137404323106199,0.05137404323106199
baseline,xlsx:樣本2:Sheet5:2:1:8x10,8x10,0.3,0,5,4,0,0,1,1,9.083333333333334,0.0,0.0,0.05279862631310903,0.05279862631310903
hard_gate_050,xlsx:樣本2:Sheet5:2:1:8x10,8x10,0.3,0,5,4,0,0,1,1,4.541666666666667,0.5458333333333333,0.0,0.05355287091855914,0.05355287091855914
hard_gate_055,xlsx:樣本2:Sheet5:2:1:8x10,8x10,0.3,0,5,9,0,0,0,1,2.25,0.775,0.0,0.0688838651609458,0.0688838651609458
hard_gate_060,xlsx:樣本2:Sheet5:2:1:8x10,8x10,0.3,0,5,18,0,0,0,0,1.5833333333333333,0.8416666666666667,0.0,0.0632974459395773,0.0632974459395773
soft_gate_050,xlsx:樣本2:Sheet5:2:1:8x10,8x10,0.3,0,5,5,0,0,1,1,9.083333333333334,0.0,0.0,0.06533998180079852,0.06533998180079852
centered_weighted_sum,xlsx:樣本2:Sheet5:2:1:8x10,8x10,0.3,0,5,4,0,0,1,1,9.5,0.0,0.0,0.05279862631310902,0.05279862631310902
baseline,xlsx:樣本2:Sheet5:2:1:8x10,8x10,0.3,0,6,7,0,0,0,1,9.208333333333334,0.0,0.0,0.05227610363882179,0.05227610363882179
hard_gate_050,xlsx:樣本2:Sheet5:2:1:8x10,8x10,0.3,0,6,5,0,0,1,1,4.541666666666667,0.551440329218107,0.0,0.053054957675387135,0.053054957675387135
hard_gate_055,xlsx:樣本2:Sheet5:2:1:8x10,8x10,0.3,0,6,1,1,1,1,1,2.375,0.7654320987654321,0.0,0.07274755310744073,0.07274755310744073
hard_gate_060,xlsx:樣本2:Sheet5:2:1:8x10,8x10,0.3,0,6,1,1,1,1,1,1.5833333333333333,0.8436213991769548,0.0,0.06380630885734337,0.06380630885734337
soft_gate_050,xlsx:樣本2:Sheet5:2:1:8x10,8x10,0.3,0,6,7,0,0,0,1,9.208333333333334,0.0,0.0,0.06519213458291054,0.06519213458291054
centered_weighted_sum,xlsx:樣本2:Sheet5:2:1:8x10,8x10,0.3,0,6,7,0,0,0,1,9.5,0.0,0.0,0.052276103638821785,0.052276103638821785
baseline,xlsx:樣本2:Sheet5:2:1:8x10,8x10,0.3,0,11,23,0,0,0,0,9.333333333333334,0.0,0.0,0.05636396042527734,0.05636396042527734
hard_gate_050,xlsx:樣本2:Sheet5:2:1:8x10,8x10,0.3,0,11,23,0,0,0,0,4.5,0.5609756097560976,0.0,0.056287904320062386,0.056287904320062386
hard_gate_055,xlsx:樣本2:Sheet5:2:1:8x10,8x10,0.3,0,11,14,0,0,0,0,2.4583333333333335,0.7601626016260162,0.0,0.06179723788795731,0.06179723788795731
hard_gate_060,xlsx:樣本2:Sheet5:2:1:8x10,8x10,0.3,0,11,20,0,0,0,0,1.625,0.8414634146341463,0.0,0.06043031706735187,0.06043031706735187
soft_gate_050,xlsx:樣本2:Sheet5:2:1:8x10,8x10,0.3,0,11,23,0,0,0,0,9.333333333333334,0.0,0.0,0.055056083848405865,0.055056083848405865
centered_weighted_sum,xlsx:樣本2:Sheet5:2:1:8x10,8x10,0.3,0,11,23,0,0,0,0,9.5,0.0,0.0,0.05636396042527733,0.05636396042527733
baseline,xlsx:樣本2:Sheet5:2:1:8x10,8x10,0.3,0,12,14,0,0,0,0,9.208333333333334,0.0,0.0,0.05450947732221505,0.05450947732221505
hard_gate_050,xlsx:樣本2:Sheet5:2:1:8x10,8x10,0.3,0,12,10,0,0,0,1,4.5,0.5555555555555556,0.0,0.055149529461293936,0.055149529461293936
hard_gate_055,xlsx:樣本2:Sheet5:2:1:8x10,8x10,0.3,0,12,19,0,0,0,0,2.3333333333333335,0.7695473251028807,0.0,0.06640811844640548,0.06640811844640548
hard_gate_060,xlsx:樣本2:Sheet5:2:1:8x10,8x10,0.3,0,12,19,0,0,0,0,1.5833333333333333,0.8436213991769548,0.0,0.06568465854740234,0.06568465854740234
soft_gate_050,xlsx:樣本2:Sheet5:2:1:8x10,8x10,0.3,0,12,10,0,0,0,1,9.208333333333334,0.0,0.0,0.05430236355571049,0.05430236355571049
centered_weighted_sum,xlsx:樣本2:Sheet5:2:1:8x10,8x10,0.3,0,12,14,0,0,0,0,9.5,0.0,0.0,0.054509477322215054,0.054509477322215054
baseline,xlsx:樣本2:Sheet5:2:1:8x10,8x10,0.3,0,15,16,0,0,0,0,9.125,0.0,0.0,0.05248694364154558,0.05248694364154558
hard_gate_050,xlsx:樣本2:Sheet5:2:1:8x10,8x10,0.3,0,15,10,0,0,0,1,4.541666666666667,0.5477178423236515,0.0,0.05190730501624847,0.05190730501624847
hard_gate_055,xlsx:樣本2:Sheet5:2:1:8x10,8x10,0.3,0,15,12,0,0,0,0,2.25,0.7759336099585062,0.0,0.058705595924534615,0.058705595924534615
hard_gate_060,xlsx:樣本2:Sheet5:2:1:8x10,8x10,0.3,0,15,7,0,0,0,1,1.5833333333333333,0.8423236514522822,0.0,0.0606351485455958,0.0606351485455958
soft_gate_050,xlsx:樣本2:Sheet5:2:1:8x10,8x10,0.3,0,15,13,0,0,0,0,9.125,0.0,0.0,0.052522960704006055,0.052522960704006055
centered_weighted_sum,xlsx:樣本2:Sheet5:2:1:8x10,8x10,0.3,0,15,16,0,0,0,0,9.5,0.0,0.0,0.052486943641545596,0.052486943641545596
baseline,xlsx:樣本2:Sheet5:2:1:8x10,8x10,0.3,0,17,12,0,0,0,0,9.083333333333334,0.0,0.0,0.059010020232534904,0.059010020232534904
hard_gate_050,xlsx:樣本2:Sheet5:2:1:8x10,8x10,0.3,0,17,12,0,0,0,0,4.541666666666667,0.551440329218107,0.0,0.05296619244959047,0.05296619244959047
hard_gate_055,xlsx:樣本2:Sheet5:2:1:8x10,8x10,0.3,0,17,2,0,1,1,1,2.375,0.7654320987654321,0.0,0.061802484039016906,0.061802484039016906
hard_gate_060,xlsx:樣本2:Sheet5:2:1:8x10,8x10,0.3,0,17,8,0,0,0,1,1.6666666666666667,0.8353909465020576,0.0,0.0672528323197843,0.0672528323197843
soft_gate_050,xlsx:樣本2:Sheet5:2:1:8x10,8x10,0.3,0,17,12,0,0,0,0,9.083333333333334,0.0,0.0,0.055301515254843094,0.055301515254843094
centered_weighted_sum,xlsx:樣本2:Sheet5:2:1:8x10,8x10,0.3,0,17,12,0,0,0,0,9.5,0.0,0.0,0.059010020232534904,0.059010020232534904
baseline,xlsx:樣本2:Sheet5:2:1:8x10,8x10,0.3,0,20,21,0,0,0,0,9.125,0.0,0.0,0.05958819490386572,0.05958819490386572
hard_gate_050,xlsx:樣本2:Sheet5:2:1:8x10,8x10,0.3,0,20,20,0,0,0,0,4.583333333333333,0.5473251028806584,0.0,0.052541940039423245,0.052541940039423245
hard_gate_055,xlsx:樣本2:Sheet5:2:1:8x10,8x10,0.3,0,20,22,0,0,0,0,2.375,0.7654320987654321,0.0,0.06198892267823794,0.06198892267823794
hard_gate_060,xlsx:樣本2:Sheet5:2:1:8x10,8x10,0.3,0,20,12,0,0,0,0,1.7083333333333333,0.831275720164609,0.0,0.06265592173822293,0.06265592173822293
soft_gate_050,xlsx:樣本2:Sheet5:2:1:8x10,8x10,0.3,0,20,19,0,0,0,0,9.125,0.0,0.0,0.054459726360463805,0.054459726360463805
centered_weighted_sum,xlsx:樣本2:Sheet5:2:1:8x10,8x10,0.3,0,20,21,0,0,0,0,9.5,0.0,0.0,0.05958819490386573,0.05958819490386573
baseline,xlsx:樣本2:Sheet5:2:1:8x10,8x10,0.3,0,21,5,0,0,1,1,9.083333333333334,0.0,0.0,0.0576641647323303,0.0576641647323303
hard_gate_050,xlsx:樣本2:Sheet5:2:1:8x10,8x10,0.3,0,21,5,0,0,1,1,4.583333333333333,0.5454545454545454,0.0,0.05094044266163725,0.05094044266163725
hard_gate_055,xlsx:樣本2:Sheet5:2:1:8x10,8x10,0.3,0,21,11,0,0,0,0,2.3333333333333335,0.768595041322314,0.0,0.06355216678471713,0.06355216678471713
hard_gate_060,xlsx:樣本2:Sheet5:2:1:8x10,8x10,0.3,0,21,10,0,0,0,1,1.6666666666666667,0.8347107438016529,0.0,0.0674638259852503,0.0674638259852503
soft_gate_050,xlsx:樣本2:Sheet5:2:1:8x10,8x10,0.3,0,21,5,0,0,1,1,9.083333333333334,0.0,0.0,0.0540300623748258,0.0540300623748258
centered_weighted_sum,xlsx:樣本2:Sheet5:2:1:8x10,8x10,0.3,0,21,5,0,0,1,1,9.5,0.0,0.0,0.0576641647323303,0.0576641647323303
baseline,xlsx:樣本2:Sheet5:2:1:8x10,8x10,0.3,0,25,10,0,0,0,1,9.041666666666666,0.0,0.0,0.057548876077048415,0.057548876077048415
hard_gate_050,xlsx:樣本2:Sheet5:2:1:8x10,8x10,0.3,0,25,14,0,0,0,0,4.791666666666667,0.5208333333333334,0.0,0.05962070884550086,0.05962070884550086
hard_gate_055,xlsx:樣本2:Sheet5:2:1:8x10,8x10,0.3,0,25,8,0,0,0,1,2.3333333333333335,0.7666666666666667,0.0,0.06751504508780883,0.06751504508780883
hard_gate_060,xlsx:樣本2:Sheet5:2:1:8x10,8x10,0.3,0,25,17,0,0,0,0,1.6666666666666667,0.8333333333333334,0.0,0.07078698849613128,0.07078698849613128
soft_gate_050,xlsx:樣本2:Sheet5:2:1:8x10,8x10,0.3,0,25,14,0,0,0,0,9.041666666666666,0.0,0.0,0.057028215308683884,0.057028215308683884
centered_weighted_sum,xlsx:樣本2:Sheet5:2:1:8x10,8x10,0.3,0,25,10,0,0,0,1,9.5,0.0,0.0,0.0575488760770484,0.0575488760770484
baseline,xlsx:樣本2:Sheet5:2:1:8x10,8x10,0.3,0,27,15,0,0,0,0,9.25,0.0,0.0,0.058318789231123144,0.058318789231123144
hard_gate_050,xlsx:樣本2:Sheet5:2:1:8x10,8x10,0.3,0,27,10,0,0,0,1,4.833333333333333,0.5245901639344263,0.0,0.06341009249511187,0.06341009249511187
hard_gate_055,xlsx:樣本2:Sheet5:2:1:8x10,8x10,0.3,0,27,10,0,0,0,1,2.6666666666666665,0.7377049180327869,0.0,0.0810050405543661,0.0810050405543661
hard_gate_060,xlsx:樣本2:Sheet5:2:1:8x10,8x10,0.3,0,27,4,0,0,1,1,1.8333333333333333,0.819672131147541,0.0,0.07409365786745822,0.07409365786745822
soft_gate_050,xlsx:樣本2:Sheet5:2:1:8x10,8x10,0.3,0,27,14,0,0,0,0,9.25,0.0,0.0,0.06308753726599768,0.06308753726599768
centered_weighted_sum,xlsx:樣本2:Sheet5:2:1:8x10,8x10,0.3,0,27,15,0,0,0,0,9.5,0.0,0.0,0.058318789231123144,0.058318789231123144
baseline,xlsx:樣本2:Sheet5:2:1:8x10,8x10,0.3,0,28,5,0,0,1,1,9.25,0.0,0.0,0.05674733778709038,0.05674733778709038
hard_gate_050,xlsx:樣本2:Sheet5:2:1:8x10,8x10,0.3,0,28,3,0,1,1,1,4.875,0.5204918032786885,0.0,0.05909406278106806,0.05909406278106806
hard_gate_055,xlsx:樣本2:Sheet5:2:1:8x10,8x10,0.3,0,28,1,1,1,1,1,2.6666666666666665,0.7377049180327869,0.0,0.07198214691697337,0.07198214691697337
hard_gate_060,xlsx:樣本2:Sheet5:2:1:8x10,8x10,0.3,0,28,2,0,1,1,1,1.8333333333333333,0.819672131147541,0.0,0.061275058771679894,0.061275058771679894
soft_gate_050,xlsx:樣本2:Sheet5:2:1:8x10,8x10,0.3,0,28,4,0,0,1,1,9.25,0.0,0.0,0.05692365253214518,0.05692365253214518
centered_weighted_sum,xlsx:樣本2:Sheet5:2:1:8x10,8x10,0.3,0,28,5,0,0,1,1,9.458333333333334,0.0,0.0,0.05674733778709037,0.05674733778709037
baseline,xlsx:樣本2:Sheet5:2:1:8x10,8x10,0.3,0,32,21,0,0,0,0,9.333333333333334,0.0,0.0,0.0683499877701927,0.0683499877701927
hard_gate_050,xlsx:樣本2:Sheet5:2:1:8x10,8x10,0.3,0,32,17,0,0,0,0,4.916666666666667,0.5203252032520326,0.0,0.06205174047942886,0.06205174047942886
hard_gate_055,xlsx:樣本2:Sheet5:2:1:8x10,8x10,0.3,0,32,9,0,0,0,1,2.8333333333333335,0.7235772357723578,0.0,0.06800242811367137,0.06800242811367137
hard_gate_060,xlsx:樣本2:Sheet5:2:1:8x10,8x10,0.3,0,32,15,0,0,0,0,1.9583333333333333,0.8089430894308943,0.0,0.06251403886753669,0.06251403886753669
soft_gate_050,xlsx:樣本2:Sheet5:2:1:8x10,8x10,0.3,0,32,16,0,0,0,0,9.333333333333334,0.0,0.0,0.06751190657987295,0.06751190657987295
centered_weighted_sum,xlsx:樣本2:Sheet5:2:1:8x10,8x10,0.3,0,32,21,0,0,0,0,9.5,0.0,0.0,0.0683499877701927,0.0683499877701927
baseline,xlsx:樣本2:Sheet5:2:1:8x10,8x10,0.3,0,41,17,0,0,0,0,9.25,0.0,0.0,0.070396443449172,0.070396443449172
hard_gate_050,xlsx:樣本2:Sheet5:2:1:8x10,8x10,0.3,0,41,16,0,0,0,0,5.0,0.5081967213114754,0.0,0.07166861916338546,0.07166861916338546
hard_gate_055,xlsx:樣本2:Sheet5:2:1:8x10,8x10,0.3,0,41,18,0,0,0,0,2.7083333333333335,0.7336065573770492,0.0,0.07829274529166436,0.07829274529166436
hard_gate_060,xlsx:樣本2:Sheet5:2:1:8x10,8x10,0.3,0,41,20,0,0,0,0,1.9583333333333333,0.8073770491803278,0.0,0.07246107258040373,0.07246107258040373
soft_gate_050,xlsx:樣本2:Sheet5:2:1:8x10,8x10,0.3,0,41,20,0,0,0,0,9.25,0.0,0.0,0.06597449241881087,0.06597449241881087
centered_weighted_sum,xlsx:樣本2:Sheet5:2:1:8x10,8x10,0.3,0,41,17,0,0,0,0,9.5,0.0,0.0,0.07039644344917198,0.07039644344917198
baseline,xlsx:樣本2:Sheet5:2:1:8x10,8x10,0.3,0,45,18,0,0,0,0,9.041666666666666,0.0,0.0,0.06760959076406878,0.06760959076406878
hard_gate_050,xlsx:樣本2:Sheet5:2:1:8x10,8x10,0.3,0,45,15,0,0,0,0,5.083333333333333,0.49166666666666664,0.0,0.06470409955682967,0.06470409955682967
hard_gate_055,xlsx:樣本2:Sheet5:2:1:8x10,8x10,0.3,0,45,14,0,0,0,0,2.625,0.7375,0.0,0.08502313959573522,0.08502313959573522
hard_gate_060,xlsx:樣本2:Sheet5:2:1:8x10,8x10,0.3,0,45,7,0,0,0,1,1.7083333333333333,0.8291666666666667,0.0,0.07092060218851304,0.07092060218851304
soft_gate_050,xlsx:樣本2:Sheet5:2:1:8x10,8x10,0.3,0,45,22,0,0,0,0,9.041666666666666,0.0,0.0,0.06076340505930538,0.06076340505930538
centered_weighted_sum,xlsx:樣本2:Sheet5:2:1:8x10,8x10,0.3,0,45,18,0,0,0,0,9.458333333333334,0.0,0.0,0.06760959076406878,0.06760959076406878
baseline,xlsx:樣本2:Sheet5:2:1:8x10,8x10,0.3,0,46,7,0,0,0,1,9.041666666666666,0.0,0.0,0.06535878354476161,0.06535878354476161
hard_gate_050,xlsx:樣本2:Sheet5:2:1:8x10,8x10,0.3,0,46,13,0,0,0,0,5.083333333333333,0.49166666666666664,0.0,0.06362431931082342,0.06362431931082342
hard_gate_055,xlsx:樣本2:Sheet5:2:1:8x10,8x10,0.3,0,46,5,0,0,1,1,2.625,0.7375,0.0,0.09472579079760583,0.09472579079760583
hard_gate_060,xlsx:樣本2:Sheet5:2:1:8x10,8x10,0.3,0,46,9,0,0,0,1,1.75,0.825,0.0,0.07386368201971875,0.07386368201971875
soft_gate_050,xlsx:樣本2:Sheet5:2:1:8x10,8x10,0.3,0,46,16,0,0,0,0,9.041666666666666,0.0,0.0,0.06002949366887994,0.06002949366887994
centered_weighted_sum,xlsx:樣本2:Sheet5:2:1:8x10,8x10,0.3,0,46,7,0,0,0,1,9.5,0.0,0.0,0.06535878354476163,0.06535878354476163
baseline,xlsx:樣本2:Sheet5:2:1:8x10,8x10,0.3,0,47,3,0,1,1,1,9.166666666666666,0.0,0.0,0.06542677884446384,0.06542677884446384
hard_gate_050,xlsx:樣本2:Sheet5:2:1:8x10,8x10,0.3,0,47,1,1,1,1,1,5.083333333333333,0.49794238683127573,0.0,0.06383241731010865,0.06383241731010865
hard_gate_055,xlsx:樣本2:Sheet5:2:1:8x10,8x10,0.3,0,47,2,0,1,1,1,2.7083333333333335,0.7325102880658436,0.0,0.09153071073751261,0.09153071073751261
hard_gate_060,xlsx:樣本2:Sheet5:2:1:8x10,8x10,0.3,0,47,3,0,1,1,1,1.8333333333333333,0.8189300411522634,0.0,0.07500149525408092,0.07500149525408092
soft_gate_050,xlsx:樣本2:Sheet5:2:1:8x10,8x10,0.3,0,47,3,0,1,1,1,9.166666666666666,0.0,0.0,0.06000616344439534,0.06000616344439534
centered_weighted_sum,xlsx:樣本2:Sheet5:2:1:8x10,8x10,0.3,0,47,3,0,1,1,1,9.5,0.0,0.0,0.06542677884446384,0.06542677884446384
baseline,xlsx:樣本2:Sheet5:2:1:8x10,8x10,0.3,0,49,23,0,0,0,0,9.375,0.0,0.0,0.07029780191258428,0.07029780191258428
hard_gate_050,xlsx:樣本2:Sheet5:2:1:8x10,8x10,0.3,0,49,24,0,0,0,0,5.041666666666667,0.5101214574898786,0.0,0.06803957421222695,0.06803957421222695
hard_gate_055,xlsx:樣本2:Sheet5:2:1:8x10,8x10,0.3,0,49,23,0,0,0,0,2.875,0.7206477732793523,0.0,0.08142680035471989,0.08142680035471989
hard_gate_060,xlsx:樣本2:Sheet5:2:1:8x10,8x10,0.3,0,49,24,0,0,0,0,1.9583333333333333,0.8097165991902834,0.0,0.07155747273743002,0.07155747273743002
soft_gate_050,xlsx:樣本2:Sheet5:2:1:8x10,8x10,0.3,0,49,22,0,0,0,0,9.375,0.0,0.0,0.06036841351553055,0.06036841351553055
centered_weighted_sum,xlsx:樣本2:Sheet5:2:1:8x10,8x10,0.3,0,49,23,0,0,0,0,9.5,0.0,0.0,0.07029780191258429,0.07029780191258429
baseline,xlsx:樣本2:Sheet5:2:1:8x10,8x10,0.3,0,54,7,0,0,0,1,9.208333333333334,0.0,0.0,0.06274370773912906,0.06274370773912906
hard_gate_050,xlsx:樣本2:Sheet5:2:1:8x10,8x10,0.3,0,54,8,0,0,0,1,4.916666666666667,0.512396694214876,0.0,0.05571600350713066,0.05571600350713066
hard_gate_055,xlsx:樣本2:Sheet5:2:1:8x10,8x10,0.3,0,54,12,0,0,0,0,2.5416666666666665,0.7479338842975206,0.0,0.07561145797833986,0.07561145797833986
hard_gate_060,xlsx:樣本2:Sheet5:2:1:8x10,8x10,0.3,0,54,12,0,0,0,0,1.7916666666666667,0.8223140495867769,0.0,0.0678441627072124,0.0678441627072124
soft_gate_050,xlsx:樣本2:Sheet5:2:1:8x10,8x10,0.3,0,54,10,0,0,0,1,9.208333333333334,0.0,0.0,0.061843120605513904,0.061843120605513904
centered_weighted_sum,xlsx:樣本2:Sheet5:2:1:8x10,8x10,0.3,0,54,7,0,0,0,1,9.5,0.0,0.0,0.06274370773912907,0.06274370773912907
baseline,xlsx:樣本2:Sheet5:2:1:8x10,8x10,0.3,0,56,14,0,0,0,0,9.208333333333334,0.0,0.0,0.06353234951341559,0.06353234951341559
hard_gate_050,xlsx:樣本2:Sheet5:2:1:8x10,8x10,0.3,0,56,17,0,0,0,0,4.833333333333333,0.5206611570247934,0.0,0.06051259217905762,0.06051259217905762
hard_gate_055,xlsx:樣本2:Sheet5:2:1:8x10,8x10,0.3,0,56,19,0,0,0,0,2.5,0.7520661157024794,0.0,0.07163745565962035,0.07163745565962035
hard_gate_060,xlsx:樣本2:Sheet5:2:1:8x10,8x10,0.3,0,56,8,0,0,0,1,1.7916666666666667,0.8223140495867769,0.0,0.07027455369451287,0.07027455369451287
soft_gate_050,xlsx:樣本2:Sheet5:2:1:8x10,8x10,0.3,0,56,9,0,0,0,1,9.208333333333334,0.0,0.0,0.06307224669232468,0.06307224669232468
centered_weighted_sum,xlsx:樣本2:Sheet5:2:1:8x10,8x10,0.3,0,56,14,0,0,0,0,9.5,0.0,0.0,0.0635323495134156,0.0635323495134156
baseline,xlsx:樣本2:Sheet5:2:1:8x10,8x10,0.3,0,65,15,0,0,0,0,9.083333333333334,0.0,0.0,0.04871042335448748,0.04871042335448748
hard_gate_050,xlsx:樣本2:Sheet5:2:1:8x10,8x10,0.3,0,65,15,0,0,0,0,4.791666666666667,0.5228215767634855,0.0,0.059570508044765304,0.059570508044765304
hard_gate_055,xlsx:樣本2:Sheet5:2:1:8x10,8x10,0.3,0,65,19,0,0,0,0,2.2916666666666665,0.7717842323651453,0.0,0.06701843470197962,0.06701843470197962
hard_gate_060,xlsx:樣本2:Sheet5:2:1:8x10,8x10,0.3,0,65,22,0,0,0,0,1.625,0.8381742738589212,0.0,0.055838972645372575,0.055838972645372575
soft_gate_050,xlsx:樣本2:Sheet5:2:1:8x10,8x10,0.3,0,65,19,0,0,0,0,9.083333333333334,0.0,0.0,0.044873700257948006,0.044873700257948006
centered_weighted_sum,xlsx:樣本2:Sheet5:2:1:8x10,8x10,0.3,0,65,15,0,0,0,0,9.5,0.0,0.0,0.04871042335448746,0.04871042335448746
baseline,xlsx:樣本2:Sheet5:2:1:8x10,8x10,0.3,0,68,14,0,0,0,0,9.125,0.0,0.0,0.04896886939923174,0.04896886939923174
hard_gate_050,xlsx:樣本2:Sheet5:2:1:8x10,8x10,0.3,0,68,16,0,0,0,0,4.666666666666667,0.5371900826446281,0.0,0.05803966598868623,0.05803966598868623
hard_gate_055,xlsx:樣本2:Sheet5:2:1:8x10,8x10,0.3,0,68,6,0,0,0,1,2.375,0.7644628099173554,0.0,0.06831894932701356,0.06831894932701356
hard_gate_060,xlsx:樣本2:Sheet5:2:1:8x10,8x10,0.3,0,68,11,0,0,0,0,1.6666666666666667,0.8347107438016529,0.0,0.0563766533907255,0.0563766533907255
soft_gate_050,xlsx:樣本2:Sheet5:2:1:8x10,8x10,0.3,0,68,19,0,0,0,0,9.125,0.0,0.0,0.048670069175259546,0.048670069175259546
centered_weighted_sum,xlsx:樣本2:Sheet5:2:1:8x10,8x10,0.3,0,68,14,0,0,0,0,9.416666666666666,0.0,0.0,0.04896886939923174,0.04896886939923174
baseline,xlsx:樣本2:Sheet5:2:1:8x10,8x10,0.3,0,74,13,0,0,0,0,9.125,0.0,0.0,0.04728831856990672,0.04728831856990672
hard_gate_050,xlsx:樣本2:Sheet5:2:1:8x10,8x10,0.3,0,74,6,0,0,0,1,4.583333333333333,0.5454545454545454,0.0,0.05347694303133355,0.05347694303133355
hard_gate_055,xlsx:樣本2:Sheet5:2:1:8x10,8x10,0.3,0,74,11,0,0,0,0,2.3333333333333335,0.768595041322314,0.0,0.0673035906591664,0.0673035906591664
hard_gate_060,xlsx:樣本2:Sheet5:2:1:8x10,8x10,0.3,0,74,13,0,0,0,0,1.625,0.8388429752066116,0.0,0.0489203529308142,0.0489203529308142
soft_gate_050,xlsx:樣本2:Sheet5:2:1:8x10,8x10,0.3,0,74,5,0,0,1,1,9.125,0.0,0.0,0.045103683775918224,0.045103683775918224
centered_weighted_sum,xlsx:樣本2:Sheet5:2:1:8x10,8x10,0.3,0,74,13,0,0,0,0,9.5,0.0,0.0,0.047288318569906736,0.047288318569906736
baseline,xlsx:樣本2:Sheet5:2:1:8x10,8x10,0.3,0,76,13,0,0,0,0,9.041666666666666,0.0,0.0,0.051159260715535504,0.051159260715535504
hard_gate_050,xlsx:樣本2:Sheet5:2:1:8x10,8x10,0.3,0,76,16,0,0,0,0,4.541666666666667,0.5458333333333333,0.0,0.05113813637999504,0.05113813637999504
hard_gate_055,xlsx:樣本2:Sheet5:2:1:8x10,8x10,0.3,0,76,18,0,0,0,0,2.25,0.775,0.0,0.06851775825879047,0.06851775825879047
hard_gate_060,xlsx:樣本2:Sheet5:2:1:8x10,8x10,0.3,0,76,11,0,0,0,0,1.625,0.8375,0.0,0.05295718382381224,0.05295718382381224
soft_gate_050,xlsx:樣本2:Sheet5:2:1:8x10,8x10,0.3,0,76,17,0,0,0,0,9.041666666666666,0.0,0.0,0.04788026386348391,0.04788026386348391
centered_weighted_sum,xlsx:樣本2:Sheet5:2:1:8x10,8x10,0.3,0,76,13,0,0,0,0,9.5,0.0,0.0,0.0511592607155355,0.0511592607155355
baseline,xlsx:樣本2:Sheet5:2:1:8x10,8x10,0.5,0,1,36,0,0,0,0,9.35,0.0,0.0,0.11012615298220461,0.11012615298220461
hard_gate_050,xlsx:樣本2:Sheet5:2:1:8x10,8x10,0.5,0,1,39,0,0,0,0,2.85,0.7164179104477612,0.0,0.08107118273730561,0.08107118273730561
hard_gate_055,xlsx:樣本2:Sheet5:2:1:8x10,8x10,0.5,0,1,37,0,0,0,0,1.575,0.8432835820895522,0.0,0.07858266950110236,0.07858266950110236
hard_gate_060,xlsx:樣本2:Sheet5:2:1:8x10,8x10,0.5,0,1,37,0,0,0,0,1.35,0.8656716417910447,0.0,0.07964686321076128,0.07964686321076128
soft_gate_050,xlsx:樣本2:Sheet5:2:1:8x10,8x10,0.5,0,1,33,0,0,0,0,9.35,0.0,0.0,0.10147711412941351,0.10147711412941351
centered_weighted_sum,xlsx:樣本2:Sheet5:2:1:8x10,8x10,0.5,0,1,36,0,0,0,0,8.15,0.0,0.0,0.11012615298220461,0.11012615298220461
baseline,xlsx:樣本2:Sheet5:2:1:8x10,8x10,0.5,0,2,40,0,0,0,0,9.3,0.0,0.0,0.11069624962036557,0.11069624962036557
hard_gate_050,xlsx:樣本2:Sheet5:2:1:8x10,8x10,0.5,0,2,37,0,0,0,0,2.8,0.72,0.0,0.0811934204703888,0.0811934204703888
hard_gate_055,xlsx:樣本2:Sheet5:2:1:8x10,8x10,0.5,0,2,39,0,0,0,0,1.525,0.8475,0.0,0.07714870974548732,0.07714870974548732
hard_gate_060,xlsx:樣本2:Sheet5:2:1:8x10,8x10,0.5,0,2,39,0,0,0,0,1.35,0.865,0.0,0.0765017045591727,0.0765017045591727
soft_gate_050,xlsx:樣本2:Sheet5:2:1:8x10,8x10,0.5,0,2,40,0,0,0,0,9.3,0.0,0.0,0.10173498564531969,0.10173498564531969
centered_weighted_sum,xlsx:樣本2:Sheet5:2:1:8x10,8x10,0.5,0,2,40,0,0,0,0,8.1,0.0,0.0,0.11069624962036557,0.11069624962036557
baseline,xlsx:樣本2:Sheet5:2:1:8x10,8x10,0.5,0,5,21,0,0,0,0,9.425,0.0,0.0,0.1012167029955096,0.1012167029955096
hard_gate_050,xlsx:樣本2:Sheet5:2:1:8x10,8x10,0.5,0,5,20,0,0,0,0,3.0,0.7037037037037037,0.0,0.07705799160998822,0.07705799160998822
hard_gate_055,xlsx:樣本2:Sheet5:2:1:8x10,8x10,0.5,0,5,10,0,0,0,1,1.65,0.837037037037037,0.0,0.07443163628726318,0.07443163628726318
hard_gate_060,xlsx:樣本2:Sheet5:2:1:8x10,8x10,0.5,0,5,12,0,0,0,0,1.375,0.8641975308641975,0.0,0.07315295156088474,0.07315295156088474
soft_gate_050,xlsx:樣本2:Sheet5:2:1:8x10,8x10,0.5,0,5,21,0,0,0,0,9.425,0.0,0.0,0.09820492095427501,0.09820492095427501
centered_weighted_sum,xlsx:樣本2:Sheet5:2:1:8x10,8x10,0.5,0,5,21,0,0,0,0,8.225,0.0,0.0,0.1012167029955096,0.1012167029955096
baseline,xlsx:樣本2:Sheet5:2:1:8x10,8x10,0.5,0,10,7,0,0,0,1,9.375,0.0,0.0,0.09944574913934295,0.09944574913934295
hard_gate_050,xlsx:樣本2:Sheet5:2:1:8x10,8x10,0.5,0,10,11,0,0,0,0,2.95,0.7064676616915423,0.0,0.07953028130561259,0.07953028130561259
hard_gate_055,xlsx:樣本2:Sheet5:2:1:8x10,8x10,0.5,0,10,22,0,0,0,0,1.575,0.8432835820895522,0.0,0.08399559423631199,0.08399559423631199
hard_gate_060,xlsx:樣本2:Sheet5:2:1:8x10,8x10,0.5,0,10,9,0,0,0,1,1.3,0.8706467661691543,0.0,0.07987442297658401,0.07987442297658401
soft_gate_050,xlsx:樣本2:Sheet5:2:1:8x10,8x10,0.5,0,10,6,0,0,0,1,9.375,0.0,0.0,0.09174209698498162,0.09174209698498162
centered_weighted_sum,xlsx:樣本2:Sheet5:2:1:8x10,8x10,0.5,0,10,7,0,0,0,1,8.05,0.0,0.0,0.09944574913934294,0.09944574913934294
baseline,xlsx:樣本2:Sheet5:2:1:8x10,8x10,0.5,0,11,22,0,0,0,0,9.375,0.0,0.0,0.10027943174223677,0.10027943174223677
hard_gate_050,xlsx:樣本2:Sheet5:2:1:8x10,8x10,0.5,0,11,26,0,0,0,0,3.0,0.7014925373134329,0.0,0.08136889940702241,0.08136889940702241
hard_gate_055,xlsx:樣本2:Sheet5:2:1:8x10,8x10,0.5,0,11,26,0,0,0,0,1.625,0.8383084577114428,0.0,0.08230193761517737,0.08230193761517737
hard_gate_060,xlsx:樣本2:Sheet5:2:1:8x10,8x10,0.5,0,11,27,0,0,0,0,1.325,0.8681592039800995,0.0,0.08121941604926049,0.08121941604926049
soft_gate_050,xlsx:樣本2:Sheet5:2:1:8x10,8x10,0.5,0,11,25,0,0,0,0,9.375,0.0,0.0,0.09617630500308037,0.09617630500308037
centered_weighted_sum,xlsx:樣本2:Sheet5:2:1:8x10,8x10,0.5,0,11,22,0,0,0,0,8.15,0.0,0.0,0.10027943174223677,0.10027943174223677
baseline,xlsx:樣本2:Sheet5:2:1:8x10,8x10,0.5,0,12,18,0,0,0,0,9.325,0.0,0.0,0.10018179114841061,0.10018179114841061
hard_gate_050,xlsx:樣本2:Sheet5:2:1:8x10,8x10,0.5,0,12,24,0,0,0,0,2.95,0.705,0.0,0.08078559065398587,0.08078559065398587
hard_gate_055,xlsx:樣本2:Sheet5:2:1:8x10,8x10,0.5,0,12,31,0,0,0,0,1.55,0.845,0.0,0.08092041340033228,0.08092041340033228
hard_gate_060,xlsx:樣本2:Sheet5:2:1:8x10,8x10,0.5,0,12,32,0,0,0,0,1.325,0.8675,0.0,0.08040537481814493,0.08040537481814493
soft_gate_050,xlsx:樣本2:Sheet5:2:1:8x10,8x10,0.5,0,12,19,0,0,0,0,9.325,0.0,0.0,0.0927691549625531,0.0927691549625531
centered_weighted_sum,xlsx:樣本2:Sheet5:2:1:8x10,8x10,0.5,0,12,18,0,0,0,0,8.075,0.0,0.0,0.10018179114841061,0.10018179114841061
baseline,xlsx:樣本2:Sheet5:2:1:8x10,8x10,0.5,0,13,23,0,0,0,0,9.425,0.0,0.0,0.1000176567576697,0.1000176567576697
hard_gate_050,xlsx:樣本2:Sheet5:2:1:8x10,8x10,0.5,0,13,15,0,0,0,0,3.1,0.693069306930693,0.0,0.08061331247443894,0.08061331247443894
hard_gate_055,xlsx:樣本2:Sheet5:2:1:8x10,8x10,0.5,0,13,17,0,0,0,0,1.65,0.8366336633663366,0.0,0.07893657278107803,0.07893657278107803
hard_gate_060,xlsx:樣本2:Sheet5:2:1:8x10,8x10,0.5,0,13,19,0,0,0,0,1.425,0.8589108910891089,0.0,0.07900921146960847,0.07900921146960847
soft_gate_050,xlsx:樣本2:Sheet5:2:1:8x10,8x10,0.5,0,13,21,0,0,0,0,9.425,0.0,0.0,0.09456826424945936,0.09456826424945936
centered_weighted_sum,xlsx:樣本2:Sheet5:2:1:8x10,8x10,0.5,0,13,23,0,0,0,0,8.2,0.0,0.0,0.10001765675766969,0.10001765675766969
baseline,xlsx:樣本2:Sheet5:2:1:8x10,8x10,0.5,0,15,40,0,0,0,0,9.325,0.0,0.0,0.10087106773938626,0.10087106773938626
hard_gate_050,xlsx:樣本2:Sheet5:2:1:8x10,8x10,0.5,0,15,34,0,0,0,0,3.025,0.6982543640897756,0.0,0.08332428407728644,0.08332428407728644
hard_gate_055,xlsx:樣本2:Sheet5:2:1:8x10,8x10,0.5,0,15,31,0,0,0,0,1.625,0.8379052369077307,0.0,0.08942814635337415,0.08942814635337415
hard_gate_060,xlsx:樣本2:Sheet5:2:1:8x10,8x10,0.5,0,15,32,0,0,0,0,1.4,0.8603491271820449,0.0,0.0845661708574081,0.0845661708574081
soft_gate_050,xlsx:樣本2:Sheet5:2:1:8x10,8x10,0.5,0,15,39,0,0,0,0,9.325,0.0,0.0,0.0933873816264821,0.0933873816264821
centered_weighted_sum,xlsx:樣本2:Sheet5:2:1:8x10,8x10,0.5,0,15,40,0,0,0,0,8.05,0.0,0.0,0.10087106773938624,0.10087106773938624
baseline,xlsx:樣本2:Sheet5:2:1:8x10,8x10,0.5,0,18,12,0,0,0,0,9.475,0.0,0.0,0.099476714399843,0.099476714399843
hard_gate_050,xlsx:樣本2:Sheet5:2:1:8x10,8x10,0.5,0,18,7,0,0,0,1,3.175,0.6864197530864198,0.0,0.0868604007718959,0.0868604007718959
hard_gate_055,xlsx:樣本2:Sheet5:2:1:8x10,8x10,0.5,0,18,8,0,0,0,1,1.825,0.8197530864197531,0.0,0.09409619369546623,0.09409619369546623
hard_gate_060,xlsx:樣本2:Sheet5:2:1:8x10,8x10,0.5,0,18,12,0,0,0,0,1.475,0.854320987654321,0.0,0.08929394341633362,0.08929394341633362
soft_gate_050,xlsx:樣本2:Sheet5:2:1:8x10,8x10,0.5,0,18,10,0,0,0,1,9.475,0.0,0.0,0.09096613017388029,0.09096613017388029
centered_weighted_sum,xlsx:樣本2:Sheet5:2:1:8x10,8x10,0.5,0,18,12,0,0,0,0,8.225,0.0,0.0,0.099476714399843,0.099476714399843
baseline,xlsx:樣本2:Sheet5:2:1:8x10,8x10,0.5,0,19,23,0,0,0,0,9.425,0.0,0.0,0.10062575442895627,0.10062575442895627
hard_gate_050,xlsx:樣本2:Sheet5:2:1:8x10,8x10,0.5,0,19,23,0,0,0,0,3.125,0.6898263027295285,0.0,0.08718352748880244,0.08718352748880244
hard_gate_055,xlsx:樣本2:Sheet5:2:1:8x10,8x10,0.5,0,19,26,0,0,0,0,1.775,0.8238213399503722,0.0,0.09464061611631822,0.09464061611631822
hard_gate_060,xlsx:樣本2:Sheet5:2:1:8x10,8x10,0.5,0,19,21,0,0,0,0,1.425,0.858560794044665,0.0,0.09094011684373765,0.09094011684373765
soft_gate_050,xlsx:樣本2:Sheet5:2:1:8x10,8x10,0.5,0,19,19,0,0,0,0,9.425,0.0,0.0,0.09237257515206003,0.09237257515206003
centered_weighted_sum,xlsx:樣本2:Sheet5:2:1:8x10,8x10,0.5,0,19,23,0,0,0,0,8.15,0.0,0.0,0.10062575442895627,0.10062575442895627
baseline,xlsx:樣本2:Sheet5:2:1:8x10,8x10,0.5,0,22,12,0,0,0,0,9.375,0.0,0.0,0.10866034879627438,0.10866034879627438
hard_gate_050,xlsx:樣本2:Sheet5:2:1:8x10,8x10,0.5,0,22,3,0,1,1,1,3.2,0.6807980049875312,0.0,0.08788490229785735,0.08788490229785735
hard_gate_055,xlsx:樣本2:Sheet5:2:1:8x10,8x10,0.5,0,22,1,1,1,1,1,1.75,0.8254364089775561,0.0,0.1019160078298389,0.1019160078298389
hard_gate_060,xlsx:樣本2:Sheet5:2:1:8x10,8x10,0.5,0,22,1,1,1,1,1,1.475,0.8528678304239401,0.0,0.09195594160722444,0.09195594160722444
soft_gate_050,xlsx:樣本2:Sheet5:2:1:8x10,8x10,0.5,0,22,12,0,0,0,0,9.375,0.0,0.0,0.09359041172756968,0.09359041172756968
centered_weighted_sum,xlsx:樣本2:Sheet5:2:1:8x10,8x10,0.5,0,22,12,0,0,0,0,8.1,0.0,0.0,0.10866034879627438,0.10866034879627438
baseline,xlsx:樣本2:Sheet5:2:1:8x10,8x10,0.5,0,23,38,0,0,0,0,9.375,0.0,0.0,0.10784164671842668,0.10784164671842668
hard_gate_050,xlsx:樣本2:Sheet5:2:1:8x10,8x10,0.5,0,23,32,0,0,0,0,3.2,0.6807980049875312,0.0,0.0882419396682673,0.0882419396682673
hard_gate_055,xlsx:樣本2:Sheet5:2:1:8x10,8x10,0.5,0,23,28,0,0,0,0,1.775,0.8229426433915212,0.0,0.10802028601237978,0.10802028601237978
hard_gate_060,xlsx:樣本2:Sheet5:2:1:8x10,8x10,0.5,0,23,29,0,0,0,0,1.475,0.8528678304239401,0.0,0.09374888613378521,0.09374888613378521
soft_gate_050,xlsx:樣本2:Sheet5:2:1:8x10,8x10,0.5,0,23,39,0,0,0,0,9.375,0.0,0.0,0.0937343661467812,0.0937343661467812
centered_weighted_sum,xlsx:樣本2:Sheet5:2:1:8x10,8x10,0.5,0,23,38,0,0,0,0,8.1,0.0,0.0,0.10784164671842668,0.10784164671842668
baseline,xlsx:樣本2:Sheet5:2:1:8x10,8x10,0.5,0,25,4,0,0,1,1,9.35,0.0,0.0,0.10609144738477619,0.10609144738477619
hard_gate_050,xlsx:樣本2:Sheet5:2:1:8x10,8x10,0.5,0,25,16,0,0,0,0,3.25,0.675,0.0,0.09305637494480344,0.09305637494480344
hard_gate_055,xlsx:樣本2:Sheet5:2:1:8x10,8x10,0.5,0,25,22,0,0,0,0,1.725,0.8275,0.0,0.10927482723687511,0.10927482723687511
hard_gate_060,xlsx:樣本2:Sheet5:2:1:8x10,8x10,0.5,0,25,24,0,0,0,0,1.475,0.8525,0.0,0.09879866604453494,0.09879866604453494
soft_gate_050,xlsx:樣本2:Sheet5:2:1:8x10,8x10,0.5,0,25,3,0,1,1,1,9.35,0.0,0.0,0.09418182603999996,0.09418182603999996
centered_weighted_sum,xlsx:樣本2:Sheet5:2:1:8x10,8x10,0.5,0,25,4,0,0,1,1,8.1,0.0,0.0,0.10609144738477619,0.10609144738477619
baseline,xlsx:樣本2:Sheet5:2:1:8x10,8x10,0.5,0,26,23,0,0,0,0,9.5,0.0,0.0,0.10543658420696943,0.10543658420696943
hard_gate_050,xlsx:樣本2:Sheet5:2:1:8x10,8x10,0.5,0,26,24,0,0,0,0,3.425,0.6625615763546798,0.0,0.0930109652646137,0.0930109652646137
hard_gate_055,xlsx:樣本2:Sheet5:2:1:8x10,8x10,0.5,0,26,27,0,0,0,0,1.975,0.8054187192118226,0.0,0.10447360777494115,0.10447360777494115
hard_gate_060,xlsx:樣本2:Sheet5:2:1:8x10,8x10,0.5,0,26,27,0,0,0,0,1.575,0.8448275862068966,0.0,0.09752688941365611,0.09752688941365611
soft_gate_050,xlsx:樣本2:Sheet5:2:1:8x10,8x10,0.5,0,26,22,0,0,0,0,9.5,0.0,0.0,0.09253081796457913,0.09253081796457913
centered_weighted_sum,xlsx:樣本2:Sheet5:2:1:8x10,8x10,0.5,0,26,23,0,0,0,0,8.25,0.0,0.0,0.10543658420696943,0.10543658420696943
baseline,xlsx:樣本2:Sheet5:2:1:8x10,8x10,0.5,0,28,33,0,0,0,0,9.4,0.0,0.0,0.10844303057376646,0.10844303057376646
hard_gate_050,xlsx:樣本2:Sheet5:2:1:8x10,8x10,0.5,0,28,32,0,0,0,0,3.3,0.6716417910447762,0.0,0.09428946323544796,0.09428946323544796
hard_gate_055,xlsx:樣本2:Sheet5:2:1:8x10,8x10,0.5,0,28,38,0,0,0,0,1.85,0.8159203980099502,0.0,0.09709943422087829,0.09709943422087829
hard_gate_060,xlsx:樣本2:Sheet5:2:1:8x10,8x10,0.5,0,28,30,0,0,0,0,1.5,0.8507462686567164,0.0,0.09483907754274307,0.09483907754274307
soft_gate_050,xlsx:樣本2:Sheet5:2:1:8x10,8x10,0.5,0,28,32,0,0,0,0,9.4,0.0,0.0,0.09486646933531943,0.09486646933531943
centered_weighted_sum,xlsx:樣本2:Sheet5:2:1:8x10,8x10,0.5,0,28,33,0,0,0,0,8.15,0.0,0.0,0.10844303057376646,0.10844303057376646
baseline,xlsx:樣本2:Sheet5:2:1:8x10,8x10,0.5,0,29,14,0,0,0,0,9.375,0.0,0.0,0.10806097464630128,0.10806097464630128
hard_gate_050,xlsx:樣本2:Sheet5:2:1:8x10,8x10,0.5,0,29,9,0,0,0,1,3.25,0.6758104738154613,0.0,0.09407281797468259,0.09407281797468259
hard_gate_055,xlsx:樣本2:Sheet5:2:1:8x10,8x10,0.5,0,29,4,0,0,1,1,1.9,0.8104738154613467,0.0,0.10551812593005866,0.10551812593005866
hard_gate_060,xlsx:樣本2:Sheet5:2:1:8x10,8x10,0.5,0,29,6,0,0,0,1,1.55,0.8453865336658354,0.0,0.0964346155898775,0.0964346155898775
soft_gate_050,xlsx:樣本2:Sheet5:2:1:8x10,8x10,0.5,0,29,16,0,0,0,0,9.375,0.0,0.0,0.09561886065610546,0.09561886065610546
centered_weighted_sum,xlsx:樣本2:Sheet5:2:1:8x10,8x10,0.5,0,29,14,0,0,0,0,8.125,0.0,0.0,0.10806097464630127,0.10806097464630127
baseline,xlsx:樣本2:Sheet5:2:1:8x10,8x10,0.5,0,30,5,0,0,1,1,9.4,0.0,0.0,0.10837589710510365,0.10837589710510365
hard_gate_050,xlsx:樣本2:Sheet5:2:1:8x10,8x10,0.5,0,30,12,0,0,0,0,3.275,0.6741293532338308,0.0,0.08891709675656924,0.08891709675656924
hard_gate_055,xlsx:樣本2:Sheet5:2:1:8x10,8x10,0.5,0,30,1,1,1,1,1,1.875,0.8134328358208955,0.0,0.09707067763618604,0.09707067763618604
hard_gate_060,xlsx:樣本2:Sheet5:2:1:8x10,8x10,0.5,0,30,1,1,1,1,1,1.525,0.8482587064676617,0.0,0.08557970873772791,0.08557970873772791
soft_gate_050,xlsx:樣本2:Sheet5:2:1:8x10,8x10,0.5,0,30,5,0,0,1,1,9.4,0.0,0.0,0.10274568927775318,0.10274568927775318
centered_weighted_sum,xlsx:樣本2:Sheet5:2:1:8x10,8x10,0.5,0,30,5,0,0,1,1,8.15,0.0,0.0,0.10837589710510366,0.10837589710510366
baseline,xlsx:樣本2:Sheet5:2:1:8x10,8x10,0.5,0,31,18,0,0,0,0,9.425,0.0,0.0,0.10709911345900562,0.10709911345900562
hard_gate_050,xlsx:樣本2:Sheet5:2:1:8x10,8x10,0.5,0,31,18,0,0,0,0,3.275,0.674937965260546,0.0,0.09011564324509866,0.09011564324509866
hard_gate_055,xlsx:樣本2:Sheet5:2:1:8x10,8x10,0.5,0,31,21,0,0,0,0,1.9,0.8114143920595533,0.0,0.09707668811987556,0.09707668811987556
hard_gate_060,xlsx:樣本2:Sheet5:2:1:8x10,8x10,0.5,0,31,24,0,0,0,0,1.525,0.8486352357320099,0.0,0.08414953793774818,0.08414953793774818
soft_gate_050,xlsx:樣本2:Sheet5:2:1:8x10,8x10,0.5,0,31,19,0,0,0,0,9.425,0.0,0.0,0.09679949236204445,0.09679949236204445
centered_weighted_sum,xlsx:樣本2:Sheet5:2:1:8x10,8x10,0.5,0,31,18,0,0,0,0,8.175,0.0,0.0,0.10709911345900562,0.10709911345900562
baseline,xlsx:樣本2:Sheet5:2:1:8x10,8x10,0.5,0,33,10,0,0,0,1,9.375,0.0,0.0,0.10431521215172124,0.10431521215172124
hard_gate_050,xlsx:樣本2:Sheet5:2:1:8x10,8x10,0.5,0,33,16,0,0,0,0,3.175,0.683291770573566,0.0,0.0916227741401757,0.0916227741401757
hard_gate_055,xlsx:樣本2:Sheet5:2:1:8x10,8x10,0.5,0,33,13,0,0,0,0,1.85,0.8154613466334164,0.0,0.09902293588282002,0.09902293588282002
hard_gate_060,xlsx:樣本2:Sheet5:2:1:8x10,8x10,0.5,0,33,16,0,0,0,0,1.525,0.8478802992518704,0.0,0.09371512619837949,0.09371512619837949
soft_gate_050,xlsx:樣本2:Sheet5:2:1:8x10,8x10,0.5,0,33,13,0,0,0,0,9.375,0.0,0.0,0.09143999009797343,0.09143999009797343
centered_weighted_sum,xlsx:樣本2:Sheet5:2:1:8x10,8x10,0.5,0,33,10,0,0,0,1,8.125,0.0,0.0,0.10431521215172124,0.10431521215172124
baseline,xlsx:樣本2:Sheet5:2:1:8x10,8x10,0.5,0,34,39,0,0,0,0,9.425,0.0,0.0,0.10466220294605266,0.10466220294605266
hard_gate_050,xlsx:樣本2:Sheet5:2:1:8x10,8x10,0.5,0,34,24,0,0,0,0,3.2,0.6823821339950372,0.0,0.0928126819085363,0.0928126819085363
hard_gate_055,xlsx:樣本2:Sheet5:2:1:8x10,8x10,0.5,0,34,29,0,0,0,0,1.85,0.8163771712158809,0.0,0.10173758279306554,0.10173758279306554
hard_gate_060,xlsx:樣本2:Sheet5:2:1:8x10,8x10,0.5,0,34,31,0,0,0,0,1.575,0.8436724565756824,0.0,0.09674128944949827,0.09674128944949827
soft_gate_050,xlsx:樣本2:Sheet5:2:1:8x10,8x10,0.5,0,34,29,0,0,0,0,9.425,0.0,0.0,0.09111010513395423,0.09111010513395423
centered_weighted_sum,xlsx:樣本2:Sheet5:2:1:8x10,8x10,0.5,0,34,39,0,0,0,0,8.175,0.0,0.0,0.10466220294605266,0.10466220294605266
baseline,xlsx:樣本2:Sheet5:2:1:8x10,8x10,0.5,0,36,25,0,0,0,0,9.375,0.0,0.0,0.10550802821698567,0.10550802821698567
hard_gate_050,xlsx:樣本2:Sheet5:2:1:8x10,8x10,0.5,0,36,20,0,0,0,0,3.15,0.685785536159601,0.0,0.09127355685539436,0.09127355685539436
hard_gate_055,xlsx:樣本2:Sheet5:2:1:8x10,8x10,0.5,0,36,17,0,0,0,0,1.775,0.8229426433915212,0.0,0.10348871186373691,0.10348871186373691
hard_gate_060,xlsx:樣本2:Sheet5:2:1:8x10,8x10,0.5,0,36,18,0,0,0,0,1.525,0.8478802992518704,0.0,0.09660951782195631,0.09660951782195631
soft_gate_050,xlsx:樣本2:Sheet5:2:1:8x10,8x10,0.5,0,36,27,0,0,0,0,9.375,0.0,0.0,0.09118588758292182,0.09118588758292182
centered_weighted_sum,xlsx:樣本2:Sheet5:2:1:8x10,8x10,0.5,0,36,25,0,0,0,0,8.15,0.0,0.0,0.10550802821698568,0.10550802821698568
baseline,xlsx:樣本2:Sheet5:2:1:8x10,8x10,0.5,0,37,1,1,1,1,1,9.425,0.0,0.0,0.10628151838257101,0.10628151838257101
hard_gate_050,xlsx:樣本2:Sheet5:2:1:8x10,8x10,0.5,0,37,12,0,0,0,0,3.225,0.6799007444168734,0.0,0.09127520651299252,0.09127520651299252
hard_gate_055,xlsx:樣本2:Sheet5:2:1:8x10,8x10,0.5,0,37,9,0,0,0,1,1.775,0.8238213399503722,0.0,0.10016470484411925,0.10016470484411925
hard_gate_060,xlsx:樣本2:Sheet5:2:1:8x10,8x10,0.5,0,37,9,0,0,0,1,1.575,0.8436724565756824,0.0,0.09570711535166962,0.09570711535166962
soft_gate_050,xlsx:樣本2:Sheet5:2:1:8x10,8x10,0.5,0,37,11,0,0,0,0,9.425,0.0,0.0,0.09185210225960204,0.09185210225960204
centered_weighted_sum,xlsx:樣本2:Sheet5:2:1:8x10,8x10,0.5,0,37,1,1,1,1,1,8.175,0.0,0.0,0.10628151838257101,0.10628151838257101
baseline,xlsx:樣本2:Sheet5:2:1:8x10,8x10,0.5,0,38,6,0,0,0,1,9.35,0.0,0.0,0.10679855524880827,0.10679855524880827
hard_gate_050,xlsx:樣本2:Sheet5:2:1:8x10,8x10,0.5,0,38,4,0,0,1,1,3.125,0.6875,0.0,0.08993310012686223,0.08993310012686223
hard_gate_055,xlsx:樣本2:Sheet5:2:1:8x10,8x10,0.5,0,38,15,0,0,0,0,1.7,0.83,0.0,0.09848128985538372,0.09848128985538372
hard_gate_060,xlsx:樣本2:Sheet5:2:1:8x10,8x10,0.5,0,38,17,0,0,0,0,1.45,0.855,0.0,0.09201479310042841,0.09201479310042841
soft_gate_050,xlsx:樣本2:Sheet5:2:1:8x10,8x10,0.5,0,38,6,0,0,0,1,9.35,0.0,0.0,0.09081959491681668,0.09081959491681668
centered_weighted_sum,xlsx:樣本2:Sheet5:2:1:8x10,8x10,0.5,0,38,6,0,0,0,1,8.1,0.0,0.0,0.10679855524880827,0.10679855524880827
baseline,xlsx:樣本2:Sheet5:2:1:8x10,8x10,0.5,0,39,24,0,0,0,0,9.375,0.0,0.0,0.10803878574068271,0.10803878574068271
hard_gate_050,xlsx:樣本2:Sheet5:2:1:8x10,8x10,0.5,0,39,25,0,0,0,0,3.125,0.6882793017456359,0.0,0.09094571449348031,0.09094571449348031
hard_gate_055,xlsx:樣本2:Sheet5:2:1:8x10,8x10,0.5,0,39,25,0,0,0,0,1.7,0.830423940149626,0.0,0.09786846634013159,0.09786846634013159
hard_gate_060,xlsx:樣本2:Sheet5:2:1:8x10,8x10,0.5,0,39,17,0,0,0,0,1.4,0.8603491271820449,0.0,0.09834298497230698,0.09834298497230698
soft_gate_050,xlsx:樣本2:Sheet5:2:1:8x10,8x10,0.5,0,39,23,0,0,0,0,9.375,0.0,0.0,0.08957740291419677,0.08957740291419677
centered_weighted_sum,xlsx:樣本2:Sheet5:2:1:8x10,8x10,0.5,0,39,24,0,0,0,0,8.1,0.0,0.0,0.10803878574068271,0.10803878574068271
baseline,xlsx:樣本2:Sheet5:2:1:8x10,8x10,0.5,0,42,12,0,0,0,0,9.4,0.0,0.0,0.10838697429357126,0.10838697429357126
hard_gate_050,xlsx:樣本2:Sheet5:2:1:8x10,8x10,0.5,0,42,11,0,0,0,0,3.15,0.6865671641791045,0.0,0.08870923807787524,0.08870923807787524
hard_gate_055,xlsx:樣本2:Sheet5:2:1:8x10,8x10,0.5,0,42,11,0,0,0,0,1.675,0.8333333333333334,0.0,0.09431366239931853,0.09431366239931853
hard_gate_060,xlsx:樣本2:Sheet5:2:1:8x10,8x10,0.5,0,42,14,0,0,0,0,1.3,0.8706467661691543,0.025,0.09343777979228429,0.09343777979228429
soft_gate_050,xlsx:樣本2:Sheet5:2:1:8x10,8x10,0.5,0,42,13,0,0,0,0,9.4,0.0,0.0,0.10486610205776856,0.10486610205776856
centered_weighted_sum,xlsx:樣本2:Sheet5:2:1:8x10,8x10,0.5,0,42,12,0,0,0,0,8.15,0.0,0.0,0.10838697429357125,0.10838697429357125
baseline,xlsx:樣本2:Sheet5:2:1:8x10,8x10,0.5,0,43,28,0,0,0,0,9.4,0.0,0.0,0.10952187616057629,0.10952187616057629
hard_gate_050,xlsx:樣本2:Sheet5:2:1:8x10,8x10,0.5,0,43,39,0,0,0,0,3.15,0.6865671641791045,0.0,0.08898135562412696,0.08898135562412696
hard_gate_055,xlsx:樣本2:Sheet5:2:1:8x10,8x10,0.5,0,43,32,0,0,0,0,1.675,0.8333333333333334,0.0,0.09989002682493736,0.09989002682493736
hard_gate_060,xlsx:樣本2:Sheet5:2:1:8x10,8x10,0.5,0,43,37,0,0,0,0,1.325,0.8681592039800995,0.0,0.09247019613129674,0.09247019613129674
soft_gate_050,xlsx:樣本2:Sheet5:2:1:8x10,8x10,0.5,0,43,30,0,0,0,0,9.4,0.0,0.0,0.1040507729373153,0.1040507729373153
centered_weighted_sum,xlsx:樣本2:Sheet5:2:1:8x10,8x10,0.5,0,43,28,0,0,0,0,8.15,0.0,0.0,0.10952187616057628,0.10952187616057628
baseline,xlsx:樣本2:Sheet5:2:1:8x10,8x10,0.5,0,54,4,0,0,1,1,9.4,0.0,0.0,0.10072732418179837,0.10072732418179837
hard_gate_050,xlsx:樣本2:Sheet5:2:1:8x10,8x10,0.5,0,54,15,0,0,0,0,3.225,0.6814814814814815,0.0,0.07911519681713176,0.07911519681713176
hard_gate_055,xlsx:樣本2:Sheet5:2:1:8x10,8x10,0.5,0,54,5,0,0,1,1,1.9,0.8123456790123457,0.0,0.09029772442392958,0.09029772442392958
hard_gate_060,xlsx:樣本2:Sheet5:2:1:8x10,8x10,0.5,0,54,5,0,0,1,1,1.475,0.854320987654321,0.025,0.08359276693703356,0.08359276693703356
soft_gate_050,xlsx:樣本2:Sheet5:2:1:8x10,8x10,0.5,0,54,2,0,1,1,1,9.4,0.0,0.0,0.10084774116336838,0.10084774116336838
centered_weighted_sum,xlsx:樣本2:Sheet5:2:1:8x10,8x10,0.5,0,54,4,0,0,1,1,8.225,0.0,0.0,0.10072732418179837,0.10072732418179837
baseline,xlsx:樣本2:Sheet5:2:1:8x10,8x10,0.5,0,55,19,0,0,0,0,9.35,0.0,0.0,0.10066118532668318,0.10066118532668318
hard_gate_050,xlsx:樣本2:Sheet5:2:1:8x10,8x10,0.5,0,55,22,0,0,0,0,3.175,0.684863523573201,0.0,0.07871162424609125,0.07871162424609125
hard_gate_055,xlsx:樣本2:Sheet5:2:1:8x10,8x10,0.5,0,55,17,0,0,0,0,1.875,0.8138957816377171,0.0,0.08810671110374861,0.08810671110374861
hard_gate_060,xlsx:樣本2:Sheet5:2:1:8x10,8x10,0.5,0,55,18,0,0,0,0,1.525,0.8486352357320099,0.0,0.08541058108733945,0.08541058108733945
soft_gate_050,xlsx:樣本2:Sheet5:2:1:8x10,8x10,0.5,0,55,25,0,0,0,0,9.35,0.0,0.0,0.10057015174240594,0.10057015174240594
centered_weighted_sum,xlsx:樣本2:Sheet5:2:1:8x10,8x10,0.5,0,55,19,0,0,0,0,8.175,0.0,0.0,0.10066118532668318,0.10066118532668318
baseline,xlsx:樣本2:Sheet5:2:1:8x10,8x10,0.5,0,56,28,0,0,0,0,9.35,0.0,0.0,0.09979268014024051,0.09979268014024051
hard_gate_050,xlsx:樣本2:Sheet5:2:1:8x10,8x10,0.5,0,56,23,0,0,0,0,3.2,0.6823821339950372,0.0,0.07747072702071879,0.07747072702071879
hard_gate_055,xlsx:樣本2:Sheet5:2:1:8x10,8x10,0.5,0,56,25,0,0,0,0,1.875,0.8138957816377171,0.0,0.08214694075053877,0.08214694075053877
hard_gate_060,xlsx:樣本2:Sheet5:2:1:8x10,8x10,0.5,0,56,27,0,0,0,0,1.55,0.8461538461538461,0.0,0.07975890922563988,0.07975890922563988
soft_gate_050,xlsx:樣本2:Sheet5:2:1:8x10,8x10,0.5,0,56,22,0,0,0,0,9.35,0.0,0.0,0.10053514447226844,0.10053514447226844
centered_weighted_sum,xlsx:樣本2:Sheet5:2:1:8x10,8x10,0.5,0,56,28,0,0,0,0,8.2,0.0,0.0,0.09979268014024051,0.09979268014024051
baseline,xlsx:樣本2:Sheet5:2:1:8x10,8x10,0.5,0,57,7,0,0,0,1,9.425,0.0,0.0,0.10067188067847942,0.10067188067847942
hard_gate_050,xlsx:樣本2:Sheet5:2:1:8x10,8x10,0.5,0,57,4,0,0,1,1,3.25,0.6798029556650246,0.0,0.07964471145962629,0.07964471145962629
hard_gate_055,xlsx:樣本2:Sheet5:2:1:8x10,8x10,0.5,0,57,2,0,1,1,1,1.9,0.812807881773399,0.0,0.08781915427592307,0.08781915427592307
hard_gate_060,xlsx:樣本2:Sheet5:2:1:8x10,8x10,0.5,0,57,2,0,1,1,1,1.65,0.8374384236453202,0.0,0.0835052653773967,0.0835052653773967
soft_gate_050,xlsx:樣本2:Sheet5:2:1:8x10,8x10,0.5,0,57,12,0,0,0,0,9.425,0.0,0.0,0.10197800307659102,0.10197800307659102
centered_weighted_sum,xlsx:樣本2:Sheet5:2:1:8x10,8x10,0.5,0,57,7,0,0,0,1,8.25,0.0,0.0,0.1006718806784794,0.1006718806784794
baseline,xlsx:樣本2:Sheet5:2:1:8x10,8x10,0.5,0,61,18,0,0,0,0,9.3,0.0,0.0,0.10147089519285894,0.10147089519285894
hard_gate_050,xlsx:樣本2:Sheet5:2:1:8x10,8x10,0.5,0,61,17,0,0,0,0,3.15,0.685785536159601,0.0,0.07795276981763866,0.07795276981763866
hard_gate_055,xlsx:樣本2:Sheet5:2:1:8x10,8x10,0.5,0,61,17,0,0,0,0,1.75,0.8254364089775561,0.0,0.07798479203588375,0.07798479203588375
hard_gate_060,xlsx:樣本2:Sheet5:2:1:8x10,8x10,0.5,0,61,6,0,0,0,1,1.5,0.8503740648379052,0.0,0.08116617790507563,0.08116617790507563
soft_gate_050,xlsx:樣本2:Sheet5:2:1:8x10,8x10,0.5,0,61,19,0,0,0,0,9.3,0.0,0.0,0.09896368546748226,0.09896368546748226
centered_weighted_sum,xlsx:樣本2:Sheet5:2:1:8x10,8x10,0.5,0,61,18,0,0,0,0,8.05,0.0,0.0,0.10147089519285894,0.10147089519285894
baseline,xlsx:樣本2:Sheet5:2:1:8x10,8x10,0.5,0,62,22,0,0,0,0,9.275,0.0,0.0,0.10585845018291912,0.10585845018291912
hard_gate_050,xlsx:樣本2:Sheet5:2:1:8x10,8x10,0.5,0,62,18,0,0,0,0,3.125,0.6875,0.0,0.07825556770526204,0.07825556770526204
hard_gate_055,xlsx:樣本2:Sheet5:2:1:8x10,8x10,0.5,0,62,24,0,0,0,0,1.75,0.825,0.0,0.08081453936877292,0.08081453936877292
hard_gate_060,xlsx:樣本2:Sheet5:2:1:8x10,8x10,0.5,0,62,22,0,0,0,0,1.425,0.8575,0.025,0.078956535121904,0.078956535121904
soft_gate_050,xlsx:樣本2:Sheet5:2:1:8x10,8x10,0.5,0,62,19,0,0,0,0,9.275,0.0,0.0,0.09939334209650283,0.09939334209650283
centered_weighted_sum,xlsx:樣本2:Sheet5:2:1:8x10,8x10,0.5,0,62,22,0,0,0,0,8.075,0.0,0.0,0.1058584501829191,0.1058584501829191
baseline,xlsx:樣本2:Sheet5:2:1:8x10,8x10,0.5,0,64,11,0,0,0,0,9.3,0.0,0.0,0.09797905002028623,0.09797905002028623
hard_gate_050,xlsx:樣本2:Sheet5:2:1:8x10,8x10,0.5,0,64,16,0,0,0,0,3.1,0.6915422885572139,0.0,0.08153210442959485,0.08153210442959485
hard_gate_055,xlsx:樣本2:Sheet5:2:1:8x10,8x10,0.5,0,64,12,0,0,0,0,1.75,0.8258706467661692,0.0,0.09735164809737115,0.09735164809737115
hard_gate_060,xlsx:樣本2:Sheet5:2:1:8x10,8x10,0.5,0,64,14,0,0,0,0,1.4,0.8606965174129353,0.0,0.08930766208885269,0.08930766208885269
soft_gate_050,xlsx:樣本2:Sheet5:2:1:8x10,8x10,0.5,0,64,6,0,0,0,1,9.3,0.0,0.0,0.09430159774655611,0.09430159774655611
centered_weighted_sum,xlsx:樣本2:Sheet5:2:1:8x10,8x10,0.5,0,64,11,0,0,0,0,8.15,0.0,0.0,0.09797905002028623,0.09797905002028623
baseline,xlsx:樣本2:Sheet5:2:1:8x10,8x10,0.5,0,65,21,0,0,0,0,9.3,0.0,0.0,0.09820907314022073,0.09820907314022073
hard_gate_050,xlsx:樣本2:Sheet5:2:1:8x10,8x10,0.5,0,65,26,0,0,0,0,3.125,0.6890547263681592,0.0,0.081698619015739,0.081698619015739
hard_gate_055,xlsx:樣本2:Sheet5:2:1:8x10,8x10,0.5,0,65,23,0,0,0,0,1.7,0.8308457711442786,0.0,0.09083148883893342,0.09083148883893342
hard_gate_060,xlsx:樣本2:Sheet5:2:1:8x10,8x10,0.5,0,65,25,0,0,0,0,1.35,0.8656716417910447,0.0,0.08565505050332974,0.08565505050332974
soft_gate_050,xlsx:樣本2:Sheet5:2:1:8x10,8x10,0.5,0,65,27,0,0,0,0,9.3,0.0,0.0,0.09431527427722278,0.09431527427722278
centered_weighted_sum,xlsx:樣本2:Sheet5:2:1:8x10,8x10,0.5,0,65,21,0,0,0,0,8.15,0.0,0.0,0.09820907314022073,0.09820907314022073
baseline,xlsx:樣本2:Sheet5:2:1:8x10,8x10,0.5,0,68,29,0,0,0,0,9.3,0.0,0.0,0.10291442607223512,0.10291442607223512
hard_gate_050,xlsx:樣本2:Sheet5:2:1:8x10,8x10,0.5,0,68,30,0,0,0,0,3.125,0.6890547263681592,0.0,0.08546933131082897,0.08546933131082897
hard_gate_055,xlsx:樣本2:Sheet5:2:1:8x10,8x10,0.5,0,68,34,0,0,0,0,1.6,0.8407960199004975,0.0,0.09364642489200622,0.09364642489200622
hard_gate_060,xlsx:樣本2:Sheet5:2:1:8x10,8x10,0.5,0,68,36,0,0,0,0,1.325,0.8681592039800995,0.0,0.08722591980511413,0.08722591980511413
soft_gate_050,xlsx:樣本2:Sheet5:2:1:8x10,8x10,0.5,0,68,35,0,0,0,0,9.3,0.0,0.0,0.10202996197574069,0.10202996197574069
centered_weighted_sum,xlsx:樣本2:Sheet5:2:1:8x10,8x10,0.5,0,68,29,0,0,0,0,8.1,0.0,0.0,0.10291442607223514,0.10291442607223514
baseline,xlsx:樣本2:Sheet5:2:1:8x10,8x10,0.5,0,71,26,0,0,0,0,9.25,0.0,0.0,0.09399205541998491,0.09399205541998491
hard_gate_050,xlsx:樣本2:Sheet5:2:1:8x10,8x10,0.5,0,71,40,0,0,0,0,2.95,0.7057356608478803,0.0,0.07858247824043574,0.07858247824043574
hard_gate_055,xlsx:樣本2:Sheet5:2:1:8x10,8x10,0.5,0,71,39,0,0,0,0,1.55,0.8453865336658354,0.0,0.08206490225433787,0.08206490225433787
hard_gate_060,xlsx:樣本2:Sheet5:2:1:8x10,8x10,0.5,0,71,40,0,0,0,0,1.325,0.8678304239401496,0.0,0.07751713991757336,0.07751713991757336
soft_gate_050,xlsx:樣本2:Sheet5:2:1:8x10,8x10,0.5,0,71,29,0,0,0,0,9.25,0.0,0.0,0.08489557746113169,0.08489557746113169
centered_weighted_sum,xlsx:樣本2:Sheet5:2:1:8x10,8x10,0.5,0,71,26,0,0,0,0,8.125,0.0,0.0,0.09399205541998491,0.09399205541998491
baseline,xlsx:樣本2:Sheet5:2:1:8x10,8x10,0.5,0,73,11,0,0,0,0,9.225,0.0,0.0,0.09564758416429546,0.09564758416429546
hard_gate_050,xlsx:樣本2:Sheet5:2:1:8x10,8x10,0.5,0,73,2,0,1,1,1,2.85,0.715,0.0,0.07888064022463336,0.07888064022463336
hard_gate_055,xlsx:樣本2:Sheet5:2:1:8x10,8x10,0.5,0,73,2,0,1,1,1,1.525,0.8475,0.0,0.08364673560453029,0.08364673560453029
hard_gate_060,xlsx:樣本2:Sheet5:2:1:8x10,8x10,0.5,0,73,2,0,1,1,1,1.35,0.865,0.0,0.07947680381246265,0.07947680381246265
soft_gate_050,xlsx:樣本2:Sheet5:2:1:8x10,8x10,0.5,0,73,11,0,0,0,0,9.225,0.0,0.0,0.08318603342974136,0.08318603342974136
centered_weighted_sum,xlsx:樣本2:Sheet5:2:1:8x10,8x10,0.5,0,73,11,0,0,0,0,8.075,0.0,0.0,0.09564758416429546,0.09564758416429546
baseline,xlsx:樣本2:Sheet5:2:1:8x10,8x10,0.5,0,75,22,0,0,0,0,9.2,0.0,0.0,0.09601087134723475,0.09601087134723475
hard_gate_050,xlsx:樣本2:Sheet5:2:1:8x10,8x10,0.5,0,75,22,0,0,0,0,2.8,0.72,0.0,0.07797412999848212,0.07797412999848212
hard_gate_055,xlsx:樣本2:Sheet5:2:1:8x10,8x10,0.5,0,75,31,0,0,0,0,1.525,0.8475,0.0,0.08375898630388737,0.08375898630388737
hard_gate_060,xlsx:樣本2:Sheet5:2:1:8x10,8x10,0.5,0,75,17,0,0,0,0,1.325,0.8675,0.0,0.07941482583944934,0.07941482583944934
soft_gate_050,xlsx:樣本2:Sheet5:2:1:8x10,8x10,0.5,0,75,21,0,0,0,0,9.2,0.0,0.0,0.08249440495793497,0.08249440495793497
centered_weighted_sum,xlsx:樣本2:Sheet5:2:1:8x10,8x10,0.5,0,75,22,0,0,0,0,8.1,0.0,0.0,0.09601087134723475,0.09601087134723475
baseline,xlsx:樣本2:Sheet5:2:1:8x10,8x10,0.5,0,77,40,0,0,0,0,9.325,0.0,0.0,0.09585594269539134,0.09585594269539134
hard_gate_050,xlsx:樣本2:Sheet5:2:1:8x10,8x10,0.5,0,77,32,0,0,0,0,2.925,0.7111111111111111,0.0,0.07757675347242783,0.07757675347242783
hard_gate_055,xlsx:樣本2:Sheet5:2:1:8x10,8x10,0.5,0,77,33,0,0,0,0,1.65,0.837037037037037,0.0,0.08271989248958768,0.08271989248958768
hard_gate_060,xlsx:樣本2:Sheet5:2:1:8x10,8x10,0.5,0,77,34,0,0,0,0,1.425,0.8592592592592593,0.0,0.07842537594443204,0.07842537594443204
soft_gate_050,xlsx:樣本2:Sheet5:2:1:8x10,8x10,0.5,0,77,40,0,0,0,0,9.325,0.0,0.0,0.08427378146468387,0.08427378146468387
centered_weighted_sum,xlsx:樣本2:Sheet5:2:1:8x10,8x10,0.5,0,77,40,0,0,0,0,8.225,0.0,0.0,0.09585594269539134,0.09585594269539134
baseline,xlsx:樣本2:Sheet5:2:1:8x10,8x10,0.5,0,79,31,0,0,0,0,9.225,0.0,0.0,0.0993225078844544,0.0993225078844544
hard_gate_050,xlsx:樣本2:Sheet5:2:1:8x10,8x10,0.5,0,79,40,0,0,0,0,2.825,0.7175,0.0,0.07930155247689892,0.07930155247689892
hard_gate_055,xlsx:樣本2:Sheet5:2:1:8x10,8x10,0.5,0,79,38,0,0,0,0,1.5,0.85,0.0,0.07728415440374109,0.07728415440374109
hard_gate_060,xlsx:樣本2:Sheet5:2:1:8x10,8x10,0.5,0,79,38,0,0,0,0,1.3,0.87,0.0,0.07938053205841133,0.07938053205841133
soft_gate_050,xlsx:樣本2:Sheet5:2:1:8x10,8x10,0.5,0,79,29,0,0,0,0,9.225,0.0,0.0,0.09036538218024427,0.09036538218024427
centered_weighted_sum,xlsx:樣本2:Sheet5:2:1:8x10,8x10,0.5,0,79,31,0,0,0,0,8.1,0.0,0.0,0.0993225078844544,0.0993225078844544
baseline,xlsx:樣本2:Sheet36:2:1:8x10,8x10,0.3,0,2,24,0,0,0,0,9.291666666666666,0.0,0.0,0.09258568095416009,0.09258568095416009
hard_gate_050,xlsx:樣本2:Sheet36:2:1:8x10,8x10,0.3,0,2,19,0,0,0,0,4.041666666666667,0.6024590163934426,0.0,0.07574830677515994,0.07574830677515994
hard_gate_055,xlsx:樣本2:Sheet36:2:1:8x10,8x10,0.3,0,2,18,0,0,0,0,1.9166666666666667,0.8114754098360656,0.041666666666666664,0.08797690921605877,0.08797690921605877
hard_gate_060,xlsx:樣本2:Sheet36:2:1:8x10,8x10,0.3,0,2,20,0,0,0,0,1.5833333333333333,0.8442622950819673,0.08333333333333333,0.09473783993029689,0.09473783993029689
soft_gate_050,xlsx:樣本2:Sheet36:2:1:8x10,8x10,0.3,0,2,18,0,0,0,0,9.291666666666666,0.0,0.0,0.07557243675026064,0.07557243675026064
centered_weighted_sum,xlsx:樣本2:Sheet36:2:1:8x10,8x10,0.3,0,2,24,0,0,0,0,9.291666666666666,0.0,0.0,0.09258568095416009,0.09258568095416009
baseline,xlsx:樣本2:Sheet36:2:1:8x10,8x10,0.3,0,4,15,0,0,0,0,9.208333333333334,0.0,0.0,0.10318935167968017,0.10318935167968017
hard_gate_050,xlsx:樣本2:Sheet36:2:1:8x10,8x10,0.3,0,4,17,0,0,0,0,4.0,0.6016597510373444,0.0,0.07383607399118715,0.07383607399118715
hard_gate_055,xlsx:樣本2:Sheet36:2:1:8x10,8x10,0.3,0,4,17,0,0,0,0,1.7916666666666667,0.8215767634854771,0.041666666666666664,0.0731829743937936,0.0731829743937936
hard_gate_060,xlsx:樣本2:Sheet36:2:1:8x10,8x10,0.3,0,4,9,0,0,0,1,1.5416666666666667,0.8464730290456431,0.08333333333333333,0.07439511797529379,0.07439511797529379
soft_gate_050,xlsx:樣本2:Sheet36:2:1:8x10,8x10,0.3,0,4,15,0,0,0,0,9.208333333333334,0.0,0.0,0.07888922406274027,0.07888922406274027
centered_weighted_sum,xlsx:樣本2:Sheet36:2:1:8x10,8x10,0.3,0,4,15,0,0,0,0,9.208333333333334,0.0,0.0,0.10318935167968017,0.10318935167968017
baseline,xlsx:樣本2:Sheet36:2:1:8x10,8x10,0.3,0,13,13,0,0,0,0,9.333333333333334,0.0,0.0,0.1056367475162028,0.1056367475162028
hard_gate_050,xlsx:樣本2:Sheet36:2:1:8x10,8x10,0.3,0,13,11,0,0,0,0,4.125,0.5925925925925926,0.0,0.09101073017617775,0.09101073017617775
hard_gate_055,xlsx:樣本2:Sheet36:2:1:8x10,8x10,0.3,0,13,4,0,0,1,1,2.0,0.8024691358024691,0.041666666666666664,0.07869461964371559,0.07869461964371559
hard_gate_060,xlsx:樣本2:Sheet36:2:1:8x10,8x10,0.3,0,13,7,0,0,0,1,1.7083333333333333,0.831275720164609,0.041666666666666664,0.08272136850048951,0.08272136850048951
soft_gate_050,xlsx:樣本2:Sheet36:2:1:8x10,8x10,0.3,0,13,13,0,0,0,0,9.333333333333334,0.0,0.0,0.0936226143823678,0.0936226143823678
centered_weighted_sum,xlsx:樣本2:Sheet36:2:1:8x10,8x10,0.3,0,13,13,0,0,0,0,9.25,0.0,0.0,0.1056367475162028,0.1056367475162028
baseline,xlsx:樣本2:Sheet36:2:1:8x10,8x10,0.3,0,14,18,0,0,0,0,9.291666666666666,0.0,0.0,0.10749485060856451,0.10749485060856451
hard_gate_050,xlsx:樣本2:Sheet36:2:1:8x10,8x10,0.3,0,14,23,0,0,0,0,4.125,0.5909090909090909,0.0,0.09137103819612734,0.09137103819612734
hard_gate_055,xlsx:樣本2:Sheet36:2:1:8x10,8x10,0.3,0,14,24,0,0,0,0,2.0,0.8016528925619835,0.041666666666666664,0.089966279278082,0.089966279278082
hard_gate_060,xlsx:樣本2:Sheet36:2:1:8x10,8x10,0.3,0,14,17,0,0,0,0,1.6666666666666667,0.8347107438016529,0.041666666666666664,0.08043871327847955,0.08043871327847955
soft_gate_050,xlsx:樣本2:Sheet36:2:1:8x10,8x10,0.3,0,14,17,0,0,0,0,9.291666666666666,0.0,0.0,0.0941887667949482,0.0941887667949482
centered_weighted_sum,xlsx:樣本2:Sheet36:2:1:8x10,8x10,0.3,0,14,18,0,0,0,0,9.25,0.0,0.0,0.10749485060856451,0.10749485060856451
baseline,xlsx:樣本2:Sheet36:2:1:8x10,8x10,0.3,0,15,7,0,0,0,1,9.208333333333334,0.0,0.0,0.10946158110861916,0.10946158110861916
hard_gate_050,xlsx:樣本2:Sheet36:2:1:8x10,8x10,0.3,0,15,4,0,0,1,1,4.125,0.5875,0.0,0.09195595423036751,0.09195595423036751
hard_gate_055,xlsx:樣本2:Sheet36:2:1:8x10,8x10,0.3,0,15,9,0,0,0,1,1.9166666666666667,0.8083333333333333,0.041666666666666664,0.08986607662241068,0.08986607662241068
hard_gate_060,xlsx:樣本2:Sheet36:2:1:8x10,8x10,0.3,0,15,12,0,0,0,0,1.625,0.8375,0.041666666666666664,0.08080263516208154,0.08080263516208154
soft_gate_050,xlsx:樣本2:Sheet36:2:1:8x10,8x10,0.3,0,15,3,0,1,1,1,9.208333333333334,0.0,0.0,0.09479413899307287,0.09479413899307287
centered_weighted_sum,xlsx:樣本2:Sheet36:2:1:8x10,8x10,0.3,0,15,7,0,0,0,1,9.25,0.0,0.0,0.10946158110861916,0.10946158110861916
baseline,xlsx:樣本2:Sheet36:2:1:8x10,8x10,0.3,0,16,14,0,0,0,0,9.208333333333334,0.0,0.0,0.10854534008994088,0.10854534008994088
hard_gate_050,xlsx:樣本2:Sheet36:2:1:8x10,8x10,0.3,0,16,15,0,0,0,0,4.208333333333333,0.5791666666666667,0.0,0.09500682651517874,0.09500682651517874
hard_gate_055,xlsx:樣本2:Sheet36:2:1:8x10,8x10,0.3,0,16,20,0,0,0,0,1.9166666666666667,0.8083333333333333,0.041666666666666664,0.08987584585157178,0.08987584585157178
hard_gate_060,xlsx:樣本2:Sheet36:2:1:8x10,8x10,0.3,0,16,14,0,0,0,0,1.625,0.8375,0.041666666666666664,0.08139589260645533,0.08139589260645533
soft_gate_050,xlsx:樣本2:Sheet36:2:1:8x10,8x10,0.3,0,16,15,0,0,0,0,9.208333333333334,0.0,0.0,0.09215574440791652,0.09215574440791652
centered_weighted_sum,xlsx:樣本2:Sheet36:2:1:8x10,8x10,0.3,0,16,14,0,0,0,0,9.25,0.0,0.0,0.10854534008994088,0.10854534008994088
baseline,xlsx:樣本2:Sheet36:2:1:8x10,8x10,0.3,0,19,23,0,0,0,0,9.291666666666666,0.0,0.0,0.11316327811809498,0.11316327811809498
hard_gate_050,xlsx:樣本2:Sheet36:2:1:8x10,8x10,0.3,0,19,20,0,0,0,0,4.333333333333333,0.5684647302904564,0.0,0.09669333328749595,0.09669333328749595
hard_gate_055,xlsx:樣本2:Sheet36:2:1:8x10,8x10,0.3,0,19,19,0,0,0,0,2.0,0.8008298755186722,0.041666666666666664,0.09159663797065663,0.09159663797065663
hard_gate_060,xlsx:樣本2:Sheet36:2:1:8x10,8x10,0.3,0,19,21,0,0,0,0,1.75,0.8257261410788381,0.041666666666666664,0.08552606939343937,0.08552606939343937
soft_gate_050,xlsx:樣本2:Sheet36:2:1:8x10,8x10,0.3,0,19,24,0,0,0,0,9.291666666666666,0.0,0.0,0.09695035309513013,0.09695035309513013
centered_weighted_sum,xlsx:樣本2:Sheet36:2:1:8x10,8x10,0.3,0,19,23,0,0,0,0,9.25,0.0,0.0,0.11316327811809498,0.11316327811809498
baseline,xlsx:樣本2:Sheet36:2:1:8x10,8x10,0.3,0,22,8,0,0,0,1,9.333333333333334,0.0,0.0,0.1062072550020258,0.1062072550020258
hard_gate_050,xlsx:樣本2:Sheet36:2:1:8x10,8x10,0.3,0,22,5,0,0,1,1,4.416666666666667,0.5619834710743802,0.0,0.0876845821950346,0.0876845821950346
hard_gate_055,xlsx:樣本2:Sheet36:2:1:8x10,8x10,0.3,0,22,2,0,1,1,1,2.2083333333333335,0.78099173553719,0.041666666666666664,0.08643206184368352,0.08643206184368352
hard_gate_060,xlsx:樣本2:Sheet36:2:1:8x10,8x10,0.3,0,22,3,0,1,1,1,1.8333333333333333,0.8181818181818182,0.041666666666666664,0.07728903424072066,0.07728903424072066
soft_gate_050,xlsx:樣本2:Sheet36:2:1:8x10,8x10,0.3,0,22,9,0,0,0,1,9.333333333333334,0.0,0.0,0.08536638681632501,0.08536638681632501
centered_weighted_sum,xlsx:樣本2:Sheet36:2:1:8x10,8x10,0.3,0,22,8,0,0,0,1,9.25,0.0,0.0,0.1062072550020258,0.1062072550020258
baseline,xlsx:樣本2:Sheet36:2:1:8x10,8x10,0.3,0,23,5,0,0,1,1,9.458333333333334,0.0,0.0,0.10416472143899931,0.10416472143899931
hard_gate_050,xlsx:樣本2:Sheet36:2:1:8x10,8x10,0.3,0,23,1,1,1,1,1,4.416666666666667,0.5673469387755102,0.0,0.0861642513218171,0.0861642513218171
hard_gate_055,xlsx:樣本2:Sheet36:2:1:8x10,8x10,0.3,0,23,3,0,1,1,1,2.2916666666666665,0.7755102040816326,0.041666666666666664,0.08157522810838101,0.08157522810838101
hard_gate_060,xlsx:樣本2:Sheet36:2:1:8x10,8x10,0.3,0,23,1,1,1,1,1,1.875,0.8163265306122449,0.041666666666666664,0.09139140169790276,0.09139140169790276
soft_gate_050,xlsx:樣本2:Sheet36:2:1:8x10,8x10,0.3,0,23,2,0,1,1,1,9.458333333333334,0.0,0.0,0.08224968684277678,0.08224968684277678
centered_weighted_sum,xlsx:樣本2:Sheet36:2:1:8x10,8x10,0.3,0,23,5,0,0,1,1,9.25,0.0,0.0,0.10416472143899931,0.10416472143899931
baseline,xlsx:樣本2:Sheet36:2:1:8x10,8x10,0.3,0,25,17,0,0,0,0,9.333333333333334,0.0,0.0,0.1030572245531363,0.1030572245531363
hard_gate_050,xlsx:樣本2:Sheet36:2:1:8x10,8x10,0.3,0,25,17,0,0,0,0,4.5,0.5518672199170125,0.0,0.09191063033559004,0.09191063033559004
hard_gate_055,xlsx:樣本2:Sheet36:2:1:8x10,8x10,0.3,0,25,17,0,0,0,0,2.125,0.7883817427385892,0.041666666666666664,0.08825289332726426,0.08825289332726426
hard_gate_060,xlsx:樣本2:Sheet36:2:1:8x10,8x10,0.3,0,25,18,0,0,0,0,1.7916666666666667,0.8215767634854771,0.041666666666666664,0.09619789410902838,0.09619789410902838
soft_gate_050,xlsx:樣本2:Sheet36:2:1:8x10,8x10,0.3,0,25,16,0,0,0,0,9.333333333333334,0.0,0.0,0.08944223887671432,0.08944223887671432
centered_weighted_sum,xlsx:樣本2:Sheet36:2:1:8x10,8x10,0.3,0,25,17,0,0,0,0,9.25,0.0,0.0,0.10305722455313629,0.10305722455313629
baseline,xlsx:樣本2:Sheet36:2:1:8x10,8x10,0.3,0,27,5,0,0,1,1,9.333333333333334,0.0,0.0,0.10248298586121987,0.10248298586121987
hard_gate_050,xlsx:樣本2:Sheet36:2:1:8x10,8x10,0.3,0,27,3,0,1,1,1,4.5,0.5518672199170125,0.0,0.08803213204254516,0.08803213204254516
hard_gate_055,xlsx:樣本2:Sheet36:2:1:8x10,8x10,0.3,0,27,2,0,1,1,1,2.125,0.7883817427385892,0.0,0.09442949114095826,0.09442949114095826
hard_gate_060,xlsx:樣本2:Sheet36:2:1:8x10,8x10,0.3,0,27,2,0,1,1,1,1.7916666666666667,0.8215767634854771,0.041666666666666664,0.08775985503945978,0.08775985503945978
soft_gate_050,xlsx:樣本2:Sheet36:2:1:8x10,8x10,0.3,0,27,6,0,0,0,1,9.333333333333334,0.0,0.0,0.08164739192247583,0.08164739192247583
centered_weighted_sum,xlsx:樣本2:Sheet36:2:1:8x10,8x10,0.3,0,27,5,0,0,1,1,9.25,0.0,0.0,0.10248298586121986,0.10248298586121986
baseline,xlsx:樣本2:Sheet36:2:1:8x10,8x10,0.3,0,28,1,1,1,1,1,9.458333333333334,0.0,0.0,0.1033368427533987,0.1033368427533987
hard_gate_050,xlsx:樣本2:Sheet36:2:1:8x10,8x10,0.3,0,28,10,0,0,0,1,4.5,0.5573770491803278,0.0,0.0898937511492819,0.0898937511492819
hard_gate_055,xlsx:樣本2:Sheet36:2:1:8x10,8x10,0.3,0,28,5,0,0,1,1,2.3333333333333335,0.7704918032786885,0.0,0.10168433978741197,0.10168433978741197
hard_gate_060,xlsx:樣本2:Sheet36:2:1:8x10,8x10,0.3,0,28,6,0,0,0,1,1.8333333333333333,0.819672131147541,0.041666666666666664,0.08120509927034582,0.08120509927034582
soft_gate_050,xlsx:樣本2:Sheet36:2:1:8x10,8x10,0.3,0,28,3,0,1,1,1,9.458333333333334,0.0,0.0,0.08038154328314719,0.08038154328314719
centered_weighted_sum,xlsx:樣本2:Sheet36:2:1:8x10,8x10,0.3,0,28,1,1,1,1,1,9.291666666666666,0.0,0.0,0.10333684275339869,0.10333684275339869
baseline,xlsx:樣本2:Sheet36:2:1:8x10,8x10,0.3,0,31,13,0,0,0,0,9.416666666666666,0.0,0.0,0.10247327516094443,0.10247327516094443
hard_gate_050,xlsx:樣本2:Sheet36:2:1:8x10,8x10,0.3,0,31,2,0,1,1,1,4.583333333333333,0.5454545454545454,0.0,0.08930456692338538,0.08930456692338538
hard_gate_055,xlsx:樣本2:Sheet36:2:1:8x10,8x10,0.3,0,31,7,0,0,0,1,2.2083333333333335,0.78099173553719,0.0,0.1040971181642836,0.1040971181642836
hard_gate_060,xlsx:樣本2:Sheet36:2:1:8x10,8x10,0.3,0,31,2,0,1,1,1,1.8333333333333333,0.8181818181818182,0.0,0.09403272885502528,0.09403272885502528
soft_gate_050,xlsx:樣本2:Sheet36:2:1:8x10,8x10,0.3,0,31,7,0,0,0,1,9.416666666666666,0.0,0.0,0.08616317477469229,0.08616317477469229
centered_weighted_sum,xlsx:樣本2:Sheet36:2:1:8x10,8x10,0.3,0,31,13,0,0,0,0,9.25,0.0,0.0,0.10247327516094443,0.10247327516094443
baseline,xlsx:樣本2:Sheet36:2:1:8x10,8x10,0.3,0,32,17,0,0,0,0,9.416666666666666,0.0,0.0,0.1039926835340431,0.1039926835340431
hard_gate_050,xlsx:樣本2:Sheet36:2:1:8x10,8x10,0.3,0,32,21,0,0,0,0,4.666666666666667,0.5371900826446281,0.0,0.09657379675011218,0.09657379675011218
hard_gate_055,xlsx:樣本2:Sheet36:2:1:8x10,8x10,0.3,0,32,20,0,0,0,0,2.25,0.7768595041322314,0.0,0.10751766485382366,0.10751766485382366
hard_gate_060,xlsx:樣本2:Sheet36:2:1:8x10,8x10,0.3,0,32,17,0,0,0,0,1.9166666666666667,0.8099173553719008,0.0,0.09606719685115257,0.09606719685115257
soft_gate_050,xlsx:樣本2:Sheet36:2:1:8x10,8x10,0.3,0,32,17,0,0,0,0,9.416666666666666,0.0,0.0,0.0822661576036891,0.0822661576036891
centered_weighted_sum,xlsx:樣本2:Sheet36:2:1:8x10,8x10,0.3,0,32,17,0,0,0,0,9.291666666666666,0.0,0.0,0.1039926835340431,0.1039926835340431
baseline,xlsx:樣本2:Sheet36:2:1:8x10,8x10,0.3,0,37,19,0,0,0,0,9.416666666666666,0.0,0.0,0.10051684943803131,0.10051684943803131
hard_gate_050,xlsx:樣本2:Sheet36:2:1:8x10,8x10,0.3,0,37,16,0,0,0,0,4.708333333333333,0.5330578512396694,0.0,0.08484121930192727,0.08484121930192727
hard_gate_055,xlsx:樣本2:Sheet36:2:1:8x10,8x10,0.3,0,37,14,0,0,0,0,2.375,0.7644628099173554,0.0,0.0971326771302534,0.0971326771302534
hard_gate_060,xlsx:樣本2:Sheet36:2:1:8x10,8x10,0.3,0,37,17,0,0,0,0,1.7916666666666667,0.8223140495867769,0.041666666666666664,0.09189051573846332,0.09189051573846332
soft_gate_050,xlsx:樣本2:Sheet36:2:1:8x10,8x10,0.3,0,37,18,0,0,0,0,9.416666666666666,0.0,0.0,0.08625838315827583,0.08625838315827583
centered_weighted_sum,xlsx:樣本2:Sheet36:2:1:8x10,8x10,0.3,0,37,19,0,0,0,0,9.25,0.0,0.0,0.10051684943803131,0.10051684943803131
baseline,xlsx:樣本2:Sheet36:2:1:8x10,8x10,0.3,0,42,4,0,0,1,1,9.375,0.0,0.0,0.10182920949520924,0.10182920949520924
hard_gate_050,xlsx:樣本2:Sheet36:2:1:8x10,8x10,0.3,0,42,6,0,0,0,1,4.75,0.5289256198347108,0.0,0.09190674753853219,0.09190674753853219
hard_gate_055,xlsx:樣本2:Sheet36:2:1:8x10,8x10,0.3,0,42,8,0,0,0,1,2.4166666666666665,0.7603305785123967,0.041666666666666664,0.0854766562961705,0.0854766562961705
hard_gate_060,xlsx:樣本2:Sheet36:2:1:8x10,8x10,0.3,0,42,8,0,0,0,1,2.0416666666666665,0.7975206611570248,0.041666666666666664,0.08346419880234479,0.08346419880234479
soft_gate_050,xlsx:樣本2:Sheet36:2:1:8x10,8x10,0.3,0,42,6,0,0,0,1,9.375,0.0,0.0,0.08739447745480634,0.08739447745480634
centered_weighted_sum,xlsx:樣本2:Sheet36:2:1:8x10,8x10,0.3,0,42,4,0,0,1,1,9.291666666666666,0.0,0.0,0.10182920949520924,0.10182920949520924
baseline,xlsx:樣本2:Sheet36:2:1:8x10,8x10,0.3,0,45,22,0,0,0,0,9.291666666666666,0.0,0.0,0.10522102905057171,0.10522102905057171
hard_gate_050,xlsx:樣本2:Sheet36:2:1:8x10,8x10,0.3,0,45,24,0,0,0,0,4.625,0.5375,0.0,0.09506882057112001,0.09506882057112001
hard_gate_055,xlsx:樣本2:Sheet36:2:1:8x10,8x10,0.3,0,45,13,0,0,0,0,2.2083333333333335,0.7791666666666667,0.041666666666666664,0.09981958408032077,0.09981958408032077
hard_gate_060,xlsx:樣本2:Sheet36:2:1:8x10,8x10,0.3,0,45,15,0,0,0,0,1.9166666666666667,0.8083333333333333,0.041666666666666664,0.08477503526708365,0.08477503526708365
soft_gate_050,xlsx:樣本2:Sheet36:2:1:8x10,8x10,0.3,0,45,21,0,0,0,0,9.291666666666666,0.0,0.0,0.09305548740044309,0.09305548740044309
centered_weighted_sum,xlsx:樣本2:Sheet36:2:1:8x10,8x10,0.3,0,45,22,0,0,0,0,9.25,0.0,0.0,0.10522102905057171,0.10522102905057171
baseline,xlsx:樣本2:Sheet36:2:1:8x10,8x10,0.3,0,46,2,0,1,1,1,9.333333333333334,0.0,0.0,0.10396539968351548,0.10396539968351548
hard_gate_050,xlsx:樣本2:Sheet36:2:1:8x10,8x10,0.3,0,46,10,0,0,0,1,4.541666666666667,0.5477178423236515,0.0,0.0959613254454494,0.0959613254454494
hard_gate_055,xlsx:樣本2:Sheet36:2:1:8x10,8x10,0.3,0,46,21,0,0,0,0,2.25,0.7759336099585062,0.041666666666666664,0.09570680861784069,0.09570680861784069
hard_gate_060,xlsx:樣本2:Sheet36:2:1:8x10,8x10,0.3,0,46,24,0,0,0,0,1.875,0.8132780082987552,0.041666666666666664,0.07832419767559064,0.07832419767559064
soft_gate_050,xlsx:樣本2:Sheet36:2:1:8x10,8x10,0.3,0,46,9,0,0,0,1,9.333333333333334,0.0,0.0,0.09007519659683537,0.09007519659683537
centered_weighted_sum,xlsx:樣本2:Sheet36:2:1:8x10,8x10,0.3,0,46,2,0,1,1,1,9.208333333333334,0.0,0.0,0.10396539968351548,0.10396539968351548
baseline,xlsx:樣本2:Sheet36:2:1:8x10,8x10,0.3,0,49,19,0,0,0,0,9.375,0.0,0.0,0.10892510565745137,0.10892510565745137
hard_gate_050,xlsx:樣本2:Sheet36:2:1:8x10,8x10,0.3,0,49,22,0,0,0,0,4.541666666666667,0.5495867768595041,0.0,0.09218590018171924,0.09218590018171924
hard_gate_055,xlsx:樣本2:Sheet36:2:1:8x10,8x10,0.3,0,49,19,0,0,0,0,2.2083333333333335,0.78099173553719,0.041666666666666664,0.0772009466376091,0.0772009466376091
hard_gate_060,xlsx:樣本2:Sheet36:2:1:8x10,8x10,0.3,0,49,20,0,0,0,0,1.9166666666666667,0.8099173553719008,0.041666666666666664,0.07716691533563286,0.07716691533563286
soft_gate_050,xlsx:樣本2:Sheet36:2:1:8x10,8x10,0.3,0,49,21,0,0,0,0,9.375,0.0,0.0,0.10393884661185554,0.10393884661185554
centered_weighted_sum,xlsx:樣本2:Sheet36:2:1:8x10,8x10,0.3,0,49,19,0,0,0,0,9.25,0.0,0.0,0.10892510565745137,0.10892510565745137
baseline,xlsx:樣本2:Sheet36:2:1:8x10,8x10,0.3,0,54,14,0,0,0,0,9.333333333333334,0.0,0.0,0.11626480234920024,0.11626480234920024
hard_gate_050,xlsx:樣本2:Sheet36:2:1:8x10,8x10,0.3,0,54,15,0,0,0,0,4.458333333333333,0.5578512396694215,0.0,0.08292574791513713,0.08292574791513713
hard_gate_055,xlsx:樣本2:Sheet36:2:1:8x10,8x10,0.3,0,54,14,0,0,0,0,2.125,0.7892561983471075,0.041666666666666664,0.08605401174761908,0.08605401174761908
hard_gate_060,xlsx:樣本2:Sheet36:2:1:8x10,8x10,0.3,0,54,13,0,0,0,0,1.7916666666666667,0.8223140495867769,0.041666666666666664,0.08829312804245878,0.08829312804245878
soft_gate_050,xlsx:樣本2:Sheet36:2:1:8x10,8x10,0.3,0,54,15,0,0,0,0,9.333333333333334,0.0,0.0,0.11718606766495668,0.11718606766495668
centered_weighted_sum,xlsx:樣本2:Sheet36:2:1:8x10,8x10,0.3,0,54,14,0,0,0,0,9.25,0.0,0.0,0.11626480234920022,0.11626480234920022
baseline,xlsx:樣本2:Sheet36:2:1:8x10,8x10,0.3,0,57,10,0,0,0,1,9.375,0.0,0.0,0.1114998969448169,0.1114998969448169
hard_gate_050,xlsx:樣本2:Sheet36:2:1:8x10,8x10,0.3,0,57,6,0,0,0,1,4.5,0.5555555555555556,0.0,0.07071311749757542,0.07071311749757542
hard_gate_055,xlsx:樣本2:Sheet36:2:1:8x10,8x10,0.3,0,57,10,0,0,0,1,2.0833333333333335,0.7942386831275721,0.041666666666666664,0.08117980091833424,0.08117980091833424
hard_gate_060,xlsx:樣本2:Sheet36:2:1:8x10,8x10,0.3,0,57,13,0,0,0,0,1.7083333333333333,0.831275720164609,0.041666666666666664,0.0761510581132471,0.0761510581132471
soft_gate_050,xlsx:樣本2:Sheet36:2:1:8x10,8x10,0.3,0,57,12,0,0,0,0,9.375,0.0,0.0,0.11018660834675607,0.11018660834675607
centered_weighted_sum,xlsx:樣本2:Sheet36:2:1:8x10,8x10,0.3,0,57,10,0,0,0,1,9.208333333333334,0.0,0.0,0.11149989694481692,0.11149989694481692
baseline,xlsx:樣本2:Sheet36:2:1:8x10,8x10,0.3,0,63,6,0,0,0,1,9.25,0.0,0.0,0.12364428359124534,0.12364428359124534
hard_gate_050,xlsx:樣本2:Sheet36:2:1:8x10,8x10,0.3,0,63,5,0,0,1,1,4.125,0.5942622950819673,0.0,0.07100508360923587,0.07100508360923587
hard_gate_055,xlsx:樣本2:Sheet36:2:1:8x10,8x10,0.3,0,63,3,0,1,1,1,2.0833333333333335,0.7950819672131147,0.041666666666666664,0.0748495543532571,0.0748495543532571
hard_gate_060,xlsx:樣本2:Sheet36:2:1:8x10,8x10,0.3,0,63,3,0,1,1,1,1.75,0.8278688524590164,0.041666666666666664,0.06561689524508878,0.06561689524508878
soft_gate_050,xlsx:樣本2:Sheet36:2:1:8x10,8x10,0.3,0,63,5,0,0,1,1,9.25,0.0,0.0,0.0963888620472212,0.0963888620472212
centered_weighted_sum,xlsx:樣本2:Sheet36:2:1:8x10,8x10,0.3,0,63,6,0,0,0,1,9.166666666666666,0.0,0.0,0.12364428359124535,0.12364428359124535
baseline,xlsx:樣本2:Sheet36:2:1:8x10,8x10,0.3,0,72,23,0,0,0,0,9.166666666666666,0.0,0.0,0.1213437054693131,0.1213437054693131
hard_gate_050,xlsx:樣本2:Sheet36:2:1:8x10,8x10,0.3,0,72,20,0,0,0,0,4.125,0.5925925925925926,0.0,0.06651262494676416,0.06651262494676416
hard_gate_055,xlsx:樣本2:Sheet36:2:1:8x10,8x10,0.3,0,72,18,0,0,0,0,2.0416666666666665,0.7983539094650206,0.0,0.07189346953722753,0.07189346953722753
hard_gate_060,xlsx:樣本2:Sheet36:2:1:8x10,8x10,0.3,0,72,17,0,0,0,0,1.7916666666666667,0.823045267489712,0.0,0.06806928777439354,0.06806928777439354
soft_gate_050,xlsx:樣本2:Sheet36:2:1:8x10,8x10,0.3,0,72,20,0,0,0,0,9.166666666666666,0.0,0.0,0.09625966338054348,0.09625966338054348
centered_weighted_sum,xlsx:樣本2:Sheet36:2:1:8x10,8x10,0.3,0,72,23,0,0,0,0,9.291666666666666,0.0,0.0,0.12134370546931311,0.12134370546931311
baseline,xlsx:樣本2:Sheet36:2:1:8x10,8x10,0.3,0,78,12,0,0,0,0,9.291666666666666,0.0,0.0,0.11470312544094344,0.11470312544094344
hard_gate_050,xlsx:樣本2:Sheet36:2:1:8x10,8x10,0.3,0,78,14,0,0,0,0,4.166666666666667,0.5901639344262295,0.0,0.0631240285022507,0.0631240285022507
hard_gate_055,xlsx:樣本2:Sheet36:2:1:8x10,8x10,0.3,0,78,18,0,0,0,0,2.0,0.8032786885245902,0.0,0.07088666315155617,0.07088666315155617
hard_gate_060,xlsx:樣本2:Sheet36:2:1:8x10,8x10,0.3,0,78,20,0,0,0,0,1.7083333333333333,0.8319672131147541,0.0,0.06678604380313959,0.06678604380313959
soft_gate_050,xlsx:樣本2:Sheet36:2:1:8x10,8x10,0.3,0,78,15,0,0,0,0,9.291666666666666,0.0,0.0,0.09367776921906747,0.09367776921906747
centered_weighted_sum,xlsx:樣本2:Sheet36:2:1:8x10,8x10,0.3,0,78,12,0,0,0,0,9.291666666666666,0.0,0.0,0.11470312544094344,0.11470312544094344
baseline,xlsx:樣本2:Sheet36:2:1:8x10,8x10,0.5,0,2,12,0,0,0,0,9.35,0.0,0.0,0.1276415915202079,0.1276415915202079
hard_gate_050,xlsx:樣本2:Sheet36:2:1:8x10,8x10,0.5,0,2,16,0,0,0,0,3.45,0.6567164179104478,0.0,0.07898955689678745,0.07898955689678745
hard_gate_055,xlsx:樣本2:Sheet36:2:1:8x10,8x10,0.5,0,2,23,0,0,0,0,1.9,0.8109452736318408,0.025,0.07446964483828075,0.07446964483828075
hard_gate_060,xlsx:樣本2:Sheet36:2:1:8x10,8x10,0.5,0,2,20,0,0,0,0,1.475,0.8532338308457711,0.05,0.07024122901976396,0.07024122901976396
soft_gate_050,xlsx:樣本2:Sheet36:2:1:8x10,8x10,0.5,0,2,17,0,0,0,0,9.35,0.0,0.0,0.11960025449038447,0.11960025449038447
centered_weighted_sum,xlsx:樣本2:Sheet36:2:1:8x10,8x10,0.5,0,2,12,0,0,0,0,8.0,0.0,0.0,0.1276415915202079,0.1276415915202079
baseline,xlsx:樣本2:Sheet36:2:1:8x10,8x10,0.5,0,3,39,0,0,0,0,9.4,0.0,0.0,0.12589910828443412,0.12589910828443412
hard_gate_050,xlsx:樣本2:Sheet36:2:1:8x10,8x10,0.5,0,3,34,0,0,0,0,3.5,0.6534653465346535,0.0,0.07792863614429794,0.07792863614429794
hard_gate_055,xlsx:樣本2:Sheet36:2:1:8x10,8x10,0.5,0,3,23,0,0,0,0,1.95,0.806930693069307,0.025,0.0728958839715168,0.0728958839715168
hard_gate_060,xlsx:樣本2:Sheet36:2:1:8x10,8x10,0.5,0,3,25,0,0,0,0,1.475,0.8539603960396039,0.05,0.07097544413968825,0.07097544413968825
soft_gate_050,xlsx:樣本2:Sheet36:2:1:8x10,8x10,0.5,0,3,36,0,0,0,0,9.4,0.0,0.0,0.11945120018896564,0.11945120018896564
centered_weighted_sum,xlsx:樣本2:Sheet36:2:1:8x10,8x10,0.5,0,3,39,0,0,0,0,8.15,0.0,0.0,0.12589910828443412,0.12589910828443412
baseline,xlsx:樣本2:Sheet36:2:1:8x10,8x10,0.5,0,6,23,0,0,0,0,9.4,0.0,0.0,0.12384419073654052,0.12384419073654052
hard_gate_050,xlsx:樣本2:Sheet36:2:1:8x10,8x10,0.5,0,6,27,0,0,0,0,3.675,0.6370370370370371,0.0,0.07519438942333893,0.07519438942333893
hard_gate_055,xlsx:樣本2:Sheet36:2:1:8x10,8x10,0.5,0,6,8,0,0,0,1,2.075,0.7950617283950617,0.025,0.0755072979062855,0.0755072979062855
hard_gate_060,xlsx:樣本2:Sheet36:2:1:8x10,8x10,0.5,0,6,9,0,0,0,1,1.5,0.8518518518518519,0.025,0.07487350546124687,0.07487350546124687
soft_gate_050,xlsx:樣本2:Sheet36:2:1:8x10,8x10,0.5,0,6,22,0,0,0,0,9.4,0.0,0.0,0.13151591109732086,0.13151591109732086
centered_weighted_sum,xlsx:樣本2:Sheet36:2:1:8x10,8x10,0.5,0,6,23,0,0,0,0,8.175,0.0,0.0,0.12384419073654052,0.12384419073654052
baseline,xlsx:樣本2:Sheet36:2:1:8x10,8x10,0.5,0,9,16,0,0,0,0,9.35,0.0,0.0,0.1209974584957328,0.1209974584957328
hard_gate_050,xlsx:樣本2:Sheet36:2:1:8x10,8x10,0.5,0,9,17,0,0,0,0,3.55,0.6458852867830424,0.0,0.08381255883206314,0.08381255883206314
hard_gate_055,xlsx:樣本2:Sheet36:2:1:8x10,8x10,0.5,0,9,11,0,0,0,0,1.975,0.8029925187032418,0.025,0.08864579044557015,0.08864579044557015
hard_gate_060,xlsx:樣本2:Sheet36:2:1:8x10,8x10,0.5,0,9,12,0,0,0,0,1.45,0.8553615960099751,0.075,0.08815443113621228,0.08815443113621228
soft_gate_050,xlsx:樣本2:Sheet36:2:1:8x10,8x10,0.5,0,9,19,0,0,0,0,9.35,0.0,0.0,0.11721314681460769,0.11721314681460769
centered_weighted_sum,xlsx:樣本2:Sheet36:2:1:8x10,8x10,0.5,0,9,16,0,0,0,0,8.075,0.0,0.0,0.1209974584957328,0.1209974584957328
baseline,xlsx:樣本2:Sheet36:2:1:8x10,8x10,0.5,0,15,15,0,0,0,0,9.45,0.0,0.0,0.12990176965525835,0.12990176965525835
hard_gate_050,xlsx:樣本2:Sheet36:2:1:8x10,8x10,0.5,0,15,26,0,0,0,0,3.725,0.6320987654320988,0.0,0.08615460896513356,0.08615460896513356
hard_gate_055,xlsx:樣本2:Sheet36:2:1:8x10,8x10,0.5,0,15,27,0,0,0,0,2.125,0.7901234567901234,0.025,0.09172218586626762,0.09172218586626762
hard_gate_060,xlsx:樣本2:Sheet36:2:1:8x10,8x10,0.5,0,15,27,0,0,0,0,1.575,0.8444444444444444,0.05,0.08703644320935153,0.08703644320935153
soft_gate_050,xlsx:樣本2:Sheet36:2:1:8x10,8x10,0.5,0,15,15,0,0,0,0,9.45,0.0,0.0,0.12550960385743254,0.12550960385743254
centered_weighted_sum,xlsx:樣本2:Sheet36:2:1:8x10,8x10,0.5,0,15,15,0,0,0,0,8.175,0.0,0.0,0.12990176965525832,0.12990176965525832
baseline,xlsx:樣本2:Sheet36:2:1:8x10,8x10,0.5,0,18,13,0,0,0,0,9.4,0.0,0.0,0.11897207068153111,0.11897207068153111
hard_gate_050,xlsx:樣本2:Sheet36:2:1:8x10,8x10,0.5,0,18,23,0,0,0,0,3.675,0.6370370370370371,0.0,0.08197031851707227,0.08197031851707227
hard_gate_055,xlsx:樣本2:Sheet36:2:1:8x10,8x10,0.5,0,18,24,0,0,0,0,2.1,0.7925925925925926,0.05,0.09054748953634315,0.09054748953634315
hard_gate_060,xlsx:樣本2:Sheet36:2:1:8x10,8x10,0.5,0,18,24,0,0,0,0,1.475,0.854320987654321,0.15,0.0983045932175389,0.0983045932175389
soft_gate_050,xlsx:樣本2:Sheet36:2:1:8x10,8x10,0.5,0,18,20,0,0,0,0,9.4,0.0,0.0,0.10437868655859682,0.10437868655859682
centered_weighted_sum,xlsx:樣本2:Sheet36:2:1:8x10,8x10,0.5,0,18,13,0,0,0,0,8.2,0.0,0.0,0.11897207068153111,0.11897207068153111
baseline,xlsx:樣本2:Sheet36:2:1:8x10,8x10,0.5,0,20,14,0,0,0,0,9.325,0.0,0.0,0.12472342867648535,0.12472342867648535
hard_gate_050,xlsx:樣本2:Sheet36:2:1:8x10,8x10,0.5,0,20,19,0,0,0,0,3.5,0.65,0.0,0.08290041551279707,0.08290041551279707
hard_gate_055,xlsx:樣本2:Sheet36:2:1:8x10,8x10,0.5,0,20,19,0,0,0,0,1.9,0.81,0.05,0.08824536587714954,0.08824536587714954
hard_gate_060,xlsx:樣本2:Sheet36:2:1:8x10,8x10,0.5,0,20,15,0,0,0,0,1.4,0.86,0.075,0.095563888780272,0.095563888780272
soft_gate_050,xlsx:樣本2:Sheet36:2:1:8x10,8x10,0.5,0,20,18,0,0,0,0,9.325,0.0,0.0,0.1010400537718874,0.1010400537718874
centered_weighted_sum,xlsx:樣本2:Sheet36:2:1:8x10,8x10,0.5,0,20,14,0,0,0,0,8.0,0.0,0.0,0.12472342867648535,0.12472342867648535
baseline,xlsx:樣本2:Sheet36:2:1:8x10,8x10,0.5,0,21,39,0,0,0,0,9.375,0.0,0.0,0.1210682510361731,0.1210682510361731
hard_gate_050,xlsx:樣本2:Sheet36:2:1:8x10,8x10,0.5,0,21,37,0,0,0,0,3.575,0.6442786069651741,0.0,0.08162365234228121,0.08162365234228121
hard_gate_055,xlsx:樣本2:Sheet36:2:1:8x10,8x10,0.5,0,21,36,0,0,0,0,1.95,0.8059701492537313,0.025,0.08681392932926639,0.08681392932926639
hard_gate_060,xlsx:樣本2:Sheet36:2:1:8x10,8x10,0.5,0,21,38,0,0,0,0,1.425,0.8582089552238806,0.1,0.09093347583032135,0.09093347583032135
soft_gate_050,xlsx:樣本2:Sheet36:2:1:8x10,8x10,0.5,0,21,39,0,0,0,0,9.375,0.0,0.0,0.10113498360016435,0.10113498360016435
centered_weighted_sum,xlsx:樣本2:Sheet36:2:1:8x10,8x10,0.5,0,21,39,0,0,0,0,8.1,0.0,0.0,0.12106825103617311,0.12106825103617311
baseline,xlsx:樣本2:Sheet36:2:1:8x10,8x10,0.5,0,22,13,0,0,0,0,9.375,0.0,0.0,0.11970309810828454,0.11970309810828454
hard_gate_050,xlsx:樣本2:Sheet36:2:1:8x10,8x10,0.5,0,22,7,0,0,0,1,3.575,0.6442786069651741,0.0,0.0814274767510978,0.0814274767510978
hard_gate_055,xlsx:樣本2:Sheet36:2:1:8x10,8x10,0.5,0,22,16,0,0,0,0,1.925,0.8084577114427861,0.05,0.09065619204771075,0.09065619204771075
hard_gate_060,xlsx:樣本2:Sheet36:2:1:8x10,8x10,0.5,0,22,8,0,0,0,1,1.45,0.8557213930348259,0.05,0.08932976462789932,0.08932976462789932
soft_gate_050,xlsx:樣本2:Sheet36:2:1:8x10,8x10,0.5,0,22,11,0,0,0,0,9.375,0.0,0.0,0.10053332482319106,0.10053332482319106
centered_weighted_sum,xlsx:樣本2:Sheet36:2:1:8x10,8x10,0.5,0,22,13,0,0,0,0,8.1,0.0,0.0,0.11970309810828454,0.11970309810828454
baseline,xlsx:樣本2:Sheet36:2:1:8x10,8x10,0.5,0,24,33,0,0,0,0,9.35,0.0,0.0,0.11593087409140225,0.11593087409140225
hard_gate_050,xlsx:樣本2:Sheet36:2:1:8x10,8x10,0.5,0,24,32,0,0,0,0,3.65,0.6368159203980099,0.0,0.08151473806575515,0.08151473806575515
hard_gate_055,xlsx:樣本2:Sheet36:2:1:8x10,8x10,0.5,0,24,33,0,0,0,0,1.95,0.8059701492537313,0.025,0.09313046619740616,0.09313046619740616
hard_gate_060,xlsx:樣本2:Sheet36:2:1:8x10,8x10,0.5,0,24,24,0,0,0,0,1.475,0.8532338308457711,0.05,0.08920566282670997,0.08920566282670997
soft_gate_050,xlsx:樣本2:Sheet36:2:1:8x10,8x10,0.5,0,24,34,0,0,0,0,9.35,0.0,0.0,0.09936635866186418,0.09936635866186418
centered_weighted_sum,xlsx:樣本2:Sheet36:2:1:8x10,8x10,0.5,0,24,33,0,0,0,0,8.1,0.0,0.0,0.11593087409140225,0.11593087409140225
baseline,xlsx:樣本2:Sheet36:2:1:8x10,8x10,0.5,0,25,39,0,0,0,0,9.375,0.0,0.0,0.11666684814628082,0.11666684814628082
hard_gate_050,xlsx:樣本2:Sheet36:2:1:8x10,8x10,0.5,0,25,37,0,0,0,0,3.675,0.6352357320099256,0.0,0.08325092754114397,0.08325092754114397
hard_gate_055,xlsx:樣本2:Sheet36:2:1:8x10,8x10,0.5,0,25,34,0,0,0,0,1.975,0.8039702233250621,0.025,0.09608749248039683,0.09608749248039683
hard_gate_060,xlsx:樣本2:Sheet36:2:1:8x10,8x10,0.5,0,25,38,0,0,0,0,1.45,0.8560794044665012,0.05,0.09335857937597576,0.09335857937597576
soft_gate_050,xlsx:樣本2:Sheet36:2:1:8x10,8x10,0.5,0,25,39,0,0,0,0,9.375,0.0,0.0,0.09986279336574519,0.09986279336574519
centered_weighted_sum,xlsx:樣本2:Sheet36:2:1:8x10,8x10,0.5,0,25,39,0,0,0,0,8.125,0.0,0.0,0.11666684814628082,0.11666684814628082
baseline,xlsx:樣本2:Sheet36:2:1:8x10,8x10,0.5,0,26,38,0,0,0,0,9.35,0.0,0.0,0.11761015536511843,0.11761015536511843
hard_gate_050,xlsx:樣本2:Sheet36:2:1:8x10,8x10,0.5,0,26,36,0,0,0,0,3.65,0.6368159203980099,0.0,0.08344112006321118,0.08344112006321118
hard_gate_055,xlsx:樣本2:Sheet36:2:1:8x10,8x10,0.5,0,26,39,0,0,0,0,1.95,0.8059701492537313,0.025,0.09792076300539837,0.09792076300539837
hard_gate_060,xlsx:樣本2:Sheet36:2:1:8x10,8x10,0.5,0,26,33,0,0,0,0,1.425,0.8582089552238806,0.05,0.09515143004863542,0.09515143004863542
soft_gate_050,xlsx:樣本2:Sheet36:2:1:8x10,8x10,0.5,0,26,36,0,0,0,0,9.35,0.0,0.0,0.10151142265422423,0.10151142265422423
centered_weighted_sum,xlsx:樣本2:Sheet36:2:1:8x10,8x10,0.5,0,26,38,0,0,0,0,8.1,0.0,0.0,0.11761015536511843,0.11761015536511843
baseline,xlsx:樣本2:Sheet36:2:1:8x10,8x10,0.5,0,29,34,0,0,0,0,9.325,0.0,0.0,0.11482257967346629,0.11482257967346629
hard_gate_050,xlsx:樣本2:Sheet36:2:1:8x10,8x10,0.5,0,29,31,0,0,0,0,3.5,0.65,0.0,0.08017921861260882,0.08017921861260882
hard_gate_055,xlsx:樣本2:Sheet36:2:1:8x10,8x10,0.5,0,29,36,0,0,0,0,1.925,0.8075,0.025,0.09110169553317139,0.09110169553317139
hard_gate_060,xlsx:樣本2:Sheet36:2:1:8x10,8x10,0.5,0,29,37,0,0,0,0,1.475,0.8525,0.025,0.09150944156559647,0.09150944156559647
soft_gate_050,xlsx:樣本2:Sheet36:2:1:8x10,8x10,0.5,0,29,31,0,0,0,0,9.325,0.0,0.0,0.10053514498811995,0.10053514498811995
centered_weighted_sum,xlsx:樣本2:Sheet36:2:1:8x10,8x10,0.5,0,29,34,0,0,0,0,7.975,0.0,0.0,0.11482257967346629,0.11482257967346629
baseline,xlsx:樣本2:Sheet36:2:1:8x10,8x10,0.5,0,30,10,0,0,0,1,9.35,0.0,0.0,0.11512593334846322,0.11512593334846322
hard_gate_050,xlsx:樣本2:Sheet36:2:1:8x10,8x10,0.5,0,30,5,0,0,1,1,3.525,0.6483790523690773,0.0,0.08176438837886633,0.08176438837886633
hard_gate_055,xlsx:樣本2:Sheet36:2:1:8x10,8x10,0.5,0,30,15,0,0,0,0,1.925,0.8079800498753117,0.05,0.09560357809172995,0.09560357809172995
hard_gate_060,xlsx:樣本2:Sheet36:2:1:8x10,8x10,0.5,0,30,11,0,0,0,0,1.525,0.8478802992518704,0.05,0.09822034849029308,0.09822034849029308
soft_gate_050,xlsx:樣本2:Sheet36:2:1:8x10,8x10,0.5,0,30,2,0,1,1,1,9.35,0.0,0.0,0.10078842015345332,0.10078842015345332
centered_weighted_sum,xlsx:樣本2:Sheet36:2:1:8x10,8x10,0.5,0,30,10,0,0,0,1,8.075,0.0,0.0,0.11512593334846322,0.11512593334846322
baseline,xlsx:樣本2:Sheet36:2:1:8x10,8x10,0.5,0,31,17,0,0,0,0,9.325,0.0,0.0,0.11487851572591104,0.11487851572591104
hard_gate_050,xlsx:樣本2:Sheet36:2:1:8x10,8x10,0.5,0,31,6,0,0,0,1,3.475,0.6525,0.0,0.07900523940556527,0.07900523940556527
hard_gate_055,xlsx:樣本2:Sheet36:2:1:8x10,8x10,0.5,0,31,4,0,0,1,1,1.925,0.8075,0.025,0.08658730738139281,0.08658730738139281
hard_gate_060,xlsx:樣本2:Sheet36:2:1:8x10,8x10,0.5,0,31,3,0,1,1,1,1.475,0.8525,0.075,0.08826968617094855,0.08826968617094855
soft_gate_050,xlsx:樣本2:Sheet36:2:1:8x10,8x10,0.5,0,31,12,0,0,0,0,9.325,0.0,0.0,0.10030701184828347,0.10030701184828347
centered_weighted_sum,xlsx:樣本2:Sheet36:2:1:8x10,8x10,0.5,0,31,17,0,0,0,0,8.05,0.0,0.0,0.11487851572591105,0.11487851572591105
baseline,xlsx:樣本2:Sheet36:2:1:8x10,8x10,0.5,0,32,32,0,0,0,0,9.35,0.0,0.0,0.11483789149304748,0.11483789149304748
hard_gate_050,xlsx:樣本2:Sheet36:2:1:8x10,8x10,0.5,0,32,32,0,0,0,0,3.5,0.6508728179551122,0.0,0.08077079271680133,0.08077079271680133
hard_gate_055,xlsx:樣本2:Sheet36:2:1:8x10,8x10,0.5,0,32,38,0,0,0,0,1.95,0.8054862842892768,0.025,0.0890278277228843,0.0890278277228843
hard_gate_060,xlsx:樣本2:Sheet36:2:1:8x10,8x10,0.5,0,32,37,0,0,0,0,1.425,0.85785536159601,0.075,0.09417259305445212,0.09417259305445212
soft_gate_050,xlsx:樣本2:Sheet36:2:1:8x10,8x10,0.5,0,32,34,0,0,0,0,9.35,0.0,0.0,0.09924117073697258,0.09924117073697258
centered_weighted_sum,xlsx:樣本2:Sheet36:2:1:8x10,8x10,0.5,0,32,32,0,0,0,0,8.075,0.0,0.0,0.11483789149304748,0.11483789149304748
baseline,xlsx:樣本2:Sheet36:2:1:8x10,8x10,0.5,0,34,5,0,0,1,1,9.325,0.0,0.0,0.11457196484355389,0.11457196484355389
hard_gate_050,xlsx:樣本2:Sheet36:2:1:8x10,8x10,0.5,0,34,10,0,0,0,1,3.525,0.6492537313432836,0.0,0.0783186173297452,0.0783186173297452
hard_gate_055,xlsx:樣本2:Sheet36:2:1:8x10,8x10,0.5,0,34,10,0,0,0,1,1.95,0.8059701492537313,0.025,0.08496265916260365,0.08496265916260365
hard_gate_060,xlsx:樣本2:Sheet36:2:1:8x10,8x10,0.5,0,34,12,0,0,0,0,1.475,0.8532338308457711,0.075,0.09102753401583603,0.09102753401583603
soft_gate_050,xlsx:樣本2:Sheet36:2:1:8x10,8x10,0.5,0,34,12,0,0,0,0,9.325,0.0,0.0,0.1006288988877553,0.1006288988877553
centered_weighted_sum,xlsx:樣本2:Sheet36:2:1:8x10,8x10,0.5,0,34,5,0,0,1,1,8.075,0.0,0.0,0.11457196484355389,0.11457196484355389
baseline,xlsx:樣本2:Sheet36:2:1:8x10,8x10,0.5,0,36,3,0,1,1,1,9.325,0.0,0.0,0.11222532368563971,0.11222532368563971
hard_gate_050,xlsx:樣本2:Sheet36:2:1:8x10,8x10,0.5,0,36,16,0,0,0,0,3.525,0.6492537313432836,0.0,0.07973791618037922,0.07973791618037922
hard_gate_055,xlsx:樣本2:Sheet36:2:1:8x10,8x10,0.5,0,36,29,0,0,0,0,1.875,0.8134328358208955,0.05,0.09611795673799296,0.09611795673799296
hard_gate_060,xlsx:樣本2:Sheet36:2:1:8x10,8x10,0.5,0,36,31,0,0,0,0,1.5,0.8507462686567164,0.05,0.09007553425892714,0.09007553425892714
soft_gate_050,xlsx:樣本2:Sheet36:2:1:8x10,8x10,0.5,0,36,16,0,0,0,0,9.325,0.0,0.0,0.10045637956342274,0.10045637956342274
centered_weighted_sum,xlsx:樣本2:Sheet36:2:1:8x10,8x10,0.5,0,36,3,0,1,1,1,8.075,0.0,0.0,0.11222532368563971,0.11222532368563971
baseline,xlsx:樣本2:Sheet36:2:1:8x10,8x10,0.5,0,37,33,0,0,0,0,9.35,0.0,0.0,0.11147946228441048,0.11147946228441048
hard_gate_050,xlsx:樣本2:Sheet36:2:1:8x10,8x10,0.5,0,37,38,0,0,0,0,3.6,0.6426799007444168,0.0,0.0801077560448657,0.0801077560448657
hard_gate_055,xlsx:樣本2:Sheet36:2:1:8x10,8x10,0.5,0,37,40,0,0,0,0,1.925,0.8089330024813896,0.05,0.09921846934813314,0.09921846934813314
hard_gate_060,xlsx:樣本2:Sheet36:2:1:8x10,8x10,0.5,0,37,37,0,0,0,0,1.4,0.8610421836228288,0.075,0.0928480184716709,0.0928480184716709
soft_gate_050,xlsx:樣本2:Sheet36:2:1:8x10,8x10,0.5,0,37,32,0,0,0,0,9.35,0.0,0.0,0.09860475779486841,0.09860475779486841
centered_weighted_sum,xlsx:樣本2:Sheet36:2:1:8x10,8x10,0.5,0,37,33,0,0,0,0,8.125,0.0,0.0,0.11147946228441045,0.11147946228441045
baseline,xlsx:樣本2:Sheet36:2:1:8x10,8x10,0.5,0,40,11,0,0,0,0,9.35,0.0,0.0,0.11242198058111921,0.11242198058111921
hard_gate_050,xlsx:樣本2:Sheet36:2:1:8x10,8x10,0.5,0,40,8,0,0,0,1,3.525,0.6492537313432836,0.0,0.07863808826199191,0.07863808826199191
hard_gate_055,xlsx:樣本2:Sheet36:2:1:8x10,8x10,0.5,0,40,2,0,1,1,1,1.875,0.8134328358208955,0.075,0.09579746611167746,0.09579746611167746
hard_gate_060,xlsx:樣本2:Sheet36:2:1:8x10,8x10,0.5,0,40,2,0,1,1,1,1.375,0.8631840796019901,0.075,0.09510810811426643,0.09510810811426643
soft_gate_050,xlsx:樣本2:Sheet36:2:1:8x10,8x10,0.5,0,40,8,0,0,0,1,9.35,0.0,0.0,0.09226473452919866,0.09226473452919866
centered_weighted_sum,xlsx:樣本2:Sheet36:2:1:8x10,8x10,0.5,0,40,11,0,0,0,0,8.1,0.0,0.0,0.1124219805811192,0.1124219805811192
baseline,xlsx:樣本2:Sheet36:2:1:8x10,8x10,0.5,0,41,20,0,0,0,0,9.325,0.0,0.0,0.11195544213016417,0.11195544213016417
hard_gate_050,xlsx:樣本2:Sheet36:2:1:8x10,8x10,0.5,0,41,9,0,0,0,1,3.5,0.6508728179551122,0.0,0.07781596191536312,0.07781596191536312
hard_gate_055,xlsx:樣本2:Sheet36:2:1:8x10,8x10,0.5,0,41,4,0,0,1,1,1.825,0.8179551122194514,0.05,0.09124946740492296,0.09124946740492296
hard_gate_060,xlsx:樣本2:Sheet36:2:1:8x10,8x10,0.5,0,41,6,0,0,0,1,1.425,0.85785536159601,0.075,0.09365295513599292,0.09365295513599292
soft_gate_050,xlsx:樣本2:Sheet36:2:1:8x10,8x10,0.5,0,41,11,0,0,0,0,9.325,0.0,0.0,0.0923404388788678,0.0923404388788678
centered_weighted_sum,xlsx:樣本2:Sheet36:2:1:8x10,8x10,0.5,0,41,20,0,0,0,0,8.075,0.0,0.0,0.11195544213016417,0.11195544213016417
baseline,xlsx:樣本2:Sheet36:2:1:8x10,8x10,0.5,0,42,1,1,1,1,1,9.3,0.0,0.0,0.11126395145225808,0.11126395145225808
hard_gate_050,xlsx:樣本2:Sheet36:2:1:8x10,8x10,0.5,0,42,14,0,0,0,0,3.475,0.6525,0.0,0.07747409573932763,0.07747409573932763
hard_gate_055,xlsx:樣本2:Sheet36:2:1:8x10,8x10,0.5,0,42,7,0,0,0,1,1.85,0.815,0.05,0.09775245984002662,0.09775245984002662
hard_gate_060,xlsx:樣本2:Sheet36:2:1:8x10,8x10,0.5,0,42,8,0,0,0,1,1.375,0.8625,0.075,0.0935834456441788,0.0935834456441788
soft_gate_050,xlsx:樣本2:Sheet36:2:1:8x10,8x10,0.5,0,42,5,0,0,1,1,9.3,0.0,0.0,0.09177863896239082,0.09177863896239082
centered_weighted_sum,xlsx:樣本2:Sheet36:2:1:8x10,8x10,0.5,0,42,1,1,1,1,1,8.05,0.0,0.0,0.11126395145225808,0.11126395145225808
baseline,xlsx:樣本2:Sheet36:2:1:8x10,8x10,0.5,0,43,6,0,0,0,1,9.35,0.0,0.0,0.11034481636480814,0.11034481636480814
hard_gate_050,xlsx:樣本2:Sheet36:2:1:8x10,8x10,0.5,0,43,10,0,0,0,1,3.475,0.654228855721393,0.0,0.07793750984084499,0.07793750984084499
hard_gate_055,xlsx:樣本2:Sheet36:2:1:8x10,8x10,0.5,0,43,10,0,0,0,1,1.875,0.8134328358208955,0.05,0.09615269864967824,0.09615269864967824
hard_gate_060,xlsx:樣本2:Sheet36:2:1:8x10,8x10,0.5,0,43,11,0,0,0,0,1.425,0.8582089552238806,0.075,0.0944319386030135,0.0944319386030135
soft_gate_050,xlsx:樣本2:Sheet36:2:1:8x10,8x10,0.5,0,43,13,0,0,0,0,9.35,0.0,0.0,0.09016015720542862,0.09016015720542862
centered_weighted_sum,xlsx:樣本2:Sheet36:2:1:8x10,8x10,0.5,0,43,6,0,0,0,1,8.1,0.0,0.0,0.11034481636480815,0.11034481636480815
baseline,xlsx:樣本2:Sheet36:2:1:8x10,8x10,0.5,0,46,10,0,0,0,1,9.375,0.0,0.0,0.11074294938236243,0.11074294938236243
hard_gate_050,xlsx:樣本2:Sheet36:2:1:8x10,8x10,0.5,0,46,12,0,0,0,0,3.425,0.6592039800995025,0.0,0.07723856072337605,0.07723856072337605
hard_gate_055,xlsx:樣本2:Sheet36:2:1:8x10,8x10,0.5,0,46,10,0,0,0,1,1.85,0.8159203980099502,0.05,0.08514240698181763,0.08514240698181763
hard_gate_060,xlsx:樣本2:Sheet36:2:1:8x10,8x10,0.5,0,46,14,0,0,0,0,1.375,0.8631840796019901,0.075,0.09178865048393445,0.09178865048393445
soft_gate_050,xlsx:樣本2:Sheet36:2:1:8x10,8x10,0.5,0,46,11,0,0,0,0,9.375,0.0,0.0,0.09197499720411698,0.09197499720411698
centered_weighted_sum,xlsx:樣本2:Sheet36:2:1:8x10,8x10,0.5,0,46,10,0,0,0,1,8.1,0.0,0.0,0.11074294938236241,0.11074294938236241
baseline,xlsx:樣本2:Sheet36:2:1:8x10,8x10,0.5,0,47,37,0,0,0,0,9.35,0.0,0.0,0.11027029997376209,0.11027029997376209
hard_gate_050,xlsx:樣本2:Sheet36:2:1:8x10,8x10,0.5,0,47,34,0,0,0,0,3.4,0.6608478802992519,0.0,0.07516689762404295,0.07516689762404295
hard_gate_055,xlsx:樣本2:Sheet36:2:1:8x10,8x10,0.5,0,47,34,0,0,0,0,1.8,0.8204488778054863,0.05,0.08464599572054671,0.08464599572054671
hard_gate_060,xlsx:樣本2:Sheet36:2:1:8x10,8x10,0.5,0,47,34,0,0,0,0,1.35,0.8653366583541147,0.075,0.09150220203363271,0.09150220203363271
soft_gate_050,xlsx:樣本2:Sheet36:2:1:8x10,8x10,0.5,0,47,37,0,0,0,0,9.35,0.0,0.0,0.09130027469347667,0.09130027469347667
centered_weighted_sum,xlsx:樣本2:Sheet36:2:1:8x10,8x10,0.5,0,47,37,0,0,0,0,8.075,0.0,0.0,0.11027029997376209,0.11027029997376209
baseline,xlsx:樣本2:Sheet36:2:1:8x10,8x10,0.5,0,49,33,0,0,0,0,9.425,0.0,0.0,0.11635829521930395,0.11635829521930395
hard_gate_050,xlsx:樣本2:Sheet36:2:1:8x10,8x10,0.5,0,49,33,0,0,0,0,3.35,0.6674937965260546,0.0,0.07798735791561122,0.07798735791561122
hard_gate_055,xlsx:樣本2:Sheet36:2:1:8x10,8x10,0.5,0,49,37,0,0,0,0,1.8,0.8213399503722084,0.075,0.08781462550556166,0.08781462550556166
hard_gate_060,xlsx:樣本2:Sheet36:2:1:8x10,8x10,0.5,0,49,35,0,0,0,0,1.425,0.858560794044665,0.075,0.09028267211653919,0.09028267211653919
soft_gate_050,xlsx:樣本2:Sheet36:2:1:8x10,8x10,0.5,0,49,33,0,0,0,0,9.425,0.0,0.0,0.09358058935039557,0.09358058935039557
centered_weighted_sum,xlsx:樣本2:Sheet36:2:1:8x10,8x10,0.5,0,49,33,0,0,0,0,8.1,0.0,0.0,0.11635829521930395,0.11635829521930395
baseline,xlsx:樣本2:Sheet36:2:1:8x10,8x10,0.5,0,56,40,0,0,0,0,9.475,0.0,0.0,0.11924107410958054,0.11924107410958054
hard_gate_050,xlsx:樣本2:Sheet36:2:1:8x10,8x10,0.5,0,56,36,0,0,0,0,3.35,0.6683168316831684,0.0,0.08104586031766317,0.08104586031766317
hard_gate_055,xlsx:樣本2:Sheet36:2:1:8x10,8x10,0.5,0,56,34,0,0,0,0,1.825,0.8193069306930693,0.05,0.0956640743697688,0.0956640743697688
hard_gate_060,xlsx:樣本2:Sheet36:2:1:8x10,8x10,0.5,0,56,36,0,0,0,0,1.35,0.8663366336633663,0.05,0.09217370919932263,0.09217370919932263
soft_gate_050,xlsx:樣本2:Sheet36:2:1:8x10,8x10,0.5,0,56,40,0,0,0,0,9.475,0.0,0.0,0.09560238090472932,0.09560238090472932
centered_weighted_sum,xlsx:樣本2:Sheet36:2:1:8x10,8x10,0.5,0,56,40,0,0,0,0,8.15,0.0,0.0,0.11924107410958054,0.11924107410958054
baseline,xlsx:樣本2:Sheet36:2:1:8x10,8x10,0.5,0,57,22,0,0,0,0,9.425,0.0,0.0,0.11993684349589126,0.11993684349589126
hard_gate_050,xlsx:樣本2:Sheet36:2:1:8x10,8x10,0.5,0,57,24,0,0,0,0,3.3,0.6716417910447762,0.0,0.08068908603634972,0.08068908603634972
hard_gate_055,xlsx:樣本2:Sheet36:2:1:8x10,8x10,0.5,0,57,13,0,0,0,0,1.775,0.8233830845771144,0.05,0.09427606911732161,0.09427606911732161
hard_gate_060,xlsx:樣本2:Sheet36:2:1:8x10,8x10,0.5,0,57,15,0,0,0,0,1.325,0.8681592039800995,0.05,0.09247008554276073,0.09247008554276073
soft_gate_050,xlsx:樣本2:Sheet36:2:1:8x10,8x10,0.5,0,57,27,0,0,0,0,9.425,0.0,0.0,0.09604403225104399,0.09604403225104399
centered_weighted_sum,xlsx:樣本2:Sheet36:2:1:8x10,8x10,0.5,0,57,22,0,0,0,0,8.025,0.0,0.0,0.11993684349589126,0.11993684349589126
baseline,xlsx:樣本2:Sheet36:2:1:8x10,8x10,0.5,0,59,18,0,0,0,0,9.35,0.0,0.0,0.11866514493766413,0.11866514493766413
hard_gate_050,xlsx:樣本2:Sheet36:2:1:8x10,8x10,0.5,0,59,13,0,0,0,0,3.2,0.68,0.0,0.07997373516422,0.07997373516422
hard_gate_055,xlsx:樣本2:Sheet36:2:1:8x10,8x10,0.5,0,59,13,0,0,0,0,1.675,0.8325,0.05,0.0905015956296868,0.0905015956296868
hard_gate_060,xlsx:樣本2:Sheet36:2:1:8x10,8x10,0.5,0,59,16,0,0,0,0,1.275,0.8725,0.05,0.09129703499403528,0.09129703499403528
soft_gate_050,xlsx:樣本2:Sheet36:2:1:8x10,8x10,0.5,0,59,16,0,0,0,0,9.35,0.0,0.0,0.09136321133085668,0.09136321133085668
centered_weighted_sum,xlsx:樣本2:Sheet36:2:1:8x10,8x10,0.5,0,59,18,0,0,0,0,7.975,0.0,0.0,0.11866514493766413,0.11866514493766413
baseline,xlsx:樣本2:Sheet36:2:1:8x10,8x10,0.5,0,60,20,0,0,0,0,9.35,0.0,0.0,0.11869137800841147,0.11869137800841147
hard_gate_050,xlsx:樣本2:Sheet36:2:1:8x10,8x10,0.5,0,60,25,0,0,0,0,3.2,0.68,0.0,0.08135451546414019,0.08135451546414019
hard_gate_055,xlsx:樣本2:Sheet36:2:1:8x10,8x10,0.5,0,60,25,0,0,0,0,1.65,0.835,0.075,0.09579334942847625,0.09579334942847625
hard_gate_060,xlsx:樣本2:Sheet36:2:1:8x10,8x10,0.5,0,60,15,0,0,0,0,1.25,0.875,0.075,0.09974241343304555,0.09974241343304555
soft_gate_050,xlsx:樣本2:Sheet36:2:1:8x10,8x10,0.5,0,60,20,0,0,0,0,9.35,0.0,0.0,0.0914471500385463,0.0914471500385463
centered_weighted_sum,xlsx:樣本2:Sheet36:2:1:8x10,8x10,0.5,0,60,20,0,0,0,0,8.05,0.0,0.0,0.1186913780084115,0.1186913780084115
baseline,xlsx:樣本2:Sheet36:2:1:8x10,8x10,0.5,0,61,3,0,1,1,1,9.35,0.0,0.0,0.11757999677635418,0.11757999677635418
hard_gate_050,xlsx:樣本2:Sheet36:2:1:8x10,8x10,0.5,0,61,18,0,0,0,0,3.15,0.685,0.0,0.07856458819425761,0.07856458819425761
hard_gate_055,xlsx:樣本2:Sheet36:2:1:8x10,8x10,0.5,0,61,33,0,0,0,0,1.65,0.835,0.05,0.0912137799189339,0.0912137799189339
hard_gate_060,xlsx:樣本2:Sheet36:2:1:8x10,8x10,0.5,0,61,33,0,0,0,0,1.275,0.8725,0.05,0.09140897677476427,0.09140897677476427
soft_gate_050,xlsx:樣本2:Sheet36:2:1:8x10,8x10,0.5,0,61,15,0,0,0,0,9.35,0.0,0.0,0.09178591595292569,0.09178591595292569
centered_weighted_sum,xlsx:樣本2:Sheet36:2:1:8x10,8x10,0.5,0,61,3,0,1,1,1,8.05,0.0,0.0,0.11757999677635418,0.11757999677635418
baseline,xlsx:樣本2:Sheet36:2:1:8x10,8x10,0.5,0,63,14,0,0,0,0,9.375,0.0,0.0,0.1204995684448799,0.1204995684448799
hard_gate_050,xlsx:樣本2:Sheet36:2:1:8x10,8x10,0.5,0,63,3,0,1,1,1,3.175,0.6840796019900498,0.0,0.07900098061512513,0.07900098061512513
hard_gate_055,xlsx:樣本2:Sheet36:2:1:8x10,8x10,0.5,0,63,3,0,1,1,1,1.675,0.8333333333333334,0.05,0.09217740922390036,0.09217740922390036
hard_gate_060,xlsx:樣本2:Sheet36:2:1:8x10,8x10,0.5,0,63,4,0,0,1,1,1.3,0.8706467661691543,0.05,0.08996568165590194,0.08996568165590194
soft_gate_050,xlsx:樣本2:Sheet36:2:1:8x10,8x10,0.5,0,63,13,0,0,0,0,9.375,0.0,0.0,0.09071388574450916,0.09071388574450916
centered_weighted_sum,xlsx:樣本2:Sheet36:2:1:8x10,8x10,0.5,0,63,14,0,0,0,0,8.1,0.0,0.0,0.1204995684448799,0.1204995684448799
baseline,xlsx:樣本2:Sheet36:2:1:8x10,8x10,0.5,0,64,11,0,0,0,0,9.375,0.0,0.0,0.12155268362202848,0.12155268362202848
hard_gate_050,xlsx:樣本2:Sheet36:2:1:8x10,8x10,0.5,0,64,1,1,1,1,1,3.15,0.6865671641791045,0.0,0.07822063653618028,0.07822063653618028
hard_gate_055,xlsx:樣本2:Sheet36:2:1:8x10,8x10,0.5,0,64,16,0,0,0,0,1.675,0.8333333333333334,0.05,0.09194588556610137,0.09194588556610137
hard_gate_060,xlsx:樣本2:Sheet36:2:1:8x10,8x10,0.5,0,64,10,0,0,0,1,1.325,0.8681592039800995,0.05,0.08836830865840635,0.08836830865840635
soft_gate_050,xlsx:樣本2:Sheet36:2:1:8x10,8x10,0.5,0,64,4,0,0,1,1,9.375,0.0,0.0,0.09237620538708023,0.09237620538708023
centered_weighted_sum,xlsx:樣本2:Sheet36:2:1:8x10,8x10,0.5,0,64,11,0,0,0,0,8.1,0.0,0.0,0.12155268362202848,0.12155268362202848
baseline,xlsx:樣本2:Sheet36:2:1:8x10,8x10,0.5,0,70,35,0,0,0,0,9.25,0.0,0.0,0.11831587672875615,0.11831587672875615
hard_gate_050,xlsx:樣本2:Sheet36:2:1:8x10,8x10,0.5,0,70,38,0,0,0,0,3.125,0.6890547263681592,0.0,0.07985059216705864,0.07985059216705864
hard_gate_055,xlsx:樣本2:Sheet36:2:1:8x10,8x10,0.5,0,70,38,0,0,0,0,1.625,0.8383084577114428,0.1,0.09391978475548762,0.09391978475548762
hard_gate_060,xlsx:樣本2:Sheet36:2:1:8x10,8x10,0.5,0,70,38,0,0,0,0,1.225,0.8781094527363185,0.125,0.09529452486503691,0.09529452486503691
soft_gate_050,xlsx:樣本2:Sheet36:2:1:8x10,8x10,0.5,0,70,38,0,0,0,0,9.25,0.0,0.0,0.09492979312074831,0.09492979312074831
centered_weighted_sum,xlsx:樣本2:Sheet36:2:1:8x10,8x10,0.5,0,70,35,0,0,0,0,8.0,0.0,0.0,0.11831587672875615,0.11831587672875615
baseline,xlsx:樣本2:Sheet36:2:1:8x10,8x10,0.5,0,71,28,0,0,0,0,9.225,0.0,0.0,0.11655522545325701,0.11655522545325701
hard_gate_050,xlsx:樣本2:Sheet36:2:1:8x10,8x10,0.5,0,71,40,0,0,0,0,3.1,0.6907730673316709,0.0,0.0769048445488698,0.0769048445488698
hard_gate_055,xlsx:樣本2:Sheet36:2:1:8x10,8x10,0.5,0,71,27,0,0,0,0,1.65,0.8354114713216958,0.05,0.08333929053141871,0.08333929053141871
hard_gate_060,xlsx:樣本2:Sheet36:2:1:8x10,8x10,0.5,0,71,30,0,0,0,0,1.325,0.8678304239401496,0.05,0.08226615642573444,0.08226615642573444
soft_gate_050,xlsx:樣本2:Sheet36:2:1:8x10,8x10,0.5,0,71,30,0,0,0,0,9.225,0.0,0.0,0.09418389031158442,0.09418389031158442
centered_weighted_sum,xlsx:樣本2:Sheet36:2:1:8x10,8x10,0.5,0,71,28,0,0,0,0,8.075,0.0,0.0,0.11655522545325701,0.11655522545325701
baseline,xlsx:樣本2:Sheet36:2:1:8x10,8x10,0.5,0,72,30,0,0,0,0,9.2,0.0,0.0,0.11578786699053539,0.11578786699053539
hard_gate_050,xlsx:樣本2:Sheet36:2:1:8x10,8x10,0.5,0,72,24,0,0,0,0,3.075,0.6925,0.0,0.07755501610504491,0.07755501610504491
hard_gate_055,xlsx:樣本2:Sheet36:2:1:8x10,8x10,0.5,0,72,17,0,0,0,0,1.625,0.8375,0.05,0.0883810707785515,0.0883810707785515
hard_gate_060,xlsx:樣本2:Sheet36:2:1:8x10,8x10,0.5,0,72,19,0,0,0,0,1.3,0.87,0.05,0.08763443686836257,0.08763443686836257
soft_gate_050,xlsx:樣本2:Sheet36:2:1:8x10,8x10,0.5,0,72,22,0,0,0,0,9.2,0.0,0.0,0.09350853391213151,0.09350853391213151
centered_weighted_sum,xlsx:樣本2:Sheet36:2:1:8x10,8x10,0.5,0,72,30,0,0,0,0,8.05,0.0,0.0,0.1157878669905354,0.1157878669905354
baseline,xlsx:樣本2:Sheet36:2:1:8x10,8x10,0.5,0,74,14,0,0,0,0,9.3,0.0,0.0,0.11374379091256957,0.11374379091256957
hard_gate_050,xlsx:樣本2:Sheet36:2:1:8x10,8x10,0.5,0,74,16,0,0,0,0,3.15,0.6881188118811881,0.0,0.0764004429840307,0.0764004429840307
hard_gate_055,xlsx:樣本2:Sheet36:2:1:8x10,8x10,0.5,0,74,22,0,0,0,0,1.725,0.8292079207920792,0.05,0.08781780443643786,0.08781780443643786
hard_gate_060,xlsx:樣本2:Sheet36:2:1:8x10,8x10,0.5,0,74,27,0,0,0,0,1.35,0.8663366336633663,0.05,0.08535958640370565,0.08535958640370565
soft_gate_050,xlsx:樣本2:Sheet36:2:1:8x10,8x10,0.5,0,74,16,0,0,0,0,9.3,0.0,0.0,0.09253396740680148,0.09253396740680148
centered_weighted_sum,xlsx:樣本2:Sheet36:2:1:8x10,8x10,0.5,0,74,14,0,0,0,0,8.15,0.0,0.0,0.11374379091256956,0.11374379091256956
baseline,xlsx:樣本2:Sheet36:2:1:8x10,8x10,0.5,0,75,24,0,0,0,0,9.275,0.0,0.0,0.1133448286139337,0.1133448286139337
hard_gate_050,xlsx:樣本2:Sheet36:2:1:8x10,8x10,0.5,0,75,20,0,0,0,0,3.125,0.6898263027295285,0.0,0.07646705717096333,0.07646705717096333
hard_gate_055,xlsx:樣本2:Sheet36:2:1:8x10,8x10,0.5,0,75,21,0,0,0,0,1.7,0.8312655086848635,0.05,0.08612380664374147,0.08612380664374147
hard_gate_060,xlsx:樣本2:Sheet36:2:1:8x10,8x10,0.5,0,75,24,0,0,0,0,1.325,0.8684863523573201,0.05,0.08484180342608862,0.08484180342608862
soft_gate_050,xlsx:樣本2:Sheet36:2:1:8x10,8x10,0.5,0,75,25,0,0,0,0,9.275,0.0,0.0,0.09198179066092668,0.09198179066092668
centered_weighted_sum,xlsx:樣本2:Sheet36:2:1:8x10,8x10,0.5,0,75,24,0,0,0,0,8.125,0.0,0.0,0.11334482861393369,0.11334482861393369
baseline,xlsx:樣本2:Sheet36:2:1:8x10,8x10,0.5,0,78,17,0,0,0,0,9.375,0.0,0.0,0.11071918077143875,0.11071918077143875
hard_gate_050,xlsx:樣本2:Sheet36:2:1:8x10,8x10,0.5,0,78,17,0,0,0,0,3.2,0.6839506172839506,0.0,0.07627297289830257,0.07627297289830257
hard_gate_055,xlsx:樣本2:Sheet36:2:1:8x10,8x10,0.5,0,78,22,0,0,0,0,1.8,0.8222222222222222,0.05,0.08756536117058965,0.08756536117058965
hard_gate_060,xlsx:樣本2:Sheet36:2:1:8x10,8x10,0.5,0,78,20,0,0,0,0,1.375,0.8641975308641975,0.05,0.08861100613660292,0.08861100613660292
soft_gate_050,xlsx:樣本2:Sheet36:2:1:8x10,8x10,0.5,0,78,17,0,0,0,0,9.375,0.0,0.0,0.09082882454989204,0.09082882454989204
centered_weighted_sum,xlsx:樣本2:Sheet36:2:1:8x10,8x10,0.5,0,78,17,0,0,0,0,8.175,0.0,0.0,0.11071918077143875,0.11071918077143875
baseline,xlsx:樣本2:Sheet36:2:1:8x10,8x10,0.5,0,79,18,0,0,0,0,9.275,0.0,0.0,0.1094990380677425,0.1094990380677425
hard_gate_050,xlsx:樣本2:Sheet36:2:1:8x10,8x10,0.5,0,79,10,0,0,0,1,3.075,0.6932668329177057,0.0,0.07372224089077538,0.07372224089077538
hard_gate_055,xlsx:樣本2:Sheet36:2:1:8x10,8x10,0.5,0,79,14,0,0,0,0,1.65,0.8354114713216958,0.05,0.08219034655434576,0.08219034655434576
hard_gate_060,xlsx:樣本2:Sheet36:2:1:8x10,8x10,0.5,0,79,14,0,0,0,0,1.3,0.8703241895261845,0.05,0.08058267162712444,0.08058267162712444
soft_gate_050,xlsx:樣本2:Sheet36:2:1:8x10,8x10,0.5,0,79,16,0,0,0,0,9.275,0.0,0.0,0.08942382528831413,0.08942382528831413
centered_weighted_sum,xlsx:樣本2:Sheet36:2:1:8x10,8x10,0.5,0,79,18,0,0,0,0,8.075,0.0,0.0,0.1094990380677425,0.1094990380677425
baseline,xlsx:樣本2:Sheet34:2:1:8x10,8x10,0.3,0,3,24,0,0,0,0,9.25,0.0,0.0,0.07623611369177427,0.07623611369177427
hard_gate_050,xlsx:樣本2:Sheet34:2:1:8x10,8x10,0.3,0,3,23,0,0,0,0,4.541666666666667,0.556910569105691,0.0,0.048877577468747886,0.048877577468747886
hard_gate_055,xlsx:樣本2:Sheet34:2:1:8x10,8x10,0.3,0,3,22,0,0,0,0,2.4583333333333335,0.7601626016260162,0.0,0.06790455902923005,0.06790455902923005
hard_gate_060,xlsx:樣本2:Sheet34:2:1:8x10,8x10,0.3,0,3,24,0,0,0,0,1.625,0.8414634146341463,0.0,0.07038172200719352,0.07038172200719352
soft_gate_050,xlsx:樣本2:Sheet34:2:1:8x10,8x10,0.3,0,3,24,0,0,0,0,9.25,0.0,0.0,0.05043028667745396,0.05043028667745396
centered_weighted_sum,xlsx:樣本2:Sheet34:2:1:8x10,8x10,0.3,0,3,24,0,0,0,0,9.208333333333334,0.0,0.0,0.07623611369177428,0.07623611369177428
baseline,xlsx:樣本2:Sheet34:2:1:8x10,8x10,0.3,0,9,10,0,0,0,1,9.25,0.0,0.0,0.0816577483028313,0.0816577483028313
hard_gate_050,xlsx:樣本2:Sheet34:2:1:8x10,8x10,0.3,0,9,9,0,0,0,1,4.666666666666667,0.5428571428571428,0.0,0.06004487421838531,0.06004487421838531
hard_gate_055,xlsx:樣本2:Sheet34:2:1:8x10,8x10,0.3,0,9,13,0,0,0,0,2.5833333333333335,0.746938775510204,0.0,0.06561388562511779,0.06561388562511779
hard_gate_060,xlsx:樣本2:Sheet34:2:1:8x10,8x10,0.3,0,9,10,0,0,0,1,1.7916666666666667,0.8244897959183674,0.0,0.08400415139907304,0.08400415139907304
soft_gate_050,xlsx:樣本2:Sheet34:2:1:8x10,8x10,0.3,0,9,8,0,0,0,1,9.25,0.0,0.0,0.06605651099425328,0.06605651099425328
centered_weighted_sum,xlsx:樣本2:Sheet34:2:1:8x10,8x10,0.3,0,9,10,0,0,0,1,9.208333333333334,0.0,0.0,0.0816577483028313,0.0816577483028313
baseline,xlsx:樣本2:Sheet34:2:1:8x10,8x10,0.3,0,15,21,0,0,0,0,9.125,0.0,0.0,0.09136880734881958,0.09136880734881958
hard_gate_050,xlsx:樣本2:Sheet34:2:1:8x10,8x10,0.3,0,15,24,0,0,0,0,4.791666666666667,0.5247933884297521,0.0,0.06905964589156884,0.06905964589156884
hard_gate_055,xlsx:樣本2:Sheet34:2:1:8x10,8x10,0.3,0,15,15,0,0,0,0,2.5416666666666665,0.7479338842975206,0.0,0.07658899824060708,0.07658899824060708
hard_gate_060,xlsx:樣本2:Sheet34:2:1:8x10,8x10,0.3,0,15,18,0,0,0,0,1.9583333333333333,0.8057851239669421,0.0,0.08734761184570788,0.08734761184570788
soft_gate_050,xlsx:樣本2:Sheet34:2:1:8x10,8x10,0.3,0,15,23,0,0,0,0,9.125,0.0,0.0,0.07600870926935685,0.07600870926935685
centered_weighted_sum,xlsx:樣本2:Sheet34:2:1:8x10,8x10,0.3,0,15,21,0,0,0,0,9.083333333333334,0.0,0.0,0.09136880734881957,0.09136880734881957
baseline,xlsx:樣本2:Sheet34:2:1:8x10,8x10,0.3,0,18,6,0,0,0,1,9.125,0.0,0.0,0.09266397267206433,0.09266397267206433
hard_gate_050,xlsx:樣本2:Sheet34:2:1:8x10,8x10,0.3,0,18,5,0,0,1,1,4.875,0.5165289256198347,0.0,0.06815189839449286,0.06815189839449286
hard_gate_055,xlsx:樣本2:Sheet34:2:1:8x10,8x10,0.3,0,18,5,0,0,1,1,2.5833333333333335,0.743801652892562,0.0,0.07166743404779403,0.07166743404779403
hard_gate_060,xlsx:樣本2:Sheet34:2:1:8x10,8x10,0.3,0,18,9,0,0,0,1,1.9166666666666667,0.8099173553719008,0.0,0.07974896450983003,0.07974896450983003
soft_gate_050,xlsx:樣本2:Sheet34:2:1:8x10,8x10,0.3,0,18,7,0,0,0,1,9.125,0.0,0.0,0.07340534617469129,0.07340534617469129
centered_weighted_sum,xlsx:樣本2:Sheet34:2:1:8x10,8x10,0.3,0,18,6,0,0,0,1,9.208333333333334,0.0,0.0,0.09266397267206433,0.09266397267206433
baseline,xlsx:樣本2:Sheet34:2:1:8x10,8x10,0.3,0,25,3,0,1,1,1,9.208333333333334,0.0,0.0,0.09288960561950071,0.09288960561950071
hard_gate_050,xlsx:樣本2:Sheet34:2:1:8x10,8x10,0.3,0,25,2,0,1,1,1,4.916666666666667,0.512396694214876,0.0,0.07151398476471563,0.07151398476471563
hard_gate_055,xlsx:樣本2:Sheet34:2:1:8x10,8x10,0.3,0,25,9,0,0,0,1,2.5416666666666665,0.7479338842975206,0.0,0.08539866956095032,0.08539866956095032
hard_gate_060,xlsx:樣本2:Sheet34:2:1:8x10,8x10,0.3,0,25,11,0,0,0,0,1.875,0.8140495867768595,0.0,0.08576043739412582,0.08576043739412582
soft_gate_050,xlsx:樣本2:Sheet34:2:1:8x10,8x10,0.3,0,25,1,1,1,1,1,9.208333333333334,0.0,0.0,0.07432512901670167,0.07432512901670167
centered_weighted_sum,xlsx:樣本2:Sheet34:2:1:8x10,8x10,0.3,0,25,3,0,1,1,1,9.208333333333334,0.0,0.0,0.09288960561950071,0.09288960561950071
baseline,xlsx:樣本2:Sheet34:2:1:8x10,8x10,0.3,0,27,9,0,0,0,1,9.125,0.0,0.0,0.09489568410741392,0.09489568410741392
hard_gate_050,xlsx:樣本2:Sheet34:2:1:8x10,8x10,0.3,0,27,16,0,0,0,0,4.958333333333333,0.5062240663900415,0.0,0.07330666788972862,0.07330666788972862
hard_gate_055,xlsx:樣本2:Sheet34:2:1:8x10,8x10,0.3,0,27,4,0,0,1,1,2.5416666666666665,0.7468879668049793,0.0,0.0850288392277448,0.0850288392277448
hard_gate_060,xlsx:樣本2:Sheet34:2:1:8x10,8x10,0.3,0,27,5,0,0,1,1,1.7916666666666667,0.8215767634854771,0.0,0.07628026108704235,0.07628026108704235
soft_gate_050,xlsx:樣本2:Sheet34:2:1:8x10,8x10,0.3,0,27,9,0,0,0,1,9.125,0.0,0.0,0.07361258555746537,0.07361258555746537
centered_weighted_sum,xlsx:樣本2:Sheet34:2:1:8x10,8x10,0.3,0,27,9,0,0,0,1,9.208333333333334,0.0,0.0,0.0948956841074139,0.0948956841074139
baseline,xlsx:樣本2:Sheet34:2:1:8x10,8x10,0.3,0,28,4,0,0,1,1,9.125,0.0,0.0,0.09476514786870929,0.09476514786870929
hard_gate_050,xlsx:樣本2:Sheet34:2:1:8x10,8x10,0.3,0,28,2,0,1,1,1,4.833333333333333,0.5186721991701245,0.0,0.07310747245315441,0.07310747245315441
hard_gate_055,xlsx:樣本2:Sheet34:2:1:8x10,8x10,0.3,0,28,3,0,1,1,1,2.5416666666666665,0.7468879668049793,0.0,0.08749987998607481,0.08749987998607481
hard_gate_060,xlsx:樣本2:Sheet34:2:1:8x10,8x10,0.3,0,28,2,0,1,1,1,1.75,0.8257261410788381,0.0,0.07827740492038329,0.07827740492038329
soft_gate_050,xlsx:樣本2:Sheet34:2:1:8x10,8x10,0.3,0,28,5,0,0,1,1,9.125,0.0,0.0,0.0744410343257635,0.0744410343257635
centered_weighted_sum,xlsx:樣本2:Sheet34:2:1:8x10,8x10,0.3,0,28,4,0,0,1,1,9.208333333333334,0.0,0.0,0.09476514786870929,0.09476514786870929
baseline,xlsx:樣本2:Sheet34:2:1:8x10,8x10,0.3,0,30,11,0,0,0,0,9.25,0.0,0.0,0.09745531748017652,0.09745531748017652
hard_gate_050,xlsx:樣本2:Sheet34:2:1:8x10,8x10,0.3,0,30,17,0,0,0,0,4.833333333333333,0.522633744855967,0.0,0.07354575357351019,0.07354575357351019
hard_gate_055,xlsx:樣本2:Sheet34:2:1:8x10,8x10,0.3,0,30,21,0,0,0,0,2.625,0.7407407407407407,0.0,0.0849693305702631,0.0849693305702631
hard_gate_060,xlsx:樣本2:Sheet34:2:1:8x10,8x10,0.3,0,30,23,0,0,0,0,1.75,0.8271604938271605,0.0,0.08354682296500243,0.08354682296500243
soft_gate_050,xlsx:樣本2:Sheet34:2:1:8x10,8x10,0.3,0,30,9,0,0,0,1,9.25,0.0,0.0,0.07841900769801116,0.07841900769801116
centered_weighted_sum,xlsx:樣本2:Sheet34:2:1:8x10,8x10,0.3,0,30,11,0,0,0,0,9.208333333333334,0.0,0.0,0.09745531748017652,0.09745531748017652
baseline,xlsx:樣本2:Sheet34:2:1:8x10,8x10,0.3,0,32,2,0,1,1,1,9.458333333333334,0.0,0.0,0.09746334729220138,0.09746334729220138
hard_gate_050,xlsx:樣本2:Sheet34:2:1:8x10,8x10,0.3,0,32,1,1,1,1,1,4.791666666666667,0.5362903225806451,0.0,0.0714759729408019,0.0714759729408019
hard_gate_055,xlsx:樣本2:Sheet34:2:1:8x10,8x10,0.3,0,32,5,0,0,1,1,2.75,0.7338709677419355,0.0,0.08541035229177504,0.08541035229177504
hard_gate_060,xlsx:樣本2:Sheet34:2:1:8x10,8x10,0.3,0,32,5,0,0,1,1,1.9583333333333333,0.8104838709677419,0.0,0.08960310382831382,0.08960310382831382
soft_gate_050,xlsx:樣本2:Sheet34:2:1:8x10,8x10,0.3,0,32,3,0,1,1,1,9.458333333333334,0.0,0.0,0.0807512442285389,0.0807512442285389
centered_weighted_sum,xlsx:樣本2:Sheet34:2:1:8x10,8x10,0.3,0,32,2,0,1,1,1,9.208333333333334,0.0,0.0,0.09746334729220138,0.09746334729220138
baseline,xlsx:樣本2:Sheet34:2:1:8x10,8x10,0.3,0,35,23,0,0,0,0,9.166666666666666,0.0,0.0,0.09988167703379972,0.09988167703379972
hard_gate_050,xlsx:樣本2:Sheet34:2:1:8x10,8x10,0.3,0,35,23,0,0,0,0,4.75,0.5269709543568465,0.0,0.0684118898930784,0.0684118898930784
hard_gate_055,xlsx:樣本2:Sheet34:2:1:8x10,8x10,0.3,0,35,23,0,0,0,0,2.4583333333333335,0.7551867219917012,0.0,0.08147357953328686,0.08147357953328686
hard_gate_060,xlsx:樣本2:Sheet34:2:1:8x10,8x10,0.3,0,35,18,0,0,0,0,1.8333333333333333,0.8174273858921162,0.0,0.08641024873974804,0.08641024873974804
soft_gate_050,xlsx:樣本2:Sheet34:2:1:8x10,8x10,0.3,0,35,23,0,0,0,0,9.166666666666666,0.0,0.0,0.08006916464209131,0.08006916464209131
centered_weighted_sum,xlsx:樣本2:Sheet34:2:1:8x10,8x10,0.3,0,35,23,0,0,0,0,9.208333333333334,0.0,0.0,0.0998816770337997,0.0998816770337997
baseline,xlsx:樣本2:Sheet34:2:1:8x10,8x10,0.3,0,36,17,0,0,0,0,9.208333333333334,0.0,0.0,0.09974367655317244,0.09974367655317244
hard_gate_050,xlsx:樣本2:Sheet34:2:1:8x10,8x10,0.3,0,36,17,0,0,0,0,4.833333333333333,0.5206611570247934,0.0,0.06738582282215098,0.06738582282215098
hard_gate_055,xlsx:樣本2:Sheet34:2:1:8x10,8x10,0.3,0,36,19,0,0,0,0,2.5,0.7520661157024794,0.0,0.07786468494227966,0.07786468494227966
hard_gate_060,xlsx:樣本2:Sheet34:2:1:8x10,8x10,0.3,0,36,22,0,0,0,0,1.7916666666666667,0.8223140495867769,0.0,0.08672577081866552,0.08672577081866552
soft_gate_050,xlsx:樣本2:Sheet34:2:1:8x10,8x10,0.3,0,36,18,0,0,0,0,9.208333333333334,0.0,0.0,0.08166114094674512,0.08166114094674512
centered_weighted_sum,xlsx:樣本2:Sheet34:2:1:8x10,8x10,0.3,0,36,17,0,0,0,0,9.208333333333334,0.0,0.0,0.09974367655317244,0.09974367655317244
baseline,xlsx:樣本2:Sheet34:2:1:8x10,8x10,0.3,0,40,3,0,1,1,1,9.083333333333334,0.0,0.0,0.08753791506570642,0.08753791506570642
hard_gate_050,xlsx:樣本2:Sheet34:2:1:8x10,8x10,0.3,0,40,3,0,1,1,1,4.791666666666667,0.5228215767634855,0.0,0.06074682867297266,0.06074682867297266
hard_gate_055,xlsx:樣本2:Sheet34:2:1:8x10,8x10,0.3,0,40,3,0,1,1,1,2.5,0.7510373443983402,0.0,0.07385918892669202,0.07385918892669202
hard_gate_060,xlsx:樣本2:Sheet34:2:1:8x10,8x10,0.3,0,40,2,0,1,1,1,1.7083333333333333,0.8298755186721992,0.0,0.0745690858828404,0.0745690858828404
soft_gate_050,xlsx:樣本2:Sheet34:2:1:8x10,8x10,0.3,0,40,1,1,1,1,1,9.083333333333334,0.0,0.0,0.07477022762122272,0.07477022762122272
centered_weighted_sum,xlsx:樣本2:Sheet34:2:1:8x10,8x10,0.3,0,40,3,0,1,1,1,9.208333333333334,0.0,0.0,0.08753791506570642,0.08753791506570642
baseline,xlsx:樣本2:Sheet34:2:1:8x10,8x10,0.3,0,45,16,0,0,0,0,9.125,0.0,0.0,0.08807587731041634,0.08807587731041634
hard_gate_050,xlsx:樣本2:Sheet34:2:1:8x10,8x10,0.3,0,45,18,0,0,0,0,4.666666666666667,0.5371900826446281,0.0,0.062378306799158144,0.062378306799158144
hard_gate_055,xlsx:樣本2:Sheet34:2:1:8x10,8x10,0.3,0,45,22,0,0,0,0,2.5416666666666665,0.7479338842975206,0.0,0.07232043596702006,0.07232043596702006
hard_gate_060,xlsx:樣本2:Sheet34:2:1:8x10,8x10,0.3,0,45,23,0,0,0,0,1.7916666666666667,0.8223140495867769,0.0,0.07346175013556694,0.07346175013556694
soft_gate_050,xlsx:樣本2:Sheet34:2:1:8x10,8x10,0.3,0,45,18,0,0,0,0,9.125,0.0,0.0,0.07264084644915708,0.07264084644915708
centered_weighted_sum,xlsx:樣本2:Sheet34:2:1:8x10,8x10,0.3,0,45,16,0,0,0,0,9.208333333333334,0.0,0.0,0.08807587731041636,0.08807587731041636
baseline,xlsx:樣本2:Sheet34:2:1:8x10,8x10,0.3,0,46,9,0,0,0,1,9.125,0.0,0.0,0.0890881447971435,0.0890881447971435
hard_gate_050,xlsx:樣本2:Sheet34:2:1:8x10,8x10,0.3,0,46,6,0,0,0,1,4.708333333333333,0.5330578512396694,0.0,0.06516227704008978,0.06516227704008978
hard_gate_055,xlsx:樣本2:Sheet34:2:1:8x10,8x10,0.3,0,46,11,0,0,0,0,2.5,0.7520661157024794,0.0,0.07080447969916817,0.07080447969916817
hard_gate_060,xlsx:樣本2:Sheet34:2:1:8x10,8x10,0.3,0,46,11,0,0,0,0,1.75,0.8264462809917356,0.0,0.06883104748143916,0.06883104748143916
soft_gate_050,xlsx:樣本2:Sheet34:2:1:8x10,8x10,0.3,0,46,7,0,0,0,1,9.125,0.0,0.0,0.07316183071063452,0.07316183071063452
centered_weighted_sum,xlsx:樣本2:Sheet34:2:1:8x10,8x10,0.3,0,46,9,0,0,0,1,9.208333333333334,0.0,0.0,0.0890881447971435,0.0890881447971435
baseline,xlsx:樣本2:Sheet34:2:1:8x10,8x10,0.3,0,47,21,0,0,0,0,9.041666666666666,0.0,0.0,0.0904215455738995,0.0904215455738995
hard_gate_050,xlsx:樣本2:Sheet34:2:1:8x10,8x10,0.3,0,47,24,0,0,0,0,4.708333333333333,0.5291666666666667,0.0,0.06619623983501932,0.06619623983501932
hard_gate_055,xlsx:樣本2:Sheet34:2:1:8x10,8x10,0.3,0,47,13,0,0,0,0,2.4166666666666665,0.7583333333333333,0.0,0.0680923638892934,0.0680923638892934
hard_gate_060,xlsx:樣本2:Sheet34:2:1:8x10,8x10,0.3,0,47,20,0,0,0,0,1.75,0.825,0.0,0.06531101100531983,0.06531101100531983
soft_gate_050,xlsx:樣本2:Sheet34:2:1:8x10,8x10,0.3,0,47,21,0,0,0,0,9.041666666666666,0.0,0.0,0.07361926109017759,0.07361926109017759
centered_weighted_sum,xlsx:樣本2:Sheet34:2:1:8x10,8x10,0.3,0,47,21,0,0,0,0,9.166666666666666,0.0,0.0,0.0904215455738995,0.0904215455738995
baseline,xlsx:樣本2:Sheet34:2:1:8x10,8x10,0.3,0,48,24,0,0,0,0,9.125,0.0,0.0,0.0923191338307129,0.0923191338307129
hard_gate_050,xlsx:樣本2:Sheet34:2:1:8x10,8x10,0.3,0,48,21,0,0,0,0,4.75,0.5289256198347108,0.0,0.07053698458148708,0.07053698458148708
hard_gate_055,xlsx:樣本2:Sheet34:2:1:8x10,8x10,0.3,0,48,22,0,0,0,0,2.5416666666666665,0.7479338842975206,0.0,0.07077506922010662,0.07077506922010662
hard_gate_060,xlsx:樣本2:Sheet34:2:1:8x10,8x10,0.3,0,48,11,0,0,0,0,1.8333333333333333,0.8181818181818182,0.0,0.0714022023468044,0.0714022023468044
soft_gate_050,xlsx:樣本2:Sheet34:2:1:8x10,8x10,0.3,0,48,24,0,0,0,0,9.125,0.0,0.0,0.07678524161879065,0.07678524161879065
centered_weighted_sum,xlsx:樣本2:Sheet34:2:1:8x10,8x10,0.3,0,48,24,0,0,0,0,9.208333333333334,0.0,0.0,0.09231913383071291,0.09231913383071291
baseline,xlsx:樣本2:Sheet34:2:1:8x10,8x10,0.3,0,50,13,0,0,0,0,9.208333333333334,0.0,0.0,0.10012879093987746,0.10012879093987746
hard_gate_050,xlsx:樣本2:Sheet34:2:1:8x10,8x10,0.3,0,50,12,0,0,0,0,4.666666666666667,0.5371900826446281,0.0,0.07392732511859579,0.07392732511859579
hard_gate_055,xlsx:樣本2:Sheet34:2:1:8x10,8x10,0.3,0,50,14,0,0,0,0,2.5,0.7520661157024794,0.0,0.07476090907737264,0.07476090907737264
hard_gate_060,xlsx:樣本2:Sheet34:2:1:8x10,8x10,0.3,0,50,22,0,0,0,0,1.7916666666666667,0.8223140495867769,0.0,0.07282431408758416,0.07282431408758416
soft_gate_050,xlsx:樣本2:Sheet34:2:1:8x10,8x10,0.3,0,50,15,0,0,0,0,9.208333333333334,0.0,0.0,0.079718548108684,0.079718548108684
centered_weighted_sum,xlsx:樣本2:Sheet34:2:1:8x10,8x10,0.3,0,50,13,0,0,0,0,9.208333333333334,0.0,0.0,0.10012879093987745,0.10012879093987745
baseline,xlsx:樣本2:Sheet34:2:1:8x10,8x10,0.3,0,51,19,0,0,0,0,9.291666666666666,0.0,0.0,0.10072585327368594,0.10072585327368594
hard_gate_050,xlsx:樣本2:Sheet34:2:1:8x10,8x10,0.3,0,51,14,0,0,0,0,4.666666666666667,0.5409836065573771,0.0,0.07538286562707008,0.07538286562707008
hard_gate_055,xlsx:樣本2:Sheet34:2:1:8x10,8x10,0.3,0,51,19,0,0,0,0,2.5833333333333335,0.7459016393442623,0.0,0.0784278234878808,0.0784278234878808
hard_gate_060,xlsx:樣本2:Sheet34:2:1:8x10,8x10,0.3,0,51,7,0,0,0,1,1.7916666666666667,0.8237704918032787,0.0,0.07500190964454706,0.07500190964454706
soft_gate_050,xlsx:樣本2:Sheet34:2:1:8x10,8x10,0.3,0,51,12,0,0,0,0,9.291666666666666,0.0,0.0,0.08021558959151269,0.08021558959151269
centered_weighted_sum,xlsx:樣本2:Sheet34:2:1:8x10,8x10,0.3,0,51,19,0,0,0,0,9.208333333333334,0.0,0.0,0.10072585327368594,0.10072585327368594
baseline,xlsx:樣本2:Sheet34:2:1:8x10,8x10,0.3,0,53,13,0,0,0,0,9.291666666666666,0.0,0.0,0.10304442623134155,0.10304442623134155
hard_gate_050,xlsx:樣本2:Sheet34:2:1:8x10,8x10,0.3,0,53,15,0,0,0,0,4.666666666666667,0.5409836065573771,0.0,0.0811202548317596,0.0811202548317596
hard_gate_055,xlsx:樣本2:Sheet34:2:1:8x10,8x10,0.3,0,53,9,0,0,0,1,2.5833333333333335,0.7459016393442623,0.0,0.08437951765399579,0.08437951765399579
hard_gate_060,xlsx:樣本2:Sheet34:2:1:8x10,8x10,0.3,0,53,15,0,0,0,0,1.7916666666666667,0.8237704918032787,0.0,0.08444236017047507,0.08444236017047507
soft_gate_050,xlsx:樣本2:Sheet34:2:1:8x10,8x10,0.3,0,53,18,0,0,0,0,9.291666666666666,0.0,0.0,0.08261700866645183,0.08261700866645183
centered_weighted_sum,xlsx:樣本2:Sheet34:2:1:8x10,8x10,0.3,0,53,13,0,0,0,0,9.208333333333334,0.0,0.0,0.10304442623134155,0.10304442623134155
baseline,xlsx:樣本2:Sheet34:2:1:8x10,8x10,0.3,0,63,10,0,0,0,1,9.375,0.0,0.0,0.08197060253020097,0.08197060253020097
hard_gate_050,xlsx:樣本2:Sheet34:2:1:8x10,8x10,0.3,0,63,18,0,0,0,0,4.625,0.5487804878048781,0.0,0.051713270819611905,0.051713270819611905
hard_gate_055,xlsx:樣本2:Sheet34:2:1:8x10,8x10,0.3,0,63,12,0,0,0,0,2.625,0.7439024390243902,0.0,0.08816315178586878,0.08816315178586878
hard_gate_060,xlsx:樣本2:Sheet34:2:1:8x10,8x10,0.3,0,63,8,0,0,0,1,1.8333333333333333,0.8211382113821138,0.0,0.0939747429274897,0.0939747429274897
soft_gate_050,xlsx:樣本2:Sheet34:2:1:8x10,8x10,0.3,0,63,6,0,0,0,1,9.375,0.0,0.0,0.05133464001692954,0.05133464001692954
centered_weighted_sum,xlsx:樣本2:Sheet34:2:1:8x10,8x10,0.3,0,63,10,0,0,0,1,9.208333333333334,0.0,0.0,0.08197060253020097,0.08197060253020097
baseline,xlsx:樣本2:Sheet34:2:1:8x10,8x10,0.3,0,67,22,0,0,0,0,9.208333333333334,0.0,0.0,0.09367313416475914,0.09367313416475914
hard_gate_050,xlsx:樣本2:Sheet34:2:1:8x10,8x10,0.3,0,67,21,0,0,0,0,4.583333333333333,0.5435684647302904,0.0,0.05806711531875692,0.05806711531875692
hard_gate_055,xlsx:樣本2:Sheet34:2:1:8x10,8x10,0.3,0,67,22,0,0,0,0,2.4166666666666665,0.7593360995850622,0.0,0.08414516238375166,0.08414516238375166
hard_gate_060,xlsx:樣本2:Sheet34:2:1:8x10,8x10,0.3,0,67,19,0,0,0,0,1.75,0.8257261410788381,0.0,0.08059520388904921,0.08059520388904921
soft_gate_050,xlsx:樣本2:Sheet34:2:1:8x10,8x10,0.3,0,67,20,0,0,0,0,9.208333333333334,0.0,0.0,0.05719019829179401,0.05719019829179401
centered_weighted_sum,xlsx:樣本2:Sheet34:2:1:8x10,8x10,0.3,0,67,22,0,0,0,0,9.166666666666666,0.0,0.0,0.09367313416475914,0.09367313416475914
baseline,xlsx:樣本2:Sheet34:2:1:8x10,8x10,0.3,0,68,10,0,0,0,1,9.166666666666666,0.0,0.0,0.09218336611080113,0.09218336611080113
hard_gate_050,xlsx:樣本2:Sheet34:2:1:8x10,8x10,0.3,0,68,13,0,0,0,0,4.583333333333333,0.5416666666666666,0.0,0.057152364029340076,0.057152364029340076
hard_gate_055,xlsx:樣本2:Sheet34:2:1:8x10,8x10,0.3,0,68,8,0,0,0,1,2.375,0.7625,0.0,0.08470210967815359,0.08470210967815359
hard_gate_060,xlsx:樣本2:Sheet34:2:1:8x10,8x10,0.3,0,68,5,0,0,1,1,1.75,0.825,0.0,0.08344420813104922,0.08344420813104922
soft_gate_050,xlsx:樣本2:Sheet34:2:1:8x10,8x10,0.3,0,68,13,0,0,0,0,9.166666666666666,0.0,0.0,0.056698455176786254,0.056698455176786254
centered_weighted_sum,xlsx:樣本2:Sheet34:2:1:8x10,8x10,0.3,0,68,10,0,0,0,1,9.208333333333334,0.0,0.0,0.09218336611080112,0.09218336611080112
baseline,xlsx:樣本2:Sheet34:2:1:8x10,8x10,0.3,0,69,1,1,1,1,1,9.291666666666666,0.0,0.0,0.09236848179117972,0.09236848179117972
hard_gate_050,xlsx:樣本2:Sheet34:2:1:8x10,8x10,0.3,0,69,4,0,0,1,1,4.583333333333333,0.5473251028806584,0.0,0.05697853946039246,0.05697853946039246
hard_gate_055,xlsx:樣本2:Sheet34:2:1:8x10,8x10,0.3,0,69,2,0,1,1,1,2.4583333333333335,0.757201646090535,0.0,0.07414756091870671,0.07414756091870671
hard_gate_060,xlsx:樣本2:Sheet34:2:1:8x10,8x10,0.3,0,69,4,0,0,1,1,1.7916666666666667,0.823045267489712,0.0,0.07435068274912805,0.07435068274912805
soft_gate_050,xlsx:樣本2:Sheet34:2:1:8x10,8x10,0.3,0,69,4,0,0,1,1,9.291666666666666,0.0,0.0,0.05669822976318321,0.05669822976318321
centered_weighted_sum,xlsx:樣本2:Sheet34:2:1:8x10,8x10,0.3,0,69,1,1,1,1,1,9.208333333333334,0.0,0.0,0.09236848179117972,0.09236848179117972
baseline,xlsx:樣本2:Sheet34:2:1:8x10,8x10,0.3,0,77,13,0,0,0,0,9.125,0.0,0.0,0.0990514273749801,0.0990514273749801
hard_gate_050,xlsx:樣本2:Sheet34:2:1:8x10,8x10,0.3,0,77,8,0,0,0,1,4.625,0.5394190871369294,0.0,0.05962999990383847,0.05962999990383847
hard_gate_055,xlsx:樣本2:Sheet34:2:1:8x10,8x10,0.3,0,77,12,0,0,0,0,2.3333333333333335,0.7676348547717843,0.0,0.0859078000075662,0.0859078000075662
hard_gate_060,xlsx:樣本2:Sheet34:2:1:8x10,8x10,0.3,0,77,17,0,0,0,0,1.7083333333333333,0.8298755186721992,0.0,0.0856605258431021,0.0856605258431021
soft_gate_050,xlsx:樣本2:Sheet34:2:1:8x10,8x10,0.3,0,77,11,0,0,0,0,9.125,0.0,0.0,0.08076793588016465,0.08076793588016465
centered_weighted_sum,xlsx:樣本2:Sheet34:2:1:8x10,8x10,0.3,0,77,13,0,0,0,0,9.208333333333334,0.0,0.0,0.09905142737498013,0.09905142737498013
baseline,xlsx:樣本2:Sheet34:2:1:8x10,8x10,0.5,0,2,24,0,0,0,0,9.275,0.0,0.0,0.10686959490640269,0.10686959490640269
hard_gate_050,xlsx:樣本2:Sheet34:2:1:8x10,8x10,0.5,0,2,15,0,0,0,0,3.2,0.6807980049875312,0.0,0.0708181755829731,0.0708181755829731
hard_gate_055,xlsx:樣本2:Sheet34:2:1:8x10,8x10,0.5,0,2,19,0,0,0,0,1.6,0.8403990024937655,0.025,0.08476698385443063,0.08476698385443063
hard_gate_060,xlsx:樣本2:Sheet34:2:1:8x10,8x10,0.5,0,2,15,0,0,0,0,1.2,0.8802992518703242,0.025,0.08340733944078091,0.08340733944078091
soft_gate_050,xlsx:樣本2:Sheet34:2:1:8x10,8x10,0.5,0,2,17,0,0,0,0,9.275,0.0,0.0,0.09870716694376527,0.09870716694376527
centered_weighted_sum,xlsx:樣本2:Sheet34:2:1:8x10,8x10,0.5,0,2,24,0,0,0,0,8.075,0.0,0.0,0.10686959490640269,0.10686959490640269
baseline,xlsx:樣本2:Sheet34:2:1:8x10,8x10,0.5,0,3,19,0,0,0,0,9.275,0.0,0.0,0.1087874759817301,0.1087874759817301
hard_gate_050,xlsx:樣本2:Sheet34:2:1:8x10,8x10,0.5,0,3,26,0,0,0,0,3.225,0.6791044776119403,0.0,0.06984882877066907,0.06984882877066907
hard_gate_055,xlsx:樣本2:Sheet34:2:1:8x10,8x10,0.5,0,3,17,0,0,0,0,1.625,0.8383084577114428,0.025,0.08192295572057635,0.08192295572057635
hard_gate_060,xlsx:樣本2:Sheet34:2:1:8x10,8x10,0.5,0,3,24,0,0,0,0,1.175,0.8830845771144279,0.05,0.0832151235400272,0.0832151235400272
soft_gate_050,xlsx:樣本2:Sheet34:2:1:8x10,8x10,0.5,0,3,21,0,0,0,0,9.275,0.0,0.0,0.09976085466944278,0.09976085466944278
centered_weighted_sum,xlsx:樣本2:Sheet34:2:1:8x10,8x10,0.5,0,3,19,0,0,0,0,8.175,0.0,0.0,0.1087874759817301,0.1087874759817301
baseline,xlsx:樣本2:Sheet34:2:1:8x10,8x10,0.5,0,4,31,0,0,0,0,9.225,0.0,0.0,0.1108947447962707,0.1108947447962707
hard_gate_050,xlsx:樣本2:Sheet34:2:1:8x10,8x10,0.5,0,4,27,0,0,0,0,3.275,0.6725,0.0,0.07081319406153604,0.07081319406153604
hard_gate_055,xlsx:樣本2:Sheet34:2:1:8x10,8x10,0.5,0,4,28,0,0,0,0,1.575,0.8425,0.025,0.08170218609067365,0.08170218609067365
hard_gate_060,xlsx:樣本2:Sheet34:2:1:8x10,8x10,0.5,0,4,18,0,0,0,0,1.175,0.8825,0.05,0.081382803637119,0.081382803637119
soft_gate_050,xlsx:樣本2:Sheet34:2:1:8x10,8x10,0.5,0,4,27,0,0,0,0,9.225,0.0,0.0,0.10488180032985552,0.10488180032985552
centered_weighted_sum,xlsx:樣本2:Sheet34:2:1:8x10,8x10,0.5,0,4,31,0,0,0,0,8.025,0.0,0.0,0.1108947447962707,0.1108947447962707
baseline,xlsx:樣本2:Sheet34:2:1:8x10,8x10,0.5,0,11,23,0,0,0,0,9.175,0.0,0.0,0.09803843914422267,0.09803843914422267
hard_gate_050,xlsx:樣本2:Sheet34:2:1:8x10,8x10,0.5,0,11,28,0,0,0,0,3.35,0.6666666666666666,0.0,0.0754686116170203,0.0754686116170203
hard_gate_055,xlsx:樣本2:Sheet34:2:1:8x10,8x10,0.5,0,11,31,0,0,0,0,1.7,0.8308457711442786,0.025,0.08226110786190176,0.08226110786190176
hard_gate_060,xlsx:樣本2:Sheet34:2:1:8x10,8x10,0.5,0,11,31,0,0,0,0,1.25,0.8756218905472637,0.025,0.08141383856070389,0.08141383856070389
soft_gate_050,xlsx:樣本2:Sheet34:2:1:8x10,8x10,0.5,0,11,26,0,0,0,0,9.175,0.0,0.0,0.08311678898407325,0.08311678898407325
centered_weighted_sum,xlsx:樣本2:Sheet34:2:1:8x10,8x10,0.5,0,11,23,0,0,0,0,8.175,0.0,0.0,0.09803843914422267,0.09803843914422267
baseline,xlsx:樣本2:Sheet34:2:1:8x10,8x10,0.5,0,12,14,0,0,0,0,9.15,0.0,0.0,0.0980915114853485,0.0980915114853485
hard_gate_050,xlsx:樣本2:Sheet34:2:1:8x10,8x10,0.5,0,12,21,0,0,0,0,3.35,0.6658354114713217,0.0,0.0752352123464781,0.0752352123464781
hard_gate_055,xlsx:樣本2:Sheet34:2:1:8x10,8x10,0.5,0,12,27,0,0,0,0,1.675,0.8329177057356608,0.025,0.08260616296430098,0.08260616296430098
hard_gate_060,xlsx:樣本2:Sheet34:2:1:8x10,8x10,0.5,0,12,25,0,0,0,0,1.25,0.8753117206982544,0.025,0.07996055949469982,0.07996055949469982
soft_gate_050,xlsx:樣本2:Sheet34:2:1:8x10,8x10,0.5,0,12,21,0,0,0,0,9.15,0.0,0.0,0.08319642944462702,0.08319642944462702
centered_weighted_sum,xlsx:樣本2:Sheet34:2:1:8x10,8x10,0.5,0,12,14,0,0,0,0,8.15,0.0,0.0,0.0980915114853485,0.0980915114853485
baseline,xlsx:樣本2:Sheet34:2:1:8x10,8x10,0.5,0,17,23,0,0,0,0,9.175,0.0,0.0,0.094829383337893,0.094829383337893
hard_gate_050,xlsx:樣本2:Sheet34:2:1:8x10,8x10,0.5,0,17,24,0,0,0,0,3.45,0.6575682382133995,0.0,0.07096114253605534,0.07096114253605534
hard_gate_055,xlsx:樣本2:Sheet34:2:1:8x10,8x10,0.5,0,17,10,0,0,0,1,1.775,0.8238213399503722,0.025,0.08022119481521794,0.08022119481521794
hard_gate_060,xlsx:樣本2:Sheet34:2:1:8x10,8x10,0.5,0,17,18,0,0,0,0,1.275,0.8734491315136477,0.025,0.07600089527968101,0.07600089527968101
soft_gate_050,xlsx:樣本2:Sheet34:2:1:8x10,8x10,0.5,0,17,22,0,0,0,0,9.175,0.0,0.0,0.07879369939638343,0.07879369939638343
centered_weighted_sum,xlsx:樣本2:Sheet34:2:1:8x10,8x10,0.5,0,17,23,0,0,0,0,8.2,0.0,0.0,0.094829383337893,0.094829383337893
baseline,xlsx:樣本2:Sheet34:2:1:8x10,8x10,0.5,0,18,13,0,0,0,0,9.225,0.0,0.0,0.0941514766351992,0.0941514766351992
hard_gate_050,xlsx:樣本2:Sheet34:2:1:8x10,8x10,0.5,0,18,10,0,0,0,1,3.5,0.654320987654321,0.0,0.0701933033606635,0.0701933033606635
hard_gate_055,xlsx:樣本2:Sheet34:2:1:8x10,8x10,0.5,0,18,7,0,0,0,1,1.825,0.8197530864197531,0.025,0.08260574311981944,0.08260574311981944
hard_gate_060,xlsx:樣本2:Sheet34:2:1:8x10,8x10,0.5,0,18,11,0,0,0,0,1.3,0.8716049382716049,0.025,0.07828596085376735,0.07828596085376735
soft_gate_050,xlsx:樣本2:Sheet34:2:1:8x10,8x10,0.5,0,18,23,0,0,0,0,9.225,0.0,0.0,0.07842067476930094,0.07842067476930094
centered_weighted_sum,xlsx:樣本2:Sheet34:2:1:8x10,8x10,0.5,0,18,13,0,0,0,0,8.25,0.0,0.0,0.09415147663519921,0.09415147663519921
baseline,xlsx:樣本2:Sheet34:2:1:8x10,8x10,0.5,0,20,17,0,0,0,0,9.15,0.0,0.0,0.09648458039980835,0.09648458039980835
hard_gate_050,xlsx:樣本2:Sheet34:2:1:8x10,8x10,0.5,0,20,16,0,0,0,0,3.475,0.654228855721393,0.0,0.07026743269428515,0.07026743269428515
hard_gate_055,xlsx:樣本2:Sheet34:2:1:8x10,8x10,0.5,0,20,18,0,0,0,0,1.75,0.8258706467661692,0.025,0.08282318662082765,0.08282318662082765
hard_gate_060,xlsx:樣本2:Sheet34:2:1:8x10,8x10,0.5,0,20,19,0,0,0,0,1.275,0.8731343283582089,0.025,0.0851487441733989,0.0851487441733989
soft_gate_050,xlsx:樣本2:Sheet34:2:1:8x10,8x10,0.5,0,20,21,0,0,0,0,9.15,0.0,0.0,0.08460643350238241,0.08460643350238241
centered_weighted_sum,xlsx:樣本2:Sheet34:2:1:8x10,8x10,0.5,0,20,17,0,0,0,0,8.175,0.0,0.0,0.09648458039980834,0.09648458039980834
baseline,xlsx:樣本2:Sheet34:2:1:8x10,8x10,0.5,0,21,12,0,0,0,0,9.125,0.0,0.0,0.09745406110171952,0.09745406110171952
hard_gate_050,xlsx:樣本2:Sheet34:2:1:8x10,8x10,0.5,0,21,9,0,0,0,1,3.475,0.6533665835411472,0.0,0.07241834728038579,0.07241834728038579
hard_gate_055,xlsx:樣本2:Sheet34:2:1:8x10,8x10,0.5,0,21,16,0,0,0,0,1.75,0.8254364089775561,0.025,0.08348416365420754,0.08348416365420754
hard_gate_060,xlsx:樣本2:Sheet34:2:1:8x10,8x10,0.5,0,21,4,0,0,1,1,1.225,0.8778054862842892,0.025,0.08603261449158058,0.08603261449158058
soft_gate_050,xlsx:樣本2:Sheet34:2:1:8x10,8x10,0.5,0,21,12,0,0,0,0,9.125,0.0,0.0,0.08412256470708625,0.08412256470708625
centered_weighted_sum,xlsx:樣本2:Sheet34:2:1:8x10,8x10,0.5,0,21,12,0,0,0,0,8.15,0.0,0.0,0.09745406110171953,0.09745406110171953
baseline,xlsx:樣本2:Sheet34:2:1:8x10,8x10,0.5,0,22,16,0,0,0,0,9.125,0.0,0.0,0.09723427238381911,0.09723427238381911
hard_gate_050,xlsx:樣本2:Sheet34:2:1:8x10,8x10,0.5,0,22,21,0,0,0,0,3.475,0.6533665835411472,0.0,0.07287253565437438,0.07287253565437438
hard_gate_055,xlsx:樣本2:Sheet34:2:1:8x10,8x10,0.5,0,22,26,0,0,0,0,1.75,0.8254364089775561,0.0,0.08747688228748658,0.08747688228748658
hard_gate_060,xlsx:樣本2:Sheet34:2:1:8x10,8x10,0.5,0,22,31,0,0,0,0,1.25,0.8753117206982544,0.025,0.08517363828463756,0.08517363828463756
soft_gate_050,xlsx:樣本2:Sheet34:2:1:8x10,8x10,0.5,0,22,19,0,0,0,0,9.125,0.0,0.0,0.08410873493221663,0.08410873493221663
centered_weighted_sum,xlsx:樣本2:Sheet34:2:1:8x10,8x10,0.5,0,22,16,0,0,0,0,8.15,0.0,0.0,0.0972342723838191,0.0972342723838191
baseline,xlsx:樣本2:Sheet34:2:1:8x10,8x10,0.5,0,23,33,0,0,0,0,9.15,0.0,0.0,0.09660565410681055,0.09660565410681055
hard_gate_050,xlsx:樣本2:Sheet34:2:1:8x10,8x10,0.5,0,23,27,0,0,0,0,3.5,0.6517412935323383,0.0,0.07194126211686101,0.07194126211686101
hard_gate_055,xlsx:樣本2:Sheet34:2:1:8x10,8x10,0.5,0,23,30,0,0,0,0,1.775,0.8233830845771144,0.0,0.0857934086702612,0.0857934086702612
hard_gate_060,xlsx:樣本2:Sheet34:2:1:8x10,8x10,0.5,0,23,31,0,0,0,0,1.25,0.8756218905472637,0.025,0.08393913491697236,0.08393913491697236
soft_gate_050,xlsx:樣本2:Sheet34:2:1:8x10,8x10,0.5,0,23,26,0,0,0,0,9.15,0.0,0.0,0.08454367579259833,0.08454367579259833
centered_weighted_sum,xlsx:樣本2:Sheet34:2:1:8x10,8x10,0.5,0,23,33,0,0,0,0,8.175,0.0,0.0,0.09660565410681055,0.09660565410681055
baseline,xlsx:樣本2:Sheet34:2:1:8x10,8x10,0.5,0,24,36,0,0,0,0,9.1,0.0,0.0,0.09741377250720105,0.09741377250720105
hard_gate_050,xlsx:樣本2:Sheet34:2:1:8x10,8x10,0.5,0,24,32,0,0,0,0,3.475,0.6525,0.0,0.07232555089338129,0.07232555089338129
hard_gate_055,xlsx:樣本2:Sheet34:2:1:8x10,8x10,0.5,0,24,38,0,0,0,0,1.725,0.8275,0.0,0.08763614218602851,0.08763614218602851
hard_gate_060,xlsx:樣本2:Sheet34:2:1:8x10,8x10,0.5,0,24,31,0,0,0,0,1.2,0.88,0.025,0.08250057834607515,0.08250057834607515
soft_gate_050,xlsx:樣本2:Sheet34:2:1:8x10,8x10,0.5,0,24,34,0,0,0,0,9.1,0.0,0.0,0.08769079056743011,0.08769079056743011
centered_weighted_sum,xlsx:樣本2:Sheet34:2:1:8x10,8x10,0.5,0,24,36,0,0,0,0,8.125,0.0,0.0,0.09741377250720105,0.09741377250720105
baseline,xlsx:樣本2:Sheet34:2:1:8x10,8x10,0.5,0,27,19,0,0,0,0,9.275,0.0,0.0,0.1055394429262597,0.1055394429262597
hard_gate_050,xlsx:樣本2:Sheet34:2:1:8x10,8x10,0.5,0,27,10,0,0,0,1,3.7,0.6345679012345679,0.0,0.07679972117770566,0.07679972117770566
hard_gate_055,xlsx:樣本2:Sheet34:2:1:8x10,8x10,0.5,0,27,16,0,0,0,0,1.925,0.8098765432098766,0.0,0.09604659786615334,0.09604659786615334
hard_gate_060,xlsx:樣本2:Sheet34:2:1:8x10,8x10,0.5,0,27,20,0,0,0,0,1.3,0.8716049382716049,0.0,0.0849351582175135,0.0849351582175135
soft_gate_050,xlsx:樣本2:Sheet34:2:1:8x10,8x10,0.5,0,27,17,0,0,0,0,9.275,0.0,0.0,0.08954338196973137,0.08954338196973137
centered_weighted_sum,xlsx:樣本2:Sheet34:2:1:8x10,8x10,0.5,0,27,19,0,0,0,0,8.175,0.0,0.0,0.1055394429262597,0.1055394429262597
baseline,xlsx:樣本2:Sheet34:2:1:8x10,8x10,0.5,0,30,28,0,0,0,0,9.3,0.0,0.0,0.11143453810115571,0.11143453810115571
hard_gate_050,xlsx:樣本2:Sheet34:2:1:8x10,8x10,0.5,0,30,35,0,0,0,0,3.6,0.6435643564356436,0.0,0.07983471497128487,0.07983471497128487
hard_gate_055,xlsx:樣本2:Sheet34:2:1:8x10,8x10,0.5,0,30,39,0,0,0,0,1.9,0.8118811881188119,0.0,0.09892057764187638,0.09892057764187638
hard_gate_060,xlsx:樣本2:Sheet34:2:1:8x10,8x10,0.5,0,30,36,0,0,0,0,1.3,0.8712871287128713,0.025,0.08940031588055318,0.08940031588055318
soft_gate_050,xlsx:樣本2:Sheet34:2:1:8x10,8x10,0.5,0,30,35,0,0,0,0,9.3,0.0,0.0,0.08694334889660792,0.08694334889660792
centered_weighted_sum,xlsx:樣本2:Sheet34:2:1:8x10,8x10,0.5,0,30,28,0,0,0,0,8.2,0.0,0.0,0.11143453810115571,0.11143453810115571
baseline,xlsx:樣本2:Sheet34:2:1:8x10,8x10,0.5,0,31,21,0,0,0,0,9.25,0.0,0.0,0.10965655974418054,0.10965655974418054
hard_gate_050,xlsx:樣本2:Sheet34:2:1:8x10,8x10,0.5,0,31,20,0,0,0,0,3.55,0.6467661691542289,0.0,0.08034205717651093,0.08034205717651093
hard_gate_055,xlsx:樣本2:Sheet34:2:1:8x10,8x10,0.5,0,31,10,0,0,0,1,1.875,0.8134328358208955,0.0,0.09943872889165249,0.09943872889165249
hard_gate_060,xlsx:樣本2:Sheet34:2:1:8x10,8x10,0.5,0,31,15,0,0,0,0,1.225,0.8781094527363185,0.025,0.08805754283499277,0.08805754283499277
soft_gate_050,xlsx:樣本2:Sheet34:2:1:8x10,8x10,0.5,0,31,25,0,0,0,0,9.25,0.0,0.0,0.08691432803442568,0.08691432803442568
centered_weighted_sum,xlsx:樣本2:Sheet34:2:1:8x10,8x10,0.5,0,31,21,0,0,0,0,8.175,0.0,0.0,0.10965655974418054,0.10965655974418054
baseline,xlsx:樣本2:Sheet34:2:1:8x10,8x10,0.5,0,32,4,0,0,1,1,9.225,0.0,0.0,0.10874126422766812,0.10874126422766812
hard_gate_050,xlsx:樣本2:Sheet34:2:1:8x10,8x10,0.5,0,32,13,0,0,0,0,3.525,0.6483790523690773,0.0,0.08082853641675744,0.08082853641675744
hard_gate_055,xlsx:樣本2:Sheet34:2:1:8x10,8x10,0.5,0,32,20,0,0,0,0,1.875,0.8129675810473815,0.0,0.1021358674705341,0.1021358674705341
hard_gate_060,xlsx:樣本2:Sheet34:2:1:8x10,8x10,0.5,0,32,34,0,0,0,0,1.225,0.8778054862842892,0.025,0.08721022714382475,0.08721022714382475
soft_gate_050,xlsx:樣本2:Sheet34:2:1:8x10,8x10,0.5,0,32,9,0,0,0,1,9.225,0.0,0.0,0.0868252807673778,0.0868252807673778
centered_weighted_sum,xlsx:樣本2:Sheet34:2:1:8x10,8x10,0.5,0,32,4,0,0,1,1,8.15,0.0,0.0,0.10874126422766812,0.10874126422766812
baseline,xlsx:樣本2:Sheet34:2:1:8x10,8x10,0.5,0,33,26,0,0,0,0,9.2,0.0,0.0,0.10703717826109482,0.10703717826109482
hard_gate_050,xlsx:樣本2:Sheet34:2:1:8x10,8x10,0.5,0,33,26,0,0,0,0,3.5,0.65,0.0,0.07993785329914863,0.07993785329914863
hard_gate_055,xlsx:樣本2:Sheet34:2:1:8x10,8x10,0.5,0,33,29,0,0,0,0,1.85,0.815,0.0,0.0963129681428027,0.0963129681428027
hard_gate_060,xlsx:樣本2:Sheet34:2:1:8x10,8x10,0.5,0,33,29,0,0,0,0,1.225,0.8775,0.025,0.08946990989892356,0.08946990989892356
soft_gate_050,xlsx:樣本2:Sheet34:2:1:8x10,8x10,0.5,0,33,28,0,0,0,0,9.2,0.0,0.0,0.08474991207853588,0.08474991207853588
centered_weighted_sum,xlsx:樣本2:Sheet34:2:1:8x10,8x10,0.5,0,33,26,0,0,0,0,8.1,0.0,0.0,0.10703717826109482,0.10703717826109482
baseline,xlsx:樣本2:Sheet34:2:1:8x10,8x10,0.5,0,34,37,0,0,0,0,9.2,0.0,0.0,0.10695784516054664,0.10695784516054664
hard_gate_050,xlsx:樣本2:Sheet34:2:1:8x10,8x10,0.5,0,34,36,0,0,0,0,3.525,0.6475,0.0,0.0836869258842581,0.0836869258842581
hard_gate_055,xlsx:樣本2:Sheet34:2:1:8x10,8x10,0.5,0,34,34,0,0,0,0,1.85,0.815,0.025,0.09838147039443959,0.09838147039443959
hard_gate_060,xlsx:樣本2:Sheet34:2:1:8x10,8x10,0.5,0,34,40,0,0,0,0,1.25,0.875,0.025,0.08948868677429171,0.08948868677429171
soft_gate_050,xlsx:樣本2:Sheet34:2:1:8x10,8x10,0.5,0,34,40,0,0,0,0,9.2,0.0,0.0,0.08597514457002248,0.08597514457002248
centered_weighted_sum,xlsx:樣本2:Sheet34:2:1:8x10,8x10,0.5,0,34,37,0,0,0,0,8.125,0.0,0.0,0.10695784516054664,0.10695784516054664
baseline,xlsx:樣本2:Sheet34:2:1:8x10,8x10,0.5,0,36,23,0,0,0,0,9.175,0.0,0.0,0.10328067266010812,0.10328067266010812
hard_gate_050,xlsx:樣本2:Sheet34:2:1:8x10,8x10,0.5,0,36,28,0,0,0,0,3.55,0.6458852867830424,0.0,0.08228814837963182,0.08228814837963182
hard_gate_055,xlsx:樣本2:Sheet34:2:1:8x10,8x10,0.5,0,36,35,0,0,0,0,1.875,0.8129675810473815,0.025,0.09854177416408999,0.09854177416408999
hard_gate_060,xlsx:樣本2:Sheet34:2:1:8x10,8x10,0.5,0,36,31,0,0,0,0,1.275,0.8728179551122195,0.025,0.08718048269237347,0.08718048269237347
soft_gate_050,xlsx:樣本2:Sheet34:2:1:8x10,8x10,0.5,0,36,24,0,0,0,0,9.175,0.0,0.0,0.09079849687190182,0.09079849687190182
centered_weighted_sum,xlsx:樣本2:Sheet34:2:1:8x10,8x10,0.5,0,36,23,0,0,0,0,8.15,0.0,0.0,0.10328067266010812,0.10328067266010812
baseline,xlsx:樣本2:Sheet34:2:1:8x10,8x10,0.5,0,37,4,0,0,1,1,9.175,0.0,0.0,0.10348769642052322,0.10348769642052322
hard_gate_050,xlsx:樣本2:Sheet34:2:1:8x10,8x10,0.5,0,37,10,0,0,0,1,3.525,0.6483790523690773,0.0,0.08308556950610428,0.08308556950610428
hard_gate_055,xlsx:樣本2:Sheet34:2:1:8x10,8x10,0.5,0,37,9,0,0,0,1,1.825,0.8179551122194514,0.025,0.09830034055122276,0.09830034055122276
hard_gate_060,xlsx:樣本2:Sheet34:2:1:8x10,8x10,0.5,0,37,9,0,0,0,1,1.35,0.8653366583541147,0.025,0.08677636893586874,0.08677636893586874
soft_gate_050,xlsx:樣本2:Sheet34:2:1:8x10,8x10,0.5,0,37,10,0,0,0,1,9.175,0.0,0.0,0.09147471745896603,0.09147471745896603
centered_weighted_sum,xlsx:樣本2:Sheet34:2:1:8x10,8x10,0.5,0,37,4,0,0,1,1,8.15,0.0,0.0,0.10348769642052322,0.10348769642052322
baseline,xlsx:樣本2:Sheet34:2:1:8x10,8x10,0.5,0,39,1,1,1,1,1,9.375,0.0,0.0,0.10633850511404434,0.10633850511404434
hard_gate_050,xlsx:樣本2:Sheet34:2:1:8x10,8x10,0.5,0,39,1,1,1,1,1,3.675,0.6388206388206388,0.0,0.0850294708841858,0.0850294708841858
hard_gate_055,xlsx:樣本2:Sheet34:2:1:8x10,8x10,0.5,0,39,14,0,0,0,0,2.0,0.8034398034398035,0.025,0.09783901060763663,0.09783901060763663
hard_gate_060,xlsx:樣本2:Sheet34:2:1:8x10,8x10,0.5,0,39,19,0,0,0,0,1.475,0.855036855036855,0.025,0.09175865491245029,0.09175865491245029
soft_gate_050,xlsx:樣本2:Sheet34:2:1:8x10,8x10,0.5,0,39,1,1,1,1,1,9.375,0.0,0.0,0.09821697889624836,0.09821697889624836
centered_weighted_sum,xlsx:樣本2:Sheet34:2:1:8x10,8x10,0.5,0,39,1,1,1,1,1,8.325,0.0,0.0,0.10633850511404434,0.10633850511404434
baseline,xlsx:樣本2:Sheet34:2:1:8x10,8x10,0.5,0,40,15,0,0,0,0,9.25,0.0,0.0,0.10849178401128591,0.10849178401128591
hard_gate_050,xlsx:樣本2:Sheet34:2:1:8x10,8x10,0.5,0,40,21,0,0,0,0,3.525,0.6492537313432836,0.0,0.08504126700559923,0.08504126700559923
hard_gate_055,xlsx:樣本2:Sheet34:2:1:8x10,8x10,0.5,0,40,13,0,0,0,0,1.85,0.8159203980099502,0.025,0.10086153823514761,0.10086153823514761
hard_gate_060,xlsx:樣本2:Sheet34:2:1:8x10,8x10,0.5,0,40,17,0,0,0,0,1.35,0.8656716417910447,0.025,0.09061285800440472,0.09061285800440472
soft_gate_050,xlsx:樣本2:Sheet34:2:1:8x10,8x10,0.5,0,40,19,0,0,0,0,9.25,0.0,0.0,0.09650015507005381,0.09650015507005381
centered_weighted_sum,xlsx:樣本2:Sheet34:2:1:8x10,8x10,0.5,0,40,15,0,0,0,0,8.15,0.0,0.0,0.10849178401128591,0.10849178401128591
baseline,xlsx:樣本2:Sheet34:2:1:8x10,8x10,0.5,0,42,9,0,0,0,1,9.225,0.0,0.0,0.11043527686457978,0.11043527686457978
hard_gate_050,xlsx:樣本2:Sheet34:2:1:8x10,8x10,0.5,0,42,5,0,0,1,1,3.475,0.654228855721393,0.0,0.08206238529920885,0.08206238529920885
hard_gate_055,xlsx:樣本2:Sheet34:2:1:8x10,8x10,0.5,0,42,3,0,1,1,1,1.825,0.818407960199005,0.025,0.0901010571255055,0.0901010571255055
hard_gate_060,xlsx:樣本2:Sheet34:2:1:8x10,8x10,0.5,0,42,3,0,1,1,1,1.35,0.8656716417910447,0.025,0.08665342490360668,0.08665342490360668
soft_gate_050,xlsx:樣本2:Sheet34:2:1:8x10,8x10,0.5,0,42,12,0,0,0,0,9.225,0.0,0.0,0.10082461645666943,0.10082461645666943
centered_weighted_sum,xlsx:樣本2:Sheet34:2:1:8x10,8x10,0.5,0,42,9,0,0,0,1,8.1,0.0,0.0,0.11043527686457978,0.11043527686457978
baseline,xlsx:樣本2:Sheet34:2:1:8x10,8x10,0.5,0,44,34,0,0,0,0,9.225,0.0,0.0,0.10045443242570662,0.10045443242570662
hard_gate_050,xlsx:樣本2:Sheet34:2:1:8x10,8x10,0.5,0,44,35,0,0,0,0,3.45,0.6567164179104478,0.0,0.0785353789037863,0.0785353789037863
hard_gate_055,xlsx:樣本2:Sheet34:2:1:8x10,8x10,0.5,0,44,40,0,0,0,0,1.8,0.8208955223880597,0.025,0.08739655218281724,0.08739655218281724
hard_gate_060,xlsx:樣本2:Sheet34:2:1:8x10,8x10,0.5,0,44,20,0,0,0,0,1.325,0.8681592039800995,0.025,0.08291339969136777,0.08291339969136777
soft_gate_050,xlsx:樣本2:Sheet34:2:1:8x10,8x10,0.5,0,44,33,0,0,0,0,9.225,0.0,0.0,0.09583570111510431,0.09583570111510431
centered_weighted_sum,xlsx:樣本2:Sheet34:2:1:8x10,8x10,0.5,0,44,34,0,0,0,0,8.175,0.0,0.0,0.10045443242570662,0.10045443242570662
baseline,xlsx:樣本2:Sheet34:2:1:8x10,8x10,0.5,0,46,4,0,0,1,1,9.225,0.0,0.0,0.09431612589043603,0.09431612589043603
hard_gate_050,xlsx:樣本2:Sheet34:2:1:8x10,8x10,0.5,0,46,11,0,0,0,0,3.45,0.6567164179104478,0.0,0.07747504529209727,0.07747504529209727
hard_gate_055,xlsx:樣本2:Sheet34:2:1:8x10,8x10,0.5,0,46,8,0,0,0,1,1.725,0.8283582089552238,0.025,0.08516640019093959,0.08516640019093959
hard_gate_060,xlsx:樣本2:Sheet34:2:1:8x10,8x10,0.5,0,46,9,0,0,0,1,1.25,0.8756218905472637,0.025,0.0833992663727102,0.0833992663727102
soft_gate_050,xlsx:樣本2:Sheet34:2:1:8x10,8x10,0.5,0,46,3,0,1,1,1,9.225,0.0,0.0,0.0939952850464797,0.0939952850464797
centered_weighted_sum,xlsx:樣本2:Sheet34:2:1:8x10,8x10,0.5,0,46,4,0,0,1,1,8.175,0.0,0.0,0.09431612589043603,0.09431612589043603
baseline,xlsx:樣本2:Sheet34:2:1:8x10,8x10,0.5,0,51,27,0,0,0,0,9.175,0.0,0.0,0.08600531401199592,0.08600531401199592
hard_gate_050,xlsx:樣本2:Sheet34:2:1:8x10,8x10,0.5,0,51,14,0,0,0,0,3.35,0.6666666666666666,0.0,0.07760840713004,0.07760840713004
hard_gate_055,xlsx:樣本2:Sheet34:2:1:8x10,8x10,0.5,0,51,20,0,0,0,0,1.6,0.8407960199004975,0.025,0.08164783158564866,0.08164783158564866
hard_gate_060,xlsx:樣本2:Sheet34:2:1:8x10,8x10,0.5,0,51,17,0,0,0,0,1.125,0.8880597014925373,0.05,0.09035068131609428,0.09035068131609428
soft_gate_050,xlsx:樣本2:Sheet34:2:1:8x10,8x10,0.5,0,51,14,0,0,0,0,9.175,0.0,0.0,0.07362221382174652,0.07362221382174652
centered_weighted_sum,xlsx:樣本2:Sheet34:2:1:8x10,8x10,0.5,0,51,27,0,0,0,0,8.1,0.0,0.0,0.08600531401199592,0.08600531401199592
baseline,xlsx:樣本2:Sheet34:2:1:8x10,8x10,0.5,0,55,15,0,0,0,0,9.35,0.0,0.0,0.09384501173057501,0.09384501173057501
hard_gate_050,xlsx:樣本2:Sheet34:2:1:8x10,8x10,0.5,0,55,20,0,0,0,0,3.45,0.6625916870415648,0.0,0.07914492902145547,0.07914492902145547
hard_gate_055,xlsx:樣本2:Sheet34:2:1:8x10,8x10,0.5,0,55,26,0,0,0,0,1.8,0.823960880195599,0.025,0.08831902300765643,0.08831902300765643
hard_gate_060,xlsx:樣本2:Sheet34:2:1:8x10,8x10,0.5,0,55,23,0,0,0,0,1.275,0.8753056234718827,0.05,0.09384344418305171,0.09384344418305171
soft_gate_050,xlsx:樣本2:Sheet34:2:1:8x10,8x10,0.5,0,55,17,0,0,0,0,9.35,0.0,0.0,0.08222742617696366,0.08222742617696366
centered_weighted_sum,xlsx:樣本2:Sheet34:2:1:8x10,8x10,0.5,0,55,15,0,0,0,0,8.375,0.0,0.0,0.093845011730575,0.093845011730575
baseline,xlsx:樣本2:Sheet34:2:1:8x10,8x10,0.5,0,56,19,0,0,0,0,9.125,0.0,0.0,0.09416189139430375,0.09416189139430375
hard_gate_050,xlsx:樣本2:Sheet34:2:1:8x10,8x10,0.5,0,56,23,0,0,0,0,3.175,0.6825,0.0,0.07750775071209003,0.07750775071209003
hard_gate_055,xlsx:樣本2:Sheet34:2:1:8x10,8x10,0.5,0,56,5,0,0,1,1,1.55,0.845,0.025,0.08659538901896029,0.08659538901896029
hard_gate_060,xlsx:樣本2:Sheet34:2:1:8x10,8x10,0.5,0,56,6,0,0,0,1,1.15,0.885,0.025,0.08548567942340023,0.08548567942340023
soft_gate_050,xlsx:樣本2:Sheet34:2:1:8x10,8x10,0.5,0,56,21,0,0,0,0,9.125,0.0,0.0,0.07973474944004554,0.07973474944004554
centered_weighted_sum,xlsx:樣本2:Sheet34:2:1:8x10,8x10,0.5,0,56,19,0,0,0,0,8.125,0.0,0.0,0.09416189139430375,0.09416189139430375
baseline,xlsx:樣本2:Sheet34:2:1:8x10,8x10,0.5,0,57,26,0,0,0,0,9.15,0.0,0.0,0.09513076081805767,0.09513076081805767
hard_gate_050,xlsx:樣本2:Sheet34:2:1:8x10,8x10,0.5,0,57,29,0,0,0,0,3.2,0.6807980049875312,0.0,0.07740921730789176,0.07740921730789176
hard_gate_055,xlsx:樣本2:Sheet34:2:1:8x10,8x10,0.5,0,57,19,0,0,0,0,1.575,0.8428927680798005,0.025,0.08304371587168322,0.08304371587168322
hard_gate_060,xlsx:樣本2:Sheet34:2:1:8x10,8x10,0.5,0,57,26,0,0,0,0,1.15,0.885286783042394,0.025,0.08316956017892776,0.08316956017892776
soft_gate_050,xlsx:樣本2:Sheet34:2:1:8x10,8x10,0.5,0,57,27,0,0,0,0,9.15,0.0,0.0,0.08045344953331507,0.08045344953331507
centered_weighted_sum,xlsx:樣本2:Sheet34:2:1:8x10,8x10,0.5,0,57,26,0,0,0,0,8.15,0.0,0.0,0.09513076081805767,0.09513076081805767
baseline,xlsx:樣本2:Sheet34:2:1:8x10,8x10,0.5,0,58,30,0,0,0,0,9.2,0.0,0.0,0.09754083138176385,0.09754083138176385
hard_gate_050,xlsx:樣本2:Sheet34:2:1:8x10,8x10,0.5,0,58,33,0,0,0,0,3.3,0.6724565756823822,0.0,0.07743250700537589,0.07743250700537589
hard_gate_055,xlsx:樣本2:Sheet34:2:1:8x10,8x10,0.5,0,58,37,0,0,0,0,1.625,0.8387096774193549,0.025,0.0796098009083267,0.0796098009083267
hard_gate_060,xlsx:樣本2:Sheet34:2:1:8x10,8x10,0.5,0,58,37,0,0,0,0,1.125,0.8883374689826302,0.05,0.08108114853272459,0.08108114853272459
soft_gate_050,xlsx:樣本2:Sheet34:2:1:8x10,8x10,0.5,0,58,31,0,0,0,0,9.2,0.0,0.0,0.079507511886403,0.079507511886403
centered_weighted_sum,xlsx:樣本2:Sheet34:2:1:8x10,8x10,0.5,0,58,30,0,0,0,0,8.175,0.0,0.0,0.09754083138176385,0.09754083138176385
baseline,xlsx:樣本2:Sheet34:2:1:8x10,8x10,0.5,0,61,27,0,0,0,0,9.2,0.0,0.0,0.089235011321702,0.089235011321702
hard_gate_050,xlsx:樣本2:Sheet34:2:1:8x10,8x10,0.5,0,61,24,0,0,0,0,3.2,0.6807980049875312,0.0,0.07807686525081475,0.07807686525081475
hard_gate_055,xlsx:樣本2:Sheet34:2:1:8x10,8x10,0.5,0,61,26,0,0,0,0,1.575,0.8428927680798005,0.025,0.08927537945917592,0.08927537945917592
hard_gate_060,xlsx:樣本2:Sheet34:2:1:8x10,8x10,0.5,0,61,29,0,0,0,0,1.175,0.8827930174563591,0.025,0.09157420949657429,0.09157420949657429
soft_gate_050,xlsx:樣本2:Sheet34:2:1:8x10,8x10,0.5,0,61,28,0,0,0,0,9.2,0.0,0.0,0.08027611541515974,0.08027611541515974
centered_weighted_sum,xlsx:樣本2:Sheet34:2:1:8x10,8x10,0.5,0,61,27,0,0,0,0,8.15,0.0,0.0,0.08923501132170202,0.08923501132170202
baseline,xlsx:樣本2:Sheet34:2:1:8x10,8x10,0.5,0,63,23,0,0,0,0,9.2,0.0,0.0,0.09005663392866237,0.09005663392866237
hard_gate_050,xlsx:樣本2:Sheet34:2:1:8x10,8x10,0.5,0,63,23,0,0,0,0,3.2,0.6807980049875312,0.0,0.07898681513499002,0.07898681513499002
hard_gate_055,xlsx:樣本2:Sheet34:2:1:8x10,8x10,0.5,0,63,22,0,0,0,0,1.625,0.8379052369077307,0.025,0.08881233880875979,0.08881233880875979
hard_gate_060,xlsx:樣本2:Sheet34:2:1:8x10,8x10,0.5,0,63,20,0,0,0,0,1.175,0.8827930174563591,0.025,0.08987370403943352,0.08987370403943352
soft_gate_050,xlsx:樣本2:Sheet34:2:1:8x10,8x10,0.5,0,63,20,0,0,0,0,9.2,0.0,0.0,0.08167637946172929,0.08167637946172929
centered_weighted_sum,xlsx:樣本2:Sheet34:2:1:8x10,8x10,0.5,0,63,23,0,0,0,0,8.15,0.0,0.0,0.09005663392866237,0.09005663392866237
baseline,xlsx:樣本2:Sheet34:2:1:8x10,8x10,0.5,0,64,29,0,0,0,0,9.2,0.0,0.0,0.089554256692872,0.089554256692872
hard_gate_050,xlsx:樣本2:Sheet34:2:1:8x10,8x10,0.5,0,64,36,0,0,0,0,3.2,0.6807980049875312,0.0,0.07843955177148804,0.07843955177148804
hard_gate_055,xlsx:樣本2:Sheet34:2:1:8x10,8x10,0.5,0,64,27,0,0,0,0,1.625,0.8379052369077307,0.025,0.08763938825026402,0.08763938825026402
hard_gate_060,xlsx:樣本2:Sheet34:2:1:8x10,8x10,0.5,0,64,29,0,0,0,0,1.15,0.885286783042394,0.025,0.08710148876630754,0.08710148876630754
soft_gate_050,xlsx:樣本2:Sheet34:2:1:8x10,8x10,0.5,0,64,32,0,0,0,0,9.2,0.0,0.0,0.08121616594680921,0.08121616594680921
centered_weighted_sum,xlsx:樣本2:Sheet34:2:1:8x10,8x10,0.5,0,64,29,0,0,0,0,8.15,0.0,0.0,0.089554256692872,0.089554256692872
baseline,xlsx:樣本2:Sheet34:2:1:8x10,8x10,0.5,0,66,18,0,0,0,0,9.275,0.0,0.0,0.08929564897676541,0.08929564897676541
hard_gate_050,xlsx:樣本2:Sheet34:2:1:8x10,8x10,0.5,0,66,13,0,0,0,0,3.275,0.6757425742574258,0.0,0.07629195843776095,0.07629195843776095
hard_gate_055,xlsx:樣本2:Sheet34:2:1:8x10,8x10,0.5,0,66,19,0,0,0,0,1.7,0.8316831683168316,0.025,0.08803948672573826,0.08803948672573826
hard_gate_060,xlsx:樣本2:Sheet34:2:1:8x10,8x10,0.5,0,66,25,0,0,0,0,1.225,0.8787128712871287,0.025,0.08488573681674642,0.08488573681674642
soft_gate_050,xlsx:樣本2:Sheet34:2:1:8x10,8x10,0.5,0,66,16,0,0,0,0,9.275,0.0,0.0,0.07999122365703162,0.07999122365703162
centered_weighted_sum,xlsx:樣本2:Sheet34:2:1:8x10,8x10,0.5,0,66,18,0,0,0,0,8.225,0.0,0.0,0.0892956489767654,0.0892956489767654
baseline,xlsx:樣本2:Sheet34:2:1:8x10,8x10,0.5,0,67,40,0,0,0,0,9.225,0.0,0.0,0.08937049259810567,0.08937049259810567
hard_gate_050,xlsx:樣本2:Sheet34:2:1:8x10,8x10,0.5,0,67,40,0,0,0,0,3.225,0.6791044776119403,0.0,0.07598427904577348,0.07598427904577348
hard_gate_055,xlsx:樣本2:Sheet34:2:1:8x10,8x10,0.5,0,67,33,0,0,0,0,1.65,0.835820895522388,0.025,0.0838050573218496,0.0838050573218496
hard_gate_060,xlsx:樣本2:Sheet34:2:1:8x10,8x10,0.5,0,67,34,0,0,0,0,1.2,0.8805970149253731,0.025,0.08104662863725967,0.08104662863725967
soft_gate_050,xlsx:樣本2:Sheet34:2:1:8x10,8x10,0.5,0,67,37,0,0,0,0,9.225,0.0,0.0,0.0799752155391918,0.0799752155391918
centered_weighted_sum,xlsx:樣本2:Sheet34:2:1:8x10,8x10,0.5,0,67,40,0,0,0,0,8.175,0.0,0.0,0.08937049259810567,0.08937049259810567
baseline,xlsx:樣本2:Sheet34:2:1:8x10,8x10,0.5,0,73,8,0,0,0,1,9.3,0.0,0.0,0.09832689062153628,0.09832689062153628
hard_gate_050,xlsx:樣本2:Sheet34:2:1:8x10,8x10,0.5,0,73,3,0,1,1,1,3.225,0.6806930693069307,0.0,0.07679061406704447,0.07679061406704447
hard_gate_055,xlsx:樣本2:Sheet34:2:1:8x10,8x10,0.5,0,73,1,1,1,1,1,1.65,0.8366336633663366,0.025,0.08128854143389708,0.08128854143389708
hard_gate_060,xlsx:樣本2:Sheet34:2:1:8x10,8x10,0.5,0,73,1,1,1,1,1,1.2,0.8811881188118812,0.075,0.08747103227503263,0.08747103227503263
soft_gate_050,xlsx:樣本2:Sheet34:2:1:8x10,8x10,0.5,0,73,9,0,0,0,1,9.3,0.0,0.0,0.08289011427877523,0.08289011427877523
centered_weighted_sum,xlsx:樣本2:Sheet34:2:1:8x10,8x10,0.5,0,73,8,0,0,0,1,8.225,0.0,0.0,0.09832689062153628,0.09832689062153628
baseline,xlsx:樣本2:Sheet34:2:1:8x10,8x10,0.5,0,74,2,0,1,1,1,9.2,0.0,0.0,0.09783170378922731,0.09783170378922731
hard_gate_050,xlsx:樣本2:Sheet34:2:1:8x10,8x10,0.5,0,74,2,0,1,1,1,3.125,0.6875,0.0,0.07578655615758761,0.07578655615758761
hard_gate_055,xlsx:樣本2:Sheet34:2:1:8x10,8x10,0.5,0,74,6,0,0,0,1,1.55,0.845,0.025,0.07636659335930861,0.07636659335930861
hard_gate_060,xlsx:樣本2:Sheet34:2:1:8x10,8x10,0.5,0,74,10,0,0,0,1,1.15,0.885,0.05,0.07936113317397384,0.07936113317397384
soft_gate_050,xlsx:樣本2:Sheet34:2:1:8x10,8x10,0.5,0,74,2,0,1,1,1,9.2,0.0,0.0,0.08326345986003858,0.08326345986003858
centered_weighted_sum,xlsx:樣本2:Sheet34:2:1:8x10,8x10,0.5,0,74,2,0,1,1,1,8.05,0.0,0.0,0.0978317037892273,0.0978317037892273
baseline,xlsx:樣本2:Sheet34:2:1:8x10,8x10,0.5,0,76,33,0,0,0,0,9.3,0.0,0.0,0.0949901041394254,0.0949901041394254
hard_gate_050,xlsx:樣本2:Sheet34:2:1:8x10,8x10,0.5,0,76,38,0,0,0,0,3.225,0.6806930693069307,0.0,0.07381247633471645,0.07381247633471645
hard_gate_055,xlsx:樣本2:Sheet34:2:1:8x10,8x10,0.5,0,76,30,0,0,0,0,1.65,0.8366336633663366,0.025,0.07176349219553547,0.07176349219553547
hard_gate_060,xlsx:樣本2:Sheet34:2:1:8x10,8x10,0.5,0,76,31,0,0,0,0,1.225,0.8787128712871287,0.05,0.07539934746801899,0.07539934746801899
soft_gate_050,xlsx:樣本2:Sheet34:2:1:8x10,8x10,0.5,0,76,34,0,0,0,0,9.3,0.0,0.0,0.0802665473402703,0.0802665473402703
centered_weighted_sum,xlsx:樣本2:Sheet34:2:1:8x10,8x10,0.5,0,76,33,0,0,0,0,8.15,0.0,0.0,0.0949901041394254,0.0949901041394254
baseline,xlsx:樣本2:Sheet34:2:1:8x10,8x10,0.5,0,79,38,0,0,0,0,9.325,0.0,0.0,0.09603729640016534,0.09603729640016534
hard_gate_050,xlsx:樣本2:Sheet34:2:1:8x10,8x10,0.5,0,79,32,0,0,0,0,3.275,0.6765432098765433,0.0,0.07232564254742638,0.07232564254742638
hard_gate_055,xlsx:樣本2:Sheet34:2:1:8x10,8x10,0.5,0,79,19,0,0,0,0,1.7,0.8320987654320988,0.025,0.06945142672063143,0.06945142672063143
hard_gate_060,xlsx:樣本2:Sheet34:2:1:8x10,8x10,0.5,0,79,21,0,0,0,0,1.2,0.8814814814814815,0.075,0.07424438090167093,0.07424438090167093
soft_gate_050,xlsx:樣本2:Sheet34:2:1:8x10,8x10,0.5,0,79,39,0,0,0,0,9.325,0.0,0.0,0.09076794017944717,0.09076794017944717
centered_weighted_sum,xlsx:樣本2:Sheet34:2:1:8x10,8x10,0.5,0,79,38,0,0,0,0,8.25,0.0,0.0,0.09603729640016535,0.09603729640016535
baseline,xlsx:樣本2:Sheet34:2:1:8x10,8x10,0.5,0,80,11,0,0,0,0,9.225,0.0,0.0,0.09622821947076216,0.09622821947076216
hard_gate_050,xlsx:樣本2:Sheet34:2:1:8x10,8x10,0.5,0,80,19,0,0,0,0,3.175,0.683291770573566,0.0,0.07464414206210064,0.07464414206210064
hard_gate_055,xlsx:樣本2:Sheet34:2:1:8x10,8x10,0.5,0,80,18,0,0,0,0,1.575,0.8428927680798005,0.025,0.0738353779615208,0.0738353779615208
hard_gate_060,xlsx:樣本2:Sheet34:2:1:8x10,8x10,0.5,0,80,14,0,0,0,0,1.15,0.885286783042394,0.05,0.07513425760031577,0.07513425760031577
soft_gate_050,xlsx:樣本2:Sheet34:2:1:8x10,8x10,0.5,0,80,12,0,0,0,0,9.225,0.0,0.0,0.09054172443575677,0.09054172443575677
centered_weighted_sum,xlsx:樣本2:Sheet34:2:1:8x10,8x10,0.5,0,80,11,0,0,0,0,8.15,0.0,0.0,0.09622821947076216,0.09622821947076216
baseline,xlsx:樣本2:Sheet40:2:1:8x10,8x10,0.3,0,7,23,0,0,0,0,9.166666666666666,0.0,0.0,0.0933300806999228,0.0933300806999228
hard_gate_050,xlsx:樣本2:Sheet40:2:1:8x10,8x10,0.3,0,7,13,0,0,0,0,4.541666666666667,0.5495867768595041,0.0,0.05818018620374419,0.05818018620374419
hard_gate_055,xlsx:樣本2:Sheet40:2:1:8x10,8x10,0.3,0,7,2,0,1,1,1,2.0833333333333335,0.7933884297520661,0.0,0.06975331489159294,0.06975331489159294
hard_gate_060,xlsx:樣本2:Sheet40:2:1:8x10,8x10,0.3,0,7,6,0,0,0,1,1.5833333333333333,0.8429752066115702,0.0,0.0758295353854754,0.0758295353854754
soft_gate_050,xlsx:樣本2:Sheet40:2:1:8x10,8x10,0.3,0,7,21,0,0,0,0,9.166666666666666,0.0,0.0,0.09568640637423138,0.09568640637423138
centered_weighted_sum,xlsx:樣本2:Sheet40:2:1:8x10,8x10,0.3,0,7,23,0,0,0,0,9.375,0.0,0.0,0.0933300806999228,0.0933300806999228
baseline,xlsx:樣本2:Sheet40:2:1:8x10,8x10,0.3,0,10,6,0,0,0,1,9.166666666666666,0.0,0.0,0.09496887719264044,0.09496887719264044
hard_gate_050,xlsx:樣本2:Sheet40:2:1:8x10,8x10,0.3,0,10,4,0,0,1,1,4.625,0.5413223140495868,0.0,0.0652909345383336,0.0652909345383336
hard_gate_055,xlsx:樣本2:Sheet40:2:1:8x10,8x10,0.3,0,10,7,0,0,0,1,2.125,0.7892561983471075,0.0,0.07461309250203799,0.07461309250203799
hard_gate_060,xlsx:樣本2:Sheet40:2:1:8x10,8x10,0.3,0,10,3,0,1,1,1,1.5833333333333333,0.8429752066115702,0.0,0.07893930623627092,0.07893930623627092
soft_gate_050,xlsx:樣本2:Sheet40:2:1:8x10,8x10,0.3,0,10,6,0,0,0,1,9.166666666666666,0.0,0.0,0.0981814216807524,0.0981814216807524
centered_weighted_sum,xlsx:樣本2:Sheet40:2:1:8x10,8x10,0.3,0,10,6,0,0,0,1,9.375,0.0,0.0,0.09496887719264042,0.09496887719264042
baseline,xlsx:樣本2:Sheet40:2:1:8x10,8x10,0.3,0,12,11,0,0,0,0,9.208333333333334,0.0,0.0,0.09685155902327873,0.09685155902327873
hard_gate_050,xlsx:樣本2:Sheet40:2:1:8x10,8x10,0.3,0,12,16,0,0,0,0,4.708333333333333,0.5349794238683128,0.0,0.06761245443825718,0.06761245443825718
hard_gate_055,xlsx:樣本2:Sheet40:2:1:8x10,8x10,0.3,0,12,20,0,0,0,0,2.1666666666666665,0.7860082304526749,0.0,0.07695266437562925,0.07695266437562925
hard_gate_060,xlsx:樣本2:Sheet40:2:1:8x10,8x10,0.3,0,12,17,0,0,0,0,1.6666666666666667,0.8353909465020576,0.0,0.07715597874637464,0.07715597874637464
soft_gate_050,xlsx:樣本2:Sheet40:2:1:8x10,8x10,0.3,0,12,15,0,0,0,0,9.208333333333334,0.0,0.0,0.10253247797023958,0.10253247797023958
centered_weighted_sum,xlsx:樣本2:Sheet40:2:1:8x10,8x10,0.3,0,12,11,0,0,0,0,9.25,0.0,0.0,0.09685155902327873,0.09685155902327873
baseline,xlsx:樣本2:Sheet40:2:1:8x10,8x10,0.3,0,18,23,0,0,0,0,9.041666666666666,0.0,0.0,0.09423122077042231,0.09423122077042231
hard_gate_050,xlsx:樣本2:Sheet40:2:1:8x10,8x10,0.3,0,18,21,0,0,0,0,4.791666666666667,0.5228215767634855,0.0,0.07111483784506636,0.07111483784506636
hard_gate_055,xlsx:樣本2:Sheet40:2:1:8x10,8x10,0.3,0,18,22,0,0,0,0,2.3333333333333335,0.7676348547717843,0.0,0.0839251241243868,0.0839251241243868
hard_gate_060,xlsx:樣本2:Sheet40:2:1:8x10,8x10,0.3,0,18,24,0,0,0,0,1.875,0.8132780082987552,0.0,0.07929511736424862,0.07929511736424862
soft_gate_050,xlsx:樣本2:Sheet40:2:1:8x10,8x10,0.3,0,18,21,0,0,0,0,9.041666666666666,0.0,0.0,0.09822624490814351,0.09822624490814351
centered_weighted_sum,xlsx:樣本2:Sheet40:2:1:8x10,8x10,0.3,0,18,23,0,0,0,0,9.375,0.0,0.0,0.09423122077042231,0.09423122077042231
baseline,xlsx:樣本2:Sheet40:2:1:8x10,8x10,0.3,0,19,3,0,1,1,1,9.083333333333334,0.0,0.0,0.09293915256940398,0.09293915256940398
hard_gate_050,xlsx:樣本2:Sheet40:2:1:8x10,8x10,0.3,0,19,3,0,1,1,1,4.708333333333333,0.5330578512396694,0.0,0.06677362338722119,0.06677362338722119
hard_gate_055,xlsx:樣本2:Sheet40:2:1:8x10,8x10,0.3,0,19,5,0,0,1,1,2.2916666666666665,0.7727272727272727,0.0,0.08144389578915642,0.08144389578915642
hard_gate_060,xlsx:樣本2:Sheet40:2:1:8x10,8x10,0.3,0,19,6,0,0,0,1,1.7916666666666667,0.8223140495867769,0.0,0.07651267479485273,0.07651267479485273
soft_gate_050,xlsx:樣本2:Sheet40:2:1:8x10,8x10,0.3,0,19,2,0,1,1,1,9.083333333333334,0.0,0.0,0.09493638710508018,0.09493638710508018
centered_weighted_sum,xlsx:樣本2:Sheet40:2:1:8x10,8x10,0.3,0,19,3,0,1,1,1,9.25,0.0,0.0,0.09293915256940398,0.09293915256940398
baseline,xlsx:樣本2:Sheet40:2:1:8x10,8x10,0.3,0,23,8,0,0,0,1,9.166666666666666,0.0,0.0,0.09829320687620875,0.09829320687620875
hard_gate_050,xlsx:樣本2:Sheet40:2:1:8x10,8x10,0.3,0,23,8,0,0,0,1,4.875,0.5185185185185185,0.0,0.08150080072153532,0.08150080072153532
hard_gate_055,xlsx:樣本2:Sheet40:2:1:8x10,8x10,0.3,0,23,8,0,0,0,1,2.2916666666666665,0.7736625514403292,0.0,0.09179699133867461,0.09179699133867461
hard_gate_060,xlsx:樣本2:Sheet40:2:1:8x10,8x10,0.3,0,23,11,0,0,0,0,1.75,0.8271604938271605,0.0,0.09027655764526864,0.09027655764526864
soft_gate_050,xlsx:樣本2:Sheet40:2:1:8x10,8x10,0.3,0,23,8,0,0,0,1,9.166666666666666,0.0,0.0,0.09783728609981271,0.09783728609981271
centered_weighted_sum,xlsx:樣本2:Sheet40:2:1:8x10,8x10,0.3,0,23,8,0,0,0,1,9.375,0.0,0.0,0.09829320687620875,0.09829320687620875
baseline,xlsx:樣本2:Sheet40:2:1:8x10,8x10,0.3,0,29,12,0,0,0,0,9.0,0.0,0.0,0.07218698692554931,0.07218698692554931
hard_gate_050,xlsx:樣本2:Sheet40:2:1:8x10,8x10,0.3,0,29,6,0,0,0,1,4.833333333333333,0.5186721991701245,0.0,0.06198510434021229,0.06198510434021229
hard_gate_055,xlsx:樣本2:Sheet40:2:1:8x10,8x10,0.3,0,29,8,0,0,0,1,2.2916666666666665,0.7717842323651453,0.0,0.08793487500529334,0.08793487500529334
hard_gate_060,xlsx:樣本2:Sheet40:2:1:8x10,8x10,0.3,0,29,12,0,0,0,0,1.6666666666666667,0.8340248962655602,0.0,0.0841411523151365,0.0841411523151365
soft_gate_050,xlsx:樣本2:Sheet40:2:1:8x10,8x10,0.3,0,29,13,0,0,0,0,9.0,0.0,0.0,0.06734269951116223,0.06734269951116223
centered_weighted_sum,xlsx:樣本2:Sheet40:2:1:8x10,8x10,0.3,0,29,12,0,0,0,0,9.375,0.0,0.0,0.07218698692554931,0.07218698692554931
baseline,xlsx:樣本2:Sheet40:2:1:8x10,8x10,0.3,0,30,5,0,0,1,1,9.041666666666666,0.0,0.0,0.07159663219554765,0.07159663219554765
hard_gate_050,xlsx:樣本2:Sheet40:2:1:8x10,8x10,0.3,0,30,4,0,0,1,1,4.833333333333333,0.5206611570247934,0.0,0.06100203298444326,0.06100203298444326
hard_gate_055,xlsx:樣本2:Sheet40:2:1:8x10,8x10,0.3,0,30,5,0,0,1,1,2.3333333333333335,0.768595041322314,0.0,0.08743055922663473,0.08743055922663473
hard_gate_060,xlsx:樣本2:Sheet40:2:1:8x10,8x10,0.3,0,30,10,0,0,0,1,1.6666666666666667,0.8347107438016529,0.0,0.08800259873210786,0.08800259873210786
soft_gate_050,xlsx:樣本2:Sheet40:2:1:8x10,8x10,0.3,0,30,6,0,0,0,1,9.041666666666666,0.0,0.0,0.06717790705402715,0.06717790705402715
centered_weighted_sum,xlsx:樣本2:Sheet40:2:1:8x10,8x10,0.3,0,30,5,0,0,1,1,9.375,0.0,0.0,0.07159663219554765,0.07159663219554765
baseline,xlsx:樣本2:Sheet40:2:1:8x10,8x10,0.3,0,32,4,0,0,1,1,9.041666666666666,0.0,0.0,0.06986676364393694,0.06986676364393694
hard_gate_050,xlsx:樣本2:Sheet40:2:1:8x10,8x10,0.3,0,32,5,0,0,1,1,4.916666666666667,0.512396694214876,0.0,0.06005807738874206,0.06005807738874206
hard_gate_055,xlsx:樣本2:Sheet40:2:1:8x10,8x10,0.3,0,32,11,0,0,0,0,2.3333333333333335,0.768595041322314,0.0,0.09337266178656756,0.09337266178656756
hard_gate_060,xlsx:樣本2:Sheet40:2:1:8x10,8x10,0.3,0,32,15,0,0,0,0,1.625,0.8388429752066116,0.0,0.08424583984757031,0.08424583984757031
soft_gate_050,xlsx:樣本2:Sheet40:2:1:8x10,8x10,0.3,0,32,3,0,1,1,1,9.041666666666666,0.0,0.0,0.0673503393686561,0.0673503393686561
centered_weighted_sum,xlsx:樣本2:Sheet40:2:1:8x10,8x10,0.3,0,32,4,0,0,1,1,9.375,0.0,0.0,0.06986676364393694,0.06986676364393694
baseline,xlsx:樣本2:Sheet40:2:1:8x10,8x10,0.3,0,35,6,0,0,0,1,9.25,0.0,0.0,0.07690735211219993,0.07690735211219993
hard_gate_050,xlsx:樣本2:Sheet40:2:1:8x10,8x10,0.3,0,35,3,0,1,1,1,4.916666666666667,0.5203252032520326,0.0,0.06312618311414864,0.06312618311414864
hard_gate_055,xlsx:樣本2:Sheet40:2:1:8x10,8x10,0.3,0,35,11,0,0,0,0,2.5,0.7560975609756098,0.0,0.09369324093810293,0.09369324093810293
hard_gate_060,xlsx:樣本2:Sheet40:2:1:8x10,8x10,0.3,0,35,2,0,1,1,1,1.8333333333333333,0.8211382113821138,0.0,0.08784098848711604,0.08784098848711604
soft_gate_050,xlsx:樣本2:Sheet40:2:1:8x10,8x10,0.3,0,35,3,0,1,1,1,9.25,0.0,0.0,0.07493261891140869,0.07493261891140869
centered_weighted_sum,xlsx:樣本2:Sheet40:2:1:8x10,8x10,0.3,0,35,6,0,0,0,1,9.375,0.0,0.0,0.07690735211219994,0.07690735211219994
baseline,xlsx:樣本2:Sheet40:2:1:8x10,8x10,0.3,0,36,10,0,0,0,1,9.125,0.0,0.0,0.07696656359655596,0.07696656359655596
hard_gate_050,xlsx:樣本2:Sheet40:2:1:8x10,8x10,0.3,0,36,16,0,0,0,0,4.916666666666667,0.51440329218107,0.0,0.06899646238907998,0.06899646238907998
hard_gate_055,xlsx:樣本2:Sheet40:2:1:8x10,8x10,0.3,0,36,12,0,0,0,0,2.375,0.7654320987654321,0.0,0.09792010926497875,0.09792010926497875
hard_gate_060,xlsx:樣本2:Sheet40:2:1:8x10,8x10,0.3,0,36,5,0,0,1,1,1.8333333333333333,0.8189300411522634,0.0,0.08335929147562299,0.08335929147562299
soft_gate_050,xlsx:樣本2:Sheet40:2:1:8x10,8x10,0.3,0,36,10,0,0,0,1,9.125,0.0,0.0,0.07378036807440883,0.07378036807440883
centered_weighted_sum,xlsx:樣本2:Sheet40:2:1:8x10,8x10,0.3,0,36,10,0,0,0,1,9.375,0.0,0.0,0.07696656359655596,0.07696656359655596
baseline,xlsx:樣本2:Sheet40:2:1:8x10,8x10,0.3,0,37,18,0,0,0,0,9.041666666666666,0.0,0.0,0.07658553788174426,0.07658553788174426
hard_gate_050,xlsx:樣本2:Sheet40:2:1:8x10,8x10,0.3,0,37,20,0,0,0,0,4.833333333333333,0.5186721991701245,0.0,0.0666437627092279,0.0666437627092279
hard_gate_055,xlsx:樣本2:Sheet40:2:1:8x10,8x10,0.3,0,37,22,0,0,0,0,2.2916666666666665,0.7717842323651453,0.0,0.09177837328725265,0.09177837328725265
hard_gate_060,xlsx:樣本2:Sheet40:2:1:8x10,8x10,0.3,0,37,23,0,0,0,0,1.7083333333333333,0.8298755186721992,0.0,0.08052890678320206,0.08052890678320206
soft_gate_050,xlsx:樣本2:Sheet40:2:1:8x10,8x10,0.3,0,37,18,0,0,0,0,9.041666666666666,0.0,0.0,0.0735262053831885,0.0735262053831885
centered_weighted_sum,xlsx:樣本2:Sheet40:2:1:8x10,8x10,0.3,0,37,18,0,0,0,0,9.375,0.0,0.0,0.07658553788174426,0.07658553788174426
baseline,xlsx:樣本2:Sheet40:2:1:8x10,8x10,0.3,0,38,12,0,0,0,0,9.041666666666666,0.0,0.0,0.07606609383485329,0.07606609383485329
hard_gate_050,xlsx:樣本2:Sheet40:2:1:8x10,8x10,0.3,0,38,11,0,0,0,0,4.791666666666667,0.5228215767634855,0.0,0.06494622694452257,0.06494622694452257
hard_gate_055,xlsx:樣本2:Sheet40:2:1:8x10,8x10,0.3,0,38,12,0,0,0,0,2.2916666666666665,0.7717842323651453,0.0,0.0941168023158674,0.0941168023158674
hard_gate_060,xlsx:樣本2:Sheet40:2:1:8x10,8x10,0.3,0,38,6,0,0,0,1,1.75,0.8257261410788381,0.0,0.08518176434127014,0.08518176434127014
soft_gate_050,xlsx:樣本2:Sheet40:2:1:8x10,8x10,0.3,0,38,15,0,0,0,0,9.041666666666666,0.0,0.0,0.07342614860112069,0.07342614860112069
centered_weighted_sum,xlsx:樣本2:Sheet40:2:1:8x10,8x10,0.3,0,38,12,0,0,0,0,9.375,0.0,0.0,0.07606609383485329,0.07606609383485329
baseline,xlsx:樣本2:Sheet40:2:1:8x10,8x10,0.3,0,39,20,0,0,0,0,9.0,0.0,0.0,0.07642249753088304,0.07642249753088304
hard_gate_050,xlsx:樣本2:Sheet40:2:1:8x10,8x10,0.3,0,39,23,0,0,0,0,4.833333333333333,0.5166666666666667,0.0,0.06476881956461204,0.06476881956461204
hard_gate_055,xlsx:樣本2:Sheet40:2:1:8x10,8x10,0.3,0,39,15,0,0,0,0,2.3333333333333335,0.7666666666666667,0.0,0.08100844839039084,0.08100844839039084
hard_gate_060,xlsx:樣本2:Sheet40:2:1:8x10,8x10,0.3,0,39,17,0,0,0,0,1.75,0.825,0.0,0.0791843653932561,0.0791843653932561
soft_gate_050,xlsx:樣本2:Sheet40:2:1:8x10,8x10,0.3,0,39,23,0,0,0,0,9.0,0.0,0.0,0.07295993778654503,0.07295993778654503
centered_weighted_sum,xlsx:樣本2:Sheet40:2:1:8x10,8x10,0.3,0,39,20,0,0,0,0,9.375,0.0,0.0,0.07642249753088305,0.07642249753088305
baseline,xlsx:樣本2:Sheet40:2:1:8x10,8x10,0.3,0,48,5,0,0,1,1,9.291666666666666,0.0,0.0,0.08654014587479829,0.08654014587479829
hard_gate_050,xlsx:樣本2:Sheet40:2:1:8x10,8x10,0.3,0,48,3,0,1,1,1,4.75,0.5269709543568465,0.0,0.08422669986252579,0.08422669986252579
hard_gate_055,xlsx:樣本2:Sheet40:2:1:8x10,8x10,0.3,0,48,5,0,0,1,1,2.2083333333333335,0.7800829875518672,0.0,0.08819497303525153,0.08819497303525153
hard_gate_060,xlsx:樣本2:Sheet40:2:1:8x10,8x10,0.3,0,48,8,0,0,0,1,1.75,0.8257261410788381,0.0,0.0823120141873238,0.0823120141873238
soft_gate_050,xlsx:樣本2:Sheet40:2:1:8x10,8x10,0.3,0,48,5,0,0,1,1,9.291666666666666,0.0,0.0,0.08336741279542981,0.08336741279542981
centered_weighted_sum,xlsx:樣本2:Sheet40:2:1:8x10,8x10,0.3,0,48,5,0,0,1,1,9.375,0.0,0.0,0.08654014587479829,0.08654014587479829
baseline,xlsx:樣本2:Sheet40:2:1:8x10,8x10,0.3,0,55,11,0,0,0,0,9.375,0.0,0.0,0.0870598126491216,0.0870598126491216
hard_gate_050,xlsx:樣本2:Sheet40:2:1:8x10,8x10,0.3,0,55,7,0,0,0,1,4.625,0.5432098765432098,0.0,0.07093004108470374,0.07093004108470374
hard_gate_055,xlsx:樣本2:Sheet40:2:1:8x10,8x10,0.3,0,55,3,0,1,1,1,2.1666666666666665,0.7860082304526749,0.0,0.08100927100361305,0.08100927100361305
hard_gate_060,xlsx:樣本2:Sheet40:2:1:8x10,8x10,0.3,0,55,9,0,0,0,1,1.7083333333333333,0.831275720164609,0.0,0.09482637970424632,0.09482637970424632
soft_gate_050,xlsx:樣本2:Sheet40:2:1:8x10,8x10,0.3,0,55,9,0,0,0,1,9.375,0.0,0.0,0.08192070703576436,0.08192070703576436
centered_weighted_sum,xlsx:樣本2:Sheet40:2:1:8x10,8x10,0.3,0,55,11,0,0,0,0,9.333333333333334,0.0,0.0,0.0870598126491216,0.0870598126491216
baseline,xlsx:樣本2:Sheet40:2:1:8x10,8x10,0.3,0,56,23,0,0,0,0,9.375,0.0,0.0,0.08865706069740804,0.08865706069740804
hard_gate_050,xlsx:樣本2:Sheet40:2:1:8x10,8x10,0.3,0,56,24,0,0,0,0,4.583333333333333,0.5473251028806584,0.0,0.07321590241792725,0.07321590241792725
hard_gate_055,xlsx:樣本2:Sheet40:2:1:8x10,8x10,0.3,0,56,20,0,0,0,0,2.1666666666666665,0.7860082304526749,0.0,0.07885967402576924,0.07885967402576924
hard_gate_060,xlsx:樣本2:Sheet40:2:1:8x10,8x10,0.3,0,56,22,0,0,0,0,1.7083333333333333,0.831275720164609,0.0,0.08974374427548064,0.08974374427548064
soft_gate_050,xlsx:樣本2:Sheet40:2:1:8x10,8x10,0.3,0,56,24,0,0,0,0,9.375,0.0,0.0,0.08143477576073684,0.08143477576073684
centered_weighted_sum,xlsx:樣本2:Sheet40:2:1:8x10,8x10,0.3,0,56,23,0,0,0,0,9.375,0.0,0.0,0.08865706069740804,0.08865706069740804
baseline,xlsx:樣本2:Sheet40:2:1:8x10,8x10,0.3,0,57,6,0,0,0,1,9.291666666666666,0.0,0.0,0.08929777884969967,0.08929777884969967
hard_gate_050,xlsx:樣本2:Sheet40:2:1:8x10,8x10,0.3,0,57,11,0,0,0,0,4.583333333333333,0.5435684647302904,0.0,0.0738520558606429,0.0738520558606429
hard_gate_055,xlsx:樣本2:Sheet40:2:1:8x10,8x10,0.3,0,57,8,0,0,0,1,2.0833333333333335,0.7925311203319502,0.0,0.0779942827078003,0.0779942827078003
hard_gate_060,xlsx:樣本2:Sheet40:2:1:8x10,8x10,0.3,0,57,6,0,0,0,1,1.5416666666666667,0.8464730290456431,0.0,0.0840541770474694,0.0840541770474694
soft_gate_050,xlsx:樣本2:Sheet40:2:1:8x10,8x10,0.3,0,57,7,0,0,0,1,9.291666666666666,0.0,0.0,0.07951455669028187,0.07951455669028187
centered_weighted_sum,xlsx:樣本2:Sheet40:2:1:8x10,8x10,0.3,0,57,6,0,0,0,1,9.375,0.0,0.0,0.08929777884969967,0.08929777884969967
baseline,xlsx:樣本2:Sheet40:2:1:8x10,8x10,0.3,0,59,1,1,1,1,1,9.25,0.0,0.0,0.09519017333904933,0.09519017333904933
hard_gate_050,xlsx:樣本2:Sheet40:2:1:8x10,8x10,0.3,0,59,6,0,0,0,1,4.541666666666667,0.5458333333333333,0.0,0.07326436949566618,0.07326436949566618
hard_gate_055,xlsx:樣本2:Sheet40:2:1:8x10,8x10,0.3,0,59,1,1,1,1,1,1.9583333333333333,0.8041666666666667,0.0,0.08302765238407378,0.08302765238407378
hard_gate_060,xlsx:樣本2:Sheet40:2:1:8x10,8x10,0.3,0,59,2,0,1,1,1,1.5,0.85,0.0,0.09336223377727118,0.09336223377727118
soft_gate_050,xlsx:樣本2:Sheet40:2:1:8x10,8x10,0.3,0,59,2,0,1,1,1,9.25,0.0,0.0,0.08091904402254142,0.08091904402254142
centered_weighted_sum,xlsx:樣本2:Sheet40:2:1:8x10,8x10,0.3,0,59,1,1,1,1,1,9.375,0.0,0.0,0.09519017333904933,0.09519017333904933
baseline,xlsx:樣本2:Sheet40:2:1:8x10,8x10,0.3,0,60,13,0,0,0,0,9.25,0.0,0.0,0.09734355198307762,0.09734355198307762
hard_gate_050,xlsx:樣本2:Sheet40:2:1:8x10,8x10,0.3,0,60,8,0,0,0,1,4.541666666666667,0.5458333333333333,0.0,0.07247356323084524,0.07247356323084524
hard_gate_055,xlsx:樣本2:Sheet40:2:1:8x10,8x10,0.3,0,60,14,0,0,0,0,2.0,0.8,0.0,0.08190737416959384,0.08190737416959384
hard_gate_060,xlsx:樣本2:Sheet40:2:1:8x10,8x10,0.3,0,60,16,0,0,0,0,1.5,0.85,0.0,0.08561449713816659,0.08561449713816659
soft_gate_050,xlsx:樣本2:Sheet40:2:1:8x10,8x10,0.3,0,60,10,0,0,0,1,9.25,0.0,0.0,0.08108384914803674,0.08108384914803674
centered_weighted_sum,xlsx:樣本2:Sheet40:2:1:8x10,8x10,0.3,0,60,13,0,0,0,0,9.375,0.0,0.0,0.09734355198307762,0.09734355198307762
baseline,xlsx:樣本2:Sheet40:2:1:8x10,8x10,0.3,0,61,10,0,0,0,1,9.291666666666666,0.0,0.0,0.1018440865910475,0.1018440865910475
hard_gate_050,xlsx:樣本2:Sheet40:2:1:8x10,8x10,0.3,0,61,14,0,0,0,0,4.541666666666667,0.5477178423236515,0.0,0.07406791914261648,0.07406791914261648
hard_gate_055,xlsx:樣本2:Sheet40:2:1:8x10,8x10,0.3,0,61,18,0,0,0,0,2.0,0.8008298755186722,0.0,0.08218186264209879,0.08218186264209879
hard_gate_060,xlsx:樣本2:Sheet40:2:1:8x10,8x10,0.3,0,61,11,0,0,0,0,1.5416666666666667,0.8464730290456431,0.0,0.08262786454655938,0.08262786454655938
soft_gate_050,xlsx:樣本2:Sheet40:2:1:8x10,8x10,0.3,0,61,15,0,0,0,0,9.291666666666666,0.0,0.0,0.08177946479659573,0.08177946479659573
centered_weighted_sum,xlsx:樣本2:Sheet40:2:1:8x10,8x10,0.3,0,61,10,0,0,0,1,9.333333333333334,0.0,0.0,0.1018440865910475,0.1018440865910475
baseline,xlsx:樣本2:Sheet40:2:1:8x10,8x10,0.3,0,63,3,0,1,1,1,9.291666666666666,0.0,0.0,0.08304983309640401,0.08304983309640401
hard_gate_050,xlsx:樣本2:Sheet40:2:1:8x10,8x10,0.3,0,63,3,0,1,1,1,4.458333333333333,0.5596707818930041,0.0,0.07216482037072344,0.07216482037072344
hard_gate_055,xlsx:樣本2:Sheet40:2:1:8x10,8x10,0.3,0,63,6,0,0,0,1,2.0833333333333335,0.7942386831275721,0.0,0.08008290373766651,0.08008290373766651
hard_gate_060,xlsx:樣本2:Sheet40:2:1:8x10,8x10,0.3,0,63,1,1,1,1,1,1.5416666666666667,0.8477366255144033,0.0,0.08451973603982935,0.08451973603982935
soft_gate_050,xlsx:樣本2:Sheet40:2:1:8x10,8x10,0.3,0,63,2,0,1,1,1,9.291666666666666,0.0,0.0,0.07401984766901315,0.07401984766901315
centered_weighted_sum,xlsx:樣本2:Sheet40:2:1:8x10,8x10,0.3,0,63,3,0,1,1,1,9.375,0.0,0.0,0.08304983309640401,0.08304983309640401
baseline,xlsx:樣本2:Sheet40:2:1:8x10,8x10,0.3,0,71,16,0,0,0,0,9.208333333333334,0.0,0.0,0.08772344292022571,0.08772344292022571
hard_gate_050,xlsx:樣本2:Sheet40:2:1:8x10,8x10,0.3,0,71,18,0,0,0,0,4.416666666666667,0.5619834710743802,0.0,0.06696139313201588,0.06696139313201588
hard_gate_055,xlsx:樣本2:Sheet40:2:1:8x10,8x10,0.3,0,71,15,0,0,0,0,2.0416666666666665,0.7975206611570248,0.0,0.07782144262496582,0.07782144262496582
hard_gate_060,xlsx:樣本2:Sheet40:2:1:8x10,8x10,0.3,0,71,16,0,0,0,0,1.5416666666666667,0.8471074380165289,0.0,0.08200078990987869,0.08200078990987869
soft_gate_050,xlsx:樣本2:Sheet40:2:1:8x10,8x10,0.3,0,71,16,0,0,0,0,9.208333333333334,0.0,0.0,0.07333803576466752,0.07333803576466752
centered_weighted_sum,xlsx:樣本2:Sheet40:2:1:8x10,8x10,0.3,0,71,16,0,0,0,0,9.375,0.0,0.0,0.08772344292022571,0.08772344292022571
baseline,xlsx:樣本2:Sheet40:2:1:8x10,8x10,0.3,0,75,1,1,1,1,1,9.375,0.0,0.0,0.09358411970751265,0.09358411970751265
hard_gate_050,xlsx:樣本2:Sheet40:2:1:8x10,8x10,0.3,0,75,1,1,1,1,1,4.458333333333333,0.5650406504065041,0.0,0.06528547701975886,0.06528547701975886
hard_gate_055,xlsx:樣本2:Sheet40:2:1:8x10,8x10,0.3,0,75,5,0,0,1,1,2.2083333333333335,0.7845528455284553,0.0,0.08580990401889665,0.08580990401889665
hard_gate_060,xlsx:樣本2:Sheet40:2:1:8x10,8x10,0.3,0,75,9,0,0,0,1,1.7083333333333333,0.8333333333333334,0.0,0.08903560213489525,0.08903560213489525
soft_gate_050,xlsx:樣本2:Sheet40:2:1:8x10,8x10,0.3,0,75,1,1,1,1,1,9.375,0.0,0.0,0.09545524275675904,0.09545524275675904
centered_weighted_sum,xlsx:樣本2:Sheet40:2:1:8x10,8x10,0.3,0,75,1,1,1,1,1,9.375,0.0,0.0,0.09358411970751265,0.09358411970751265
baseline,xlsx:樣本2:Sheet40:2:1:8x10,8x10,0.5,0,2,11,0,0,0,0,9.35,0.0,0.0,0.11167481391377028,0.11167481391377028
hard_gate_050,xlsx:樣本2:Sheet40:2:1:8x10,8x10,0.5,0,2,5,0,0,1,1,3.125,0.6898263027295285,0.0,0.06709422279191693,0.06709422279191693
hard_gate_055,xlsx:樣本2:Sheet40:2:1:8x10,8x10,0.5,0,2,1,1,1,1,1,1.7,0.8312655086848635,0.1,0.08016433150885824,0.08016433150885824
hard_gate_060,xlsx:樣本2:Sheet40:2:1:8x10,8x10,0.5,0,2,1,1,1,1,1,1.3,0.8709677419354839,0.1,0.08044401040064132,0.08044401040064132
soft_gate_050,xlsx:樣本2:Sheet40:2:1:8x10,8x10,0.5,0,2,6,0,0,0,1,9.35,0.0,0.0,0.08023509858670637,0.08023509858670637
centered_weighted_sum,xlsx:樣本2:Sheet40:2:1:8x10,8x10,0.5,0,2,11,0,0,0,0,8.075,0.0,0.0,0.11167481391377028,0.11167481391377028
baseline,xlsx:樣本2:Sheet40:2:1:8x10,8x10,0.5,0,3,12,0,0,0,0,9.275,0.0,0.0,0.11695636736826984,0.11695636736826984
hard_gate_050,xlsx:樣本2:Sheet40:2:1:8x10,8x10,0.5,0,3,3,0,1,1,1,3.175,0.6825,0.0,0.06752271878862204,0.06752271878862204
hard_gate_055,xlsx:樣本2:Sheet40:2:1:8x10,8x10,0.5,0,3,2,0,1,1,1,1.725,0.8275,0.075,0.07687798415020385,0.07687798415020385
hard_gate_060,xlsx:樣本2:Sheet40:2:1:8x10,8x10,0.5,0,3,3,0,1,1,1,1.25,0.875,0.1,0.08050868382188889,0.08050868382188889
soft_gate_050,xlsx:樣本2:Sheet40:2:1:8x10,8x10,0.5,0,3,10,0,0,0,1,9.275,0.0,0.0,0.10217887421110577,0.10217887421110577
centered_weighted_sum,xlsx:樣本2:Sheet40:2:1:8x10,8x10,0.5,0,3,12,0,0,0,0,8.0,0.0,0.0,0.11695636736826984,0.11695636736826984
baseline,xlsx:樣本2:Sheet40:2:1:8x10,8x10,0.5,0,4,11,0,0,0,0,9.325,0.0,0.0,0.11730235221175866,0.11730235221175866
hard_gate_050,xlsx:樣本2:Sheet40:2:1:8x10,8x10,0.5,0,4,1,1,1,1,1,3.275,0.6741293532338308,0.0,0.06656570785447169,0.06656570785447169
hard_gate_055,xlsx:樣本2:Sheet40:2:1:8x10,8x10,0.5,0,4,7,0,0,0,1,1.825,0.818407960199005,0.05,0.06685086712624269,0.06685086712624269
hard_gate_060,xlsx:樣本2:Sheet40:2:1:8x10,8x10,0.5,0,4,10,0,0,0,1,1.375,0.8631840796019901,0.05,0.07073329246560596,0.07073329246560596
soft_gate_050,xlsx:樣本2:Sheet40:2:1:8x10,8x10,0.5,0,4,7,0,0,0,1,9.325,0.0,0.0,0.10171323494038749,0.10171323494038749
centered_weighted_sum,xlsx:樣本2:Sheet40:2:1:8x10,8x10,0.5,0,4,11,0,0,0,0,8.05,0.0,0.0,0.11730235221175866,0.11730235221175866
baseline,xlsx:樣本2:Sheet40:2:1:8x10,8x10,0.5,0,5,28,0,0,0,0,9.425,0.0,0.0,0.11729520718653327,0.11729520718653327
hard_gate_050,xlsx:樣本2:Sheet40:2:1:8x10,8x10,0.5,0,5,23,0,0,0,0,3.375,0.6674876847290641,0.0,0.06668554058462296,0.06668554058462296
hard_gate_055,xlsx:樣本2:Sheet40:2:1:8x10,8x10,0.5,0,5,30,0,0,0,0,1.95,0.8078817733990148,0.05,0.06824729593419024,0.06824729593419024
hard_gate_060,xlsx:樣本2:Sheet40:2:1:8x10,8x10,0.5,0,5,33,0,0,0,0,1.425,0.8596059113300493,0.05,0.06869918001602755,0.06869918001602755
soft_gate_050,xlsx:樣本2:Sheet40:2:1:8x10,8x10,0.5,0,5,16,0,0,0,0,9.425,0.0,0.0,0.10210144140350007,0.10210144140350007
centered_weighted_sum,xlsx:樣本2:Sheet40:2:1:8x10,8x10,0.5,0,5,28,0,0,0,0,8.15,0.0,0.0,0.11729520718653327,0.11729520718653327
baseline,xlsx:樣本2:Sheet40:2:1:8x10,8x10,0.5,0,13,24,0,0,0,0,9.3,0.0,0.0,0.11712116204400005,0.11712116204400005
hard_gate_050,xlsx:樣本2:Sheet40:2:1:8x10,8x10,0.5,0,13,12,0,0,0,0,3.45,0.655860349127182,0.0,0.07705433522266633,0.07705433522266633
hard_gate_055,xlsx:樣本2:Sheet40:2:1:8x10,8x10,0.5,0,13,11,0,0,0,0,2.05,0.7955112219451371,0.05,0.08755177853976095,0.08755177853976095
hard_gate_060,xlsx:樣本2:Sheet40:2:1:8x10,8x10,0.5,0,13,7,0,0,0,1,1.475,0.8528678304239401,0.05,0.08197685009594415,0.08197685009594415
soft_gate_050,xlsx:樣本2:Sheet40:2:1:8x10,8x10,0.5,0,13,19,0,0,0,0,9.3,0.0,0.0,0.09294365296603871,0.09294365296603871
centered_weighted_sum,xlsx:樣本2:Sheet40:2:1:8x10,8x10,0.5,0,13,24,0,0,0,0,8.025,0.0,0.0,0.11712116204400005,0.11712116204400005
baseline,xlsx:樣本2:Sheet40:2:1:8x10,8x10,0.5,0,16,15,0,0,0,0,9.425,0.0,0.0,0.11528992703827771,0.11528992703827771
hard_gate_050,xlsx:樣本2:Sheet40:2:1:8x10,8x10,0.5,0,16,23,0,0,0,0,3.725,0.6330049261083743,0.0,0.08015381274498516,0.08015381274498516
hard_gate_055,xlsx:樣本2:Sheet40:2:1:8x10,8x10,0.5,0,16,25,0,0,0,0,2.25,0.7783251231527094,0.05,0.07882742741166716,0.07882742741166716
hard_gate_060,xlsx:樣本2:Sheet40:2:1:8x10,8x10,0.5,0,16,22,0,0,0,0,1.7,0.8325123152709359,0.1,0.08212709133724509,0.08212709133724509
soft_gate_050,xlsx:樣本2:Sheet40:2:1:8x10,8x10,0.5,0,16,14,0,0,0,0,9.425,0.0,0.0,0.0874703504105677,0.0874703504105677
centered_weighted_sum,xlsx:樣本2:Sheet40:2:1:8x10,8x10,0.5,0,16,15,0,0,0,0,8.15,0.0,0.0,0.1152899270382777,0.1152899270382777
baseline,xlsx:樣本2:Sheet40:2:1:8x10,8x10,0.5,0,18,34,0,0,0,0,9.3,0.0,0.0,0.11396218021864862,0.11396218021864862
hard_gate_050,xlsx:樣本2:Sheet40:2:1:8x10,8x10,0.5,0,18,35,0,0,0,0,3.625,0.6384039900249376,0.0,0.07931614468709919,0.07931614468709919
hard_gate_055,xlsx:樣本2:Sheet40:2:1:8x10,8x10,0.5,0,18,29,0,0,0,0,2.175,0.7830423940149626,0.05,0.07968124094608245,0.07968124094608245
hard_gate_060,xlsx:樣本2:Sheet40:2:1:8x10,8x10,0.5,0,18,30,0,0,0,0,1.7,0.830423940149626,0.05,0.08460594946385633,0.08460594946385633
soft_gate_050,xlsx:樣本2:Sheet40:2:1:8x10,8x10,0.5,0,18,32,0,0,0,0,9.3,0.0,0.0,0.07905236453795125,0.07905236453795125
centered_weighted_sum,xlsx:樣本2:Sheet40:2:1:8x10,8x10,0.5,0,18,34,0,0,0,0,8.025,0.0,0.0,0.11396218021864862,0.11396218021864862
baseline,xlsx:樣本2:Sheet40:2:1:8x10,8x10,0.5,0,19,7,0,0,0,1,9.3,0.0,0.0,0.11317661431679053,0.11317661431679053
hard_gate_050,xlsx:樣本2:Sheet40:2:1:8x10,8x10,0.5,0,19,3,0,1,1,1,3.65,0.6359102244389028,0.0,0.07830810182645183,0.07830810182645183
hard_gate_055,xlsx:樣本2:Sheet40:2:1:8x10,8x10,0.5,0,19,6,0,0,0,1,2.175,0.7830423940149626,0.05,0.08070915737825407,0.08070915737825407
hard_gate_060,xlsx:樣本2:Sheet40:2:1:8x10,8x10,0.5,0,19,6,0,0,0,1,1.6,0.8403990024937655,0.05,0.08201776348061893,0.08201776348061893
soft_gate_050,xlsx:樣本2:Sheet40:2:1:8x10,8x10,0.5,0,19,1,1,1,1,1,9.3,0.0,0.0,0.08010972354705682,0.08010972354705682
centered_weighted_sum,xlsx:樣本2:Sheet40:2:1:8x10,8x10,0.5,0,19,7,0,0,0,1,8.025,0.0,0.0,0.11317661431679053,0.11317661431679053
baseline,xlsx:樣本2:Sheet40:2:1:8x10,8x10,0.5,0,20,23,0,0,0,0,9.325,0.0,0.0,0.11251820820109212,0.11251820820109212
hard_gate_050,xlsx:樣本2:Sheet40:2:1:8x10,8x10,0.5,0,20,22,0,0,0,0,3.7,0.6318407960199005,0.0,0.07832229890321046,0.07832229890321046
hard_gate_055,xlsx:樣本2:Sheet40:2:1:8x10,8x10,0.5,0,20,18,0,0,0,0,2.3,0.7711442786069652,0.025,0.08770088959458748,0.08770088959458748
hard_gate_060,xlsx:樣本2:Sheet40:2:1:8x10,8x10,0.5,0,20,23,0,0,0,0,1.625,0.8383084577114428,0.05,0.0791988379429598,0.0791988379429598
soft_gate_050,xlsx:樣本2:Sheet40:2:1:8x10,8x10,0.5,0,20,30,0,0,0,0,9.325,0.0,0.0,0.08035046515090292,0.08035046515090292
centered_weighted_sum,xlsx:樣本2:Sheet40:2:1:8x10,8x10,0.5,0,20,23,0,0,0,0,8.05,0.0,0.0,0.11251820820109214,0.11251820820109214
baseline,xlsx:樣本2:Sheet40:2:1:8x10,8x10,0.5,0,22,38,0,0,0,0,9.35,0.0,0.0,0.11282360195399165,0.11282360195399165
hard_gate_050,xlsx:樣本2:Sheet40:2:1:8x10,8x10,0.5,0,22,33,0,0,0,0,3.75,0.6287128712871287,0.0,0.07828996000497059,0.07828996000497059
hard_gate_055,xlsx:樣本2:Sheet40:2:1:8x10,8x10,0.5,0,22,33,0,0,0,0,2.275,0.7747524752475248,0.025,0.09152876586484718,0.09152876586484718
hard_gate_060,xlsx:樣本2:Sheet40:2:1:8x10,8x10,0.5,0,22,32,0,0,0,0,1.625,0.8391089108910891,0.05,0.07730245794639354,0.07730245794639354
soft_gate_050,xlsx:樣本2:Sheet40:2:1:8x10,8x10,0.5,0,22,37,0,0,0,0,9.35,0.0,0.0,0.08107159325741113,0.08107159325741113
centered_weighted_sum,xlsx:樣本2:Sheet40:2:1:8x10,8x10,0.5,0,22,38,0,0,0,0,8.1,0.0,0.0,0.11282360195399165,0.11282360195399165
baseline,xlsx:樣本2:Sheet40:2:1:8x10,8x10,0.5,0,27,2,0,1,1,1,9.35,0.0,0.0,0.11422372365542928,0.11422372365542928
hard_gate_050,xlsx:樣本2:Sheet40:2:1:8x10,8x10,0.5,0,27,6,0,0,0,1,3.675,0.6361386138613861,0.0,0.07378071752633757,0.07378071752633757
hard_gate_055,xlsx:樣本2:Sheet40:2:1:8x10,8x10,0.5,0,27,13,0,0,0,0,2.25,0.7772277227722773,0.0,0.07217943258058268,0.07217943258058268
hard_gate_060,xlsx:樣本2:Sheet40:2:1:8x10,8x10,0.5,0,27,3,0,1,1,1,1.6,0.8415841584158416,0.1,0.08892829549771002,0.08892829549771002
soft_gate_050,xlsx:樣本2:Sheet40:2:1:8x10,8x10,0.5,0,27,3,0,1,1,1,9.35,0.0,0.0,0.08276167613743553,0.08276167613743553
centered_weighted_sum,xlsx:樣本2:Sheet40:2:1:8x10,8x10,0.5,0,27,2,0,1,1,1,8.075,0.0,0.0,0.11422372365542927,0.11422372365542927
baseline,xlsx:樣本2:Sheet40:2:1:8x10,8x10,0.5,0,29,12,0,0,0,0,9.35,0.0,0.0,0.1092600120069012,0.1092600120069012
hard_gate_050,xlsx:樣本2:Sheet40:2:1:8x10,8x10,0.5,0,29,12,0,0,0,0,3.65,0.6386138613861386,0.0,0.07483353172857897,0.07483353172857897
hard_gate_055,xlsx:樣本2:Sheet40:2:1:8x10,8x10,0.5,0,29,4,0,0,1,1,2.125,0.7896039603960396,0.05,0.08018207945617814,0.08018207945617814
hard_gate_060,xlsx:樣本2:Sheet40:2:1:8x10,8x10,0.5,0,29,9,0,0,0,1,1.525,0.849009900990099,0.125,0.08486698336496255,0.08486698336496255
soft_gate_050,xlsx:樣本2:Sheet40:2:1:8x10,8x10,0.5,0,29,10,0,0,0,1,9.35,0.0,0.0,0.0799913832154606,0.0799913832154606
centered_weighted_sum,xlsx:樣本2:Sheet40:2:1:8x10,8x10,0.5,0,29,12,0,0,0,0,8.1,0.0,0.0,0.10926001200690119,0.10926001200690119
baseline,xlsx:樣本2:Sheet40:2:1:8x10,8x10,0.5,0,32,2,0,1,1,1,9.35,0.0,0.0,0.12166015102651381,0.12166015102651381
hard_gate_050,xlsx:樣本2:Sheet40:2:1:8x10,8x10,0.5,0,32,15,0,0,0,0,3.5,0.652605459057072,0.0,0.08072631922673579,0.08072631922673579
hard_gate_055,xlsx:樣本2:Sheet40:2:1:8x10,8x10,0.5,0,32,32,0,0,0,0,1.925,0.8089330024813896,0.125,0.08691958357024875,0.08691958357024875
hard_gate_060,xlsx:樣本2:Sheet40:2:1:8x10,8x10,0.5,0,32,33,0,0,0,0,1.425,0.858560794044665,0.125,0.08537059105787133,0.08537059105787133
soft_gate_050,xlsx:樣本2:Sheet40:2:1:8x10,8x10,0.5,0,32,14,0,0,0,0,9.35,0.0,0.0,0.08779328258825869,0.08779328258825869
centered_weighted_sum,xlsx:樣本2:Sheet40:2:1:8x10,8x10,0.5,0,32,2,0,1,1,1,8.05,0.0,0.0,0.12166015102651381,0.12166015102651381
baseline,xlsx:樣本2:Sheet40:2:1:8x10,8x10,0.5,0,33,14,0,0,0,0,9.275,0.0,0.0,0.1203194300586736,0.1203194300586736
hard_gate_050,xlsx:樣本2:Sheet40:2:1:8x10,8x10,0.5,0,33,12,0,0,0,0,3.375,0.6625,0.0,0.08328617595029714,0.08328617595029714
hard_gate_055,xlsx:樣本2:Sheet40:2:1:8x10,8x10,0.5,0,33,16,0,0,0,0,1.8,0.82,0.125,0.0903446568609677,0.0903446568609677
hard_gate_060,xlsx:樣本2:Sheet40:2:1:8x10,8x10,0.5,0,33,9,0,0,0,1,1.375,0.8625,0.125,0.08720810465486437,0.08720810465486437
soft_gate_050,xlsx:樣本2:Sheet40:2:1:8x10,8x10,0.5,0,33,17,0,0,0,0,9.275,0.0,0.0,0.08638703667845546,0.08638703667845546
centered_weighted_sum,xlsx:樣本2:Sheet40:2:1:8x10,8x10,0.5,0,33,14,0,0,0,0,8.0,0.0,0.0,0.1203194300586736,0.1203194300586736
baseline,xlsx:樣本2:Sheet40:2:1:8x10,8x10,0.5,0,35,16,0,0,0,0,9.375,0.0,0.0,0.11948302766215851,0.11948302766215851
hard_gate_050,xlsx:樣本2:Sheet40:2:1:8x10,8x10,0.5,0,35,3,0,1,1,1,3.45,0.6575682382133995,0.0,0.0843207831007207,0.0843207831007207
hard_gate_055,xlsx:樣本2:Sheet40:2:1:8x10,8x10,0.5,0,35,14,0,0,0,0,1.925,0.8089330024813896,0.05,0.08011016926256884,0.08011016926256884
hard_gate_060,xlsx:樣本2:Sheet40:2:1:8x10,8x10,0.5,0,35,2,0,1,1,1,1.4,0.8610421836228288,0.1,0.08282639330885919,0.08282639330885919
soft_gate_050,xlsx:樣本2:Sheet40:2:1:8x10,8x10,0.5,0,35,3,0,1,1,1,9.375,0.0,0.0,0.0974900695334367,0.0974900695334367
centered_weighted_sum,xlsx:樣本2:Sheet40:2:1:8x10,8x10,0.5,0,35,16,0,0,0,0,8.075,0.0,0.0,0.1194830276621585,0.1194830276621585
baseline,xlsx:樣本2:Sheet40:2:1:8x10,8x10,0.5,0,36,4,0,0,1,1,9.425,0.0,0.0,0.11998445768607846,0.11998445768607846
hard_gate_050,xlsx:樣本2:Sheet40:2:1:8x10,8x10,0.5,0,36,17,0,0,0,0,3.5,0.6551724137931034,0.0,0.08505565995212216,0.08505565995212216
hard_gate_055,xlsx:樣本2:Sheet40:2:1:8x10,8x10,0.5,0,36,18,0,0,0,0,2.0,0.8029556650246306,0.05,0.08212253286711668,0.08212253286711668
hard_gate_060,xlsx:樣本2:Sheet40:2:1:8x10,8x10,0.5,0,36,26,0,0,0,0,1.425,0.8596059113300493,0.125,0.08741083962412889,0.08741083962412889
soft_gate_050,xlsx:樣本2:Sheet40:2:1:8x10,8x10,0.5,0,36,6,0,0,0,1,9.425,0.0,0.0,0.0991990424379053,0.0991990424379053
centered_weighted_sum,xlsx:樣本2:Sheet40:2:1:8x10,8x10,0.5,0,36,4,0,0,1,1,8.15,0.0,0.0,0.11998445768607846,0.11998445768607846
baseline,xlsx:樣本2:Sheet40:2:1:8x10,8x10,0.5,0,39,38,0,0,0,0,9.3,0.0,0.0,0.12085534932903227,0.12085534932903227
hard_gate_050,xlsx:樣本2:Sheet40:2:1:8x10,8x10,0.5,0,39,30,0,0,0,0,3.275,0.6733167082294265,0.0,0.08492429215999801,0.08492429215999801
hard_gate_055,xlsx:樣本2:Sheet40:2:1:8x10,8x10,0.5,0,39,31,0,0,0,0,1.825,0.8179551122194514,0.05,0.07862649695769311,0.07862649695769311
hard_gate_060,xlsx:樣本2:Sheet40:2:1:8x10,8x10,0.5,0,39,32,0,0,0,0,1.325,0.8678304239401496,0.075,0.08642510509524864,0.08642510509524864
soft_gate_050,xlsx:樣本2:Sheet40:2:1:8x10,8x10,0.5,0,39,39,0,0,0,0,9.3,0.0,0.0,0.09854814464193011,0.09854814464193011
centered_weighted_sum,xlsx:樣本2:Sheet40:2:1:8x10,8x10,0.5,0,39,38,0,0,0,0,8.025,0.0,0.0,0.12085534932903227,0.12085534932903227
baseline,xlsx:樣本2:Sheet40:2:1:8x10,8x10,0.5,0,40,21,0,0,0,0,9.325,0.0,0.0,0.12097978861348209,0.12097978861348209
hard_gate_050,xlsx:樣本2:Sheet40:2:1:8x10,8x10,0.5,0,40,22,0,0,0,0,3.3,0.6716417910447762,0.0,0.0838827649924982,0.0838827649924982
hard_gate_055,xlsx:樣本2:Sheet40:2:1:8x10,8x10,0.5,0,40,25,0,0,0,0,1.825,0.818407960199005,0.05,0.07836467549845832,0.07836467549845832
hard_gate_060,xlsx:樣本2:Sheet40:2:1:8x10,8x10,0.5,0,40,27,0,0,0,0,1.325,0.8681592039800995,0.075,0.08427851489955601,0.08427851489955601
soft_gate_050,xlsx:樣本2:Sheet40:2:1:8x10,8x10,0.5,0,40,22,0,0,0,0,9.325,0.0,0.0,0.0981837814384223,0.0981837814384223
centered_weighted_sum,xlsx:樣本2:Sheet40:2:1:8x10,8x10,0.5,0,40,21,0,0,0,0,8.05,0.0,0.0,0.12097978861348208,0.12097978861348208
baseline,xlsx:樣本2:Sheet40:2:1:8x10,8x10,0.5,0,43,12,0,0,0,0,9.3,0.0,0.0,0.1272988840930962,0.1272988840930962
hard_gate_050,xlsx:樣本2:Sheet40:2:1:8x10,8x10,0.5,0,43,3,0,1,1,1,3.125,0.6875,0.0,0.08417775889141997,0.08417775889141997
hard_gate_055,xlsx:樣本2:Sheet40:2:1:8x10,8x10,0.5,0,43,15,0,0,0,0,1.75,0.825,0.05,0.0882231967343238,0.0882231967343238
hard_gate_060,xlsx:樣本2:Sheet40:2:1:8x10,8x10,0.5,0,43,3,0,1,1,1,1.325,0.8675,0.075,0.09560364308842775,0.09560364308842775
soft_gate_050,xlsx:樣本2:Sheet40:2:1:8x10,8x10,0.5,0,43,5,0,0,1,1,9.3,0.0,0.0,0.11238363849081714,0.11238363849081714
centered_weighted_sum,xlsx:樣本2:Sheet40:2:1:8x10,8x10,0.5,0,43,12,0,0,0,0,8.0,0.0,0.0,0.1272988840930962,0.1272988840930962
baseline,xlsx:樣本2:Sheet40:2:1:8x10,8x10,0.5,0,49,14,0,0,0,0,9.325,0.0,0.0,0.11741316071261446,0.11741316071261446
hard_gate_050,xlsx:樣本2:Sheet40:2:1:8x10,8x10,0.5,0,49,7,0,0,0,1,3.15,0.6873449131513648,0.0,0.07527191221972179,0.07527191221972179
hard_gate_055,xlsx:樣本2:Sheet40:2:1:8x10,8x10,0.5,0,49,4,0,0,1,1,1.8,0.8213399503722084,0.075,0.07627536637791546,0.07627536637791546
hard_gate_060,xlsx:樣本2:Sheet40:2:1:8x10,8x10,0.5,0,49,6,0,0,0,1,1.325,0.8684863523573201,0.125,0.07933772159615447,0.07933772159615447
soft_gate_050,xlsx:樣本2:Sheet40:2:1:8x10,8x10,0.5,0,49,11,0,0,0,0,9.325,0.0,0.0,0.0940731049636282,0.0940731049636282
centered_weighted_sum,xlsx:樣本2:Sheet40:2:1:8x10,8x10,0.5,0,49,14,0,0,0,0,8.05,0.0,0.0,0.11741316071261446,0.11741316071261446
baseline,xlsx:樣本2:Sheet40:2:1:8x10,8x10,0.5,0,50,24,0,0,0,0,9.25,0.0,0.0,0.11611271430029045,0.11611271430029045
hard_gate_050,xlsx:樣本2:Sheet40:2:1:8x10,8x10,0.5,0,50,27,0,0,0,0,3.075,0.6925,0.0,0.07520068470116484,0.07520068470116484
hard_gate_055,xlsx:樣本2:Sheet40:2:1:8x10,8x10,0.5,0,50,22,0,0,0,0,1.75,0.825,0.05,0.0747296788752205,0.0747296788752205
hard_gate_060,xlsx:樣本2:Sheet40:2:1:8x10,8x10,0.5,0,50,26,0,0,0,0,1.325,0.8675,0.075,0.07386282378359339,0.07386282378359339
soft_gate_050,xlsx:樣本2:Sheet40:2:1:8x10,8x10,0.5,0,50,32,0,0,0,0,9.25,0.0,0.0,0.09386663759667535,0.09386663759667535
centered_weighted_sum,xlsx:樣本2:Sheet40:2:1:8x10,8x10,0.5,0,50,24,0,0,0,0,8.0,0.0,0.0,0.11611271430029045,0.11611271430029045
baseline,xlsx:樣本2:Sheet40:2:1:8x10,8x10,0.5,0,51,36,0,0,0,0,9.325,0.0,0.0,0.11515693235458092,0.11515693235458092
hard_gate_050,xlsx:樣本2:Sheet40:2:1:8x10,8x10,0.5,0,51,37,0,0,0,0,3.15,0.6873449131513648,0.0,0.07486219084334816,0.07486219084334816
hard_gate_055,xlsx:樣本2:Sheet40:2:1:8x10,8x10,0.5,0,51,40,0,0,0,0,1.775,0.8238213399503722,0.075,0.0781339424170716,0.0781339424170716
hard_gate_060,xlsx:樣本2:Sheet40:2:1:8x10,8x10,0.5,0,51,31,0,0,0,0,1.35,0.8660049627791563,0.075,0.07822552694158208,0.07822552694158208
soft_gate_050,xlsx:樣本2:Sheet40:2:1:8x10,8x10,0.5,0,51,34,0,0,0,0,9.325,0.0,0.0,0.09405325763992954,0.09405325763992954
centered_weighted_sum,xlsx:樣本2:Sheet40:2:1:8x10,8x10,0.5,0,51,36,0,0,0,0,8.075,0.0,0.0,0.11515693235458094,0.11515693235458094
baseline,xlsx:樣本2:Sheet40:2:1:8x10,8x10,0.5,0,53,37,0,0,0,0,9.2,0.0,0.0,0.11657643733875143,0.11657643733875143
hard_gate_050,xlsx:樣本2:Sheet40:2:1:8x10,8x10,0.5,0,53,37,0,0,0,0,3.05,0.695,0.0,0.07658713180638757,0.07658713180638757
hard_gate_055,xlsx:樣本2:Sheet40:2:1:8x10,8x10,0.5,0,53,37,0,0,0,0,1.725,0.8275,0.05,0.08224683628165597,0.08224683628165597
hard_gate_060,xlsx:樣本2:Sheet40:2:1:8x10,8x10,0.5,0,53,39,0,0,0,0,1.35,0.865,0.05,0.07793904165556934,0.07793904165556934
soft_gate_050,xlsx:樣本2:Sheet40:2:1:8x10,8x10,0.5,0,53,38,0,0,0,0,9.2,0.0,0.0,0.0864323461567405,0.0864323461567405
centered_weighted_sum,xlsx:樣本2:Sheet40:2:1:8x10,8x10,0.5,0,53,37,0,0,0,0,8.0,0.0,0.0,0.11657643733875143,0.11657643733875143
baseline,xlsx:樣本2:Sheet40:2:1:8x10,8x10,0.5,0,54,10,0,0,0,1,9.25,0.0,0.0,0.11813717403402568,0.11813717403402568
hard_gate_050,xlsx:樣本2:Sheet40:2:1:8x10,8x10,0.5,0,54,1,1,1,1,1,3.1,0.6915422885572139,0.0,0.07694620309397221,0.07694620309397221
hard_gate_055,xlsx:樣本2:Sheet40:2:1:8x10,8x10,0.5,0,54,1,1,1,1,1,1.775,0.8233830845771144,0.05,0.08143574031879183,0.08143574031879183
hard_gate_060,xlsx:樣本2:Sheet40:2:1:8x10,8x10,0.5,0,54,1,1,1,1,1,1.375,0.8631840796019901,0.05,0.07952685417126149,0.07952685417126149
soft_gate_050,xlsx:樣本2:Sheet40:2:1:8x10,8x10,0.5,0,54,13,0,0,0,0,9.25,0.0,0.0,0.08705267839227222,0.08705267839227222
centered_weighted_sum,xlsx:樣本2:Sheet40:2:1:8x10,8x10,0.5,0,54,10,0,0,0,1,8.05,0.0,0.0,0.11813717403402567,0.11813717403402567
baseline,xlsx:樣本2:Sheet40:2:1:8x10,8x10,0.5,0,55,18,0,0,0,0,9.2,0.0,0.0,0.11988015577112086,0.11988015577112086
hard_gate_050,xlsx:樣本2:Sheet40:2:1:8x10,8x10,0.5,0,55,17,0,0,0,0,3.05,0.695,0.0,0.0779532115266037,0.0779532115266037
hard_gate_055,xlsx:樣本2:Sheet40:2:1:8x10,8x10,0.5,0,55,21,0,0,0,0,1.725,0.8275,0.05,0.08587931622794287,0.08587931622794287
hard_gate_060,xlsx:樣本2:Sheet40:2:1:8x10,8x10,0.5,0,55,17,0,0,0,0,1.35,0.865,0.05,0.08239014121975473,0.08239014121975473
soft_gate_050,xlsx:樣本2:Sheet40:2:1:8x10,8x10,0.5,0,55,17,0,0,0,0,9.2,0.0,0.0,0.08726055017009123,0.08726055017009123
centered_weighted_sum,xlsx:樣本2:Sheet40:2:1:8x10,8x10,0.5,0,55,18,0,0,0,0,8.0,0.0,0.0,0.11988015577112086,0.11988015577112086
baseline,xlsx:樣本2:Sheet40:2:1:8x10,8x10,0.5,0,56,38,0,0,0,0,9.3,0.0,0.0,0.11978685743530051,0.11978685743530051
hard_gate_050,xlsx:樣本2:Sheet40:2:1:8x10,8x10,0.5,0,56,34,0,0,0,0,3.125,0.6905940594059405,0.0,0.0785316209028783,0.0785316209028783
hard_gate_055,xlsx:樣本2:Sheet40:2:1:8x10,8x10,0.5,0,56,39,0,0,0,0,1.825,0.8193069306930693,0.05,0.08581232738527336,0.08581232738527336
hard_gate_060,xlsx:樣本2:Sheet40:2:1:8x10,8x10,0.5,0,56,31,0,0,0,0,1.45,0.8564356435643564,0.05,0.08140206116525364,0.08140206116525364
soft_gate_050,xlsx:樣本2:Sheet40:2:1:8x10,8x10,0.5,0,56,35,0,0,0,0,9.3,0.0,0.0,0.08575102565444032,0.08575102565444032
centered_weighted_sum,xlsx:樣本2:Sheet40:2:1:8x10,8x10,0.5,0,56,38,0,0,0,0,8.1,0.0,0.0,0.11978685743530051,0.11978685743530051
baseline,xlsx:樣本2:Sheet40:2:1:8x10,8x10,0.5,0,57,9,0,0,0,1,9.2,0.0,0.0,0.11781398714496712,0.11781398714496712
hard_gate_050,xlsx:樣本2:Sheet40:2:1:8x10,8x10,0.5,0,57,26,0,0,0,0,3.0,0.7,0.0,0.07738421421080985,0.07738421421080985
hard_gate_055,xlsx:樣本2:Sheet40:2:1:8x10,8x10,0.5,0,57,14,0,0,0,0,1.675,0.8325,0.05,0.08392920571444813,0.08392920571444813
hard_gate_060,xlsx:樣本2:Sheet40:2:1:8x10,8x10,0.5,0,57,17,0,0,0,0,1.35,0.865,0.05,0.08018818546166069,0.08018818546166069
soft_gate_050,xlsx:樣本2:Sheet40:2:1:8x10,8x10,0.5,0,57,1,1,1,1,1,9.2,0.0,0.0,0.08233011529164591,0.08233011529164591
centered_weighted_sum,xlsx:樣本2:Sheet40:2:1:8x10,8x10,0.5,0,57,9,0,0,0,1,8.0,0.0,0.0,0.11781398714496712,0.11781398714496712
baseline,xlsx:樣本2:Sheet40:2:1:8x10,8x10,0.5,0,58,6,0,0,0,1,9.225,0.0,0.0,0.1188230416443878,0.1188230416443878
hard_gate_050,xlsx:樣本2:Sheet40:2:1:8x10,8x10,0.5,0,58,15,0,0,0,0,3.025,0.6982543640897756,0.0,0.07751869524826603,0.07751869524826603
hard_gate_055,xlsx:樣本2:Sheet40:2:1:8x10,8x10,0.5,0,58,27,0,0,0,0,1.65,0.8354114713216958,0.1,0.07649769457735711,0.07649769457735711
hard_gate_060,xlsx:樣本2:Sheet40:2:1:8x10,8x10,0.5,0,58,26,0,0,0,0,1.025,0.8977556109725686,0.325,0.09110921768621015,0.09110921768621015
soft_gate_050,xlsx:樣本2:Sheet40:2:1:8x10,8x10,0.5,0,58,8,0,0,0,1,9.225,0.0,0.0,0.0833476888886767,0.0833476888886767
centered_weighted_sum,xlsx:樣本2:Sheet40:2:1:8x10,8x10,0.5,0,58,6,0,0,0,1,8.025,0.0,0.0,0.1188230416443878,0.1188230416443878
baseline,xlsx:樣本2:Sheet40:2:1:8x10,8x10,0.5,0,59,3,0,1,1,1,9.2,0.0,0.0,0.11858130160077543,0.11858130160077543
hard_gate_050,xlsx:樣本2:Sheet40:2:1:8x10,8x10,0.5,0,59,14,0,0,0,0,3.0,0.7,0.0,0.07849219590129682,0.07849219590129682
hard_gate_055,xlsx:樣本2:Sheet40:2:1:8x10,8x10,0.5,0,59,4,0,0,1,1,1.675,0.8325,0.05,0.0871665372115728,0.0871665372115728
hard_gate_060,xlsx:樣本2:Sheet40:2:1:8x10,8x10,0.5,0,59,5,0,0,1,1,1.325,0.8675,0.05,0.08021810866287932,0.08021810866287932
soft_gate_050,xlsx:樣本2:Sheet40:2:1:8x10,8x10,0.5,0,59,3,0,1,1,1,9.2,0.0,0.0,0.08242555466697922,0.08242555466697922
centered_weighted_sum,xlsx:樣本2:Sheet40:2:1:8x10,8x10,0.5,0,59,3,0,1,1,1,8.0,0.0,0.0,0.11858130160077543,0.11858130160077543
baseline,xlsx:樣本2:Sheet40:2:1:8x10,8x10,0.5,0,60,26,0,0,0,0,9.2,0.0,0.0,0.11962449645618528,0.11962449645618528
hard_gate_050,xlsx:樣本2:Sheet40:2:1:8x10,8x10,0.5,0,60,25,0,0,0,0,3.0,0.7,0.0,0.07934890313640197,0.07934890313640197
hard_gate_055,xlsx:樣本2:Sheet40:2:1:8x10,8x10,0.5,0,60,13,0,0,0,0,1.675,0.8325,0.05,0.09163648727936584,0.09163648727936584
hard_gate_060,xlsx:樣本2:Sheet40:2:1:8x10,8x10,0.5,0,60,16,0,0,0,0,1.275,0.8725,0.1,0.0928922975236369,0.0928922975236369
soft_gate_050,xlsx:樣本2:Sheet40:2:1:8x10,8x10,0.5,0,60,29,0,0,0,0,9.2,0.0,0.0,0.08246064080496149,0.08246064080496149
centered_weighted_sum,xlsx:樣本2:Sheet40:2:1:8x10,8x10,0.5,0,60,26,0,0,0,0,8.0,0.0,0.0,0.11962449645618528,0.11962449645618528
baseline,xlsx:樣本2:Sheet40:2:1:8x10,8x10,0.5,0,63,28,0,0,0,0,9.175,0.0,0.0,0.12407425392567509,0.12407425392567509
hard_gate_050,xlsx:樣本2:Sheet40:2:1:8x10,8x10,0.5,0,63,31,0,0,0,0,2.95,0.705,0.0,0.07704575755078236,0.07704575755078236
hard_gate_055,xlsx:樣本2:Sheet40:2:1:8x10,8x10,0.5,0,63,32,0,0,0,0,1.65,0.835,0.05,0.07929147038173733,0.07929147038173733
hard_gate_060,xlsx:樣本2:Sheet40:2:1:8x10,8x10,0.5,0,63,28,0,0,0,0,1.3,0.87,0.075,0.07841264211189418,0.07841264211189418
soft_gate_050,xlsx:樣本2:Sheet40:2:1:8x10,8x10,0.5,0,63,29,0,0,0,0,9.175,0.0,0.0,0.08742563503011871,0.08742563503011871
centered_weighted_sum,xlsx:樣本2:Sheet40:2:1:8x10,8x10,0.5,0,63,28,0,0,0,0,7.9,0.0,0.0,0.12407425392567509,0.12407425392567509
baseline,xlsx:樣本2:Sheet40:2:1:8x10,8x10,0.5,0,68,17,0,0,0,0,9.275,0.0,0.0,0.11711667344069364,0.11711667344069364
hard_gate_050,xlsx:樣本2:Sheet40:2:1:8x10,8x10,0.5,0,68,29,0,0,0,0,3.025,0.6997518610421837,0.0,0.07381276697239106,0.07381276697239106
hard_gate_055,xlsx:樣本2:Sheet40:2:1:8x10,8x10,0.5,0,68,18,0,0,0,0,1.75,0.826302729528536,0.05,0.07225019266555731,0.07225019266555731
hard_gate_060,xlsx:樣本2:Sheet40:2:1:8x10,8x10,0.5,0,68,22,0,0,0,0,1.325,0.8684863523573201,0.125,0.07975918863279098,0.07975918863279098
soft_gate_050,xlsx:樣本2:Sheet40:2:1:8x10,8x10,0.5,0,68,27,0,0,0,0,9.275,0.0,0.0,0.09073711901393296,0.09073711901393296
centered_weighted_sum,xlsx:樣本2:Sheet40:2:1:8x10,8x10,0.5,0,68,17,0,0,0,0,8.075,0.0,0.0,0.11711667344069364,0.11711667344069364
baseline,xlsx:樣本2:Sheet40:2:1:8x10,8x10,0.5,0,70,33,0,0,0,0,9.25,0.0,0.0,0.11577568007258938,0.11577568007258938
hard_gate_050,xlsx:樣本2:Sheet40:2:1:8x10,8x10,0.5,0,70,27,0,0,0,0,3.0,0.7014925373134329,0.0,0.07260371064564353,0.07260371064564353
hard_gate_055,xlsx:樣本2:Sheet40:2:1:8x10,8x10,0.5,0,70,25,0,0,0,0,1.7,0.8308457711442786,0.05,0.07924506797756595,0.07924506797756595
hard_gate_060,xlsx:樣本2:Sheet40:2:1:8x10,8x10,0.5,0,70,27,0,0,0,0,1.3,0.8706467661691543,0.05,0.08011549673538655,0.08011549673538655
soft_gate_050,xlsx:樣本2:Sheet40:2:1:8x10,8x10,0.5,0,70,31,0,0,0,0,9.25,0.0,0.0,0.08984740545694546,0.08984740545694546
centered_weighted_sum,xlsx:樣本2:Sheet40:2:1:8x10,8x10,0.5,0,70,33,0,0,0,0,8.05,0.0,0.0,0.1157756800725894,0.1157756800725894
baseline,xlsx:樣本2:Sheet40:2:1:8x10,8x10,0.5,0,73,37,0,0,0,0,9.2,0.0,0.0,0.11514496462581011,0.11514496462581011
hard_gate_050,xlsx:樣本2:Sheet40:2:1:8x10,8x10,0.5,0,73,33,0,0,0,0,3.0,0.7007481296758105,0.0,0.07579907845727668,0.07579907845727668
hard_gate_055,xlsx:樣本2:Sheet40:2:1:8x10,8x10,0.5,0,73,31,0,0,0,0,1.7,0.830423940149626,0.05,0.07990579560089134,0.07990579560089134
hard_gate_060,xlsx:樣本2:Sheet40:2:1:8x10,8x10,0.5,0,73,32,0,0,0,0,1.325,0.8678304239401496,0.05,0.08114375647612551,0.08114375647612551
soft_gate_050,xlsx:樣本2:Sheet40:2:1:8x10,8x10,0.5,0,73,37,0,0,0,0,9.2,0.0,0.0,0.08742161626934743,0.08742161626934743
centered_weighted_sum,xlsx:樣本2:Sheet40:2:1:8x10,8x10,0.5,0,73,37,0,0,0,0,7.95,0.0,0.0,0.11514496462581013,0.11514496462581013
baseline,xlsx:樣本2:Sheet40:2:1:8x10,8x10,0.5,0,74,8,0,0,0,1,9.225,0.0,0.0,0.11548413478224874,0.11548413478224874
hard_gate_050,xlsx:樣本2:Sheet40:2:1:8x10,8x10,0.5,0,74,14,0,0,0,0,3.0,0.7014925373134329,0.0,0.07592107354050741,0.07592107354050741
hard_gate_055,xlsx:樣本2:Sheet40:2:1:8x10,8x10,0.5,0,74,35,0,0,0,0,1.725,0.8283582089552238,0.05,0.07984581961098411,0.07984581961098411
hard_gate_060,xlsx:樣本2:Sheet40:2:1:8x10,8x10,0.5,0,74,36,0,0,0,0,1.375,0.8631840796019901,0.05,0.08124967645002391,0.08124967645002391
soft_gate_050,xlsx:樣本2:Sheet40:2:1:8x10,8x10,0.5,0,74,12,0,0,0,0,9.225,0.0,0.0,0.08847784344697389,0.08847784344697389
centered_weighted_sum,xlsx:樣本2:Sheet40:2:1:8x10,8x10,0.5,0,74,8,0,0,0,1,8.05,0.0,0.0,0.11548413478224874,0.11548413478224874
baseline,xlsx:樣本2:Sheet40:2:1:8x10,8x10,0.5,0,75,4,0,0,1,1,9.175,0.0,0.0,0.11504436692841481,0.11504436692841481
hard_gate_050,xlsx:樣本2:Sheet40:2:1:8x10,8x10,0.5,0,75,2,0,1,1,1,2.95,0.705,0.0,0.074470910522392,0.074470910522392
hard_gate_055,xlsx:樣本2:Sheet40:2:1:8x10,8x10,0.5,0,75,13,0,0,0,0,1.675,0.8325,0.05,0.07634027390938472,0.07634027390938472
hard_gate_060,xlsx:樣本2:Sheet40:2:1:8x10,8x10,0.5,0,75,20,0,0,0,0,1.325,0.8675,0.05,0.07727037420813325,0.07727037420813325
soft_gate_050,xlsx:樣本2:Sheet40:2:1:8x10,8x10,0.5,0,75,1,1,1,1,1,9.175,0.0,0.0,0.0878036435537981,0.0878036435537981
centered_weighted_sum,xlsx:樣本2:Sheet40:2:1:8x10,8x10,0.5,0,75,4,0,0,1,1,8.0,0.0,0.0,0.1150443669284148,0.1150443669284148
baseline,xlsx:樣本2:Sheet40:2:1:8x10,8x10,0.5,0,76,3,0,1,1,1,9.275,0.0,0.0,0.11467688554336179,0.11467688554336179
hard_gate_050,xlsx:樣本2:Sheet40:2:1:8x10,8x10,0.5,0,76,5,0,0,1,1,3.05,0.698019801980198,0.0,0.07512453064822516,0.07512453064822516
hard_gate_055,xlsx:樣本2:Sheet40:2:1:8x10,8x10,0.5,0,76,19,0,0,0,0,1.775,0.8242574257425742,0.05,0.07785584618874809,0.07785584618874809
hard_gate_060,xlsx:樣本2:Sheet40:2:1:8x10,8x10,0.5,0,76,5,0,0,1,1,1.425,0.8589108910891089,0.05,0.07754243641421597,0.07754243641421597
soft_gate_050,xlsx:樣本2:Sheet40:2:1:8x10,8x10,0.5,0,76,2,0,1,1,1,9.275,0.0,0.0,0.08830146502503568,0.08830146502503568
centered_weighted_sum,xlsx:樣本2:Sheet40:2:1:8x10,8x10,0.5,0,76,3,0,1,1,1,8.1,0.0,0.0,0.11467688554336179,0.11467688554336179
baseline,xlsx:樣本2:Sheet40:2:1:8x10,8x10,0.5,0,77,30,0,0,0,0,9.2,0.0,0.0,0.11526130438711638,0.11526130438711638
hard_gate_050,xlsx:樣本2:Sheet40:2:1:8x10,8x10,0.5,0,77,18,0,0,0,0,2.95,0.7057356608478803,0.0,0.07286511337544474,0.07286511337544474
hard_gate_055,xlsx:樣本2:Sheet40:2:1:8x10,8x10,0.5,0,77,24,0,0,0,0,1.7,0.830423940149626,0.05,0.07969043590664265,0.07969043590664265
hard_gate_060,xlsx:樣本2:Sheet40:2:1:8x10,8x10,0.5,0,77,23,0,0,0,0,1.325,0.8678304239401496,0.05,0.08078028487991828,0.08078028487991828
soft_gate_050,xlsx:樣本2:Sheet40:2:1:8x10,8x10,0.5,0,77,25,0,0,0,0,9.2,0.0,0.0,0.08976971933233224,0.08976971933233224
centered_weighted_sum,xlsx:樣本2:Sheet40:2:1:8x10,8x10,0.5,0,77,30,0,0,0,0,8.025,0.0,0.0,0.11526130438711636,0.11526130438711636
baseline,xlsx:樣本2:Sheet40:2:1:8x10,8x10,0.5,0,78,7,0,0,0,1,9.25,0.0,0.0,0.11467483006447568,0.11467483006447568
hard_gate_050,xlsx:樣本2:Sheet40:2:1:8x10,8x10,0.5,0,78,15,0,0,0,0,3.0,0.7022332506203474,0.0,0.0720254799683095,0.0720254799683095
hard_gate_055,xlsx:樣本2:Sheet40:2:1:8x10,8x10,0.5,0,78,35,0,0,0,0,1.75,0.826302729528536,0.05,0.07872394020267244,0.07872394020267244
hard_gate_060,xlsx:樣本2:Sheet40:2:1:8x10,8x10,0.5,0,78,36,0,0,0,0,1.375,0.8635235732009926,0.05,0.07936868715465244,0.07936868715465244
soft_gate_050,xlsx:樣本2:Sheet40:2:1:8x10,8x10,0.5,0,78,10,0,0,0,1,9.25,0.0,0.0,0.08898104927326554,0.08898104927326554
centered_weighted_sum,xlsx:樣本2:Sheet40:2:1:8x10,8x10,0.5,0,78,7,0,0,0,1,8.075,0.0,0.0,0.11467483006447568,0.11467483006447568
baseline,xlsx:樣本2:Sheet40:2:1:8x10,8x10,0.5,0,80,20,0,0,0,0,9.2,0.0,0.0,0.11228857946164116,0.11228857946164116
hard_gate_050,xlsx:樣本2:Sheet40:2:1:8x10,8x10,0.5,0,80,17,0,0,0,0,2.95,0.7057356608478803,0.0,0.06996051755401281,0.06996051755401281
hard_gate_055,xlsx:樣本2:Sheet40:2:1:8x10,8x10,0.5,0,80,23,0,0,0,0,1.7,0.830423940149626,0.05,0.07388276090549022,0.07388276090549022
hard_gate_060,xlsx:樣本2:Sheet40:2:1:8x10,8x10,0.5,0,80,26,0,0,0,0,1.325,0.8678304239401496,0.05,0.07671999995542632,0.07671999995542632
soft_gate_050,xlsx:樣本2:Sheet40:2:1:8x10,8x10,0.5,0,80,20,0,0,0,0,9.2,0.0,0.0,0.08801040824242838,0.08801040824242838
centered_weighted_sum,xlsx:樣本2:Sheet40:2:1:8x10,8x10,0.5,0,80,20,0,0,0,0,8.025,0.0,0.0,0.11228857946164116,0.11228857946164116
baseline,xlsx:樣本2:Sheet17:2:1:8x10,8x10,0.3,0,1,1,1,1,1,1,9.041666666666666,0.0,0.0,0.06525270231379358,0.06525270231379358
hard_gate_050,xlsx:樣本2:Sheet17:2:1:8x10,8x10,0.3,0,1,2,0,1,1,1,4.5,0.5555555555555556,0.0,0.04947265241183463,0.04947265241183463
hard_gate_055,xlsx:樣本2:Sheet17:2:1:8x10,8x10,0.3,0,1,1,1,1,1,1,2.2916666666666665,0.7736625514403292,0.0,0.06104698148068533,0.06104698148068533
hard_gate_060,xlsx:樣本2:Sheet17:2:1:8x10,8x10,0.3,0,1,2,0,1,1,1,1.7916666666666667,0.823045267489712,0.0,0.06780258879685137,0.06780258879685137
soft_gate_050,xlsx:樣本2:Sheet17:2:1:8x10,8x10,0.3,0,1,1,1,1,1,1,9.041666666666666,0.0,0.0,0.055912867590800906,0.055912867590800906
centered_weighted_sum,xlsx:樣本2:Sheet17:2:1:8x10,8x10,0.3,0,1,1,1,1,1,1,9.333333333333334,0.0,0.0,0.06525270231379358,0.06525270231379358
baseline,xlsx:樣本2:Sheet17:2:1:8x10,8x10,0.3,0,5,4,0,0,1,1,8.958333333333334,0.0,0.0,0.057752816212267646,0.057752816212267646
hard_gate_050,xlsx:樣本2:Sheet17:2:1:8x10,8x10,0.3,0,5,8,0,0,0,1,4.541666666666667,0.5477178423236515,0.0,0.049450939469490245,0.049450939469490245
hard_gate_055,xlsx:樣本2:Sheet17:2:1:8x10,8x10,0.3,0,5,9,0,0,0,1,2.25,0.7759336099585062,0.0,0.06567990223291108,0.06567990223291108
hard_gate_060,xlsx:樣本2:Sheet17:2:1:8x10,8x10,0.3,0,5,3,0,1,1,1,1.7916666666666667,0.8215767634854771,0.0,0.06725427412558704,0.06725427412558704
soft_gate_050,xlsx:樣本2:Sheet17:2:1:8x10,8x10,0.3,0,5,6,0,0,0,1,8.958333333333334,0.0,0.0,0.054265694555127454,0.054265694555127454
centered_weighted_sum,xlsx:樣本2:Sheet17:2:1:8x10,8x10,0.3,0,5,4,0,0,1,1,9.208333333333334,0.0,0.0,0.05775281621226765,0.05775281621226765
baseline,xlsx:樣本2:Sheet17:2:1:8x10,8x10,0.3,0,7,13,0,0,0,0,9.0,0.0,0.0,0.05602494466706104,0.05602494466706104
hard_gate_050,xlsx:樣本2:Sheet17:2:1:8x10,8x10,0.3,0,7,15,0,0,0,0,4.541666666666667,0.5477178423236515,0.0,0.05312322842267172,0.05312322842267172
hard_gate_055,xlsx:樣本2:Sheet17:2:1:8x10,8x10,0.3,0,7,4,0,0,1,1,2.25,0.7759336099585062,0.0,0.06903450983354992,0.06903450983354992
hard_gate_060,xlsx:樣本2:Sheet17:2:1:8x10,8x10,0.3,0,7,9,0,0,0,1,1.75,0.8257261410788381,0.0,0.06920678152095996,0.06920678152095996
soft_gate_050,xlsx:樣本2:Sheet17:2:1:8x10,8x10,0.3,0,7,15,0,0,0,0,9.0,0.0,0.0,0.05767865156302999,0.05767865156302999
centered_weighted_sum,xlsx:樣本2:Sheet17:2:1:8x10,8x10,0.3,0,7,13,0,0,0,0,9.166666666666666,0.0,0.0,0.05602494466706104,0.05602494466706104
baseline,xlsx:樣本2:Sheet17:2:1:8x10,8x10,0.3,0,9,18,0,0,0,0,9.083333333333334,0.0,0.0,0.057525212402083165,0.057525212402083165
hard_gate_050,xlsx:樣本2:Sheet17:2:1:8x10,8x10,0.3,0,9,20,0,0,0,0,4.583333333333333,0.5473251028806584,0.0,0.05656267013540736,0.05656267013540736
hard_gate_055,xlsx:樣本2:Sheet17:2:1:8x10,8x10,0.3,0,9,20,0,0,0,0,2.375,0.7654320987654321,0.0,0.06774723601281403,0.06774723601281403
hard_gate_060,xlsx:樣本2:Sheet17:2:1:8x10,8x10,0.3,0,9,17,0,0,0,0,1.75,0.8271604938271605,0.0,0.06967802808489039,0.06967802808489039
soft_gate_050,xlsx:樣本2:Sheet17:2:1:8x10,8x10,0.3,0,9,20,0,0,0,0,9.083333333333334,0.0,0.0,0.055681065299214974,0.055681065299214974
centered_weighted_sum,xlsx:樣本2:Sheet17:2:1:8x10,8x10,0.3,0,9,18,0,0,0,0,9.291666666666666,0.0,0.0,0.057525212402083165,0.057525212402083165
baseline,xlsx:樣本2:Sheet17:2:1:8x10,8x10,0.3,0,12,8,0,0,0,1,9.291666666666666,0.0,0.0,0.07275048037997986,0.07275048037997986
hard_gate_050,xlsx:樣本2:Sheet17:2:1:8x10,8x10,0.3,0,12,12,0,0,0,0,4.625,0.5432098765432098,0.0,0.06730742078410488,0.06730742078410488
hard_gate_055,xlsx:樣本2:Sheet17:2:1:8x10,8x10,0.3,0,12,17,0,0,0,0,2.375,0.7654320987654321,0.0,0.07160822421080916,0.07160822421080916
hard_gate_060,xlsx:樣本2:Sheet17:2:1:8x10,8x10,0.3,0,12,14,0,0,0,0,1.75,0.8271604938271605,0.0,0.0766037641837478,0.0766037641837478
soft_gate_050,xlsx:樣本2:Sheet17:2:1:8x10,8x10,0.3,0,12,12,0,0,0,0,9.291666666666666,0.0,0.0,0.068285180318361,0.068285180318361
centered_weighted_sum,xlsx:樣本2:Sheet17:2:1:8x10,8x10,0.3,0,12,8,0,0,0,1,9.291666666666666,0.0,0.0,0.07275048037997986,0.07275048037997986
baseline,xlsx:樣本2:Sheet17:2:1:8x10,8x10,0.3,0,14,11,0,0,0,0,9.333333333333334,0.0,0.0,0.06264465585401272,0.06264465585401272
hard_gate_050,xlsx:樣本2:Sheet17:2:1:8x10,8x10,0.3,0,14,11,0,0,0,0,4.708333333333333,0.5387755102040817,0.0,0.06495161483633403,0.06495161483633403
hard_gate_055,xlsx:樣本2:Sheet17:2:1:8x10,8x10,0.3,0,14,12,0,0,0,0,2.5416666666666665,0.7510204081632653,0.0,0.08168557524367284,0.08168557524367284
hard_gate_060,xlsx:樣本2:Sheet17:2:1:8x10,8x10,0.3,0,14,15,0,0,0,0,1.875,0.8163265306122449,0.0,0.07751991193187911,0.07751991193187911
soft_gate_050,xlsx:樣本2:Sheet17:2:1:8x10,8x10,0.3,0,14,13,0,0,0,0,9.333333333333334,0.0,0.0,0.06015780354370487,0.06015780354370487
centered_weighted_sum,xlsx:樣本2:Sheet17:2:1:8x10,8x10,0.3,0,14,11,0,0,0,0,9.375,0.0,0.0,0.06264465585401272,0.06264465585401272
baseline,xlsx:樣本2:Sheet17:2:1:8x10,8x10,0.3,0,20,3,0,1,1,1,9.166666666666666,0.0,0.0,0.06526679361295248,0.06526679361295248
hard_gate_050,xlsx:樣本2:Sheet17:2:1:8x10,8x10,0.3,0,20,2,0,1,1,1,4.75,0.5289256198347108,0.0,0.06543567436884004,0.06543567436884004
hard_gate_055,xlsx:樣本2:Sheet17:2:1:8x10,8x10,0.3,0,20,7,0,0,0,1,2.5,0.7520661157024794,0.0,0.07700562966004172,0.07700562966004172
hard_gate_060,xlsx:樣本2:Sheet17:2:1:8x10,8x10,0.3,0,20,1,1,1,1,1,1.8333333333333333,0.8181818181818182,0.0,0.07418447854195243,0.07418447854195243
soft_gate_050,xlsx:樣本2:Sheet17:2:1:8x10,8x10,0.3,0,20,1,1,1,1,1,9.166666666666666,0.0,0.0,0.0645602506147406,0.0645602506147406
centered_weighted_sum,xlsx:樣本2:Sheet17:2:1:8x10,8x10,0.3,0,20,3,0,1,1,1,9.291666666666666,0.0,0.0,0.0652667936129525,0.0652667936129525
baseline,xlsx:樣本2:Sheet17:2:1:8x10,8x10,0.3,0,22,10,0,0,0,1,9.25,0.0,0.0,0.06183774768460415,0.06183774768460415
hard_gate_050,xlsx:樣本2:Sheet17:2:1:8x10,8x10,0.3,0,22,8,0,0,0,1,4.75,0.5327868852459017,0.0,0.06432350713879412,0.06432350713879412
hard_gate_055,xlsx:樣本2:Sheet17:2:1:8x10,8x10,0.3,0,22,12,0,0,0,0,2.5416666666666665,0.75,0.0,0.08978416049844685,0.08978416049844685
hard_gate_060,xlsx:樣本2:Sheet17:2:1:8x10,8x10,0.3,0,22,12,0,0,0,0,1.875,0.8155737704918032,0.0,0.07175613240790359,0.07175613240790359
soft_gate_050,xlsx:樣本2:Sheet17:2:1:8x10,8x10,0.3,0,22,5,0,0,1,1,9.25,0.0,0.0,0.06653617461862424,0.06653617461862424
centered_weighted_sum,xlsx:樣本2:Sheet17:2:1:8x10,8x10,0.3,0,22,10,0,0,0,1,9.291666666666666,0.0,0.0,0.06183774768460415,0.06183774768460415
baseline,xlsx:樣本2:Sheet17:2:1:8x10,8x10,0.3,0,23,5,0,0,1,1,9.291666666666666,0.0,0.0,0.06390923967233435,0.06390923967233435
hard_gate_050,xlsx:樣本2:Sheet17:2:1:8x10,8x10,0.3,0,23,2,0,1,1,1,4.791666666666667,0.5306122448979592,0.0,0.06900382246230397,0.06900382246230397
hard_gate_055,xlsx:樣本2:Sheet17:2:1:8x10,8x10,0.3,0,23,1,1,1,1,1,2.5833333333333335,0.746938775510204,0.0,0.0810208234204613,0.0810208234204613
hard_gate_060,xlsx:樣本2:Sheet17:2:1:8x10,8x10,0.3,0,23,1,1,1,1,1,1.9166666666666667,0.8122448979591836,0.0,0.07246540295922504,0.07246540295922504
soft_gate_050,xlsx:樣本2:Sheet17:2:1:8x10,8x10,0.3,0,23,7,0,0,0,1,9.291666666666666,0.0,0.0,0.0650262264817761,0.0650262264817761
centered_weighted_sum,xlsx:樣本2:Sheet17:2:1:8x10,8x10,0.3,0,23,5,0,0,1,1,9.333333333333334,0.0,0.0,0.06390923967233436,0.06390923967233436
baseline,xlsx:樣本2:Sheet17:2:1:8x10,8x10,0.3,0,25,23,0,0,0,0,9.125,0.0,0.0,0.06265479936734904,0.06265479936734904
hard_gate_050,xlsx:樣本2:Sheet17:2:1:8x10,8x10,0.3,0,25,13,0,0,0,0,4.791666666666667,0.5228215767634855,0.0,0.07110780190800234,0.07110780190800234
hard_gate_055,xlsx:樣本2:Sheet17:2:1:8x10,8x10,0.3,0,25,6,0,0,0,1,2.4166666666666665,0.7593360995850622,0.0,0.08453957479822843,0.08453957479822843
hard_gate_060,xlsx:樣本2:Sheet17:2:1:8x10,8x10,0.3,0,25,10,0,0,0,1,1.9166666666666667,0.8091286307053942,0.0,0.07822608139122285,0.07822608139122285
soft_gate_050,xlsx:樣本2:Sheet17:2:1:8x10,8x10,0.3,0,25,15,0,0,0,0,9.125,0.0,0.0,0.06552376386159141,0.06552376386159141
centered_weighted_sum,xlsx:樣本2:Sheet17:2:1:8x10,8x10,0.3,0,25,23,0,0,0,0,9.333333333333334,0.0,0.0,0.06265479936734902,0.06265479936734902
baseline,xlsx:樣本2:Sheet17:2:1:8x10,8x10,0.3,0,27,11,0,0,0,0,9.291666666666666,0.0,0.0,0.07647227364977698,0.07647227364977698
hard_gate_050,xlsx:樣本2:Sheet17:2:1:8x10,8x10,0.3,0,27,11,0,0,0,0,4.791666666666667,0.5267489711934157,0.0,0.07970653079735049,0.07970653079735049
hard_gate_055,xlsx:樣本2:Sheet17:2:1:8x10,8x10,0.3,0,27,12,0,0,0,0,2.5833333333333335,0.7448559670781894,0.0,0.08862429630236991,0.08862429630236991
hard_gate_060,xlsx:樣本2:Sheet17:2:1:8x10,8x10,0.3,0,27,17,0,0,0,0,1.875,0.8148148148148148,0.0,0.08639913416266475,0.08639913416266475
soft_gate_050,xlsx:樣本2:Sheet17:2:1:8x10,8x10,0.3,0,27,12,0,0,0,0,9.291666666666666,0.0,0.0,0.07451667916133681,0.07451667916133681
centered_weighted_sum,xlsx:樣本2:Sheet17:2:1:8x10,8x10,0.3,0,27,11,0,0,0,0,9.333333333333334,0.0,0.0,0.07647227364977698,0.07647227364977698
baseline,xlsx:樣本2:Sheet17:2:1:8x10,8x10,0.3,0,28,14,0,0,0,0,9.291666666666666,0.0,0.0,0.07695558543295956,0.07695558543295956
hard_gate_050,xlsx:樣本2:Sheet17:2:1:8x10,8x10,0.3,0,28,12,0,0,0,0,4.75,0.5308641975308642,0.0,0.07841776740415479,0.07841776740415479
hard_gate_055,xlsx:樣本2:Sheet17:2:1:8x10,8x10,0.3,0,28,16,0,0,0,0,2.5416666666666665,0.7489711934156379,0.0,0.09023619836518855,0.09023619836518855
hard_gate_060,xlsx:樣本2:Sheet17:2:1:8x10,8x10,0.3,0,28,19,0,0,0,0,1.8333333333333333,0.8189300411522634,0.0,0.08062719337590456,0.08062719337590456
soft_gate_050,xlsx:樣本2:Sheet17:2:1:8x10,8x10,0.3,0,28,13,0,0,0,0,9.291666666666666,0.0,0.0,0.07781320073500102,0.07781320073500102
centered_weighted_sum,xlsx:樣本2:Sheet17:2:1:8x10,8x10,0.3,0,28,14,0,0,0,0,9.333333333333334,0.0,0.0,0.07695558543295956,0.07695558543295956
baseline,xlsx:樣本2:Sheet17:2:1:8x10,8x10,0.3,0,30,12,0,0,0,0,9.166666666666666,0.0,0.0,0.07592833143645328,0.07592833143645328
hard_gate_050,xlsx:樣本2:Sheet17:2:1:8x10,8x10,0.3,0,30,8,0,0,0,1,4.75,0.525,0.0,0.07850864672437623,0.07850864672437623
hard_gate_055,xlsx:樣本2:Sheet17:2:1:8x10,8x10,0.3,0,30,10,0,0,0,1,2.4166666666666665,0.7583333333333333,0.0,0.09302919583757618,0.09302919583757618
hard_gate_060,xlsx:樣本2:Sheet17:2:1:8x10,8x10,0.3,0,30,13,0,0,0,0,1.9166666666666667,0.8083333333333333,0.0,0.08227086219369241,0.08227086219369241
soft_gate_050,xlsx:樣本2:Sheet17:2:1:8x10,8x10,0.3,0,30,10,0,0,0,1,9.166666666666666,0.0,0.0,0.07758436578619347,0.07758436578619347
centered_weighted_sum,xlsx:樣本2:Sheet17:2:1:8x10,8x10,0.3,0,30,12,0,0,0,0,9.333333333333334,0.0,0.0,0.07592833143645328,0.07592833143645328
baseline,xlsx:樣本2:Sheet17:2:1:8x10,8x10,0.3,0,38,14,0,0,0,0,9.333333333333334,0.0,0.0,0.07751307834640112,0.07751307834640112
hard_gate_050,xlsx:樣本2:Sheet17:2:1:8x10,8x10,0.3,0,38,16,0,0,0,0,4.875,0.5185185185185185,0.0,0.07505150602425051,0.07505150602425051
hard_gate_055,xlsx:樣本2:Sheet17:2:1:8x10,8x10,0.3,0,38,18,0,0,0,0,2.5,0.7530864197530864,0.0,0.084850731465783,0.084850731465783
hard_gate_060,xlsx:樣本2:Sheet17:2:1:8x10,8x10,0.3,0,38,18,0,0,0,0,1.8333333333333333,0.8189300411522634,0.0,0.08344098105275113,0.08344098105275113
soft_gate_050,xlsx:樣本2:Sheet17:2:1:8x10,8x10,0.3,0,38,16,0,0,0,0,9.333333333333334,0.0,0.0,0.08480261884967383,0.08480261884967383
centered_weighted_sum,xlsx:樣本2:Sheet17:2:1:8x10,8x10,0.3,0,38,14,0,0,0,0,9.291666666666666,0.0,0.0,0.07751307834640112,0.07751307834640112
baseline,xlsx:樣本2:Sheet17:2:1:8x10,8x10,0.3,0,47,24,0,0,0,0,9.208333333333334,0.0,0.0,0.06587192812809185,0.06587192812809185
hard_gate_050,xlsx:樣本2:Sheet17:2:1:8x10,8x10,0.3,0,47,20,0,0,0,0,4.875,0.5145228215767634,0.0,0.07377230304179484,0.07377230304179484
hard_gate_055,xlsx:樣本2:Sheet17:2:1:8x10,8x10,0.3,0,47,19,0,0,0,0,2.5,0.7510373443983402,0.0,0.08551425230821826,0.08551425230821826
hard_gate_060,xlsx:樣本2:Sheet17:2:1:8x10,8x10,0.3,0,47,20,0,0,0,0,1.9166666666666667,0.8091286307053942,0.0,0.0836968148715157,0.0836968148715157
soft_gate_050,xlsx:樣本2:Sheet17:2:1:8x10,8x10,0.3,0,47,20,0,0,0,0,9.208333333333334,0.0,0.0,0.06831049446128072,0.06831049446128072
centered_weighted_sum,xlsx:樣本2:Sheet17:2:1:8x10,8x10,0.3,0,47,24,0,0,0,0,9.333333333333334,0.0,0.0,0.06587192812809184,0.06587192812809184
baseline,xlsx:樣本2:Sheet17:2:1:8x10,8x10,0.3,0,59,15,0,0,0,0,9.208333333333334,0.0,0.0,0.08511405879658292,0.08511405879658292
hard_gate_050,xlsx:樣本2:Sheet17:2:1:8x10,8x10,0.3,0,59,9,0,0,0,1,4.875,0.5185185185185185,0.0,0.06432388839680768,0.06432388839680768
hard_gate_055,xlsx:樣本2:Sheet17:2:1:8x10,8x10,0.3,0,59,11,0,0,0,0,2.5833333333333335,0.7448559670781894,0.0,0.08093187049470622,0.08093187049470622
hard_gate_060,xlsx:樣本2:Sheet17:2:1:8x10,8x10,0.3,0,59,18,0,0,0,0,1.75,0.8271604938271605,0.0,0.07034828558437868,0.07034828558437868
soft_gate_050,xlsx:樣本2:Sheet17:2:1:8x10,8x10,0.3,0,59,17,0,0,0,0,9.208333333333334,0.0,0.0,0.07870719849715876,0.07870719849715876
centered_weighted_sum,xlsx:樣本2:Sheet17:2:1:8x10,8x10,0.3,0,59,15,0,0,0,0,9.333333333333334,0.0,0.0,0.08511405879658292,0.08511405879658292
baseline,xlsx:樣本2:Sheet17:2:1:8x10,8x10,0.3,0,61,22,0,0,0,0,9.333333333333334,0.0,0.0,0.08428368541603667,0.08428368541603667
hard_gate_050,xlsx:樣本2:Sheet17:2:1:8x10,8x10,0.3,0,61,14,0,0,0,0,4.791666666666667,0.532520325203252,0.0,0.0610914243053516,0.0610914243053516
hard_gate_055,xlsx:樣本2:Sheet17:2:1:8x10,8x10,0.3,0,61,2,0,1,1,1,2.7083333333333335,0.7357723577235772,0.0,0.0794654935052226,0.0794654935052226
hard_gate_060,xlsx:樣本2:Sheet17:2:1:8x10,8x10,0.3,0,61,6,0,0,0,1,1.8333333333333333,0.8211382113821138,0.0,0.07072606487195734,0.07072606487195734
soft_gate_050,xlsx:樣本2:Sheet17:2:1:8x10,8x10,0.3,0,61,22,0,0,0,0,9.333333333333334,0.0,0.0,0.07176959394722808,0.07176959394722808
centered_weighted_sum,xlsx:樣本2:Sheet17:2:1:8x10,8x10,0.3,0,61,22,0,0,0,0,9.333333333333334,0.0,0.0,0.08428368541603669,0.08428368541603669
baseline,xlsx:樣本2:Sheet17:2:1:8x10,8x10,0.3,0,65,2,0,1,1,1,9.25,0.0,0.0,0.0868075044454928,0.0868075044454928
hard_gate_050,xlsx:樣本2:Sheet17:2:1:8x10,8x10,0.3,0,65,3,0,1,1,1,4.75,0.5346938775510204,0.0,0.062497892602581824,0.062497892602581824
hard_gate_055,xlsx:樣本2:Sheet17:2:1:8x10,8x10,0.3,0,65,6,0,0,0,1,2.5,0.7551020408163265,0.0,0.07883132574307493,0.07883132574307493
hard_gate_060,xlsx:樣本2:Sheet17:2:1:8x10,8x10,0.3,0,65,5,0,0,1,1,1.8333333333333333,0.8204081632653061,0.0,0.07245352668855995,0.07245352668855995
soft_gate_050,xlsx:樣本2:Sheet17:2:1:8x10,8x10,0.3,0,65,3,0,1,1,1,9.25,0.0,0.0,0.09059687385974613,0.09059687385974613
centered_weighted_sum,xlsx:樣本2:Sheet17:2:1:8x10,8x10,0.3,0,65,2,0,1,1,1,9.333333333333334,0.0,0.0,0.0868075044454928,0.0868075044454928
baseline,xlsx:樣本2:Sheet17:2:1:8x10,8x10,0.3,0,67,21,0,0,0,0,9.041666666666666,0.0,0.0,0.09003728767216196,0.09003728767216196
hard_gate_050,xlsx:樣本2:Sheet17:2:1:8x10,8x10,0.3,0,67,23,0,0,0,0,4.708333333333333,0.5291666666666667,0.0,0.06412981019344513,0.06412981019344513
hard_gate_055,xlsx:樣本2:Sheet17:2:1:8x10,8x10,0.3,0,67,24,0,0,0,0,2.2916666666666665,0.7708333333333334,0.0,0.07796852020168397,0.07796852020168397
hard_gate_060,xlsx:樣本2:Sheet17:2:1:8x10,8x10,0.3,0,67,24,0,0,0,0,1.8333333333333333,0.8166666666666667,0.0,0.07257438745208644,0.07257438745208644
soft_gate_050,xlsx:樣本2:Sheet17:2:1:8x10,8x10,0.3,0,67,23,0,0,0,0,9.041666666666666,0.0,0.0,0.09157332752749868,0.09157332752749868
centered_weighted_sum,xlsx:樣本2:Sheet17:2:1:8x10,8x10,0.3,0,67,21,0,0,0,0,9.333333333333334,0.0,0.0,0.09003728767216196,0.09003728767216196
baseline,xlsx:樣本2:Sheet17:2:1:8x10,8x10,0.3,0,68,3,0,1,1,1,9.166666666666666,0.0,0.0,0.08898047575318943,0.08898047575318943
hard_gate_050,xlsx:樣本2:Sheet17:2:1:8x10,8x10,0.3,0,68,4,0,0,1,1,4.625,0.5432098765432098,0.0,0.0625162729397072,0.0625162729397072
hard_gate_055,xlsx:樣本2:Sheet17:2:1:8x10,8x10,0.3,0,68,3,0,1,1,1,2.375,0.7654320987654321,0.0,0.07856977065531254,0.07856977065531254
hard_gate_060,xlsx:樣本2:Sheet17:2:1:8x10,8x10,0.3,0,68,4,0,0,1,1,1.7916666666666667,0.823045267489712,0.0,0.06892382528893469,0.06892382528893469
soft_gate_050,xlsx:樣本2:Sheet17:2:1:8x10,8x10,0.3,0,68,5,0,0,1,1,9.166666666666666,0.0,0.0,0.09091510581966684,0.09091510581966684
centered_weighted_sum,xlsx:樣本2:Sheet17:2:1:8x10,8x10,0.3,0,68,3,0,1,1,1,9.291666666666666,0.0,0.0,0.08898047575318943,0.08898047575318943
baseline,xlsx:樣本2:Sheet17:2:1:8x10,8x10,0.3,0,69,18,0,0,0,0,9.083333333333334,0.0,0.0,0.08780094715372834,0.08780094715372834
hard_gate_050,xlsx:樣本2:Sheet17:2:1:8x10,8x10,0.3,0,69,20,0,0,0,0,4.583333333333333,0.5435684647302904,0.0,0.06229188176736329,0.06229188176736329
hard_gate_055,xlsx:樣本2:Sheet17:2:1:8x10,8x10,0.3,0,69,22,0,0,0,0,2.2916666666666665,0.7717842323651453,0.0,0.0747305411782218,0.0747305411782218
hard_gate_060,xlsx:樣本2:Sheet17:2:1:8x10,8x10,0.3,0,69,12,0,0,0,0,1.7916666666666667,0.8215767634854771,0.0,0.06776910055771182,0.06776910055771182
soft_gate_050,xlsx:樣本2:Sheet17:2:1:8x10,8x10,0.3,0,69,19,0,0,0,0,9.083333333333334,0.0,0.0,0.08902114398675046,0.08902114398675046
centered_weighted_sum,xlsx:樣本2:Sheet17:2:1:8x10,8x10,0.3,0,69,18,0,0,0,0,9.333333333333334,0.0,0.0,0.08780094715372834,0.08780094715372834
baseline,xlsx:樣本2:Sheet17:2:1:8x10,8x10,0.3,0,72,11,0,0,0,0,9.25,0.0,0.0,0.08612134383766716,0.08612134383766716
hard_gate_050,xlsx:樣本2:Sheet17:2:1:8x10,8x10,0.3,0,72,16,0,0,0,0,4.583333333333333,0.5491803278688525,0.0,0.06261582706844053,0.06261582706844053
hard_gate_055,xlsx:樣本2:Sheet17:2:1:8x10,8x10,0.3,0,72,18,0,0,0,0,2.4166666666666665,0.7622950819672131,0.0,0.07547616606075414,0.07547616606075414
hard_gate_060,xlsx:樣本2:Sheet17:2:1:8x10,8x10,0.3,0,72,11,0,0,0,0,1.7916666666666667,0.8237704918032787,0.0,0.07041715864878574,0.07041715864878574
soft_gate_050,xlsx:樣本2:Sheet17:2:1:8x10,8x10,0.3,0,72,17,0,0,0,0,9.25,0.0,0.0,0.08956857441442044,0.08956857441442044
centered_weighted_sum,xlsx:樣本2:Sheet17:2:1:8x10,8x10,0.3,0,72,11,0,0,0,0,9.333333333333334,0.0,0.0,0.08612134383766716,0.08612134383766716
baseline,xlsx:樣本2:Sheet17:2:1:8x10,8x10,0.3,0,73,23,0,0,0,0,9.25,0.0,0.0,0.08426595388688256,0.08426595388688256
hard_gate_050,xlsx:樣本2:Sheet17:2:1:8x10,8x10,0.3,0,73,21,0,0,0,0,4.583333333333333,0.5491803278688525,0.0,0.06123162988095907,0.06123162988095907
hard_gate_055,xlsx:樣本2:Sheet17:2:1:8x10,8x10,0.3,0,73,23,0,0,0,0,2.4166666666666665,0.7622950819672131,0.0,0.07692353444427907,0.07692353444427907
hard_gate_060,xlsx:樣本2:Sheet17:2:1:8x10,8x10,0.3,0,73,14,0,0,0,0,1.8333333333333333,0.819672131147541,0.0,0.07289004594772563,0.07289004594772563
soft_gate_050,xlsx:樣本2:Sheet17:2:1:8x10,8x10,0.3,0,73,21,0,0,0,0,9.25,0.0,0.0,0.08946993258992421,0.08946993258992421
centered_weighted_sum,xlsx:樣本2:Sheet17:2:1:8x10,8x10,0.3,0,73,23,0,0,0,0,9.333333333333334,0.0,0.0,0.08426595388688257,0.08426595388688257
baseline,xlsx:樣本2:Sheet17:2:1:8x10,8x10,0.3,0,80,9,0,0,0,1,9.0,0.0,0.0,0.06717032326295817,0.06717032326295817
hard_gate_050,xlsx:樣本2:Sheet17:2:1:8x10,8x10,0.3,0,80,5,0,0,1,1,4.458333333333333,0.5541666666666667,0.0,0.05830154196533325,0.05830154196533325
hard_gate_055,xlsx:樣本2:Sheet17:2:1:8x10,8x10,0.3,0,80,10,0,0,0,1,2.125,0.7875,0.0,0.07073979082595859,0.07073979082595859
hard_gate_060,xlsx:樣本2:Sheet17:2:1:8x10,8x10,0.3,0,80,15,0,0,0,0,1.7083333333333333,0.8291666666666667,0.0,0.06765082107499322,0.06765082107499322
soft_gate_050,xlsx:樣本2:Sheet17:2:1:8x10,8x10,0.3,0,80,7,0,0,0,1,9.0,0.0,0.0,0.057854891030939944,0.057854891030939944
centered_weighted_sum,xlsx:樣本2:Sheet17:2:1:8x10,8x10,0.3,0,80,9,0,0,0,1,9.333333333333334,0.0,0.0,0.06717032326295817,0.06717032326295817
baseline,xlsx:樣本2:Sheet17:2:1:8x10,8x10,0.5,0,2,27,0,0,0,0,9.175,0.0,0.0,0.09070236271585232,0.09070236271585232
hard_gate_050,xlsx:樣本2:Sheet17:2:1:8x10,8x10,0.5,0,2,31,0,0,0,0,3.075,0.6940298507462687,0.0,0.062170086604409064,0.062170086604409064
hard_gate_055,xlsx:樣本2:Sheet17:2:1:8x10,8x10,0.5,0,2,34,0,0,0,0,1.825,0.818407960199005,0.0,0.06979274002987397,0.06979274002987397
hard_gate_060,xlsx:樣本2:Sheet17:2:1:8x10,8x10,0.5,0,2,34,0,0,0,0,1.35,0.8656716417910447,0.0,0.07403617365470144,0.07403617365470144
soft_gate_050,xlsx:樣本2:Sheet17:2:1:8x10,8x10,0.5,0,2,26,0,0,0,0,9.175,0.0,0.0,0.081947920499212,0.081947920499212
centered_weighted_sum,xlsx:樣本2:Sheet17:2:1:8x10,8x10,0.5,0,2,27,0,0,0,0,8.175,0.0,0.0,0.09070236271585232,0.09070236271585232
baseline,xlsx:樣本2:Sheet17:2:1:8x10,8x10,0.5,0,3,15,0,0,0,0,9.15,0.0,0.0,0.09062646571392444,0.09062646571392444
hard_gate_050,xlsx:樣本2:Sheet17:2:1:8x10,8x10,0.5,0,3,29,0,0,0,0,3.075,0.6932668329177057,0.0,0.06358359661525974,0.06358359661525974
hard_gate_055,xlsx:樣本2:Sheet17:2:1:8x10,8x10,0.5,0,3,8,0,0,0,1,1.8,0.8204488778054863,0.0,0.07026903070488225,0.07026903070488225
hard_gate_060,xlsx:樣本2:Sheet17:2:1:8x10,8x10,0.5,0,3,12,0,0,0,0,1.3,0.8703241895261845,0.0,0.07392315377722605,0.07392315377722605
soft_gate_050,xlsx:樣本2:Sheet17:2:1:8x10,8x10,0.5,0,3,17,0,0,0,0,9.15,0.0,0.0,0.08013128822740141,0.08013128822740141
centered_weighted_sum,xlsx:樣本2:Sheet17:2:1:8x10,8x10,0.5,0,3,15,0,0,0,0,8.15,0.0,0.0,0.09062646571392444,0.09062646571392444
baseline,xlsx:樣本2:Sheet17:2:1:8x10,8x10,0.5,0,4,30,0,0,0,0,9.175,0.0,0.0,0.09059663197296758,0.09059663197296758
hard_gate_050,xlsx:樣本2:Sheet17:2:1:8x10,8x10,0.5,0,4,25,0,0,0,0,3.1,0.6915422885572139,0.0,0.06284610518587794,0.06284610518587794
hard_gate_055,xlsx:樣本2:Sheet17:2:1:8x10,8x10,0.5,0,4,13,0,0,0,0,1.825,0.818407960199005,0.0,0.0659998385675933,0.0659998385675933
hard_gate_060,xlsx:樣本2:Sheet17:2:1:8x10,8x10,0.5,0,4,20,0,0,0,0,1.375,0.8631840796019901,0.0,0.06931196940059636,0.06931196940059636
soft_gate_050,xlsx:樣本2:Sheet17:2:1:8x10,8x10,0.5,0,4,31,0,0,0,0,9.175,0.0,0.0,0.08065028008792399,0.08065028008792399
centered_weighted_sum,xlsx:樣本2:Sheet17:2:1:8x10,8x10,0.5,0,4,30,0,0,0,0,8.175,0.0,0.0,0.09059663197296756,0.09059663197296756
baseline,xlsx:樣本2:Sheet17:2:1:8x10,8x10,0.5,0,5,29,0,0,0,0,9.125,0.0,0.0,0.09074577303214292,0.09074577303214292
hard_gate_050,xlsx:樣本2:Sheet17:2:1:8x10,8x10,0.5,0,5,24,0,0,0,0,3.1,0.69,0.0,0.06504347972052296,0.06504347972052296
hard_gate_055,xlsx:樣本2:Sheet17:2:1:8x10,8x10,0.5,0,5,29,0,0,0,0,1.775,0.8225,0.0,0.06992123395711339,0.06992123395711339
hard_gate_060,xlsx:樣本2:Sheet17:2:1:8x10,8x10,0.5,0,5,32,0,0,0,0,1.325,0.8675,0.0,0.07485728335466503,0.07485728335466503
soft_gate_050,xlsx:樣本2:Sheet17:2:1:8x10,8x10,0.5,0,5,25,0,0,0,0,9.125,0.0,0.0,0.07908836011124122,0.07908836011124122
centered_weighted_sum,xlsx:樣本2:Sheet17:2:1:8x10,8x10,0.5,0,5,29,0,0,0,0,8.125,0.0,0.0,0.0907457730321429,0.0907457730321429
baseline,xlsx:樣本2:Sheet17:2:1:8x10,8x10,0.5,0,11,6,0,0,0,1,9.275,0.0,0.0,0.09510681026778665,0.09510681026778665
hard_gate_050,xlsx:樣本2:Sheet17:2:1:8x10,8x10,0.5,0,11,3,0,1,1,1,3.275,0.6741293532338308,0.0,0.06837637254918684,0.06837637254918684
hard_gate_055,xlsx:樣本2:Sheet17:2:1:8x10,8x10,0.5,0,11,10,0,0,0,1,1.85,0.8159203980099502,0.0,0.07954995363714079,0.07954995363714079
hard_gate_060,xlsx:樣本2:Sheet17:2:1:8x10,8x10,0.5,0,11,14,0,0,0,0,1.325,0.8681592039800995,0.0,0.077920046240363,0.077920046240363
soft_gate_050,xlsx:樣本2:Sheet17:2:1:8x10,8x10,0.5,0,11,5,0,0,1,1,9.275,0.0,0.0,0.08861195734393923,0.08861195734393923
centered_weighted_sum,xlsx:樣本2:Sheet17:2:1:8x10,8x10,0.5,0,11,6,0,0,0,1,8.175,0.0,0.0,0.09510681026778667,0.09510681026778667
baseline,xlsx:樣本2:Sheet17:2:1:8x10,8x10,0.5,0,13,4,0,0,1,1,9.275,0.0,0.0,0.0951273554536763,0.0951273554536763
hard_gate_050,xlsx:樣本2:Sheet17:2:1:8x10,8x10,0.5,0,13,7,0,0,0,1,3.3,0.6716417910447762,0.0,0.07222903175070612,0.07222903175070612
hard_gate_055,xlsx:樣本2:Sheet17:2:1:8x10,8x10,0.5,0,13,10,0,0,0,1,1.9,0.8109452736318408,0.0,0.07617459308543963,0.07617459308543963
hard_gate_060,xlsx:樣本2:Sheet17:2:1:8x10,8x10,0.5,0,13,11,0,0,0,0,1.375,0.8631840796019901,0.0,0.08203197988063647,0.08203197988063647
soft_gate_050,xlsx:樣本2:Sheet17:2:1:8x10,8x10,0.5,0,13,3,0,1,1,1,9.275,0.0,0.0,0.08990379328897222,0.08990379328897222
centered_weighted_sum,xlsx:樣本2:Sheet17:2:1:8x10,8x10,0.5,0,13,4,0,0,1,1,8.175,0.0,0.0,0.0951273554536763,0.0951273554536763
baseline,xlsx:樣本2:Sheet17:2:1:8x10,8x10,0.5,0,16,17,0,0,0,0,9.3,0.0,0.0,0.09434666502118437,0.09434666502118437
hard_gate_050,xlsx:樣本2:Sheet17:2:1:8x10,8x10,0.5,0,16,16,0,0,0,0,3.275,0.6741293532338308,0.0,0.0768483326713136,0.0768483326713136
hard_gate_055,xlsx:樣本2:Sheet17:2:1:8x10,8x10,0.5,0,16,25,0,0,0,0,2.0,0.8009950248756219,0.0,0.07887595236849995,0.07887595236849995
hard_gate_060,xlsx:樣本2:Sheet17:2:1:8x10,8x10,0.5,0,16,15,0,0,0,0,1.45,0.8557213930348259,0.0,0.07410489710648682,0.07410489710648682
soft_gate_050,xlsx:樣本2:Sheet17:2:1:8x10,8x10,0.5,0,16,16,0,0,0,0,9.3,0.0,0.0,0.08646943317287342,0.08646943317287342
centered_weighted_sum,xlsx:樣本2:Sheet17:2:1:8x10,8x10,0.5,0,16,17,0,0,0,0,8.15,0.0,0.0,0.09434666502118437,0.09434666502118437
baseline,xlsx:樣本2:Sheet17:2:1:8x10,8x10,0.5,0,17,31,0,0,0,0,9.275,0.0,0.0,0.09511063746242422,0.09511063746242422
hard_gate_050,xlsx:樣本2:Sheet17:2:1:8x10,8x10,0.5,0,17,27,0,0,0,0,3.275,0.6733167082294265,0.0,0.07549116875021511,0.07549116875021511
hard_gate_055,xlsx:樣本2:Sheet17:2:1:8x10,8x10,0.5,0,17,32,0,0,0,0,2.0,0.800498753117207,0.0,0.07526970001912475,0.07526970001912475
hard_gate_060,xlsx:樣本2:Sheet17:2:1:8x10,8x10,0.5,0,17,33,0,0,0,0,1.5,0.8503740648379052,0.0,0.07140821379667378,0.07140821379667378
soft_gate_050,xlsx:樣本2:Sheet17:2:1:8x10,8x10,0.5,0,17,23,0,0,0,0,9.275,0.0,0.0,0.0869609912117591,0.0869609912117591
centered_weighted_sum,xlsx:樣本2:Sheet17:2:1:8x10,8x10,0.5,0,17,31,0,0,0,0,8.15,0.0,0.0,0.09511063746242424,0.09511063746242424
baseline,xlsx:樣本2:Sheet17:2:1:8x10,8x10,0.5,0,18,39,0,0,0,0,9.4,0.0,0.0,0.09471670832383468,0.09471670832383468
hard_gate_050,xlsx:樣本2:Sheet17:2:1:8x10,8x10,0.5,0,18,39,0,0,0,0,3.425,0.6625615763546798,0.0,0.07637192722676885,0.07637192722676885
hard_gate_055,xlsx:樣本2:Sheet17:2:1:8x10,8x10,0.5,0,18,31,0,0,0,0,2.125,0.7906403940886699,0.0,0.08087447421532072,0.08087447421532072
hard_gate_060,xlsx:樣本2:Sheet17:2:1:8x10,8x10,0.5,0,18,35,0,0,0,0,1.6,0.8423645320197044,0.0,0.0760009044905458,0.0760009044905458
soft_gate_050,xlsx:樣本2:Sheet17:2:1:8x10,8x10,0.5,0,18,38,0,0,0,0,9.4,0.0,0.0,0.08680831518645186,0.08680831518645186
centered_weighted_sum,xlsx:樣本2:Sheet17:2:1:8x10,8x10,0.5,0,18,39,0,0,0,0,8.275,0.0,0.0,0.09471670832383469,0.09471670832383469
baseline,xlsx:樣本2:Sheet17:2:1:8x10,8x10,0.5,0,19,35,0,0,0,0,9.275,0.0,0.0,0.09570092807172212,0.09570092807172212
hard_gate_050,xlsx:樣本2:Sheet17:2:1:8x10,8x10,0.5,0,19,25,0,0,0,0,3.3,0.6708229426433915,0.0,0.07683577355016129,0.07683577355016129
hard_gate_055,xlsx:樣本2:Sheet17:2:1:8x10,8x10,0.5,0,19,27,0,0,0,0,2.0,0.800498753117207,0.0,0.08230806299489447,0.08230806299489447
hard_gate_060,xlsx:樣本2:Sheet17:2:1:8x10,8x10,0.5,0,19,26,0,0,0,0,1.5,0.8503740648379052,0.0,0.07743541948009426,0.07743541948009426
soft_gate_050,xlsx:樣本2:Sheet17:2:1:8x10,8x10,0.5,0,19,33,0,0,0,0,9.275,0.0,0.0,0.08815418007611872,0.08815418007611872
centered_weighted_sum,xlsx:樣本2:Sheet17:2:1:8x10,8x10,0.5,0,19,35,0,0,0,0,8.15,0.0,0.0,0.09570092807172212,0.09570092807172212
baseline,xlsx:樣本2:Sheet17:2:1:8x10,8x10,0.5,0,21,38,0,0,0,0,9.2,0.0,0.0,0.09819397145483104,0.09819397145483104
hard_gate_050,xlsx:樣本2:Sheet17:2:1:8x10,8x10,0.5,0,21,39,0,0,0,0,3.325,0.6675,0.0,0.07762325439786967,0.07762325439786967
hard_gate_055,xlsx:樣本2:Sheet17:2:1:8x10,8x10,0.5,0,21,36,0,0,0,0,1.975,0.8025,0.0,0.08719055398068608,0.08719055398068608
hard_gate_060,xlsx:樣本2:Sheet17:2:1:8x10,8x10,0.5,0,21,38,0,0,0,0,1.5,0.85,0.0,0.08502393663429036,0.08502393663429036
soft_gate_050,xlsx:樣本2:Sheet17:2:1:8x10,8x10,0.5,0,21,39,0,0,0,0,9.2,0.0,0.0,0.09666772907947872,0.09666772907947872
centered_weighted_sum,xlsx:樣本2:Sheet17:2:1:8x10,8x10,0.5,0,21,38,0,0,0,0,8.125,0.0,0.0,0.09819397145483104,0.09819397145483104
baseline,xlsx:樣本2:Sheet17:2:1:8x10,8x10,0.5,0,22,25,0,0,0,0,9.3,0.0,0.0,0.09859700301075049,0.09859700301075049
hard_gate_050,xlsx:樣本2:Sheet17:2:1:8x10,8x10,0.5,0,22,20,0,0,0,0,3.45,0.6584158415841584,0.0,0.0761165900309744,0.0761165900309744
hard_gate_055,xlsx:樣本2:Sheet17:2:1:8x10,8x10,0.5,0,22,22,0,0,0,0,2.1,0.7920792079207921,0.0,0.08244701207363214,0.08244701207363214
hard_gate_060,xlsx:樣本2:Sheet17:2:1:8x10,8x10,0.5,0,22,24,0,0,0,0,1.55,0.8465346534653465,0.0,0.08338096836114589,0.08338096836114589
soft_gate_050,xlsx:樣本2:Sheet17:2:1:8x10,8x10,0.5,0,22,20,0,0,0,0,9.3,0.0,0.0,0.0973151966949455,0.0973151966949455
centered_weighted_sum,xlsx:樣本2:Sheet17:2:1:8x10,8x10,0.5,0,22,25,0,0,0,0,8.225,0.0,0.0,0.09859700301075049,0.09859700301075049
baseline,xlsx:樣本2:Sheet17:2:1:8x10,8x10,0.5,0,23,40,0,0,0,0,9.25,0.0,0.0,0.09786883202068497,0.09786883202068497
hard_gate_050,xlsx:樣本2:Sheet17:2:1:8x10,8x10,0.5,0,23,37,0,0,0,0,3.425,0.6592039800995025,0.0,0.07520577877623177,0.07520577877623177
hard_gate_055,xlsx:樣本2:Sheet17:2:1:8x10,8x10,0.5,0,23,29,0,0,0,0,2.075,0.7935323383084577,0.0,0.0831392805003091,0.0831392805003091
hard_gate_060,xlsx:樣本2:Sheet17:2:1:8x10,8x10,0.5,0,23,33,0,0,0,0,1.5,0.8507462686567164,0.0,0.08339484337927489,0.08339484337927489
soft_gate_050,xlsx:樣本2:Sheet17:2:1:8x10,8x10,0.5,0,23,40,0,0,0,0,9.25,0.0,0.0,0.0951697445192962,0.0951697445192962
centered_weighted_sum,xlsx:樣本2:Sheet17:2:1:8x10,8x10,0.5,0,23,40,0,0,0,0,8.175,0.0,0.0,0.09786883202068497,0.09786883202068497
baseline,xlsx:樣本2:Sheet17:2:1:8x10,8x10,0.5,0,32,36,0,0,0,0,9.4,0.0,0.0,0.09490001275551112,0.09490001275551112
hard_gate_050,xlsx:樣本2:Sheet17:2:1:8x10,8x10,0.5,0,32,35,0,0,0,0,3.475,0.655940594059406,0.0,0.07496268788764131,0.07496268788764131
hard_gate_055,xlsx:樣本2:Sheet17:2:1:8x10,8x10,0.5,0,32,35,0,0,0,0,2.05,0.7970297029702971,0.0,0.0814302175324714,0.0814302175324714
hard_gate_060,xlsx:樣本2:Sheet17:2:1:8x10,8x10,0.5,0,32,25,0,0,0,0,1.5,0.8514851485148515,0.0,0.07760829535848393,0.07760829535848393
soft_gate_050,xlsx:樣本2:Sheet17:2:1:8x10,8x10,0.5,0,32,36,0,0,0,0,9.4,0.0,0.0,0.08180403995212857,0.08180403995212857
centered_weighted_sum,xlsx:樣本2:Sheet17:2:1:8x10,8x10,0.5,0,32,36,0,0,0,0,8.225,0.0,0.0,0.09490001275551112,0.09490001275551112
baseline,xlsx:樣本2:Sheet17:2:1:8x10,8x10,0.5,0,33,18,0,0,0,0,9.3,0.0,0.0,0.0947312533664282,0.0947312533664282
hard_gate_050,xlsx:樣本2:Sheet17:2:1:8x10,8x10,0.5,0,33,20,0,0,0,0,3.4,0.66,0.0,0.07822747198730576,0.07822747198730576
hard_gate_055,xlsx:樣本2:Sheet17:2:1:8x10,8x10,0.5,0,33,14,0,0,0,0,1.95,0.805,0.0,0.08574357193852278,0.08574357193852278
hard_gate_060,xlsx:樣本2:Sheet17:2:1:8x10,8x10,0.5,0,33,17,0,0,0,0,1.45,0.855,0.0,0.07778864329716852,0.07778864329716852
soft_gate_050,xlsx:樣本2:Sheet17:2:1:8x10,8x10,0.5,0,33,30,0,0,0,0,9.3,0.0,0.0,0.07929086186941546,0.07929086186941546
centered_weighted_sum,xlsx:樣本2:Sheet17:2:1:8x10,8x10,0.5,0,33,18,0,0,0,0,8.125,0.0,0.0,0.0947312533664282,0.0947312533664282
baseline,xlsx:樣本2:Sheet17:2:1:8x10,8x10,0.5,0,35,26,0,0,0,0,9.325,0.0,0.0,0.09051414386783056,0.09051414386783056
hard_gate_050,xlsx:樣本2:Sheet17:2:1:8x10,8x10,0.5,0,35,20,0,0,0,0,3.425,0.6592039800995025,0.0,0.07507564881339286,0.07507564881339286
hard_gate_055,xlsx:樣本2:Sheet17:2:1:8x10,8x10,0.5,0,35,15,0,0,0,0,2.0,0.8009950248756219,0.0,0.08087315356890099,0.08087315356890099
hard_gate_060,xlsx:樣本2:Sheet17:2:1:8x10,8x10,0.5,0,35,17,0,0,0,0,1.45,0.8557213930348259,0.0,0.07238315673499626,0.07238315673499626
soft_gate_050,xlsx:樣本2:Sheet17:2:1:8x10,8x10,0.5,0,35,32,0,0,0,0,9.325,0.0,0.0,0.07352377157275107,0.07352377157275107
centered_weighted_sum,xlsx:樣本2:Sheet17:2:1:8x10,8x10,0.5,0,35,26,0,0,0,0,8.175,0.0,0.0,0.09051414386783056,0.09051414386783056
baseline,xlsx:樣本2:Sheet17:2:1:8x10,8x10,0.5,0,36,3,0,1,1,1,9.4,0.0,0.0,0.09002412218011929,0.09002412218011929
hard_gate_050,xlsx:樣本2:Sheet17:2:1:8x10,8x10,0.5,0,36,12,0,0,0,0,3.475,0.6567901234567901,0.0,0.0748673993945431,0.0748673993945431
hard_gate_055,xlsx:樣本2:Sheet17:2:1:8x10,8x10,0.5,0,36,2,0,1,1,1,2.05,0.7975308641975308,0.0,0.08129309929978164,0.08129309929978164
hard_gate_060,xlsx:樣本2:Sheet17:2:1:8x10,8x10,0.5,0,36,3,0,1,1,1,1.55,0.8469135802469135,0.0,0.07248112771730199,0.07248112771730199
soft_gate_050,xlsx:樣本2:Sheet17:2:1:8x10,8x10,0.5,0,36,2,0,1,1,1,9.4,0.0,0.0,0.07272840167231573,0.07272840167231573
centered_weighted_sum,xlsx:樣本2:Sheet17:2:1:8x10,8x10,0.5,0,36,3,0,1,1,1,8.25,0.0,0.0,0.09002412218011929,0.09002412218011929
baseline,xlsx:樣本2:Sheet17:2:1:8x10,8x10,0.5,0,38,16,0,0,0,0,9.45,0.0,0.0,0.09124638033854957,0.09124638033854957
hard_gate_050,xlsx:樣本2:Sheet17:2:1:8x10,8x10,0.5,0,38,16,0,0,0,0,3.575,0.6477832512315271,0.0,0.07522805534162734,0.07522805534162734
hard_gate_055,xlsx:樣本2:Sheet17:2:1:8x10,8x10,0.5,0,38,25,0,0,0,0,2.125,0.7906403940886699,0.0,0.08864354531964741,0.08864354531964741
hard_gate_060,xlsx:樣本2:Sheet17:2:1:8x10,8x10,0.5,0,38,19,0,0,0,0,1.6,0.8423645320197044,0.0,0.07685687510913093,0.07685687510913093
soft_gate_050,xlsx:樣本2:Sheet17:2:1:8x10,8x10,0.5,0,38,16,0,0,0,0,9.45,0.0,0.0,0.07533872837092545,0.07533872837092545
centered_weighted_sum,xlsx:樣本2:Sheet17:2:1:8x10,8x10,0.5,0,38,16,0,0,0,0,8.3,0.0,0.0,0.09124638033854955,0.09124638033854955
baseline,xlsx:樣本2:Sheet17:2:1:8x10,8x10,0.5,0,39,2,0,1,1,1,9.325,0.0,0.0,0.09230689566856305,0.09230689566856305
hard_gate_050,xlsx:樣本2:Sheet17:2:1:8x10,8x10,0.5,0,39,10,0,0,0,1,3.425,0.6583541147132169,0.0,0.07581218459172127,0.07581218459172127
hard_gate_055,xlsx:樣本2:Sheet17:2:1:8x10,8x10,0.5,0,39,8,0,0,0,1,1.975,0.8029925187032418,0.0,0.08778493861454043,0.08778493861454043
hard_gate_060,xlsx:樣本2:Sheet17:2:1:8x10,8x10,0.5,0,39,11,0,0,0,0,1.425,0.85785536159601,0.0,0.07571698297872025,0.07571698297872025
soft_gate_050,xlsx:樣本2:Sheet17:2:1:8x10,8x10,0.5,0,39,9,0,0,0,1,9.325,0.0,0.0,0.07610722262860443,0.07610722262860443
centered_weighted_sum,xlsx:樣本2:Sheet17:2:1:8x10,8x10,0.5,0,39,2,0,1,1,1,8.15,0.0,0.0,0.09230689566856305,0.09230689566856305
baseline,xlsx:樣本2:Sheet17:2:1:8x10,8x10,0.5,0,40,26,0,0,0,0,9.325,0.0,0.0,0.0914779273764907,0.0914779273764907
hard_gate_050,xlsx:樣本2:Sheet17:2:1:8x10,8x10,0.5,0,40,20,0,0,0,0,3.45,0.655860349127182,0.0,0.07328269531049078,0.07328269531049078
hard_gate_055,xlsx:樣本2:Sheet17:2:1:8x10,8x10,0.5,0,40,9,0,0,0,1,2.025,0.7980049875311721,0.0,0.08164837532752178,0.08164837532752178
hard_gate_060,xlsx:樣本2:Sheet17:2:1:8x10,8x10,0.5,0,40,12,0,0,0,0,1.45,0.8553615960099751,0.0,0.07204457661339284,0.07204457661339284
soft_gate_050,xlsx:樣本2:Sheet17:2:1:8x10,8x10,0.5,0,40,17,0,0,0,0,9.325,0.0,0.0,0.07629994475140532,0.07629994475140532
centered_weighted_sum,xlsx:樣本2:Sheet17:2:1:8x10,8x10,0.5,0,40,26,0,0,0,0,8.15,0.0,0.0,0.09147792737649071,0.09147792737649071
baseline,xlsx:樣本2:Sheet17:2:1:8x10,8x10,0.5,0,41,22,0,0,0,0,9.3,0.0,0.0,0.09177467516809874,0.09177467516809874
hard_gate_050,xlsx:樣本2:Sheet17:2:1:8x10,8x10,0.5,0,41,23,0,0,0,0,3.5,0.65,0.0,0.07514060212898295,0.07514060212898295
hard_gate_055,xlsx:樣本2:Sheet17:2:1:8x10,8x10,0.5,0,41,25,0,0,0,0,1.975,0.8025,0.0,0.08716297883224683,0.08716297883224683
hard_gate_060,xlsx:樣本2:Sheet17:2:1:8x10,8x10,0.5,0,41,31,0,0,0,0,1.375,0.8625,0.0,0.07887509775688435,0.07887509775688435
soft_gate_050,xlsx:樣本2:Sheet17:2:1:8x10,8x10,0.5,0,41,32,0,0,0,0,9.3,0.0,0.0,0.08295165466036226,0.08295165466036226
centered_weighted_sum,xlsx:樣本2:Sheet17:2:1:8x10,8x10,0.5,0,41,22,0,0,0,0,8.125,0.0,0.0,0.09177467516809874,0.09177467516809874
baseline,xlsx:樣本2:Sheet17:2:1:8x10,8x10,0.5,0,42,35,0,0,0,0,9.35,0.0,0.0,0.09218663209579352,0.09218663209579352
hard_gate_050,xlsx:樣本2:Sheet17:2:1:8x10,8x10,0.5,0,42,33,0,0,0,0,3.575,0.6442786069651741,0.0,0.07623180096406612,0.07623180096406612
hard_gate_055,xlsx:樣本2:Sheet17:2:1:8x10,8x10,0.5,0,42,37,0,0,0,0,2.05,0.7960199004975125,0.0,0.08656119387902309,0.08656119387902309
hard_gate_060,xlsx:樣本2:Sheet17:2:1:8x10,8x10,0.5,0,42,38,0,0,0,0,1.425,0.8582089552238806,0.0,0.07992640473463594,0.07992640473463594
soft_gate_050,xlsx:樣本2:Sheet17:2:1:8x10,8x10,0.5,0,42,37,0,0,0,0,9.35,0.0,0.0,0.08250244099759603,0.08250244099759603
centered_weighted_sum,xlsx:樣本2:Sheet17:2:1:8x10,8x10,0.5,0,42,35,0,0,0,0,8.175,0.0,0.0,0.0921866320957935,0.0921866320957935
baseline,xlsx:樣本2:Sheet17:2:1:8x10,8x10,0.5,0,43,5,0,0,1,1,9.425,0.0,0.0,0.0919966413054587,0.0919966413054587
hard_gate_050,xlsx:樣本2:Sheet17:2:1:8x10,8x10,0.5,0,43,8,0,0,0,1,3.65,0.6395061728395062,0.0,0.0761153746420054,0.0761153746420054
hard_gate_055,xlsx:樣本2:Sheet17:2:1:8x10,8x10,0.5,0,43,12,0,0,0,0,2.125,0.7901234567901234,0.0,0.08816674029214644,0.08816674029214644
hard_gate_060,xlsx:樣本2:Sheet17:2:1:8x10,8x10,0.5,0,43,6,0,0,0,1,1.475,0.854320987654321,0.0,0.0784205082961889,0.0784205082961889
soft_gate_050,xlsx:樣本2:Sheet17:2:1:8x10,8x10,0.5,0,43,6,0,0,0,1,9.425,0.0,0.0,0.08189563880601088,0.08189563880601088
centered_weighted_sum,xlsx:樣本2:Sheet17:2:1:8x10,8x10,0.5,0,43,5,0,0,1,1,8.25,0.0,0.0,0.0919966413054587,0.0919966413054587
baseline,xlsx:樣本2:Sheet17:2:1:8x10,8x10,0.5,0,44,12,0,0,0,0,9.425,0.0,0.0,0.09144104102560086,0.09144104102560086
hard_gate_050,xlsx:樣本2:Sheet17:2:1:8x10,8x10,0.5,0,44,14,0,0,0,0,3.65,0.6395061728395062,0.0,0.07582261134071014,0.07582261134071014
hard_gate_055,xlsx:樣本2:Sheet17:2:1:8x10,8x10,0.5,0,44,19,0,0,0,0,2.125,0.7901234567901234,0.0,0.08404964039008057,0.08404964039008057
hard_gate_060,xlsx:樣本2:Sheet17:2:1:8x10,8x10,0.5,0,44,24,0,0,0,0,1.525,0.8493827160493828,0.0,0.07332342307152907,0.07332342307152907
soft_gate_050,xlsx:樣本2:Sheet17:2:1:8x10,8x10,0.5,0,44,7,0,0,0,1,9.425,0.0,0.0,0.08317335073364122,0.08317335073364122
centered_weighted_sum,xlsx:樣本2:Sheet17:2:1:8x10,8x10,0.5,0,44,12,0,0,0,0,8.25,0.0,0.0,0.09144104102560086,0.09144104102560086
baseline,xlsx:樣本2:Sheet17:2:1:8x10,8x10,0.5,0,46,5,0,0,1,1,9.425,0.0,0.0,0.09738411924251057,0.09738411924251057
hard_gate_050,xlsx:樣本2:Sheet17:2:1:8x10,8x10,0.5,0,46,12,0,0,0,0,3.625,0.6410891089108911,0.0,0.08451038767238743,0.08451038767238743
hard_gate_055,xlsx:樣本2:Sheet17:2:1:8x10,8x10,0.5,0,46,22,0,0,0,0,2.15,0.7871287128712872,0.0,0.0953483477651735,0.0953483477651735
hard_gate_060,xlsx:樣本2:Sheet17:2:1:8x10,8x10,0.5,0,46,17,0,0,0,0,1.575,0.844059405940594,0.0,0.08466739186299078,0.08466739186299078
soft_gate_050,xlsx:樣本2:Sheet17:2:1:8x10,8x10,0.5,0,46,6,0,0,0,1,9.425,0.0,0.0,0.0907247788058287,0.0907247788058287
centered_weighted_sum,xlsx:樣本2:Sheet17:2:1:8x10,8x10,0.5,0,46,5,0,0,1,1,8.225,0.0,0.0,0.09738411924251056,0.09738411924251056
baseline,xlsx:樣本2:Sheet17:2:1:8x10,8x10,0.5,0,49,17,0,0,0,0,9.375,0.0,0.0,0.10166963440498962,0.10166963440498962
hard_gate_050,xlsx:樣本2:Sheet17:2:1:8x10,8x10,0.5,0,49,8,0,0,0,1,3.5,0.652605459057072,0.0,0.08848590425056897,0.08848590425056897
hard_gate_055,xlsx:樣本2:Sheet17:2:1:8x10,8x10,0.5,0,49,4,0,0,1,1,2.1,0.7915632754342432,0.0,0.0943926392422777,0.0943926392422777
hard_gate_060,xlsx:樣本2:Sheet17:2:1:8x10,8x10,0.5,0,49,5,0,0,1,1,1.525,0.8486352357320099,0.0,0.08931200603566172,0.08931200603566172
soft_gate_050,xlsx:樣本2:Sheet17:2:1:8x10,8x10,0.5,0,49,16,0,0,0,0,9.375,0.0,0.0,0.0850723016426463,0.0850723016426463
centered_weighted_sum,xlsx:樣本2:Sheet17:2:1:8x10,8x10,0.5,0,49,17,0,0,0,0,8.175,0.0,0.0,0.10166963440498962,0.10166963440498962
baseline,xlsx:樣本2:Sheet17:2:1:8x10,8x10,0.5,0,50,9,0,0,0,1,9.375,0.0,0.0,0.1020501256569964,0.1020501256569964
hard_gate_050,xlsx:樣本2:Sheet17:2:1:8x10,8x10,0.5,0,50,15,0,0,0,0,3.475,0.654228855721393,0.0,0.08739083558573638,0.08739083558573638
hard_gate_055,xlsx:樣本2:Sheet17:2:1:8x10,8x10,0.5,0,50,8,0,0,0,1,2.1,0.7910447761194029,0.0,0.0950548435628272,0.0950548435628272
hard_gate_060,xlsx:樣本2:Sheet17:2:1:8x10,8x10,0.5,0,50,10,0,0,0,1,1.525,0.8482587064676617,0.0,0.09294561374545925,0.09294561374545925
soft_gate_050,xlsx:樣本2:Sheet17:2:1:8x10,8x10,0.5,0,50,9,0,0,0,1,9.375,0.0,0.0,0.08456951337945201,0.08456951337945201
centered_weighted_sum,xlsx:樣本2:Sheet17:2:1:8x10,8x10,0.5,0,50,9,0,0,0,1,8.175,0.0,0.0,0.1020501256569964,0.1020501256569964
baseline,xlsx:樣本2:Sheet17:2:1:8x10,8x10,0.5,0,51,26,0,0,0,0,9.325,0.0,0.0,0.10406044592535946,0.10406044592535946
hard_gate_050,xlsx:樣本2:Sheet17:2:1:8x10,8x10,0.5,0,51,35,0,0,0,0,3.425,0.6575,0.0,0.08708354903703693,0.08708354903703693
hard_gate_055,xlsx:樣本2:Sheet17:2:1:8x10,8x10,0.5,0,51,35,0,0,0,0,2.05,0.795,0.0,0.09789097920762845,0.09789097920762845
hard_gate_060,xlsx:樣本2:Sheet17:2:1:8x10,8x10,0.5,0,51,38,0,0,0,0,1.475,0.8525,0.0,0.0943616044211729,0.0943616044211729
soft_gate_050,xlsx:樣本2:Sheet17:2:1:8x10,8x10,0.5,0,51,27,0,0,0,0,9.325,0.0,0.0,0.0930537248490929,0.0930537248490929
centered_weighted_sum,xlsx:樣本2:Sheet17:2:1:8x10,8x10,0.5,0,51,26,0,0,0,0,8.1,0.0,0.0,0.10406044592535944,0.10406044592535944
baseline,xlsx:樣本2:Sheet17:2:1:8x10,8x10,0.5,0,53,16,0,0,0,0,9.325,0.0,0.0,0.10060718487822586,0.10060718487822586
hard_gate_050,xlsx:樣本2:Sheet17:2:1:8x10,8x10,0.5,0,53,18,0,0,0,0,3.5,0.652605459057072,0.0,0.08115398220705008,0.08115398220705008
hard_gate_055,xlsx:樣本2:Sheet17:2:1:8x10,8x10,0.5,0,53,23,0,0,0,0,2.075,0.794044665012407,0.0,0.09074428996731228,0.09074428996731228
hard_gate_060,xlsx:樣本2:Sheet17:2:1:8x10,8x10,0.5,0,53,23,0,0,0,0,1.475,0.8535980148883374,0.0,0.08559921026545579,0.08559921026545579
soft_gate_050,xlsx:樣本2:Sheet17:2:1:8x10,8x10,0.5,0,53,17,0,0,0,0,9.325,0.0,0.0,0.08969084292576926,0.08969084292576926
centered_weighted_sum,xlsx:樣本2:Sheet17:2:1:8x10,8x10,0.5,0,53,16,0,0,0,0,8.2,0.0,0.0,0.10060718487822586,0.10060718487822586
baseline,xlsx:樣本2:Sheet17:2:1:8x10,8x10,0.5,0,54,38,0,0,0,0,9.375,0.0,0.0,0.10039805423800792,0.10039805423800792
hard_gate_050,xlsx:樣本2:Sheet17:2:1:8x10,8x10,0.5,0,54,38,0,0,0,0,3.575,0.6477832512315271,0.0,0.08105662535729527,0.08105662535729527
hard_gate_055,xlsx:樣本2:Sheet17:2:1:8x10,8x10,0.5,0,54,40,0,0,0,0,2.125,0.7906403940886699,0.0,0.09454027634383225,0.09454027634383225
hard_gate_060,xlsx:樣本2:Sheet17:2:1:8x10,8x10,0.5,0,54,35,0,0,0,0,1.55,0.8472906403940886,0.0,0.08537227701841744,0.08537227701841744
soft_gate_050,xlsx:樣本2:Sheet17:2:1:8x10,8x10,0.5,0,54,38,0,0,0,0,9.375,0.0,0.0,0.0903418795169186,0.0903418795169186
centered_weighted_sum,xlsx:樣本2:Sheet17:2:1:8x10,8x10,0.5,0,54,38,0,0,0,0,8.275,0.0,0.0,0.10039805423800792,0.10039805423800792
baseline,xlsx:樣本2:Sheet17:2:1:8x10,8x10,0.5,0,56,25,0,0,0,0,9.275,0.0,0.0,0.10415566228388677,0.10415566228388677
hard_gate_050,xlsx:樣本2:Sheet17:2:1:8x10,8x10,0.5,0,56,24,0,0,0,0,3.5,0.652605459057072,0.0,0.08077816448950588,0.08077816448950588
hard_gate_055,xlsx:樣本2:Sheet17:2:1:8x10,8x10,0.5,0,56,27,0,0,0,0,2.05,0.7965260545905707,0.0,0.09099455227819984,0.09099455227819984
hard_gate_060,xlsx:樣本2:Sheet17:2:1:8x10,8x10,0.5,0,56,26,0,0,0,0,1.5,0.8511166253101737,0.0,0.09266199076140602,0.09266199076140602
soft_gate_050,xlsx:樣本2:Sheet17:2:1:8x10,8x10,0.5,0,56,25,0,0,0,0,9.275,0.0,0.0,0.09457433980590298,0.09457433980590298
centered_weighted_sum,xlsx:樣本2:Sheet17:2:1:8x10,8x10,0.5,0,56,25,0,0,0,0,8.2,0.0,0.0,0.10415566228388677,0.10415566228388677
baseline,xlsx:樣本2:Sheet17:2:1:8x10,8x10,0.5,0,59,30,0,0,0,0,9.25,0.0,0.0,0.11372342133497229,0.11372342133497229
hard_gate_050,xlsx:樣本2:Sheet17:2:1:8x10,8x10,0.5,0,59,18,0,0,0,0,3.375,0.6625,0.0,0.07657828986648588,0.07657828986648588
hard_gate_055,xlsx:樣本2:Sheet17:2:1:8x10,8x10,0.5,0,59,21,0,0,0,0,1.95,0.805,0.0,0.08509220766394068,0.08509220766394068
hard_gate_060,xlsx:樣本2:Sheet17:2:1:8x10,8x10,0.5,0,59,17,0,0,0,0,1.4,0.86,0.0,0.08559811759425096,0.08559811759425096
soft_gate_050,xlsx:樣本2:Sheet17:2:1:8x10,8x10,0.5,0,59,26,0,0,0,0,9.25,0.0,0.0,0.09467001358296626,0.09467001358296626
centered_weighted_sum,xlsx:樣本2:Sheet17:2:1:8x10,8x10,0.5,0,59,30,0,0,0,0,8.075,0.0,0.0,0.11372342133497228,0.11372342133497228
baseline,xlsx:樣本2:Sheet17:2:1:8x10,8x10,0.5,0,61,39,0,0,0,0,9.25,0.0,0.0,0.11679345755888859,0.11679345755888859
hard_gate_050,xlsx:樣本2:Sheet17:2:1:8x10,8x10,0.5,0,61,38,0,0,0,0,3.3,0.67,0.0,0.07969586989514972,0.07969586989514972
hard_gate_055,xlsx:樣本2:Sheet17:2:1:8x10,8x10,0.5,0,61,39,0,0,0,0,1.875,0.8125,0.0,0.0898037050525054,0.0898037050525054
hard_gate_060,xlsx:樣本2:Sheet17:2:1:8x10,8x10,0.5,0,61,37,0,0,0,0,1.4,0.86,0.0,0.0840135433342661,0.0840135433342661
soft_gate_050,xlsx:樣本2:Sheet17:2:1:8x10,8x10,0.5,0,61,38,0,0,0,0,9.25,0.0,0.0,0.09499845181743222,0.09499845181743222
centered_weighted_sum,xlsx:樣本2:Sheet17:2:1:8x10,8x10,0.5,0,61,39,0,0,0,0,8.05,0.0,0.0,0.11679345755888859,0.11679345755888859
baseline,xlsx:樣本2:Sheet17:2:1:8x10,8x10,0.5,0,65,23,0,0,0,0,9.35,0.0,0.0,0.1111403803066107,0.1111403803066107
hard_gate_050,xlsx:樣本2:Sheet17:2:1:8x10,8x10,0.5,0,65,30,0,0,0,0,3.35,0.6691358024691358,0.0,0.07894903305910045,0.07894903305910045
hard_gate_055,xlsx:樣本2:Sheet17:2:1:8x10,8x10,0.5,0,65,35,0,0,0,0,1.925,0.8098765432098766,0.0,0.09034108013577836,0.09034108013577836
hard_gate_060,xlsx:樣本2:Sheet17:2:1:8x10,8x10,0.5,0,65,34,0,0,0,0,1.4,0.8617283950617284,0.0,0.08373134304758321,0.08373134304758321
soft_gate_050,xlsx:樣本2:Sheet17:2:1:8x10,8x10,0.5,0,65,24,0,0,0,0,9.35,0.0,0.0,0.08751527586308158,0.08751527586308158
centered_weighted_sum,xlsx:樣本2:Sheet17:2:1:8x10,8x10,0.5,0,65,23,0,0,0,0,8.25,0.0,0.0,0.1111403803066107,0.1111403803066107
baseline,xlsx:樣本2:Sheet17:2:1:8x10,8x10,0.5,0,67,11,0,0,0,0,9.35,0.0,0.0,0.10971987199706833,0.10971987199706833
hard_gate_050,xlsx:樣本2:Sheet17:2:1:8x10,8x10,0.5,0,67,9,0,0,0,1,3.275,0.6765432098765433,0.0,0.07974144123088299,0.07974144123088299
hard_gate_055,xlsx:樣本2:Sheet17:2:1:8x10,8x10,0.5,0,67,7,0,0,0,1,1.95,0.8074074074074075,0.0,0.08500086893237775,0.08500086893237775
hard_gate_060,xlsx:樣本2:Sheet17:2:1:8x10,8x10,0.5,0,67,9,0,0,0,1,1.45,0.8567901234567902,0.0,0.07718069599502492,0.07718069599502492
soft_gate_050,xlsx:樣本2:Sheet17:2:1:8x10,8x10,0.5,0,67,13,0,0,0,0,9.35,0.0,0.0,0.08609237474094752,0.08609237474094752
centered_weighted_sum,xlsx:樣本2:Sheet17:2:1:8x10,8x10,0.5,0,67,11,0,0,0,0,8.25,0.0,0.0,0.10971987199706834,0.10971987199706834
baseline,xlsx:樣本2:Sheet17:2:1:8x10,8x10,0.5,0,70,4,0,0,1,1,9.325,0.0,0.0,0.10634516685047479,0.10634516685047479
hard_gate_050,xlsx:樣本2:Sheet17:2:1:8x10,8x10,0.5,0,70,7,0,0,0,1,3.2,0.6839506172839506,0.0,0.07552958264377711,0.07552958264377711
hard_gate_055,xlsx:樣本2:Sheet17:2:1:8x10,8x10,0.5,0,70,4,0,0,1,1,1.9,0.8123456790123457,0.0,0.07861694122353366,0.07861694122353366
hard_gate_060,xlsx:樣本2:Sheet17:2:1:8x10,8x10,0.5,0,70,5,0,0,1,1,1.375,0.8641975308641975,0.0,0.07012222602450445,0.07012222602450445
soft_gate_050,xlsx:樣本2:Sheet17:2:1:8x10,8x10,0.5,0,70,7,0,0,0,1,9.325,0.0,0.0,0.08187262314036131,0.08187262314036131
centered_weighted_sum,xlsx:樣本2:Sheet17:2:1:8x10,8x10,0.5,0,70,4,0,0,1,1,8.225,0.0,0.0,0.10634516685047478,0.10634516685047478
baseline,xlsx:樣本2:Sheet17:2:1:8x10,8x10,0.5,0,71,21,0,0,0,0,9.225,0.0,0.0,0.1083862810309793,0.1083862810309793
hard_gate_050,xlsx:樣本2:Sheet17:2:1:8x10,8x10,0.5,0,71,20,0,0,0,0,3.125,0.6882793017456359,0.0,0.07509234980283026,0.07509234980283026
hard_gate_055,xlsx:樣本2:Sheet17:2:1:8x10,8x10,0.5,0,71,25,0,0,0,0,1.825,0.8179551122194514,0.0,0.08018611764905512,0.08018611764905512
hard_gate_060,xlsx:樣本2:Sheet17:2:1:8x10,8x10,0.5,0,71,26,0,0,0,0,1.3,0.8703241895261845,0.025,0.07084985283968029,0.07084985283968029
soft_gate_050,xlsx:樣本2:Sheet17:2:1:8x10,8x10,0.5,0,71,20,0,0,0,0,9.225,0.0,0.0,0.08589120791364878,0.08589120791364878
centered_weighted_sum,xlsx:樣本2:Sheet17:2:1:8x10,8x10,0.5,0,71,21,0,0,0,0,8.125,0.0,0.0,0.1083862810309793,0.1083862810309793
baseline,xlsx:樣本2:Sheet17:2:1:8x10,8x10,0.5,0,74,4,0,0,1,1,9.25,0.0,0.0,0.09907924601986748,0.09907924601986748
hard_gate_050,xlsx:樣本2:Sheet17:2:1:8x10,8x10,0.5,0,74,11,0,0,0,0,3.2,0.6839506172839506,0.0,0.07029054159517285,0.07029054159517285
hard_gate_055,xlsx:樣本2:Sheet17:2:1:8x10,8x10,0.5,0,74,1,1,1,1,1,1.85,0.817283950617284,0.0,0.07692628808714107,0.07692628808714107
hard_gate_060,xlsx:樣本2:Sheet17:2:1:8x10,8x10,0.5,0,74,1,1,1,1,1,1.4,0.8617283950617284,0.025,0.07165783098978434,0.07165783098978434
soft_gate_050,xlsx:樣本2:Sheet17:2:1:8x10,8x10,0.5,0,74,2,0,1,1,1,9.25,0.0,0.0,0.08793045544638113,0.08793045544638113
centered_weighted_sum,xlsx:樣本2:Sheet17:2:1:8x10,8x10,0.5,0,74,4,0,0,1,1,8.25,0.0,0.0,0.09907924601986748,0.09907924601986748
baseline,xlsx:樣本2:Sheet17:2:1:8x10,8x10,0.5,0,75,21,0,0,0,0,9.2,0.0,0.0,0.09897771257315452,0.09897771257315452
hard_gate_050,xlsx:樣本2:Sheet17:2:1:8x10,8x10,0.5,0,75,25,0,0,0,0,3.15,0.6873449131513648,0.0,0.07137670210761418,0.07137670210761418
hard_gate_055,xlsx:樣本2:Sheet17:2:1:8x10,8x10,0.5,0,75,15,0,0,0,0,1.8,0.8213399503722084,0.0,0.07644185402183618,0.07644185402183618
hard_gate_060,xlsx:樣本2:Sheet17:2:1:8x10,8x10,0.5,0,75,19,0,0,0,0,1.35,0.8660049627791563,0.0,0.07183469040663058,0.07183469040663058
soft_gate_050,xlsx:樣本2:Sheet17:2:1:8x10,8x10,0.5,0,75,23,0,0,0,0,9.2,0.0,0.0,0.08675660755673525,0.08675660755673525
centered_weighted_sum,xlsx:樣本2:Sheet17:2:1:8x10,8x10,0.5,0,75,21,0,0,0,0,8.2,0.0,0.0,0.09897771257315452,0.09897771257315452
baseline,xlsx:樣本2:Sheet17:2:1:8x10,8x10,0.5,0,77,27,0,0,0,0,9.175,0.0,0.0,0.10068427114683413,0.10068427114683413
hard_gate_050,xlsx:樣本2:Sheet17:2:1:8x10,8x10,0.5,0,77,15,0,0,0,0,3.1,0.6923076923076923,0.0,0.06796951525706879,0.06796951525706879
hard_gate_055,xlsx:樣本2:Sheet17:2:1:8x10,8x10,0.5,0,77,23,0,0,0,0,1.8,0.8213399503722084,0.025,0.06540333082935046,0.06540333082935046
hard_gate_060,xlsx:樣本2:Sheet17:2:1:8x10,8x10,0.5,0,77,22,0,0,0,0,1.375,0.8635235732009926,0.025,0.05983725645917487,0.05983725645917487
soft_gate_050,xlsx:樣本2:Sheet17:2:1:8x10,8x10,0.5,0,77,19,0,0,0,0,9.175,0.0,0.0,0.09009975953339394,0.09009975953339394
centered_weighted_sum,xlsx:樣本2:Sheet17:2:1:8x10,8x10,0.5,0,77,27,0,0,0,0,8.2,0.0,0.0,0.10068427114683413,0.10068427114683413
