issue,draw_time,n1,n2,n3,n4,n5,n6,n7,n8,n9,n10,n11,n12,n13,n14,n15,n16,n17,n18,n19,n20
115000001,2026/01/01,4,5,12,14,20,21,25,29,31,36,47,48,52,56,60,62,63,67,68,79
115000002,2026/01/01,2,4,11,15,16,19,20,23,24,26,31,35,41,44,57,58,62,63,66,67
115000003,2026/01/01,5,7,8,11,15,16,20,23,24,28,33,35,36,48,53,69,72,75,76,79
115000004,2026/01/01,1,6,8,13,16,19,23,32,33,38,40,44,50,52,55,64,66,74,75,76
115000005,2026/01/01,3,7,12,17,22,23,24,25,32,37,47,51,52,59,62,64,67,69,75,77
115000006,2026/01/01,8,9,11,19,21,24,29,30,35,37,41,43,44,46,52,61,63,71,77,79
115000007,2026/01/01,5,16,18,20,27,29,32,35,36,41,44,49,54,56,61,63,64,71,79,80
115000008,2026/01/01,2,8,12,26,31,32,34,39,40,42,45,48,49,51,53,55,60,65,75,79
115000009,2026/01/01,4,7,9,10,15,29,30,31,35,36,48,50,54,58,65,66,68,69,71,80
115000010,2026/01/01,11,12,15,16,18,22,23,27,30,31,35,37,50,56,57,61,65,72,74,78
115000011,2026/01/01,1,5,7,9,10,19,25,28,31,36,39,43,45,46,55,60,67,68,75,76
115000012,2026/01/01,2,4,12,15,17,20,25,35,36,41,42,43,47,49,54,57,61,67,69,77
115000013,2026/01/01,7,13,15,19,22,30,32,38,39,43,47,50,52,58,59,60,67,77,79,80
115000014,2026/01/01,1,3,4,11,17,19,20,21,27,39,44,47,48,52,55,57,58,60,71,73
115000015,2026/01/01,3,6,9,10,14,18,24,25,27,28,30,37,45,51,52,53,58,60,62,70
115000016,2026/01/01,1,5,6,10,13,19,22,25,28,34,36,50,51,52,53,60,62,64,67,71
115000017,2026/01/01,3,4,5,6,8,15,19,20,24,27,28,32,43,47,48,54,59,63,78,79
115000018,2026/01/01,3,7,14,15,16,27,31,33,34,48,53,55,58,60,63,64,68,71,72,76
115000019,2026/01/01,1,2,4,12,14,15,21,22,30,32,36,45,52,55,66,72,73,74,75,80
115000020,2026/01/01,8,14,21,23,25,29,30,36,44,46,49,50,56,61,64,69,72,73,74,79
115000021,2026/01/01,1,4,5,7,9,10,12,13,18,25,27,31,32,39,42,47,51,69,70,76
115000022,2026/01/01,2,6,11,18,21,25,30,31,38,40,42,50,51,54,55,56,58,64,67,78
115000023,2026/01/01,1,3,5,15,23,25,26,29,34,35,37,39,43,45,51,56,61,75,77,78
115000024,2026/01/01,7,13,14,15,25,26,32,45,51,56,59,60,61,62,65,68,72,74,77,80
115000025,2026/01/01,8,23,28,30,31,32,38,42,46,48,51,53,55,58,59,64,68,72,76,80
115000026,2026/01/01,5,6,7,11,14,18,22,23,29,30,34,41,49,57,58,60,61,65,70,78
115000027,2026/01/01,9,11,13,32,33,40,41,45,48,49,50,55,58,59,63,69,72,74,78,80
115000028,2026/01/01,9,11,15,19,31,32,33,35,38,39,41,44,45,48,54,55,61,63,76,80
115000029,2026/01/01,3,6,19,21,26,29,31,33,37,42,44,49,51,55,57,63,64,68,72,78
115000030,2026/01/01,8,11,12,14,15,16,21,26,29,32,35,45,46,47,51,69,71,76,77,78
115000031,2026/01/01,1,3,12,13,22,26,30,34,35,36,38,40,44,45,51,52,59,74,75,79
115000032,2026/01/01,1,6,7,8,14,27,28,33,46,48,49,50,51,62,63,67,71,72,73,78
115000033,2026/01/01,1,5,7,9,18,19,25,26,29,40,43,44,48,65,67,69,70,71,75,79
115000034,2026/01/01,2,4,6,11,17,26,33,37,44,45,47,48,49,51,54,56,59,62,66,80
115000035,2026/01/01,1,3,7,11,18,19,26,27,42,43,46,50,51,60,68,70,74,75,78,80
115000036,2026/01/01,2,9,10,11,15,18,24,28,31,34,39,49,57,60,61,64,66,70,71,77
115000037,2026/01/01,1,5,6,14,15,17,37,41,44,49,51,58,61,62,63,64,65,67,69,72
115000038,2026/01/01,1,7,10,13,15,16,19,22,27,28,31,33,38,39,43,47,48,61,71,72
115000039,2026/01/01,7,15,17,20,22,26,30,34,35,36,38,39,40,46,60,68,71,72,74,75
115000040,2026/01/01,3,12,14,17,20,21,22,30,33,41,42,43,45,50,61,64,67,68,70,76
115000041,2026/01/01,4,5,8,12,17,19,25,34,35,39,40,46,47,50,52,53,59,65,66,70
115000042,2026/01/01,2,3,5,7,13,20,23,24,29,30,31,35,42,43,47,54,57,70,73,77
115000043,2026/01/01,5,14,18,25,27,28,31,32,38,41,42,45,49,58,62,71,72,74,75,79
115000044,2026/01/01,2,3,6,8,11,14,15,34,46,48,50,51,52,57,59,66,69,70,74,75
115000045,2026/01/01,3,5,9,10,17,20,23,24,25,36,37,41,46,49,54,56,57,59,68,72
115000046,2026/01/01,2,8,11,14,30,32,34,37,38,40,48,52,56,61,62,67,69,75,78,80
115000047,2026/01/01,1,2,7,14,18,24,26,33,34,39,49,63,67,70,71,75,76,77,79,80
115000048,2026/01/01,3,10,15,18,20,21,38,40,41,43,54,55,58,61,63,68,69,70,72,75
115000049,2026/01/01,1,2,8,14,15,16,23,24,30,32,33,43,44,46,49,58,59,60,67,80
115000050,2026/01/01,2,3,8,9,11,12,14,15,31,39,46,47,49,54,58,61,63,66,75,76
115000051,2026/01/01,1,21,22,25,26,29,34,40,42,47,51,58,59,61,64,68,72,73,75,80
115000052,2026/01/01,1,11,17,18,19,20,21,23,24,38,43,49,52,55,59,60,70,73,76,78
115000053,2026/01/01,6,7,15,21,25,33,38,40,42,47,50,54,55,57,63,64,67,68,70,76
115000054,2026/01/01,4,14,16,18,19,23,36,39,40,48,53,54,59,64,65,67,70,74,75,80
115000055,2026/01/01,9,17,18,25,27,30,32,34,42,48,49,52,56,58,63,69,73,76,77,79
115000056,2026/01/01,2,7,9,11,13,15,17,19,20,24,26,33,37,41,43,47,53,57,70,73
115000057,2026/01/01,1,4,5,15,21,22,23,26,33,41,47,50,57,58,63,64,68,76,78,79
115000058,2026/01/01,2,17,18,19,20,26,34,37,43,44,49,58,60,65,66,69,70,78,79,80
115000059,2026/01/01,7,8,11,16,21,22,23,29,33,36,40,44,45,48,50,56,58,64,68,77
115000060,2026/01/01,2,7,12,13,19,22,23,26,31,32,40,44,45,46,49,50,55,59,66,70
115000061,2026/01/01,2,3,10,25,30,34,36,39,40,42,47,48,50,53,58,64,68,70,71,80
115000062,2026/01/01,1,8,12,13,15,16,18,25,26,32,37,44,55,70,72,73,75,78,79,80
115000063,2026/01/01,3,6,8,12,13,21,22,24,28,34,37,38,44,49,61,66,75,76,77,79
115000064,2026/01/01,3,5,11,13,19,23,30,32,39,40,49,55,56,58,64,66,70,73,75,77
115000065,2026/01/01,1,6,7,9,16,17,21,25,26,27,30,32,37,46,48,53,55,65,70,78
115000066,2026/01/01,3,8,20,21,27,37,39,40,41,42,44,45,46,48,50,56,60,65,67,71
115000067,2026/01/01,6,8,9,11,16,17,21,23,25,35,44,50,51,52,53,54,58,62,70,76
115000068,2026/01/01,9,10,16,17,19,25,26,27,28,32,34,35,39,45,49,67,72,77,78,79
115000069,2026/01/01,7,10,16,19,21,25,29,33,35,36,37,38,44,45,47,60,63,69,71,79
115000070,2026/01/01,4,7,9,14,15,20,23,26,31,34,41,51,53,56,57,58,62,70,73,78
115000071,2026/01/01,3,14,15,18,32,36,37,40,41,44,45,47,50,53,57,58,59,62,65,77
115000072,2026/01/01,1,2,3,9,13,17,21,24,25,26,28,40,45,47,53,59,68,71,72,75
115000073,2026/01/01,4,12,15,16,17,21,22,30,40,41,42,44,50,55,65,66,71,72,76,78
115000074,2026/01/01,1,5,8,12,13,22,24,25,26,34,38,42,45,49,50,59,64,66,67,70
115000075,2026/01/01,1,2,3,8,18,25,30,31,39,42,45,57,58,59,64,69,73,75,77,78
115000076,2026/01/01,1,3,4,9,20,21,26,36,41,45,47,48,49,55,58,69,72,75,78,79
115000077,2026/01/01,1,3,15,19,25,28,30,32,33,40,46,47,54,56,64,66,69,70,76,80
115000078,2026/01/01,3,7,14,17,21,24,28,29,30,31,40,41,49,50,57,61,63,67,74,76
115000079,2026/01/01,7,8,13,23,32,33,36,46,49,50,52,53,65,67,69,72,74,77,78,79
115000080,2026/01/01,1,4,6,7,11,20,26,31,33,34,36,44,45,50,54,58,59,68,69,75
115000081,2026/01/01,2,13,15,20,26,29,34,38,40,44,49,53,57,59,60,62,64,65,66,72
115000082,2026/01/01,4,6,8,11,12,14,17,21,22,26,34,37,40,42,43,61,62,66,67,72
115000083,2026/01/01,2,3,8,12,13,20,25,26,31,32,35,36,53,59,61,66,67,68,69,77
115000084,2026/01/01,1,2,3,5,10,36,39,40,43,48,50,52,55,60,65,70,71,73,76,78
115000085,2026/01/01,2,6,12,15,20,21,24,27,30,35,42,43,44,53,54,60,67,70,71,77
115000086,2026/01/01,6,9,16,19,22,27,34,35,38,43,45,46,54,55,57,58,60,66,72,73
115000087,2026/01/01,5,7,8,9,12,21,22,26,29,31,32,38,43,46,50,51,59,60,67,77
115000088,2026/01/01,4,14,15,17,18,27,30,36,37,38,40,47,48,58,59,60,61,65,78,80
115000089,2026/01/01,2,11,16,28,31,41,42,49,50,52,58,61,63,66,72,74,75,77,78,79
115000090,2026/01/01,4,11,12,15,30,31,32,34,44,47,48,55,56,59,60,68,71,74,75,79
115000091,2026/01/01,1,7,12,13,16,22,23,25,30,36,38,45,48,49,51,53,61,64,67,73
115000092,2026/01/01,2,3,10,13,17,18,21,23,25,26,33,36,38,40,54,58,60,62,67,78
115000093,2026/01/01,3,12,15,16,18,22,26,27,28,32,36,37,40,41,55,56,59,71,74,80
115000094,2026/01/01,6,9,13,16,20,21,23,24,26,32,35,37,38,41,45,58,64,73,76,78
115000095,2026/01/01,1,15,17,19,27,31,32,39,46,47,51,52,54,55,59,62,66,69,75,78
115000096,2026/01/01,6,10,14,15,22,28,32,34,43,46,49,57,58,60,64,65,68,71,78,79
115000097,2026/01/01,6,7,11,19,23,25,28,36,44,45,48,51,56,57,58,59,60,63,68,76
115000098,2026/01/01,4,7,12,17,20,23,24,28,29,34,35,36,47,50,53,56,69,71,74,78
115000099,2026/01/01,7,9,11,12,17,21,22,23,26,32,37,50,52,55,58,67,72,77,78,79
115000100,2026/01/01,5,21,22,23,25,28,37,40,41,43,44,46,50,52,54,56,57,66,67,75
115000101,2026/01/01,3,5,13,15,19,22,23,27,33,39,46,53,54,56,59,60,62,63,79,80
115000102,2026/01/01,6,8,10,15,16,17,19,24,26,32,39,40,46,48,55,62,70,71,77,80
115000103,2026/01/01,8,10,13,15,16,26,31,32,33,34,35,37,38,42,53,57,63,67,74,78
115000104,2026/01/01,1,7,10,16,20,21,25,31,32,34,36,42,51,52,53,56,59,69,71,75
115000105,2026/01/01,5,12,18,29,30,31,32,35,41,52,53,54,55,60,64,65,66,72,77,79
115000106,2026/01/01,3,6,9,14,16,19,20,21,25,26,30,50,57,62,65,70,72,74,76,79
115000107,2026/01/01,5,8,17,18,23,25,29,33,36,43,47,53,55,63,64,66,70,75,76,77
115000108,2026/01/01,4,6,11,16,18,20,21,23,35,36,41,49,52,53,56,57,58,64,66,71
115000109,2026/01/01,1,6,7,9,18,20,24,27,32,34,41,45,46,61,63,65,69,71,72,73
115000110,2026/01/01,1,6,11,13,14,17,22,23,35,36,40,41,50,53,54,62,73,74,75,76
115000111,2026/01/01,1,3,5,10,12,17,19,40,41,42,43,46,49,58,61,66,74,77,78,80
115000112,2026/01/01,6,14,17,22,29,31,35,37,38,40,47,52,54,55,59,61,69,73,76,80
115000113,2026/01/01,1,4,5,19,21,29,34,40,42,43,45,49,52,59,61,62,63,64,72,80
115000114,2026/01/01,3,4,5,9,19,21,22,25,31,33,34,45,47,55,57,63,70,71,73,76
115000115,2026/01/01,2,4,16,21,23,34,38,44,47,52,53,54,56,59,62,63,67,68,69,77
115000116,2026/01/01,9,13,16,18,22,33,39,41,44,47,52,64,65,68,69,74,76,77,78,80
115000117,2026/01/01,8,9,18,20,24,27,30,32,36,39,41,44,47,48,49,60,64,65,76,79
115000118,2026/01/01,1,2,4,10,21,23,25,26,30,31,34,40,48,50,56,67,70,75,77,80
115000119,2026/01/01,2,5,6,8,11,12,15,18,32,35,36,47,49,50,53,63,64,74,75,79
115000120,2026/01/01,3,4,14,15,21,23,25,27,32,34,35,38,41,42,45,53,55,63,64,72
115000121,2026/01/01,2,21,30,32,33,34,37,42,44,49,53,56,57,60,63,67,68,73,75,79
115000122,2026/01/01,9,13,17,18,24,32,33,35,36,38,44,52,53,54,57,63,65,69,75,78
115000123,2026/01/01,4,6,12,14,15,16,19,26,28,29,48,50,53,59,60,61,64,65,66,78
115000124,2026/01/01,3,5,8,16,18,25,29,31,32,35,41,42,49,56,58,61,64,65,67,72
115000125,2026/01/01,5,7,15,19,21,23,25,28,29,38,45,50,56,62,63,69,71,73,77,79
115000126,2026/01/01,3,7,11,13,15,16,20,25,26,27,31,36,37,39,47,61,63,67,69,72
115000127,2026/01/01,2,7,8,11,13,16,19,28,31,34,43,44,45,52,57,62,64,67,72,79
115000128,2026/01/01,4,12,14,16,19,20,22,24,29,36,40,45,50,52,53,56,67,71,77,79
115000129,2026/01/01,5,11,12,17,18,23,28,29,30,31,34,40,43,47,51,61,68,70,77,79
115000130,2026/01/01,5,10,13,14,19,25,28,30,31,38,44,47,52,53,55,56,61,64,76,80
115000131,2026/01/01,2,4,15,18,19,22,32,37,38,40,45,47,48,51,58,64,69,70,71,76
115000132,2026/01/01,3,5,10,13,17,24,29,32,34,45,51,61,63,67,68,72,73,74,79,80
115000133,2026/01/01,3,4,5,7,14,20,24,25,27,31,36,38,39,40,41,46,48,49,68,78
115000134,2026/01/01,1,8,9,13,14,16,19,22,23,31,38,42,45,50,51,56,57,59,64,76
115000135,2026/01/01,1,3,7,14,15,18,20,27,29,30,33,45,47,48,56,61,65,66,71,78
115000136,2026/01/01,2,3,6,7,14,15,17,19,20,23,34,38,42,47,53,58,64,68,70,80
115000137,2026/01/01,5,7,11,12,15,16,20,28,31,42,45,49,51,56,57,64,68,72,77,80
115000138,2026/01/01,6,12,14,20,31,36,43,45,46,52,56,58,59,67,70,71,75,76,78,79
115000139,2026/01/01,2,4,7,14,16,19,23,24,25,38,41,43,55,60,62,63,66,72,75,77
115000140,2026/01/01,1,5,16,18,23,24,32,34,35,36,37,39,42,46,48,49,55,57,68,70
115000141,2026/01/01,1,10,11,23,24,26,28,29,30,33,36,37,50,58,60,61,64,66,71,73
115000142,2026/01/01,4,6,20,24,25,26,28,30,36,39,44,46,48,51,61,64,67,72,75,77
115000143,2026/01/01,2,11,15,17,21,27,28,32,33,34,37,39,42,45,49,62,63,66,77,78
115000144,2026/01/01,6,12,14,16,19,20,21,22,28,35,42,46,47,61,63,64,71,72,75,76
115000145,2026/01/01,1,3,7,15,20,22,23,26,32,35,39,40,49,55,57,62,68,69,70,73
115000146,2026/01/01,4,6,9,15,17,18,20,25,26,29,45,47,53,55,60,62,63,65,66,71
115000147,2026/01/01,13,20,22,23,25,26,27,30,34,35,44,46,51,57,58,59,62,63,67,73
115000148,2026/01/01,7,8,13,15,21,28,31,39,41,42,44,51,57,58,62,63,67,74,75,77
115000149,2026/01/01,1,2,4,5,6,11,18,22,23,31,35,39,56,57,59,62,65,66,72,76
115000150,2026/01/01,3,6,9,13,17,21,28,29,34,35,40,49,55,61,62,63,67,74,75,77
115000151,2026/01/01,4,7,12,13,16,26,28,29,30,34,36,37,38,39,44,46,49,52,65,70
115000152,2026/01/01,8,15,18,19,20,28,32,34,38,40,43,46,49,50,52,60,62,67,77,79
115000153,2026/01/01,2,4,10,12,19,20,21,22,23,35,38,39,40,42,45,55,59,66,70,73
115000154,2026/01/01,2,10,11,12,17,20,21,26,27,36,41,44,46,49,50,53,65,75,78,80
115000155,2026/01/01,2,4,7,12,18,20,22,28,31,34,35,40,52,55,57,58,69,70,74,80
115000156,2026/01/01,2,3,6,10,15,22,31,36,37,39,43,46,52,54,67,70,73,75,77,79
115000157,2026/01/01,1,4,10,11,17,18,19,27,38,40,47,50,51,57,59,67,69,73,77,79
115000158,2026/01/01,6,13,15,17,21,22,24,31,34,36,40,42,43,48,56,60,62,64,67,74
115000159,2026/01/01,3,8,9,13,14,15,18,21,29,30,31,37,54,55,59,61,63,66,68,75
115000160,2026/01/01,1,2,9,10,11,16,25,28,31,33,36,38,41,43,44,46,49,50,65,69
115000161,2026/01/01,6,13,15,18,22,27,31,36,39,40,46,47,50,56,57,58,61,66,73,76
115000162,2026/01/01,1,4,6,9,12,20,24,30,36,42,46,52,55,56,62,65,66,70,72,78
115000163,2026/01/01,9,11,15,18,21,23,37,40,43,45,46,47,57,60,70,72,73,74,79,80
115000164,2026/01/01,4,11,13,20,23,29,31,36,37,40,44,47,50,58,61,62,67,68,70,77
115000165,2026/01/01,8,9,10,16,23,25,26,30,33,40,49,52,55,59,62,63,67,72,75,80
115000166,2026/01/01,3,6,8,15,16,19,29,33,38,39,43,44,47,50,52,53,58,60,72,79
115000167,2026/01/01,1,3,4,5,8,9,10,12,20,23,27,39,41,50,51,53,63,76,78,79
115000168,2026/01/01,5,7,10,11,20,26,33,35,37,38,39,40,48,49,50,54,63,66,68,76
115000169,2026/01/01,9,11,13,18,20,24,29,36,37,39,43,46,52,58,61,62,67,74,79,80
115000170,2026/01/01,3,5,6,11,13,16,17,23,24,25,28,35,36,41,45,51,56,76,78,80
115000171,2026/01/01,1,2,4,6,9,11,23,35,40,42,48,52,53,54,56,57,62,66,69,78
115000172,2026/01/01,2,7,18,26,28,32,33,39,41,44,48,53,57,61,62,63,66,69,72,73
115000173,2026/01/01,1,7,11,14,19,22,23,25,26,27,31,32,40,44,45,47,51,52,55,73
115000174,2026/01/01,2,5,6,8,9,13,15,19,24,26,29,33,36,41,47,48,52,54,55,72
115000175,2026/01/01,11,22,23,24,27,33,39,43,44,46,47,49,50,51,53,60,69,72,76,79
115000176,2026/01/01,3,18,24,27,33,38,42,43,45,49,52,54,55,61,64,67,69,73,77,80
115000177,2026/01/01,2,9,10,14,15,26,27,31,34,46,48,50,51,52,57,59,62,65,66,78
115000178,2026/01/01,3,5,10,13,20,22,26,35,46,49,54,58,66,68,69,73,74,77,78,79
115000179,2026/01/01,11,15,17,25,28,30,37,38,39,44,45,47,49,52,53,57,59,77,79,80
115000180,2026/01/01,2,4,8,14,18,21,22,23,28,30,31,34,35,42,43,44,46,62,66,67
115000181,2026/01/01,3,5,9,14,21,27,30,34,36,44,45,48,53,56,61,65,66,73,74,78
115000182,2026/01/01,1,2,3,16,20,23,25,27,29,30,41,42,52,53,55,57,62,66,68,79
115000183,2026/01/01,3,5,7,16,18,19,20,24,26,30,34,35,41,47,53,55,59,64,67,68
115000184,2026/01/01,5,10,26,32,33,35,38,39,46,49,50,54,57,58,60,61,62,73,74,78
115000185,2026/01/01,4,5,6,9,10,12,19,20,25,28,31,34,41,45,49,52,53,56,61,68
115000186,2026/01/01,14,15,17,20,22,26,27,33,36,44,53,54,58,60,62,67,69,70,72,77
115000187,2026/01/01,1,4,6,9,17,20,21,22,27,36,46,51,60,67,68,70,73,75,76,80
115000188,2026/01/01,1,8,9,22,23,24,25,26,30,31,34,44,48,49,51,60,61,64,72,74
115000189,2026/01/01,2,10,16,21,31,37,42,45,49,51,54,60,64,65,67,72,75,77,78,80
115000190,2026/01/01,1,3,4,9,18,19,21,28,35,38,44,47,48,56,57,60,63,69,71,75
115000191,2026/01/01,2,5,11,15,20,23,27,32,34,36,39,49,53,58,61,66,67,73,75,79
115000192,2026/01/01,9,11,15,26,28,30,35,36,37,40,41,43,44,47,55,63,65,69,72,75
115000193,2026/01/01,2,6,7,12,15,18,20,27,28,29,31,35,40,42,48,57,60,63,65,77
115000194,2026/01/01,4,5,8,11,12,15,20,31,32,49,51,52,53,54,60,68,73,74,78,80
115000195,2026/01/01,10,20,23,34,43,45,47,48,49,52,54,55,61,62,64,65,70,71,77,80
115000196,2026/01/01,2,12,13,15,17,18,21,22,23,29,32,34,45,46,47,49,52,54,64,75
115000197,2026/01/01,4,10,16,20,23,32,33,35,42,43,47,49,50,52,54,57,58,74,78,79
115000198,2026/01/01,7,16,22,24,30,37,40,44,47,49,50,52,53,56,59,60,62,64,68,79
115000199,2026/01/01,1,3,5,6,21,22,24,29,33,45,46,48,50,53,62,63,64,65,67,70
115000200,2026/01/01,1,7,15,16,19,21,27,28,32,36,41,44,45,49,53,60,71,72,73,75
115000201,2026/01/01,1,4,8,10,19,25,26,33,36,37,38,42,43,46,50,55,56,65,70,78
115000202,2026/01/01,2,3,7,11,16,23,26,29,30,31,36,46,49,52,55,62,69,74,77,78
115000203,2026/01/01,1,6,7,11,14,20,22,28,34,47,49,50,52,55,56,59,66,69,71,75
115000204,2026/01/02,2,5,8,16,23,40,41,47,50,51,54,55,58,62,65,66,67,69,71,73
115000205,2026/01/02,4,8,13,14,16,20,23,27,33,35,41,44,45,57,62,63,70,75,79,80
115000206,2026/01/02,5,8,9,11,21,22,24,25,30,34,43,45,53,54,58,61,67,72,75,80
115000207,2026/01/02,2,3,5,13,14,16,20,25,27,30,31,33,36,39,43,46,56,57,65,69
115000208,2026/01/02,2,4,10,15,16,19,24,26,28,35,43,45,46,53,57,60,65,70,74,78
115000209,2026/01/02,5,9,10,14,23,27,30,36,37,41,48,49,51,56,57,59,64,66,69,76
115000210,2026/01/02,3,19,21,24,30,35,37,41,42,45,49,51,57,61,63,65,68,70,73,77
115000211,2026/01/02,4,8,9,14,16,18,20,23,24,41,42,47,48,49,59,61,62,63,72,80
115000212,2026/01/02,10,12,13,14,19,20,32,34,36,38,41,50,51,54,57,64,69,71,76,77
115000213,2026/01/02,3,5,10,21,30,31,37,39,40,44,45,46,47,54,59,60,71,73,79,80
115000214,2026/01/02,4,15,18,21,27,28,31,34,42,46,47,50,52,53,56,60,62,67,69,77
115000215,2026/01/02,8,11,13,20,30,31,33,35,37,45,51,54,57,60,62,64,69,74,76,77
115000216,2026/01/02,1,9,10,12,13,16,17,20,29,34,44,45,52,61,63,65,66,72,74,75
115000217,2026/01/02,2,8,9,12,17,23,24,32,36,39,41,43,59,61,62,66,69,70,79,80
115000218,2026/01/02,13,16,17,19,23,25,28,34,39,40,42,43,44,46,51,53,68,70,77,80
115000219,2026/01/02,2,5,8,9,13,15,16,19,21,29,42,52,54,58,59,64,65,67,71,78
115000220,2026/01/02,1,4,5,11,23,28,30,34,35,46,51,54,57,59,66,67,68,70,75,79
115000221,2026/01/02,2,8,12,20,26,27,35,37,44,45,49,50,59,62,65,68,69,72,73,75
115000222,2026/01/02,1,20,22,23,27,28,30,32,33,35,39,40,52,55,56,57,60,74,78,79
115000223,2026/01/02,2,4,5,7,13,19,20,21,22,25,28,31,34,39,40,44,51,57,59,68
115000224,2026/01/02,1,2,6,9,20,31,32,33,34,37,39,40,41,49,50,52,60,62,76,78
115000225,2026/01/02,2,5,8,11,23,25,27,34,35,40,41,45,47,48,49,50,70,71,75,78
115000226,2026/01/02,1,4,16,18,21,26,28,30,31,37,40,42,46,47,49,55,56,62,71,77
115000227,2026/01/02,2,3,4,5,6,8,15,20,27,28,29,35,36,44,47,68,69,74,75,76
115000228,2026/01/02,1,4,7,12,13,14,26,34,37,44,48,49,51,54,56,61,64,70,74,79
115000229,2026/01/02,6,8,13,17,18,19,20,21,26,30,37,38,45,50,51,54,66,73,75,78
115000230,2026/01/02,5,13,22,31,36,37,39,40,41,43,46,52,53,59,63,65,69,72,73,77
115000231,2026/01/02,6,9,10,13,14,15,18,20,21,23,36,40,41,42,54,58,68,69,70,76
115000232,2026/01/02,6,8,9,18,22,23,24,25,26,30,31,38,40,41,45,49,51,58,66,72
115000233,2026/01/02,17,22,27,32,33,34,37,38,42,43,44,45,47,49,50,59,61,64,72,78
115000234,2026/01/02,1,3,6,7,15,19,21,30,32,33,37,44,46,48,62,70,73,75,76,77
115000235,2026/01/02,6,10,11,18,25,28,29,30,31,34,38,40,42,51,61,62,64,68,70,72
115000236,2026/01/02,5,9,11,16,18,20,27,30,32,36,53,57,60,63,65,66,76,78,79,80
115000237,2026/01/02,3,6,9,13,14,16,19,20,21,28,29,31,45,49,54,59,62,63,67,71
115000238,2026/01/02,5,10,18,25,32,35,37,39,40,43,44,53,56,60,66,69,70,74,76,80
115000239,2026/01/02,2,3,4,6,22,24,25,28,38,52,53,54,63,65,71,72,73,76,78,79
115000240,2026/01/02,3,12,19,22,24,26,33,36,40,42,44,51,54,57,58,59,60,67,69,72
115000241,2026/01/02,7,12,17,18,19,21,23,29,31,33,53,59,60,62,63,69,70,74,77,80
115000242,2026/01/02,1,14,20,21,23,26,27,38,40,41,42,44,47,49,51,66,71,77,78,80
115000243,2026/01/02,10,13,14,18,23,26,32,33,34,35,40,49,59,64,68,69,72,75,76,77
115000244,2026/01/02,2,4,21,22,25,26,34,38,41,43,44,48,54,55,57,66,67,69,71,74
115000245,2026/01/02,7,8,12,16,35,38,40,43,44,45,46,47,55,65,70,71,72,75,78,79
115000246,2026/01/02,10,14,20,22,32,36,40,46,48,49,50,52,53,58,61,62,71,74,75,76
115000247,2026/01/02,1,2,8,17,21,23,26,27,37,40,52,55,59,63,68,69,73,74,75,80
115000248,2026/01/02,9,14,18,19,20,27,29,34,36,39,43,44,47,54,58,59,60,61,67,71
115000249,2026/01/02,1,7,11,26,30,36,37,45,48,51,54,58,59,64,66,67,69,70,72,78
115000250,2026/01/02,5,6,9,15,17,19,21,33,36,49,50,51,53,59,61,66,70,74,78,80
115000251,2026/01/02,2,5,6,9,13,14,21,23,31,44,48,50,54,55,60,63,65,67,74,78
115000252,2026/01/02,8,10,11,13,23,24,36,40,44,45,46,47,53,54,57,61,65,74,76,80
115000253,2026/01/02,2,8,18,19,21,25,27,35,36,37,42,44,46,53,57,59,70,73,74,76
115000254,2026/01/02,1,4,6,8,14,15,18,22,27,32,35,36,41,45,47,56,62,68,70,73
115000255,2026/01/02,1,2,6,8,10,17,18,19,35,40,48,51,52,56,57,62,63,72,76,78
115000256,2026/01/02,3,4,20,25,29,30,32,33,34,41,44,46,52,56,58,63,64,65,68,75
115000257,2026/01/02,4,5,10,11,13,20,21,24,25,27,28,30,34,44,53,62,66,70,72,80
115000258,2026/01/02,2,4,8,10,11,13,14,27,34,37,38,41,45,47,52,57,70,71,77,80
115000259,2026/01/02,6,9,16,29,33,38,39,41,43,46,49,50,52,53,56,57,63,72,76,80
115000260,2026/01/02,1,4,7,13,18,23,24,26,29,34,35,36,39,48,52,53,57,60,61,77
115000261,2026/01/02,6,7,15,19,22,26,27,31,33,35,40,43,44,51,52,59,60,65,66,80
115000262,2026/01/02,3,8,9,15,16,17,18,19,26,28,31,33,42,45,57,60,61,73,75,77
115000263,2026/01/02,1,4,6,8,11,24,28,35,39,47,49,50,52,53,61,69,72,77,79,80
115000264,2026/01/02,3,5,7,8,13,15,21,24,31,35,38,44,49,57,59,60,62,64,67,72
115000265,2026/01/02,2,4,11,12,13,16,24,25,26,35,42,52,55,61,62,63,65,68,70,74
115000266,2026/01/02,1,2,3,12,17,18,22,25,26,33,42,44,45,49,56,59,61,63,66,69
115000267,2026/01/02,2,10,11,15,18,19,23,26,33,35,41,49,53,54,55,57,68,72,77,80
115000268,2026/01/02,17,21,23,24,25,27,28,29,30,32,38,42,46,53,57,58,70,74,77,78
115000269,2026/01/02,1,4,8,14,15,16,17,24,25,27,29,37,44,56,57,66,67,70,75,76
115000270,2026/01/02,4,8,10,19,29,37,38,39,43,46,48,58,60,63,65,66,67,76,79,80
115000271,2026/01/02,1,5,6,12,17,21,26,28,34,37,40,42,44,49,52,56,59,60,74,75
115000272,2026/01/02,8,9,15,17,21,24,25,26,29,30,36,41,42,52,54,56,58,59,60,74
115000273,2026/01/02,8,11,16,18,27,29,30,31,32,39,44,51,54,61,67,72,74,76,79,80
115000274,2026/01/02,11,13,18,21,22,23,24,27,28,34,36,38,39,45,57,59,62,73,74,78
115000275,2026/01/02,4,5,8,13,17,23,29,34,54,58,60,64,65,67,68,69,70,73,75,78
115000276,2026/01/02,5,8,10,17,20,21,24,25,26,32,34,46,51,54,56,59,60,63,64,68
115000277,2026/01/02,5,7,15,17,22,24,25,32,35,40,41,42,46,47,48,50,52,55,63,79
115000278,2026/01/02,4,7,13,20,22,24,25,26,29,36,38,44,47,49,51,65,68,72,73,74
115000279,2026/01/02,9,10,15,19,21,27,29,33,39,43,44,48,51,52,57,60,62,64,71,73
115000280,2026/01/02,7,8,9,11,13,14,22,26,29,30,32,40,46,53,56,62,68,74,75,76
115000281,2026/01/02,3,5,13,14,23,24,27,33,34,35,38,41,43,50,53,64,66,72,74,80
115000282,2026/01/02,1,9,10,14,18,21,22,31,32,35,43,44,46,47,53,60,74,75,76,77
115000283,2026/01/02,5,10,15,17,22,23,25,28,35,37,38,42,46,49,56,59,64,69,74,77
115000284,2026/01/02,3,4,6,18,19,21,28,39,41,43,46,50,51,54,57,59,62,66,70,78
115000285,2026/01/02,7,9,11,14,16,18,22,23,24,28,40,49,51,56,63,64,65,66,71,75
115000286,2026/01/02,2,3,9,10,12,16,20,21,28,36,37,41,44,48,58,59,62,67,68,78
115000287,2026/01/02,2,10,14,17,21,33,36,40,44,45,49,57,58,59,60,61,67,69,71,72
115000288,2026/01/02,6,7,14,18,22,27,31,32,33,37,38,40,41,42,43,45,54,69,75,78
115000289,2026/01/02,2,12,14,16,22,30,37,39,41,45,47,54,58,62,65,70,71,72,74,75
115000290,2026/01/02,1,10,16,17,25,35,36,39,45,49,53,63,64,65,66,68,73,74,79,80
115000291,2026/01/02,6,10,18,21,23,25,28,29,32,34,37,41,47,61,65,67,72,74,75,78
115000292,2026/01/02,1,3,10,12,14,18,23,27,31,32,36,44,50,63,65,66,67,68,75,77
115000293,2026/01/02,6,12,20,21,22,24,28,30,33,37,52,55,58,59,62,63,65,70,74,76
115000294,2026/01/02,1,12,13,16,18,22,23,31,34,35,38,40,43,53,55,64,69,70,71,78
115000295,2026/01/02,7,12,13,14,15,16,17,18,31,32,33,36,37,39,41,46,67,71,72,76
115000296,2026/01/02,3,7,10,12,16,20,21,23,24,29,33,34,37,38,39,51,54,59,66,74
115000297,2026/01/02,1,2,8,9,19,28,32,38,39,43,53,57,63,64,66,67,68,73,74,75
115000298,2026/01/02,3,5,10,13,15,20,22,23,25,29,32,33,35,53,54,66,67,70,73,80
115000299,2026/01/02,3,14,15,20,25,28,29,33,43,44,47,51,58,62,63,65,71,74,75,77
115000300,2026/01/02,6,7,12,14,17,24,27,35,40,50,53,57,63,65,67,69,71,75,77,78
115000301,2026/01/02,2,5,13,15,18,22,28,31,39,42,50,53,54,55,58,68,70,72,78,79
115000302,2026/01/02,1,2,7,9,11,13,14,16,28,32,34,43,45,46,47,65,67,68,69,77
115000303,2026/01/02,3,5,7,15,20,22,28,36,37,40,45,48,60,65,66,67,69,70,73,77
115000304,2026/01/02,3,4,7,11,13,16,19,25,36,43,44,50,56,57,60,65,74,75,76,78
115000305,2026/01/02,2,5,9,15,21,25,28,33,35,40,51,52,54,60,61,65,66,71,75,77
115000306,2026/01/02,2,3,12,14,20,21,22,31,33,36,39,51,57,58,60,66,69,73,76,79
115000307,2026/01/02,7,9,10,12,17,25,27,35,36,47,49,51,56,57,64,65,71,76,77,78
115000308,2026/01/02,1,5,15,20,26,27,31,43,45,50,51,58,60,62,65,66,67,69,70,76
115000309,2026/01/02,2,4,5,10,13,15,18,19,20,21,29,31,48,50,65,69,71,74,78,80
115000310,2026/01/02,2,3,5,10,20,23,25,31,42,46,47,48,49,53,62,66,68,73,74,80
115000311,2026/01/02,4,8,14,16,18,19,23,27,28,31,34,37,38,40,42,46,57,59,61,74
115000312,2026/01/02,3,4,10,11,12,17,19,25,26,29,33,36,43,46,52,53,61,62,73,76
115000313,2026/01/02,1,3,14,19,21,26,38,41,45,53,57,59,63,67,68,69,75,76,77,79
115000314,2026/01/02,3,4,12,16,17,21,27,32,35,43,44,45,46,48,50,68,69,70,71,73
115000315,2026/01/02,10,11,14,20,21,28,33,35,43,46,51,53,55,56,63,64,65,66,75,80
115000316,2026/01/02,1,8,12,20,29,31,35,36,39,43,46,47,48,50,53,55,62,65,75,76
115000317,2026/01/02,1,5,16,17,19,21,23,26,28,30,33,36,40,52,57,58,66,68,70,72
115000318,2026/01/02,2,4,5,17,19,22,24,30,38,42,44,45,46,47,51,53,55,62,63,78
115000319,2026/01/02,1,12,17,20,22,27,36,37,41,44,53,58,61,62,63,65,67,76,79,80
115000320,2026/01/02,2,3,4,7,9,10,12,15,17,30,33,35,36,39,42,52,54,58,76,80
115000321,2026/01/02,1,2,4,12,16,19,24,26,27,29,37,39,41,43,49,50,52,56,58,76
115000322,2026/01/02,4,6,8,9,17,18,20,21,24,36,39,45,50,52,53,67,71,78,79,80
115000323,2026/01/02,4,9,10,14,15,23,26,29,38,41,44,46,47,54,57,62,72,73,78,80
115000324,2026/01/02,1,4,5,7,10,11,21,24,29,31,32,34,43,45,46,50,51,57,63,75
115000325,2026/01/02,13,17,18,19,26,30,40,43,45,46,47,48,52,57,58,63,66,72,73,74
115000326,2026/01/02,1,9,10,11,17,21,24,27,30,31,35,39,43,45,49,55,58,62,67,78
115000327,2026/01/02,6,7,9,15,19,32,35,37,39,41,42,56,63,64,65,69,70,74,75,77
115000328,2026/01/02,9,14,20,21,25,27,34,38,48,51,53,54,56,57,63,64,65,68,70,71
115000329,2026/01/02,7,8,9,12,19,20,26,28,34,35,39,44,48,53,59,65,67,68,74,75
115000330,2026/01/02,3,6,12,13,16,23,37,43,44,46,47,48,54,57,64,65,66,70,72,76
115000331,2026/01/02,2,9,13,14,19,20,22,24,25,31,33,35,36,39,43,53,55,57,59,80
115000332,2026/01/02,3,5,6,13,21,23,25,29,36,39,40,41,45,49,50,54,59,62,71,76
115000333,2026/01/02,1,2,13,17,25,26,27,29,30,32,51,52,56,63,64,66,68,71,72,80
115000334,2026/01/02,6,7,8,11,14,16,19,21,26,33,35,39,41,42,46,47,53,55,57,69
115000335,2026/01/02,1,4,10,12,16,17,23,24,27,29,37,49,50,52,56,66,70,74,77,78
115000336,2026/01/02,12,13,15,20,21,23,25,41,42,43,46,47,62,63,66,68,70,71,79,80
115000337,2026/01/02,1,6,7,12,13,17,28,44,52,53,54,56,59,60,61,65,66,76,77,80
115000338,2026/01/02,4,6,8,17,22,25,36,44,46,49,56,57,58,63,66,68,70,72,74,79
115000339,2026/01/02,2,4,8,11,13,15,24,41,44,50,53,56,58,59,60,62,75,76,77,79
115000340,2026/01/02,6,11,13,14,16,17,18,22,46,49,52,54,56,60,61,63,64,69,71,80
115000341,2026/01/02,2,4,5,10,15,16,18,23,32,41,46,55,56,58,59,62,70,73,78,80
115000342,2026/01/02,9,12,20,22,24,29,32,37,40,41,45,46,54,55,56,57,58,63,71,73
115000343,2026/01/02,1,5,8,10,11,13,15,18,27,32,33,35,37,43,46,55,60,61,77,78
115000344,2026/01/02,2,9,10,11,14,15,18,20,26,30,34,36,41,44,47,62,70,72,74,79
115000345,2026/01/02,12,14,15,16,17,19,20,22,26,28,30,32,36,41,45,48,50,69,77,78
115000346,2026/01/02,3,4,5,9,10,11,14,16,17,20,26,31,33,34,47,48,54,61,70,71
115000347,2026/01/02,3,4,13,17,18,19,20,21,22,27,28,34,48,56,57,62,67,68,72,78
115000348,2026/01/02,2,7,8,16,17,18,32,38,44,46,49,51,53,55,59,62,64,70,78,79
115000349,2026/01/02,16,20,23,25,29,31,32,35,36,37,38,41,44,47,68,69,72,74,76,80
115000350,2026/01/02,3,4,6,7,16,21,27,31,33,37,38,43,44,45,46,56,58,61,65,75
115000351,2026/01/02,2,11,16,29,30,33,35,36,37,39,47,50,51,52,55,58,67,78,79,80
115000352,2026/01/02,6,8,12,13,21,25,26,33,37,46,51,53,55,56,58,60,63,68,79,80
115000353,2026/01/02,2,5,13,16,17,24,26,43,45,46,56,57,58,59,60,64,65,66,72,76
115000354,2026/01/02,2,3,4,10,15,20,23,32,33,40,48,64,67,68,70,73,76,77,78,79
115000355,2026/01/02,3,4,6,15,19,20,23,26,27,31,37,41,47,57,67,68,69,70,75,77
115000356,2026/01/02,4,7,8,18,21,22,30,32,34,42,46,54,56,57,60,61,63,75,78,79
115000357,2026/01/02,3,13,14,16,18,21,32,35,39,41,43,53,57,59,60,62,65,70,78,80
115000358,2026/01/02,2,15,21,23,30,36,38,39,46,48,49,51,59,60,68,71,73,76,78,80
115000359,2026/01/02,4,9,12,14,19,20,25,32,33,34,37,41,45,49,54,55,65,66,68,74
115000360,2026/01/02,1,3,6,7,12,26,30,33,37,39,47,58,60,63,66,70,71,74,78,80
115000361,2026/01/02,7,13,20,23,27,28,30,31,32,41,44,46,50,56,59,65,66,70,73,76
115000362,2026/01/02,7,8,16,17,18,20,22,31,34,39,40,45,54,56,57,59,62,69,71,79
115000363,2026/01/02,4,9,10,21,22,24,25,28,35,37,38,48,49,51,57,58,61,63,65,69
115000364,2026/01/02,2,3,8,10,15,16,19,24,29,30,33,35,40,42,44,45,47,51,52,74
115000365,2026/01/02,3,7,9,10,22,23,26,30,32,33,38,44,45,51,52,55,62,68,76,78
115000366,2026/01/02,1,2,19,24,25,28,32,34,38,44,46,47,50,53,54,55,62,67,73,77
115000367,2026/01/02,6,8,11,12,16,24,26,27,30,31,34,38,39,48,56,73,75,78,79,80
115000368,2026/01/02,9,13,15,17,24,29,31,32,34,37,45,56,58,61,62,65,66,76,77,80
115000369,2026/01/02,1,13,16,17,29,30,31,34,36,40,42,54,58,59,64,65,68,73,75,78
115000370,2026/01/02,4,5,8,16,19,20,29,30,33,36,42,51,57,60,64,66,69,70,73,76
115000371,2026/01/02,10,11,15,23,24,27,29,30,44,46,47,48,50,57,58,62,65,68,69,77
115000372,2026/01/02,3,4,11,18,20,22,27,35,39,40,43,52,58,64,65,69,75,76,77,79
115000373,2026/01/02,1,4,17,21,28,29,34,43,44,45,49,50,55,62,63,64,73,74,78,80
115000374,2026/01/02,2,4,5,8,9,16,25,26,28,30,31,37,50,51,52,61,63,66,79,80
115000375,2026/01/02,7,13,15,20,22,27,34,41,44,45,55,57,59,63,64,67,70,74,76,77
115000376,2026/01/02,1,2,7,8,11,12,22,34,36,41,42,44,50,53,55,63,66,68,69,70
115000377,2026/01/02,3,6,8,10,17,19,23,31,35,36,40,43,49,50,54,56,58,63,68,75
115000378,2026/01/02,6,12,16,19,22,23,27,34,35,48,49,50,53,62,64,65,66,68,71,78
115000379,2026/01/02,13,16,17,19,26,27,30,36,39,41,46,51,55,64,67,70,75,77,79,80
115000380,2026/01/02,1,9,10,12,24,27,31,33,38,43,47,48,50,51,54,56,60,67,76,77
115000381,2026/01/02,4,6,7,10,15,17,22,23,25,26,33,34,40,49,51,54,60,66,70,73
115000382,2026/01/02,2,5,7,11,19,20,21,22,35,39,40,41,44,46,49,50,52,55,62,75
115000383,2026/01/02,3,12,14,23,24,27,29,34,40,44,45,46,47,52,54,59,64,65,78,80
115000384,2026/01/02,3,4,7,22,26,27,35,36,39,41,42,43,46,47,48,50,62,63,74,75
115000385,2026/01/02,7,10,11,13,16,26,33,37,43,44,45,46,47,48,55,57,65,69,75,76
115000386,2026/01/02,2,10,17,27,30,33,36,37,38,40,41,50,54,60,63,69,72,73,78,79
115000387,2026/01/02,2,4,13,15,17,29,34,40,41,48,50,51,54,56,58,61,68,69,74,76
115000388,2026/01/02,7,8,9,13,14,18,19,21,22,33,35,43,54,60,62,66,72,75,77,80
115000389,2026/01/02,3,12,14,20,24,29,39,40,45,47,48,49,50,56,60,61,64,66,76,77
115000390,2026/01/02,6,8,11,13,14,15,24,33,37,38,48,55,56,57,58,59,65,67,72,74
115000391,2026/01/02,5,10,18,21,28,34,35,37,38,39,46,48,53,55,58,61,62,67,69,79
115000392,2026/01/02,1,2,4,5,8,13,14,19,22,25,34,43,50,55,60,69,70,72,76,80
115000393,2026/01/02,3,6,8,13,19,30,31,33,38,41,45,46,47,50,51,59,61,64,66,77
115000394,2026/01/02,3,5,6,14,15,21,24,25,27,32,36,44,47,48,51,52,55,65,74,77
115000395,2026/01/02,1,3,5,7,11,13,18,19,32,33,34,39,41,49,58,72,73,75,78,80
115000396,2026/01/02,1,2,10,21,22,25,26,30,31,35,36,43,47,48,50,58,60,62,66,75
115000397,2026/01/02,4,5,6,7,10,13,20,22,23,25,33,40,45,50,56,71,73,74,79,80
115000398,2026/01/02,1,2,10,20,23,30,32,35,43,44,50,54,57,58,59,62,64,72,73,80
115000399,2026/01/02,1,3,6,13,14,17,19,26,28,31,32,37,39,40,41,56,67,68,76,79
115000400,2026/01/02,5,7,9,12,15,17,19,23,24,31,38,40,45,47,61,62,63,67,77,80
115000401,2026/01/02,1,4,5,13,15,23,24,30,33,36,39,44,46,53,55,58,59,63,65,68
115000402,2026/01/02,4,6,7,8,15,16,19,26,27,31,40,44,45,47,50,52,60,65,70,80
115000403,2026/01/02,3,4,7,11,13,14,15,17,18,27,38,40,41,44,49,61,67,77,78,79
115000404,2026/01/02,1,4,6,8,16,19,20,21,24,28,30,49,52,58,63,64,65,71,73,77
115000405,2026/01/02,3,7,8,12,16,17,29,31,33,34,38,48,50,57,66,69,71,73,74,75
115000406,2026/01/02,4,6,12,16,23,24,26,29,31,36,38,40,45,55,60,61,69,74,75,80
115000407,2026/01/03,3,4,15,16,22,27,38,40,43,44,47,51,55,57,60,65,67,72,74,78
115000408,2026/01/03,9,10,15,20,22,26,34,36,39,45,48,49,50,53,60,61,63,66,69,76
115000409,2026/01/03,12,13,16,21,23,25,29,32,33,34,37,40,43,49,53,55,58,59,68,78
115000410,2026/01/03,1,5,7,9,18,22,27,31,33,37,45,51,53,55,57,63,64,67,77,78
115000411,2026/01/03,3,6,8,13,15,22,28,34,35,36,38,41,46,48,53,61,67,71,73,78
115000412,2026/01/03,7,11,12,13,16,17,32,36,40,41,42,43,44,51,53,54,59,65,66,78
115000413,2026/01/03,3,8,15,19,21,22,34,36,38,40,42,43,46,47,59,62,67,76,77,80
115000414,2026/01/03,1,5,7,8,16,18,20,27,29,34,36,40,45,46,51,56,57,69,79,80
115000415,2026/01/03,7,19,20,22,24,25,26,30,31,34,35,46,47,49,51,56,58,61,62,68
115000416,2026/01/03,2,4,11,14,21,26,28,30,36,41,44,47,48,51,53,54,58,63,65,70
115000417,2026/01/03,1,3,4,7,15,20,21,24,25,28,29,33,35,36,43,61,62,70,72,77
115000418,2026/01/03,2,3,7,12,14,16,18,19,21,22,25,27,43,48,53,56,60,67,71,78
115000419,2026/01/03,6,8,12,14,15,18,21,27,31,32,34,49,55,58,59,63,64,65,67,72
115000420,2026/01/03,7,8,10,12,14,15,17,28,31,37,38,41,47,55,61,70,71,75,76,79
115000421,2026/01/03,6,8,9,16,17,20,24,29,35,39,45,52,56,58,59,66,69,76,78,80
115000422,2026/01/03,1,3,9,14,20,21,30,35,37,40,41,42,46,49,51,53,61,62,72,79
115000423,2026/01/03,3,6,7,12,15,30,32,33,34,37,38,41,49,57,62,65,68,69,75,78
115000424,2026/01/03,2,6,7,11,14,15,18,19,20,34,38,46,47,48,50,63,70,71,73,74
115000425,2026/01/03,2,7,8,13,16,22,41,45,49,51,53,58,59,60,61,62,68,73,75,80
115000426,2026/01/03,1,11,21,22,23,25,28,30,31,39,40,43,47,50,57,69,70,71,78,79
115000427,2026/01/03,2,7,11,15,20,22,23,30,43,44,45,51,53,55,61,64,72,74,76,79
115000428,2026/01/03,2,9,11,13,16,17,24,30,32,33,36,38,43,47,52,62,69,71,78,79
115000429,2026/01/03,11,15,18,19,24,26,27,28,38,42,43,44,45,46,53,60,62,66,67,77
115000430,2026/01/03,3,4,5,10,15,17,21,22,24,25,27,29,32,35,41,45,50,56,66,68
115000431,2026/01/03,3,10,12,16,20,21,29,35,46,50,53,55,57,58,63,66,68,71,74,80
115000432,2026/01/03,1,5,8,9,11,15,17,21,27,28,30,32,33,38,55,56,66,69,75,80
115000433,2026/01/03,3,4,5,11,12,21,23,31,35,39,48,49,50,55,65,68,69,72,74,77
115000434,2026/01/03,3,4,5,10,12,22,30,34,42,45,47,48,51,59,69,70,71,72,77,78
115000435,2026/01/03,5,6,10,12,14,16,25,29,34,39,45,46,52,53,57,60,64,67,77,79
115000436,2026/01/03,2,10,14,16,17,19,25,26,31,33,36,37,41,47,50,55,59,67,68,73
115000437,2026/01/03,1,2,3,12,15,18,27,53,59,60,61,62,64,66,67,69,70,75,76,77
115000438,2026/01/03,4,5,14,21,25,26,29,32,40,43,48,49,53,62,64,66,69,73,74,77
115000439,2026/01/03,2,3,19,24,27,28,36,42,46,49,50,53,59,62,63,65,66,71,75,79
115000440,2026/01/03,3,9,19,20,22,28,33,34,36,37,41,44,49,51,60,64,69,76,78,80
115000441,2026/01/03,3,4,6,7,8,9,11,18,32,39,40,53,54,59,62,67,69,71,76,78
115000442,2026/01/03,1,7,9,10,15,21,23,26,31,41,44,47,48,64,66,68,69,74,75,77
115000443,2026/01/03,4,8,10,11,22,28,30,33,34,36,38,39,45,54,58,62,63,72,73,80
115000444,2026/01/03,6,10,11,14,16,22,26,33,36,37,47,51,53,56,59,61,69,70,73,75
115000445,2026/01/03,2,3,4,7,10,15,16,18,19,27,37,39,45,48,49,53,65,77,78,80
115000446,2026/01/03,1,3,15,20,22,24,25,32,36,38,40,42,45,50,52,64,71,75,77,78
115000447,2026/01/03,12,13,14,15,21,22,25,34,35,39,45,47,50,53,61,63,64,66,70,78
115000448,2026/01/03,4,5,8,13,18,19,24,31,33,34,40,42,45,49,52,56,63,64,73,77
115000449,2026/01/03,6,7,9,18,19,21,26,32,39,46,47,53,54,57,63,66,68,69,74,75
115000450,2026/01/03,1,3,8,11,13,14,21,30,31,33,39,41,45,50,53,60,69,71,75,77
115000451,2026/01/03,1,2,5,12,17,18,22,25,36,46,47,48,52,53,55,57,59,65,75,80
115000452,2026/01/03,2,6,10,22,31,37,41,49,52,53,55,65,67,69,70,72,73,74,75,80
115000453,2026/01/03,1,15,16,19,24,25,26,34,36,37,40,45,58,59,66,67,68,71,76,77
115000454,2026/01/03,4,13,14,16,18,20,25,27,34,36,38,42,62,64,65,66,69,73,75,77
115000455,2026/01/03,5,6,15,16,20,23,24,25,26,27,29,38,39,55,59,64,65,68,71,80
115000456,2026/01/03,3,5,10,13,21,23,24,26,27,28,29,31,39,40,48,54,57,62,67,80
115000457,2026/01/03,3,13,16,24,29,32,37,39,40,49,50,51,53,54,67,68,72,76,78,79
115000458,2026/01/03,1,6,10,11,17,20,21,23,26,28,33,42,43,45,47,52,56,61,71,78
115000459,2026/01/03,3,4,7,8,11,12,15,17,20,21,37,38,42,44,51,55,57,73,79,80
115000460,2026/01/03,3,5,8,18,19,28,32,33,45,47,48,50,54,60,65,68,70,75,77,79
115000461,2026/01/03,6,9,10,16,21,23,24,28,30,34,36,39,48,53,58,63,64,75,78,80
115000462,2026/01/03,11,20,22,24,26,30,33,38,42,48,51,52,56,59,61,65,72,73,78,80
115000463,2026/01/03,3,7,10,11,12,13,16,20,21,29,31,33,39,42,45,46,49,55,59,63
115000464,2026/01/03,2,3,4,9,17,19,20,23,30,31,36,40,45,51,55,56,61,65,67,76
115000465,2026/01/03,3,12,13,15,18,26,28,34,36,39,42,45,46,51,53,57,58,62,75,77
115000466,2026/01/03,1,4,7,10,12,16,25,26,36,38,42,52,53,56,57,59,61,69,76,77
115000467,2026/01/03,1,3,7,11,17,18,19,25,35,40,42,45,50,51,52,54,59,64,66,74
115000468,2026/01/03,3,6,7,12,21,24,25,30,33,40,47,48,52,61,62,68,71,72,73,75
115000469,2026/01/03,6,11,12,13,18,19,22,30,38,39,43,44,45,49,50,51,58,75,76,77
115000470,2026/01/03,4,6,7,9,11,15,19,23,24,27,32,48,50,57,58,66,70,71,74,77
115000471,2026/01/03,2,8,11,14,17,18,26,32,36,37,39,40,42,45,55,57,67,70,74,78
115000472,2026/01/03,2,8,12,16,17,21,26,27,29,37,42,49,50,54,55,60,62,68,73,80
115000473,2026/01/03,1,4,5,8,14,17,19,21,24,26,27,35,36,43,45,48,51,53,70,79
115000474,2026/01/03,7,10,13,15,21,22,23,26,29,31,32,33,38,42,48,59,63,64,70,71
115000475,2026/01/03,2,5,8,16,19,26,28,34,37,41,48,52,54,58,65,66,73,74,75,79
115000476,2026/01/03,5,11,13,19,23,25,29,32,33,39,44,49,51,52,53,55,61,62,69,71
115000477,2026/01/03,5,9,12,16,17,18,22,33,46,54,59,61,62,63,67,71,72,74,77,80
115000478,2026/01/03,9,10,12,14,15,24,25,29,34,37,45,46,47,54,57,58,68,71,76,77
115000479,2026/01/03,7,10,23,24,26,27,28,30,33,36,41,46,56,57,63,64,66,68,75,78
115000480,2026/01/03,5,6,12,14,20,25,29,33,34,35,37,41,46,48,55,59,63,64,75,79
115000481,2026/01/03,4,5,16,20,36,39,42,44,45,48,52,54,55,57,60,61,66,74,78,80
115000482,2026/01/03,5,6,11,17,19,20,27,31,32,33,36,37,51,54,62,65,73,74,77,79
115000483,2026/01/03,2,6,9,10,11,12,16,21,26,40,42,48,54,57,59,62,64,70,73,78
115000484,2026/01/03,1,5,11,12,14,17,20,21,24,28,30,34,41,47,53,61,66,70,78,80
115000485,2026/01/03,4,6,8,10,12,15,21,26,31,33,37,48,51,56,57,62,64,65,66,72
115000486,2026/01/03,7,13,14,15,16,18,21,23,24,26,31,34,37,41,45,63,67,73,78,80
115000487,2026/01/03,2,3,8,17,20,21,23,27,29,35,41,43,47,50,53,54,56,68,74,76
115000488,2026/01/03,1,6,10,12,14,20,23,32,33,35,36,39,40,43,44,57,60,64,75,77
115000489,2026/01/03,1,10,18,19,23,25,32,39,43,48,49,52,54,55,57,59,62,66,77,80
115000490,2026/01/03,3,5,7,13,14,15,18,22,23,29,34,38,42,49,57,58,60,63,68,80
115000491,2026/01/03,4,5,7,8,10,14,18,19,25,27,30,33,45,46,52,55,66,70,74,80
115000492,2026/01/03,1,3,6,15,22,28,30,31,36,37,39,40,41,54,56,58,61,64,65,79
115000493,2026/01/03,4,5,6,7,11,13,27,33,34,35,36,37,41,42,46,47,58,65,71,75
115000494,2026/01/03,12,19,20,27,29,33,38,45,47,53,57,60,64,65,66,68,74,75,78,79
115000495,2026/01/03,1,5,7,16,17,20,21,24,29,35,39,48,52,58,59,60,61,63,65,73
115000496,2026/01/03,1,2,7,9,19,24,26,29,33,36,43,46,59,61,67,69,71,72,74,79
115000497,2026/01/03,1,3,5,7,11,13,23,26,27,32,33,46,49,50,56,59,65,67,76,80
115000498,2026/01/03,3,4,11,17,21,28,35,37,43,44,47,48,51,53,54,57,64,67,68,78
115000499,2026/01/03,6,8,11,13,14,17,21,24,25,35,44,47,48,50,58,60,62,65,71,77
115000500,2026/01/03,2,16,20,21,23,24,32,44,45,50,55,58,59,66,68,70,71,72,76,80
115000501,2026/01/03,1,2,17,24,26,36,40,47,52,55,58,60,63,64,65,67,69,77,79,80
115000502,2026/01/03,3,6,8,17,19,21,30,31,35,40,49,51,52,53,56,57,58,62,77,78
115000503,2026/01/03,3,4,10,11,16,19,20,25,33,34,40,44,50,54,57,59,62,63,73,76
115000504,2026/01/03,1,2,5,6,9,13,20,22,27,32,37,40,45,51,52,54,57,63,64,71
115000505,2026/01/03,1,3,4,9,24,25,27,34,36,42,50,52,54,55,64,68,70,74,78,80
115000506,2026/01/03,1,3,12,19,23,24,33,36,37,42,53,55,61,62,63,64,71,72,73,80
115000507,2026/01/03,1,3,4,6,10,15,23,28,35,37,39,40,41,42,49,50,58,74,75,80
115000508,2026/01/03,3,6,8,10,12,21,22,28,35,42,45,49,53,58,60,62,65,67,77,79
115000509,2026/01/03,6,7,10,12,26,32,33,42,49,52,54,60,62,65,66,68,73,75,76,77
115000510,2026/01/03,1,2,6,15,17,23,24,33,35,37,52,56,58,63,65,69,70,73,77,78
115000511,2026/01/03,2,3,10,27,28,30,31,36,40,42,45,48,53,60,61,63,64,66,72,78
115000512,2026/01/03,13,16,17,25,31,32,33,36,44,51,52,57,58,62,63,65,68,70,77,78
115000513,2026/01/03,2,10,11,14,16,26,27,30,31,36,43,47,54,57,64,65,66,68,71,78
115000514,2026/01/03,1,5,6,7,8,11,24,28,30,32,41,44,46,55,57,58,63,72,77,80
115000515,2026/01/03,3,5,7,14,17,19,22,27,33,38,42,49,50,51,59,61,65,66,69,71
115000516,2026/01/03,8,27,31,35,36,39,43,47,51,55,57,59,64,66,69,70,72,74,75,80
115000517,2026/01/03,2,3,5,7,10,11,21,24,25,26,32,34,36,38,46,53,57,76,77,80
115000518,2026/01/03,1,11,12,16,19,23,28,30,39,40,41,44,56,61,64,66,67,72,75,76
115000519,2026/01/03,3,8,9,17,20,21,24,30,43,44,45,47,49,51,54,57,58,68,70,79
115000520,2026/01/03,6,8,11,12,13,17,25,26,41,44,47,50,53,55,58,61,66,67,69,75
115000521,2026/01/03,1,2,5,10,15,16,24,27,30,39,40,45,48,51,52,55,57,76,79,80
115000522,2026/01/03,5,8,15,18,23,26,29,31,32,37,43,51,55,56,66,67,69,70,73,75
115000523,2026/01/03,1,2,13,16,18,19,24,26,29,36,38,39,46,49,52,68,70,72,74,75
115000524,2026/01/03,2,3,5,6,9,15,22,25,28,29,30,45,46,55,57,58,63,67,69,77
115000525,2026/01/03,1,6,11,12,15,20,21,26,27,30,33,57,59,61,62,64,68,70,74,78
115000526,2026/01/03,1,3,7,10,18,20,23,25,34,41,49,50,58,59,66,67,70,73,76,80
115000527,2026/01/03,3,4,15,16,18,28,33,37,39,44,52,55,57,58,59,67,71,74,76,80
115000528,2026/01/03,16,19,20,21,24,25,35,39,41,42,52,53,56,69,71,72,73,74,77,80
115000529,2026/01/03,9,16,22,26,30,34,36,37,47,48,49,52,53,55,57,68,69,71,72,80
115000530,2026/01/03,5,6,12,23,29,34,36,37,43,45,47,50,53,55,57,59,62,69,76,77
115000531,2026/01/03,2,5,7,10,29,31,32,37,38,40,43,46,48,51,56,64,65,72,76,78
115000532,2026/01/03,6,7,18,19,20,21,23,24,27,28,36,44,50,53,57,64,67,74,78,79
115000533,2026/01/03,2,10,13,26,33,34,35,36,40,46,54,58,60,61,64,65,68,72,74,78
115000534,2026/01/03,4,8,12,24,25,29,30,31,34,39,43,44,54,57,58,59,61,64,68,78
115000535,2026/01/03,6,8,11,15,16,17,19,24,30,33,37,39,51,52,60,62,69,72,75,76
115000536,2026/01/03,10,11,17,27,29,34,36,43,49,53,57,60,64,65,66,69,72,75,77,79
115000537,2026/01/03,2,3,6,8,18,19,29,31,35,38,43,46,47,48,55,65,66,74,76,78
115000538,2026/01/03,6,11,12,13,17,20,24,30,33,34,51,54,59,62,64,65,67,72,74,78
115000539,2026/01/03,5,7,11,21,24,27,43,47,49,51,53,54,55,59,62,67,68,71,73,76
115000540,2026/01/03,4,5,7,8,10,13,17,18,20,26,28,30,32,36,37,46,49,53,61,70
115000541,2026/01/03,1,10,13,21,22,24,27,33,38,41,43,49,50,51,61,62,68,76,78,79
115000542,2026/01/03,1,7,14,15,18,20,23,30,32,33,34,39,40,43,49,53,59,68,69,77
115000543,2026/01/03,4,16,18,21,30,34,45,46,51,52,53,55,58,59,61,66,68,69,71,78
115000544,2026/01/03,4,6,15,16,19,20,24,25,26,28,36,40,42,46,51,59,60,61,65,75
115000545,2026/01/03,11,12,15,23,25,29,30,39,40,42,45,46,50,55,62,65,68,70,75,79
115000546,2026/01/03,5,11,13,15,16,22,23,35,42,48,51,52,62,64,66,67,68,71,72,79
115000547,2026/01/03,2,4,5,14,16,17,20,24,29,30,32,35,37,39,51,60,72,74,76,79
115000548,2026/01/03,1,3,6,9,13,14,15,16,20,27,28,30,35,47,53,57,62,64,68,69
115000549,2026/01/03,5,9,12,16,18,31,32,34,37,38,48,50,54,55,67,69,70,71,77,79
115000550,2026/01/03,1,4,11,13,17,23,31,35,36,41,45,46,47,52,55,57,64,69,72,75
115000551,2026/01/03,5,9,10,13,15,17,20,27,29,41,48,52,63,66,72,73,74,75,76,79
115000552,2026/01/03,1,2,4,6,13,19,20,25,29,32,33,34,37,39,45,47,48,53,64,69
115000553,2026/01/03,9,15,16,19,22,26,35,39,45,48,50,52,53,56,59,65,70,71,73,74
115000554,2026/01/03,4,6,7,11,12,14,18,20,29,32,35,38,44,48,60,65,67,69,71,74
115000555,2026/01/03,11,14,15,19,23,24,25,27,30,33,43,44,48,51,52,57,72,75,76,79
115000556,2026/01/03,12,15,17,19,21,31,32,33,40,43,44,45,49,51,53,58,63,68,79,80
115000557,2026/01/03,2,5,14,16,25,29,31,33,36,37,44,45,47,51,52,58,70,71,76,78
115000558,2026/01/03,3,9,14,15,18,25,28,31,42,46,50,55,56,58,60,63,65,71,73,74
115000559,2026/01/03,17,19,21,22,23,24,26,27,33,43,44,45,47,52,64,68,69,70,71,77
115000560,2026/01/03,1,4,6,8,10,12,18,26,40,41,43,45,49,53,56,62,65,67,69,79
115000561,2026/01/03,1,6,8,15,16,22,24,26,34,50,51,53,54,62,65,66,69,75,78,79
115000562,2026/01/03,4,6,7,8,9,10,27,30,33,38,41,44,45,46,52,57,61,71,72,79
115000563,2026/01/03,2,4,5,7,8,11,13,14,19,21,23,25,32,39,48,51,58,70,74,80
115000564,2026/01/03,4,9,10,18,23,24,28,31,32,34,35,37,38,42,50,65,71,73,78,80
115000565,2026/01/03,8,12,21,23,37,40,43,45,48,53,57,58,59,63,67,69,72,74,75,80
115000566,2026/01/03,6,7,8,9,10,14,20,23,24,26,28,34,49,54,55,57,62,67,72,79
115000567,2026/01/03,1,5,18,20,24,27,28,30,33,37,39,41,48,49,55,61,62,65,78,79
115000568,2026/01/03,2,3,4,5,6,8,13,14,17,23,24,25,29,35,41,47,55,65,67,74
115000569,2026/01/03,1,5,7,10,16,30,31,32,33,43,48,50,51,53,55,63,64,71,77,80
115000570,2026/01/03,6,8,11,14,16,23,25,29,33,34,38,39,40,48,49,52,55,58,72,78
115000571,2026/01/03,14,19,30,32,33,34,35,36,37,39,40,42,43,44,55,59,60,62,67,78
115000572,2026/01/03,10,15,18,24,26,27,29,33,44,45,49,50,52,53,58,62,67,70,71,72
115000573,2026/01/03,3,9,13,15,20,22,25,37,40,41,43,47,50,51,53,61,67,72,74,75
115000574,2026/01/03,7,12,13,19,25,29,31,32,36,37,38,41,44,46,47,48,50,63,68,76
115000575,2026/01/03,14,16,18,23,25,28,31,35,37,38,42,45,51,60,61,63,64,65,73,78
115000576,2026/01/03,3,8,14,15,19,22,33,34,38,40,41,42,54,56,62,68,69,72,78,80
115000577,2026/01/03,4,12,13,17,23,31,33,35,38,44,46,50,52,55,59,61,62,74,75,80
115000578,2026/01/03,4,9,10,12,33,42,44,45,50,51,52,54,58,61,66,69,70,74,77,78
115000579,2026/01/03,4,13,14,15,22,24,27,29,30,31,34,37,39,45,48,51,60,65,70,76
115000580,2026/01/03,1,2,4,5,6,8,11,19,25,29,30,37,59,60,61,66,68,71,75,76
115000581,2026/01/03,4,16,22,24,28,29,30,36,38,39,43,44,49,59,63,67,71,76,78,79
115000582,2026/01/03,8,13,16,26,27,28,29,38,41,42,43,45,49,50,53,58,66,67,68,70
115000583,2026/01/03,1,5,7,10,12,13,14,16,21,25,26,34,40,43,49,53,54,65,72,77
115000584,2026/01/03,1,2,7,16,29,43,44,49,51,52,55,57,60,61,67,69,72,75,78,79
115000585,2026/01/03,5,6,8,21,24,25,28,31,33,41,46,52,55,56,60,62,67,69,71,77
115000586,2026/01/03,2,6,7,17,21,23,25,26,30,36,40,46,50,51,52,54,63,67,75,78
115000587,2026/01/03,1,3,6,8,10,11,25,28,30,41,43,47,48,58,61,63,65,68,75,77
115000588,2026/01/03,7,8,14,19,20,22,25,30,34,39,45,46,48,50,52,53,57,58,63,74
115000589,2026/01/03,2,4,8,15,17,25,28,35,36,37,42,47,54,59,61,65,66,71,74,80
115000590,2026/01/03,2,10,19,24,26,27,28,29,31,35,36,39,42,43,47,49,56,58,61,69
115000591,2026/01/03,1,9,10,18,19,20,23,24,40,49,54,60,61,63,67,69,71,73,74,75
115000592,2026/01/03,1,3,7,11,15,18,22,23,24,27,29,42,46,47,55,58,62,66,68,73
115000593,2026/01/03,2,3,4,15,20,22,23,27,34,41,42,46,51,53,54,68,71,73,77,79
115000594,2026/01/03,1,3,4,12,16,20,23,24,25,26,27,30,38,42,51,57,70,71,76,78
115000595,2026/01/03,2,3,4,7,8,22,27,34,41,42,43,49,51,52,58,59,65,68,78,80
115000596,2026/01/03,2,3,8,9,13,15,21,29,30,32,37,38,48,50,52,57,58,59,63,76
115000597,2026/01/03,2,10,17,18,36,39,40,42,43,47,48,52,58,59,60,62,63,65,75,77
115000598,2026/01/03,6,8,9,10,13,16,17,19,27,29,30,42,44,48,53,54,65,69,72,75
115000599,2026/01/03,1,3,9,18,21,23,28,30,36,38,44,47,49,51,59,62,69,70,72,77
115000600,2026/01/03,11,17,19,24,27,33,36,38,39,42,43,50,52,55,60,61,64,66,72,73
115000601,2026/01/03,7,9,10,12,16,24,38,39,44,45,52,53,58,61,63,67,74,76,77,80
115000602,2026/01/03,6,17,18,21,29,34,35,40,46,51,52,53,56,60,63,68,73,77,78,80
115000603,2026/01/03,4,6,8,13,15,22,24,30,34,39,40,45,47,56,62,65,71,73,78,79
115000604,2026/01/03,2,3,10,17,24,30,38,39,43,46,49,50,52,54,61,71,72,78,79,80
115000605,2026/01/03,6,13,14,19,25,28,29,37,38,39,42,48,50,53,55,57,64,66,72,80
115000606,2026/01/03,1,7,10,11,19,25,28,35,45,47,51,55,57,60,61,63,68,75,79,80
115000607,2026/01/03,3,9,12,18,22,25,26,28,33,37,42,54,57,58,61,64,67,69,73,75
115000608,2026/01/03,5,12,13,15,25,35,36,44,45,50,53,54,59,60,61,63,69,76,77,78
115000609,2026/01/03,1,5,6,13,17,20,25,29,33,34,36,39,51,52,56,60,72,74,77,80
115000610,2026/01/04,5,14,17,19,22,23,28,29,30,42,48,50,58,62,63,64,72,74,77,80
115000611,2026/01/04,2,3,4,6,11,12,18,21,22,24,25,30,33,39,43,45,46,47,60,69
115000612,2026/01/04,3,6,11,15,24,26,29,32,35,44,48,49,55,56,57,58,66,68,74,80
115000613,2026/01/04,2,9,12,14,18,19,23,30,36,48,53,61,62,64,68,69,70,71,74,77
115000614,2026/01/04,14,21,23,35,38,43,44,50,53,60,66,68,69,72,73,75,76,78,79,80
115000615,2026/01/04,1,3,4,8,13,14,24,30,39,49,54,57,59,60,63,67,68,70,77,78
115000616,2026/01/04,1,3,4,7,20,21,25,29,32,39,40,43,47,52,56,62,71,72,74,77
115000617,2026/01/04,3,11,12,15,21,34,36,41,53,54,57,62,63,65,66,68,69,71,75,76
115000618,2026/01/04,1,2,6,12,13,22,23,33,34,39,44,50,52,57,58,67,69,76,78,80
115000619,2026/01/04,2,4,6,7,16,17,20,23,30,34,46,50,51,53,54,65,76,77,79,80
115000620,2026/01/04,2,7,9,10,13,20,28,31,32,33,39,52,53,54,64,65,68,71,79,80
115000621,2026/01/04,3,9,14,15,25,27,28,31,38,42,44,50,51,52,54,57,60,67,70,73
115000622,2026/01/04,3,9,13,17,22,24,27,31,36,38,43,45,46,48,60,62,69,72,73,77
115000623,2026/01/04,8,12,16,18,19,20,21,25,26,33,44,46,48,49,53,55,58,65,66,74
115000624,2026/01/04,7,11,12,15,18,20,24,33,34,35,36,37,39,47,51,52,58,74,76,78
115000625,2026/01/04,1,2,3,4,6,8,9,16,18,20,38,49,51,52,56,58,73,74,77,80
115000626,2026/01/04,2,11,14,19,25,27,28,29,32,38,47,56,59,60,62,63,66,70,72,75
115000627,2026/01/04,7,12,13,18,24,26,28,35,41,42,43,47,55,59,69,70,72,75,76,78
115000628,2026/01/04,4,11,12,13,14,16,22,25,27,29,34,38,39,46,47,65,68,70,75,78
115000629,2026/01/04,6,11,17,20,26,30,32,33,36,38,46,55,58,60,69,72,73,74,77,78
115000630,2026/01/04,1,3,9,22,24,25,27,28,32,41,43,46,49,54,66,67,70,72,74,79
115000631,2026/01/04,1,3,7,9,14,16,26,29,33,38,40,42,49,52,57,59,65,71,75,80
115000632,2026/01/04,2,9,12,17,22,27,31,33,38,43,48,50,52,56,64,67,70,73,75,76
115000633,2026/01/04,10,11,13,16,18,19,23,34,35,39,41,43,50,51,52,59,64,67,75,80
115000634,2026/01/04,3,5,13,29,36,39,41,44,46,51,52,55,57,60,66,69,71,76,77,80
115000635,2026/01/04,7,11,22,23,25,26,35,38,39,44,48,51,52,54,56,59,60,68,71,76
115000636,2026/01/04,5,6,7,13,14,25,26,31,40,42,46,54,57,59,62,64,66,67,69,76
115000637,2026/01/04,5,6,10,11,13,16,23,29,30,34,35,40,42,43,49,59,63,73,76,79
115000638,2026/01/04,1,2,4,6,10,11,20,29,32,33,35,41,42,48,53,55,59,65,69,72
115000639,2026/01/04,3,6,8,14,20,22,28,33,40,42,45,46,50,56,60,64,69,71,74,80
115000640,2026/01/04,3,10,13,15,17,18,19,26,29,32,36,37,45,48,56,57,59,62,70,78
115000641,2026/01/04,1,13,16,17,18,19,21,28,31,42,56,58,61,62,63,66,67,70,72,74
115000642,2026/01/04,7,11,23,26,27,29,30,31,32,33,46,47,48,49,51,52,53,60,63,75
115000643,2026/01/04,4,8,17,20,24,25,26,31,32,39,40,50,52,54,57,59,68,70,75,80
115000644,2026/01/04,7,13,14,16,17,20,25,27,30,33,39,42,45,55,56,58,59,64,72,76
115000645,2026/01/04,6,7,22,26,28,29,31,33,36,37,47,50,52,58,63,65,72,74,76,77
115000646,2026/01/04,6,9,10,11,14,15,22,26,29,30,31,32,34,42,49,60,69,74,77,78
115000647,2026/01/04,1,2,9,12,14,15,16,19,23,30,35,38,40,42,44,51,53,63,71,74
115000648,2026/01/04,6,11,13,15,25,27,35,36,38,40,42,48,56,58,61,64,68,71,74,78
115000649,2026/01/04,7,13,25,28,31,33,34,38,40,42,43,47,49,51,53,55,57,61,62,65
115000650,2026/01/04,2,12,15,16,18,30,32,43,45,50,51,52,53,55,58,61,62,69,70,78
115000651,2026/01/04,2,4,6,9,13,14,15,16,21,24,37,50,51,53,58,63,68,69,73,79
115000652,2026/01/04,6,14,15,16,23,25,28,32,33,36,37,45,46,50,67,73,74,75,76,78
115000653,2026/01/04,5,12,17,18,20,22,28,33,34,43,44,45,46,52,57,59,65,68,73,79
115000654,2026/01/04,5,10,11,16,17,24,26,31,32,44,49,56,63,67,68,69,73,74,76,77
115000655,2026/01/04,1,13,14,16,21,23,37,38,45,49,53,54,56,68,69,70,71,75,78,80
115000656,2026/01/04,2,5,8,12,22,25,26,33,38,39,43,49,54,56,62,63,65,68,69,72
115000657,2026/01/04,1,3,5,7,15,18,21,26,27,31,32,35,36,42,46,52,62,65,66,75
115000658,2026/01/04,2,4,5,9,10,14,19,36,38,41,49,50,59,60,62,63,65,72,77,79
115000659,2026/01/04,4,7,8,12,16,17,18,20,25,27,28,31,33,40,42,60,73,74,77,80
115000660,2026/01/04,2,3,5,8,14,16,17,19,20,21,24,32,34,35,51,57,59,63,71,73
115000661,2026/01/04,5,6,10,13,14,24,29,34,36,40,45,52,55,56,57,59,69,73,75,80
115000662,2026/01/04,7,12,15,18,19,27,30,31,38,41,51,53,55,58,60,62,66,67,78,79
115000663,2026/01/04,1,6,8,9,10,12,17,23,27,34,38,41,45,49,53,54,68,71,76,77
115000664,2026/01/04,1,8,14,21,27,31,35,41,48,53,55,58,63,64,65,70,73,76,77,78
115000665,2026/01/04,2,6,8,9,12,13,14,15,19,23,28,29,30,33,46,50,51,61,74,76
115000666,2026/01/04,2,4,5,25,27,31,33,34,36,39,42,44,47,49,52,54,58,60,69,78
115000667,2026/01/04,2,7,13,24,26,27,35,37,45,48,53,54,55,60,62,72,74,75,76,79
115000668,2026/01/04,1,2,5,9,17,22,30,34,40,41,44,45,50,53,57,58,63,70,75,76
115000669,2026/01/04,3,6,11,18,19,20,31,33,34,37,38,40,43,44,45,49,57,64,70,72
115000670,2026/01/04,7,9,23,32,33,35,43,44,45,49,50,51,52,60,65,68,70,72,75,80
115000671,2026/01/04,7,8,10,14,23,29,31,33,34,40,44,46,54,58,66,72,74,78,79,80
115000672,2026/01/04,4,8,10,18,20,21,23,25,33,35,46,50,56,59,60,66,69,72,76,77
115000673,2026/01/04,5,11,12,18,20,25,27,29,32,33,36,37,38,43,47,51,52,57,64,70
115000674,2026/01/04,1,3,9,11,14,19,24,29,30,42,49,50,54,56,58,60,68,73,75,76
115000675,2026/01/04,1,5,8,13,23,26,27,28,29,33,34,48,52,54,57,70,71,72,75,79
115000676,2026/01/04,3,7,11,23,25,34,35,36,42,45,46,50,52,54,56,58,60,63,65,74
115000677,2026/01/04,5,7,8,10,11,17,26,29,33,35,39,43,44,49,54,62,69,71,74,76
115000678,2026/01/04,1,5,6,12,20,27,30,33,34,35,40,45,48,57,63,65,69,70,78,79
115000679,2026/01/04,5,6,8,9,17,19,21,22,25,33,37,42,47,49,54,64,65,66,75,79
115000680,2026/01/04,4,12,13,23,24,31,32,36,39,46,50,52,53,54,57,60,62,63,69,80
115000681,2026/01/04,2,4,10,17,24,27,31,33,34,35,36,37,40,43,46,57,60,64,74,75
115000682,2026/01/04,5,8,10,14,17,19,20,23,27,34,41,54,58,61,68,72,73,77,78,80
115000683,2026/01/04,1,8,13,17,25,27,33,34,38,41,43,45,51,54,61,65,70,72,75,78
115000684,2026/01/04,1,2,4,6,15,17,18,25,31,36,37,42,43,50,56,58,62,68,70,72
115000685,2026/01/04,1,3,4,7,8,9,13,17,18,21,33,38,62,63,67,70,71,74,78,79
115000686,2026/01/04,1,5,7,15,17,19,20,28,30,32,41,47,59,61,62,63,70,74,77,80
115000687,2026/01/04,2,3,8,10,11,16,17,18,22,23,25,26,39,40,44,47,64,68,77,80
115000688,2026/01/04,4,6,10,11,17,18,19,29,30,34,35,44,46,47,50,56,67,71,73,78
115000689,2026/01/04,3,8,14,15,17,18,20,22,34,36,37,47,54,56,57,64,67,74,76,79
115000690,2026/01/04,5,23,24,29,30,33,34,36,42,43,44,45,47,53,58,61,69,72,73,75
115000691,2026/01/04,12,17,21,22,24,29,30,37,40,41,43,44,50,53,61,62,68,69,72,77
115000692,2026/01/04,1,5,8,11,13,16,19,27,28,32,36,40,44,47,51,66,67,71,75,80
115000693,2026/01/04,3,4,5,6,11,21,22,24,29,35,47,54,59,60,66,67,68,72,73,76
115000694,2026/01/04,1,7,9,14,26,30,32,33,41,47,49,52,55,69,70,72,75,76,78,80
115000695,2026/01/04,2,5,6,7,10,16,19,25,27,30,31,34,47,48,52,60,63,66,67,70
115000696,2026/01/04,3,5,6,11,14,19,22,24,27,39,52,54,55,62,65,67,69,70,77,80
115000697,2026/01/04,1,2,4,5,9,16,23,24,32,33,39,40,41,46,47,61,71,74,77,79
115000698,2026/01/04,5,6,9,11,14,16,18,31,34,36,37,42,43,44,47,52,56,61,74,75
115000699,2026/01/04,6,10,18,19,24,25,28,29,30,35,37,40,47,56,64,68,70,71,73,77
115000700,2026/01/04,2,3,5,13,15,17,25,31,39,41,42,44,49,55,57,60,63,64,76,80
115000701,2026/01/04,4,5,15,19,21,26,27,28,36,37,39,40,41,45,48,56,60,65,69,77
115000702,2026/01/04,3,6,14,17,19,32,35,36,40,41,44,45,47,58,62,71,73,74,78,80
115000703,2026/01/04,5,6,7,9,10,11,23,27,31,32,36,38,44,49,57,66,69,71,74,80
115000704,2026/01/04,2,6,14,15,20,21,29,30,31,35,41,45,48,51,56,68,69,72,73,75
115000705,2026/01/04,4,11,14,15,19,24,26,29,34,42,43,53,59,65,68,69,73,75,77,79
115000706,2026/01/04,3,6,9,15,19,20,21,23,28,35,36,37,38,39,44,49,53,60,67,69
115000707,2026/01/04,1,11,12,14,18,19,22,31,32,34,38,39,42,44,47,52,55,61,67,77
115000708,2026/01/04,1,2,15,20,23,29,30,33,42,43,51,54,55,57,59,66,69,71,73,76
115000709,2026/01/04,1,2,8,10,18,27,29,34,45,47,48,51,52,57,60,62,63,65,66,80
115000710,2026/01/04,4,9,10,18,20,28,29,33,35,40,41,45,46,47,52,54,56,61,71,75
115000711,2026/01/04,1,6,11,15,16,23,25,30,31,47,48,54,63,64,66,67,68,75,77,78
115000712,2026/01/04,6,12,21,23,31,34,35,39,40,48,52,54,58,62,64,65,67,77,79,80
115000713,2026/01/04,1,5,13,14,16,19,24,34,36,43,51,54,58,59,61,62,64,65,69,74
115000714,2026/01/04,5,10,11,12,15,18,20,22,26,28,31,36,40,41,42,53,56,59,62,64
115000715,2026/01/04,2,4,6,18,19,20,27,28,29,30,36,43,49,50,54,63,64,68,78,80
115000716,2026/01/04,1,7,9,15,18,19,20,24,27,35,37,39,53,54,58,61,66,68,70,79
115000717,2026/01/04,7,18,20,24,27,33,37,40,41,43,44,47,48,51,56,59,68,72,73,77
115000718,2026/01/04,1,2,6,19,28,29,34,36,37,44,48,52,55,57,58,72,73,78,79,80
115000719,2026/01/04,8,9,14,17,20,23,24,27,31,35,38,46,47,49,54,59,63,64,66,72
115000720,2026/01/04,4,8,9,11,14,29,30,35,38,45,46,51,55,57,62,68,69,75,76,77
115000721,2026/01/04,1,3,16,20,21,22,25,27,29,43,46,48,51,52,62,65,69,72,73,79
115000722,2026/01/04,3,13,14,15,19,21,29,37,41,42,44,47,48,50,55,60,66,72,75,79
115000723,2026/01/04,10,12,13,14,17,20,27,36,37,49,56,62,63,66,67,69,72,73,79,80
115000724,2026/01/04,4,7,11,14,22,23,25,30,32,41,43,48,53,61,68,71,75,77,78,80
115000725,2026/01/04,1,9,11,12,14,17,18,25,31,36,39,44,46,49,51,56,65,67,69,71
115000726,2026/01/04,8,9,11,13,20,21,24,26,36,39,43,45,58,61,62,64,65,67,71,76
115000727,2026/01/04,1,3,8,13,25,28,30,32,37,41,42,45,49,53,58,64,70,72,75,80
115000728,2026/01/04,3,10,17,23,25,31,35,36,46,48,49,51,52,53,54,58,70,72,78,80
115000729,2026/01/04,4,9,13,16,18,20,28,30,31,32,34,41,44,45,50,52,53,63,72,73
115000730,2026/01/04,1,2,3,5,6,8,23,31,38,39,42,43,47,48,57,60,69,76,78,80
115000731,2026/01/04,3,8,10,13,14,16,17,20,33,34,35,41,47,54,55,60,62,63,70,76
115000732,2026/01/04,2,3,5,7,15,17,18,22,25,35,37,39,41,54,57,61,65,71,72,76
115000733,2026/01/04,1,2,6,9,15,18,20,21,28,29,31,37,40,43,50,68,69,72,78,79
115000734,2026/01/04,8,10,12,14,26,41,50,51,53,57,59,61,62,68,69,70,73,74,79,80
115000735,2026/01/04,2,5,6,15,16,32,36,37,39,45,51,53,54,55,57,62,64,69,74,75
115000736,2026/01/04,2,3,8,9,14,19,22,26,28,32,35,41,42,45,52,60,64,67,69,71
115000737,2026/01/04,5,12,14,17,19,23,25,26,31,34,35,42,45,47,63,64,69,73,75,79
115000738,2026/01/04,6,7,9,10,17,19,22,23,25,30,31,33,39,50,68,69,71,72,73,77
115000739,2026/01/04,3,4,5,7,12,16,18,24,27,33,35,42,47,54,56,65,69,70,76,78
115000740,2026/01/04,2,3,11,12,17,18,21,31,32,38,40,44,45,52,54,56,70,71,74,75
115000741,2026/01/04,4,7,8,15,19,27,29,30,43,46,48,49,51,55,57,66,70,71,74,77
115000742,2026/01/04,2,4,7,10,11,13,18,19,33,39,40,44,50,52,57,59,65,70,71,79
115000743,2026/01/04,4,6,15,17,19,24,30,31,33,40,43,46,49,54,56,58,65,67,72,75
115000744,2026/01/04,1,6,10,11,12,28,32,37,43,44,46,48,52,54,58,61,65,71,72,80
115000745,2026/01/04,10,30,31,37,38,40,41,42,51,52,56,58,60,67,68,71,73,74,75,77
115000746,2026/01/04,2,4,6,10,14,20,25,29,37,39,42,44,45,48,49,54,63,64,71,80
115000747,2026/01/04,5,6,12,21,25,26,27,28,30,31,33,49,50,54,58,64,68,75,76,80
115000748,2026/01/04,4,6,7,11,16,29,31,33,43,44,45,49,52,58,61,64,65,68,69,73
115000749,2026/01/04,1,4,8,14,17,18,20,23,37,43,47,49,53,56,65,68,70,72,76,80
115000750,2026/01/04,2,3,4,6,8,25,28,33,39,43,45,50,53,59,61,64,66,69,70,77
115000751,2026/01/04,7,12,14,19,20,25,26,35,36,39,41,49,52,55,56,59,62,64,67,72
115000752,2026/01/04,6,7,17,20,23,25,30,35,41,47,53,58,59,60,65,66,69,77,79,80
115000753,2026/01/04,10,12,17,19,20,21,23,25,27,38,47,52,54,55,56,60,62,67,75,79
115000754,2026/01/04,1,5,8,9,10,13,18,24,29,30,32,36,37,40,42,46,59,61,67,79
115000755,2026/01/04,1,12,13,17,25,29,30,39,42,44,45,54,55,56,59,66,71,73,74,77
115000756,2026/01/04,7,16,21,22,26,33,41,42,44,47,50,53,54,56,58,61,70,73,74,76
115000757,2026/01/04,2,6,7,9,14,16,22,23,25,31,41,44,48,52,53,57,58,60,62,77
115000758,2026/01/04,5,7,13,30,32,36,38,45,47,49,56,58,59,65,66,68,73,74,75,80
115000759,2026/01/04,4,8,11,16,22,23,25,26,28,35,43,45,50,55,59,64,68,69,72,79
115000760,2026/01/04,10,12,15,16,21,23,25,26,27,40,41,46,58,60,63,64,65,66,68,71
115000761,2026/01/04,1,5,7,8,9,12,17,19,24,25,31,32,39,49,54,55,60,65,67,75
115000762,2026/01/04,5,6,7,8,26,28,36,42,54,55,59,60,61,62,63,64,73,75,77,78
115000763,2026/01/04,1,18,20,26,27,39,42,43,44,47,53,56,58,60,63,66,69,71,73,74
115000764,2026/01/04,10,11,13,21,24,26,27,32,33,40,46,54,58,60,61,62,67,72,73,74
115000765,2026/01/04,8,14,16,17,20,22,34,40,42,46,47,53,56,58,59,62,65,69,70,72
115000766,2026/01/04,7,8,9,10,12,14,19,35,37,40,41,44,50,53,58,59,60,63,64,75
115000767,2026/01/04,3,4,5,7,8,12,16,18,27,32,36,37,40,47,50,54,57,68,69,71
115000768,2026/01/04,5,7,16,22,24,32,33,40,47,49,50,51,53,55,57,71,72,75,79,80
115000769,2026/01/04,6,12,17,18,19,20,26,32,45,46,47,48,53,57,59,60,62,70,74,75
115000770,2026/01/04,1,15,18,24,25,26,27,29,30,38,39,41,44,45,47,55,57,59,67,71
115000771,2026/01/04,3,10,20,21,26,27,28,32,35,37,41,44,45,50,57,61,65,69,79,80
115000772,2026/01/04,7,13,15,17,19,20,26,30,33,34,35,36,39,44,52,55,69,70,76,77
115000773,2026/01/04,2,6,7,9,21,28,34,35,37,40,41,42,50,53,54,63,65,70,71,75
115000774,2026/01/04,2,10,18,21,23,29,34,36,42,44,52,54,56,63,72,74,75,76,77,79
115000775,2026/01/04,2,3,5,7,22,36,39,40,46,47,48,53,56,58,60,62,63,64,68,78
115000776,2026/01/04,5,7,9,12,21,23,40,41,44,45,49,50,53,54,55,65,70,76,77,80
115000777,2026/01/04,5,16,19,22,25,27,30,40,41,44,53,54,57,60,62,73,74,75,77,79
115000778,2026/01/04,1,9,18,22,24,26,27,28,34,49,50,57,60,61,67,69,73,75,76,79
115000779,2026/01/04,9,20,21,24,28,31,34,38,43,46,51,56,58,60,61,63,65,71,72,73
115000780,2026/01/04,2,3,5,14,23,35,36,39,41,44,47,49,52,55,66,75,76,78,79,80
115000781,2026/01/04,1,10,16,19,20,22,24,28,33,34,41,48,58,60,61,62,65,66,73,78
115000782,2026/01/04,1,5,9,22,23,24,29,34,36,37,42,43,47,54,63,68,69,73,78,80
115000783,2026/01/04,5,7,10,13,16,18,19,20,21,28,29,38,41,48,49,50,57,62,67,73
115000784,2026/01/04,13,16,24,30,33,34,38,41,46,47,49,54,57,58,60,68,71,75,76,77
115000785,2026/01/04,3,4,6,9,11,25,29,30,38,40,43,49,51,56,57,58,64,75,76,79
115000786,2026/01/04,7,11,12,18,25,29,39,46,47,48,50,52,55,57,62,64,65,66,67,77
115000787,2026/01/04,5,12,13,14,15,22,23,29,35,36,38,46,56,57,58,65,68,69,70,78
115000788,2026/01/04,12,13,20,23,25,26,31,37,38,43,45,46,49,55,57,59,60,61,64,66
115000789,2026/01/04,2,7,8,11,12,13,19,31,33,34,45,47,52,59,62,69,71,72,79,80
115000790,2026/01/04,3,9,11,15,20,24,32,36,38,40,41,44,45,46,47,58,60,61,65,66
115000791,2026/01/04,4,17,19,20,21,25,30,32,35,40,47,49,53,58,59,60,70,73,74,78
115000792,2026/01/04,3,10,15,19,21,22,23,27,31,33,34,38,41,44,54,62,70,73,77,78
115000793,2026/01/04,2,4,6,7,8,9,15,17,19,27,28,29,32,33,36,38,62,70,72,73
115000794,2026/01/04,1,2,3,11,12,14,16,17,18,23,33,38,50,51,52,53,55,58,60,65
115000795,2026/01/04,9,20,25,26,31,33,37,42,45,49,50,59,64,66,71,72,73,75,77,79
115000796,2026/01/04,2,9,15,30,32,33,35,38,39,42,48,49,52,54,57,62,64,65,71,74
115000797,2026/01/04,1,6,11,18,22,30,32,34,35,36,42,44,48,49,54,55,59,63,76,79
115000798,2026/01/04,8,10,13,14,24,30,32,36,44,45,46,51,54,59,61,65,66,73,78,80
115000799,2026/01/04,1,9,10,12,14,18,21,23,34,36,42,47,51,52,53,54,55,66,76,78
115000800,2026/01/04,1,4,13,16,17,19,28,29,32,36,46,48,49,63,64,65,72,73,74,75
115000801,2026/01/04,3,4,14,15,16,23,25,27,29,30,35,40,50,51,52,57,59,61,68,69
115000802,2026/01/04,3,6,11,13,19,23,24,28,30,35,43,46,52,60,61,62,65,70,73,74
115000803,2026/01/04,1,3,9,19,22,23,25,29,30,35,38,45,47,54,56,61,63,66,75,80
115000804,2026/01/04,21,22,23,24,25,26,29,33,41,42,44,47,50,56,64,65,67,72,73,74
115000805,2026/01/04,2,7,8,13,17,19,24,29,30,32,34,35,36,45,47,49,57,68,69,79
115000806,2026/01/04,8,12,14,22,25,28,31,40,41,42,44,46,49,59,60,67,71,72,73,75
115000807,2026/01/04,3,5,10,17,19,23,36,40,46,50,51,56,57,61,63,67,70,71,72,74
115000808,2026/01/04,2,6,9,10,11,13,18,19,20,23,24,35,38,39,52,54,67,68,70,72
115000809,2026/01/04,1,14,16,18,21,24,31,33,44,52,54,56,57,59,60,63,65,68,75,76
115000810,2026/01/04,4,5,14,18,20,25,27,32,33,35,46,48,49,60,64,67,68,71,72,73
115000811,2026/01/04,1,10,16,19,20,22,33,43,47,48,50,53,54,61,62,65,74,75,76,77
115000812,2026/01/04,3,4,11,13,14,23,25,29,41,43,44,50,52,54,67,70,72,73,77,78
115000813,2026/01/05,3,6,8,21,25,27,30,33,35,37,42,44,45,53,58,59,61,63,65,74
115000814,2026/01/05,1,3,9,10,20,24,25,36,50,53,55,58,59,62,65,67,68,70,73,78
115000815,2026/01/05,2,14,16,18,21,22,25,27,29,33,34,41,42,49,51,62,64,65,78,79
115000816,2026/01/05,5,9,12,14,15,23,25,26,28,32,36,41,47,54,58,59,65,66,73,74
115000817,2026/01/05,6,9,14,23,29,32,40,44,45,46,48,52,56,58,59,63,66,73,74,79
115000818,2026/01/05,2,6,7,8,9,10,11,13,14,20,23,30,35,43,49,56,60,69,75,78
115000819,2026/01/05,1,6,9,10,11,16,23,25,26,27,41,46,48,55,60,65,68,76,77,79
115000820,2026/01/05,1,2,13,14,19,31,36,37,44,45,49,56,62,63,64,66,69,70,71,77
115000821,2026/01/05,3,6,14,15,22,27,28,29,30,33,35,45,51,53,54,55,60,66,73,77
115000822,2026/01/05,3,9,16,20,21,23,30,35,44,47,49,52,53,55,64,69,70,72,76,80
115000823,2026/01/05,1,10,16,17,24,26,32,33,35,36,37,38,45,48,51,57,60,65,66,68
115000824,2026/01/05,9,14,16,19,21,22,29,32,35,38,40,49,51,52,60,61,63,66,69,71
115000825,2026/01/05,3,4,6,8,13,19,31,33,44,48,50,51,56,60,61,62,66,69,78,80
115000826,2026/01/05,8,12,14,21,22,23,24,26,28,31,47,49,53,55,63,66,67,70,71,72
115000827,2026/01/05,1,2,5,7,9,11,14,15,18,29,32,40,47,48,53,55,57,72,73,75
115000828,2026/01/05,11,12,14,16,18,20,27,28,29,32,35,47,48,50,54,65,70,71,73,75
115000829,2026/01/05,2,4,10,12,15,17,23,30,34,36,39,50,51,52,54,61,66,67,68,78
115000830,2026/01/05,2,4,5,9,10,16,23,25,27,30,46,47,52,55,60,61,62,63,64,73
115000831,2026/01/05,4,7,8,10,14,17,18,21,26,32,50,51,55,57,63,68,69,76,77,80
115000832,2026/01/05,1,16,19,21,30,33,35,39,40,44,48,50,52,56,64,67,68,71,75,79
115000833,2026/01/05,2,3,5,10,16,25,26,29,40,41,49,50,51,57,59,63,68,69,71,75
115000834,2026/01/05,3,4,5,23,31,35,37,38,41,45,56,57,61,62,63,70,71,73,78,80
115000835,2026/01/05,7,8,14,20,22,28,34,40,42,43,44,47,50,54,58,69,75,77,79,80
115000836,2026/01/05,2,12,13,19,20,21,22,29,35,36,45,46,48,49,52,55,66,68,72,77
115000837,2026/01/05,2,11,16,21,24,30,32,49,50,51,52,61,62,68,69,70,72,73,75,76
115000838,2026/01/05,1,10,13,17,18,19,21,34,37,49,50,53,54,61,64,66,67,72,74,80
115000839,2026/01/05,1,3,6,7,10,11,16,17,22,24,27,35,39,41,43,48,53,66,68,70
115000840,2026/01/05,4,14,20,21,25,26,40,46,50,51,54,57,61,63,65,69,72,73,75,80
115000841,2026/01/05,1,9,17,20,25,27,28,31,37,44,48,52,54,56,67,68,71,76,77,78
115000842,2026/01/05,1,4,5,6,8,10,12,13,17,19,21,24,27,31,35,42,54,59,62,72
115000843,2026/01/05,2,7,12,13,14,16,21,29,30,32,38,42,45,47,49,67,69,72,74,80
115000844,2026/01/05,3,7,16,17,21,26,30,39,41,43,44,51,52,57,63,64,67,74,79,80
115000845,2026/01/05,14,15,19,26,27,29,31,35,37,40,41,43,62,63,66,67,68,73,76,78
115000846,2026/01/05,6,7,8,10,15,22,23,30,31,35,36,41,42,52,55,64,72,73,76,77
115000847,2026/01/05,1,2,12,19,20,21,27,30,33,34,37,41,42,47,56,62,66,68,73,74
115000848,2026/01/05,1,5,13,19,21,23,24,26,28,29,31,33,34,38,44,51,65,71,72,76
115000849,2026/01/05,2,4,18,19,21,40,42,45,52,55,60,61,63,68,71,72,73,76,78,80
115000850,2026/01/05,2,7,10,16,18,34,38,40,43,47,49,53,56,60,66,67,69,73,74,79
115000851,2026/01/05,1,5,10,11,13,16,21,22,31,36,37,42,48,55,57,60,61,73,74,79
115000852,2026/01/05,1,11,14,19,21,23,28,31,34,35,42,44,52,56,59,64,67,70,73,78
115000853,2026/01/05,1,5,7,10,18,19,21,22,25,28,35,39,41,43,50,52,57,66,72,78
115000854,2026/01/05,5,7,12,15,36,38,40,43,47,48,49,53,54,56,62,64,65,74,75,79
115000855,2026/01/05,11,13,15,16,17,21,23,30,36,41,43,48,50,55,68,70,73,75,77,78
115000856,2026/01/05,6,7,18,19,23,36,37,38,39,41,45,46,53,55,57,58,60,65,72,75
115000857,2026/01/05,1,3,9,10,12,28,29,32,34,37,38,39,48,53,63,66,72,75,76,77
115000858,2026/01/05,1,8,17,19,27,32,34,35,39,42,43,46,48,54,55,56,61,63,66,71
115000859,2026/01/05,5,7,8,9,11,18,22,29,31,32,33,35,43,50,57,62,71,72,73,77
115000860,2026/01/05,7,9,13,17,18,33,34,41,42,43,44,54,59,62,67,71,76,77,79,80
115000861,2026/01/05,8,12,15,20,23,28,31,32,41,48,52,55,65,66,70,71,73,74,77,80
115000862,2026/01/05,2,5,6,7,10,14,18,20,25,32,34,35,42,45,47,51,55,71,72,74
115000863,2026/01/05,9,10,17,18,21,24,26,27,28,35,40,42,51,62,63,70,71,72,76,79
115000864,2026/01/05,3,6,8,11,12,13,17,26,28,31,32,36,48,49,54,55,62,70,72,76
115000865,2026/01/05,6,13,14,15,16,18,19,20,23,35,36,39,40,44,53,60,68,71,72,75
115000866,2026/01/05,1,6,13,16,17,19,25,34,36,42,46,52,54,55,56,58,66,69,75,77
115000867,2026/01/05,4,6,9,10,16,18,26,30,33,34,36,38,39,45,47,55,57,64,66,77
115000868,2026/01/05,1,5,13,16,27,36,39,41,46,51,53,54,59,63,66,67,70,73,79,80
115000869,2026/01/05,14,16,21,23,26,36,39,42,43,44,48,53,59,64,67,73,74,77,78,79
115000870,2026/01/05,6,10,12,24,29,34,40,45,46,49,58,59,60,61,62,69,72,73,74,80
115000871,2026/01/05,1,2,4,8,20,23,35,39,42,47,51,58,62,64,70,71,72,76,78,79
115000872,2026/01/05,4,6,8,15,26,29,30,33,40,42,44,59,62,65,69,70,73,74,76,77
115000873,2026/01/05,10,13,18,22,23,29,38,39,40,42,43,44,49,52,54,55,56,68,71,72
115000874,2026/01/05,3,6,11,13,17,19,20,22,23,35,36,37,39,43,46,50,58,65,66,75
115000875,2026/01/05,3,4,7,8,10,13,16,17,19,21,22,41,44,45,52,57,61,64,78,80
115000876,2026/01/05,4,5,6,8,15,18,19,26,31,33,36,37,42,53,55,58,59,65,71,73
115000877,2026/01/05,4,9,13,18,20,23,30,42,43,46,47,53,65,69,72,75,76,77,78,79
115000878,2026/01/05,1,2,6,7,10,15,22,25,27,31,32,40,42,50,51,57,60,70,73,75
115000879,2026/01/05,1,8,16,28,29,30,32,33,35,36,37,42,44,47,53,56,62,76,77,78
115000880,2026/01/05,2,11,13,14,16,27,29,30,31,32,33,52,59,64,66,68,74,75,76,78
115000881,2026/01/05,1,6,8,12,16,27,28,36,41,46,47,51,53,55,57,58,61,62,71,72
115000882,2026/01/05,1,2,4,9,10,14,30,34,38,47,52,56,59,62,66,68,71,74,78,80
115000883,2026/01/05,3,4,7,10,15,29,35,38,43,44,48,51,53,58,61,66,70,75,78,79
115000884,2026/01/05,6,13,15,16,17,26,27,31,32,35,36,39,46,56,59,60,68,70,71,72
115000885,2026/01/05,8,13,25,31,34,39,43,44,45,47,49,58,61,68,69,70,73,75,79,80
115000886,2026/01/05,7,8,9,12,16,18,25,32,33,38,40,45,54,57,61,62,63,65,77,79
115000887,2026/01/05,5,6,7,16,17,21,25,28,33,36,44,52,54,55,59,62,68,78,79,80
115000888,2026/01/05,3,8,13,16,28,29,31,37,38,43,47,53,55,62,63,64,65,66,73,77
115000889,2026/01/05,2,3,9,19,21,25,38,41,43,59,60,64,65,66,67,71,72,74,75,78
115000890,2026/01/05,3,9,13,14,19,24,25,27,34,41,42,49,51,60,66,72,75,76,79,80
115000891,2026/01/05,3,10,11,14,15,16,18,20,24,26,27,28,36,49,55,56,60,71,72,79
115000892,2026/01/05,3,4,5,19,23,27,32,33,36,37,39,40,41,46,48,51,59,64,66,76
115000893,2026/01/05,1,7,8,11,12,15,17,22,25,29,30,35,38,45,50,57,60,61,65,75
115000894,2026/01/05,10,13,21,22,24,27,28,31,40,41,42,43,47,50,54,57,59,67,70,74
115000895,2026/01/05,3,6,12,13,14,17,19,24,31,32,39,44,47,48,49,52,53,61,64,75
115000896,2026/01/05,3,7,10,12,18,21,31,38,40,41,42,56,57,59,64,67,68,72,76,79
115000897,2026/01/05,1,3,8,12,13,14,23,27,35,42,45,49,50,51,55,56,59,70,75,79
115000898,2026/01/05,3,6,7,10,16,20,21,23,28,31,33,35,38,48,49,50,55,66,72,79
115000899,2026/01/05,4,5,9,10,20,21,22,26,40,42,47,49,63,64,65,67,72,75,76,78
115000900,2026/01/05,1,9,14,15,17,18,27,28,38,41,46,47,59,60,68,69,70,71,73,76
115000901,2026/01/05,9,12,17,19,22,24,30,36,39,42,43,45,50,56,59,62,63,66,67,77
115000902,2026/01/05,5,11,14,15,16,18,19,23,26,27,29,39,42,46,55,63,64,65,67,72
115000903,2026/01/05,1,2,3,7,9,11,16,24,33,43,48,51,57,58,59,63,65,72,79,80
115000904,2026/01/05,1,3,6,7,9,10,12,15,23,25,35,43,47,51,58,66,68,69,72,80
115000905,2026/01/05,1,4,5,10,13,18,22,31,38,40,41,42,48,57,60,61,64,68,74,78
115000906,2026/01/05,2,9,11,13,16,19,22,26,27,34,39,42,44,56,57,59,60,64,66,77
115000907,2026/01/05,1,9,10,12,19,21,23,25,29,32,37,38,40,41,46,48,54,64,69,76
115000908,2026/01/05,4,7,8,19,22,25,29,31,32,42,44,47,48,50,51,52,61,75,76,78
115000909,2026/01/05,1,3,10,13,17,22,28,29,31,33,41,42,52,60,62,63,64,70,77,79
115000910,2026/01/05,4,9,16,18,23,24,37,42,45,49,56,58,60,64,67,68,69,75,77,79
115000911,2026/01/05,14,15,17,22,23,34,35,36,39,41,42,47,49,53,54,55,57,72,75,79
115000912,2026/01/05,2,7,9,10,11,20,23,27,34,42,53,54,55,62,64,67,70,74,77,78
115000913,2026/01/05,4,8,10,16,20,22,41,43,48,49,51,55,64,66,69,71,72,73,75,77
115000914,2026/01/05,2,12,17,20,21,22,25,26,32,35,40,43,44,48,59,63,67,75,76,79
115000915,2026/01/05,4,5,7,10,13,14,15,16,26,38,40,47,48,53,55,63,64,69,70,79
115000916,2026/01/05,3,4,5,10,12,17,18,22,24,26,32,34,38,39,48,51,65,66,69,72
115000917,2026/01/05,12,13,16,25,27,32,33,51,53,59,61,62,64,68,70,71,72,78,79,80
115000918,2026/01/05,2,5,11,17,21,23,31,34,36,40,45,52,56,60,62,64,70,71,72,74
115000919,2026/01/05,3,4,9,10,11,13,14,16,19,21,25,29,32,45,47,61,62,69,70,73
115000920,2026/01/05,2,8,10,12,21,24,30,33,40,42,44,49,61,64,66,67,69,70,74,76
115000921,2026/01/05,5,8,9,10,13,15,21,23,24,30,33,35,47,48,50,57,61,63,72,79
115000922,2026/01/05,5,13,20,24,27,28,31,32,38,41,51,52,55,56,61,62,63,65,71,79
115000923,2026/01/05,2,17,18,21,27,29,30,34,36,47,48,53,55,56,59,63,65,68,70,75
115000924,2026/01/05,5,8,9,12,25,31,35,37,41,42,43,46,49,53,54,58,60,66,69,73
115000925,2026/01/05,2,5,7,8,9,17,24,28,31,40,45,54,56,60,63,73,74,75,79,80
115000926,2026/01/05,2,5,12,14,22,23,35,40,46,53,54,55,56,59,62,64,66,74,75,78
115000927,2026/01/05,2,3,5,7,14,26,29,35,39,41,43,50,54,58,64,65,67,69,70,77
115000928,2026/01/05,1,5,11,12,13,14,17,20,22,23,24,32,33,37,48,53,55,59,61,67
115000929,2026/01/05,1,9,11,12,16,17,26,30,31,35,48,53,54,55,56,65,67,69,73,78
115000930,2026/01/05,1,2,4,20,24,25,28,31,33,35,39,43,44,46,52,56,65,66,76,78
115000931,2026/01/05,1,2,7,9,11,14,24,26,32,39,40,41,45,54,55,56,70,75,77,78
115000932,2026/01/05,5,12,13,15,26,33,34,38,46,47,50,57,68,69,72,73,77,78,79,80
115000933,2026/01/05,5,8,11,14,15,18,24,29,30,31,36,37,41,50,54,56,58,61,74,76
115000934,2026/01/05,3,4,6,8,10,15,17,18,23,24,29,37,43,53,57,58,60,63,69,79
115000935,2026/01/05,2,12,13,16,19,22,28,34,44,49,52,53,55,56,57,63,67,70,77,80
115000936,2026/01/05,2,3,4,5,23,24,27,28,29,33,38,42,44,47,48,63,68,77,78,80
115000937,2026/01/05,3,6,11,17,18,22,23,24,27,34,38,43,49,55,60,63,64,67,71,80
115000938,2026/01/05,6,9,16,20,24,29,32,36,42,43,45,48,57,58,61,62,65,72,73,80
115000939,2026/01/05,4,8,10,19,24,25,36,39,40,42,43,45,46,48,56,63,65,71,79,80
115000940,2026/01/05,2,10,15,20,22,23,24,25,31,34,35,36,41,43,56,58,60,62,74,78
115000941,2026/01/05,6,11,12,19,23,26,29,31,33,36,37,42,48,53,58,64,65,66,67,74
115000942,2026/01/05,6,9,14,18,19,21,27,29,34,35,40,41,44,46,52,56,58,73,75,76
115000943,2026/01/05,3,4,8,10,14,18,22,38,39,42,49,56,58,59,63,64,68,72,75,77
115000944,2026/01/05,2,5,11,15,16,17,22,23,31,32,35,42,52,54,61,64,72,73,74,77
115000945,2026/01/05,6,7,8,16,19,20,27,28,33,39,40,44,47,48,50,53,56,59,62,73
115000946,2026/01/05,2,3,8,9,15,19,26,27,31,33,35,44,46,52,58,61,62,66,68,77
115000947,2026/01/05,14,16,18,30,33,35,36,43,46,48,52,53,56,57,61,65,74,76,78,80
115000948,2026/01/05,3,11,13,16,17,18,24,27,30,31,34,43,44,50,52,61,64,68,69,74
115000949,2026/01/05,1,9,12,15,16,23,26,28,31,34,43,49,50,53,55,61,63,66,69,74
115000950,2026/01/05,1,2,4,19,20,21,22,32,36,37,42,53,54,56,68,71,73,75,79,80
115000951,2026/01/05,1,15,25,29,30,36,38,47,51,56,58,62,63,64,65,70,71,77,79,80
115000952,2026/01/05,1,10,11,17,23,25,28,31,35,43,46,56,59,64,68,69,72,76,77,80
115000953,2026/01/05,1,2,9,11,21,29,31,36,38,41,43,50,52,57,59,63,67,72,76,80
115000954,2026/01/05,8,9,11,17,23,25,26,31,34,36,37,56,60,61,66,67,68,72,76,79
115000955,2026/01/05,1,2,6,11,16,19,22,24,27,29,30,33,38,42,51,59,65,70,71,77
115000956,2026/01/05,1,10,11,15,23,28,31,37,39,41,44,45,48,52,59,63,70,73,77,79
115000957,2026/01/05,4,7,8,9,19,24,25,28,30,32,36,37,38,40,45,52,56,58,67,76
115000958,2026/01/05,7,9,14,21,26,30,31,32,34,36,39,41,47,55,57,61,69,71,74,77
115000959,2026/01/05,1,3,6,8,19,24,26,27,34,39,40,44,47,54,56,58,63,64,79,80
115000960,2026/01/05,9,16,18,19,20,24,26,29,31,53,54,55,58,59,61,62,65,77,78,80
115000961,2026/01/05,6,12,14,20,29,31,33,34,36,42,45,47,51,54,57,58,60,76,78,80
115000962,2026/01/05,4,8,9,15,19,20,21,22,25,30,39,48,49,51,57,63,72,73,76,77
115000963,2026/01/05,8,9,17,19,24,25,29,32,33,35,44,52,54,58,59,62,64,68,69,76
115000964,2026/01/05,3,6,7,10,12,13,14,16,27,31,37,43,46,52,63,64,66,73,77,80
115000965,2026/01/05,7,9,16,18,23,30,37,41,43,44,48,53,57,61,62,65,68,74,76,78
115000966,2026/01/05,3,4,8,11,15,29,31,37,41,43,50,57,59,60,65,67,68,73,77,78
115000967,2026/01/05,3,8,9,10,16,18,25,26,31,34,37,38,41,47,49,51,54,68,78,79
115000968,2026/01/05,6,7,14,15,17,18,20,22,24,25,28,29,42,45,51,52,63,67,74,79
115000969,2026/01/05,3,6,7,13,30,33,37,43,48,49,50,51,55,58,66,70,74,77,79,80
115000970,2026/01/05,1,2,4,5,6,11,12,22,25,26,32,33,36,43,50,68,69,72,73,78
115000971,2026/01/05,1,5,7,15,17,20,26,27,36,37,41,43,48,50,60,61,64,65,68,74
115000972,2026/01/05,3,6,7,14,17,21,31,35,40,45,49,51,53,60,63,69,72,77,79,80
115000973,2026/01/05,4,13,15,17,21,23,25,35,36,38,41,46,49,52,55,56,65,66,70,73
115000974,2026/01/05,2,7,9,12,16,19,27,31,32,43,50,55,58,63,66,68,69,72,79,80
115000975,2026/01/05,4,18,25,28,32,36,37,38,40,44,47,50,60,67,69,71,73,74,79,80
115000976,2026/01/05,7,10,12,15,17,21,25,42,47,48,56,57,58,61,63,65,66,72,74,77
115000977,2026/01/05,3,4,10,11,17,23,32,34,38,44,51,54,55,56,61,66,68,70,77,80
115000978,2026/01/05,1,2,10,14,15,17,21,41,46,50,52,53,56,63,64,67,68,73,77,80
115000979,2026/01/05,6,7,25,29,32,37,39,41,45,51,53,54,56,63,64,66,70,71,73,75
115000980,2026/01/05,1,8,11,13,19,24,25,29,35,36,38,39,41,49,56,58,61,63,69,70
115000981,2026/01/05,5,7,8,15,16,17,22,23,24,27,30,46,50,51,65,74,76,77,78,79
115000982,2026/01/05,1,7,9,14,16,17,18,30,43,44,47,53,54,60,70,71,72,75,78,79
115000983,2026/01/05,2,6,9,17,21,28,30,33,43,44,51,63,68,69,70,71,72,76,77,80
115000984,2026/01/05,1,5,9,13,15,18,19,26,28,34,38,44,50,54,59,63,72,76,79,80
115000985,2026/01/05,1,4,12,18,19,21,22,25,29,32,33,36,40,41,52,67,72,76,77,79
115000986,2026/01/05,5,7,11,13,19,22,24,29,33,34,46,49,58,62,63,64,65,67,72,80
115000987,2026/01/05,4,7,11,21,26,29,37,38,39,42,43,47,48,53,59,64,68,70,72,75
115000988,2026/01/05,1,8,9,11,25,27,30,31,45,48,52,53,54,55,59,70,71,73,74,76
115000989,2026/01/05,5,9,10,12,16,18,24,28,32,35,38,40,41,46,53,56,58,64,66,67
115000990,2026/01/05,3,14,23,25,28,31,32,33,41,45,46,49,51,52,54,58,64,66,73,76
115000991,2026/01/05,5,6,14,15,16,19,25,27,32,44,47,48,52,54,59,63,65,66,71,74
115000992,2026/01/05,5,6,9,15,31,34,36,39,40,41,45,46,48,54,57,58,60,64,66,80
115000993,2026/01/05,2,4,5,8,11,17,21,24,25,28,31,35,41,42,43,46,64,72,75,80
115000994,2026/01/05,11,15,18,21,22,24,26,35,37,40,41,43,44,51,56,60,62,65,75,76
115000995,2026/01/05,2,4,15,20,21,23,27,29,33,34,36,37,42,52,59,64,71,73,74,79
115000996,2026/01/05,2,5,13,14,17,20,24,25,27,29,38,42,48,49,53,55,57,61,69,76
115000997,2026/01/05,1,3,12,17,18,20,23,24,33,34,38,39,45,54,55,56,61,64,70,80
115000998,2026/01/05,2,6,8,13,14,15,17,25,27,32,48,49,50,53,60,63,64,65,69,77
115000999,2026/01/05,3,7,11,12,13,20,28,30,33,40,44,49,52,57,58,60,61,64,66,67
115001000,2026/01/05,6,8,15,16,21,22,36,37,38,41,44,47,50,52,57,58,63,71,74,80
115001001,2026/01/05,2,11,14,15,16,17,18,21,24,30,31,36,40,43,52,56,69,77,79,80
115001002,2026/01/05,8,18,20,23,27,28,31,34,37,43,44,46,50,54,66,68,70,71,72,75
115001003,2026/01/05,7,11,22,23,29,33,42,43,45,52,58,60,61,62,64,65,73,75,76,77
115001004,2026/01/05,2,4,5,7,8,9,13,24,25,43,44,45,49,60,62,67,68,70,73,80
115001005,2026/01/05,7,9,10,11,14,23,34,35,37,38,42,46,48,49,50,56,57,61,72,80
115001006,2026/01/05,2,3,6,8,9,12,15,25,31,32,33,38,45,52,65,70,71,74,76,79
115001007,2026/01/05,3,13,19,20,21,22,26,32,33,38,40,41,47,54,61,64,68,72,73,74
115001008,2026/01/05,6,7,8,9,10,21,23,29,30,40,44,47,55,57,59,61,63,72,76,80
115001009,2026/01/05,4,13,18,25,29,37,39,48,51,53,61,62,63,64,65,66,67,69,74,77
115001010,2026/01/05,1,5,6,7,18,20,24,27,28,34,35,46,50,51,55,57,59,60,61,76
115001011,2026/01/05,5,14,16,20,33,36,37,41,45,46,48,50,52,53,57,59,68,71,78,80
115001012,2026/01/05,4,5,6,7,15,18,20,26,28,36,41,44,50,54,55,72,73,74,76,77
115001013,2026/01/05,5,7,10,15,16,19,20,22,25,29,32,45,50,54,57,62,67,68,76,77
115001014,2026/01/05,4,7,8,10,13,24,31,35,44,47,50,52,60,64,68,69,70,74,77,78
115001015,2026/01/05,1,6,13,14,15,23,26,35,37,41,43,46,48,54,64,68,74,75,78,80
115001016,2026/01/06,3,5,13,15,20,21,23,24,32,37,39,41,43,45,52,55,65,66,72,80
115001017,2026/01/06,4,5,8,15,16,17,19,23,26,29,38,48,55,56,60,64,73,75,79,80
115001018,2026/01/06,8,10,15,17,19,20,29,31,33,36,38,39,41,53,54,59,60,70,76,80
115001019,2026/01/06,1,10,12,18,19,20,21,28,35,36,39,42,45,50,56,59,60,61,63,71
115001020,2026/01/06,7,15,18,20,23,26,32,37,38,47,51,54,57,59,63,64,69,71,75,80
115001021,2026/01/06,3,13,14,16,20,23,28,33,36,42,46,47,58,59,60,66,69,71,72,80
115001022,2026/01/06,1,4,12,16,24,25,26,27,29,30,35,37,53,56,58,60,69,70,76,79
115001023,2026/01/06,5,14,16,23,24,25,26,27,28,30,48,52,54,60,61,65,66,74,76,78
115001024,2026/01/06,4,7,11,13,21,22,24,25,27,36,44,54,56,59,60,67,72,73,74,80
115001025,2026/01/06,5,6,10,21,22,24,25,28,29,35,36,38,47,51,52,59,61,66,69,80
115001026,2026/01/06,6,8,13,14,17,24,28,31,34,39,41,44,47,53,54,55,60,61,75,77
115001027,2026/01/06,3,5,9,10,12,19,22,30,40,41,42,44,49,56,58,67,68,70,71,73
115001028,2026/01/06,1,4,6,7,12,13,16,21,24,25,35,37,38,41,47,52,57,59,64,75
115001029,2026/01/06,2,6,9,12,16,21,22,23,31,42,44,45,54,56,70,71,73,76,77,80
115001030,2026/01/06,4,5,7,13,20,21,22,27,38,41,42,46,49,53,60,65,67,72,75,76
115001031,2026/01/06,5,8,9,10,11,19,23,24,25,35,38,50,51,54,60,64,65,66,72,74
115001032,2026/01/06,1,5,10,13,19,25,26,27,31,33,34,39,44,51,58,60,62,72,73,76
115001033,2026/01/06,1,6,14,18,21,22,24,25,26,28,34,42,45,46,48,53,54,64,67,72
115001034,2026/01/06,3,5,11,12,13,19,26,37,41,44,46,49,54,55,58,60,68,70,77,80
115001035,2026/01/06,1,4,7,10,13,20,30,33,37,43,48,49,53,57,58,66,69,70,71,78
115001036,2026/01/06,1,4,6,8,10,13,14,15,17,34,42,49,55,57,61,62,69,73,76,78
115001037,2026/01/06,1,5,8,14,15,16,28,29,30,33,38,43,44,48,53,59,62,68,73,80
115001038,2026/01/06,1,2,4,6,12,17,18,22,25,28,30,34,35,37,42,54,55,58,64,66
115001039,2026/01/06,5,8,11,13,14,17,30,35,39,43,44,45,52,54,61,63,66,67,71,75
115001040,2026/01/06,7,11,13,18,19,22,30,33,37,43,46,48,49,50,54,60,63,66,78,79
115001041,2026/01/06,1,8,9,12,13,17,22,28,32,33,37,50,52,57,60,69,70,73,76,80
115001042,2026/01/06,2,4,12,13,15,29,32,37,43,44,49,52,56,60,63,67,69,70,77,79
115001043,2026/01/06,5,7,9,14,17,24,27,31,33,36,38,41,44,45,60,64,69,70,71,74
115001044,2026/01/06,6,15,19,24,26,28,29,34,40,41,42,46,49,52,58,63,67,73,74,76
115001045,2026/01/06,9,17,18,25,28,31,39,40,42,45,50,53,57,58,59,69,73,78,79,80
115001046,2026/01/06,6,7,11,14,15,20,21,23,26,30,32,33,34,38,45,51,58,65,69,73
115001047,2026/01/06,4,7,20,21,23,27,30,35,36,38,44,45,47,51,65,69,70,74,77,79
115001048,2026/01/06,6,10,11,12,16,17,18,23,24,29,30,31,43,46,49,51,56,64,75,76
115001049,2026/01/06,4,6,9,10,21,24,28,31,34,36,37,38,42,44,49,53,58,70,74,75
115001050,2026/01/06,3,14,15,16,18,26,33,45,46,52,56,58,61,62,64,68,70,73,74,77
115001051,2026/01/06,1,5,6,9,18,21,26,28,29,34,36,37,38,41,44,63,66,69,72,77
115001052,2026/01/06,8,10,12,14,23,24,25,34,42,43,44,46,54,55,58,61,62,72,75,77
115001053,2026/01/06,3,6,8,10,12,13,19,25,31,39,40,41,46,48,50,66,69,70,72,74
115001054,2026/01/06,2,5,8,10,11,12,22,24,37,49,54,55,58,60,66,68,75,77,78,79
115001055,2026/01/06,8,15,16,17,24,41,44,45,53,54,56,57,59,61,62,64,70,73,79,80
115001056,2026/01/06,3,5,10,17,20,21,29,31,34,46,47,55,59,61,67,68,73,74,75,78
115001057,2026/01/06,6,12,15,16,19,29,31,36,38,48,52,53,56,57,59,61,70,72,74,76
115001058,2026/01/06,2,5,14,15,19,23,28,35,36,41,43,50,53,55,58,61,62,63,69,76
115001059,2026/01/06,3,6,8,9,11,15,21,22,31,34,35,44,47,51,53,64,65,72,79,80
115001060,2026/01/06,5,13,17,20,22,27,28,30,35,36,40,44,47,52,53,62,64,72,75,79
115001061,2026/01/06,8,11,12,17,18,21,23,25,31,32,33,34,45,50,56,61,62,69,71,78
115001062,2026/01/06,5,9,13,14,18,28,34,39,45,46,52,53,55,58,66,72,74,77,78,79
115001063,2026/01/06,1,5,7,8,10,11,12,19,24,25,26,32,36,41,42,56,71,73,78,79
115001064,2026/01/06,7,11,14,42,45,47,48,51,52,57,62,63,65,66,68,69,74,75,78,79
115001065,2026/01/06,2,3,9,12,15,20,23,28,31,35,39,42,45,46,50,52,57,67,68,69
115001066,2026/01/06,2,4,14,19,20,26,28,30,32,36,38,44,47,53,54,66,70,72,77,79
115001067,2026/01/06,2,3,8,10,12,13,19,22,25,37,39,44,47,55,56,58,61,68,73,74
115001068,2026/01/06,7,14,15,18,19,20,21,24,26,32,38,46,49,51,55,56,59,66,75,76
115001069,2026/01/06,1,3,5,11,12,15,17,21,22,27,31,36,38,42,51,54,58,61,64,74
115001070,2026/01/06,15,17,19,20,23,25,28,29,30,36,43,46,48,53,58,60,61,70,75,79
115001071,2026/01/06,2,9,10,17,19,23,25,39,40,44,45,49,52,55,62,64,70,71,75,80
115001072,2026/01/06,3,4,13,15,18,22,28,30,32,36,38,45,46,52,55,58,66,70,76,77
115001073,2026/01/06,7,9,10,13,23,35,37,41,44,46,49,54,58,59,60,65,71,72,76,78
115001074,2026/01/06,7,21,23,25,28,34,36,47,48,49,55,58,64,65,67,73,76,78,79,80
115001075,2026/01/06,1,7,8,9,12,13,14,17,27,34,50,51,57,59,67,70,74,75,76,80
115001076,2026/01/06,2,8,10,12,13,18,19,22,23,26,28,30,33,44,45,51,54,65,74,75
115001077,2026/01/06,4,7,11,17,20,22,24,26,29,36,37,45,46,50,57,62,64,66,67,78
115001078,2026/01/06,3,6,16,26,28,30,32,35,36,51,53,54,55,57,60,63,64,65,71,75
115001079,2026/01/06,2,5,10,11,12,13,17,19,27,29,40,43,48,52,53,55,59,65,73,79
115001080,2026/01/06,6,8,10,15,16,24,29,32,33,35,40,51,53,54,55,58,68,71,75,76
115001081,2026/01/06,2,7,10,11,12,17,21,22,30,36,43,44,46,52,55,57,58,61,71,74
115001082,2026/01/06,2,3,4,13,15,16,19,20,23,27,30,32,38,43,44,51,52,56,77,78
115001083,2026/01/06,6,10,11,16,29,34,35,36,37,39,42,46,47,56,57,60,64,65,69,80
115001084,2026/01/06,4,5,8,10,11,15,19,23,26,35,45,50,52,57,60,62,68,74,78,79
115001085,2026/01/06,3,5,9,12,13,14,20,21,24,28,32,41,44,47,50,51,55,61,66,76
115001086,2026/01/06,2,5,11,14,23,28,30,32,36,44,45,47,53,54,60,63,64,67,68,70
115001087,2026/01/06,2,4,7,9,11,13,15,16,27,30,31,35,40,44,47,49,50,59,70,75
115001088,2026/01/06,2,4,5,10,14,22,28,30,31,32,39,40,47,51,65,67,68,69,71,73
115001089,2026/01/06,1,3,4,10,11,17,28,30,36,39,43,45,50,56,57,61,65,68,77,78
115001090,2026/01/06,5,6,7,9,12,17,25,26,30,31,39,44,45,50,51,55,61,72,75,80
115001091,2026/01/06,8,11,16,17,21,22,23,25,29,33,40,49,53,55,57,58,64,70,72,79
115001092,2026/01/06,2,3,4,5,6,9,20,24,33,36,39,40,43,44,45,48,51,53,63,71
115001093,2026/01/06,6,9,13,15,16,22,25,28,35,36,38,42,54,58,65,69,70,72,74,75
115001094,2026/01/06,5,7,11,14,15,21,25,27,31,33,34,38,45,49,62,66,73,74,76,78
115001095,2026/01/06,6,11,14,19,20,26,30,32,38,39,43,48,52,54,56,58,68,70,71,77
115001096,2026/01/06,2,5,11,15,16,17,19,21,22,31,35,44,46,52,56,60,63,64,65,75
115001097,2026/01/06,2,12,16,26,30,31,32,33,34,35,36,42,43,46,58,64,66,72,73,79
115001098,2026/01/06,3,6,7,9,13,19,22,24,27,33,44,46,47,49,57,59,62,65,70,76
115001099,2026/01/06,1,11,19,20,21,27,28,35,37,42,43,45,46,49,57,61,62,63,76,79
115001100,2026/01/06,2,3,12,14,17,23,28,31,32,33,36,37,38,40,45,47,48,50,64,72
115001101,2026/01/06,9,10,14,16,17,18,19,22,25,26,36,43,46,49,56,60,62,68,78,80
115001102,2026/01/06,5,7,15,19,26,30,35,37,42,45,48,50,51,52,55,58,59,63,64,74
115001103,2026/01/06,1,2,5,6,12,17,19,25,27,40,43,46,50,57,61,63,65,70,75,79
115001104,2026/01/06,1,3,4,5,10,26,31,36,37,44,47,54,59,63,68,69,70,76,77,78
115001105,2026/01/06,1,6,10,11,19,21,22,28,31,37,43,46,48,57,59,68,70,72,76,78
115001106,2026/01/06,9,10,16,19,20,22,25,28,30,32,44,46,53,55,60,61,69,70,71,75
115001107,2026/01/06,5,9,11,12,19,23,28,29,31,34,35,38,47,55,58,62,66,68,70,74
115001108,2026/01/06,7,10,18,21,23,29,32,36,43,46,47,50,56,57,59,64,69,71,73,75
115001109,2026/01/06,1,2,9,18,23,27,28,33,35,37,40,43,47,50,56,58,64,67,73,78
115001110,2026/01/06,3,4,5,9,12,14,19,22,33,34,37,38,44,54,60,61,62,64,66,76
115001111,2026/01/06,5,6,11,16,21,23,25,27,28,40,41,42,45,47,49,58,63,68,69,76
115001112,2026/01/06,4,8,9,13,15,17,18,19,22,24,25,27,37,38,43,45,52,56,73,78
115001113,2026/01/06,2,15,16,17,18,21,22,23,29,33,34,41,45,46,49,56,61,63,67,75
115001114,2026/01/06,1,2,15,18,21,22,29,33,41,49,51,52,53,54,61,70,72,73,74,79
115001115,2026/01/06,7,13,14,18,19,22,30,35,41,42,44,45,49,54,56,69,71,77,79,80
115001116,2026/01/06,2,6,14,21,24,28,29,30,32,34,36,42,44,45,48,56,62,72,79,80
115001117,2026/01/06,5,6,7,13,16,20,28,31,34,35,39,40,43,44,51,66,69,73,77,80
115001118,2026/01/06,2,5,11,12,18,19,22,23,27,35,36,37,39,54,55,63,68,69,74,76
115001119,2026/01/06,2,4,7,15,22,28,29,32,33,38,44,46,52,56,57,62,68,72,74,77
115001120,2026/01/06,2,9,12,15,20,21,22,24,27,35,40,48,50,51,58,60,63,64,72,80
115001121,2026/01/06,1,6,7,11,14,16,20,23,29,30,35,36,43,44,48,51,62,70,73,78
115001122,2026/01/06,1,12,13,15,16,22,24,26,34,36,38,39,45,47,52,53,65,67,69,74
115001123,2026/01/06,13,17,20,21,24,32,35,38,41,49,51,55,57,61,71,72,73,78,79,80
115001124,2026/01/06,2,13,14,16,17,21,25,27,29,36,38,40,41,49,53,55,57,61,72,80
115001125,2026/01/06,2,3,5,10,16,18,21,24,25,31,32,38,45,51,55,59,63,64,65,69
115001126,2026/01/06,9,10,12,15,17,19,20,24,26,27,28,30,34,35,36,48,54,58,63,75
115001127,2026/01/06,9,17,19,20,24,26,33,35,36,37,38,45,48,53,54,56,60,63,68,73
115001128,2026/01/06,8,9,16,17,18,37,39,42,44,45,47,49,56,57,65,67,69,70,74,78
115001129,2026/01/06,5,15,22,28,31,36,37,46,48,52,53,59,60,64,67,68,73,77,78,80
115001130,2026/01/06,10,18,22,25,27,29,30,41,45,47,49,50,51,52,59,62,66,67,68,73
115001131,2026/01/06,2,11,13,15,17,18,30,35,42,43,48,55,58,63,67,74,75,78,79,80
115001132,2026/01/06,1,9,10,11,13,14,21,23,24,29,34,37,40,53,58,63,65,71,72,77
115001133,2026/01/06,8,18,19,20,21,25,27,31,32,34,38,43,44,50,54,58,60,67,69,70
115001134,2026/01/06,7,10,14,16,25,39,41,45,51,57,60,61,63,65,66,72,73,74,75,80
115001135,2026/01/06,4,13,14,15,18,19,20,30,36,39,50,51,58,59,60,66,68,70,74,75
115001136,2026/01/06,4,9,18,22,24,26,29,30,34,35,39,46,53,58,62,69,71,72,73,77
115001137,2026/01/06,2,3,7,9,11,19,24,30,31,35,36,44,49,52,55,60,68,72,74,80
115001138,2026/01/06,6,10,12,14,15,17,18,21,37,38,39,40,42,48,55,56,61,67,70,75
115001139,2026/01/06,3,6,11,12,16,18,23,25,28,29,33,42,46,56,58,66,75,77,78,80
115001140,2026/01/06,3,7,11,12,13,16,19,22,24,25,27,39,40,46,47,50,64,68,75,80
115001141,2026/01/06,7,9,11,12,19,24,27,37,41,45,46,47,48,52,55,60,65,69,70,74
115001142,2026/01/06,1,4,7,12,14,16,22,23,26,32,36,39,40,41,44,46,56,57,63,67
115001143,2026/01/06,6,13,14,19,26,29,37,38,40,42,44,46,48,49,55,57,69,70,72,79
115001144,2026/01/06,2,16,19,22,23,25,26,27,33,34,36,39,52,55,60,61,65,69,72,75
115001145,2026/01/06,2,5,15,26,29,31,32,38,40,41,45,48,51,59,66,68,71,74,79,80
115001146,2026/01/06,2,5,7,11,26,28,31,32,34,39,40,41,42,46,47,48,67,73,74,80
115001147,2026/01/06,1,2,5,6,7,11,16,22,24,31,34,39,41,55,58,65,71,72,74,79
115001148,2026/01/06,4,5,7,17,27,30,39,40,44,46,49,50,52,54,61,70,71,72,75,80
115001149,2026/01/06,1,8,13,17,18,23,25,28,31,40,53,55,57,59,67,68,69,73,74,76
115001150,2026/01/06,1,2,3,8,14,15,22,27,29,32,36,38,39,45,46,56,58,64,70,71
115001151,2026/01/06,3,7,13,15,18,24,25,29,31,34,35,37,42,49,52,55,62,70,75,78
115001152,2026/01/06,3,7,11,15,18,24,26,28,30,32,34,44,46,51,52,61,62,72,76,77
115001153,2026/01/06,8,15,16,23,26,28,30,33,40,43,46,49,55,62,64,65,67,71,76,79
115001154,2026/01/06,3,4,9,20,24,26,30,35,37,40,43,47,48,51,52,54,55,58,69,79
115001155,2026/01/06,6,7,8,18,19,20,21,26,34,40,41,48,50,53,58,61,62,66,69,75
115001156,2026/01/06,4,8,12,13,15,18,29,36,44,52,54,55,59,60,66,68,73,75,77,78
115001157,2026/01/06,1,2,10,14,16,23,24,25,28,32,40,46,49,55,56,58,63,74,75,78
115001158,2026/01/06,1,3,5,6,15,17,19,23,28,30,32,33,34,36,40,51,52,62,68,69
115001159,2026/01/06,1,2,10,12,14,15,17,21,25,28,29,31,40,41,47,53,54,57,62,76
115001160,2026/01/06,5,9,11,14,22,24,25,27,30,32,39,45,46,53,58,60,62,75,76,80
115001161,2026/01/06,1,2,3,7,12,13,19,24,26,29,33,34,47,48,54,63,70,72,73,77
115001162,2026/01/06,2,3,15,16,20,23,27,33,34,38,44,48,50,54,57,60,61,71,73,79
115001163,2026/01/06,2,8,13,16,23,25,26,31,34,37,42,50,55,62,70,71,75,77,78,80
115001164,2026/01/06,9,11,12,14,16,20,22,24,30,34,38,39,45,49,50,59,61,64,68,71
115001165,2026/01/06,4,7,12,18,27,30,37,38,40,46,48,50,51,53,55,61,68,73,75,78
115001166,2026/01/06,1,7,11,13,17,19,25,27,30,36,39,44,48,51,55,60,62,71,72,80
115001167,2026/01/06,12,17,23,26,28,29,32,33,44,46,49,53,56,59,60,61,66,69,73,74
115001168,2026/01/06,9,16,32,36,38,39,44,45,48,49,53,55,59,60,63,67,72,77,78,79
115001169,2026/01/06,1,2,6,8,12,15,18,20,24,26,34,37,38,43,52,63,66,70,72,79
115001170,2026/01/06,3,8,12,13,14,18,21,22,40,43,50,51,55,56,58,62,63,68,76,80
115001171,2026/01/06,8,9,11,24,25,26,28,29,35,38,39,40,52,54,56,63,64,67,69,77
115001172,2026/01/06,4,7,12,13,16,20,21,24,31,32,33,34,38,52,58,65,68,75,77,79
115001173,2026/01/06,1,3,5,6,7,8,12,15,17,18,27,28,42,43,60,62,64,67,73,78
115001174,2026/01/06,1,2,4,9,12,13,15,18,20,25,30,36,37,44,45,53,63,66,68,69
115001175,2026/01/06,4,8,11,13,29,30,34,41,43,45,48,52,54,55,61,64,69,73,76,79
115001176,2026/01/06,3,8,12,14,21,24,27,31,32,38,47,49,51,52,61,67,69,74,76,78
115001177,2026/01/06,6,7,10,11,16,17,20,32,33,36,37,42,45,49,60,64,65,66,71,79
115001178,2026/01/06,2,6,8,11,13,26,30,31,49,54,55,57,59,61,62,69,72,74,75,78
115001179,2026/01/06,9,17,21,25,26,27,36,41,46,49,52,64,65,68,70,72,76,77,78,80
115001180,2026/01/06,2,6,7,9,14,22,24,25,27,32,36,37,39,41,47,50,52,57,62,76
115001181,2026/01/06,4,7,8,10,13,20,21,28,35,36,38,48,61,62,70,72,74,76,77,78
115001182,2026/01/06,1,3,11,12,15,16,17,18,20,21,37,44,51,57,69,71,74,77,78,80
115001183,2026/01/06,8,12,19,21,24,26,31,39,43,48,53,58,62,63,64,65,69,71,72,79
115001184,2026/01/06,2,5,6,9,11,12,25,26,30,36,38,39,42,45,55,56,58,61,66,79
115001185,2026/01/06,6,10,16,19,21,28,29,31,41,44,46,48,56,59,63,67,72,76,78,80
115001186,2026/01/06,4,14,18,22,23,24,25,27,29,31,35,37,41,42,43,46,53,55,58,77
115001187,2026/01/06,3,4,14,17,21,26,31,33,34,41,44,46,52,59,74,75,76,77,78,80
115001188,2026/01/06,8,11,13,14,32,34,35,40,44,45,47,49,50,58,61,64,66,70,71,74
115001189,2026/01/06,2,4,6,11,12,17,19,30,31,36,42,44,53,55,60,61,62,65,72,78
115001190,2026/01/06,2,5,7,10,13,21,25,26,27,28,34,35,38,48,50,61,71,72,78,80
115001191,2026/01/06,3,12,15,16,20,22,25,26,28,45,47,48,53,57,58,62,63,66,69,77
115001192,2026/01/06,2,5,8,10,17,21,30,31,37,41,43,44,46,51,54,57,64,66,76,79
115001193,2026/01/06,7,14,26,27,29,38,39,41,45,51,52,60,61,64,66,67,70,74,78,79
115001194,2026/01/06,3,7,11,19,25,30,32,33,34,40,45,48,50,53,56,58,69,70,73,74
115001195,2026/01/06,2,10,11,12,18,22,28,32,33,35,36,41,47,48,50,52,57,63,76,79
115001196,2026/01/06,1,6,7,10,14,17,20,27,32,37,38,47,55,56,57,59,62,68,73,78
115001197,2026/01/06,3,7,13,16,25,30,33,35,39,40,42,43,51,59,61,62,65,73,75,80
115001198,2026/01/06,3,9,10,12,14,16,20,25,26,28,33,35,36,38,39,42,45,62,66,69
115001199,2026/01/06,1,2,12,20,30,31,37,38,41,44,57,58,59,61,66,69,72,76,78,79
115001200,2026/01/06,3,4,20,23,34,35,38,41,44,45,46,52,60,61,63,65,66,71,73,74
115001201,2026/01/06,1,5,7,10,14,16,17,23,27,34,42,45,49,55,58,62,69,71,73,75
115001202,2026/01/06,7,10,11,16,19,23,24,28,29,30,38,43,49,51,54,58,63,64,76,80
115001203,2026/01/06,1,2,10,12,14,17,19,22,23,33,34,56,58,59,61,62,75,76,77,80
115001204,2026/01/06,2,3,4,8,10,13,19,27,28,29,30,32,43,52,64,66,68,73,74,76
115001205,2026/01/06,2,10,23,27,28,31,34,41,44,45,47,50,57,63,65,68,72,74,75,77
115001206,2026/01/06,5,6,8,14,20,22,26,27,28,30,33,35,49,59,65,66,68,71,77,78
115001207,2026/01/06,2,4,10,11,12,15,17,27,34,39,40,42,45,52,59,61,66,70,71,78
115001208,2026/01/06,4,8,14,17,22,25,33,39,40,44,48,52,59,63,64,67,70,72,74,80
115001209,2026/01/06,2,4,6,14,15,18,20,21,22,23,26,27,29,42,43,48,70,72,77,79
115001210,2026/01/06,2,3,5,10,15,19,20,23,31,38,39,41,45,49,51,58,65,68,72,73
115001211,2026/01/06,3,8,9,10,11,14,20,23,24,25,45,51,52,53,57,64,67,72,75,77
115001212,2026/01/06,2,9,11,17,22,28,31,34,37,39,48,50,53,56,58,61,62,73,76,77
115001213,2026/01/06,5,7,13,26,32,36,40,41,43,45,46,47,51,52,54,55,65,70,71,80
115001214,2026/01/06,2,3,12,13,16,17,23,25,27,30,41,47,48,51,58,59,62,65,76,79
115001215,2026/01/06,2,4,8,16,27,28,31,33,38,40,48,50,56,57,63,65,69,72,74,75
115001216,2026/01/06,2,4,6,9,16,21,26,30,36,37,43,49,55,59,61,65,66,74,75,77
115001217,2026/01/06,4,5,21,22,26,30,32,37,41,44,49,50,51,52,53,62,67,68,70,75
115001218,2026/01/06,3,8,13,16,25,26,29,30,34,39,42,43,52,54,61,62,65,73,75,76
115001219,2026/01/07,8,13,14,16,21,23,26,27,28,30,34,37,43,44,61,69,71,72,73,79
115001220,2026/01/07,3,6,10,14,16,21,24,30,34,41,47,49,52,55,56,66,67,71,73,80
115001221,2026/01/07,3,5,7,10,14,21,23,25,30,36,40,46,49,55,57,61,63,66,72,78
115001222,2026/01/07,4,5,17,20,24,29,37,39,48,50,52,53,54,56,58,60,63,67,69,70
115001223,2026/01/07,1,8,9,11,12,16,17,18,19,22,31,38,39,41,43,44,54,59,65,67
115001224,2026/01/07,2,4,6,7,13,14,21,22,25,34,40,43,48,53,57,62,70,71,74,78
115001225,2026/01/07,2,7,9,10,11,14,15,16,18,29,37,45,48,55,56,59,67,75,78,80
115001226,2026/01/07,4,6,9,12,21,22,24,29,31,32,36,45,46,51,53,58,61,62,77,79
115001227,2026/01/07,5,6,12,13,16,19,21,22,24,25,32,38,40,43,47,54,62,69,78,80
115001228,2026/01/07,2,5,11,13,15,21,22,23,28,29,34,40,42,44,52,54,56,57,61,75
115001229,2026/01/07,3,4,9,15,19,21,28,30,34,36,45,47,50,59,60,61,62,65,66,73
115001230,2026/01/07,6,16,17,20,24,25,37,38,40,50,53,56,57,58,64,65,67,68,71,78
115001231,2026/01/07,3,7,11,16,24,27,32,35,37,39,41,43,44,50,53,54,55,61,75,77
115001232,2026/01/07,1,9,15,17,20,24,25,26,29,34,37,38,39,41,42,52,59,67,72,80
115001233,2026/01/07,21,22,25,26,32,33,39,46,50,51,56,59,62,63,64,65,66,68,69,71
115001234,2026/01/07,3,11,12,13,18,20,24,27,29,36,37,38,56,59,65,68,70,73,75,78
115001235,2026/01/07,6,8,22,23,27,34,36,39,41,47,50,53,55,66,67,68,70,72,73,76
115001236,2026/01/07,6,7,9,10,11,14,21,24,27,36,39,49,53,54,58,70,71,72,74,75
115001237,2026/01/07,2,5,8,9,13,14,24,29,31,39,42,44,46,50,52,61,68,72,73,74
115001238,2026/01/07,7,10,12,15,17,25,28,32,33,34,37,40,49,52,53,56,57,60,61,80
115001239,2026/01/07,2,10,15,16,17,26,27,28,29,35,43,50,52,54,69,70,75,76,78,79
115001240,2026/01/07,6,7,14,16,21,27,28,32,40,41,43,45,48,53,57,65,66,70,72,80
115001241,2026/01/07,4,9,20,31,34,39,44,46,50,52,56,58,63,64,65,68,71,76,78,79
115001242,2026/01/07,6,8,14,15,16,17,18,24,28,37,41,42,45,51,53,58,64,65,67,69
115001243,2026/01/07,5,8,9,17,22,33,38,40,47,48,49,53,55,60,62,66,70,77,78,80
115001244,2026/01/07,6,7,8,10,12,14,19,28,29,32,33,35,47,60,61,66,69,70,72,79
115001245,2026/01/07,1,13,15,17,19,22,23,25,26,27,30,31,33,35,36,53,61,65,67,75
115001246,2026/01/07,2,5,10,13,19,20,23,32,34,35,38,39,42,52,53,57,67,71,74,75
115001247,2026/01/07,6,10,12,13,15,29,30,31,34,39,43,44,50,55,57,59,62,76,78,80
115001248,2026/01/07,4,5,9,14,16,27,28,32,33,37,39,42,49,53,60,68,69,71,76,79
115001249,2026/01/07,1,7,12,14,15,17,21,22,26,30,31,36,39,42,49,50,56,65,67,75
115001250,2026/01/07,2,5,13,15,19,21,23,37,39,40,42,43,46,48,49,53,60,73,77,79
115001251,2026/01/07,2,8,10,16,21,31,41,47,49,51,53,59,60,62,65,68,70,72,76,78
115001252,2026/01/07,1,3,12,13,20,21,25,29,30,31,34,37,38,40,44,52,64,65,75,77
115001253,2026/01/07,5,9,10,21,26,27,35,38,43,44,46,48,51,54,55,62,68,71,74,79
115001254,2026/01/07,5,8,12,16,17,22,23,25,29,40,44,46,52,62,64,67,70,72,74,80
115001255,2026/01/07,2,4,8,12,16,21,35,37,39,40,49,50,53,57,62,63,67,69,71,80
115001256,2026/01/07,2,6,7,22,25,31,33,34,44,45,46,48,57,58,59,61,63,67,72,79
115001257,2026/01/07,1,2,4,9,14,19,20,37,39,41,43,44,45,57,61,66,70,71,76,80
115001258,2026/01/07,7,10,11,14,23,26,34,41,44,49,50,53,54,60,69,72,73,78,79,80
115001259,2026/01/07,4,7,12,13,18,19,20,24,29,42,44,45,55,56,62,64,66,70,71,72
115001260,2026/01/07,3,9,12,18,20,22,26,29,30,35,36,40,46,48,50,53,58,64,70,71
115001261,2026/01/07,1,5,7,8,14,21,23,29,31,36,37,40,44,47,48,62,66,71,72,74
115001262,2026/01/07,2,7,8,10,11,24,28,40,45,48,49,50,56,60,68,71,72,74,75,78
115001263,2026/01/07,2,13,15,22,23,25,46,47,49,51,52,54,55,59,66,72,73,74,75,78
115001264,2026/01/07,12,23,25,27,32,33,39,42,47,48,53,55,56,58,62,66,67,68,71,76
115001265,2026/01/07,2,6,10,11,12,16,17,26,28,29,33,42,46,47,48,59,63,64,67,68
115001266,2026/01/07,1,6,14,15,16,17,18,22,27,28,33,42,47,56,57,62,72,74,75,76
115001267,2026/01/07,3,14,16,20,21,22,26,27,28,29,30,31,36,48,52,61,68,70,72,79
115001268,2026/01/07,7,9,11,14,18,22,23,32,40,43,47,51,52,53,57,61,62,63,64,75
115001269,2026/01/07,2,3,6,8,11,12,16,25,43,44,47,49,52,54,55,64,68,74,78,80
115001270,2026/01/07,1,2,8,9,12,14,29,34,35,39,42,49,51,52,53,55,59,61,62,68
115001271,2026/01/07,4,11,17,23,26,29,32,34,36,37,44,45,46,50,52,54,56,57,63,72
115001272,2026/01/07,2,3,4,11,15,18,21,22,40,41,42,46,48,59,62,66,72,74,76,79
115001273,2026/01/07,1,3,5,7,8,16,30,31,35,38,45,46,47,49,56,58,65,72,76,78
115001274,2026/01/07,6,12,17,18,33,41,42,43,47,48,54,56,57,60,61,65,66,71,74,80
115001275,2026/01/07,8,9,24,29,36,41,43,47,52,54,55,58,59,63,65,67,71,73,78,79
115001276,2026/01/07,2,15,20,28,32,33,35,36,38,43,46,50,61,62,63,64,65,67,68,80
115001277,2026/01/07,8,10,11,18,20,22,24,25,28,41,45,49,54,56,61,63,64,66,74,77
115001278,2026/01/07,8,14,19,20,22,30,35,39,40,41,46,47,49,54,56,57,61,71,76,78
115001279,2026/01/07,4,8,12,23,25,26,28,34,38,45,52,57,58,67,68,70,71,72,74,76
115001280,2026/01/07,8,13,15,19,28,30,34,35,42,47,48,53,54,57,61,63,64,68,70,76
115001281,2026/01/07,1,7,10,17,22,25,26,27,31,39,41,43,50,51,53,60,69,71,75,77
115001282,2026/01/07,7,12,13,14,21,25,39,41,46,50,58,60,61,63,65,66,68,70,72,77
115001283,2026/01/07,7,11,18,20,23,27,31,34,35,46,50,52,55,56,64,65,67,71,77,80
115001284,2026/01/07,1,6,10,17,34,41,42,44,47,55,56,63,64,67,68,69,72,74,77,78
115001285,2026/01/07,1,7,8,13,18,28,33,37,43,44,51,59,60,62,63,70,73,74,77,80
115001286,2026/01/07,1,8,12,14,15,16,23,29,35,37,39,44,45,47,51,66,74,75,76,77
115001287,2026/01/07,1,5,9,16,17,20,25,26,32,33,37,40,46,47,53,55,60,67,71,78
115001288,2026/01/07,1,5,6,19,20,28,30,32,37,38,39,41,43,45,47,49,57,60,63,71
115001289,2026/01/07,6,7,13,32,34,36,39,40,43,44,51,55,60,62,63,67,69,75,76,78
115001290,2026/01/07,6,8,9,16,17,23,28,31,47,50,51,53,54,56,59,66,69,74,76,80
115001291,2026/01/07,5,11,20,22,23,24,25,26,29,32,42,43,50,51,52,56,60,69,77,79
115001292,2026/01/07,1,3,5,9,15,27,31,34,39,40,41,43,44,49,55,56,57,59,64,75
115001293,2026/01/07,10,11,15,20,22,27,28,32,33,36,37,42,52,53,57,59,68,71,74,80
115001294,2026/01/07,4,5,11,15,22,34,40,42,44,45,47,49,55,62,69,70,74,76,78,79
115001295,2026/01/07,1,9,12,14,15,16,28,33,36,40,42,52,54,57,62,65,74,75,79,80
115001296,2026/01/07,2,5,19,23,29,33,37,49,51,53,54,58,61,62,65,69,71,72,74,80
115001297,2026/01/07,11,13,15,16,17,18,37,38,42,43,45,52,55,58,61,65,68,72,76,78
115001298,2026/01/07,3,5,6,8,15,17,19,32,36,40,41,46,47,48,50,64,65,67,79,80
115001299,2026/01/07,1,2,8,9,16,18,21,22,24,25,30,32,34,39,42,48,49,64,66,74
115001300,2026/01/07,6,7,10,11,16,23,26,27,29,37,38,49,54,57,64,65,68,70,72,75
115001301,2026/01/07,2,3,11,13,19,23,26,28,29,32,33,40,45,46,51,70,71,74,78,80
115001302,2026/01/07,1,8,9,11,12,18,20,21,24,34,45,49,51,53,56,57,58,63,71,80
115001303,2026/01/07,12,13,14,18,20,23,25,30,32,34,35,39,42,43,47,49,50,63,69,72
115001304,2026/01/07,6,8,9,24,27,33,36,37,38,39,41,45,51,52,53,61,64,65,68,69
115001305,2026/01/07,2,3,7,8,12,15,20,21,22,23,29,32,47,48,50,62,68,74,77,78
115001306,2026/01/07,1,3,4,9,13,31,43,48,50,53,55,56,58,59,60,66,68,69,71,72
115001307,2026/01/07,1,6,8,9,11,12,13,18,19,29,34,35,41,54,55,58,67,71,75,76
115001308,2026/01/07,3,5,9,11,16,18,39,41,43,48,50,51,55,58,59,63,64,65,73,77
115001309,2026/01/07,2,7,13,20,26,32,39,43,46,62,65,66,68,69,70,71,73,74,77,80
115001310,2026/01/07,4,6,16,18,19,24,29,30,33,34,39,40,47,50,52,60,61,66,69,75
115001311,2026/01/07,4,10,16,19,32,41,42,47,50,51,62,65,67,69,70,71,74,77,78,80
115001312,2026/01/07,3,4,5,7,8,9,11,14,15,20,23,31,34,37,38,40,50,53,56,76
115001313,2026/01/07,6,10,18,22,26,27,29,43,45,48,53,60,61,63,64,66,67,70,72,76
115001314,2026/01/07,1,8,10,11,18,20,23,31,32,33,34,36,55,60,63,64,71,72,76,79
115001315,2026/01/07,2,16,20,22,23,26,28,29,30,33,45,51,53,55,58,62,64,70,73,75
115001316,2026/01/07,1,8,9,10,13,18,19,20,28,29,42,45,46,58,63,69,70,71,74,80
115001317,2026/01/07,3,8,23,25,27,29,36,42,43,51,57,59,61,65,67,69,72,74,76,77
115001318,2026/01/07,2,6,8,14,16,28,34,38,41,45,47,48,49,54,57,61,67,71,73,79
115001319,2026/01/07,1,3,11,12,15,21,23,25,26,34,41,42,51,52,67,72,76,77,78,79
115001320,2026/01/07,4,15,20,24,26,27,28,29,32,33,34,40,45,48,50,51,58,65,70,77
115001321,2026/01/07,3,4,6,10,12,19,22,24,25,28,35,38,40,47,51,54,67,70,71,78
115001322,2026/01/07,1,7,8,11,12,14,16,18,34,43,47,49,53,58,64,67,70,71,74,75
115001323,2026/01/07,8,9,13,16,18,24,25,28,42,43,46,50,52,64,70,71,77,78,79,80
115001324,2026/01/07,4,8,12,15,23,24,26,29,34,36,37,41,43,46,49,50,58,60,63,73
115001325,2026/01/07,3,7,12,16,18,20,23,25,27,28,37,38,44,45,47,59,61,62,66,80
115001326,2026/01/07,1,3,4,5,6,9,11,14,34,35,36,45,46,47,58,61,63,64,66,80
115001327,2026/01/07,4,5,6,7,21,27,29,36,38,45,50,52,56,60,62,70,71,72,74,79
115001328,2026/01/07,6,11,14,16,17,20,21,26,27,42,43,44,47,52,53,57,60,67,68,78
115001329,2026/01/07,1,2,3,4,15,22,23,26,31,33,36,39,42,45,48,64,69,71,72,76
115001330,2026/01/07,11,15,18,20,24,30,32,43,47,49,50,58,62,63,69,71,77,78,79,80
115001331,2026/01/07,2,3,4,10,11,14,16,19,24,26,33,45,50,51,56,57,61,65,70,76
115001332,2026/01/07,5,6,7,10,11,14,25,26,38,41,43,53,57,58,62,63,66,67,69,72
115001333,2026/01/07,4,6,7,9,13,21,27,29,35,42,49,52,59,62,66,67,69,71,76,79
115001334,2026/01/07,2,3,6,12,14,16,22,23,30,35,36,40,42,49,51,55,65,68,77,78
115001335,2026/01/07,1,4,8,13,14,22,23,28,32,34,50,52,54,63,64,71,74,78,79,80
115001336,2026/01/07,3,5,7,11,14,19,20,26,37,38,50,51,52,64,67,68,69,74,76,80
115001337,2026/01/07,1,8,9,12,17,19,26,28,32,34,40,41,53,55,57,60,63,67,73,79
115001338,2026/01/07,2,3,4,6,8,12,15,18,20,27,28,29,34,45,47,49,51,59,70,77
115001339,2026/01/07,1,2,4,6,11,13,18,19,28,29,31,39,46,53,55,61,65,75,76,77
115001340,2026/01/07,3,8,11,24,26,30,32,38,39,41,48,49,52,53,57,63,70,71,73,74
115001341,2026/01/07,4,5,7,9,13,14,27,29,31,39,46,48,54,56,59,61,68,73,74,76
115001342,2026/01/07,5,8,9,15,20,23,28,30,40,41,43,44,46,51,52,61,65,73,76,77
115001343,2026/01/07,4,12,13,14,17,21,22,24,26,28,29,32,34,42,51,54,56,61,64,80
115001344,2026/01/07,5,7,9,14,17,25,27,43,49,50,58,59,60,62,65,67,68,71,74,77
115001345,2026/01/07,8,13,21,22,25,26,38,39,44,46,47,51,56,57,58,63,68,72,73,74
115001346,2026/01/07,5,7,10,11,12,16,17,24,25,27,30,35,38,51,57,61,63,65,67,77
115001347,2026/01/07,4,7,9,11,17,18,20,23,24,26,27,29,31,32,46,47,48,63,66,75
115001348,2026/01/07,4,5,11,14,23,29,30,38,40,46,48,54,59,63,68,69,71,72,78,80
115001349,2026/01/07,2,3,7,11,22,24,28,32,34,38,42,43,51,52,58,59,62,72,74,76
115001350,2026/01/07,7,8,9,12,15,20,27,28,31,32,36,37,38,40,49,54,60,62,64,66
115001351,2026/01/07,9,14,15,19,24,27,31,34,35,39,40,41,49,54,57,60,61,68,76,80
115001352,2026/01/07,4,8,9,10,16,24,25,27,31,34,35,36,46,47,51,52,58,73,76,78
115001353,2026/01/07,5,8,11,13,14,19,20,27,29,31,47,51,62,66,67,68,69,70,71,78
115001354,2026/01/07,9,12,17,19,23,26,33,36,37,38,43,51,52,53,55,60,69,74,77,80
115001355,2026/01/07,8,10,19,20,23,24,30,40,41,45,46,55,58,61,65,67,68,72,76,80
115001356,2026/01/07,3,5,8,11,17,19,29,34,40,43,46,47,49,54,56,58,61,63,69,79
115001357,2026/01/07,2,5,10,14,23,24,25,28,29,34,38,39,43,44,46,52,53,57,60,64
115001358,2026/01/07,7,8,11,12,17,20,23,29,33,40,42,50,51,52,60,63,64,69,76,80
115001359,2026/01/07,5,6,8,10,18,21,33,35,37,43,46,47,48,49,58,59,60,67,71,73
115001360,2026/01/07,1,6,12,13,14,22,23,26,27,29,31,32,33,37,38,44,65,72,79,80
115001361,2026/01/07,4,11,12,21,22,29,30,31,32,37,39,45,46,54,59,71,72,76,77,78
115001362,2026/01/07,7,9,16,18,22,26,31,40,43,49,50,51,54,57,59,60,63,67,73,76
115001363,2026/01/07,4,8,10,13,15,17,18,19,21,30,42,43,44,48,55,56,59,60,62,70
115001364,2026/01/07,7,8,9,11,14,17,27,30,31,33,41,44,48,50,56,59,63,66,70,78
115001365,2026/01/07,3,6,16,17,19,21,25,26,33,37,40,56,60,64,65,69,71,72,74,76
115001366,2026/01/07,2,7,11,13,16,22,23,27,29,31,38,42,56,63,64,65,66,75,77,79
115001367,2026/01/07,5,14,17,23,26,27,28,29,33,36,37,42,43,51,54,56,57,61,71,72
115001368,2026/01/07,4,6,8,11,17,22,25,29,36,38,39,41,44,45,62,64,65,70,75,80
115001369,2026/01/07,2,10,17,18,20,23,24,25,26,27,38,60,63,65,67,68,69,71,72,74
115001370,2026/01/07,3,6,16,18,22,23,31,35,36,39,41,43,44,48,51,59,63,72,73,78
115001371,2026/01/07,1,9,22,23,26,28,31,32,39,41,44,49,52,58,59,68,69,71,78,79
115001372,2026/01/07,1,2,4,21,22,23,28,29,36,37,39,43,46,55,57,63,64,68,69,72
115001373,2026/01/07,5,11,18,22,23,25,26,27,33,48,50,51,54,61,62,64,71,73,76,77
115001374,2026/01/07,2,3,8,16,17,24,27,36,41,42,43,44,49,51,58,59,63,64,65,72
115001375,2026/01/07,3,7,14,19,22,24,29,34,35,36,45,48,53,59,60,61,65,75,76,77
115001376,2026/01/07,2,10,11,12,15,16,17,19,23,29,30,34,40,45,53,58,68,69,74,80
115001377,2026/01/07,3,12,15,16,22,34,35,36,37,40,41,44,49,61,70,74,76,77,79,80
115001378,2026/01/07,1,2,7,9,20,21,24,30,35,39,46,47,59,60,63,64,71,73,74,80
115001379,2026/01/07,2,4,8,9,10,13,15,17,18,21,25,34,35,41,46,50,52,55,74,76
115001380,2026/01/07,3,7,8,21,22,25,26,27,37,38,40,47,48,50,53,56,67,71,75,80
115001381,2026/01/07,3,4,6,7,21,22,24,27,29,33,36,46,48,54,55,60,62,63,71,75
115001382,2026/01/07,1,6,10,11,12,13,14,17,39,40,44,48,50,54,59,63,65,72,74,77
115001383,2026/01/07,6,10,11,14,17,22,28,29,33,46,49,52,53,58,60,63,65,73,74,79
115001384,2026/01/07,2,5,6,11,12,13,26,28,33,41,43,50,51,52,55,62,67,70,73,76
115001385,2026/01/07,3,6,12,14,15,21,22,29,35,41,45,46,47,53,57,58,62,74,76,79
115001386,2026/01/07,5,6,15,16,19,26,29,34,37,39,41,48,54,58,65,68,70,71,76,78
115001387,2026/01/07,6,7,10,11,12,16,17,22,24,29,33,38,55,56,58,59,63,68,71,78
115001388,2026/01/07,4,8,10,13,19,22,23,32,37,39,45,46,55,56,57,65,74,75,78,79
115001389,2026/01/07,6,21,23,25,28,29,33,36,39,47,55,63,66,68,69,70,73,75,77,79
115001390,2026/01/07,2,4,9,12,16,20,23,27,31,32,33,41,46,51,53,64,67,77,79,80
115001391,2026/01/07,4,9,10,14,18,20,22,24,28,32,43,47,48,55,60,61,64,67,70,72
115001392,2026/01/07,1,8,13,14,18,20,22,23,29,30,34,43,50,51,55,58,65,66,69,70
115001393,2026/01/07,1,10,16,22,24,25,31,33,38,41,42,44,45,49,57,62,73,74,76,78
115001394,2026/01/07,5,12,14,15,19,24,28,39,42,47,48,51,52,57,62,66,68,74,78,80
115001395,2026/01/07,6,7,10,18,24,25,28,33,34,37,41,42,45,48,53,57,63,71,73,75
115001396,2026/01/07,5,6,9,17,28,30,31,35,39,42,44,53,55,56,57,64,65,68,70,73
115001397,2026/01/07,1,2,8,12,13,19,22,23,29,31,39,43,46,49,52,61,63,66,68,71
115001398,2026/01/07,10,15,25,26,27,28,32,34,35,36,38,39,42,47,48,51,63,65,71,80
115001399,2026/01/07,4,9,10,19,29,35,37,41,44,47,51,52,55,58,59,69,76,77,78,80
115001400,2026/01/07,5,7,8,10,17,25,37,42,54,57,58,60,62,66,68,69,71,72,74,79
115001401,2026/01/07,2,3,13,16,18,23,28,32,33,36,37,39,40,57,62,63,66,70,72,79
115001402,2026/01/07,3,5,14,16,24,32,34,38,39,40,41,42,49,52,59,64,69,73,74,76
115001403,2026/01/07,3,6,7,9,16,17,22,25,26,31,41,42,43,47,55,59,62,73,78,80
115001404,2026/01/07,1,6,8,20,24,31,34,37,42,44,45,49,50,51,57,59,66,67,71,72
115001405,2026/01/07,1,4,5,12,15,17,24,27,34,36,37,40,43,47,51,64,75,77,78,79
115001406,2026/01/07,2,3,7,11,12,29,30,31,38,44,45,48,53,55,57,60,61,62,72,74
115001407,2026/01/07,14,17,20,21,25,27,28,33,35,49,58,60,64,69,71,72,73,74,76,78
115001408,2026/01/07,1,8,10,11,15,16,20,22,25,34,37,43,45,46,48,49,54,55,56,61
115001409,2026/01/07,1,4,7,8,10,11,20,21,24,32,34,37,40,45,55,58,60,66,75,76
115001410,2026/01/07,4,8,11,25,26,28,32,33,37,38,39,43,51,56,57,58,63,69,70,74
115001411,2026/01/07,2,3,13,18,22,23,25,28,29,30,35,43,48,51,53,65,75,76,77,78
115001412,2026/01/07,1,14,17,18,20,23,25,28,30,31,32,40,41,44,52,63,76,78,79,80
115001413,2026/01/07,9,19,21,22,24,27,30,33,34,42,43,45,48,60,62,65,66,67,69,71
115001414,2026/01/07,3,10,12,16,17,20,22,30,34,41,45,46,50,51,55,57,59,74,79,80
115001415,2026/01/07,7,14,18,22,23,27,30,31,32,37,42,48,49,52,62,67,70,73,74,79
115001416,2026/01/07,6,11,12,14,16,18,26,28,34,42,45,46,47,54,56,59,64,69,70,79
115001417,2026/01/07,4,6,11,20,22,26,33,34,37,39,41,42,53,55,57,67,70,72,78,79
115001418,2026/01/07,7,10,13,16,32,36,38,40,43,47,52,54,56,59,61,64,65,67,75,77
115001419,2026/01/07,2,6,8,9,11,14,16,24,28,30,37,41,43,58,67,69,70,73,77,79
115001420,2026/01/07,3,12,21,25,29,32,33,37,43,46,51,53,57,62,63,70,73,75,76,79
115001421,2026/01/07,2,4,12,20,22,32,35,39,40,41,44,48,52,57,59,63,69,71,72,76
115001422,2026/01/08,5,13,16,17,19,26,31,38,40,41,42,45,46,48,51,53,55,58,76,80
115001423,2026/01/08,1,3,4,11,13,14,20,21,26,30,34,48,54,57,60,70,71,72,73,80
115001424,2026/01/08,6,8,9,10,12,20,27,30,31,39,44,49,51,52,53,57,58,66,69,77
115001425,2026/01/08,14,17,19,23,25,32,39,47,48,50,51,59,63,66,70,71,73,74,77,78
115001426,2026/01/08,3,4,5,8,10,19,26,27,32,37,49,55,56,61,64,65,73,76,78,80
115001427,2026/01/08,7,14,19,27,29,32,35,37,39,40,42,43,47,52,54,60,69,76,79,80
115001428,2026/01/08,4,7,8,12,13,14,17,24,25,32,34,39,41,44,50,51,52,54,60,76
115001429,2026/01/08,6,8,11,21,25,27,28,29,36,47,51,54,61,62,67,69,72,73,79,80
115001430,2026/01/08,2,8,13,15,17,19,21,27,40,42,43,47,48,52,56,63,65,69,72,77
115001431,2026/01/08,1,4,7,8,14,16,17,21,24,28,29,34,45,48,58,61,68,70,73,79
115001432,2026/01/08,1,2,12,13,18,28,34,35,37,38,42,46,47,51,58,59,60,64,67,73
115001433,2026/01/08,1,9,16,18,19,20,26,29,35,40,51,57,58,60,61,62,68,69,74,80
115001434,2026/01/08,1,8,10,11,12,15,19,22,24,27,30,31,35,36,41,45,58,59,69,76
115001435,2026/01/08,4,5,8,13,15,19,24,26,34,37,40,41,44,46,55,58,66,69,73,78
115001436,2026/01/08,4,6,7,8,17,18,19,20,21,25,29,32,35,41,45,58,59,68,72,76
115001437,2026/01/08,5,10,11,19,20,21,22,24,28,34,42,43,44,53,56,69,70,73,78,80
115001438,2026/01/08,10,12,19,21,22,29,30,43,45,48,50,51,57,59,64,69,71,73,77,80
115001439,2026/01/08,3,7,13,14,15,16,21,22,34,36,43,46,48,59,63,67,71,73,75,79
115001440,2026/01/08,5,6,8,9,11,14,18,27,32,38,40,46,47,49,55,63,65,69,70,79
115001441,2026/01/08,3,4,9,13,16,17,22,23,26,32,38,40,41,42,43,47,51,73,75,78
115001442,2026/01/08,1,4,6,8,15,19,21,27,29,30,31,33,37,39,40,42,49,53,60,79
115001443,2026/01/08,5,13,16,17,26,30,32,35,36,47,48,49,51,52,54,58,66,68,70,72
115001444,2026/01/08,3,9,14,17,20,21,26,31,32,35,36,37,40,53,56,57,58,61,62,67
115001445,2026/01/08,1,4,8,9,16,19,20,28,29,33,34,37,45,47,49,50,59,61,63,78
115001446,2026/01/08,3,6,8,14,17,20,25,30,32,34,43,46,50,53,61,71,73,74,77,79
115001447,2026/01/08,1,4,5,11,13,14,15,24,25,27,30,32,49,52,60,62,65,68,74,78
115001448,2026/01/08,3,4,6,10,13,19,23,32,40,41,42,43,44,46,48,55,67,69,72,78
115001449,2026/01/08,3,6,14,25,30,41,46,59,60,66,67,68,69,71,72,74,75,77,78,79
115001450,2026/01/08,6,8,9,13,19,21,27,29,36,37,45,48,50,55,59,68,70,74,75,78
115001451,2026/01/08,9,16,20,21,34,35,37,38,44,48,50,52,53,55,58,60,61,63,66,75
115001452,2026/01/08,6,8,9,12,13,15,20,22,23,35,38,44,50,51,54,57,60,67,77,79
115001453,2026/01/08,2,3,9,10,15,20,21,24,26,29,32,36,46,48,49,56,63,68,71,78
115001454,2026/01/08,5,8,10,14,15,16,18,20,27,28,32,35,39,41,43,48,50,62,71,76
115001455,2026/01/08,2,7,13,15,19,22,28,29,30,32,38,43,49,53,54,60,61,70,75,79
115001456,2026/01/08,3,5,6,13,15,24,27,33,35,45,52,59,66,67,70,71,73,76,78,79
115001457,2026/01/08,1,2,9,12,13,18,24,27,28,31,35,36,38,42,44,55,62,63,70,80
115001458,2026/01/08,2,3,9,11,14,17,19,25,37,51,55,59,61,62,63,71,72,75,77,79
115001459,2026/01/08,4,7,9,14,16,23,24,29,40,45,49,50,51,54,56,67,72,73,75,80
115001460,2026/01/08,1,5,6,8,11,16,20,21,27,28,34,39,46,56,64,67,70,71,73,80
115001461,2026/01/08,10,15,16,18,20,22,24,25,27,36,42,46,48,49,54,55,66,71,72,74
115001462,2026/01/08,2,16,18,22,27,32,33,35,37,45,50,54,56,61,62,67,71,74,75,80
115001463,2026/01/08,7,11,13,17,20,27,29,35,37,41,51,56,59,60,65,67,68,71,72,77
115001464,2026/01/08,6,7,11,15,17,23,25,27,28,33,34,37,38,40,50,61,62,65,76,77
115001465,2026/01/08,2,4,7,11,16,21,22,23,32,33,36,40,43,44,53,54,55,67,71,73
115001466,2026/01/08,12,13,15,16,20,27,29,32,45,47,48,49,54,55,56,63,65,74,77,79
115001467,2026/01/08,1,5,7,9,14,18,21,26,29,36,40,41,45,49,57,61,74,76,79,80
115001468,2026/01/08,2,10,12,22,28,30,34,38,41,49,54,56,58,63,64,65,67,69,77,80
115001469,2026/01/08,4,5,7,12,19,23,26,29,34,39,40,44,52,53,61,62,65,68,74,75
115001470,2026/01/08,7,8,9,11,15,17,19,20,27,37,38,40,42,52,55,57,60,66,75,78
115001471,2026/01/08,3,6,10,16,31,35,39,41,53,56,59,63,64,68,70,71,72,75,77,80
115001472,2026/01/08,3,11,18,23,24,25,27,36,39,41,54,55,60,64,65,67,68,73,75,79
115001473,2026/01/08,4,6,9,10,11,12,29,34,35,37,38,39,41,43,45,50,59,67,69,71
115001474,2026/01/08,4,8,11,13,14,19,23,24,28,36,37,38,42,44,45,52,66,68,73,75
115001475,2026/01/08,4,23,24,26,27,28,37,41,45,50,54,55,61,64,66,69,70,73,76,77
115001476,2026/01/08,8,9,14,20,25,30,31,41,46,48,51,53,57,64,65,66,68,69,72,77
115001477,2026/01/08,3,8,9,16,19,25,28,29,33,35,36,38,41,49,52,55,66,70,74,78
115001478,2026/01/08,1,3,6,7,9,20,27,30,44,45,46,56,60,61,63,64,65,68,74,80
115001479,2026/01/08,1,19,21,23,24,25,28,33,38,41,51,60,61,62,63,69,71,73,77,79
115001480,2026/01/08,1,2,9,10,11,13,14,33,34,41,46,48,49,56,57,63,65,67,70,75
115001481,2026/01/08,1,12,14,18,21,26,28,30,43,48,52,56,58,60,62,64,68,69,70,73
115001482,2026/01/08,6,7,8,11,16,19,25,32,34,37,55,64,66,67,68,69,72,77,79,80
115001483,2026/01/08,1,2,3,5,11,12,22,23,26,28,33,35,39,49,50,55,57,63,76,79
115001484,2026/01/08,14,16,17,21,27,28,31,39,43,45,47,49,54,62,64,65,69,70,71,79
115001485,2026/01/08,4,5,9,15,16,20,27,32,38,41,43,45,47,55,58,61,65,68,71,80
115001486,2026/01/08,1,2,12,13,16,19,21,23,37,38,39,40,43,45,49,52,55,60,62,79
115001487,2026/01/08,5,11,15,19,25,27,28,29,30,35,37,39,42,44,48,62,67,69,75,79
115001488,2026/01/08,1,4,13,15,17,21,24,35,36,44,45,51,52,54,57,60,62,65,66,78
115001489,2026/01/08,3,10,21,23,27,30,37,40,42,43,48,49,50,52,55,57,64,67,68,79
115001490,2026/01/08,1,2,5,10,14,16,26,33,40,41,44,45,46,47,52,55,61,62,75,77
115001491,2026/01/08,3,4,9,11,12,20,21,22,24,25,36,43,46,48,50,52,65,74,77,80
115001492,2026/01/08,2,5,6,7,20,22,30,31,33,36,42,51,57,63,66,67,68,69,76,79
115001493,2026/01/08,2,3,5,6,9,12,16,20,25,31,45,54,55,61,65,66,67,69,74,78
115001494,2026/01/08,7,15,19,20,21,22,24,28,29,31,35,36,51,53,54,56,67,78,79,80
115001495,2026/01/08,3,4,7,9,15,17,18,25,29,35,42,45,48,49,51,52,61,67,68,73
115001496,2026/01/08,6,12,16,23,26,29,32,34,39,41,45,47,52,56,59,65,70,75,76,80
115001497,2026/01/08,1,2,3,8,9,11,12,16,27,36,48,50,52,57,60,61,64,65,72,77
115001498,2026/01/08,4,6,7,12,13,14,15,21,27,30,31,32,36,45,52,54,68,69,79,80
115001499,2026/01/08,1,5,6,13,15,16,20,24,25,29,38,39,40,53,56,68,71,72,73,77
115001500,2026/01/08,3,5,11,15,17,24,29,32,35,37,51,54,63,66,68,70,72,74,79,80
115001501,2026/01/08,5,6,11,15,19,22,35,40,41,45,47,49,55,60,64,72,75,77,79,80
115001502,2026/01/08,1,5,6,14,18,20,23,32,34,36,47,49,61,68,71,72,73,76,77,80
115001503,2026/01/08,6,9,13,17,21,25,28,35,38,42,46,47,48,53,58,60,66,67,73,75
115001504,2026/01/08,2,6,7,9,12,16,21,24,42,43,44,45,47,59,62,64,69,73,76,78
115001505,2026/01/08,1,5,6,12,16,21,23,24,30,32,37,41,42,43,45,50,59,68,76,78
115001506,2026/01/08,1,5,19,21,27,28,34,36,42,48,51,52,54,58,60,62,63,64,71,74
115001507,2026/01/08,2,9,12,13,20,21,31,40,43,47,54,56,59,61,62,64,70,72,75,76
115001508,2026/01/08,5,9,13,15,17,25,28,30,40,42,47,51,53,55,56,62,69,70,72,80
115001509,2026/01/08,2,7,12,13,17,19,21,30,36,37,39,43,44,47,50,55,60,64,78,79
115001510,2026/01/08,8,10,15,20,22,25,31,32,34,41,53,56,58,60,64,68,70,73,77,80
115001511,2026/01/08,5,11,12,15,16,27,28,31,33,35,41,49,52,53,54,58,69,73,75,79
115001512,2026/01/08,5,9,12,13,15,17,18,23,24,25,26,34,36,41,45,51,61,73,77,80
115001513,2026/01/08,7,9,14,15,21,22,24,30,39,40,41,42,45,52,61,64,73,74,76,79
115001514,2026/01/08,1,2,4,8,20,22,25,27,28,37,38,41,45,47,52,55,59,68,69,79
115001515,2026/01/08,1,3,9,14,16,17,18,21,23,31,32,34,44,48,52,56,64,68,75,79
115001516,2026/01/08,2,4,6,9,10,12,21,24,28,29,32,38,42,46,52,54,59,62,65,68
115001517,2026/01/08,10,12,19,22,23,24,25,31,33,35,43,45,52,54,55,63,68,73,75,80
115001518,2026/01/08,3,13,15,20,25,29,31,32,33,37,39,40,49,52,54,55,58,65,70,78
115001519,2026/01/08,2,3,6,20,21,25,35,36,37,41,42,43,44,47,50,52,54,63,73,78
115001520,2026/01/08,9,12,14,15,19,21,26,36,38,40,44,50,51,54,55,59,73,77,78,79
115001521,2026/01/08,4,6,12,19,27,28,46,50,51,52,56,57,59,65,67,68,69,70,73,77
115001522,2026/01/08,3,6,8,10,17,21,24,25,26,28,30,32,33,35,41,44,46,58,66,72
115001523,2026/01/08,3,13,16,19,21,22,24,26,29,38,39,43,44,46,52,68,71,72,73,79
115001524,2026/01/08,2,5,6,11,15,18,19,25,28,33,43,48,52,61,65,66,68,71,77,78
115001525,2026/01/08,1,8,10,13,14,15,16,41,42,44,46,48,54,56,58,63,65,69,72,77
115001526,2026/01/08,2,5,17,20,24,26,29,31,32,33,37,39,42,49,52,56,70,72,73,74
115001527,2026/01/08,3,11,19,22,23,24,29,31,32,35,36,38,43,45,49,61,72,75,77,79
115001528,2026/01/08,5,15,17,22,23,26,29,32,34,39,43,45,48,51,61,62,64,70,74,80
115001529,2026/01/08,3,9,10,14,20,22,32,33,37,47,48,50,51,56,62,67,73,76,77,78
115001530,2026/01/08,1,3,11,12,15,19,20,23,27,31,36,38,40,42,55,56,61,70,75,80
115001531,2026/01/08,2,20,24,26,35,41,46,47,48,49,53,57,59,61,64,67,68,73,74,77
115001532,2026/01/08,1,4,6,8,11,25,29,32,36,37,40,46,55,57,59,64,67,69,75,77
115001533,2026/01/08,2,4,10,12,13,18,29,31,33,35,38,40,52,57,62,66,67,70,71,75
115001534,2026/01/08,1,3,8,12,16,19,20,22,24,30,31,43,44,46,58,63,65,68,72,80
115001535,2026/01/08,2,7,16,21,28,36,41,44,45,46,51,56,58,62,63,65,66,71,76,78
115001536,2026/01/08,5,10,12,14,20,24,25,29,32,35,36,39,51,53,62,64,65,74,76,79
115001537,2026/01/08,2,3,9,11,13,24,34,42,44,51,53,54,61,62,63,66,72,74,78,79
115001538,2026/01/08,1,2,4,9,17,22,23,31,32,35,43,44,45,48,53,57,64,67,68,75
115001539,2026/01/08,1,9,13,17,18,32,33,35,40,44,48,49,55,58,63,67,68,69,73,74
115001540,2026/01/08,4,13,14,17,23,25,30,31,32,45,53,54,55,59,62,64,68,71,73,75
115001541,2026/01/08,2,3,5,6,7,10,17,20,23,30,34,39,40,49,52,55,67,77,78,79
115001542,2026/01/08,1,16,19,23,27,30,33,35,38,46,49,50,56,59,60,61,70,71,73,78
115001543,2026/01/08,16,18,19,22,23,32,34,38,39,42,46,51,52,55,59,60,66,73,74,77
115001544,2026/01/08,2,3,5,6,7,10,11,15,18,27,29,31,37,40,42,44,50,55,64,78
115001545,2026/01/08,1,4,8,14,19,27,31,37,38,43,49,53,55,57,60,63,68,70,71,76
115001546,2026/01/08,3,10,12,23,31,40,41,44,48,50,51,55,56,58,60,61,66,69,74,77
115001547,2026/01/08,1,10,14,16,17,18,22,23,31,36,40,43,44,46,51,60,66,74,77,79
115001548,2026/01/08,5,6,8,11,13,24,26,30,31,35,44,49,51,52,54,63,71,72,76,79
115001549,2026/01/08,2,6,17,22,29,31,46,49,50,53,55,56,60,65,68,70,73,74,76,79
115001550,2026/01/08,2,10,12,15,18,20,26,32,34,38,39,43,51,60,68,69,72,74,77,79
115001551,2026/01/08,4,5,8,17,28,30,31,34,36,38,41,43,49,51,54,65,66,67,70,80
115001552,2026/01/08,5,8,11,19,23,26,38,41,43,49,51,52,53,59,61,62,64,65,76,80
115001553,2026/01/08,4,6,18,24,27,28,32,37,38,42,48,49,54,59,60,62,64,74,75,78
115001554,2026/01/08,1,8,10,13,21,24,32,34,36,39,42,46,47,50,51,58,61,66,76,79
115001555,2026/01/08,5,6,7,9,17,18,26,32,33,36,44,46,47,52,53,56,65,66,71,77
115001556,2026/01/08,3,4,8,11,16,34,35,39,45,46,50,52,54,56,59,64,70,71,78,79
115001557,2026/01/08,9,10,12,20,22,28,29,30,36,40,43,48,50,58,60,64,67,68,73,79
115001558,2026/01/08,2,4,5,6,7,9,10,19,23,25,28,31,32,35,38,52,57,63,65,78
115001559,2026/01/08,9,16,19,22,27,30,31,35,39,48,50,51,52,54,63,66,72,76,79,80
115001560,2026/01/08,4,5,7,9,19,24,39,42,46,51,53,54,61,63,65,71,73,78,79,80
115001561,2026/01/08,1,3,4,8,15,18,24,27,32,34,41,45,49,54,58,59,62,63,78,80
115001562,2026/01/08,2,3,15,17,19,32,33,43,48,49,50,52,54,60,71,72,73,74,78,80
115001563,2026/01/08,1,9,13,17,21,24,28,31,35,36,44,45,46,47,60,66,68,72,73,78
115001564,2026/01/08,5,6,9,10,24,35,37,46,51,52,54,56,61,62,67,69,71,74,76,78
115001565,2026/01/08,3,11,14,18,21,22,25,26,38,42,46,51,52,54,55,60,63,64,70,79
115001566,2026/01/08,1,4,14,17,18,23,25,31,34,42,48,52,56,58,63,68,71,76,78,79
115001567,2026/01/08,6,17,23,29,30,33,34,36,42,44,45,46,47,49,51,56,66,77,79,80
115001568,2026/01/08,3,5,7,13,18,22,25,27,29,31,40,50,52,58,60,61,68,72,75,77
115001569,2026/01/08,3,4,6,8,11,14,15,25,33,34,36,37,39,40,50,53,65,66,70,73
115001570,2026/01/08,14,16,17,23,30,31,35,36,37,38,39,48,49,52,54,56,66,68,73,76
115001571,2026/01/08,4,6,8,14,18,23,24,28,31,39,42,47,49,52,55,57,61,67,68,73
115001572,2026/01/08,2,3,7,15,17,19,21,25,26,38,42,48,50,56,57,58,60,62,66,75
115001573,2026/01/08,13,17,22,26,29,35,36,39,42,44,45,49,51,55,57,62,68,74,75,80
115001574,2026/01/08,2,5,14,18,27,30,36,37,39,42,44,49,54,56,63,65,66,70,76,79
115001575,2026/01/08,3,6,10,13,17,19,20,22,32,34,37,38,47,48,50,54,58,60,73,80
115001576,2026/01/08,1,3,6,7,15,17,18,20,22,25,32,34,40,41,42,43,53,54,56,64
115001577,2026/01/08,3,5,12,13,14,19,22,28,33,34,36,37,42,44,49,54,70,72,74,76
115001578,2026/01/08,7,12,16,19,20,32,40,41,43,54,60,63,64,65,67,71,73,75,76,78
115001579,2026/01/08,1,7,26,27,31,35,40,41,42,44,46,49,57,60,61,72,73,76,77,78
115001580,2026/01/08,3,4,26,28,30,33,37,39,47,50,53,54,56,58,63,70,76,78,79,80
115001581,2026/01/08,5,8,12,25,34,40,44,45,46,57,58,59,60,61,64,65,72,76,77,80
115001582,2026/01/08,1,3,4,6,9,11,20,23,25,26,33,35,39,40,46,58,59,68,75,80
115001583,2026/01/08,6,12,20,24,25,26,29,32,41,43,44,47,50,52,57,67,69,74,77,78
115001584,2026/01/08,1,4,8,9,11,19,20,21,27,31,35,37,43,49,61,67,68,72,75,79
115001585,2026/01/08,7,11,22,24,27,31,36,37,39,41,45,46,53,57,58,61,69,71,74,75
115001586,2026/01/08,3,12,15,18,20,27,29,30,33,37,43,46,49,54,55,59,66,71,76,78
115001587,2026/01/08,3,5,7,9,14,15,19,22,24,27,32,42,54,55,60,68,69,70,71,72
115001588,2026/01/08,9,10,12,14,25,27,32,33,35,37,48,51,53,54,60,61,62,69,73,80
115001589,2026/01/08,6,9,10,13,15,19,21,24,25,27,34,38,44,47,52,56,57,64,69,76
115001590,2026/01/08,2,6,9,11,18,21,22,24,42,43,45,46,49,53,55,65,70,77,78,80
115001591,2026/01/08,1,6,13,18,22,28,30,31,33,46,54,56,57,62,68,70,72,74,77,79
115001592,2026/01/08,1,4,11,21,28,30,33,34,37,39,42,50,52,59,69,71,73,75,76,77
115001593,2026/01/08,3,14,16,17,21,33,34,39,41,42,43,45,50,55,58,59,62,68,69,75
115001594,2026/01/08,6,10,11,13,14,24,27,30,32,33,43,48,55,56,61,64,66,67,70,80
115001595,2026/01/08,2,4,6,19,22,26,30,33,42,45,47,50,56,57,60,61,64,68,73,77
115001596,2026/01/08,3,7,8,13,22,33,36,39,45,47,49,51,54,59,64,67,68,69,77,80
115001597,2026/01/08,3,6,10,16,18,21,26,29,35,37,39,46,47,51,63,64,68,69,72,80
115001598,2026/01/08,3,9,12,13,14,15,17,24,25,29,32,38,43,50,52,57,63,65,70,74
115001599,2026/01/08,14,16,20,21,23,25,27,30,35,38,41,42,49,50,54,60,62,65,70,72
115001600,2026/01/08,1,2,4,5,7,10,15,16,19,24,28,41,48,60,61,64,65,68,71,78
115001601,2026/01/08,4,14,15,21,28,38,40,41,43,44,47,49,55,57,60,61,64,65,69,79
115001602,2026/01/08,1,4,8,18,20,28,30,36,39,41,42,45,48,57,60,63,64,70,79,80
115001603,2026/01/08,2,11,14,20,23,25,26,40,42,46,47,48,49,53,61,62,65,68,69,71
115001604,2026/01/08,2,11,14,17,24,30,37,38,39,40,41,49,50,52,55,59,60,71,73,78
115001605,2026/01/08,4,5,11,13,15,21,22,23,24,25,27,28,29,35,42,51,53,64,74,80
115001606,2026/01/08,4,12,13,20,23,30,32,35,36,40,42,44,50,54,62,63,65,67,76,78
115001607,2026/01/08,2,3,14,16,20,21,23,30,33,40,41,45,50,55,56,62,71,72,73,77
115001608,2026/01/08,1,4,11,15,20,21,24,35,37,45,48,49,50,51,56,61,72,73,75,76
115001609,2026/01/08,4,11,14,15,20,25,29,31,35,38,40,58,60,63,65,66,68,72,76,78
115001610,2026/01/08,6,7,8,12,19,30,37,41,44,45,47,50,53,55,57,65,66,74,76,77
115001611,2026/01/08,1,3,4,18,20,29,32,34,36,37,40,41,44,45,52,53,57,59,71,77
115001612,2026/01/08,1,5,9,16,22,26,31,37,40,43,47,48,49,54,55,58,59,65,71,73
115001613,2026/01/08,5,6,11,18,22,26,27,31,32,33,34,35,43,55,57,58,59,65,68,71
115001614,2026/01/08,2,6,10,11,13,15,17,18,21,27,35,40,44,48,53,60,61,68,74,75
115001615,2026/01/08,2,3,6,7,13,19,24,31,34,36,40,49,52,54,59,65,73,74,75,80
115001616,2026/01/08,3,4,6,12,13,14,15,17,20,23,30,37,44,48,49,51,52,68,76,79
115001617,2026/01/08,2,3,5,6,13,14,17,22,35,43,45,47,48,53,54,58,61,66,72,76
115001618,2026/01/08,2,6,15,17,18,22,24,27,29,35,40,45,47,58,61,62,66,68,77,78
115001619,2026/01/08,5,6,17,18,23,24,35,38,41,44,51,53,55,56,57,64,65,66,67,78
115001620,2026/01/08,3,8,9,11,17,22,24,25,26,28,32,46,52,54,56,62,71,72,75,79
115001621,2026/01/08,10,15,18,24,29,35,37,39,40,44,46,47,49,50,55,56,57,65,68,69
115001622,2026/01/08,1,10,11,18,22,23,25,26,36,40,41,43,45,47,56,59,64,66,76,77
115001623,2026/01/08,1,2,12,13,20,22,24,25,28,31,40,42,44,53,61,63,66,71,72,77
115001624,2026/01/08,1,7,16,27,31,33,35,36,38,42,43,45,51,52,57,69,71,73,74,78
115001625,2026/01/09,8,9,15,21,23,25,28,30,31,32,34,37,39,41,49,53,54,62,77,78
115001626,2026/01/09,3,5,9,17,18,20,21,22,26,35,44,47,52,55,56,59,60,62,69,74
115001627,2026/01/09,8,12,16,17,18,21,22,23,31,38,44,52,53,56,58,60,67,70,73,74
115001628,2026/01/09,5,9,15,18,22,24,26,27,40,41,42,44,47,48,53,55,58,62,71,74
115001629,2026/01/09,1,5,9,12,15,20,23,26,39,40,44,45,52,53,58,60,64,67,75,76
115001630,2026/01/09,1,5,12,17,22,23,25,27,34,37,39,41,43,53,59,66,74,76,78,79
115001631,2026/01/09,1,7,9,12,15,19,27,28,32,33,34,37,40,47,48,53,56,59,67,80
115001632,2026/01/09,1,9,12,13,18,24,26,32,35,37,41,43,49,50,51,56,65,70,76,78
115001633,2026/01/09,7,9,12,18,24,25,28,32,41,43,46,47,48,54,55,62,63,69,71,79
115001634,2026/01/09,6,8,14,19,25,29,30,33,35,36,38,41,48,50,53,65,67,70,71,73
115001635,2026/01/09,4,6,9,13,14,19,21,23,29,32,35,37,39,41,48,52,54,55,74,79
115001636,2026/01/09,4,10,13,15,16,17,19,21,27,33,42,51,52,61,64,66,67,72,75,78
115001637,2026/01/09,3,4,13,14,20,22,41,42,44,50,51,53,55,56,57,61,67,69,71,78
115001638,2026/01/09,4,6,7,11,12,16,19,23,45,46,49,50,52,58,65,71,72,76,77,78
115001639,2026/01/09,2,3,4,10,19,21,27,28,29,32,33,35,37,40,45,56,61,64,68,74
115001640,2026/01/09,1,2,14,17,18,24,25,27,28,29,31,34,35,38,52,54,58,67,74,75
115001641,2026/01/09,1,2,5,6,9,17,18,21,27,32,34,36,42,53,54,65,66,68,69,77
115001642,2026/01/09,1,2,5,9,11,17,25,26,43,44,45,47,49,55,60,70,71,72,73,79
115001643,2026/01/09,5,8,10,13,16,24,25,31,32,38,44,45,47,54,57,60,67,69,75,77
115001644,2026/01/09,3,6,23,28,29,30,37,39,42,44,48,53,56,61,62,70,74,77,78,80
115001645,2026/01/09,1,3,8,10,11,16,18,22,27,31,38,40,43,54,61,67,73,75,78,79
115001646,2026/01/09,2,14,16,21,26,31,34,38,42,43,49,53,56,58,59,64,67,69,71,77
115001647,2026/01/09,12,16,25,27,28,31,32,42,55,57,61,63,67,68,70,71,72,73,76,78
115001648,2026/01/09,2,4,7,11,12,13,14,15,16,20,26,28,32,40,62,65,67,70,76,77
115001649,2026/01/09,2,4,6,7,9,13,14,27,28,32,34,35,38,43,44,51,56,61,65,74
115001650,2026/01/09,2,5,6,11,12,17,18,21,23,26,39,40,41,45,51,52,71,72,74,80
115001651,2026/01/09,4,5,13,15,17,24,27,29,30,32,44,47,51,52,56,64,69,71,72,75
115001652,2026/01/09,2,3,15,17,21,23,24,27,32,33,34,36,38,57,60,62,65,66,71,78
115001653,2026/01/09,9,12,20,23,26,28,29,34,36,38,40,43,47,49,53,56,59,71,72,77
115001654,2026/01/09,4,6,8,14,16,21,24,25,30,31,36,39,43,44,51,57,72,74,75,76
115001655,2026/01/09,2,6,8,16,17,19,20,24,35,37,44,45,52,61,63,69,71,74,75,78
115001656,2026/01/09,9,18,20,21,25,27,29,30,32,33,36,37,41,46,49,57,67,69,70,78
115001657,2026/01/09,2,6,9,20,28,29,38,48,54,57,59,64,68,70,71,74,76,77,78,79
115001658,2026/01/09,2,3,4,9,12,14,15,23,24,26,36,41,57,62,66,69,71,73,74,80
115001659,2026/01/09,2,8,12,13,14,17,22,25,30,35,36,49,50,53,61,62,69,72,75,80
115001660,2026/01/09,1,7,14,15,16,17,23,26,28,31,36,45,56,57,58,61,64,66,74,77
115001661,2026/01/09,4,7,8,11,15,21,24,31,34,36,43,45,50,56,60,61,63,64,69,70
115001662,2026/01/09,6,10,12,14,17,21,26,27,28,34,37,38,51,60,65,66,68,69,73,74
115001663,2026/01/09,1,3,5,7,13,20,21,25,28,29,39,41,45,52,53,56,60,65,72,79
115001664,2026/01/09,2,6,10,14,15,16,19,21,27,34,39,41,42,59,61,63,64,69,73,74
115001665,2026/01/09,1,6,8,15,16,21,28,29,30,33,34,42,44,45,49,52,56,62,76,77
115001666,2026/01/09,1,2,8,9,16,21,24,25,26,27,29,32,39,40,52,53,66,72,77,80
115001667,2026/01/09,1,5,8,11,12,13,23,25,27,32,38,40,45,57,58,61,64,66,68,69
115001668,2026/01/09,3,7,12,14,17,18,19,21,22,28,29,32,39,45,46,62,70,72,74,77
115001669,2026/01/09,14,16,24,25,32,37,40,41,42,48,50,52,53,65,66,69,70,75,79,80
115001670,2026/01/09,4,8,9,12,14,22,32,36,38,49,50,56,59,60,63,64,68,71,72,78
115001671,2026/01/09,5,11,19,23,25,31,33,34,36,43,53,58,59,62,63,66,67,70,76,78
115001672,2026/01/09,2,10,18,21,22,28,31,33,39,41,43,44,52,53,64,67,68,73,77,80
115001673,2026/01/09,6,11,12,15,17,24,32,35,37,45,48,56,59,61,62,66,67,76,78,79
115001674,2026/01/09,3,15,21,27,30,33,34,37,42,44,48,50,51,54,55,60,70,71,77,79
115001675,2026/01/09,5,11,13,18,25,27,29,31,35,36,37,38,40,41,44,52,57,58,70,79
115001676,2026/01/09,4,10,12,19,24,25,28,30,45,50,51,54,57,58,59,64,71,73,74,80
115001677,2026/01/09,3,6,11,21,23,24,25,26,34,36,37,41,43,51,53,61,62,64,71,79
115001678,2026/01/09,3,6,7,11,12,13,15,20,26,27,29,33,34,39,47,54,56,61,64,77
115001679,2026/01/09,6,7,15,16,25,26,29,33,37,39,41,47,53,54,58,63,64,65,76,77
115001680,2026/01/09,2,3,7,13,21,31,32,33,36,40,42,52,53,59,62,70,71,73,74,80
115001681,2026/01/09,3,6,9,12,17,33,35,40,51,53,54,58,60,62,64,66,68,70,75,79
115001682,2026/01/09,1,2,3,7,10,16,17,22,29,31,35,36,38,40,43,54,59,60,67,79
115001683,2026/01/09,6,17,24,30,31,35,36,40,43,46,47,50,52,58,62,72,73,74,78,80
115001684,2026/01/09,2,7,8,9,14,18,22,27,30,31,36,37,46,47,59,65,70,74,75,80
115001685,2026/01/09,1,2,3,4,10,18,22,23,25,27,28,30,33,34,37,47,65,68,70,78
115001686,2026/01/09,7,11,16,20,21,25,29,30,35,37,40,49,50,53,57,63,64,67,68,80
115001687,2026/01/09,2,4,5,7,9,10,20,23,24,26,31,33,34,36,38,51,64,69,73,78
115001688,2026/01/09,2,5,6,12,23,24,25,34,36,37,39,43,44,53,56,59,61,68,73,78
115001689,2026/01/09,2,7,8,13,15,16,19,28,31,44,52,55,63,65,66,67,68,73,76,78
115001690,2026/01/09,2,5,6,14,20,25,27,36,39,41,43,46,47,54,56,57,58,62,69,77
115001691,2026/01/09,6,14,16,25,27,34,35,37,42,43,47,51,53,57,59,60,69,70,71,74
115001692,2026/01/09,1,2,4,15,16,17,20,30,32,38,39,42,46,61,62,67,68,70,79,80
115001693,2026/01/09,2,3,8,17,23,33,37,38,41,46,47,51,52,63,65,70,71,75,79,80
115001694,2026/01/09,1,2,3,4,8,12,21,27,33,40,41,49,56,58,59,60,61,63,71,74
115001695,2026/01/09,3,8,9,13,18,19,25,32,38,39,41,42,44,45,48,57,64,69,75,79
115001696,2026/01/09,2,8,16,18,21,28,31,39,42,45,47,53,56,59,61,62,67,70,79,80
115001697,2026/01/09,2,8,9,19,34,37,38,39,42,43,44,47,49,56,58,66,70,76,77,78
115001698,2026/01/09,5,7,9,12,30,31,32,34,39,42,45,46,55,61,64,65,66,67,72,74
115001699,2026/01/09,4,13,16,17,18,23,25,26,33,34,37,38,49,52,56,58,66,72,79,80
115001700,2026/01/09,2,3,6,10,22,23,24,27,33,45,49,50,54,63,64,65,68,70,71,74
115001701,2026/01/09,1,3,6,8,9,18,19,28,30,34,38,40,44,51,52,61,63,68,72,79
115001702,2026/01/09,13,19,20,21,31,33,34,36,37,42,47,50,53,63,65,68,72,75,77,78
115001703,2026/01/09,3,9,10,11,13,17,23,24,28,31,32,48,58,63,65,69,74,76,77,80
115001704,2026/01/09,7,9,10,11,14,17,19,23,26,31,32,33,47,52,65,66,70,72,74,79
115001705,2026/01/09,8,11,13,14,16,18,22,25,30,37,40,42,43,44,50,57,62,64,65,80
115001706,2026/01/09,8,9,13,17,18,19,23,29,40,43,46,48,51,53,57,63,69,72,73,75
115001707,2026/01/09,1,8,17,20,21,29,30,32,44,47,49,54,57,59,60,61,65,72,73,80
115001708,2026/01/09,3,6,7,9,12,13,15,19,20,23,26,30,33,37,40,43,44,53,63,71
115001709,2026/01/09,3,4,9,10,11,19,20,24,27,29,34,37,38,39,45,51,53,59,66,68
115001710,2026/01/09,3,12,17,19,26,27,32,33,36,37,47,48,50,52,54,56,59,73,78,80
115001711,2026/01/09,1,9,12,13,27,36,37,38,45,46,49,50,62,66,67,73,74,75,77,79
115001712,2026/01/09,9,11,12,15,16,24,26,28,29,33,36,37,40,44,56,58,61,62,75,79
115001713,2026/01/09,5,6,7,9,18,21,22,23,27,30,49,52,57,58,59,60,63,68,74,77
115001714,2026/01/09,1,3,10,14,21,22,32,35,39,51,52,53,58,61,66,68,71,73,76,78
115001715,2026/01/09,5,9,14,19,25,29,36,37,38,46,49,51,60,62,66,67,70,71,75,79
115001716,2026/01/09,4,9,13,21,29,31,33,36,41,44,48,50,51,52,65,66,71,74,75,77
115001717,2026/01/09,1,2,5,8,14,15,28,31,39,45,47,57,58,60,63,64,68,72,73,75
115001718,2026/01/09,9,12,13,18,24,25,29,31,34,41,44,48,65,69,72,75,77,78,79,80
115001719,2026/01/09,2,3,6,7,12,29,37,38,40,42,44,49,55,59,61,64,66,69,72,78
115001720,2026/01/09,7,10,14,18,22,26,27,29,31,34,35,38,43,56,59,65,67,69,72,79
115001721,2026/01/09,2,6,9,12,13,16,18,21,28,35,37,43,45,49,50,63,66,72,74,79
115001722,2026/01/09,3,4,9,12,13,15,16,23,24,25,31,36,37,41,46,54,61,63,65,66
115001723,2026/01/09,3,8,15,21,26,32,34,35,37,47,50,57,61,64,65,68,69,71,75,77
115001724,2026/01/09,1,2,13,17,19,27,29,32,42,43,47,57,58,59,68,69,70,72,75,76
115001725,2026/01/09,4,9,15,21,27,28,31,49,51,52,53,54,56,58,60,65,67,74,75,77
115001726,2026/01/09,12,19,20,21,34,39,41,43,44,47,53,56,65,66,67,74,75,77,78,79
115001727,2026/01/09,1,11,12,22,23,25,27,37,41,42,43,48,52,53,65,66,68,69,71,79
115001728,2026/01/09,2,8,9,11,15,18,20,29,31,34,47,52,61,62,67,69,70,72,73,79
115001729,2026/01/09,6,7,10,16,20,22,24,26,31,39,41,44,47,54,55,61,67,75,76,79
115001730,2026/01/09,1,2,6,11,14,16,21,23,27,30,39,43,48,53,56,61,62,65,69,77
115001731,2026/01/09,1,2,9,11,12,14,19,23,27,30,33,41,43,48,49,51,58,64,75,77
115001732,2026/01/09,12,14,20,22,23,28,30,31,37,39,41,43,48,51,57,59,60,71,73,78
115001733,2026/01/09,3,7,13,15,16,21,30,31,35,37,46,50,51,54,55,57,67,68,70,73
115001734,2026/01/09,2,4,12,15,20,23,26,29,32,36,37,41,53,58,59,69,70,77,78,79
115001735,2026/01/09,1,2,3,5,6,16,28,29,32,36,48,58,59,60,65,74,76,77,79,80
115001736,2026/01/09,3,5,6,8,9,15,26,29,32,39,43,44,46,49,51,64,66,73,76,79
115001737,2026/01/09,3,7,15,20,28,32,35,43,45,48,49,53,58,59,65,71,74,76,77,80
115001738,2026/01/09,1,2,6,8,10,11,12,15,18,23,27,37,53,54,56,59,67,68,78,79
115001739,2026/01/09,4,8,12,14,17,19,29,30,33,37,46,50,52,59,62,65,68,71,72,80
115001740,2026/01/09,1,3,7,8,9,13,14,24,28,39,41,42,55,58,60,61,68,74,76,79
115001741,2026/01/09,1,4,6,7,8,9,16,23,31,33,35,48,49,50,54,55,58,68,69,76
115001742,2026/01/09,11,14,15,16,19,21,25,26,39,40,43,44,51,56,59,63,66,72,76,78
115001743,2026/01/09,4,6,25,27,32,34,35,46,50,52,53,55,56,57,63,66,68,71,72,74
115001744,2026/01/09,3,7,9,15,16,24,27,28,29,35,38,46,47,48,49,51,54,55,56,78
115001745,2026/01/09,6,7,8,13,17,21,24,25,29,42,46,49,50,53,64,66,68,72,73,75
115001746,2026/01/09,2,3,8,9,14,16,19,24,30,33,37,41,42,53,55,58,59,62,74,77
115001747,2026/01/09,4,6,10,11,21,23,28,30,33,36,41,43,45,48,55,60,62,65,76,78
115001748,2026/01/09,5,15,29,30,33,41,44,46,50,52,54,58,59,68,69,72,74,76,77,80
115001749,2026/01/09,1,2,4,7,19,21,22,25,27,29,30,35,36,43,47,52,60,64,68,72
115001750,2026/01/09,1,5,10,17,24,27,29,31,36,41,42,43,47,48,54,57,62,69,77,80
115001751,2026/01/09,8,9,10,15,26,29,30,32,36,40,43,46,55,63,66,71,75,76,78,79
115001752,2026/01/09,1,4,12,19,22,23,25,29,33,35,37,41,42,43,56,57,62,64,71,79
115001753,2026/01/09,2,9,10,13,14,15,22,24,26,31,43,48,50,51,56,57,59,60,74,77
115001754,2026/01/09,5,6,13,18,20,23,24,26,28,29,30,41,46,51,52,55,67,71,74,76
115001755,2026/01/09,1,3,4,14,16,18,19,27,31,34,39,45,50,52,59,63,69,71,73,79
115001756,2026/01/09,4,6,9,10,12,17,24,27,30,43,51,56,57,66,67,68,70,72,75,80
115001757,2026/01/09,2,5,18,19,24,28,30,33,34,35,36,37,40,42,43,55,62,65,76,78
115001758,2026/01/09,5,8,10,12,18,22,43,44,45,48,50,52,54,56,60,65,66,69,70,71
115001759,2026/01/09,3,7,13,20,23,25,31,33,37,42,43,44,50,53,61,64,67,71,72,80
115001760,2026/01/09,4,9,12,18,22,23,25,30,37,38,39,43,47,50,51,60,64,67,73,76
115001761,2026/01/09,6,11,12,14,17,23,26,32,37,41,43,51,54,55,56,63,69,70,76,79
115001762,2026/01/09,1,5,12,13,17,19,20,21,24,25,28,29,34,37,40,42,49,59,65,71
115001763,2026/01/09,4,7,9,10,12,13,14,21,31,32,33,40,43,47,56,58,67,72,73,79
115001764,2026/01/09,3,8,9,17,28,31,35,36,37,48,51,57,58,59,62,72,74,75,77,80
115001765,2026/01/09,8,13,14,21,22,30,41,42,45,48,49,53,55,59,61,62,66,67,72,78
115001766,2026/01/09,1,13,15,16,19,22,23,24,41,44,45,47,52,54,65,66,69,75,77,80
115001767,2026/01/09,9,12,13,16,21,23,24,28,30,32,33,34,35,48,50,53,64,69,72,76
115001768,2026/01/09,7,11,16,17,21,23,25,34,35,37,38,39,43,44,45,49,53,58,61,79
115001769,2026/01/09,2,11,12,13,14,23,29,31,37,40,44,47,48,54,59,62,63,64,70,75
115001770,2026/01/09,1,6,14,15,20,21,23,29,32,36,42,46,47,51,59,66,67,69,75,80
115001771,2026/01/09,3,7,21,23,25,26,29,35,36,39,41,50,57,58,59,63,70,73,79,80
115001772,2026/01/09,1,4,7,13,14,16,23,27,28,37,38,43,46,49,55,58,61,64,68,77
115001773,2026/01/09,6,9,10,11,12,19,37,44,49,51,56,59,63,64,68,70,71,77,79,80
115001774,2026/01/09,6,7,9,13,21,22,26,32,36,42,46,55,65,67,69,70,74,76,77,78
115001775,2026/01/09,3,7,9,12,13,17,18,22,25,27,28,32,36,42,44,47,64,72,74,77
115001776,2026/01/09,8,9,14,20,22,24,27,28,40,41,45,50,53,54,56,59,64,65,68,78
115001777,2026/01/09,1,7,11,18,19,28,36,37,39,41,43,49,55,60,65,67,70,74,77,80
115001778,2026/01/09,1,4,9,10,16,23,26,28,29,33,35,38,40,41,46,54,62,76,79,80
115001779,2026/01/09,7,14,17,25,26,27,28,38,40,45,49,58,63,66,69,70,72,73,74,76
115001780,2026/01/09,2,9,12,13,19,25,26,27,30,37,46,48,49,51,52,70,74,75,77,78
115001781,2026/01/09,3,12,14,17,27,29,30,34,35,37,38,43,45,52,54,57,62,68,70,74
115001782,2026/01/09,1,7,8,15,18,28,33,34,36,38,44,48,56,58,65,67,68,69,73,74
115001783,2026/01/09,7,9,11,13,14,16,19,24,32,35,45,47,57,63,64,67,68,70,72,80
115001784,2026/01/09,7,11,12,13,14,17,23,26,34,42,43,46,53,54,62,63,64,66,71,79
115001785,2026/01/09,1,4,15,18,20,21,22,24,28,29,37,38,49,54,61,62,66,72,77,79
115001786,2026/01/09,7,8,10,15,32,33,35,43,44,45,50,51,57,63,64,65,68,69,75,79
115001787,2026/01/09,5,11,16,30,35,40,41,45,50,51,52,53,55,58,60,66,67,69,79,80
115001788,2026/01/09,5,8,9,14,16,18,21,23,24,29,32,35,46,49,51,56,60,61,62,67
115001789,2026/01/09,6,10,19,29,32,33,39,40,55,58,61,63,64,65,69,72,73,78,79,80
115001790,2026/01/09,3,4,7,9,18,19,24,30,36,39,42,45,53,59,64,65,68,70,73,74
115001791,2026/01/09,13,15,16,20,21,22,26,33,39,47,49,51,53,56,59,62,63,75,77,79
115001792,2026/01/09,2,3,4,8,26,36,40,45,49,52,55,58,68,71,72,75,77,78,79,80
115001793,2026/01/09,3,4,12,13,17,23,24,31,40,43,47,51,54,55,56,61,65,67,73,79
115001794,2026/01/09,3,6,11,12,20,22,24,25,26,28,32,35,38,42,49,55,65,67,72,80
115001795,2026/01/09,4,6,8,14,15,27,32,34,37,38,39,40,45,51,61,66,68,71,72,74
115001796,2026/01/09,1,5,9,11,18,19,22,26,27,28,31,32,33,36,39,43,45,50,58,66
115001797,2026/01/09,4,6,11,14,25,31,32,33,37,42,44,46,48,51,59,60,65,68,73,80
115001798,2026/01/09,4,5,9,10,12,16,17,20,22,25,29,39,45,50,55,60,67,70,72,79
115001799,2026/01/09,4,7,9,18,20,28,34,35,36,37,45,49,51,63,67,68,72,74,76,77
115001800,2026/01/09,2,3,4,10,18,20,23,24,25,32,43,44,46,49,52,57,70,73,76,80
115001801,2026/01/09,1,2,8,16,17,24,29,32,35,38,39,41,44,52,57,58,69,70,72,76
115001802,2026/01/09,23,26,31,32,33,34,37,42,45,47,54,57,58,59,61,62,66,67,72,75
115001803,2026/01/09,8,14,22,24,26,29,35,46,51,53,55,62,63,64,65,68,69,74,78,80
115001804,2026/01/09,3,9,19,21,24,25,28,30,31,32,41,45,53,56,58,59,62,64,68,72
115001805,2026/01/09,1,8,10,14,16,27,31,33,34,39,42,48,52,58,59,64,71,72,76,77
115001806,2026/01/09,5,6,8,9,14,18,23,36,37,43,46,50,54,60,61,62,63,68,72,76
115001807,2026/01/09,2,3,5,6,8,9,13,22,28,35,46,49,52,58,61,68,69,72,76,79
115001808,2026/01/09,2,3,6,8,9,14,16,17,22,36,52,61,68,69,70,74,76,77,79,80
115001809,2026/01/09,3,6,10,18,22,23,25,31,42,43,44,45,46,47,62,65,69,71,76,78
115001810,2026/01/09,1,4,6,11,20,25,30,31,32,35,38,40,41,44,51,58,70,72,73,78
115001811,2026/01/09,1,3,5,8,10,12,15,22,28,29,37,42,44,52,53,63,64,73,75,77
115001812,2026/01/09,1,5,9,12,16,17,25,26,28,29,41,43,49,51,59,68,72,73,75,79
115001813,2026/01/09,1,2,3,18,20,23,32,39,42,46,53,54,55,56,62,65,70,75,76,78
115001814,2026/01/09,2,5,8,9,10,11,13,17,20,21,24,26,40,42,44,48,49,59,62,77
115001815,2026/01/09,1,5,8,16,20,21,28,32,41,45,47,50,51,52,54,56,65,70,73,77
115001816,2026/01/09,1,20,23,27,32,33,34,36,40,42,44,45,48,54,59,62,64,66,68,78
115001817,2026/01/09,2,11,17,24,26,33,36,39,44,45,48,49,50,53,55,69,73,74,76,79
115001818,2026/01/09,3,5,6,9,18,22,26,33,38,40,48,49,56,59,61,63,67,74,75,78
115001819,2026/01/09,2,3,4,5,9,20,22,29,41,43,45,48,51,52,56,61,62,67,70,76
115001820,2026/01/09,8,14,22,23,28,30,41,42,46,48,51,54,58,60,63,66,68,69,71,74
115001821,2026/01/09,3,5,14,22,31,34,36,41,43,44,45,51,56,57,61,63,69,70,72,77
115001822,2026/01/09,7,8,12,13,19,20,21,26,29,31,32,33,42,61,65,66,68,74,76,80
115001823,2026/01/09,3,6,7,9,14,15,21,23,28,36,43,50,52,58,59,60,66,68,71,77
115001824,2026/01/09,2,6,11,15,17,22,25,29,30,31,32,37,39,43,52,61,66,68,72,76
115001825,2026/01/09,10,14,17,20,21,23,26,30,33,40,44,47,51,54,64,65,68,70,71,77
115001826,2026/01/09,6,10,16,17,18,20,21,22,23,28,31,47,51,53,58,67,70,71,79,80
115001827,2026/01/09,3,8,9,10,11,15,26,34,38,46,50,59,61,62,64,69,70,71,77,80
115001828,2026/01/10,1,5,9,13,17,28,32,35,36,37,39,42,43,45,47,52,55,60,65,66
115001829,2026/01/10,6,10,12,18,20,21,22,23,26,27,38,52,62,64,69,71,75,76,77,80
115001830,2026/01/10,1,6,12,13,16,18,22,23,24,26,35,40,44,55,57,58,63,65,66,72
115001831,2026/01/10,1,7,9,18,21,23,27,29,32,34,41,42,45,46,58,67,69,70,72,74
115001832,2026/01/10,1,15,16,28,43,44,48,50,52,55,56,58,59,61,64,69,70,71,73,79
115001833,2026/01/10,9,12,13,16,24,26,28,33,34,42,44,47,48,50,57,58,62,67,70,79
115001834,2026/01/10,1,6,8,9,14,20,24,26,27,29,41,45,46,47,55,61,63,69,70,74
115001835,2026/01/10,8,9,11,12,13,24,27,28,31,34,38,40,57,58,60,62,65,76,79,80
115001836,2026/01/10,9,11,24,26,30,38,43,46,48,49,50,52,53,56,60,61,62,63,65,70
115001837,2026/01/10,1,5,14,15,17,19,27,34,36,42,46,47,48,52,56,60,61,69,74,75
115001838,2026/01/10,1,2,8,14,15,17,19,28,30,32,33,34,35,36,38,44,50,58,69,76
115001839,2026/01/10,2,6,8,12,29,30,32,34,38,39,44,45,60,65,66,67,68,69,77,78
115001840,2026/01/10,1,7,12,18,19,24,27,34,37,38,39,44,47,49,53,64,65,72,73,75
115001841,2026/01/10,10,15,16,17,23,24,26,35,37,40,43,46,47,51,57,60,61,67,68,73
115001842,2026/01/10,7,9,17,20,21,25,28,33,37,39,50,53,56,61,62,63,65,66,71,79
115001843,2026/01/10,2,4,6,14,19,21,31,34,41,44,46,49,51,54,58,64,69,70,79,80
115001844,2026/01/10,10,18,21,23,25,27,32,33,35,38,41,53,54,56,57,60,70,73,78,80
115001845,2026/01/10,2,5,6,11,18,19,24,28,34,35,37,42,44,46,50,51,56,57,60,66
115001846,2026/01/10,6,8,20,22,25,27,29,35,41,44,50,52,57,58,67,68,74,75,78,80
115001847,2026/01/10,2,7,8,12,13,22,24,32,33,40,50,53,54,56,57,64,65,68,73,80
115001848,2026/01/10,1,8,11,19,21,23,25,26,27,32,36,41,42,57,62,70,71,76,77,78
115001849,2026/01/10,15,16,20,24,26,32,34,35,36,41,43,51,57,59,61,64,66,69,70,76
115001850,2026/01/10,2,5,6,7,12,14,16,18,30,35,37,44,46,47,52,54,59,66,67,74
115001851,2026/01/10,1,4,9,10,14,17,20,24,25,26,30,42,43,45,47,48,54,63,68,69
115001852,2026/01/10,1,5,10,12,17,20,22,23,25,29,32,46,54,56,60,62,65,66,71,80
115001853,2026/01/10,3,4,7,9,14,26,29,35,43,45,55,56,58,59,62,64,67,68,71,73
115001854,2026/01/10,1,6,21,22,26,28,31,33,34,37,40,48,49,55,56,61,63,65,66,73
115001855,2026/01/10,5,8,10,12,13,24,30,31,32,43,48,53,54,58,59,62,65,68,71,76
115001856,2026/01/10,2,3,8,13,16,22,25,30,31,32,33,46,51,54,57,61,68,69,77,80
115001857,2026/01/10,2,5,6,13,15,19,20,24,30,35,38,42,45,56,58,60,70,76,79,80
115001858,2026/01/10,3,5,10,12,13,16,24,27,30,33,35,39,40,43,48,49,58,59,60,80
115001859,2026/01/10,3,7,9,21,25,32,33,35,37,39,47,55,59,63,64,65,69,72,77,79
115001860,2026/01/10,2,3,6,15,27,30,32,40,42,43,46,47,53,59,63,65,66,69,70,80
115001861,2026/01/10,1,3,9,10,16,17,28,29,34,36,38,41,43,48,54,56,59,66,69,70
115001862,2026/01/10,3,20,23,28,30,31,37,41,42,44,45,46,49,51,58,60,65,75,77,80
115001863,2026/01/10,10,12,15,16,25,29,31,36,41,42,46,50,52,53,65,66,69,70,71,72
115001864,2026/01/10,5,7,10,13,15,18,19,20,23,24,28,38,56,59,65,68,69,72,74,80
115001865,2026/01/10,5,6,13,15,18,19,30,31,33,35,42,50,52,58,69,74,75,78,79,80
115001866,2026/01/10,13,14,22,26,34,35,38,39,40,47,49,53,61,70,72,73,77,78,79,80
115001867,2026/01/10,17,18,20,24,31,36,38,41,42,52,54,56,58,59,61,62,64,68,69,75
115001868,2026/01/10,8,11,15,22,27,28,29,31,32,36,42,45,49,50,51,52,53,56,70,80
115001869,2026/01/10,4,5,13,14,19,21,40,43,48,49,51,53,59,61,63,69,72,74,78,79
115001870,2026/01/10,6,7,9,19,20,21,23,24,25,30,40,43,48,57,58,63,71,73,78,80
115001871,2026/01/10,1,3,6,10,21,24,31,33,37,46,47,48,49,52,57,65,66,67,77,78
115001872,2026/01/10,14,19,25,26,30,32,37,41,47,50,55,57,60,61,69,70,73,78,79,80
115001873,2026/01/10,4,9,16,19,25,26,27,28,31,49,54,60,62,65,66,70,71,73,78,79
115001874,2026/01/10,2,7,10,11,23,24,29,30,33,43,49,56,60,65,67,68,69,75,79,80
115001875,2026/01/10,8,17,25,28,29,31,36,42,43,48,49,55,59,60,61,63,70,74,75,77
115001876,2026/01/10,2,5,10,22,32,33,38,42,44,46,49,50,53,54,58,64,68,71,73,78
115001877,2026/01/10,1,3,5,7,26,27,33,34,36,37,39,49,53,58,61,64,65,66,71,76
115001878,2026/01/10,1,5,10,23,24,26,30,33,36,43,46,53,56,58,59,61,69,72,77,80
115001879,2026/01/10,12,13,14,18,19,21,26,29,31,34,35,40,50,51,55,58,66,69,72,76
115001880,2026/01/10,5,10,16,30,33,37,41,42,43,45,49,50,51,55,64,66,70,74,75,76
115001881,2026/01/10,1,4,9,12,18,20,22,25,32,48,49,50,56,64,67,68,72,73,79,80
115001882,2026/01/10,10,11,12,14,16,21,24,26,35,38,44,45,46,49,58,59,64,65,72,74
115001883,2026/01/10,2,3,5,7,11,16,20,31,39,40,42,43,48,51,53,54,62,65,70,75
115001884,2026/01/10,2,6,7,9,12,16,20,21,30,35,37,38,41,57,58,59,60,62,65,79
115001885,2026/01/10,3,5,16,17,25,27,28,34,41,43,44,50,52,58,61,65,67,74,78,80
115001886,2026/01/10,11,13,14,25,26,33,36,37,46,50,53,54,61,67,69,71,74,76,79,80
115001887,2026/01/10,7,9,10,15,17,18,19,23,30,34,36,47,50,53,58,61,65,73,74,76
115001888,2026/01/10,1,2,3,17,22,27,29,32,35,39,44,48,49,51,57,59,60,61,65,79
115001889,2026/01/10,4,8,11,13,20,24,27,29,34,45,46,49,53,59,61,65,70,74,75,79
115001890,2026/01/10,3,4,8,15,17,19,20,23,28,29,35,36,39,49,51,64,65,66,78,80
115001891,2026/01/10,1,6,8,10,21,22,35,43,45,47,50,53,54,58,59,64,72,78,79,80
115001892,2026/01/10,1,2,4,12,18,19,23,30,34,35,46,48,53,54,56,62,63,70,77,78
115001893,2026/01/10,4,6,15,16,17,18,31,32,34,37,43,47,48,49,52,55,57,59,63,76
115001894,2026/01/10,1,2,3,7,12,16,19,22,25,32,34,35,50,54,55,59,60,69,73,80
115001895,2026/01/10,2,5,8,21,27,33,38,41,44,49,57,58,59,61,64,66,71,72,73,74
115001896,2026/01/10,8,14,16,18,23,24,28,36,39,41,45,50,51,52,53,55,67,71,72,75
115001897,2026/01/10,5,16,20,21,25,36,40,42,44,45,46,53,63,64,65,66,69,72,74,78
115001898,2026/01/10,10,14,16,17,21,22,24,28,32,39,42,43,52,53,59,62,65,71,74,79
115001899,2026/01/10,2,8,10,11,15,20,21,27,29,30,31,32,33,42,51,58,60,70,76,77
115001900,2026/01/10,2,5,9,13,14,23,27,32,37,47,52,53,58,59,60,61,71,72,74,79
115001901,2026/01/10,1,2,11,12,14,21,22,24,29,33,41,47,49,50,53,59,70,72,75,79
115001902,2026/01/10,9,14,16,18,20,22,23,24,41,43,44,54,58,60,61,64,69,74,75,76
115001903,2026/01/10,1,3,5,11,24,26,31,32,34,39,45,47,48,55,60,64,70,73,74,75
115001904,2026/01/10,1,2,3,6,7,17,18,19,20,23,24,31,37,48,53,62,64,68,74,80
115001905,2026/01/10,3,7,9,10,11,12,20,24,35,39,40,45,47,51,56,58,63,65,68,73
115001906,2026/01/10,2,5,6,17,25,27,31,32,33,39,41,44,52,60,62,63,66,68,77,80
115001907,2026/01/10,3,6,9,11,15,18,19,20,31,32,40,42,47,51,53,55,57,63,73,77
115001908,2026/01/10,3,6,9,34,37,38,39,41,46,48,51,54,57,58,61,65,70,73,75,79
115001909,2026/01/10,1,2,6,15,16,17,18,26,34,36,38,47,55,56,59,63,68,71,78,79
115001910,2026/01/10,2,4,10,12,18,27,33,39,42,44,46,47,51,58,63,64,66,75,79,80
115001911,2026/01/10,6,9,14,16,20,25,28,30,39,40,41,48,54,56,62,65,70,72,77,80
115001912,2026/01/10,3,14,24,28,33,34,35,36,47,48,51,57,58,59,63,67,69,73,76,80
115001913,2026/01/10,3,8,9,22,25,29,30,31,36,37,43,48,51,55,61,65,69,70,74,76
115001914,2026/01/10,8,9,24,26,27,29,35,38,40,41,42,43,45,48,49,59,60,65,67,70
115001915,2026/01/10,2,11,14,15,18,22,25,28,29,30,34,37,39,59,61,68,71,72,73,79
115001916,2026/01/10,6,10,20,23,28,32,36,37,38,44,45,51,55,58,60,64,67,68,71,77
115001917,2026/01/10,7,8,10,27,29,34,41,46,47,48,50,56,59,67,68,70,71,73,74,79
115001918,2026/01/10,2,8,9,12,16,23,25,26,29,30,37,44,47,50,58,59,65,68,76,77
115001919,2026/01/10,1,7,14,17,21,23,24,34,40,46,48,53,60,61,67,71,72,77,79,80
115001920,2026/01/10,5,6,8,24,25,34,36,37,38,43,44,45,47,51,53,57,71,75,76,77
115001921,2026/01/10,3,7,13,14,18,21,27,28,30,36,44,50,52,57,58,59,61,63,66,78
115001922,2026/01/10,6,16,21,23,25,33,36,39,40,47,51,52,55,59,62,66,69,70,73,75
115001923,2026/01/10,2,3,4,6,13,19,20,33,42,45,46,47,49,52,53,54,57,64,68,79
115001924,2026/01/10,1,3,10,11,17,21,25,26,27,28,29,34,39,40,41,55,57,63,64,71
115001925,2026/01/10,2,4,7,14,18,24,30,41,42,44,45,48,51,52,54,64,67,73,76,77
115001926,2026/01/10,1,3,11,13,19,21,23,26,31,35,36,48,53,60,62,63,70,73,74,80
115001927,2026/01/10,1,2,3,7,16,18,20,24,25,30,36,37,40,42,53,59,68,69,71,74
115001928,2026/01/10,4,11,16,17,18,28,30,33,35,36,41,47,55,63,66,68,72,73,76,80
115001929,2026/01/10,2,4,6,7,15,22,26,28,35,43,44,50,53,57,58,64,69,71,72,75
115001930,2026/01/10,8,13,18,20,22,26,27,32,38,39,46,48,55,56,58,64,71,74,75,79
115001931,2026/01/10,6,12,14,18,19,21,26,32,33,34,35,45,47,48,51,56,61,64,65,78
115001932,2026/01/10,1,3,6,12,14,18,19,23,26,34,38,43,44,47,51,59,67,69,71,76
115001933,2026/01/10,1,4,8,13,20,23,25,27,29,43,46,47,53,54,55,58,60,61,74,79
115001934,2026/01/10,5,7,20,21,24,25,26,33,35,40,49,52,54,66,68,69,70,71,77,80
115001935,2026/01/10,1,9,16,19,23,32,33,34,37,41,42,47,51,53,55,56,58,59,63,76
115001936,2026/01/10,1,3,4,6,10,12,15,25,26,31,32,41,46,54,55,67,69,72,73,76
115001937,2026/01/10,10,14,24,26,27,32,33,48,51,56,58,59,61,66,68,69,72,74,77,79
115001938,2026/01/10,4,6,11,15,16,18,19,20,21,25,32,36,43,52,58,61,66,74,76,80
115001939,2026/01/10,3,18,20,21,24,27,34,43,46,47,50,59,61,65,66,68,70,74,78,79
115001940,2026/01/10,7,13,14,19,22,23,30,36,42,43,44,54,60,65,66,67,69,73,74,78
115001941,2026/01/10,3,7,8,14,21,23,27,28,29,30,32,37,45,50,53,54,62,68,73,78
115001942,2026/01/10,1,15,18,21,22,24,26,27,30,37,51,52,53,56,57,59,66,70,72,75
115001943,2026/01/10,5,7,15,17,21,25,32,34,42,50,55,60,65,71,73,74,75,76,79,80
115001944,2026/01/10,1,3,7,9,21,22,25,30,33,35,36,40,43,45,53,58,67,71,79,80
115001945,2026/01/10,1,5,6,9,10,15,16,21,22,28,33,38,48,56,63,64,66,71,73,74
115001946,2026/01/10,6,7,11,12,14,18,20,22,23,25,31,42,47,53,54,56,57,72,74,75
115001947,2026/01/10,1,3,5,8,11,19,22,26,33,35,42,49,52,58,65,67,71,73,74,77
115001948,2026/01/10,2,3,13,26,30,32,34,35,38,40,42,45,46,48,51,54,67,69,72,74
115001949,2026/01/10,2,4,5,10,11,20,22,24,28,29,32,40,45,51,59,68,70,72,74,79
115001950,2026/01/10,10,17,21,23,26,31,41,45,46,47,51,60,61,62,63,64,66,69,76,78
115001951,2026/01/10,1,9,11,12,21,24,25,29,34,35,36,38,42,46,49,54,57,58,64,73
115001952,2026/01/10,11,13,19,23,24,26,27,39,48,55,57,62,63,67,69,72,74,76,77,80
115001953,2026/01/10,4,21,25,30,32,33,34,35,37,46,49,51,52,54,58,62,70,73,76,78
115001954,2026/01/10,3,6,10,14,24,29,30,33,38,39,43,48,57,58,59,61,63,73,75,77
115001955,2026/01/10,2,8,9,15,19,25,30,32,35,43,44,50,58,59,61,65,67,72,75,76
115001956,2026/01/10,8,19,20,24,26,28,32,38,40,41,44,53,56,60,62,64,71,75,76,77
115001957,2026/01/10,10,11,13,17,21,27,28,32,35,36,43,44,53,62,64,66,67,70,75,76
115001958,2026/01/10,12,13,14,17,18,22,26,31,32,36,37,38,41,42,43,60,64,70,77,79
115001959,2026/01/10,4,6,13,14,16,22,31,33,35,36,37,38,41,50,52,54,61,62,64,65
115001960,2026/01/10,3,14,15,27,28,31,36,37,42,49,53,55,56,57,58,64,67,70,75,76
115001961,2026/01/10,1,7,11,12,14,18,19,24,30,40,48,53,58,59,60,70,71,73,76,79
115001962,2026/01/10,10,12,16,20,21,36,38,40,41,47,52,54,55,60,62,64,65,69,77,78
115001963,2026/01/10,4,10,12,15,16,21,29,33,41,42,53,56,59,60,61,64,65,69,75,80
115001964,2026/01/10,1,4,6,8,13,16,36,39,43,45,46,48,55,57,60,62,65,68,69,71
115001965,2026/01/10,6,7,18,20,22,26,27,33,38,42,46,47,51,54,61,62,67,69,77,78
115001966,2026/01/10,6,9,18,21,22,23,26,28,44,47,48,54,55,57,59,63,75,76,79,80
115001967,2026/01/10,7,11,14,19,24,32,33,34,35,39,43,49,54,56,59,62,65,66,68,77
115001968,2026/01/10,2,4,14,21,22,24,27,31,32,40,44,46,53,61,64,67,68,71,76,80
115001969,2026/01/10,4,6,7,14,16,23,29,37,44,46,47,48,55,57,60,64,71,74,78,79
115001970,2026/01/10,6,13,14,15,22,26,39,41,47,48,53,58,61,62,64,65,66,68,69,77
115001971,2026/01/10,4,6,9,12,18,22,28,29,30,31,38,45,52,59,64,71,72,76,78,80
115001972,2026/01/10,6,7,10,13,19,25,26,30,31,34,40,45,47,49,58,65,67,69,70,76
115001973,2026/01/10,1,3,4,8,10,29,32,33,37,42,46,51,53,57,59,65,68,69,76,77
115001974,2026/01/10,9,18,20,21,29,34,35,37,38,42,49,52,56,63,64,68,73,75,76,80
115001975,2026/01/10,5,12,14,17,27,29,32,33,34,36,39,40,54,57,60,61,66,72,75,80
115001976,2026/01/10,2,3,5,7,13,18,26,31,33,34,35,44,49,52,56,71,73,74,76,78
115001977,2026/01/10,3,6,9,13,19,21,31,32,35,41,42,45,49,52,56,60,67,68,75,79
115001978,2026/01/10,1,2,6,17,18,20,26,29,31,34,46,49,51,66,69,71,72,74,75,76
115001979,2026/01/10,1,6,13,15,21,24,25,26,33,34,39,46,48,59,60,69,70,74,76,80
115001980,2026/01/10,2,16,17,30,32,34,43,47,50,51,58,59,60,66,69,73,74,75,78,80
115001981,2026/01/10,5,8,10,16,24,35,37,46,47,48,50,53,56,60,63,67,69,71,73,75
115001982,2026/01/10,5,6,9,11,20,21,22,40,44,46,53,58,59,61,63,66,68,75,79,80
115001983,2026/01/10,5,8,10,16,17,19,20,23,26,29,40,43,50,52,53,57,73,74,75,79
115001984,2026/01/10,2,5,7,9,18,26,31,35,37,41,44,56,58,61,62,64,66,68,74,80
115001985,2026/01/10,1,2,3,5,15,20,22,26,42,46,47,50,53,56,60,62,63,69,74,78
115001986,2026/01/10,6,9,17,22,25,32,33,36,40,44,50,51,53,55,57,66,69,72,74,80
115001987,2026/01/10,9,10,20,23,24,34,40,48,50,52,55,64,66,69,70,72,73,77,78,79
115001988,2026/01/10,3,6,15,25,28,37,38,43,45,48,50,51,55,57,58,60,62,74,77,79
115001989,2026/01/10,5,6,7,9,12,14,16,25,30,33,42,45,50,52,53,61,62,65,68,76
115001990,2026/01/10,3,6,11,13,15,17,31,35,38,40,41,42,50,51,58,61,66,69,73,77
115001991,2026/01/10,4,6,9,10,11,14,16,18,19,35,40,45,52,56,59,60,65,66,79,80
115001992,2026/01/10,10,11,14,21,23,26,34,42,45,52,53,58,59,65,66,71,72,74,76,78
115001993,2026/01/10,1,2,10,11,12,13,15,20,21,22,35,37,40,50,53,56,62,71,79,80
115001994,2026/01/10,1,11,13,14,16,25,29,30,36,39,42,44,45,51,57,59,60,67,69,72
115001995,2026/01/10,1,5,9,16,18,21,23,40,46,47,48,49,53,55,60,64,71,75,77,79
115001996,2026/01/10,1,2,5,6,14,23,24,26,30,45,46,47,48,49,50,56,59,68,71,76
115001997,2026/01/10,2,3,10,19,20,27,28,30,34,36,40,48,57,60,65,73,76,77,79,80
115001998,2026/01/10,10,21,26,29,32,38,42,43,46,50,51,52,54,58,60,65,70,75,77,78
115001999,2026/01/10,2,8,10,14,16,22,23,26,27,29,32,35,39,40,49,53,55,67,74,79
115002000,2026/01/10,1,4,5,15,19,22,23,25,26,27,28,39,41,43,53,56,60,66,76,79
115002001,2026/01/10,2,4,6,8,15,16,21,28,31,33,36,39,43,49,50,54,65,76,79,80
115002002,2026/01/10,4,7,12,14,17,20,21,24,27,28,29,30,31,34,37,40,44,61,70,76
115002003,2026/01/10,5,6,10,11,15,16,20,21,31,33,36,42,51,54,57,58,59,63,76,78
115002004,2026/01/10,6,8,9,10,17,18,21,24,31,33,34,46,52,54,61,62,68,70,74,76
115002005,2026/01/10,7,8,10,21,22,23,27,31,40,42,45,46,49,57,61,65,66,70,73,80
115002006,2026/01/10,8,15,17,22,29,30,33,36,40,44,46,56,68,69,71,72,73,75,77,80
115002007,2026/01/10,2,6,7,8,9,12,14,15,16,19,20,24,25,28,37,43,44,64,67,80
115002008,2026/01/10,8,12,13,14,16,23,24,26,28,31,47,52,56,65,66,69,70,74,78,79
115002009,2026/01/10,1,3,6,13,16,19,22,24,31,32,35,42,43,45,51,55,60,67,77,79
115002010,2026/01/10,6,11,15,16,19,20,21,26,27,29,30,37,44,45,49,55,58,70,74,79
115002011,2026/01/10,3,6,19,20,21,25,27,41,44,49,54,56,58,59,62,67,73,78,79,80
115002012,2026/01/10,5,11,18,20,21,23,24,28,29,32,33,44,47,48,50,55,60,65,66,72
115002013,2026/01/10,12,14,16,22,23,33,42,43,47,49,50,51,52,54,66,69,70,71,72,74
115002014,2026/01/10,4,9,10,12,21,26,32,39,44,48,51,53,54,58,61,63,67,68,74,80
115002015,2026/01/10,1,6,8,10,11,12,14,17,27,29,31,35,43,44,52,55,59,62,70,79
115002016,2026/01/10,2,8,12,16,26,27,33,36,41,42,45,57,63,65,69,70,73,74,78,79
115002017,2026/01/10,3,9,10,14,22,32,34,37,42,49,51,52,55,58,59,60,64,65,68,70
115002018,2026/01/10,1,19,23,27,29,34,36,37,41,50,55,57,61,66,69,71,72,74,75,77
115002019,2026/01/10,6,7,9,17,18,23,24,30,38,44,46,48,54,58,59,61,66,71,72,73
115002020,2026/01/10,3,10,14,16,21,27,28,32,37,40,44,49,57,58,59,65,67,70,78,79
115002021,2026/01/10,8,16,23,24,27,29,34,37,43,45,48,50,58,61,63,64,68,69,72,80
115002022,2026/01/10,1,3,5,9,11,13,19,24,25,32,33,37,49,51,55,62,64,66,70,71
115002023,2026/01/10,6,15,19,22,23,24,30,33,34,36,41,46,49,56,61,65,67,70,75,80
115002024,2026/01/10,10,16,17,22,25,29,30,31,34,40,45,51,61,62,66,70,71,76,78,80
115002025,2026/01/10,5,9,16,17,19,20,28,30,32,33,40,50,51,58,62,64,70,76,77,79
115002026,2026/01/10,2,4,15,20,21,22,23,24,30,31,34,36,37,40,50,61,64,67,72,78
115002027,2026/01/10,15,16,17,18,23,31,38,40,42,43,46,47,48,55,57,62,63,64,68,70
115002028,2026/01/10,4,6,10,14,15,20,24,28,30,34,36,38,40,45,49,53,69,74,76,80
115002029,2026/01/10,5,12,13,23,24,26,34,37,39,41,50,52,55,61,63,69,75,76,78,79
115002030,2026/01/10,2,3,7,10,14,15,19,24,27,29,31,32,41,44,50,62,66,67,75,78
115002031,2026/01/11,8,15,18,19,24,30,33,36,39,42,43,55,57,63,68,69,73,74,77,78
115002032,2026/01/11,1,2,4,6,7,12,15,23,25,29,32,42,43,44,48,52,53,57,68,73
115002033,2026/01/11,5,7,8,16,18,20,23,34,38,47,48,53,54,56,57,62,65,70,71,74
115002034,2026/01/11,1,7,10,12,23,30,31,36,40,46,50,54,57,58,59,62,64,70,72,75
115002035,2026/01/11,2,11,14,15,17,27,30,32,35,38,40,46,52,53,57,64,68,70,72,78
115002036,2026/01/11,4,7,12,18,22,27,34,37,38,43,47,62,63,64,69,72,73,77,79,80
115002037,2026/01/11,2,7,12,14,23,30,31,35,47,48,54,55,59,60,65,67,70,71,76,78
115002038,2026/01/11,4,5,16,26,31,33,41,42,43,52,54,55,60,62,63,67,69,76,77,79
115002039,2026/01/11,7,8,10,14,16,18,21,23,26,27,31,40,41,53,56,59,61,73,75,76
115002040,2026/01/11,1,8,15,18,27,30,31,35,40,44,48,49,50,52,58,59,62,68,69,76
115002041,2026/01/11,12,13,28,29,32,33,34,35,38,43,46,49,55,62,65,69,72,73,77,78
115002042,2026/01/11,3,6,7,10,11,13,19,38,46,50,55,58,60,61,65,66,71,73,77,78
115002043,2026/01/11,7,10,11,12,13,16,22,35,37,38,39,40,45,53,61,63,66,68,72,79
115002044,2026/01/11,2,8,12,15,16,18,22,33,34,35,39,44,48,57,59,61,67,74,76,78
115002045,2026/01/11,8,13,24,25,28,33,35,41,46,53,58,61,65,66,70,71,73,74,76,77
115002046,2026/01/11,2,6,9,17,21,24,33,34,37,38,42,43,48,49,51,54,59,62,75,77
115002047,2026/01/11,1,2,6,12,14,27,28,31,38,41,47,48,52,60,62,63,64,75,77,80
115002048,2026/01/11,1,3,4,5,6,10,13,14,15,18,19,26,33,34,41,52,58,69,70,72
115002049,2026/01/11,6,10,11,12,14,15,30,33,36,46,47,48,54,56,58,64,71,74,77,80
115002050,2026/01/11,4,6,9,12,15,23,26,30,36,39,40,43,45,52,56,57,58,59,65,69
115002051,2026/01/11,5,9,15,23,29,30,43,44,45,48,49,51,58,59,67,68,71,74,76,77
115002052,2026/01/11,3,4,8,12,15,17,18,25,33,43,44,46,47,59,62,63,64,74,75,80
115002053,2026/01/11,2,6,7,8,11,12,14,15,29,30,33,36,50,59,63,65,74,75,77,80
115002054,2026/01/11,7,10,14,21,33,34,36,38,44,46,52,58,64,66,67,70,73,74,78,79
115002055,2026/01/11,2,3,6,9,10,14,26,29,31,32,42,43,50,62,63,66,67,77,78,80
115002056,2026/01/11,13,15,18,19,23,28,36,40,41,43,45,50,51,56,60,66,68,70,76,77
115002057,2026/01/11,3,6,9,15,17,20,26,31,39,41,45,46,54,61,65,67,68,72,73,74
115002058,2026/01/11,5,12,15,17,18,22,24,26,29,36,37,44,49,51,52,53,58,60,66,70
115002059,2026/01/11,3,4,14,15,19,20,31,32,35,36,42,44,47,49,51,60,61,65,67,71
115002060,2026/01/11,4,5,12,13,14,17,18,21,22,24,25,35,40,47,49,51,52,57,78,79
115002061,2026/01/11,13,15,23,28,32,39,40,45,54,57,60,62,67,68,69,74,76,77,78,80
115002062,2026/01/11,2,5,7,12,15,21,24,33,36,38,40,49,50,51,53,59,60,61,70,74
115002063,2026/01/11,2,5,13,19,25,26,28,33,34,44,45,54,57,60,61,65,67,69,74,78
115002064,2026/01/11,1,8,9,19,23,29,30,34,39,43,45,46,51,52,57,58,59,71,73,79
115002065,2026/01/11,6,7,11,14,20,21,22,25,39,41,42,43,49,53,57,66,70,73,77,79
115002066,2026/01/11,4,14,20,22,27,30,35,36,41,53,54,56,57,61,63,64,70,71,75,79
115002067,2026/01/11,2,7,11,12,16,19,23,24,25,44,52,53,54,59,62,67,71,77,79,80
115002068,2026/01/11,1,2,4,8,12,14,16,18,20,30,37,42,46,48,54,58,62,66,75,77
115002069,2026/01/11,3,4,5,6,7,9,18,21,26,33,34,40,41,46,50,56,59,62,70,79
115002070,2026/01/11,5,24,26,31,38,39,40,41,45,48,49,52,56,58,60,63,71,72,78,79
115002071,2026/01/11,2,4,6,16,17,24,26,31,32,34,37,41,47,54,56,60,63,68,69,76
115002072,2026/01/11,6,9,10,13,18,22,25,34,40,43,48,52,54,64,65,67,68,73,74,78
115002073,2026/01/11,6,17,18,19,20,21,27,36,41,48,53,55,56,60,61,65,67,69,74,79
115002074,2026/01/11,4,11,19,20,21,22,25,31,34,39,42,44,48,52,55,65,66,69,70,78
115002075,2026/01/11,1,6,8,11,12,13,25,28,31,33,35,46,50,57,58,60,65,69,76,79
115002076,2026/01/11,2,5,7,11,19,20,21,30,32,37,40,44,46,48,52,63,64,67,70,72
115002077,2026/01/11,4,5,15,18,22,23,27,29,37,40,41,44,50,52,53,55,60,61,62,76
115002078,2026/01/11,4,6,22,26,33,36,40,43,45,48,49,50,57,58,61,66,70,71,73,76
115002079,2026/01/11,3,4,6,7,10,15,17,39,42,49,50,53,56,57,64,65,67,71,76,77
115002080,2026/01/11,2,3,6,7,9,11,14,15,16,29,30,35,39,44,45,48,58,63,74,78
115002081,2026/01/11,2,7,11,14,17,21,22,32,39,40,43,44,49,54,63,64,72,73,78,80
115002082,2026/01/11,6,10,13,14,16,18,20,35,43,45,46,51,52,53,57,58,59,66,67,68
115002083,2026/01/11,7,9,15,17,19,27,29,38,40,41,47,48,54,55,63,66,70,72,74,78
115002084,2026/01/11,1,5,6,10,11,18,25,31,35,42,46,48,51,58,59,61,70,71,73,77
115002085,2026/01/11,2,3,4,12,13,19,21,25,28,30,38,39,40,46,47,65,67,70,73,75
115002086,2026/01/11,3,4,6,9,10,21,23,27,29,36,42,46,50,54,57,59,64,71,72,73
115002087,2026/01/11,1,2,11,19,23,24,27,34,38,39,40,42,49,54,62,65,66,73,74,75
115002088,2026/01/11,6,8,9,16,24,25,27,28,29,34,36,37,42,45,50,55,58,63,66,71
115002089,2026/01/11,2,4,12,13,16,18,22,26,27,41,42,48,50,52,53,57,63,69,71,80
115002090,2026/01/11,2,11,15,18,20,21,32,42,43,44,48,51,52,55,59,67,68,70,75,79
115002091,2026/01/11,1,2,3,9,10,17,20,23,25,27,36,47,53,54,62,64,75,76,79,80
115002092,2026/01/11,3,6,12,14,16,19,21,22,23,25,27,30,35,43,51,54,64,67,72,79
115002093,2026/01/11,3,7,10,12,18,23,25,34,37,38,40,48,55,58,62,65,69,70,73,74
115002094,2026/01/11,1,9,10,15,16,19,21,22,36,42,48,49,52,55,58,60,61,71,76,78
115002095,2026/01/11,1,20,21,22,26,30,34,35,38,39,41,44,54,60,62,64,65,67,68,69
115002096,2026/01/11,8,16,18,19,20,21,26,27,28,29,33,39,53,54,55,56,64,66,70,77
115002097,2026/01/11,4,6,10,11,13,15,19,27,29,38,40,46,49,50,52,53,54,61,63,67
115002098,2026/01/11,1,7,13,22,23,27,29,30,36,42,47,51,56,61,63,69,70,75,76,78
115002099,2026/01/11,1,16,19,21,24,29,30,31,33,38,44,50,51,55,59,61,63,72,74,79
115002100,2026/01/11,1,6,14,21,22,31,32,34,37,39,42,53,60,63,69,74,77,78,79,80
115002101,2026/01/11,2,4,14,15,16,17,19,28,32,39,43,45,47,50,52,61,62,66,77,79
115002102,2026/01/11,2,3,5,10,11,12,15,17,18,21,38,39,43,50,51,58,65,70,75,77
115002103,2026/01/11,4,6,8,10,11,14,18,20,24,29,32,33,36,38,60,63,64,65,70,78
115002104,2026/01/11,4,7,14,15,17,19,22,27,38,41,48,49,53,58,62,71,72,73,78,80
115002105,2026/01/11,5,8,12,20,28,30,32,37,43,46,49,54,55,56,57,60,61,69,76,78
115002106,2026/01/11,6,7,15,22,27,44,48,51,52,54,55,59,65,68,69,71,72,75,77,78
115002107,2026/01/11,4,5,11,18,26,27,31,32,35,36,42,44,46,49,51,59,69,74,78,79
115002108,2026/01/11,2,11,15,23,27,30,34,37,38,40,41,43,44,47,58,70,73,76,78,79
115002109,2026/01/11,4,7,13,14,19,24,31,32,37,39,46,47,51,56,59,67,68,73,75,79
115002110,2026/01/11,6,7,9,10,11,14,15,17,25,26,45,48,50,53,57,60,71,72,73,75
115002111,2026/01/11,2,11,13,14,19,25,28,30,36,37,41,49,50,54,55,65,70,72,74,76
115002112,2026/01/11,6,8,10,20,22,24,25,26,32,39,43,47,50,56,63,64,73,74,75,77
115002113,2026/01/11,1,2,7,18,24,34,37,45,46,55,57,58,59,65,68,69,70,71,77,78
115002114,2026/01/11,8,9,12,14,15,19,21,23,30,32,34,35,37,47,53,55,60,62,72,77
115002115,2026/01/11,1,3,10,18,19,21,28,33,36,37,38,43,46,48,59,61,64,65,70,76
115002116,2026/01/11,6,7,14,20,22,26,27,31,32,33,35,45,46,48,52,55,57,58,62,80
115002117,2026/01/11,2,3,8,11,20,22,26,31,44,46,47,48,50,53,60,63,65,68,72,78
115002118,2026/01/11,5,13,24,26,28,29,36,39,41,42,48,57,58,59,61,72,75,78,79,80
115002119,2026/01/11,9,11,16,18,19,24,28,34,35,38,40,49,54,57,60,61,63,77,78,79
115002120,2026/01/11,10,14,21,22,23,25,29,34,36,40,42,43,46,48,49,65,67,68,76,78
115002121,2026/01/11,3,4,9,12,14,17,18,19,25,26,29,38,46,52,57,60,62,69,75,78
115002122,2026/01/11,2,3,5,10,11,15,17,24,26,37,39,44,45,50,55,59,62,67,70,73
115002123,2026/01/11,1,3,6,10,12,14,18,19,20,22,24,25,30,37,41,47,52,54,68,74
115002124,2026/01/11,2,6,16,18,19,20,24,25,31,39,40,45,50,52,55,56,64,68,74,77
115002125,2026/01/11,1,11,12,13,16,19,23,24,28,32,34,36,38,40,48,52,54,60,68,77
115002126,2026/01/11,5,10,15,20,29,33,35,37,41,43,44,47,49,50,59,61,68,73,74,76
115002127,2026/01/11,2,3,5,13,18,22,32,33,34,36,38,39,43,53,56,64,66,71,72,74
115002128,2026/01/11,6,7,13,22,23,24,27,39,42,45,52,53,54,56,57,58,66,71,76,78
115002129,2026/01/11,4,11,12,14,24,32,37,38,44,51,52,53,54,56,58,60,62,65,72,73
115002130,2026/01/11,4,5,8,10,14,15,21,26,27,39,41,49,50,51,60,63,67,68,77,79
115002131,2026/01/11,3,8,11,12,14,17,26,28,31,33,36,42,48,50,53,58,61,62,77,79
115002132,2026/01/11,5,6,8,10,11,12,15,16,30,34,37,40,44,49,54,55,59,62,64,72
115002133,2026/01/11,4,8,10,12,19,24,25,28,47,50,51,52,54,57,59,62,64,70,72,80
115002134,2026/01/11,6,8,10,15,18,21,22,33,40,41,43,46,49,50,51,55,75,76,77,79
115002135,2026/01/11,7,9,19,25,29,32,38,43,44,52,54,57,60,63,66,68,72,76,77,78
115002136,2026/01/11,5,8,10,14,17,20,25,29,34,37,43,52,54,59,61,66,67,74,75,80
115002137,2026/01/11,4,5,8,15,17,20,25,32,37,39,40,43,44,45,47,56,58,70,76,80
115002138,2026/01/11,2,4,7,8,10,13,14,15,16,39,41,48,50,51,57,61,62,63,74,77
115002139,2026/01/11,1,4,8,12,14,20,21,28,29,34,35,45,51,52,54,57,60,72,75,80
115002140,2026/01/11,1,10,14,16,17,25,30,33,53,54,55,56,57,60,61,67,71,75,78,79
115002141,2026/01/11,2,3,13,14,16,21,25,28,29,30,31,33,41,46,50,61,70,73,77,80
115002142,2026/01/11,2,4,18,23,24,27,29,31,36,37,38,39,41,42,46,47,56,57,62,80
115002143,2026/01/11,1,6,7,11,15,18,22,23,26,31,32,35,42,44,49,53,66,71,79,80
115002144,2026/01/11,5,9,11,15,27,29,31,33,34,36,40,49,50,51,59,60,63,69,75,79
115002145,2026/01/11,1,3,7,14,18,22,25,26,32,34,38,39,42,46,58,59,64,68,70,78
115002146,2026/01/11,24,25,30,33,35,37,41,44,51,54,60,61,64,65,67,68,75,77,78,79
115002147,2026/01/11,1,4,6,9,11,12,19,20,27,31,42,43,44,45,53,57,67,70,72,75
115002148,2026/01/11,2,14,18,23,24,25,29,35,39,41,44,50,52,59,62,65,67,70,72,78
115002149,2026/01/11,2,4,9,12,13,15,16,23,25,27,28,36,38,42,50,57,60,64,72,76
115002150,2026/01/11,1,3,7,9,10,16,27,28,31,40,41,42,43,45,50,61,62,64,70,76
115002151,2026/01/11,3,12,21,27,28,37,39,40,41,45,48,50,51,53,58,62,70,73,76,77
115002152,2026/01/11,2,7,8,11,17,18,19,21,22,39,41,53,55,56,57,64,72,77,78,80
115002153,2026/01/11,1,4,6,7,9,11,13,18,23,24,32,33,51,55,60,62,63,65,71,77
115002154,2026/01/11,2,3,4,8,13,17,26,28,30,31,35,39,44,45,56,61,62,67,71,72
115002155,2026/01/11,3,4,9,18,26,27,35,39,40,42,47,56,61,64,65,68,69,72,77,78
115002156,2026/01/11,1,4,9,14,28,30,32,34,35,41,45,48,49,51,55,57,58,62,63,74
115002157,2026/01/11,4,5,9,11,14,17,25,28,36,37,38,39,54,62,67,68,71,73,74,79
115002158,2026/01/11,9,18,21,23,24,25,28,36,38,40,41,42,45,53,59,66,73,74,75,80
115002159,2026/01/11,6,9,10,12,16,18,22,26,27,38,41,42,43,50,52,54,55,62,65,78
115002160,2026/01/11,10,13,16,18,22,29,31,32,33,39,42,44,52,59,60,63,65,69,73,78
115002161,2026/01/11,5,6,12,14,18,24,29,33,34,35,47,53,60,61,65,67,68,73,74,75
115002162,2026/01/11,1,7,14,19,31,32,33,36,37,38,39,44,45,51,54,55,61,71,76,79
115002163,2026/01/11,2,3,14,19,21,30,33,38,43,46,47,50,56,62,64,68,73,76,77,79
115002164,2026/01/11,8,10,11,15,17,24,25,30,36,41,42,44,52,54,64,68,71,73,74,76
115002165,2026/01/11,2,5,7,9,17,20,23,25,29,31,39,43,50,54,59,64,68,78,79,80
115002166,2026/01/11,1,9,10,15,20,24,28,29,30,31,39,42,45,47,48,57,58,63,71,78
115002167,2026/01/11,5,12,13,16,18,20,22,23,29,32,36,43,50,53,54,57,59,74,77,80
115002168,2026/01/11,2,4,7,8,9,10,16,22,26,37,40,41,48,49,64,69,73,74,79,80
115002169,2026/01/11,2,5,7,17,21,22,28,32,40,42,46,50,52,54,57,63,66,68,73,80
115002170,2026/01/11,4,7,12,14,29,30,34,40,42,48,50,54,60,63,64,68,69,71,78,80
115002171,2026/01/11,5,10,14,21,22,23,34,40,41,46,50,54,56,58,59,60,66,67,72,73
115002172,2026/01/11,9,10,16,23,24,26,29,30,32,33,39,41,42,43,47,56,59,63,64,70
115002173,2026/01/11,2,9,15,17,23,26,27,34,43,45,47,48,51,52,54,57,64,70,73,78
115002174,2026/01/11,3,4,14,19,21,23,32,34,38,39,40,46,47,48,50,53,60,63,69,79
115002175,2026/01/11,8,11,17,18,19,23,32,36,43,45,46,54,55,56,59,65,66,69,75,77
115002176,2026/01/11,5,6,14,17,26,27,29,31,34,35,39,45,56,57,63,66,70,73,76,80
115002177,2026/01/11,2,4,6,8,9,12,15,29,37,38,39,40,43,47,53,59,65,76,77,78
115002178,2026/01/11,1,4,5,8,16,20,37,41,49,50,51,54,56,57,62,63,66,73,77,78
115002179,2026/01/11,1,4,12,15,21,24,31,43,48,51,52,53,57,59,61,64,65,70,74,76
115002180,2026/01/11,7,11,18,20,21,23,29,33,37,39,42,51,54,55,58,67,68,69,71,79
115002181,2026/01/11,1,3,6,12,14,21,31,33,36,37,40,41,43,44,47,48,50,57,63,74
115002182,2026/01/11,4,9,13,14,15,20,23,25,35,36,42,46,49,52,57,62,66,67,71,73
115002183,2026/01/11,5,10,12,14,34,40,49,51,54,55,56,63,65,66,67,68,70,71,77,78
115002184,2026/01/11,4,12,13,15,17,21,29,34,35,36,37,42,50,51,52,53,55,56,62,66
115002185,2026/01/11,9,18,20,21,28,30,31,34,39,40,43,44,45,55,59,60,68,71,72,77
115002186,2026/01/11,5,7,9,16,17,18,24,25,27,29,34,40,41,43,53,58,63,69,76,80
115002187,2026/01/11,1,5,11,14,17,20,39,43,44,48,49,50,54,56,59,62,72,74,75,77
115002188,2026/01/11,2,6,7,8,11,15,16,20,25,34,43,47,53,54,56,61,62,63,65,70
115002189,2026/01/11,12,16,19,21,23,25,27,34,36,37,45,49,53,56,62,65,71,72,78,79
115002190,2026/01/11,1,5,9,10,12,13,15,16,18,22,26,39,44,46,56,58,69,72,73,79
115002191,2026/01/11,3,12,14,15,20,23,25,27,35,37,43,44,50,57,58,71,74,77,78,79
115002192,2026/01/11,2,5,18,24,28,29,31,33,38,40,43,47,48,58,61,62,65,68,72,80
115002193,2026/01/11,3,5,10,11,13,20,23,24,28,32,39,41,49,51,57,64,68,69,77,79
115002194,2026/01/11,2,6,14,17,20,23,26,27,30,31,36,38,43,45,54,63,65,67,68,76
115002195,2026/01/11,2,4,12,13,22,27,32,34,35,43,44,47,50,53,55,60,67,68,69,71
115002196,2026/01/11,4,17,19,21,24,25,28,33,36,38,44,48,50,61,71,72,74,75,76,80
115002197,2026/01/11,6,16,24,30,31,38,41,42,45,49,51,54,58,60,64,72,74,75,78,79
115002198,2026/01/11,2,3,5,6,12,17,25,26,27,28,38,40,44,45,49,51,56,64,77,78
115002199,2026/01/11,2,3,9,14,17,18,19,25,26,34,35,47,52,58,62,63,65,72,78,79
115002200,2026/01/11,3,8,11,12,13,17,23,26,27,39,42,45,49,52,53,57,59,73,74,75
115002201,2026/01/11,3,6,8,15,22,31,32,33,39,40,42,47,51,55,56,57,58,62,71,76
115002202,2026/01/11,4,5,7,14,17,19,22,24,31,32,35,36,39,44,48,56,64,68,76,78
115002203,2026/01/11,5,7,10,17,19,22,32,33,36,38,42,45,46,56,60,63,66,77,78,80
115002204,2026/01/11,2,4,6,18,20,24,27,30,32,34,37,40,54,60,61,64,67,68,76,78
115002205,2026/01/11,3,8,11,14,18,25,40,42,46,47,51,54,60,61,64,65,70,74,78,80
115002206,2026/01/11,3,12,14,15,23,29,32,41,42,45,46,49,50,51,55,59,61,63,64,68
115002207,2026/01/11,4,14,24,26,33,35,40,41,47,49,51,53,58,61,67,71,72,73,74,77
115002208,2026/01/11,2,6,9,10,13,15,19,32,35,42,50,60,63,65,66,68,72,74,76,78
115002209,2026/01/11,1,2,3,7,12,13,14,15,25,29,31,35,37,41,45,60,72,74,75,79
115002210,2026/01/11,6,15,17,18,21,23,28,35,37,40,44,48,49,50,57,64,69,73,76,77
115002211,2026/01/11,1,3,6,7,12,13,14,18,22,24,25,32,33,37,44,52,61,62,68,71
115002212,2026/01/11,3,11,17,19,21,22,26,28,31,32,35,40,41,42,43,45,62,66,68,74
115002213,2026/01/11,5,17,19,20,21,24,33,41,45,47,52,55,56,58,62,68,73,76,78,80
115002214,2026/01/11,2,6,15,18,22,24,30,32,34,35,40,42,43,49,53,66,69,71,75,77
115002215,2026/01/11,15,23,25,30,33,39,40,49,53,56,58,63,65,66,69,70,72,73,74,79
115002216,2026/01/11,1,4,8,10,22,28,38,40,45,46,47,49,54,55,60,69,74,75,77,79
115002217,2026/01/11,1,3,6,7,8,9,10,14,24,27,29,34,39,42,45,49,58,66,67,75
115002218,2026/01/11,1,2,4,11,12,16,20,28,33,34,36,43,44,46,47,55,59,71,76,77
115002219,2026/01/11,5,14,15,16,17,22,26,29,32,34,44,45,50,56,58,60,64,65,68,72
115002220,2026/01/11,1,2,4,5,11,18,23,28,33,37,40,43,44,45,46,47,55,57,68,70
115002221,2026/01/11,4,6,8,10,13,16,19,24,25,31,35,41,43,45,51,57,59,62,63,71
115002222,2026/01/11,2,6,10,13,14,15,19,22,29,34,35,56,58,61,64,74,75,76,77,79
115002223,2026/01/11,1,10,12,17,20,22,26,27,35,47,48,54,60,61,64,65,66,73,76,78
115002224,2026/01/11,4,5,6,8,10,12,14,15,18,19,27,28,30,36,43,47,61,71,74,80
115002225,2026/01/11,3,6,8,9,10,11,14,16,22,27,30,31,42,48,49,57,64,65,71,80
115002226,2026/01/11,1,2,11,12,23,26,30,32,41,45,46,49,54,55,56,62,64,69,70,77
115002227,2026/01/11,13,18,22,23,28,34,35,37,40,43,50,51,52,58,59,60,61,73,76,80
115002228,2026/01/11,4,15,17,23,26,35,39,47,51,53,55,58,59,60,62,64,68,73,78,80
115002229,2026/01/11,1,3,6,7,8,17,31,33,36,37,41,42,43,45,48,52,55,59,63,66
115002230,2026/01/11,6,9,10,11,14,22,29,35,40,45,49,50,51,54,56,57,62,67,69,73
115002231,2026/01/11,1,6,8,25,26,29,30,35,38,42,43,45,46,49,51,62,68,75,77,78
115002232,2026/01/11,1,2,3,7,9,12,15,17,24,25,30,31,32,36,40,71,73,74,75,76
115002233,2026/01/11,3,6,7,11,16,19,23,29,32,38,39,41,46,53,60,64,76,77,78,80
115002234,2026/01/12,1,6,7,19,23,24,26,32,34,35,37,38,46,55,56,59,61,67,69,79
115002235,2026/01/12,8,13,16,17,25,30,31,34,36,39,41,48,49,50,52,63,75,76,78,80
115002236,2026/01/12,6,7,11,23,30,33,43,48,49,52,53,55,57,59,63,65,68,71,77,79
115002237,2026/01/12,2,4,10,14,19,22,28,29,34,36,39,45,46,48,49,56,57,61,63,70
115002238,2026/01/12,16,17,20,25,30,38,40,41,43,46,47,49,53,54,55,56,61,62,69,77
115002239,2026/01/12,1,3,5,12,13,22,23,25,34,36,42,46,47,49,50,51,60,64,65,70
115002240,2026/01/12,1,3,4,5,7,9,12,14,18,23,28,33,39,42,43,55,65,72,73,75
115002241,2026/01/12,3,16,18,20,24,26,28,29,30,34,38,47,56,60,61,65,71,72,75,78
115002242,2026/01/12,3,7,10,11,13,15,16,18,20,25,29,30,39,44,46,48,65,67,68,76
115002243,2026/01/12,5,7,15,23,24,28,30,33,34,37,46,54,65,67,70,72,75,77,78,80
115002244,2026/01/12,4,7,12,16,22,26,34,41,42,49,54,57,58,60,62,72,74,77,78,79
115002245,2026/01/12,8,10,15,20,23,26,28,31,37,41,47,48,54,57,58,63,64,70,71,78
115002246,2026/01/12,3,6,7,9,14,21,27,33,34,40,41,45,46,48,49,58,61,62,64,72
115002247,2026/01/12,10,14,17,19,21,23,25,34,35,36,42,47,49,60,63,66,70,75,78,79
115002248,2026/01/12,5,7,12,13,14,15,26,27,40,48,50,51,54,56,60,62,73,74,75,78
115002249,2026/01/12,1,8,11,19,21,25,27,32,35,39,42,44,49,51,53,61,70,73,75,79
115002250,2026/01/12,8,9,14,18,21,32,34,35,44,47,48,52,54,57,58,64,65,72,78,79
115002251,2026/01/12,1,2,3,15,20,24,25,30,31,44,48,51,54,58,59,63,64,69,74,75
115002252,2026/01/12,4,7,12,17,21,32,34,38,43,52,53,55,59,63,67,69,73,75,77,80
115002253,2026/01/12,7,12,17,19,25,28,32,33,42,45,46,47,55,58,63,66,68,74,77,79
115002254,2026/01/12,4,12,13,23,29,35,37,38,39,40,42,46,51,54,57,61,62,67,74,80
115002255,2026/01/12,11,13,15,19,30,32,36,37,43,45,53,56,57,58,61,62,64,76,77,79
115002256,2026/01/12,3,6,8,23,25,26,29,32,33,40,42,43,48,49,53,54,60,62,66,67
115002257,2026/01/12,2,7,8,13,17,20,22,25,26,37,43,44,45,56,62,64,66,71,75,78
115002258,2026/01/12,1,6,18,19,21,28,36,38,39,40,43,51,52,55,57,63,64,68,69,73
115002259,2026/01/12,5,6,9,11,17,23,24,26,27,32,34,36,37,45,51,55,65,66,72,80
115002260,2026/01/12,3,12,15,21,28,32,34,36,37,38,41,42,45,46,48,55,68,69,72,79
115002261,2026/01/12,5,7,10,17,19,20,21,28,37,39,41,42,44,51,58,64,68,77,79,80
115002262,2026/01/12,2,6,13,15,23,25,26,28,45,46,47,49,51,61,63,67,75,78,79,80
115002263,2026/01/12,2,3,5,8,14,19,29,32,33,38,43,46,48,53,56,57,66,72,73,80
115002264,2026/01/12,2,4,7,18,20,21,39,40,48,56,58,59,60,62,65,66,69,74,79,80
115002265,2026/01/12,1,4,8,11,15,16,17,27,30,37,39,40,44,46,53,57,65,71,77,79
115002266,2026/01/12,6,16,23,24,28,31,32,36,38,39,45,54,57,62,64,65,68,73,75,76
115002267,2026/01/12,7,12,16,18,20,21,23,29,32,37,44,45,49,54,55,62,68,74,75,80
115002268,2026/01/12,8,18,19,20,21,25,31,38,43,44,47,48,51,59,61,62,65,68,70,75
115002269,2026/01/12,1,4,5,7,8,10,14,21,26,27,28,29,39,47,51,56,60,67,73,80
115002270,2026/01/12,6,7,8,11,16,20,24,26,33,34,36,38,44,47,51,61,69,70,71,79
115002271,2026/01/12,1,6,17,22,23,25,33,44,47,48,53,54,60,61,62,65,66,68,78,80
115002272,2026/01/12,3,4,6,11,14,20,23,34,37,39,40,44,46,49,53,54,55,69,76,80
115002273,2026/01/12,4,6,10,15,17,19,23,24,28,34,35,38,41,46,54,59,67,68,75,79
115002274,2026/01/12,4,5,7,15,23,28,31,35,36,37,41,52,53,55,60,70,72,75,78,79
115002275,2026/01/12,10,12,13,18,19,21,22,23,27,28,29,33,37,42,43,45,60,63,67,76
115002276,2026/01/12,1,14,16,27,30,32,33,36,37,41,42,44,45,46,62,64,67,71,72,75
115002277,2026/01/12,4,6,7,17,21,25,28,29,32,33,34,43,45,46,48,49,53,57,72,73
115002278,2026/01/12,2,3,6,12,15,31,35,37,45,47,53,60,62,64,68,70,72,75,76,79
115002279,2026/01/12,9,10,15,19,23,24,30,31,32,33,34,38,40,45,46,52,61,66,77,79
115002280,2026/01/12,1,9,15,16,20,21,22,24,32,34,39,51,56,60,65,67,69,71,77,80
115002281,2026/01/12,3,6,7,8,13,18,22,23,24,28,31,38,40,46,48,62,63,71,79,80
115002282,2026/01/12,12,16,17,22,23,29,35,37,38,43,47,49,50,51,57,64,66,74,77,79
115002283,2026/01/12,1,3,7,14,15,17,18,24,26,30,31,32,38,44,48,57,62,65,68,75
115002284,2026/01/12,6,7,9,10,11,20,24,29,40,49,50,53,54,55,57,60,62,64,74,77
115002285,2026/01/12,2,4,6,8,16,17,23,25,35,39,44,52,59,63,64,65,66,67,73,79
115002286,2026/01/12,1,5,6,12,17,20,22,23,24,25,31,47,53,55,57,61,64,66,70,74
115002287,2026/01/12,1,4,15,18,25,31,34,37,40,43,45,50,51,52,58,59,64,68,71,78
115002288,2026/01/12,3,16,18,19,24,30,33,35,37,41,43,47,49,53,59,60,66,70,72,76
115002289,2026/01/12,3,5,6,10,11,14,16,22,29,33,34,38,48,58,60,66,72,75,77,79
115002290,2026/01/12,1,10,20,22,32,33,34,35,36,37,41,42,44,45,48,62,63,75,76,77
115002291,2026/01/12,2,18,19,20,24,33,35,39,40,44,47,50,51,53,57,64,65,68,72,76
115002292,2026/01/12,1,2,3,8,9,12,21,22,27,28,29,31,42,54,56,65,67,68,77,79
115002293,2026/01/12,4,10,12,13,15,30,32,34,35,41,43,47,48,49,54,63,66,73,74,77
115002294,2026/01/12,7,15,22,23,25,33,35,37,39,41,43,54,55,57,62,63,64,70,79,80
115002295,2026/01/12,5,10,12,13,19,21,23,30,38,42,48,52,59,66,67,71,72,73,78,79
115002296,2026/01/12,9,20,21,22,25,28,29,31,34,35,44,46,49,51,53,55,59,60,69,73
115002297,2026/01/12,6,7,17,19,22,24,26,28,36,46,47,48,50,53,54,58,71,72,76,79
115002298,2026/01/12,17,27,32,34,35,45,53,54,57,58,61,62,63,65,68,70,74,75,78,79
115002299,2026/01/12,2,4,6,7,13,15,17,20,21,26,30,36,40,44,45,49,62,63,71,73
115002300,2026/01/12,1,8,11,12,15,19,22,25,26,35,41,45,46,54,59,60,61,70,72,80
115002301,2026/01/12,2,4,13,17,21,25,26,31,32,33,35,44,53,56,61,64,65,66,70,74
115002302,2026/01/12,12,17,18,22,28,34,36,54,56,61,63,65,67,68,71,73,74,75,78,79
115002303,2026/01/12,1,6,7,14,15,16,18,20,21,22,27,34,46,51,54,57,64,69,70,71
115002304,2026/01/12,10,11,14,15,16,17,24,28,29,31,35,37,50,57,58,60,63,65,67,71
115002305,2026/01/12,3,16,21,26,27,32,34,39,42,45,47,49,53,58,60,66,68,71,73,77
115002306,2026/01/12,5,9,11,20,24,26,30,35,36,37,42,54,58,60,64,69,73,74,78,79
115002307,2026/01/12,3,10,12,14,19,24,26,28,34,39,47,54,55,59,65,67,72,73,74,76
115002308,2026/01/12,5,8,10,12,17,28,34,35,40,41,43,48,50,53,61,62,69,70,73,80
115002309,2026/01/12,3,5,19,21,22,28,30,31,32,37,39,42,53,57,62,64,67,68,77,79
115002310,2026/01/12,8,15,17,21,27,30,34,41,42,49,50,52,58,60,64,70,72,74,75,79
115002311,2026/01/12,11,22,31,34,36,37,38,39,40,47,49,50,52,62,63,65,66,69,70,76
115002312,2026/01/12,3,4,5,11,25,27,31,36,38,41,43,46,53,58,60,61,64,67,74,79
115002313,2026/01/12,5,14,19,29,30,38,42,46,51,52,53,63,65,66,67,73,75,77,78,80
115002314,2026/01/12,5,7,13,15,24,25,28,29,37,43,44,48,53,62,63,66,71,72,73,75
115002315,2026/01/12,2,7,8,12,13,16,20,24,27,28,42,48,49,55,62,65,69,70,75,80
115002316,2026/01/12,1,7,10,11,17,18,20,23,25,29,32,38,41,42,50,57,60,68,76,80
115002317,2026/01/12,4,8,9,10,13,15,24,26,27,32,33,37,41,49,59,60,64,76,77,78
115002318,2026/01/12,4,6,7,12,19,23,25,35,40,43,50,52,64,65,68,70,73,76,79,80
115002319,2026/01/12,9,13,14,17,20,22,27,31,41,47,48,49,51,55,59,62,63,66,70,74
115002320,2026/01/12,2,5,12,28,34,35,36,37,46,49,52,59,62,63,64,67,70,75,76,79
115002321,2026/01/12,8,10,14,20,21,31,40,41,46,47,50,52,53,54,56,59,61,67,74,79
115002322,2026/01/12,8,10,12,15,17,21,28,32,41,45,46,56,57,58,60,61,63,67,74,78
115002323,2026/01/12,1,2,3,7,9,10,11,20,29,30,31,35,46,50,56,73,75,77,78,80
115002324,2026/01/12,1,3,6,8,22,28,37,39,41,48,51,55,68,69,71,72,73,75,79,80
115002325,2026/01/12,4,12,14,17,19,29,30,36,39,40,42,46,47,61,64,66,68,69,71,73
115002326,2026/01/12,9,10,16,22,23,26,34,36,47,50,51,57,59,60,64,65,72,75,77,79
115002327,2026/01/12,3,11,12,14,19,26,32,34,43,44,46,50,55,57,65,68,71,74,75,79
115002328,2026/01/12,3,7,8,14,18,19,27,28,32,33,35,37,40,45,52,53,57,59,67,79
115002329,2026/01/12,7,12,20,28,32,33,34,38,45,56,59,60,68,69,72,73,74,76,78,79
115002330,2026/01/12,3,8,9,10,12,14,29,31,38,39,46,47,48,52,59,64,68,71,73,79
115002331,2026/01/12,1,3,7,8,10,11,18,26,28,36,38,43,46,60,64,68,69,70,75,79
115002332,2026/01/12,1,8,11,18,22,26,27,29,30,37,38,39,45,46,54,55,64,68,73,74
115002333,2026/01/12,8,9,11,14,27,30,31,37,41,42,46,48,55,60,61,64,68,69,76,80
115002334,2026/01/12,1,6,8,10,11,13,14,16,18,25,32,40,45,48,51,56,71,74,77,78
115002335,2026/01/12,3,4,7,18,24,32,35,44,46,49,50,60,61,62,65,66,73,75,78,80
115002336,2026/01/12,1,4,6,10,16,23,27,31,32,37,39,52,57,60,64,65,72,73,74,77
115002337,2026/01/12,3,4,6,7,9,19,20,34,39,40,42,46,52,59,67,70,72,78,79,80
115002338,2026/01/12,1,5,14,19,21,23,33,36,40,41,42,45,48,50,54,56,57,63,72,76
115002339,2026/01/12,4,8,14,15,16,22,25,27,28,31,33,39,40,44,48,49,57,63,64,67
115002340,2026/01/12,7,14,15,16,23,25,32,37,45,47,48,50,52,55,56,60,66,67,73,75
115002341,2026/01/12,1,6,9,13,16,18,22,23,25,27,34,43,46,48,49,55,56,67,73,79
115002342,2026/01/12,1,2,3,6,14,19,22,32,38,39,40,43,45,50,51,52,54,60,69,73
115002343,2026/01/12,6,9,10,13,35,42,43,44,49,50,51,53,55,57,60,61,62,68,74,75
115002344,2026/01/12,5,8,12,22,27,33,34,35,38,39,41,43,52,54,58,67,70,71,72,74
115002345,2026/01/12,8,11,13,15,18,21,23,27,33,34,47,49,50,51,56,57,70,73,75,78
115002346,2026/01/12,5,11,12,19,21,24,28,33,39,40,43,46,47,48,49,51,53,54,66,78
115002347,2026/01/12,2,4,5,8,13,14,16,17,19,21,34,42,58,60,62,65,67,73,79,80
115002348,2026/01/12,10,11,14,15,22,24,26,32,41,42,43,49,54,59,60,61,64,66,69,78
115002349,2026/01/12,1,5,19,23,24,30,32,37,42,43,44,45,48,49,57,61,66,67,68,75
115002350,2026/01/12,4,6,8,12,18,22,25,34,41,45,47,56,60,61,67,68,72,74,75,76
115002351,2026/01/12,4,12,15,22,25,26,28,30,32,36,39,45,55,61,63,65,69,73,76,80
115002352,2026/01/12,7,9,13,16,19,24,31,32,34,35,36,37,41,51,54,56,57,67,69,79
115002353,2026/01/12,3,6,17,20,21,22,36,38,41,42,46,47,51,52,58,62,68,70,73,79
115002354,2026/01/12,2,5,10,11,12,19,22,26,28,36,40,45,46,48,51,62,65,66,69,79
115002355,2026/01/12,4,6,14,25,27,29,30,34,40,42,45,57,58,66,68,71,72,75,79,80
115002356,2026/01/12,2,13,14,20,25,26,33,35,37,38,40,53,55,57,60,62,65,75,77,79
115002357,2026/01/12,8,11,12,14,15,17,23,24,25,27,38,43,48,49,51,56,63,64,66,71
115002358,2026/01/12,12,13,19,22,25,27,46,47,51,52,53,56,57,58,63,66,67,68,71,77
115002359,2026/01/12,2,8,10,13,14,17,18,24,25,31,34,41,42,44,48,49,56,63,79,80
115002360,2026/01/12,5,9,16,20,22,23,29,35,49,53,54,59,60,61,62,64,65,66,78,80
115002361,2026/01/12,3,4,13,18,22,30,40,42,45,50,51,52,55,56,58,68,73,74,77,80
115002362,2026/01/12,1,2,9,13,18,20,23,27,33,37,39,40,45,52,54,55,66,70,73,76
115002363,2026/01/12,1,3,5,8,10,13,14,27,30,32,33,38,44,48,56,60,61,65,68,77
115002364,2026/01/12,1,6,7,9,14,20,21,32,35,41,43,44,45,50,61,63,70,77,78,79
115002365,2026/01/12,3,9,20,22,24,28,33,35,38,39,40,43,44,49,56,58,60,64,67,74
115002366,2026/01/12,2,5,6,14,16,18,22,27,33,36,37,40,49,58,63,66,70,72,73,75
115002367,2026/01/12,3,7,9,14,21,26,39,41,42,49,52,58,59,60,65,69,71,73,75,78
115002368,2026/01/12,2,5,6,7,15,16,17,20,22,24,33,41,43,44,46,53,65,70,72,78
115002369,2026/01/12,2,7,14,15,16,25,26,32,33,43,52,54,58,59,63,69,70,72,73,74
115002370,2026/01/12,10,12,15,18,21,27,39,41,42,46,48,64,66,68,69,72,75,76,77,78
115002371,2026/01/12,14,18,23,28,32,34,41,46,52,54,55,56,57,58,60,61,65,69,70,76
115002372,2026/01/12,1,2,7,11,16,25,27,28,35,37,39,41,44,46,48,51,57,69,78,79
115002373,2026/01/12,1,11,12,17,19,21,28,29,30,33,36,38,56,57,58,59,67,72,75,80
115002374,2026/01/12,14,18,21,24,30,32,33,34,35,36,39,40,59,60,62,66,67,70,74,77
115002375,2026/01/12,3,7,9,10,18,21,37,38,42,44,46,47,48,53,58,67,70,72,76,80
115002376,2026/01/12,1,2,6,9,13,24,26,31,32,34,35,37,43,46,49,62,65,66,73,75
115002377,2026/01/12,1,6,13,15,18,22,26,27,29,31,32,33,41,49,54,59,60,73,75,80
115002378,2026/01/12,9,10,13,15,18,21,27,28,31,38,39,49,52,55,58,59,67,73,76,78
115002379,2026/01/12,5,8,9,19,21,32,36,39,42,44,45,47,53,59,62,64,65,73,74,79
115002380,2026/01/12,2,14,21,24,32,40,41,42,43,45,49,60,62,63,67,69,72,75,78,80
115002381,2026/01/12,1,3,7,18,19,20,25,26,28,30,37,45,47,52,56,58,71,73,76,80
115002382,2026/01/12,1,4,8,9,23,24,27,28,39,42,44,55,57,64,65,66,70,72,76,79
115002383,2026/01/12,1,6,7,8,13,20,21,31,39,41,45,46,48,53,55,62,67,68,69,79
115002384,2026/01/12,5,11,16,21,23,28,31,37,38,39,42,44,45,49,51,52,53,61,63,72
115002385,2026/01/12,3,4,8,11,12,14,29,30,31,35,38,40,44,55,61,62,69,71,73,77
115002386,2026/01/12,4,9,14,16,17,19,21,23,27,33,42,57,59,60,61,64,65,66,71,74
115002387,2026/01/12,5,8,11,14,17,19,22,23,28,33,47,53,62,64,65,67,68,78,79,80
115002388,2026/01/12,1,7,10,11,18,21,26,27,28,32,36,40,47,48,49,54,55,56,63,68
115002389,2026/01/12,5,7,14,20,21,22,23,31,35,45,50,53,60,63,64,65,66,75,78,79
115002390,2026/01/12,1,7,9,11,12,24,25,28,41,42,43,53,56,57,60,61,65,70,71,75
115002391,2026/01/12,1,4,5,6,11,14,16,21,23,27,29,34,48,49,65,67,69,71,72,80
115002392,2026/01/12,9,13,19,21,25,31,32,35,39,44,46,48,49,53,62,66,68,70,72,77
115002393,2026/01/12,9,16,18,19,25,26,27,29,31,36,39,40,44,63,64,65,68,76,78,80
115002394,2026/01/12,1,5,6,11,12,14,17,26,32,34,36,38,39,46,52,54,57,68,70,74
115002395,2026/01/12,2,6,7,22,24,26,32,36,37,40,46,51,60,62,63,64,69,70,71,77
115002396,2026/01/12,1,2,6,7,10,24,28,34,35,36,40,41,43,45,52,57,59,65,69,73
115002397,2026/01/12,2,4,10,13,14,16,19,21,25,29,31,48,54,62,63,69,73,74,78,79
115002398,2026/01/12,3,8,10,20,24,27,30,31,38,45,46,49,54,56,57,63,65,68,70,76
115002399,2026/01/12,1,7,8,9,19,22,23,27,29,31,32,36,38,41,44,46,55,66,67,77
115002400,2026/01/12,4,8,20,25,26,32,37,43,46,49,51,52,53,57,60,67,71,75,79,80
115002401,2026/01/12,4,5,10,12,15,22,36,37,44,47,48,49,52,55,61,65,73,75,77,79
115002402,2026/01/12,7,11,14,19,26,30,40,42,43,45,46,47,48,53,54,55,62,65,68,77
115002403,2026/01/12,10,11,16,17,18,27,30,33,38,42,48,53,58,64,68,72,73,74,76,79
115002404,2026/01/12,4,8,10,13,15,16,21,23,35,41,42,46,54,61,62,64,66,67,71,79
115002405,2026/01/12,4,15,16,20,22,27,28,33,36,44,50,51,54,56,57,58,59,60,66,76
115002406,2026/01/12,4,13,14,16,19,23,25,31,39,43,44,48,50,52,56,60,65,70,71,77
115002407,2026/01/12,4,21,23,24,25,27,31,39,40,44,46,47,51,60,62,66,73,75,76,79
115002408,2026/01/12,2,3,4,7,12,14,25,27,36,37,48,55,56,57,60,62,68,74,77,80
115002409,2026/01/12,4,5,10,15,20,22,33,35,42,44,47,50,54,56,61,62,63,67,76,79
115002410,2026/01/12,2,6,8,11,13,19,22,25,26,37,40,43,46,49,63,65,66,71,75,76
115002411,2026/01/12,1,10,12,14,18,23,39,41,42,44,45,47,48,53,54,55,57,60,62,63
115002412,2026/01/12,3,9,16,21,25,27,28,33,34,38,43,55,60,63,64,65,68,73,76,80
115002413,2026/01/12,2,3,5,7,8,13,16,23,27,38,42,45,49,51,52,58,63,64,70,72
115002414,2026/01/12,17,20,22,23,26,32,34,36,39,41,42,48,57,59,62,68,71,72,73,79
115002415,2026/01/12,1,3,12,21,26,28,29,32,33,36,40,49,55,56,57,61,64,73,79,80
115002416,2026/01/12,1,11,18,22,27,30,46,48,49,54,58,59,65,66,68,70,73,78,79,80
115002417,2026/01/12,2,8,13,14,17,19,28,29,31,34,43,44,45,50,65,66,76,77,78,79
115002418,2026/01/12,2,4,5,10,25,27,28,33,40,41,55,60,62,69,70,73,75,76,77,78
115002419,2026/01/12,3,5,6,17,18,23,25,29,30,36,37,40,42,43,60,62,64,65,67,71
115002420,2026/01/12,4,10,12,18,19,21,28,29,30,32,47,48,51,52,58,60,62,66,69,74
115002421,2026/01/12,2,5,11,16,18,30,33,35,37,46,47,50,53,54,55,63,66,71,75,80
115002422,2026/01/12,13,18,19,21,28,29,39,44,46,47,52,57,60,61,62,63,66,68,70,73
115002423,2026/01/12,1,21,22,26,33,39,40,44,48,49,50,53,61,62,65,66,71,73,76,80
115002424,2026/01/12,1,2,9,12,15,28,31,41,44,45,49,60,63,67,68,69,70,76,77,78
115002425,2026/01/12,2,4,6,12,13,20,21,26,29,32,34,40,41,47,53,55,59,61,69,72
115002426,2026/01/12,2,3,6,8,11,22,26,28,29,30,33,40,46,49,55,65,69,70,76,78
115002427,2026/01/12,3,6,17,27,35,39,45,46,47,51,54,55,56,57,58,64,65,67,73,75
115002428,2026/01/12,3,4,11,18,19,20,22,23,24,26,31,33,34,41,43,51,54,59,75,76
115002429,2026/01/12,5,9,12,15,16,24,25,35,39,40,45,46,49,50,53,58,65,69,71,79
115002430,2026/01/12,1,9,10,14,17,21,27,36,37,39,45,48,59,60,62,67,70,75,76,78
115002431,2026/01/12,5,8,15,17,19,23,28,29,43,46,50,54,55,57,62,64,65,74,75,78
115002432,2026/01/12,7,8,9,12,13,17,18,20,21,24,30,31,45,50,58,61,64,65,71,78
115002433,2026/01/12,3,13,16,19,28,31,38,40,43,44,47,57,64,71,73,74,75,78,79,80
115002434,2026/01/12,1,2,4,14,15,17,18,19,25,27,31,32,36,43,45,56,61,64,74,79
115002435,2026/01/12,3,7,12,14,16,19,22,25,29,30,38,46,53,60,61,62,64,66,69,79
115002436,2026/01/12,6,10,20,25,30,31,35,37,43,45,48,50,55,56,58,59,65,66,76,79
115002437,2026/01/13,6,18,21,26,39,41,42,43,44,45,47,48,49,50,61,64,67,70,71,76
115002438,2026/01/13,2,8,16,21,22,23,24,26,29,40,41,43,46,50,51,53,57,66,71,79
115002439,2026/01/13,6,8,14,15,16,18,22,24,26,28,31,39,40,43,49,59,62,68,71,75
115002440,2026/01/13,3,5,10,18,21,28,29,31,34,44,46,50,52,53,54,66,69,73,76,77
115002441,2026/01/13,6,7,8,13,21,28,29,32,40,47,54,56,58,62,67,70,74,76,77,80
115002442,2026/01/13,1,11,16,20,21,23,25,31,34,35,38,41,43,45,56,57,60,61,70,80
115002443,2026/01/13,2,6,9,17,23,25,28,30,33,34,42,47,51,53,59,60,62,64,71,79
115002444,2026/01/13,2,4,8,14,17,22,31,32,34,35,39,43,46,52,53,63,65,66,73,77
115002445,2026/01/13,1,9,20,29,40,43,44,46,48,52,57,58,61,62,63,64,66,68,70,74
115002446,2026/01/13,7,9,19,32,36,37,39,40,41,53,54,57,59,62,64,67,72,73,74,75
115002447,2026/01/13,3,4,7,15,18,20,25,26,32,41,45,46,60,61,64,69,74,76,77,78
115002448,2026/01/13,14,17,19,23,25,27,31,38,44,47,51,52,54,58,63,70,72,73,76,80
115002449,2026/01/13,3,5,10,14,19,24,27,28,31,33,34,38,41,42,43,45,47,66,75,80
115002450,2026/01/13,2,10,18,19,21,30,35,38,41,43,48,49,53,55,58,59,60,63,74,77
115002451,2026/01/13,7,14,15,17,19,20,22,25,27,31,33,43,46,56,58,66,71,75,78,79
115002452,2026/01/13,4,5,10,12,17,22,23,28,34,46,49,51,53,59,62,63,66,71,75,79
115002453,2026/01/13,4,5,7,8,19,20,21,30,37,42,44,46,55,56,60,63,65,69,72,79
115002454,2026/01/13,5,7,9,10,18,21,25,28,31,36,41,44,48,50,56,59,66,67,76,79
115002455,2026/01/13,3,4,5,9,13,14,15,18,19,22,23,41,43,51,59,60,67,70,72,74
115002456,2026/01/13,2,14,16,19,20,22,27,29,39,40,41,49,52,55,62,63,70,72,74,80
115002457,2026/01/13,4,18,20,22,23,26,27,31,37,41,43,51,53,54,60,74,75,77,79,80
115002458,2026/01/13,2,4,6,9,11,24,26,32,34,35,38,39,41,42,65,66,68,73,74,80
115002459,2026/01/13,6,11,13,17,19,24,28,29,33,45,46,47,52,66,71,72,73,74,79,80
115002460,2026/01/13,12,15,18,19,25,29,31,34,38,40,42,46,48,50,52,55,60,65,71,75
115002461,2026/01/13,1,4,6,7,22,28,32,36,45,50,53,54,55,56,58,62,66,68,69,77
115002462,2026/01/13,9,21,22,24,28,31,40,45,46,48,50,51,52,57,66,73,76,78,79,80
115002463,2026/01/13,6,11,12,14,20,23,24,25,30,33,41,45,52,55,58,60,62,65,74,80
115002464,2026/01/13,2,4,10,16,17,20,23,29,35,37,45,48,49,50,59,60,62,63,71,72
115002465,2026/01/13,1,2,13,14,18,21,24,30,31,39,40,41,42,43,46,52,53,59,64,69
115002466,2026/01/13,2,4,6,7,9,16,22,24,26,28,37,42,45,47,49,55,60,66,79,80
115002467,2026/01/13,4,6,9,13,16,20,22,25,32,35,40,43,50,56,59,65,67,68,73,80
115002468,2026/01/13,4,6,9,14,17,24,25,29,30,31,32,35,38,41,44,46,52,56,59,73
115002469,2026/01/13,1,4,10,19,26,28,32,34,38,40,43,44,49,55,57,61,62,67,71,80
115002470,2026/01/13,4,6,11,13,16,18,22,29,32,41,42,46,53,54,55,60,61,72,76,79
115002471,2026/01/13,4,11,17,22,25,28,33,34,36,38,42,43,44,46,64,67,68,76,77,80
115002472,2026/01/13,1,14,18,26,29,33,34,47,51,54,55,57,59,62,68,70,71,72,73,80
115002473,2026/01/13,5,9,11,12,14,27,33,41,42,48,52,54,59,60,63,66,71,75,78,80
115002474,2026/01/13,6,9,16,18,19,23,26,28,37,43,50,55,57,58,61,65,66,75,76,79
115002475,2026/01/13,1,3,11,12,16,28,29,31,35,36,41,49,57,64,68,69,71,73,75,79
115002476,2026/01/13,3,7,9,10,11,13,15,17,22,23,27,34,38,39,41,55,69,77,79,80
115002477,2026/01/13,9,15,18,20,22,26,31,33,35,41,43,44,47,53,54,61,62,66,71,78
115002478,2026/01/13,1,2,4,6,15,16,23,30,31,35,41,42,49,52,56,67,76,77,78,80
115002479,2026/01/13,2,8,9,11,12,13,16,17,23,33,38,52,53,54,58,59,61,68,74,78
115002480,2026/01/13,1,4,17,18,24,28,32,42,43,45,53,58,61,62,63,64,70,75,76,80
115002481,2026/01/13,3,6,7,10,12,21,30,33,37,38,39,43,46,54,56,60,66,68,72,80
115002482,2026/01/13,2,3,9,10,20,21,30,33,35,36,42,43,44,46,48,55,64,66,76,80
115002483,2026/01/13,4,8,11,18,26,27,29,36,37,40,45,46,48,51,53,56,62,63,68,73
115002484,2026/01/13,1,2,5,6,11,12,14,20,23,33,40,47,48,50,52,58,61,63,64,75
115002485,2026/01/13,4,8,18,27,29,31,34,45,47,50,53,56,65,66,69,70,72,73,76,80
115002486,2026/01/13,1,4,8,14,15,16,17,20,23,25,35,37,40,56,57,63,68,69,71,80
115002487,2026/01/13,2,6,11,12,16,20,25,26,35,36,40,46,55,56,58,60,61,67,70,72
115002488,2026/01/13,6,14,16,19,20,21,27,28,34,39,42,46,55,56,59,61,64,72,78,79
115002489,2026/01/13,8,9,10,11,26,31,37,38,42,43,47,49,55,57,59,60,63,65,67,77
115002490,2026/01/13,3,4,5,13,17,22,23,24,32,37,38,41,44,48,61,62,70,71,72,73
115002491,2026/01/13,14,22,24,29,30,36,37,38,39,41,42,52,55,56,61,64,65,68,69,79
115002492,2026/01/13,4,13,19,22,24,28,29,30,32,33,36,52,58,63,64,66,68,71,73,78
115002493,2026/01/13,2,3,5,8,12,15,17,26,40,45,46,48,53,54,63,67,75,76,78,80
115002494,2026/01/13,2,6,24,25,26,31,32,34,43,54,56,59,61,62,63,66,67,68,77,80
115002495,2026/01/13,6,12,13,36,41,42,46,47,49,52,57,62,63,65,66,70,71,74,76,77
115002496,2026/01/13,3,5,6,16,19,21,25,29,32,36,48,49,51,57,61,62,67,68,73,74
115002497,2026/01/13,1,2,3,7,14,22,28,33,40,45,50,52,59,61,63,65,66,69,77,80
115002498,2026/01/13,2,5,6,11,12,15,17,24,25,36,46,49,54,55,56,59,66,69,75,78
115002499,2026/01/13,1,5,8,18,23,26,30,36,43,46,49,51,55,59,63,65,66,70,71,79
115002500,2026/01/13,3,9,11,12,14,16,18,20,21,26,28,30,33,35,36,39,55,58,59,63
115002501,2026/01/13,2,3,5,6,13,18,23,26,30,32,34,39,40,41,56,62,63,64,73,75
115002502,2026/01/13,6,10,14,18,19,21,23,28,39,40,45,47,54,60,61,67,70,72,75,80
115002503,2026/01/13,2,7,8,11,16,18,30,31,35,39,41,45,46,53,55,58,59,68,71,75
115002504,2026/01/13,13,15,22,27,28,33,34,35,42,45,53,56,58,67,68,72,73,75,77,79
115002505,2026/01/13,3,12,20,21,31,32,33,35,37,38,41,54,58,63,65,68,69,70,72,79
115002506,2026/01/13,4,14,18,21,29,30,32,38,39,44,47,49,51,55,66,69,71,72,74,80
115002507,2026/01/13,4,5,6,10,11,21,29,40,44,52,54,55,61,64,71,73,75,76,79,80
115002508,2026/01/13,1,2,4,5,11,14,16,18,33,38,44,51,56,60,62,68,75,76,77,79
115002509,2026/01/13,7,13,15,21,29,36,43,48,53,60,64,65,68,69,72,74,76,78,79,80
115002510,2026/01/13,1,2,6,8,11,13,14,16,20,24,27,30,34,37,38,41,44,66,67,78
115002511,2026/01/13,7,12,13,14,18,23,24,25,30,34,39,42,44,45,47,52,56,68,71,80
115002512,2026/01/13,3,4,9,15,16,24,25,30,36,38,41,44,49,52,54,55,56,63,72,73
115002513,2026/01/13,1,11,16,17,23,24,28,29,30,37,45,47,48,49,55,60,61,72,74,79
115002514,2026/01/13,3,11,19,23,24,26,27,32,34,36,37,38,42,43,47,57,59,65,71,79
115002515,2026/01/13,4,9,17,18,20,29,32,39,41,42,49,53,54,55,56,57,60,61,73,74
115002516,2026/01/13,2,5,7,10,21,23,28,29,30,33,37,41,42,45,68,72,73,77,78,80
115002517,2026/01/13,4,5,8,9,10,13,15,18,20,25,28,37,44,46,53,58,65,69,76,79
115002518,2026/01/13,2,3,10,15,17,18,19,24,25,27,28,31,44,56,58,62,69,71,74,80
115002519,2026/01/13,2,8,11,13,18,23,41,43,47,49,50,54,56,60,63,64,68,73,77,79
115002520,2026/01/13,1,9,16,20,21,24,25,40,43,44,46,49,51,54,56,60,64,69,77,79
115002521,2026/01/13,7,8,11,16,19,20,22,23,33,37,39,41,45,53,55,57,72,74,75,77
115002522,2026/01/13,2,3,32,38,39,40,42,43,46,48,53,56,57,58,59,60,65,69,73,75
115002523,2026/01/13,1,6,8,12,17,18,25,28,33,34,38,40,42,54,59,71,72,74,75,77
115002524,2026/01/13,3,6,8,11,14,21,22,29,31,37,39,46,47,59,70,72,73,75,77,78
115002525,2026/01/13,2,4,6,8,9,14,17,20,23,25,30,34,42,43,48,49,60,75,76,78
115002526,2026/01/13,5,7,10,11,12,13,14,19,28,33,38,42,46,50,54,56,58,66,75,76
115002527,2026/01/13,2,12,14,17,18,25,27,43,51,54,55,57,60,62,67,68,72,73,74,78
115002528,2026/01/13,5,9,11,15,19,20,23,26,28,30,31,32,41,42,43,45,46,72,73,74
115002529,2026/01/13,2,3,5,10,11,16,24,28,30,31,44,46,47,50,53,62,66,67,68,73
115002530,2026/01/13,4,5,7,8,25,27,28,31,36,37,38,45,53,54,55,60,65,71,74,79
115002531,2026/01/13,8,12,14,15,16,20,25,26,27,34,38,39,48,53,62,68,69,75,77,78
115002532,2026/01/13,7,13,17,18,19,22,38,46,48,49,52,53,54,55,65,66,68,70,72,78
115002533,2026/01/13,8,16,17,22,34,38,39,40,49,53,55,56,58,59,60,61,64,66,69,72
115002534,2026/01/13,2,8,9,10,15,17,20,21,32,38,41,44,54,58,62,68,69,73,76,78
115002535,2026/01/13,8,12,21,25,26,27,31,32,35,39,42,44,47,49,64,66,67,69,70,74
115002536,2026/01/13,3,8,15,21,22,27,34,35,42,44,46,50,55,57,63,65,69,70,75,77
115002537,2026/01/13,3,7,9,11,14,17,18,19,23,25,31,35,36,38,48,53,55,63,69,79
115002538,2026/01/13,7,8,12,19,22,28,32,36,38,39,44,51,60,61,66,71,73,74,78,80
115002539,2026/01/13,4,10,19,24,28,29,30,33,34,35,37,38,40,46,48,62,63,65,71,75
115002540,2026/01/13,1,3,5,7,8,11,12,16,20,23,29,38,40,45,48,59,61,68,73,79
115002541,2026/01/13,5,9,27,32,33,34,37,38,42,45,46,47,48,53,58,59,61,73,78,79
115002542,2026/01/13,4,7,12,13,29,30,31,32,33,36,39,42,45,50,64,65,66,69,70,76
115002543,2026/01/13,1,4,5,6,7,10,15,17,23,27,30,32,35,40,44,48,55,56,71,78
115002544,2026/01/13,1,6,7,10,11,12,23,32,34,38,39,40,46,51,53,59,61,63,75,79
115002545,2026/01/13,1,2,5,8,10,14,15,16,17,19,33,43,47,50,53,56,57,63,72,78
115002546,2026/01/13,3,4,8,10,13,15,25,35,39,46,53,57,63,64,67,68,70,72,75,79
115002547,2026/01/13,1,2,3,6,14,17,19,21,36,39,47,51,57,59,66,71,72,74,75,78
115002548,2026/01/13,2,3,9,13,14,18,21,29,31,33,34,37,52,56,66,70,71,75,77,80
115002549,2026/01/13,5,16,19,24,26,29,31,35,39,40,42,43,47,51,52,56,65,71,74,78
115002550,2026/01/13,3,6,10,22,31,32,36,37,43,48,49,50,51,58,59,61,65,67,68,73
115002551,2026/01/13,5,10,15,18,23,28,36,39,44,47,48,50,54,57,59,65,71,72,75,80
115002552,2026/01/13,1,9,10,11,14,16,30,34,35,39,40,42,45,46,57,59,61,62,70,75
115002553,2026/01/13,10,16,19,20,21,23,30,32,35,36,41,42,43,44,47,49,57,73,78,79
115002554,2026/01/13,3,5,6,7,13,17,20,27,35,39,41,42,50,51,53,55,56,68,76,77
115002555,2026/01/13,7,16,21,24,30,41,43,44,46,49,63,65,66,69,70,75,76,77,78,79
115002556,2026/01/13,2,9,12,15,23,24,26,32,35,41,43,44,47,57,58,63,66,71,75,80
115002557,2026/01/13,8,9,12,19,21,23,29,30,31,32,36,37,41,46,55,60,65,69,73,79
115002558,2026/01/13,4,6,7,12,15,20,22,24,26,28,30,31,38,41,46,47,61,66,68,79
115002559,2026/01/13,2,6,10,19,22,27,29,36,37,40,42,45,46,47,52,56,61,71,76,78
115002560,2026/01/13,3,5,12,13,14,15,22,23,28,29,30,33,38,46,47,49,63,65,69,75
115002561,2026/01/13,6,9,10,21,22,27,30,33,35,40,41,42,48,63,64,67,68,69,76,80
115002562,2026/01/13,12,16,19,21,27,29,32,42,45,51,55,57,58,61,62,66,68,71,73,75
115002563,2026/01/13,1,7,8,13,15,18,25,26,34,37,42,46,47,50,56,65,67,76,79,80
115002564,2026/01/13,4,8,15,17,18,21,30,31,32,34,41,48,50,54,56,59,60,65,68,74
115002565,2026/01/13,2,13,17,20,25,27,29,32,41,48,49,51,59,60,66,67,69,73,77,78
115002566,2026/01/13,1,8,10,19,21,22,26,31,36,37,39,40,42,46,62,69,70,71,76,78
115002567,2026/01/13,4,5,6,9,10,18,20,23,25,27,31,33,35,37,38,39,58,65,74,76
115002568,2026/01/13,5,6,7,16,26,29,30,31,37,38,42,50,55,59,68,71,74,75,77,79
115002569,2026/01/13,1,4,6,16,17,20,21,28,32,37,40,41,43,45,48,57,65,67,70,75
115002570,2026/01/13,10,11,17,20,21,22,23,26,28,38,39,45,46,56,58,59,64,70,72,79
115002571,2026/01/13,1,4,12,13,15,16,17,24,27,28,34,39,44,47,49,59,60,65,70,76
115002572,2026/01/13,1,10,13,18,25,28,33,35,38,42,46,47,48,52,55,56,57,66,75,80
115002573,2026/01/13,8,14,21,22,24,27,29,31,33,37,41,49,50,54,68,69,70,71,76,79
115002574,2026/01/13,2,3,7,9,11,12,20,32,37,41,48,52,54,55,60,65,66,68,72,77
115002575,2026/01/13,1,3,8,10,13,19,28,31,42,47,53,54,55,56,58,61,66,72,73,75
115002576,2026/01/13,2,4,6,9,13,14,20,23,33,34,35,40,42,46,49,52,55,57,65,75
115002577,2026/01/13,3,6,7,11,15,16,24,25,28,32,33,48,57,60,64,67,72,73,74,78
115002578,2026/01/13,1,8,9,15,16,18,21,24,35,37,40,44,45,50,53,55,56,68,79,80
115002579,2026/01/13,3,10,11,16,19,25,27,31,36,40,43,54,57,60,62,72,74,75,77,78
115002580,2026/01/13,7,18,21,24,25,28,32,33,34,39,49,50,51,52,56,60,69,76,77,79
115002581,2026/01/13,6,7,9,12,18,20,29,33,34,36,41,44,47,48,49,52,55,60,64,70
115002582,2026/01/13,7,12,13,16,18,22,25,26,27,31,32,39,46,49,53,54,63,68,71,77
115002583,2026/01/13,2,9,13,17,23,27,32,37,45,49,50,51,54,60,63,64,67,69,72,75
115002584,2026/01/13,3,7,11,13,14,19,21,23,24,25,31,35,40,50,56,61,65,67,71,76
115002585,2026/01/13,2,8,9,10,14,15,21,23,25,27,35,36,38,46,47,55,60,61,64,75
115002586,2026/01/13,1,2,3,13,14,15,21,23,28,29,34,36,52,59,60,66,67,71,72,76
115002587,2026/01/13,5,7,9,10,13,16,22,24,29,32,45,55,64,65,67,69,71,72,73,78
115002588,2026/01/13,3,9,15,16,20,21,35,39,43,44,51,52,53,56,57,58,60,67,70,72
115002589,2026/01/13,1,5,21,23,26,28,37,38,40,41,45,46,47,50,55,65,67,71,72,78
115002590,2026/01/13,2,9,13,15,19,25,28,29,33,41,45,50,51,58,59,62,66,71,74,78
115002591,2026/01/13,1,5,10,13,14,16,17,23,24,29,30,32,33,44,52,58,62,63,74,75
115002592,2026/01/13,11,15,19,20,26,27,28,33,37,42,45,49,54,61,62,71,77,78,79,80
115002593,2026/01/13,9,10,12,14,16,17,29,30,32,34,42,45,47,56,57,60,61,67,68,76
115002594,2026/01/13,4,6,9,13,15,17,20,23,25,28,30,34,38,58,59,66,70,72,74,80
115002595,2026/01/13,4,6,14,15,16,17,21,27,29,36,39,42,46,50,56,58,66,75,76,80
115002596,2026/01/13,1,2,5,7,8,17,21,23,28,33,38,45,58,61,62,66,68,69,72,78
115002597,2026/01/13,2,3,17,25,27,28,32,33,38,43,44,47,51,55,58,62,69,75,77,79
115002598,2026/01/13,2,7,14,25,29,30,32,33,35,38,42,45,46,52,54,56,64,69,77,78
115002599,2026/01/13,2,3,4,9,13,15,16,33,35,37,38,39,44,51,57,63,70,71,79,80
115002600,2026/01/13,9,22,24,26,28,37,40,42,44,46,48,51,57,60,61,62,68,73,76,79
115002601,2026/01/13,4,7,11,13,21,22,25,29,34,39,40,44,48,65,67,70,74,75,78,80
115002602,2026/01/13,4,8,9,20,21,22,28,29,33,34,40,42,50,52,56,57,61,70,75,76
115002603,2026/01/13,3,14,17,18,20,27,31,36,38,50,53,60,62,66,67,69,71,73,75,79
115002604,2026/01/13,1,3,9,12,22,29,30,32,45,50,51,54,55,57,63,64,67,68,69,77
115002605,2026/01/13,5,10,14,15,17,21,22,25,30,39,40,43,45,48,49,57,68,70,76,78
115002606,2026/01/13,1,3,16,18,20,22,26,28,38,51,52,56,59,65,67,74,75,78,79,80
115002607,2026/01/13,3,8,9,11,12,16,17,29,38,41,45,46,50,52,53,58,62,66,76,80
115002608,2026/01/13,2,4,7,12,22,24,26,42,43,47,56,60,61,65,68,71,72,75,76,79
115002609,2026/01/13,1,4,5,6,12,15,16,29,34,35,38,41,48,50,55,59,60,69,70,71
115002610,2026/01/13,1,10,16,22,25,26,28,31,36,40,41,50,55,60,63,64,67,70,73,76
115002611,2026/01/13,1,3,9,10,12,13,22,25,27,35,36,39,42,44,48,49,53,60,70,73
115002612,2026/01/13,4,5,9,16,19,21,25,34,36,40,43,46,50,54,57,59,61,62,64,70
115002613,2026/01/13,1,10,11,17,19,23,24,29,30,35,36,39,45,51,52,55,56,62,66,76
115002614,2026/01/13,1,2,4,6,13,18,19,45,47,52,56,60,61,62,70,71,74,75,79,80
115002615,2026/01/13,9,12,14,19,26,27,38,46,49,51,53,56,57,59,61,70,71,77,78,79
115002616,2026/01/13,3,6,7,8,11,14,17,31,34,38,43,47,56,62,64,66,67,68,76,80
115002617,2026/01/13,3,4,7,8,29,32,37,42,43,44,45,46,50,60,61,62,70,71,74,78
115002618,2026/01/13,1,5,14,15,16,25,27,32,35,36,37,44,45,55,64,68,70,76,78,80
115002619,2026/01/13,1,2,4,9,14,16,19,29,43,51,53,55,59,60,61,63,64,67,72,77
115002620,2026/01/13,9,11,18,20,24,25,31,36,37,44,52,59,60,61,63,64,68,69,76,79
115002621,2026/01/13,11,15,16,19,27,32,33,34,35,40,41,49,53,55,60,64,67,73,75,77
115002622,2026/01/13,13,14,16,17,23,26,28,29,32,36,38,43,47,50,52,58,59,67,75,77
115002623,2026/01/13,4,10,11,12,13,16,21,22,31,36,47,49,51,52,56,58,60,71,75,78
115002624,2026/01/13,2,28,29,32,35,37,41,42,43,45,48,49,52,58,65,66,67,68,71,76
115002625,2026/01/13,2,3,4,7,9,15,34,36,38,46,50,51,52,53,60,68,69,71,72,80
115002626,2026/01/13,1,4,6,18,19,32,38,41,42,43,46,48,52,53,57,64,66,70,78,80
115002627,2026/01/13,1,2,9,11,26,31,32,34,35,36,41,44,45,53,54,63,66,68,70,78
115002628,2026/01/13,1,7,9,11,12,18,20,23,24,26,28,30,41,43,44,47,62,66,67,71
115002629,2026/01/13,7,9,16,20,21,22,24,28,29,32,35,41,46,53,55,61,64,68,76,79
115002630,2026/01/13,4,8,12,14,19,20,30,35,36,46,54,57,59,61,66,69,74,75,76,77
115002631,2026/01/13,3,8,9,16,17,24,25,29,30,34,35,43,45,47,49,62,69,70,73,74
115002632,2026/01/13,3,11,13,14,21,28,32,34,38,40,42,43,57,58,59,63,69,71,76,77
115002633,2026/01/13,8,20,21,29,30,34,35,39,41,42,43,47,49,56,57,66,67,71,72,77
115002634,2026/01/13,1,3,4,7,8,13,22,24,25,27,32,49,52,54,56,57,64,66,71,76
115002635,2026/01/13,3,7,9,11,20,23,27,36,39,41,43,46,49,51,53,57,63,75,76,77
115002636,2026/01/13,5,7,21,23,24,26,28,36,38,40,43,46,49,51,56,63,67,74,77,79
115002637,2026/01/13,3,7,9,12,17,22,23,25,27,29,36,42,48,53,55,63,68,72,74,76
115002638,2026/01/13,12,14,22,23,30,38,39,44,46,47,48,52,55,57,58,60,65,73,75,77
115002639,2026/01/13,4,6,15,22,23,26,35,48,50,53,58,59,65,67,68,69,70,74,77,80
115002640,2026/01/14,3,5,11,15,18,27,29,30,35,37,39,40,41,46,55,67,69,70,72,78
115002641,2026/01/14,2,3,4,13,18,25,29,33,34,38,46,50,51,55,56,63,69,73,76,79
115002642,2026/01/14,1,8,12,16,18,23,34,35,49,53,60,65,69,71,72,73,74,78,79,80
115002643,2026/01/14,6,7,10,15,17,20,23,26,34,36,37,41,42,45,51,59,60,71,72,74
115002644,2026/01/14,1,4,8,11,14,16,22,25,29,32,39,40,49,59,60,69,72,74,76,77
115002645,2026/01/14,2,3,11,13,16,17,27,28,31,41,47,50,51,54,62,66,70,73,76,78
115002646,2026/01/14,4,6,9,15,16,18,21,25,29,32,35,37,43,45,46,55,63,64,75,80
115002647,2026/01/14,5,9,19,21,24,29,33,40,42,45,46,50,52,53,59,62,65,66,70,74
115002648,2026/01/14,7,8,9,16,18,27,35,36,37,44,48,50,59,63,65,72,74,75,78,79
115002649,2026/01/14,9,11,23,26,33,36,39,40,41,42,47,48,49,51,56,60,61,72,77,78
115002650,2026/01/14,2,11,15,17,19,21,23,26,28,30,32,42,45,46,52,58,65,72,76,80
115002651,2026/01/14,1,9,18,19,24,29,33,36,47,49,51,55,57,66,68,71,73,74,75,80
115002652,2026/01/14,6,7,8,9,12,20,21,25,26,37,42,46,47,50,55,69,71,72,74,76
115002653,2026/01/14,3,5,7,10,16,20,22,23,29,31,33,36,42,48,49,50,52,58,68,73
115002654,2026/01/14,2,10,11,13,14,18,20,25,27,30,34,42,43,45,47,51,59,61,67,68
115002655,2026/01/14,9,10,12,22,24,26,27,32,34,35,36,37,45,46,49,53,71,73,75,79
115002656,2026/01/14,1,7,9,12,13,15,17,20,25,30,36,37,39,45,51,57,58,59,66,68
115002657,2026/01/14,10,12,13,17,19,20,22,26,29,33,36,38,40,42,48,50,68,77,78,80
115002658,2026/01/14,1,8,17,27,28,36,37,40,41,50,51,54,56,58,60,61,70,71,72,74
115002659,2026/01/14,3,10,12,17,19,20,23,28,31,32,36,39,42,44,50,54,67,75,77,78
115002660,2026/01/14,7,10,11,12,16,24,28,34,37,38,47,48,51,55,60,61,62,63,69,72
115002661,2026/01/14,6,14,18,19,29,39,44,45,51,53,54,58,59,64,66,67,70,72,77,79
115002662,2026/01/14,12,15,19,20,23,27,28,29,31,32,33,45,48,53,56,57,61,72,75,80
115002663,2026/01/14,2,6,8,14,16,18,24,27,29,36,37,53,54,55,63,68,69,70,72,80
115002664,2026/01/14,8,14,16,21,22,26,28,31,33,37,38,51,54,55,60,63,75,76,77,78
115002665,2026/01/14,2,10,12,15,16,19,21,22,25,28,30,32,33,49,58,59,63,67,69,80
115002666,2026/01/14,4,6,7,16,18,19,38,43,44,46,47,48,50,52,60,66,67,73,74,77
115002667,2026/01/14,2,3,8,18,22,24,26,29,49,58,63,64,65,66,68,69,71,72,73,75
115002668,2026/01/14,2,7,11,17,20,24,28,30,31,32,35,40,44,54,55,57,61,67,73,75
115002669,2026/01/14,7,11,18,25,28,30,31,32,35,36,40,41,44,49,59,63,64,74,78,80
115002670,2026/01/14,2,5,6,11,13,20,26,32,34,38,40,45,48,54,57,60,62,73,75,79
115002671,2026/01/14,5,6,9,24,33,35,36,37,43,48,51,52,53,59,60,62,69,70,75,77
115002672,2026/01/14,1,3,9,16,18,20,22,29,31,32,33,44,54,60,62,66,73,75,78,80
115002673,2026/01/14,2,9,11,12,13,19,20,22,26,34,38,40,42,55,64,66,68,71,74,75
115002674,2026/01/14,5,8,11,20,24,25,30,32,37,39,43,44,53,56,57,60,65,71,78,79
115002675,2026/01/14,1,5,8,10,11,17,23,28,31,32,39,40,41,44,47,51,56,68,75,78
115002676,2026/01/14,2,9,13,16,19,21,30,39,41,42,48,49,56,57,59,64,65,66,67,76
115002677,2026/01/14,1,15,16,17,18,20,22,28,29,30,31,40,42,43,55,61,68,72,77,79
115002678,2026/01/14,4,12,18,21,24,29,32,33,42,47,48,50,55,58,59,62,65,67,72,74
115002679,2026/01/14,1,2,4,5,8,9,18,25,26,38,45,47,54,58,59,62,66,67,70,80
115002680,2026/01/14,2,3,5,8,13,15,26,28,30,41,42,45,48,62,64,69,74,76,77,78
115002681,2026/01/14,3,6,8,12,13,14,24,27,29,34,35,41,44,45,51,53,54,60,64,69
115002682,2026/01/14,6,12,14,23,24,30,31,32,40,45,51,56,57,58,61,66,67,70,72,73
115002683,2026/01/14,1,15,16,20,23,28,30,32,33,37,41,45,46,48,57,61,71,73,76,79
115002684,2026/01/14,2,9,13,15,18,20,22,38,41,45,47,50,51,52,53,59,63,74,75,79
115002685,2026/01/14,2,4,9,12,14,15,18,19,21,27,28,39,40,46,47,50,57,59,60,74
115002686,2026/01/14,10,11,13,17,20,24,32,35,41,47,51,58,61,63,65,68,71,72,75,77
115002687,2026/01/14,1,9,11,15,16,18,24,27,28,30,31,32,40,45,48,52,55,59,61,72
115002688,2026/01/14,2,14,16,20,23,27,31,34,36,44,45,48,52,57,62,69,70,74,77,79
115002689,2026/01/14,1,4,13,20,26,32,34,39,42,53,57,60,66,67,69,70,72,74,79,80
115002690,2026/01/14,12,16,17,20,34,36,38,42,52,53,57,58,64,65,66,67,71,73,77,78
115002691,2026/01/14,2,6,14,17,19,25,27,34,35,41,48,51,56,59,60,64,71,77,79,80
115002692,2026/01/14,4,16,17,19,22,29,35,46,47,51,53,57,58,59,62,70,71,73,75,76
115002693,2026/01/14,12,14,16,24,27,37,38,40,43,45,50,55,59,63,66,67,68,70,71,75
115002694,2026/01/14,1,13,16,18,20,26,31,33,36,44,48,50,55,56,57,65,73,74,76,78
115002695,2026/01/14,2,5,7,14,19,22,28,32,34,36,38,43,59,62,66,68,76,77,78,79
115002696,2026/01/14,8,12,17,20,21,22,28,31,32,34,48,51,53,54,55,69,73,74,79,80
115002697,2026/01/14,10,12,14,20,23,29,31,34,37,42,46,50,51,59,63,69,71,73,74,78
115002698,2026/01/14,4,10,14,26,30,34,37,38,40,43,46,49,50,52,56,62,63,64,72,78
115002699,2026/01/14,1,3,7,8,10,15,19,22,23,24,26,35,38,42,49,56,59,60,68,71
115002700,2026/01/14,1,2,9,10,11,13,20,26,31,38,42,46,54,62,65,69,71,72,73,78
115002701,2026/01/14,4,8,20,27,29,31,37,38,41,44,50,53,56,63,66,72,73,76,79,80
115002702,2026/01/14,1,3,4,9,17,30,32,33,38,42,44,45,51,52,56,61,63,65,66,72
115002703,2026/01/14,9,11,15,21,23,24,37,41,42,47,51,59,60,62,68,70,71,73,76,80
115002704,2026/01/14,1,12,17,20,23,27,30,32,36,48,54,55,58,65,66,67,70,72,74,76
115002705,2026/01/14,1,5,7,10,13,16,17,19,24,31,33,34,35,45,46,52,58,66,75,80
115002706,2026/01/14,2,3,9,10,11,25,28,32,35,37,40,41,42,54,64,71,73,74,76,77
115002707,2026/01/14,1,4,14,17,18,23,28,33,36,37,44,46,47,48,51,52,54,68,71,72
115002708,2026/01/14,7,9,10,11,15,19,20,22,29,32,33,34,37,52,53,56,63,65,66,76
115002709,2026/01/14,1,10,17,20,22,23,24,28,34,41,44,45,46,47,48,49,55,56,60,74
115002710,2026/01/14,1,6,9,12,14,15,18,19,22,25,27,32,36,38,40,42,59,60,67,70
115002711,2026/01/14,1,2,18,20,22,26,28,29,30,35,41,42,45,48,49,51,54,56,57,76
115002712,2026/01/14,3,8,9,17,18,25,30,35,37,42,43,48,58,60,63,69,70,73,75,80
115002713,2026/01/14,5,8,15,19,21,22,23,25,28,31,34,35,36,41,49,51,62,70,76,79
115002714,2026/01/14,5,7,17,21,23,24,25,26,32,35,39,40,48,55,61,65,66,68,74,79
115002715,2026/01/14,2,3,6,8,11,14,16,18,28,30,35,36,42,43,53,58,70,74,77,78
115002716,2026/01/14,7,12,15,17,18,19,22,23,34,36,38,46,48,50,57,58,63,68,70,80
115002717,2026/01/14,1,5,20,22,30,31,36,37,38,41,49,56,57,58,61,62,64,68,78,79
115002718,2026/01/14,8,9,15,18,20,22,24,25,27,28,36,44,45,47,52,55,59,63,65,77
115002719,2026/01/14,4,7,13,16,20,23,25,27,30,31,38,42,45,52,58,69,70,71,72,80
115002720,2026/01/14,1,16,18,19,22,23,26,31,35,37,46,47,51,55,57,60,63,64,73,77
115002721,2026/01/14,6,8,9,12,16,30,33,37,41,43,48,54,55,59,60,62,63,64,68,71
115002722,2026/01/14,4,7,14,16,17,19,23,26,28,33,51,52,54,61,63,65,69,73,76,78
115002723,2026/01/14,9,10,13,15,18,20,21,26,30,46,48,49,56,58,59,65,67,68,69,77
115002724,2026/01/14,1,4,14,24,30,31,33,35,38,44,46,49,50,53,59,60,62,68,76,77
115002725,2026/01/14,6,9,14,18,20,27,32,37,49,50,54,55,56,61,65,67,68,69,71,77
115002726,2026/01/14,2,3,4,12,14,17,20,24,29,31,32,35,42,47,49,61,63,64,65,66
115002727,2026/01/14,1,3,7,12,18,24,25,27,28,31,34,39,41,42,58,59,60,71,75,77
115002728,2026/01/14,11,13,15,16,21,26,27,29,36,38,50,55,57,58,64,65,69,71,78,80
115002729,2026/01/14,3,7,15,16,17,21,26,27,34,35,38,40,41,43,45,50,62,69,76,77
115002730,2026/01/14,7,12,21,29,33,36,39,42,47,50,53,57,58,60,64,65,70,72,74,77
115002731,2026/01/14,1,2,11,15,17,18,22,27,32,35,41,43,54,58,60,61,63,65,75,79
115002732,2026/01/14,9,10,16,21,22,23,25,27,31,32,41,44,47,53,56,64,66,67,76,80
115002733,2026/01/14,3,6,11,12,13,14,18,19,23,24,29,30,55,63,66,67,72,74,78,80
115002734,2026/01/14,1,4,13,15,18,19,23,26,32,34,47,52,56,59,61,64,67,72,73,76
115002735,2026/01/14,3,7,9,14,16,17,20,26,35,38,42,45,50,56,60,62,66,68,69,76
115002736,2026/01/14,6,11,14,18,21,29,35,38,40,46,55,62,66,67,68,70,72,76,78,80
115002737,2026/01/14,1,3,4,5,6,11,15,18,25,27,30,36,44,58,62,65,70,71,76,78
115002738,2026/01/14,2,8,17,21,23,29,36,39,40,42,44,47,48,53,57,58,64,68,70,78
115002739,2026/01/14,11,12,21,22,23,27,28,33,37,38,43,48,50,55,56,62,64,69,74,75
115002740,2026/01/14,1,3,8,11,13,14,17,20,24,29,33,34,42,43,59,60,61,70,73,79
115002741,2026/01/14,1,2,5,6,7,8,10,26,30,35,36,49,55,56,63,64,68,69,75,79
115002742,2026/01/14,4,10,11,18,19,21,22,25,27,28,33,34,44,45,52,55,56,62,72,76
115002743,2026/01/14,1,2,3,5,12,14,17,18,27,32,35,39,42,43,47,49,51,53,62,71
115002744,2026/01/14,1,2,4,7,14,16,18,22,25,28,29,32,34,52,55,57,58,66,73,74
115002745,2026/01/14,4,8,14,17,19,22,25,35,37,38,42,46,52,53,54,56,57,67,70,75
115002746,2026/01/14,7,8,16,18,26,29,33,38,48,49,51,53,57,58,63,64,71,75,77,79
115002747,2026/01/14,8,11,15,24,26,27,37,40,45,48,51,53,58,63,66,67,70,74,78,79
115002748,2026/01/14,1,14,18,24,26,31,35,37,45,46,51,58,59,62,64,66,68,72,74,78
115002749,2026/01/14,1,11,12,19,27,28,29,31,33,35,40,45,52,55,65,66,67,74,75,80
115002750,2026/01/14,1,5,7,14,24,25,34,48,49,52,56,59,62,63,67,69,71,73,76,79
115002751,2026/01/14,5,13,22,25,26,28,30,31,33,40,47,48,51,62,66,67,70,71,74,76
115002752,2026/01/14,1,3,12,17,20,28,29,30,33,36,41,43,49,53,56,59,61,63,77,78
115002753,2026/01/14,1,4,9,10,13,15,16,18,29,47,48,49,51,55,61,64,65,73,75,76
115002754,2026/01/14,2,5,7,10,14,20,25,32,38,42,44,46,51,52,57,59,65,67,70,72
115002755,2026/01/14,4,7,9,19,22,25,26,28,41,43,44,46,53,57,65,67,71,72,73,75
115002756,2026/01/14,10,17,19,20,22,23,24,29,37,41,44,45,46,48,53,61,70,74,76,79
115002757,2026/01/14,2,4,11,12,17,18,19,20,25,31,32,34,37,55,59,60,64,65,74,80
115002758,2026/01/14,13,15,16,18,28,30,32,34,36,47,49,51,52,53,58,59,64,70,73,79
115002759,2026/01/14,11,12,17,21,27,31,38,46,47,48,49,50,51,57,59,66,67,73,74,79
115002760,2026/01/14,6,9,15,19,24,29,34,35,37,39,41,47,48,49,53,57,66,67,72,74
115002761,2026/01/14,4,13,14,15,16,18,21,24,27,30,31,35,36,37,50,58,63,65,74,76
115002762,2026/01/14,2,15,20,25,28,29,31,35,38,39,43,48,56,60,61,64,71,73,77,78
115002763,2026/01/14,19,20,25,26,29,42,45,46,48,50,53,54,56,58,62,72,73,77,78,80
115002764,2026/01/14,1,4,7,11,15,16,22,24,28,45,47,50,52,59,60,64,67,68,69,72
115002765,2026/01/14,6,7,13,15,17,20,25,27,28,31,33,34,40,41,53,58,60,70,74,78
115002766,2026/01/14,1,6,13,21,22,29,32,35,36,37,40,41,44,49,55,63,65,67,77,80
115002767,2026/01/14,5,6,10,14,24,25,34,35,37,39,45,48,50,51,56,60,65,72,74,75
115002768,2026/01/14,1,7,9,18,20,22,32,33,38,40,41,48,51,53,55,56,57,58,68,70
115002769,2026/01/14,2,4,8,9,11,14,16,19,21,30,31,34,35,49,52,59,67,69,72,79
115002770,2026/01/14,3,11,14,16,23,24,25,31,38,46,47,49,55,58,66,68,69,72,73,76
115002771,2026/01/14,1,2,3,7,12,22,24,26,28,40,42,46,48,49,50,57,59,66,67,72
115002772,2026/01/14,3,9,13,17,22,24,26,28,29,34,37,42,46,47,48,49,57,63,76,77
115002773,2026/01/14,15,17,21,25,29,30,34,41,44,46,50,54,57,58,59,63,65,69,75,76
115002774,2026/01/14,1,4,7,13,23,28,33,36,37,39,46,47,49,52,53,61,70,75,78,79
115002775,2026/01/14,1,2,8,17,20,23,25,31,34,38,41,47,50,58,62,68,69,73,76,80
115002776,2026/01/14,2,6,8,9,11,12,14,15,23,27,30,37,39,46,55,63,67,69,71,80
115002777,2026/01/14,2,5,6,9,10,17,19,20,23,25,27,41,42,61,62,63,69,72,73,74
115002778,2026/01/14,12,14,21,23,27,32,39,40,41,45,46,47,49,53,66,67,71,72,74,76
115002779,2026/01/14,1,2,8,13,15,20,21,22,24,39,46,59,63,65,69,73,74,75,76,77
115002780,2026/01/14,1,4,8,10,18,21,25,28,30,32,33,38,39,43,44,49,52,58,69,73
115002781,2026/01/14,2,4,6,12,15,16,17,24,31,32,33,37,42,45,50,56,59,64,68,70
115002782,2026/01/14,8,11,14,18,20,30,41,42,43,46,52,54,55,62,65,66,72,73,77,79
115002783,2026/01/14,5,7,12,15,20,26,28,34,37,41,43,52,53,54,57,59,68,69,71,74
115002784,2026/01/14,9,11,14,18,22,27,33,35,46,54,55,56,58,59,60,65,74,76,77,78
115002785,2026/01/14,1,3,4,6,10,14,16,30,37,41,42,46,48,56,57,58,62,63,70,78
115002786,2026/01/14,1,4,5,14,16,18,25,27,33,35,36,44,47,51,58,64,69,71,72,79
115002787,2026/01/14,1,2,3,6,9,10,11,12,13,14,17,25,28,31,33,34,38,39,71,72
115002788,2026/01/14,7,8,10,14,22,23,25,42,48,49,61,63,65,66,70,71,72,74,76,78
115002789,2026/01/14,3,6,7,10,16,25,32,33,45,48,50,52,56,60,63,67,70,73,74,79
115002790,2026/01/14,4,10,13,15,16,30,33,34,42,48,52,54,55,57,58,60,61,67,73,75
115002791,2026/01/14,4,8,9,10,16,17,21,35,36,43,50,51,52,60,62,64,70,76,77,79
115002792,2026/01/14,3,5,6,13,14,16,33,35,37,38,41,54,55,58,64,70,71,72,75,80
115002793,2026/01/14,4,5,6,8,12,18,20,24,33,35,40,45,47,51,53,54,61,66,73,78
115002794,2026/01/14,11,12,13,14,23,25,33,36,37,39,42,43,44,48,50,56,64,66,75,79
115002795,2026/01/14,13,15,19,24,27,29,31,33,35,37,39,41,46,51,55,64,66,74,77,78
115002796,2026/01/14,2,3,8,10,13,26,29,31,33,34,38,39,44,47,48,53,56,59,61,77
115002797,2026/01/14,1,4,7,11,20,22,23,25,27,33,40,45,51,53,54,57,66,67,70,78
115002798,2026/01/14,3,7,8,9,10,13,17,19,28,33,37,47,49,50,54,66,70,72,75,76
115002799,2026/01/14,3,4,5,10,17,20,22,24,30,36,42,46,52,54,58,61,64,65,75,77
115002800,2026/01/14,2,3,7,8,17,22,24,30,33,38,45,48,49,50,51,55,62,64,67,71
115002801,2026/01/14,1,10,13,17,29,30,31,32,33,38,42,48,50,51,62,66,67,71,76,80
115002802,2026/01/14,3,7,9,10,20,21,22,24,28,34,43,44,46,51,56,60,61,64,65,75
115002803,2026/01/14,3,5,16,19,30,33,34,38,39,40,43,47,61,62,63,68,70,72,74,77
115002804,2026/01/14,2,3,4,5,6,12,13,26,27,30,31,33,41,48,59,60,65,67,73,77
115002805,2026/01/14,8,10,13,14,15,21,25,26,27,28,38,43,48,50,60,65,69,71,74,75
115002806,2026/01/14,1,6,9,12,14,18,19,21,33,35,38,42,46,48,59,61,62,74,75,76
115002807,2026/01/14,2,3,7,8,12,13,19,21,23,32,34,37,50,52,56,58,62,68,71,75
115002808,2026/01/14,4,5,6,8,20,22,26,27,28,33,39,43,44,67,68,69,70,74,78,80
115002809,2026/01/14,3,10,18,19,20,25,28,29,31,34,36,42,52,55,57,62,67,70,74,79
115002810,2026/01/14,10,12,14,19,29,30,31,37,40,48,49,50,52,56,57,61,62,68,78,79
115002811,2026/01/14,1,3,4,5,6,20,25,28,31,36,38,51,53,55,60,61,69,70,76,80
115002812,2026/01/14,5,16,17,20,21,27,29,32,34,38,40,49,52,53,57,69,71,73,74,79
115002813,2026/01/14,1,13,14,17,23,29,37,40,43,44,51,53,54,55,58,65,66,69,77,80
115002814,2026/01/14,1,10,11,14,18,20,21,26,33,37,38,45,54,56,62,66,68,71,73,78
115002815,2026/01/14,4,8,18,21,22,25,29,30,38,39,42,43,45,46,51,54,60,65,67,76
115002816,2026/01/14,1,5,9,13,15,23,29,33,34,36,39,43,56,58,67,70,71,75,77,79
115002817,2026/01/14,4,6,8,12,18,26,30,32,33,35,37,38,41,44,45,52,61,76,78,79
115002818,2026/01/14,1,5,8,19,24,29,30,31,37,39,42,43,48,55,62,65,66,67,72,79
115002819,2026/01/14,1,4,6,14,17,26,28,36,42,46,52,54,56,57,60,62,63,67,68,78
115002820,2026/01/14,2,5,9,12,14,33,35,38,43,50,53,56,57,58,59,64,66,71,76,78
115002821,2026/01/14,1,2,6,7,9,13,19,23,25,26,29,31,49,54,59,61,62,67,73,76
115002822,2026/01/14,1,3,8,14,19,20,21,23,26,27,29,30,32,38,39,40,46,53,57,78
115002823,2026/01/14,3,4,6,16,19,25,31,34,36,43,50,54,55,57,59,61,63,67,69,77
115002824,2026/01/14,1,15,17,21,26,31,32,43,47,55,56,57,62,65,67,68,72,73,77,80
115002825,2026/01/14,4,11,12,13,18,22,24,28,35,39,46,47,50,51,52,65,68,69,75,78
115002826,2026/01/14,1,2,4,6,7,12,26,27,36,40,42,44,48,49,50,52,56,59,60,69
115002827,2026/01/14,7,18,19,21,26,27,34,35,36,37,43,45,46,50,52,58,60,61,68,76
115002828,2026/01/14,2,12,16,17,24,29,32,34,39,41,50,51,56,63,68,69,70,74,75,80
115002829,2026/01/14,4,5,13,15,17,19,26,29,30,39,42,43,46,48,49,54,60,73,75,79
115002830,2026/01/14,5,10,13,14,15,20,32,34,39,43,45,49,54,58,59,60,63,68,71,72
115002831,2026/01/14,1,13,21,28,29,30,35,38,39,40,45,46,50,55,64,68,71,77,79,80
115002832,2026/01/14,2,6,8,11,12,17,24,29,32,37,41,44,47,52,53,58,60,64,74,76
115002833,2026/01/14,1,5,7,12,14,19,21,26,27,34,39,41,48,54,59,61,63,66,70,80
115002834,2026/01/14,3,8,11,13,16,19,24,25,30,31,42,44,48,51,58,61,62,63,67,76
115002835,2026/01/14,3,13,14,19,22,24,36,37,41,42,47,48,53,56,65,70,71,73,75,77
115002836,2026/01/14,1,8,12,16,20,24,25,26,28,30,33,34,37,43,44,50,52,60,70,79
115002837,2026/01/14,2,8,15,19,20,24,30,35,36,38,39,41,44,45,46,51,55,63,68,77
115002838,2026/01/14,11,17,25,26,31,32,39,44,48,50,51,53,54,65,66,68,73,76,77,79
115002839,2026/01/14,6,7,18,24,25,28,30,34,37,41,50,52,57,61,67,69,70,73,78,80
115002840,2026/01/14,1,4,11,15,17,18,28,31,42,48,53,56,58,62,64,66,67,71,72,80
115002841,2026/01/14,6,7,9,13,15,16,19,28,29,33,34,36,51,53,61,63,64,66,72,77
115002842,2026/01/14,1,5,6,9,16,20,29,32,35,36,58,63,66,67,68,71,72,74,77,80
115002843,2026/01/15,1,4,6,12,16,18,25,29,35,44,45,47,49,54,62,65,70,71,75,80
115002844,2026/01/15,4,6,8,9,16,25,27,30,33,37,44,47,50,54,58,65,66,70,73,77
115002845,2026/01/15,1,3,4,8,17,18,28,29,35,36,46,48,53,54,55,56,59,63,66,72
115002846,2026/01/15,5,8,11,16,22,26,29,30,31,35,36,39,41,45,46,51,61,63,66,73
115002847,2026/01/15,7,8,15,21,23,26,30,31,41,43,45,50,55,59,60,68,70,71,72,77
115002848,2026/01/15,7,8,15,18,20,24,33,35,39,40,45,51,53,54,57,67,71,73,76,80
115002849,2026/01/15,1,5,15,22,23,30,31,32,41,42,43,46,47,53,54,57,62,67,72,79
115002850,2026/01/15,1,8,9,10,15,17,18,23,25,28,33,36,40,44,48,58,66,71,77,79
115002851,2026/01/15,7,10,13,17,29,30,37,39,41,44,47,54,56,58,63,71,72,78,79,80
115002852,2026/01/15,2,7,10,19,21,29,30,31,40,41,45,47,55,61,62,66,68,73,78,79
115002853,2026/01/15,4,12,20,22,30,36,38,41,46,47,49,50,54,61,62,63,67,70,72,77
115002854,2026/01/15,2,3,9,27,31,36,37,39,41,42,46,51,52,56,59,60,68,71,74,75
115002855,2026/01/15,2,3,6,11,31,38,40,41,43,44,45,50,52,54,56,59,64,65,66,72
115002856,2026/01/15,7,12,20,25,28,34,37,40,41,44,46,48,50,51,53,54,61,66,67,73
115002857,2026/01/15,7,14,23,24,25,26,36,39,44,45,46,49,54,56,59,60,63,65,67,71
115002858,2026/01/15,2,6,16,20,26,27,31,33,36,39,43,50,53,54,62,65,67,68,74,76
115002859,2026/01/15,3,4,8,10,14,17,19,23,24,27,38,49,52,54,56,57,68,69,71,80
115002860,2026/01/15,2,5,8,10,20,24,25,27,29,33,37,39,43,52,57,58,62,64,71,78
115002861,2026/01/15,3,5,10,15,16,17,19,20,26,27,36,38,43,46,48,57,61,70,72,77
115002862,2026/01/15,2,5,13,14,17,21,30,31,35,40,42,43,46,48,52,57,60,67,73,77
115002863,2026/01/15,1,9,14,17,18,33,42,44,49,50,51,52,59,61,69,70,73,74,76,77
115002864,2026/01/15,8,9,10,11,14,16,17,21,22,24,26,27,35,36,41,42,48,58,73,75
115002865,2026/01/15,3,7,8,10,11,13,15,17,36,37,39,40,44,51,57,61,63,66,77,79
115002866,2026/01/15,1,4,5,12,16,17,19,26,30,38,39,45,48,50,55,58,64,71,77,79
115002867,2026/01/15,3,6,15,23,29,33,38,40,42,44,46,47,48,51,61,66,71,73,74,78
115002868,2026/01/15,1,2,3,9,11,15,17,20,25,32,39,40,43,48,50,51,56,68,73,76
115002869,2026/01/15,2,10,16,17,18,27,29,32,37,38,39,47,50,52,58,59,60,73,76,80
115002870,2026/01/15,6,9,13,16,17,23,30,33,36,37,40,42,47,55,56,57,59,60,64,71
115002871,2026/01/15,3,8,9,11,13,23,26,28,37,38,48,52,53,66,67,70,72,73,75,76
115002872,2026/01/15,4,7,13,15,16,23,26,30,35,43,46,49,55,57,60,65,68,70,72,77
115002873,2026/01/15,1,4,13,14,24,26,30,33,36,37,43,45,46,56,59,65,70,71,72,78
115002874,2026/01/15,5,9,10,11,13,14,18,31,32,39,40,43,44,45,49,50,58,62,65,68
115002875,2026/01/15,2,10,12,13,14,20,27,35,36,37,39,41,61,67,68,69,73,77,78,79
115002876,2026/01/15,5,9,11,12,13,14,23,26,32,36,41,44,46,49,56,62,67,68,74,80
115002877,2026/01/15,1,2,5,6,15,21,25,26,30,42,43,44,45,48,50,59,61,62,66,71
115002878,2026/01/15,5,12,16,21,24,28,33,34,35,48,49,57,59,62,64,65,68,71,76,79
115002879,2026/01/15,3,9,22,23,25,27,28,29,32,37,41,45,46,49,52,54,65,70,73,75
115002880,2026/01/15,1,3,6,9,14,24,28,32,37,43,46,49,50,57,59,66,71,76,77,78
115002881,2026/01/15,6,18,21,29,31,32,33,42,47,53,54,55,65,70,71,73,76,77,78,79
115002882,2026/01/15,4,6,8,28,32,33,36,37,42,45,47,49,56,62,63,66,74,75,76,78
115002883,2026/01/15,1,4,8,9,13,14,29,33,36,39,43,48,54,61,65,70,72,75,78,79
115002884,2026/01/15,3,4,5,8,10,12,26,27,28,31,33,34,45,50,52,56,60,63,74,75
115002885,2026/01/15,4,11,13,15,18,24,26,29,40,44,55,56,60,62,63,68,72,73,75,77
115002886,2026/01/15,8,9,10,12,15,21,24,27,31,32,43,45,46,53,54,65,67,68,74,78
115002887,2026/01/15,2,5,6,13,22,31,33,34,37,42,45,46,49,50,51,55,63,69,70,76
115002888,2026/01/15,2,6,11,16,17,20,23,31,32,36,41,42,52,62,64,66,68,70,71,76
115002889,2026/01/15,7,14,15,17,22,25,28,30,32,36,37,39,41,43,44,47,53,58,60,70
115002890,2026/01/15,1,5,7,11,15,17,18,20,26,32,39,43,47,49,51,53,69,75,77,79
115002891,2026/01/15,1,3,4,6,23,28,30,35,39,44,45,48,49,57,58,62,65,74,78,80
115002892,2026/01/15,4,5,9,10,13,15,16,25,30,32,39,49,50,51,52,54,57,58,62,74
115002893,2026/01/15,14,20,22,26,31,34,35,40,44,45,54,55,56,57,61,63,67,73,76,77
115002894,2026/01/15,1,11,14,18,22,23,24,28,30,35,38,39,44,45,48,50,58,65,66,78
115002895,2026/01/15,2,9,10,21,23,25,34,38,41,43,52,55,56,57,62,67,69,71,77,79
115002896,2026/01/15,1,9,15,18,22,24,26,35,36,39,42,44,49,50,52,53,58,59,70,79
115002897,2026/01/15,1,9,14,16,17,18,21,32,38,44,45,55,60,61,68,69,71,76,78,80
115002898,2026/01/15,1,2,6,9,14,21,22,32,37,44,49,51,53,55,58,62,63,65,69,73
115002899,2026/01/15,6,9,11,16,22,25,29,33,38,39,54,57,59,60,66,68,69,70,78,79
115002900,2026/01/15,2,11,13,16,17,27,29,35,39,42,49,56,60,62,63,71,74,75,77,78
115002901,2026/01/15,2,3,5,6,7,11,15,18,20,25,32,35,46,50,52,61,63,68,70,71
115002902,2026/01/15,2,11,12,14,17,22,26,29,31,34,41,43,44,45,48,49,58,70,74,76
115002903,2026/01/15,5,7,10,11,18,33,39,40,41,46,51,56,57,62,65,66,69,74,76,79
115002904,2026/01/15,6,12,19,26,27,29,35,36,41,42,47,48,59,60,63,67,69,73,76,77
115002905,2026/01/15,1,3,7,8,10,21,23,38,41,42,43,45,48,50,53,56,58,61,69,75
115002906,2026/01/15,2,10,16,22,26,32,33,34,36,38,42,45,49,66,68,69,70,72,73,74
115002907,2026/01/15,3,5,10,11,12,16,19,21,30,31,32,35,46,48,50,65,68,71,73,76
115002908,2026/01/15,16,18,24,25,27,32,37,44,46,47,49,54,57,65,68,69,72,74,78,79
115002909,2026/01/15,3,11,12,14,16,18,26,29,37,48,56,61,63,65,68,69,70,71,78,80
115002910,2026/01/15,2,8,9,11,27,28,32,36,39,41,46,47,51,60,63,65,68,70,72,77
115002911,2026/01/15,6,10,11,14,15,17,29,31,32,40,43,45,46,51,52,56,69,74,75,76
115002912,2026/01/15,5,10,14,17,27,28,32,36,37,39,43,45,49,55,57,60,63,74,79,80
115002913,2026/01/15,7,8,13,17,21,25,26,30,32,35,36,45,56,57,58,60,64,65,70,75
115002914,2026/01/15,1,8,10,11,19,21,31,33,34,37,42,44,50,59,64,65,70,72,78,79
115002915,2026/01/15,4,6,8,12,14,18,20,28,30,31,35,36,38,39,42,43,45,55,57,67
115002916,2026/01/15,2,5,6,17,20,25,30,31,33,38,40,41,46,47,51,57,59,61,63,70
115002917,2026/01/15,3,4,7,13,15,16,17,19,20,23,27,33,44,46,51,54,62,63,70,78
115002918,2026/01/15,6,12,16,18,28,34,38,39,40,42,44,48,50,52,58,61,65,69,71,72
115002919,2026/01/15,9,11,21,25,28,31,34,36,37,39,43,46,48,55,62,67,68,72,74,79
115002920,2026/01/15,1,7,8,11,15,16,17,32,35,43,45,46,48,51,55,59,63,70,76,77
115002921,2026/01/15,2,9,16,19,24,33,35,43,46,50,55,57,58,59,61,65,71,72,77,79
115002922,2026/01/15,1,7,17,20,22,24,25,29,32,33,36,39,40,53,57,58,65,67,70,71
115002923,2026/01/15,1,3,4,6,15,22,25,26,32,33,35,39,42,45,50,52,56,70,73,78
115002924,2026/01/15,1,6,13,17,19,22,25,32,36,43,48,49,58,59,61,71,72,75,77,78
115002925,2026/01/15,6,16,19,21,24,28,34,36,37,40,42,43,51,52,53,54,57,62,68,71
115002926,2026/01/15,5,8,9,11,12,17,18,23,24,32,44,45,46,47,50,53,72,74,75,79
115002927,2026/01/15,1,3,8,9,12,14,15,16,21,25,33,34,49,57,64,69,70,73,79,80
115002928,2026/01/15,4,6,8,15,21,23,35,37,39,40,42,43,46,50,53,59,64,66,72,80
115002929,2026/01/15,2,4,10,11,16,18,34,35,37,38,48,50,51,52,54,55,61,68,73,80
115002930,2026/01/15,1,2,7,13,14,18,20,21,32,39,40,41,45,54,56,59,66,72,75,76
115002931,2026/01/15,5,20,23,28,30,31,35,46,47,48,50,55,60,61,63,65,72,73,75,80
115002932,2026/01/15,6,7,13,15,23,25,26,27,28,33,45,47,51,52,54,56,60,62,76,77
115002933,2026/01/15,1,3,8,9,15,21,25,32,37,41,49,54,61,66,67,69,71,72,73,80
115002934,2026/01/15,3,7,20,22,23,25,27,31,33,34,44,48,51,52,55,59,63,64,66,74
115002935,2026/01/15,1,3,5,7,17,20,23,31,37,39,42,43,45,51,53,54,60,66,73,77
115002936,2026/01/15,5,14,18,21,27,29,31,34,36,37,38,42,44,47,57,59,62,68,69,79
115002937,2026/01/15,2,8,9,18,21,22,23,29,30,40,44,46,49,51,52,60,62,63,70,74
115002938,2026/01/15,10,11,12,15,16,18,22,28,29,32,36,40,52,55,57,67,69,71,75,76
115002939,2026/01/15,5,6,12,18,23,27,29,34,39,43,48,53,55,56,61,62,65,72,74,79
115002940,2026/01/15,6,12,14,17,25,29,36,40,41,45,46,48,50,60,64,65,66,74,76,78
115002941,2026/01/15,4,13,14,22,23,27,29,30,39,41,46,50,53,59,60,63,67,68,69,79
115002942,2026/01/15,1,5,8,15,18,21,27,29,32,35,38,42,44,55,60,68,71,73,78,80
115002943,2026/01/15,1,12,20,28,32,38,43,47,51,53,54,56,64,66,70,71,72,75,78,80
115002944,2026/01/15,3,8,10,11,12,16,21,23,33,37,39,44,49,55,56,60,61,63,76,77
115002945,2026/01/15,7,8,15,19,24,31,36,39,40,42,48,52,61,62,64,69,71,72,74,75
115002946,2026/01/15,1,11,18,21,29,30,36,37,39,40,44,47,49,55,56,62,63,67,71,75
115002947,2026/01/15,6,13,14,17,24,29,31,37,42,44,45,46,50,57,59,66,67,71,72,77
115002948,2026/01/15,3,6,11,21,23,29,35,37,39,40,43,47,53,59,61,63,68,71,74,80
115002949,2026/01/15,7,13,14,17,23,31,32,42,45,52,53,59,60,61,64,65,68,75,76,77
115002950,2026/01/15,4,5,6,8,11,12,14,29,34,36,39,41,42,47,48,51,64,67,73,75
115002951,2026/01/15,3,6,7,11,18,19,20,21,26,27,36,41,51,54,58,61,74,75,77,79
115002952,2026/01/15,6,11,12,16,26,31,33,40,46,58,59,61,64,69,72,74,77,78,79,80
115002953,2026/01/15,1,4,9,11,13,14,17,18,29,36,37,44,55,58,59,61,73,74,75,80
115002954,2026/01/15,2,3,6,10,14,15,18,22,23,26,35,38,44,46,52,53,58,61,77,78
115002955,2026/01/15,8,17,18,20,26,28,30,31,34,43,50,58,60,62,63,65,67,69,74,77
115002956,2026/01/15,3,6,7,11,16,17,25,26,29,33,37,38,41,44,56,62,63,65,76,78
115002957,2026/01/15,8,10,11,15,17,18,21,23,24,29,45,51,54,56,57,61,67,68,72,76
115002958,2026/01/15,2,13,16,18,25,26,27,37,39,41,42,55,60,61,63,64,69,71,75,80
115002959,2026/01/15,3,4,6,7,22,26,28,31,36,38,44,48,56,57,61,65,68,74,76,77
115002960,2026/01/15,5,7,13,14,16,17,19,24,40,41,43,47,52,53,57,59,62,70,71,78
115002961,2026/01/15,7,13,14,18,21,23,29,30,31,39,42,48,50,60,61,62,64,66,70,71
115002962,2026/01/15,7,13,23,27,36,37,38,43,44,48,54,57,60,61,62,67,68,76,79,80
115002963,2026/01/15,1,2,3,8,11,25,26,28,30,36,39,40,47,57,59,61,67,70,73,75
115002964,2026/01/15,2,4,7,12,16,17,32,37,39,42,43,44,46,47,48,53,61,63,67,70
115002965,2026/01/15,7,11,16,17,19,20,21,22,25,30,32,33,34,45,56,57,58,59,64,65
115002966,2026/01/15,4,9,10,16,19,21,25,27,28,39,44,45,47,50,54,55,67,74,77,79
115002967,2026/01/15,4,7,8,9,10,17,19,21,26,33,37,38,41,43,55,62,69,74,79,80
115002968,2026/01/15,4,7,15,16,22,25,27,29,38,42,56,58,61,63,64,65,66,75,76,77
115002969,2026/01/15,3,4,7,10,11,17,22,25,27,35,37,43,44,46,53,54,56,61,63,70
115002970,2026/01/15,1,13,15,16,17,18,22,29,34,35,40,41,43,45,47,48,53,54,75,76
115002971,2026/01/15,1,2,7,21,26,32,35,41,44,46,51,54,55,57,58,59,61,62,68,70
115002972,2026/01/15,7,12,18,25,32,38,40,42,46,51,53,56,57,60,65,67,69,74,79,80
115002973,2026/01/15,1,3,8,10,16,22,32,33,34,35,39,44,45,48,50,61,65,70,76,77
115002974,2026/01/15,2,6,10,11,12,20,21,29,33,38,46,47,48,54,63,64,71,75,76,79
115002975,2026/01/15,3,4,9,21,25,27,33,39,41,52,57,59,60,61,62,63,67,70,75,76
115002976,2026/01/15,4,6,8,12,13,15,17,18,19,22,23,24,25,29,50,54,56,73,75,77
115002977,2026/01/15,6,7,12,15,18,25,29,32,36,37,40,41,48,49,50,60,64,68,74,79
115002978,2026/01/15,4,7,8,10,16,28,30,32,36,42,44,51,54,62,64,65,69,70,75,80
115002979,2026/01/15,4,8,10,20,28,32,33,36,38,45,57,60,62,72,73,74,75,76,77,80
115002980,2026/01/15,3,6,8,12,15,25,28,31,34,39,40,48,55,56,57,59,63,71,72,74
115002981,2026/01/15,3,7,9,10,15,18,20,24,26,30,38,39,46,52,55,58,59,67,69,74
115002982,2026/01/15,1,8,17,21,23,25,28,30,31,33,37,40,44,49,52,56,65,71,73,79
115002983,2026/01/15,1,4,6,10,12,16,17,18,20,27,43,44,46,48,52,54,56,68,69,74
115002984,2026/01/15,4,7,9,15,16,30,34,36,40,43,47,50,53,55,57,59,72,75,76,79
115002985,2026/01/15,4,12,18,19,23,27,31,33,43,47,53,54,58,66,68,72,73,75,77,80
115002986,2026/01/15,2,7,13,16,22,23,26,34,37,41,45,48,49,52,55,57,69,71,75,80
115002987,2026/01/15,1,2,3,13,15,21,23,25,29,32,39,46,48,49,57,60,64,66,70,73
115002988,2026/01/15,3,14,22,25,28,34,39,40,42,43,46,47,53,56,60,63,68,72,73,74
115002989,2026/01/15,1,8,14,15,23,29,30,33,35,39,40,41,42,43,44,52,57,61,71,76
115002990,2026/01/15,3,11,19,20,23,31,32,33,34,36,44,45,47,52,62,67,68,72,77,80
115002991,2026/01/15,2,3,6,12,17,18,19,22,26,30,32,33,38,41,42,43,47,48,69,73
115002992,2026/01/15,11,16,19,25,26,27,29,32,37,44,46,47,50,57,67,68,70,71,75,80
115002993,2026/01/15,1,5,7,10,15,16,17,23,26,33,36,41,42,45,64,68,71,72,77,79
115002994,2026/01/15,9,16,21,25,29,37,45,47,51,58,63,67,69,71,72,73,76,77,79,80
115002995,2026/01/15,12,13,15,16,17,18,21,27,29,30,34,35,44,46,49,53,63,70,72,74
115002996,2026/01/15,5,21,22,24,27,30,31,32,36,38,43,44,48,51,53,60,62,70,75,80
115002997,2026/01/15,2,5,7,9,10,11,12,13,21,24,29,31,32,34,38,48,51,65,75,78
115002998,2026/01/15,5,6,9,11,14,15,16,21,30,32,36,41,49,50,51,52,57,61,62,76
115002999,2026/01/15,1,8,9,11,15,16,17,21,27,35,37,40,53,55,57,62,65,66,68,75
115003000,2026/01/15,7,9,14,25,27,30,36,38,39,44,50,51,61,64,65,72,75,77,78,79
115003001,2026/01/15,1,2,5,6,13,14,25,26,31,33,36,43,46,48,51,54,65,75,77,80
115003002,2026/01/15,6,7,13,27,30,31,33,35,41,43,45,48,50,53,56,57,63,69,71,74
115003003,2026/01/15,5,12,13,14,18,24,28,32,37,40,48,49,51,59,60,61,62,63,66,70
115003004,2026/01/15,1,11,12,15,21,22,23,25,29,34,43,49,52,58,62,63,64,68,69,72
115003005,2026/01/15,1,3,5,13,20,26,30,31,35,38,39,47,57,58,60,61,66,72,73,76
115003006,2026/01/15,1,2,3,7,11,16,28,29,32,36,43,44,46,47,52,53,54,56,61,71
115003007,2026/01/15,3,9,15,33,34,36,37,40,43,47,54,58,64,67,69,71,73,74,77,78
115003008,2026/01/15,6,7,8,13,14,24,26,29,33,36,42,45,55,57,58,60,62,67,69,78
115003009,2026/01/15,3,6,8,10,24,25,27,34,39,41,44,46,51,53,55,59,63,66,70,77
115003010,2026/01/15,1,2,4,8,10,17,19,24,26,27,28,29,33,39,43,46,49,59,66,76
115003011,2026/01/15,6,16,17,20,27,31,35,44,45,47,52,57,59,65,68,69,71,74,75,78
115003012,2026/01/15,3,7,8,10,15,18,36,37,47,48,49,56,58,60,63,64,69,73,74,77
115003013,2026/01/15,2,3,6,11,14,16,17,19,22,24,30,39,42,46,50,52,53,64,70,75
115003014,2026/01/15,1,5,13,14,17,25,27,36,39,42,48,49,53,54,55,58,65,71,72,77
115003015,2026/01/15,10,16,20,21,23,24,28,29,30,36,44,46,50,59,60,61,62,76,78,80
115003016,2026/01/15,7,12,14,21,29,30,31,36,43,44,45,49,55,60,61,63,68,69,71,73
115003017,2026/01/15,2,3,4,8,12,13,14,15,16,22,39,48,50,51,63,69,71,72,75,77
115003018,2026/01/15,1,2,9,10,11,26,31,35,36,40,41,43,48,49,65,66,68,77,79,80
115003019,2026/01/15,6,7,11,15,21,23,24,25,35,48,50,52,57,61,64,68,70,71,72,76
115003020,2026/01/15,2,4,22,27,28,33,35,36,39,48,51,53,55,56,57,63,67,69,74,78
115003021,2026/01/15,3,5,26,27,31,33,39,41,44,47,50,53,64,66,67,70,71,75,77,80
115003022,2026/01/15,3,4,8,9,10,12,15,20,22,26,32,33,37,45,50,53,59,62,64,79
115003023,2026/01/15,2,4,8,11,21,27,30,33,40,47,50,55,59,62,69,72,74,75,76,80
115003024,2026/01/15,1,7,8,9,17,20,21,27,30,37,38,42,48,51,52,54,58,63,73,74
115003025,2026/01/15,1,4,6,14,16,25,26,38,39,47,51,53,55,57,59,65,68,69,73,75
115003026,2026/01/15,1,4,11,17,30,31,32,36,44,50,51,53,57,60,61,63,65,67,76,80
115003027,2026/01/15,2,5,14,18,24,29,32,39,49,50,55,56,59,64,66,70,72,76,77,80
115003028,2026/01/15,4,6,9,12,17,27,28,36,39,42,53,55,56,59,61,68,69,70,71,74
115003029,2026/01/15,5,6,8,9,12,17,18,19,25,27,37,38,39,43,47,48,50,55,63,77
115003030,2026/01/15,1,7,12,16,18,26,27,32,34,35,38,42,46,47,53,55,65,76,79,80
115003031,2026/01/15,1,12,14,16,18,24,32,46,50,55,57,58,63,65,68,69,70,75,77,79
115003032,2026/01/15,4,9,13,16,19,21,25,33,37,40,41,50,53,56,62,64,66,67,79,80
115003033,2026/01/15,3,5,7,11,14,17,20,24,27,35,39,44,48,52,57,58,64,65,71,80
115003034,2026/01/15,3,16,19,22,26,30,33,34,40,44,51,55,58,60,68,72,75,76,77,78
115003035,2026/01/15,8,13,16,21,22,24,30,39,43,45,50,51,58,59,60,67,70,74,75,80
115003036,2026/01/15,3,12,15,24,25,29,35,38,39,47,48,49,54,55,64,68,69,70,73,80
115003037,2026/01/15,1,4,7,8,9,12,21,36,37,41,42,50,60,62,68,69,71,75,76,78
115003038,2026/01/15,6,13,14,26,28,35,48,50,52,55,57,62,63,66,68,70,72,76,77,79
115003039,2026/01/15,3,6,7,8,13,18,24,28,29,30,36,40,47,51,52,55,56,63,65,76
115003040,2026/01/15,1,7,12,16,19,20,22,28,38,43,45,49,50,61,63,65,66,69,73,78
115003041,2026/01/15,2,4,6,11,12,17,28,32,33,36,37,38,40,42,51,64,75,78,79,80
115003042,2026/01/15,1,3,6,10,11,20,32,36,38,44,46,48,50,53,56,61,62,71,75,77
115003043,2026/01/15,1,4,6,7,16,21,22,26,30,32,36,40,48,51,57,62,64,66,71,80
115003044,2026/01/15,1,5,9,17,25,27,31,33,34,37,43,45,53,55,65,67,74,77,79,80
115003045,2026/01/15,2,9,13,14,16,22,24,31,33,34,37,54,55,59,61,66,67,69,71,76
115003046,2026/01/16,2,5,6,7,8,16,18,19,25,31,47,52,54,55,56,58,64,65,71,77
115003047,2026/01/16,1,5,10,19,21,23,25,36,37,46,49,50,53,54,55,56,60,69,73,75
115003048,2026/01/16,7,15,16,17,18,23,28,37,38,39,43,47,51,60,62,63,64,66,70,77
115003049,2026/01/16,3,7,12,13,16,17,26,29,30,44,45,47,48,53,56,59,63,65,70,73
115003050,2026/01/16,3,4,6,12,15,18,25,27,31,44,46,48,52,55,59,61,66,69,78,79
115003051,2026/01/16,1,4,5,8,13,20,24,28,30,31,43,47,55,58,66,67,71,74,75,78
115003052,2026/01/16,8,10,11,25,27,30,34,43,45,46,49,52,55,56,64,66,75,76,77,80
115003053,2026/01/16,1,4,7,13,14,17,19,20,25,26,32,39,44,47,49,54,61,65,67,68
115003054,2026/01/16,3,7,9,10,15,17,22,25,33,34,40,42,47,48,53,54,64,68,72,76
115003055,2026/01/16,3,4,7,15,18,19,21,24,30,35,40,42,46,51,54,59,60,64,67,77
115003056,2026/01/16,2,5,8,10,11,16,17,25,28,35,36,40,49,52,57,60,62,66,68,70
115003057,2026/01/16,3,5,7,9,12,17,36,37,38,43,49,55,57,62,63,66,67,69,71,80
115003058,2026/01/16,6,10,12,21,23,28,29,40,42,53,54,57,59,65,66,67,68,69,71,76
115003059,2026/01/16,6,7,8,16,18,19,22,23,26,28,31,33,43,44,52,60,62,72,77,78
115003060,2026/01/16,5,11,20,21,22,24,33,34,36,38,39,43,51,58,59,60,61,62,72,74
115003061,2026/01/16,1,10,16,17,19,23,25,26,27,31,45,47,51,52,56,62,63,67,72,80
115003062,2026/01/16,3,5,11,12,14,16,21,22,32,33,39,44,51,53,55,56,62,69,74,77
115003063,2026/01/16,1,5,8,11,12,13,15,17,20,22,23,39,40,41,44,47,56,60,72,79
115003064,2026/01/16,1,14,17,18,23,28,29,30,32,33,36,51,57,60,65,67,71,73,74,77
115003065,2026/01/16,3,6,8,13,19,23,28,38,40,48,52,53,57,59,60,62,65,66,68,80
115003066,2026/01/16,4,5,6,11,14,15,22,28,29,37,38,39,42,48,52,53,59,68,70,75
115003067,2026/01/16,2,9,14,15,17,19,24,27,30,32,33,43,46,58,69,74,75,76,77,78
115003068,2026/01/16,3,4,5,7,10,13,14,16,23,33,34,38,40,43,46,55,56,61,63,74
115003069,2026/01/16,2,4,6,9,11,16,19,25,26,33,38,44,45,52,53,56,66,76,77,79
115003070,2026/01/16,6,7,16,22,25,33,34,37,40,42,45,57,58,61,63,66,69,70,74,77
115003071,2026/01/16,11,13,15,17,27,29,33,36,38,42,47,60,61,62,64,65,67,68,75,79
115003072,2026/01/16,1,6,8,10,14,22,27,35,36,40,41,46,50,54,56,58,65,68,69,78
115003073,2026/01/16,3,4,5,12,19,20,25,34,41,45,52,56,63,65,66,68,70,75,76,80
115003074,2026/01/16,4,8,9,16,17,21,27,31,39,49,50,53,57,60,63,66,72,74,78,80
115003075,2026/01/16,4,5,6,7,14,17,27,34,38,40,41,45,47,50,51,52,58,60,63,70
115003076,2026/01/16,3,4,13,15,16,17,21,25,30,31,40,50,52,57,66,68,69,75,76,77
115003077,2026/01/16,1,2,3,4,12,16,18,22,25,29,32,44,48,52,54,61,67,69,75,79
115003078,2026/01/16,8,9,14,17,18,24,28,32,36,48,52,54,58,59,60,68,70,72,73,76
115003079,2026/01/16,4,9,11,14,15,17,28,32,35,44,45,46,49,51,58,59,62,72,76,79
115003080,2026/01/16,12,14,16,19,20,28,32,36,40,41,44,45,50,52,53,57,61,65,77,80
115003081,2026/01/16,1,5,7,11,19,21,30,34,35,39,42,43,47,50,52,54,57,62,63,70
115003082,2026/01/16,8,10,11,12,15,16,20,28,36,37,38,41,43,45,54,64,65,67,73,74
115003083,2026/01/16,1,5,6,11,18,21,28,30,39,42,45,49,50,53,58,59,61,69,70,79
115003084,2026/01/16,3,5,6,10,17,24,26,34,35,40,45,46,48,53,64,66,67,68,69,75
115003085,2026/01/16,4,5,7,8,17,22,25,30,36,46,47,49,56,61,65,67,70,71,72,76
115003086,2026/01/16,3,5,9,14,15,17,24,28,31,32,37,39,40,46,52,55,60,74,76,79
115003087,2026/01/16,11,16,27,31,38,41,42,43,50,54,55,58,61,62,69,72,73,74,77,78
115003088,2026/01/16,2,3,9,15,18,22,30,32,33,46,47,49,59,65,69,70,73,74,75,77
115003089,2026/01/16,3,7,14,15,21,24,25,30,32,33,34,39,41,50,62,67,72,75,77,78
115003090,2026/01/16,4,5,8,9,12,14,17,18,25,26,29,31,33,41,56,61,63,64,77,79
115003091,2026/01/16,6,7,12,13,14,17,28,30,34,37,39,42,46,55,59,60,64,69,72,80
115003092,2026/01/16,5,7,14,28,35,36,37,38,49,50,54,61,64,66,68,71,72,74,77,80
115003093,2026/01/16,1,2,4,15,16,17,18,19,26,30,38,39,45,66,70,71,72,74,76,77
115003094,2026/01/16,2,5,8,11,23,24,27,36,40,41,49,52,55,57,58,61,65,71,73,75
115003095,2026/01/16,5,6,8,9,11,18,23,27,38,42,48,52,59,62,64,71,72,74,75,80
115003096,2026/01/16,2,14,18,23,25,29,31,36,43,50,54,60,61,65,67,69,71,75,77,78
115003097,2026/01/16,12,18,21,22,25,29,38,39,41,44,48,55,61,62,65,66,69,71,75,77
115003098,2026/01/16,6,7,9,13,23,24,26,31,38,42,43,50,59,60,64,66,67,70,73,76
115003099,2026/01/16,4,6,9,13,16,22,24,26,27,35,47,49,50,59,61,63,73,76,77,78
115003100,2026/01/16,1,2,4,7,10,11,14,25,26,30,31,32,52,53,56,63,64,71,72,76
115003101,2026/01/16,1,11,13,16,19,21,25,27,28,36,38,40,44,48,55,56,58,60,63,80
115003102,2026/01/16,6,15,16,17,18,19,27,33,36,38,46,52,55,57,58,62,64,67,69,79
115003103,2026/01/16,2,5,9,19,23,25,33,39,40,49,50,57,59,62,63,67,68,73,76,77
115003104,2026/01/16,4,8,15,21,24,25,31,33,36,37,43,45,47,54,55,58,60,63,65,67
115003105,2026/01/16,1,2,3,7,11,17,18,23,25,26,29,30,36,42,44,45,46,61,71,77
115003106,2026/01/16,5,8,10,13,15,17,24,27,28,38,44,45,52,56,61,63,70,74,76,80
115003107,2026/01/16,6,8,13,18,24,35,37,40,47,48,50,51,52,62,64,67,69,73,78,80
115003108,2026/01/16,1,5,7,11,13,19,21,24,29,30,46,47,48,51,52,57,58,62,64,77
115003109,2026/01/16,1,4,8,10,12,20,22,24,25,37,55,60,63,64,65,68,71,75,77,78
115003110,2026/01/16,5,7,10,12,13,19,23,26,29,30,39,44,47,48,49,52,65,72,79,80
115003111,2026/01/16,2,8,9,10,12,14,25,26,27,29,31,33,34,37,44,46,59,64,76,77
115003112,2026/01/16,5,6,7,14,17,19,20,30,31,32,36,40,42,51,52,55,63,74,75,78
115003113,2026/01/16,4,5,14,16,24,25,34,43,47,51,53,54,58,61,65,73,74,76,79,80
115003114,2026/01/16,5,8,11,13,28,30,33,36,42,52,54,61,66,68,69,71,73,74,76,78
115003115,2026/01/16,1,7,8,17,23,26,33,36,39,41,43,48,51,53,62,64,65,68,73,76
115003116,2026/01/16,2,4,7,8,13,23,27,30,36,41,44,47,55,56,59,63,64,65,67,78
115003117,2026/01/16,2,3,7,10,11,15,35,39,49,51,52,53,56,62,63,66,75,77,78,80
115003118,2026/01/16,1,2,3,5,6,13,23,30,35,42,44,46,60,65,67,68,70,72,73,76
115003119,2026/01/16,2,11,16,19,20,21,27,29,31,38,39,40,44,49,50,59,63,66,67,80
115003120,2026/01/16,1,5,6,7,10,16,20,21,25,31,33,41,45,52,55,60,65,66,70,72
115003121,2026/01/16,10,12,13,17,19,20,23,24,33,37,49,56,58,60,63,65,66,74,76,78
115003122,2026/01/16,2,9,10,12,21,27,30,32,35,40,41,44,47,48,51,63,68,72,73,79
115003123,2026/01/16,4,9,10,17,22,24,27,29,33,34,35,36,39,41,53,60,62,64,66,74
115003124,2026/01/16,4,5,6,8,10,17,20,27,34,38,41,42,46,52,53,54,56,59,60,80
115003125,2026/01/16,4,13,16,17,19,21,24,25,30,32,39,41,46,48,53,54,66,71,72,74
115003126,2026/01/16,2,7,9,24,27,32,34,38,43,44,45,50,51,53,56,57,59,62,69,80
115003127,2026/01/16,4,9,10,15,17,22,24,30,34,44,47,49,50,51,53,61,69,70,73,77
115003128,2026/01/16,6,21,28,30,37,38,43,44,45,49,52,57,58,59,60,64,65,66,70,77
115003129,2026/01/16,3,6,9,11,15,18,20,29,33,38,43,46,47,52,56,58,59,66,69,70
115003130,2026/01/16,2,4,6,9,11,19,22,24,25,30,31,51,53,55,58,62,64,75,77,78
115003131,2026/01/16,2,3,12,18,20,25,27,30,33,41,43,44,45,46,49,62,70,73,76,77
115003132,2026/01/16,1,8,12,15,16,17,19,27,28,31,33,41,45,50,59,63,73,76,77,78
115003133,2026/01/16,1,2,4,12,23,25,29,30,39,42,49,55,58,61,65,66,68,70,76,80
115003134,2026/01/16,2,7,8,9,11,14,15,16,18,20,23,31,37,38,43,44,56,62,67,77
115003135,2026/01/16,2,3,10,13,15,16,23,25,31,34,35,36,42,48,59,62,65,68,76,79
115003136,2026/01/16,3,4,9,10,11,25,27,28,31,36,38,39,47,62,68,69,73,74,75,78
115003137,2026/01/16,8,13,30,32,33,34,35,46,48,50,53,54,55,61,66,67,68,72,76,79
115003138,2026/01/16,1,12,14,23,24,26,27,32,35,37,50,52,57,59,63,64,66,68,70,72
115003139,2026/01/16,1,10,11,13,28,29,31,32,33,38,41,46,55,59,62,64,67,76,78,79
115003140,2026/01/16,1,12,18,19,24,28,30,34,36,41,42,44,45,54,55,58,64,67,68,69
115003141,2026/01/16,4,7,9,24,28,29,34,36,38,45,51,59,63,66,68,72,73,77,79,80
115003142,2026/01/16,2,5,11,17,28,32,45,47,48,50,56,60,64,66,71,73,76,77,78,79
115003143,2026/01/16,5,8,17,19,21,24,27,31,33,39,45,46,49,56,63,67,72,75,78,80
115003144,2026/01/16,6,9,12,15,17,22,24,27,29,40,44,45,54,67,68,72,73,77,79,80
115003145,2026/01/16,5,12,13,15,16,18,20,22,26,30,36,39,46,47,51,58,59,65,68,69
115003146,2026/01/16,1,3,7,13,14,19,21,22,28,33,38,41,43,49,52,63,64,66,73,80
115003147,2026/01/16,2,4,9,15,26,38,40,41,44,45,50,54,60,62,68,71,72,74,78,80
115003148,2026/01/16,11,14,18,21,24,26,28,30,33,39,40,47,49,58,60,62,67,72,78,79
115003149,2026/01/16,2,3,12,20,24,25,27,28,32,33,37,39,43,44,45,49,53,65,73,75
115003150,2026/01/16,1,4,9,15,23,24,26,38,42,44,45,47,51,53,54,62,63,74,77,79
115003151,2026/01/16,16,17,19,20,23,24,28,31,32,34,35,37,49,51,54,56,58,75,78,79
115003152,2026/01/16,8,18,19,20,23,24,29,34,35,36,40,41,47,52,55,66,73,78,79,80
115003153,2026/01/16,1,12,18,20,22,23,29,30,33,35,37,50,51,52,54,57,58,64,71,78
115003154,2026/01/16,4,8,9,12,24,29,33,36,38,41,42,48,54,58,62,63,73,74,77,78
115003155,2026/01/16,1,3,11,16,25,26,30,33,35,37,38,45,46,49,50,61,73,76,79,80
115003156,2026/01/16,1,4,8,9,12,13,23,28,32,35,36,37,43,45,51,56,57,66,71,75
115003157,2026/01/16,7,16,17,22,25,26,30,34,46,48,50,58,59,60,62,67,72,73,77,79
115003158,2026/01/16,5,10,11,21,24,28,32,35,47,55,57,58,61,65,66,68,72,75,77,80
115003159,2026/01/16,1,3,10,15,20,26,29,30,31,32,38,39,47,49,52,60,65,68,71,74
115003160,2026/01/16,7,9,19,30,31,32,39,42,43,44,47,49,50,51,59,61,63,66,75,79
115003161,2026/01/16,7,13,15,19,22,24,26,33,44,47,51,53,58,59,65,66,69,72,73,77
115003162,2026/01/16,8,10,13,14,16,18,21,22,23,24,32,35,38,50,55,62,65,68,74,79
115003163,2026/01/16,3,8,16,17,24,25,26,34,36,41,44,55,56,64,66,67,69,70,75,79
115003164,2026/01/16,2,16,21,24,28,32,33,40,41,43,44,49,54,59,60,61,64,66,71,72
115003165,2026/01/16,3,6,9,12,19,20,23,27,29,38,39,40,42,48,49,52,53,54,75,79
115003166,2026/01/16,7,12,17,19,24,29,30,31,33,35,37,44,48,56,61,65,67,71,75,79
115003167,2026/01/16,3,4,5,11,13,22,23,25,27,31,36,40,42,43,47,51,67,71,77,78
115003168,2026/01/16,4,9,13,20,24,30,36,39,44,48,51,56,59,65,66,68,74,75,76,78
115003169,2026/01/16,3,9,10,12,14,16,25,28,40,44,49,51,54,58,60,66,67,69,72,75
115003170,2026/01/16,3,13,16,17,20,23,27,32,38,47,53,54,56,61,63,66,69,71,75,79
115003171,2026/01/16,2,3,13,15,16,23,24,35,36,48,49,52,58,64,65,70,71,75,76,79
115003172,2026/01/16,1,2,4,5,7,16,18,19,20,25,33,38,43,47,55,56,67,70,76,77
115003173,2026/01/16,4,7,8,11,12,14,18,26,28,32,33,46,48,53,54,56,63,64,68,76
115003174,2026/01/16,2,19,20,21,30,36,40,41,44,47,48,57,58,59,67,68,73,74,75,79
115003175,2026/01/16,10,15,17,18,29,36,38,42,43,47,51,61,62,63,64,70,71,73,75,76
115003176,2026/01/16,3,6,8,10,15,17,19,28,36,41,43,46,49,50,55,60,62,69,74,80
115003177,2026/01/16,1,3,6,12,19,32,44,48,51,53,55,58,61,62,63,64,66,69,70,79
115003178,2026/01/16,5,6,9,16,18,19,22,25,37,40,44,46,48,57,61,62,66,67,69,74
115003179,2026/01/16,6,14,20,26,27,31,33,36,37,44,46,48,49,57,62,65,72,74,76,77
115003180,2026/01/16,3,7,11,21,22,23,27,35,36,38,39,44,54,55,59,64,69,71,78,79
115003181,2026/01/16,1,6,12,13,17,28,30,35,37,39,44,45,49,57,58,63,65,69,74,80
115003182,2026/01/16,2,7,12,14,15,16,17,28,31,34,35,45,46,55,57,63,64,71,79,80
115003183,2026/01/16,1,7,11,13,18,23,24,26,30,33,34,35,37,38,39,40,43,53,61,62
115003184,2026/01/16,3,6,9,20,30,33,36,39,40,43,51,54,57,60,63,65,66,70,75,77
115003185,2026/01/16,2,9,10,24,29,30,32,38,40,42,45,55,61,65,66,68,69,72,75,76
115003186,2026/01/16,3,5,7,10,12,16,17,22,24,28,29,39,42,47,48,57,60,64,70,76
115003187,2026/01/16,5,6,8,15,19,20,25,42,43,47,50,58,59,61,62,69,72,74,76,79
115003188,2026/01/16,2,12,15,16,18,22,30,31,32,39,53,57,61,64,69,70,73,77,78,80
115003189,2026/01/16,1,4,7,13,17,18,19,25,27,36,39,48,50,54,55,65,66,69,71,72
115003190,2026/01/16,6,8,13,17,19,25,27,29,31,36,47,53,57,58,59,61,72,75,78,80
115003191,2026/01/16,6,8,9,13,14,17,19,20,36,39,40,44,45,51,54,62,69,72,73,76
115003192,2026/01/16,1,4,14,16,20,21,29,36,37,44,47,49,51,52,53,55,60,68,72,73
115003193,2026/01/16,7,13,16,26,28,32,42,43,44,47,48,56,60,61,69,71,73,77,79,80
115003194,2026/01/16,11,13,15,19,23,29,32,33,36,37,38,42,45,54,55,64,70,72,73,78
115003195,2026/01/16,4,6,7,10,14,18,24,25,28,32,36,37,39,44,53,56,58,59,64,74
115003196,2026/01/16,7,10,13,16,19,21,26,30,35,38,40,43,45,46,57,61,66,70,75,78
115003197,2026/01/16,1,3,9,10,15,16,19,25,34,42,47,52,53,55,56,62,72,74,77,78
115003198,2026/01/16,2,4,8,10,14,15,16,19,21,23,24,27,32,41,42,45,53,58,62,66
115003199,2026/01/16,8,10,13,14,30,37,40,42,43,46,48,55,60,66,67,69,70,73,78,80
115003200,2026/01/16,1,3,10,11,15,20,22,28,37,41,43,45,47,53,54,63,66,68,78,80
115003201,2026/01/16,2,4,5,8,11,14,17,22,24,34,35,37,42,44,46,58,64,73,75,78
115003202,2026/01/16,8,10,16,18,22,27,29,32,36,40,42,45,51,52,60,61,62,64,74,79
115003203,2026/01/16,1,4,6,8,19,27,35,38,40,43,46,50,56,57,59,62,70,71,74,76
115003204,2026/01/16,3,4,5,9,15,23,26,27,28,38,41,43,45,48,54,55,58,66,71,73
115003205,2026/01/16,1,2,10,23,26,30,32,36,39,45,49,51,54,55,58,61,62,68,75,79
115003206,2026/01/16,2,3,9,18,20,22,24,30,37,42,43,44,46,47,48,49,53,60,76,80
115003207,2026/01/16,1,3,7,8,12,16,17,19,20,22,25,30,35,50,52,57,60,68,71,76
115003208,2026/01/16,4,5,6,10,19,20,26,37,40,41,42,47,50,51,54,62,65,69,77,80
115003209,2026/01/16,5,7,8,10,16,22,29,35,39,40,41,52,58,63,68,74,76,77,78,80
115003210,2026/01/16,1,5,10,16,20,24,25,34,36,39,45,48,52,55,59,62,63,69,77,78
115003211,2026/01/16,1,3,12,13,19,20,28,30,53,56,60,62,63,68,70,71,73,77,79,80
115003212,2026/01/16,1,3,4,5,9,11,24,28,34,40,43,44,47,51,58,59,67,70,71,72
115003213,2026/01/16,2,6,7,8,21,22,24,25,27,29,39,41,42,49,52,57,62,66,72,77
115003214,2026/01/16,11,14,18,20,24,27,34,36,38,39,40,47,49,51,52,53,60,72,73,79
115003215,2026/01/16,6,9,15,17,20,22,24,25,26,32,49,51,53,54,61,64,67,71,72,79
115003216,2026/01/16,4,7,8,11,12,15,16,19,20,31,42,50,57,58,59,62,65,72,73,77
115003217,2026/01/16,11,12,17,25,26,27,28,37,39,40,41,42,54,62,67,68,70,71,77,80
115003218,2026/01/16,4,5,7,8,19,24,28,32,38,40,44,47,54,61,66,68,71,77,79,80
115003219,2026/01/16,4,8,17,20,21,22,25,26,28,41,49,52,53,56,63,69,72,74,75,80
115003220,2026/01/16,4,5,6,12,15,16,24,25,31,34,38,39,44,46,52,57,63,70,79,80
115003221,2026/01/16,5,20,24,25,26,34,40,43,45,50,52,63,64,65,67,69,71,72,78,79
115003222,2026/01/16,2,3,14,20,21,23,26,27,28,29,30,33,40,48,50,51,64,68,76,80
115003223,2026/01/16,2,4,6,7,14,15,17,21,29,31,34,38,46,51,52,55,59,60,63,79
115003224,2026/01/16,5,8,11,12,21,29,31,34,35,45,54,58,60,64,66,68,70,74,77,80
115003225,2026/01/16,2,5,11,12,17,22,24,35,36,41,45,47,51,57,69,71,72,73,75,79
115003226,2026/01/16,8,17,20,24,27,37,39,40,41,47,50,55,60,61,62,68,70,73,74,76
115003227,2026/01/16,5,6,10,12,13,18,23,24,32,46,53,54,59,63,66,69,70,72,73,80
115003228,2026/01/16,3,5,6,7,13,21,29,30,31,36,38,40,42,53,56,62,67,70,79,80
115003229,2026/01/16,3,9,10,16,22,29,30,35,41,45,46,52,55,56,57,61,63,65,69,70
115003230,2026/01/16,1,5,6,11,14,16,19,20,30,38,44,46,47,48,51,54,59,63,65,67
115003231,2026/01/16,5,7,13,16,22,27,29,30,31,36,38,42,44,48,52,57,59,62,65,66
115003232,2026/01/16,6,8,10,12,20,23,26,30,32,35,38,41,42,44,48,52,68,74,76,78
115003233,2026/01/16,9,10,12,14,15,16,26,28,33,37,43,45,56,59,60,61,65,68,78,80
115003234,2026/01/16,7,15,16,18,21,32,33,34,35,39,40,46,56,57,61,64,66,67,70,80
115003235,2026/01/16,9,12,18,19,21,27,31,35,37,40,46,48,49,54,57,64,67,69,77,78
115003236,2026/01/16,6,9,11,22,24,30,39,40,41,43,44,55,58,60,61,64,67,76,79,80
115003237,2026/01/16,7,8,13,18,25,29,37,40,42,43,46,47,52,53,55,56,58,63,65,69
115003238,2026/01/16,11,20,21,22,23,26,30,34,38,39,41,49,51,52,54,58,66,67,75,76
115003239,2026/01/16,4,5,10,19,29,32,33,41,43,45,46,47,56,58,60,65,66,67,72,76
115003240,2026/01/16,1,3,10,11,15,22,24,25,29,35,42,45,46,47,50,58,59,61,69,72
115003241,2026/01/16,2,6,10,15,19,21,22,27,36,41,43,53,58,61,65,68,69,75,76,78
115003242,2026/01/16,5,9,12,13,23,25,26,27,30,34,36,39,49,54,58,64,65,67,68,75
115003243,2026/01/16,4,7,10,17,20,28,32,37,40,41,42,48,49,53,56,57,64,74,77,78
115003244,2026/01/16,5,7,14,20,21,22,35,36,37,40,57,58,62,66,68,70,74,76,78,79
115003245,2026/01/16,3,7,8,15,16,22,24,36,37,41,46,48,49,54,56,58,61,62,75,78
115003246,2026/01/16,2,3,5,6,9,24,29,38,47,51,55,56,60,67,68,70,71,73,79,80
115003247,2026/01/16,3,4,7,14,15,16,18,22,23,26,30,32,38,48,49,58,62,64,71,79
115003248,2026/01/16,2,5,6,9,12,15,16,19,21,31,37,44,45,46,51,54,59,60,68,78
115003249,2026/01/17,14,16,19,20,23,27,29,31,32,39,42,43,45,46,50,55,57,65,66,73
115003250,2026/01/17,2,6,11,17,29,30,32,36,41,44,51,53,56,60,63,67,70,76,77,79
115003251,2026/01/17,11,14,16,17,28,29,40,41,43,44,46,49,50,52,57,66,71,76,79,80
115003252,2026/01/17,2,12,13,14,15,26,31,32,37,38,43,49,56,61,69,71,72,76,78,80
115003253,2026/01/17,1,3,5,6,8,12,13,15,27,39,40,43,45,61,63,65,66,74,75,76
115003254,2026/01/17,5,7,9,14,19,22,25,27,35,36,44,59,61,66,67,69,70,71,79,80
115003255,2026/01/17,3,8,11,12,20,21,25,26,33,36,37,38,42,47,49,52,54,60,64,70
115003256,2026/01/17,3,7,9,10,12,23,24,25,32,35,37,41,42,43,47,49,58,64,77,78
115003257,2026/01/17,4,7,8,11,12,13,15,18,28,29,43,54,55,63,66,70,71,73,76,78
115003258,2026/01/17,4,5,7,10,34,35,36,38,39,45,49,51,60,62,64,67,69,71,78,79
115003259,2026/01/17,12,14,21,22,25,30,31,32,39,41,42,43,51,55,56,61,63,71,75,80
115003260,2026/01/17,3,4,6,8,9,10,16,24,27,31,36,37,46,47,52,57,60,63,64,67
115003261,2026/01/17,4,8,9,11,16,18,23,24,25,26,28,29,34,39,59,62,63,64,68,76
115003262,2026/01/17,2,4,5,18,24,26,30,32,33,35,37,41,49,51,52,55,58,69,72,80
115003263,2026/01/17,9,13,17,18,19,22,25,26,27,28,32,43,45,49,53,58,67,74,75,76
115003264,2026/01/17,2,5,7,8,11,16,19,23,34,35,37,54,55,56,58,60,61,63,75,79
115003265,2026/01/17,2,8,9,20,25,35,38,43,47,48,49,52,58,60,63,66,71,74,75,80
115003266,2026/01/17,2,4,5,6,16,19,21,22,24,30,42,49,52,58,60,68,72,76,79,80
115003267,2026/01/17,1,7,10,14,19,23,25,33,38,42,43,44,47,49,50,59,61,68,74,77
115003268,2026/01/17,1,5,10,14,17,19,27,29,32,40,42,49,54,65,66,68,69,74,78,80
115003269,2026/01/17,4,11,12,14,15,24,32,39,41,43,45,55,58,59,63,65,66,73,74,77
115003270,2026/01/17,2,9,19,26,30,31,36,37,39,43,48,50,52,60,65,67,69,72,73,76
115003271,2026/01/17,1,7,9,10,16,17,19,32,36,41,43,44,45,47,53,57,62,69,70,80
115003272,2026/01/17,3,6,13,14,19,20,21,36,40,43,44,49,52,61,62,63,73,74,77,79
115003273,2026/01/17,2,7,11,19,21,26,33,37,40,41,47,48,49,61,64,66,70,71,78,80
115003274,2026/01/17,1,2,4,7,9,19,20,27,28,33,35,46,48,51,55,62,64,65,71,74
115003275,2026/01/17,2,8,14,15,18,26,31,32,38,42,44,62,65,66,72,73,75,76,77,79
115003276,2026/01/17,1,2,6,7,11,12,14,17,19,26,28,30,36,48,51,54,59,67,70,77
115003277,2026/01/17,3,4,7,8,13,21,30,34,37,38,39,45,49,53,60,61,63,71,74,78
115003278,2026/01/17,6,8,10,20,22,27,29,31,34,37,42,45,48,52,61,67,73,74,76,79
115003279,2026/01/17,2,8,9,15,16,17,19,20,27,30,37,39,42,46,47,48,55,67,72,80
115003280,2026/01/17,5,15,17,19,26,33,34,38,44,50,53,55,58,63,65,69,71,76,79,80
115003281,2026/01/17,6,7,9,14,15,18,28,30,34,38,41,42,44,47,50,54,59,69,78,79
115003282,2026/01/17,8,10,17,19,20,24,28,29,38,40,44,45,48,51,59,64,66,73,74,76
115003283,2026/01/17,6,13,16,17,25,28,32,33,35,37,38,42,54,55,59,65,75,76,77,78
115003284,2026/01/17,3,5,7,13,16,25,26,32,35,36,43,49,50,54,57,64,67,68,72,77
115003285,2026/01/17,2,4,7,8,9,12,19,21,24,26,31,41,42,45,48,49,67,73,75,76
115003286,2026/01/17,1,8,12,15,17,21,31,34,36,37,39,43,45,49,59,60,68,69,71,72
115003287,2026/01/17,16,25,27,30,31,33,35,38,49,50,51,53,60,62,63,65,68,72,75,80
115003288,2026/01/17,5,8,9,10,18,24,29,31,32,36,39,41,53,54,56,57,67,76,77,79
115003289,2026/01/17,2,7,12,17,18,20,31,32,39,41,43,48,49,52,54,55,57,62,74,77
115003290,2026/01/17,5,9,10,18,29,32,34,39,44,46,47,52,55,57,59,60,63,66,69,74
115003291,2026/01/17,2,13,14,15,21,26,35,37,39,40,45,48,54,56,61,69,71,72,76,78
115003292,2026/01/17,1,14,17,18,26,28,32,37,38,43,44,47,59,62,63,64,66,69,72,74
115003293,2026/01/17,5,10,11,12,17,20,22,25,26,31,32,38,39,42,45,57,62,64,68,77
115003294,2026/01/17,12,20,22,24,27,32,38,40,42,44,48,50,57,69,70,76,77,78,79,80
115003295,2026/01/17,2,4,7,8,15,18,24,30,32,41,46,50,57,58,59,61,70,71,73,75
115003296,2026/01/17,6,8,9,17,25,28,45,47,52,54,55,56,58,65,67,72,75,78,79,80
115003297,2026/01/17,1,3,4,7,12,13,16,21,34,39,40,41,42,43,45,48,52,60,72,73
115003298,2026/01/17,2,18,20,22,28,29,36,37,40,42,47,50,62,63,65,66,67,69,72,77
115003299,2026/01/17,12,20,22,28,29,33,34,37,39,42,44,49,50,57,58,61,67,71,73,74
115003300,2026/01/17,2,3,4,12,14,24,29,32,37,38,42,44,45,46,53,55,63,67,71,76
115003301,2026/01/17,5,6,7,10,11,13,14,16,29,30,34,52,54,61,62,64,66,72,73,79
115003302,2026/01/17,3,15,17,18,23,29,30,37,38,47,48,54,55,58,59,63,64,71,76,78
115003303,2026/01/17,6,8,9,12,13,15,18,23,27,31,33,36,39,42,49,65,70,72,77,79
115003304,2026/01/17,1,10,20,23,34,40,41,42,43,46,47,52,53,57,62,66,70,72,75,76
115003305,2026/01/17,7,12,21,25,26,30,35,37,41,45,47,49,51,59,62,66,67,70,74,75
115003306,2026/01/17,1,6,11,17,19,27,28,33,41,43,44,45,48,51,57,59,64,67,73,74
115003307,2026/01/17,1,2,12,26,42,43,44,49,51,53,54,57,61,63,64,65,69,74,75,79
115003308,2026/01/17,3,4,9,17,20,22,23,30,32,42,50,51,52,53,57,58,59,62,70,72
115003309,2026/01/17,2,3,4,6,28,33,40,43,48,50,54,56,57,61,62,63,64,67,73,77
115003310,2026/01/17,3,5,14,18,21,22,32,33,41,42,46,49,53,55,57,59,64,66,67,68
115003311,2026/01/17,1,2,3,8,10,17,19,23,24,30,37,38,39,56,58,60,64,67,77,79
115003312,2026/01/17,8,15,16,18,20,24,31,33,38,39,40,47,50,58,59,60,62,65,66,76
115003313,2026/01/17,2,4,7,8,10,11,21,25,30,34,38,39,44,53,60,64,65,75,77,80
115003314,2026/01/17,2,7,9,12,16,26,27,29,30,31,32,33,35,39,48,56,63,66,71,80
115003315,2026/01/17,3,5,10,11,17,21,28,30,34,37,42,44,61,62,66,69,70,73,74,78
115003316,2026/01/17,7,8,13,14,15,16,17,30,35,38,40,46,48,53,56,58,59,63,73,75
115003317,2026/01/17,7,13,17,26,27,30,36,38,42,43,44,46,48,55,57,60,64,76,79,80
115003318,2026/01/17,1,2,9,13,20,28,29,32,38,40,44,47,50,56,58,65,66,70,75,76
115003319,2026/01/17,3,5,6,16,17,20,27,30,35,36,38,42,49,50,51,58,66,72,73,80
115003320,2026/01/17,3,8,13,14,15,20,27,30,35,38,41,42,44,46,49,58,60,62,68,76
115003321,2026/01/17,1,9,12,14,18,22,28,33,37,38,40,50,53,58,61,63,66,67,68,75
115003322,2026/01/17,5,8,12,15,17,23,32,39,40,41,45,56,59,63,65,70,72,73,74,76
115003323,2026/01/17,4,8,10,18,25,27,29,33,34,38,39,47,51,56,60,63,65,68,73,75
115003324,2026/01/17,8,9,10,14,15,19,24,25,27,29,30,31,35,46,54,57,59,61,72,76
115003325,2026/01/17,2,21,25,31,38,39,40,43,44,47,48,52,58,59,60,62,68,69,70,75
115003326,2026/01/17,2,3,4,13,14,18,21,26,31,32,38,44,49,51,54,65,69,72,77,79
115003327,2026/01/17,6,8,11,19,21,22,25,28,30,37,40,41,48,52,63,65,71,72,73,75
115003328,2026/01/17,2,3,6,7,8,19,20,23,28,29,31,32,40,43,45,47,50,60,66,73
115003329,2026/01/17,3,5,7,10,11,23,29,32,44,45,54,57,60,66,68,69,70,71,77,78
115003330,2026/01/17,5,8,15,20,23,24,25,31,41,45,55,56,59,62,63,65,66,73,76,77
115003331,2026/01/17,3,5,16,18,21,26,29,33,38,45,51,52,58,66,70,71,72,73,76,80
115003332,2026/01/17,1,6,10,12,35,36,37,39,42,47,52,53,56,57,59,62,67,69,72,75
115003333,2026/01/17,1,2,3,16,18,25,29,32,34,35,38,40,54,60,69,74,76,77,79,80
115003334,2026/01/17,4,10,17,20,22,24,25,31,32,33,39,43,45,48,54,55,60,62,70,77
115003335,2026/01/17,4,9,14,17,19,22,30,40,46,47,48,50,51,56,62,65,68,74,76,79
115003336,2026/01/17,1,4,6,8,10,16,19,26,31,36,40,46,48,52,57,59,63,64,72,76
115003337,2026/01/17,3,4,13,15,19,24,35,37,38,41,42,45,48,49,51,54,61,69,74,77
115003338,2026/01/17,8,14,16,23,40,45,46,48,52,54,57,60,62,65,67,68,72,74,75,76
115003339,2026/01/17,5,7,8,14,16,24,29,30,46,47,48,50,52,55,57,66,67,73,76,77
115003340,2026/01/17,7,8,15,16,19,24,25,35,40,42,46,56,59,62,63,64,65,68,72,79
115003341,2026/01/17,6,7,10,14,18,19,21,30,36,38,40,43,50,52,57,60,69,71,75,76
115003342,2026/01/17,3,5,12,17,19,21,30,33,34,41,44,45,47,50,55,56,60,64,70,78
115003343,2026/01/17,1,5,10,15,23,30,39,41,43,45,48,52,53,59,64,66,67,69,77,79
115003344,2026/01/17,3,4,8,12,15,20,23,27,29,34,40,45,48,49,50,54,66,73,74,76
115003345,2026/01/17,1,4,10,14,15,18,20,27,28,34,38,43,55,56,60,62,63,65,67,68
115003346,2026/01/17,2,6,12,19,31,32,33,34,39,43,44,51,55,56,66,69,75,77,78,79
115003347,2026/01/17,2,3,4,13,14,34,35,43,44,47,53,56,58,61,62,66,68,71,75,78
115003348,2026/01/17,3,4,5,12,16,24,30,31,32,39,45,46,47,59,61,70,72,75,78,79
115003349,2026/01/17,12,13,15,18,22,25,30,31,35,43,49,51,58,62,65,68,71,73,74,76
115003350,2026/01/17,4,8,9,11,12,15,16,18,19,21,30,34,39,46,53,59,66,68,77,79
115003351,2026/01/17,3,4,8,9,14,20,22,26,32,40,41,43,46,54,55,59,62,64,65,66
115003352,2026/01/17,3,4,7,8,10,18,22,23,24,25,27,39,42,46,48,56,66,70,77,79
115003353,2026/01/17,4,6,10,11,16,19,22,26,47,51,52,53,60,61,63,64,66,72,75,80
115003354,2026/01/17,7,8,10,21,26,27,34,39,40,43,46,48,59,61,64,66,67,69,78,79
115003355,2026/01/17,1,2,7,8,10,20,21,27,28,30,31,35,36,41,46,48,62,73,74,80
115003356,2026/01/17,2,8,9,11,28,30,31,32,35,36,39,40,45,51,60,61,63,75,77,80
115003357,2026/01/17,1,5,6,8,9,11,14,18,22,28,33,34,46,57,60,65,71,73,75,78
115003358,2026/01/17,2,7,8,13,20,26,27,37,39,41,43,50,53,54,59,60,61,65,71,74
115003359,2026/01/17,4,10,15,24,26,34,39,40,46,50,51,52,54,58,59,65,69,72,79,80
115003360,2026/01/17,3,5,6,11,12,17,21,27,29,34,39,41,42,51,58,59,62,63,74,78
115003361,2026/01/17,3,4,7,10,14,15,24,32,39,42,46,52,54,55,59,60,69,73,74,77
115003362,2026/01/17,7,8,9,11,18,21,22,26,34,39,45,49,52,56,63,68,69,71,72,80
115003363,2026/01/17,7,8,16,21,24,25,29,37,38,43,46,51,55,62,65,67,69,71,73,79
115003364,2026/01/17,8,10,20,22,27,29,32,36,45,47,50,52,62,64,66,67,68,73,74,80
115003365,2026/01/17,1,6,9,10,12,13,23,24,29,41,42,44,50,54,56,60,62,65,70,79
115003366,2026/01/17,3,7,9,10,13,22,25,32,39,41,42,45,48,53,54,62,64,66,75,79
115003367,2026/01/17,2,3,5,13,14,20,21,27,36,37,39,41,50,59,65,68,69,71,73,78
115003368,2026/01/17,1,11,24,26,32,33,34,35,36,38,46,51,58,60,68,70,71,74,78,79
115003369,2026/01/17,2,10,14,23,27,28,29,32,36,40,41,42,47,57,60,64,69,70,75,76
115003370,2026/01/17,1,10,16,17,18,21,23,25,29,35,41,46,47,51,53,56,59,69,79,80
115003371,2026/01/17,5,6,7,8,9,12,13,28,29,30,41,45,48,53,60,64,65,66,71,80
115003372,2026/01/17,1,10,11,17,20,26,31,32,35,41,43,47,51,55,56,57,68,77,79,80
115003373,2026/01/17,1,8,12,13,25,27,30,31,36,37,38,42,47,48,55,58,62,64,76,77
115003374,2026/01/17,2,11,13,16,19,22,25,27,28,29,34,38,44,50,51,52,64,71,73,76
115003375,2026/01/17,19,25,27,30,33,35,37,40,41,45,46,54,58,59,62,64,65,68,72,73
115003376,2026/01/17,3,10,19,21,27,29,30,37,38,40,53,54,58,60,63,69,70,74,75,80
115003377,2026/01/17,6,11,14,15,18,19,28,34,37,38,41,47,48,52,55,63,64,71,72,79
115003378,2026/01/17,4,5,7,8,10,20,21,27,30,44,47,48,49,51,53,54,57,72,76,78
115003379,2026/01/17,2,6,7,8,11,15,21,23,24,25,27,32,41,52,53,63,64,65,70,79
115003380,2026/01/17,1,3,16,18,20,25,30,39,40,41,42,43,52,53,58,61,66,67,70,72
115003381,2026/01/17,5,6,9,11,14,15,39,46,47,50,52,56,58,61,65,67,73,74,76,77
115003382,2026/01/17,1,4,20,22,28,37,42,43,46,53,54,58,61,66,71,75,76,77,78,80
115003383,2026/01/17,2,6,8,9,26,31,32,33,35,38,47,54,55,63,64,67,70,75,76,79
115003384,2026/01/17,1,2,4,6,10,11,16,17,22,27,34,40,46,49,50,57,59,60,68,77
115003385,2026/01/17,4,9,13,15,16,20,22,23,28,32,37,45,47,56,58,64,66,74,76,79
115003386,2026/01/17,2,12,16,22,25,30,31,36,39,43,51,56,60,63,67,71,74,76,79,80
115003387,2026/01/17,2,9,13,19,22,23,44,45,50,53,54,55,56,58,61,63,66,74,76,77
115003388,2026/01/17,3,5,7,8,18,20,24,25,26,28,35,44,45,46,48,49,60,64,68,77
115003389,2026/01/17,10,14,15,19,20,22,23,30,32,40,46,54,58,60,66,68,70,71,74,80
115003390,2026/01/17,9,10,12,14,15,29,38,41,47,49,50,53,59,61,65,68,71,73,77,78
115003391,2026/01/17,2,5,11,15,16,20,22,24,26,27,28,32,39,42,43,48,51,58,65,67
115003392,2026/01/17,2,8,11,20,21,25,29,32,39,42,43,48,49,53,57,62,68,72,74,77
115003393,2026/01/17,1,2,3,7,20,22,25,31,33,35,36,47,49,52,57,69,72,75,76,78
115003394,2026/01/17,13,18,20,23,24,32,36,39,40,43,50,52,54,56,62,63,64,67,69,79
115003395,2026/01/17,3,13,15,21,22,37,39,43,47,49,50,57,63,64,66,70,75,76,77,80
115003396,2026/01/17,1,3,7,17,23,24,28,29,31,36,37,41,52,56,60,62,63,72,74,79
115003397,2026/01/17,2,6,8,18,23,31,33,36,38,42,46,51,53,55,57,69,70,71,75,80
115003398,2026/01/17,1,2,8,12,14,17,18,24,30,34,35,41,42,47,48,51,56,64,67,70
115003399,2026/01/17,1,8,9,11,14,17,24,27,33,42,43,51,56,60,63,66,68,71,78,80
115003400,2026/01/17,2,3,13,15,16,20,27,28,29,31,36,39,41,47,51,56,62,77,78,80
115003401,2026/01/17,2,7,15,18,24,32,35,36,37,42,43,45,47,50,51,56,70,71,73,74
115003402,2026/01/17,4,8,13,15,17,21,24,25,27,33,40,45,46,49,55,63,69,70,76,78
115003403,2026/01/17,3,8,12,13,15,16,19,22,30,38,41,52,53,55,59,62,63,65,67,71
115003404,2026/01/17,17,20,23,24,26,30,34,39,40,42,54,56,57,60,63,70,72,74,75,78
115003405,2026/01/17,5,9,13,14,17,19,21,24,32,33,41,53,55,57,62,65,71,74,77,78
115003406,2026/01/17,5,10,15,21,26,29,32,34,43,50,51,57,66,67,68,69,70,71,72,78
115003407,2026/01/17,4,7,13,14,15,24,25,35,40,44,46,50,60,63,64,65,66,68,72,78
115003408,2026/01/17,10,15,16,20,21,29,40,41,46,47,49,59,60,62,63,71,76,77,78,79
115003409,2026/01/17,1,3,4,7,10,17,20,21,22,23,27,29,38,49,55,56,57,66,73,80
115003410,2026/01/17,3,8,13,14,16,21,22,28,30,39,46,47,48,51,63,67,69,71,72,74
115003411,2026/01/17,4,5,6,11,12,15,16,22,24,31,36,46,53,58,60,63,66,67,76,80
115003412,2026/01/17,6,7,12,16,22,25,30,34,35,37,45,47,50,55,56,59,69,75,78,80
115003413,2026/01/17,8,12,13,22,24,25,31,33,40,46,47,52,53,54,56,58,59,61,74,80
115003414,2026/01/17,2,7,8,13,14,17,34,35,36,40,43,47,55,60,62,67,74,76,78,79
115003415,2026/01/17,2,6,11,12,14,20,24,25,30,33,34,51,53,54,55,57,59,64,68,75
115003416,2026/01/17,1,3,8,12,14,20,23,25,26,28,29,35,36,43,53,59,64,68,74,80
115003417,2026/01/17,1,5,13,14,15,17,19,20,23,25,35,38,53,56,57,59,65,66,67,74
115003418,2026/01/17,2,4,5,7,8,10,19,21,22,23,29,35,43,46,51,52,53,67,76,79
115003419,2026/01/17,3,8,12,13,15,20,28,32,37,47,48,49,52,54,57,60,61,68,70,80
115003420,2026/01/17,4,7,13,17,22,26,28,32,34,35,36,37,44,45,46,49,56,57,65,75
115003421,2026/01/17,1,2,3,4,13,18,19,20,28,36,39,41,44,48,55,60,64,66,69,79
115003422,2026/01/17,4,5,9,10,17,25,32,36,38,39,42,48,52,54,58,61,63,64,74,78
115003423,2026/01/17,1,2,4,10,13,15,23,34,37,41,46,47,52,55,63,67,71,78,79,80
115003424,2026/01/17,1,3,4,11,13,14,20,28,31,33,38,52,53,57,60,63,64,66,68,77
115003425,2026/01/17,8,9,10,14,16,17,20,35,40,47,51,53,55,56,59,60,66,69,73,77
115003426,2026/01/17,1,6,17,24,42,47,51,57,60,61,64,67,69,70,71,72,73,78,79,80
115003427,2026/01/17,13,14,17,20,24,34,36,39,44,46,57,59,67,69,71,72,74,76,77,80
115003428,2026/01/17,3,7,10,13,21,26,30,33,38,43,45,46,47,49,52,66,67,69,79,80
115003429,2026/01/17,8,10,18,21,29,33,38,39,43,46,47,48,52,55,66,67,70,73,76,79
115003430,2026/01/17,1,4,6,9,12,15,17,29,34,38,42,45,48,49,51,53,55,63,65,68
115003431,2026/01/17,8,11,14,19,22,38,39,41,46,47,50,51,52,59,61,67,72,74,75,78
115003432,2026/01/17,4,10,14,20,21,22,23,25,27,30,31,51,52,53,57,58,65,76,79,80
115003433,2026/01/17,8,11,12,13,14,16,17,21,23,25,36,38,43,45,48,63,66,67,78,80
115003434,2026/01/17,3,5,11,12,20,21,28,29,33,34,37,38,39,41,46,49,54,61,77,79
115003435,2026/01/17,13,22,23,28,29,30,33,38,39,41,43,47,52,55,58,59,61,63,70,71
115003436,2026/01/17,1,4,7,8,14,17,24,29,32,36,39,40,46,51,57,58,62,65,73,78
115003437,2026/01/17,4,9,14,16,22,24,26,32,33,35,39,47,52,60,65,67,68,69,71,74
115003438,2026/01/17,1,2,4,9,12,17,18,21,33,42,46,50,57,62,63,66,75,76,78,79
115003439,2026/01/17,4,8,12,13,15,19,22,27,29,35,37,52,59,63,64,67,69,73,75,78
115003440,2026/01/17,2,10,12,13,17,24,31,36,42,47,50,52,58,62,63,64,66,67,68,77
115003441,2026/01/17,2,3,12,13,19,32,33,35,36,37,43,46,57,61,64,65,69,75,78,79
115003442,2026/01/17,3,7,15,21,24,25,36,45,51,52,53,55,56,57,61,64,67,73,78,79
115003443,2026/01/17,2,4,8,12,16,18,23,26,35,37,38,42,45,51,59,61,66,68,71,72
115003444,2026/01/17,4,8,14,15,20,21,26,29,32,40,46,48,49,53,56,57,60,64,72,79
115003445,2026/01/17,1,2,4,5,8,10,12,22,23,25,26,29,33,46,47,64,65,72,77,78
115003446,2026/01/17,2,3,7,13,14,21,28,31,34,37,39,43,45,47,49,58,59,63,68,76
115003447,2026/01/17,8,12,28,29,32,33,34,35,36,38,52,53,54,56,61,63,69,70,73,80
115003448,2026/01/17,12,20,25,26,31,32,35,40,42,50,51,62,66,67,69,71,73,75,77,79
115003449,2026/01/17,1,2,6,11,12,13,16,18,23,41,42,43,44,47,48,52,62,71,73,74
115003450,2026/01/17,3,6,7,17,21,30,35,36,39,41,42,45,52,53,59,62,64,69,79,80
115003451,2026/01/17,1,9,12,13,14,15,17,20,21,40,51,53,54,57,59,60,62,72,77,79
115003452,2026/01/18,9,12,13,18,21,26,30,33,41,42,45,54,59,67,68,70,72,73,78,79
115003453,2026/01/18,12,14,20,23,27,28,31,32,35,36,41,42,53,68,72,74,75,78,79,80
115003454,2026/01/18,4,14,15,17,18,20,21,34,38,40,45,51,52,57,58,60,61,67,71,80
115003455,2026/01/18,2,4,5,7,8,12,15,17,19,28,41,44,57,61,62,66,69,71,75,77
115003456,2026/01/18,1,2,3,13,18,19,20,22,26,40,41,43,46,48,53,67,73,78,79,80
115003457,2026/01/18,2,4,9,15,16,19,27,38,47,48,50,55,65,67,68,69,71,75,78,80
115003458,2026/01/18,2,4,6,10,16,19,20,21,25,28,30,32,36,50,52,55,59,67,71,75
115003459,2026/01/18,1,6,15,24,26,29,32,38,40,44,46,52,56,57,60,66,67,69,72,80
115003460,2026/01/18,2,4,9,17,21,28,30,31,39,40,43,48,49,51,55,59,66,72,74,79
115003461,2026/01/18,1,3,4,6,9,10,12,17,21,22,23,24,28,31,36,43,45,55,72,76
115003462,2026/01/18,1,4,9,10,11,14,18,22,26,32,34,37,44,45,61,64,66,70,72,76
115003463,2026/01/18,8,17,22,26,30,33,34,39,41,42,45,49,53,54,59,63,66,71,73,78
115003464,2026/01/18,2,6,7,10,14,15,16,22,26,28,46,50,52,64,66,67,69,72,77,78
115003465,2026/01/18,13,19,21,27,29,35,36,37,42,44,45,51,58,59,61,64,66,70,79,80
115003466,2026/01/18,5,18,20,21,22,26,28,31,33,40,43,47,50,53,58,59,61,73,78,80
115003467,2026/01/18,1,7,8,12,14,21,26,27,30,32,35,46,55,56,68,69,72,73,74,79
115003468,2026/01/18,4,5,9,10,11,12,13,16,21,24,27,41,42,51,56,59,64,68,72,79
115003469,2026/01/18,6,12,13,15,28,30,34,39,42,43,45,46,48,52,53,56,58,60,70,75
115003470,2026/01/18,1,5,16,17,18,25,26,27,32,37,38,39,40,41,42,46,48,62,70,75
115003471,2026/01/18,6,9,15,16,17,25,27,34,37,47,50,51,53,61,64,65,66,70,75,80
115003472,2026/01/18,2,5,7,8,16,19,22,26,34,35,43,49,54,55,59,67,69,70,77,78
115003473,2026/01/18,6,7,15,18,28,37,41,45,49,51,54,55,57,60,63,69,71,75,77,80
115003474,2026/01/18,1,3,7,9,13,14,17,35,36,42,43,44,47,54,64,68,72,74,75,78
115003475,2026/01/18,13,14,16,17,26,30,37,41,42,43,44,45,48,52,54,59,71,72,75,79
115003476,2026/01/18,3,13,14,15,22,32,33,37,39,40,41,47,48,55,56,60,68,70,72,74
115003477,2026/01/18,6,7,9,14,16,17,19,22,23,35,37,38,44,50,58,67,68,69,73,77
115003478,2026/01/18,5,10,13,19,21,23,24,30,32,35,36,38,44,52,55,61,62,66,70,74
115003479,2026/01/18,9,10,21,22,26,31,34,37,40,41,42,46,47,55,57,58,66,69,70,75
115003480,2026/01/18,12,16,17,18,20,21,32,33,36,42,53,55,58,64,65,67,68,70,76,78
115003481,2026/01/18,3,4,7,9,15,21,31,36,37,43,51,53,58,59,60,65,66,69,76,80
115003482,2026/01/18,3,5,6,12,16,17,24,26,31,32,43,50,53,54,61,66,68,70,72,74
115003483,2026/01/18,1,6,10,11,13,23,24,26,32,33,38,40,44,45,47,51,52,64,73,74
115003484,2026/01/18,9,11,14,19,22,26,28,33,36,39,44,46,48,52,53,58,59,61,73,75
115003485,2026/01/18,4,7,16,17,18,19,20,22,23,24,29,30,34,40,44,50,51,57,58,60
115003486,2026/01/18,1,2,8,14,27,34,37,39,42,47,48,52,53,56,59,63,69,71,79,80
115003487,2026/01/18,1,10,12,14,17,18,32,37,39,40,43,45,52,53,59,62,63,64,67,75
115003488,2026/01/18,1,2,6,9,19,21,23,32,38,44,52,57,63,65,69,70,75,78,79,80
115003489,2026/01/18,7,8,12,13,15,16,18,27,34,40,42,45,55,56,60,68,69,71,76,79
115003490,2026/01/18,2,3,14,17,18,20,36,40,42,43,47,48,50,55,58,60,68,71,72,80
115003491,2026/01/18,4,6,11,19,20,22,26,30,36,39,40,41,47,55,57,58,61,67,78,80
115003492,2026/01/18,4,5,6,12,18,19,34,37,38,40,44,48,50,54,57,58,60,70,78,80
115003493,2026/01/18,1,7,12,14,16,18,23,27,29,31,40,49,53,65,67,69,70,71,74,77
115003494,2026/01/18,3,6,8,12,13,33,34,40,41,42,46,55,63,64,67,69,70,71,74,80
115003495,2026/01/18,2,3,11,15,19,21,23,30,35,37,39,40,42,43,47,54,56,59,60,64
115003496,2026/01/18,1,5,16,18,22,23,32,33,36,39,40,46,49,50,55,56,60,65,72,78
115003497,2026/01/18,10,12,16,19,21,24,26,28,34,39,41,42,44,48,49,55,58,63,65,69
115003498,2026/01/18,1,10,13,15,16,23,25,29,34,37,39,44,52,57,64,65,68,72,74,77
115003499,2026/01/18,6,12,16,20,22,26,27,30,35,37,38,39,46,53,54,56,57,58,76,78
115003500,2026/01/18,2,4,5,16,18,20,24,25,34,36,44,53,57,58,60,63,64,65,72,74
115003501,2026/01/18,2,4,13,18,21,23,25,35,38,50,51,53,54,58,60,64,65,68,74,77
115003502,2026/01/18,4,5,6,8,11,24,33,34,38,40,41,42,45,54,56,59,60,64,66,74
115003503,2026/01/18,1,5,8,18,19,21,26,32,37,39,42,43,45,46,51,59,61,65,70,79
115003504,2026/01/18,4,7,12,13,15,19,23,28,32,38,42,43,46,50,55,56,59,62,70,77
115003505,2026/01/18,3,7,8,13,19,20,24,29,32,39,40,44,52,56,58,59,61,65,69,73
115003506,2026/01/18,3,4,6,8,10,11,13,14,17,28,35,45,46,55,61,62,68,69,71,80
115003507,2026/01/18,1,6,16,24,28,30,31,34,37,45,50,57,59,61,67,69,72,73,77,80
115003508,2026/01/18,6,9,14,15,16,19,23,29,30,41,42,43,48,49,55,58,64,71,74,76
115003509,2026/01/18,2,3,8,12,15,16,17,21,25,37,43,47,54,57,59,63,64,65,74,78
115003510,2026/01/18,1,2,4,7,23,35,39,41,45,47,48,51,52,57,62,63,65,68,74,80
115003511,2026/01/18,1,2,8,15,16,26,31,34,35,39,40,42,43,52,57,58,59,60,62,63
115003512,2026/01/18,6,11,13,16,19,21,27,28,33,45,46,48,50,52,57,63,69,72,73,78
115003513,2026/01/18,2,3,12,19,26,27,34,37,41,46,53,56,57,61,63,66,73,74,75,80
115003514,2026/01/18,1,3,4,7,11,15,20,21,24,33,35,36,48,49,52,53,62,63,65,77
115003515,2026/01/18,4,5,7,10,11,12,15,18,20,24,25,28,30,35,42,44,50,57,70,75
115003516,2026/01/18,2,9,11,16,17,18,20,26,27,29,37,42,50,53,58,63,65,71,78,79
115003517,2026/01/18,3,8,10,11,14,18,27,29,30,33,35,39,43,50,57,58,69,70,72,80
115003518,2026/01/18,2,4,6,7,8,11,23,29,44,48,52,56,58,60,61,65,67,74,77,78
115003519,2026/01/18,2,6,11,16,20,22,23,25,28,33,36,37,47,48,51,53,63,64,70,75
115003520,2026/01/18,6,8,9,16,17,25,28,31,33,37,39,42,45,49,54,55,62,74,76,79
115003521,2026/01/18,5,12,14,20,22,23,27,42,43,44,47,50,54,58,60,64,65,70,76,79
115003522,2026/01/18,9,13,15,18,22,23,26,28,34,35,40,42,50,54,62,63,68,70,76,79
115003523,2026/01/18,4,5,10,12,13,14,17,22,29,30,34,45,48,59,60,64,65,66,67,71
115003524,2026/01/18,2,3,6,7,13,16,19,21,24,30,34,35,43,46,53,58,60,62,64,80
115003525,2026/01/18,1,4,5,14,15,17,21,23,24,36,42,56,58,61,62,63,68,71,73,77
115003526,2026/01/18,1,4,10,12,13,14,17,23,24,30,31,32,33,40,46,54,55,58,59,70
115003527,2026/01/18,1,5,7,8,12,20,24,29,35,36,41,42,48,50,51,53,61,68,73,76
115003528,2026/01/18,5,7,9,15,19,20,21,24,27,30,37,39,46,48,50,51,54,59,62,80
115003529,2026/01/18,7,9,10,17,22,28,33,35,39,40,44,55,56,61,68,69,73,77,78,80
115003530,2026/01/18,15,16,23,31,33,39,43,46,49,60,61,62,63,64,66,69,70,75,79,80
115003531,2026/01/18,6,9,12,13,15,16,17,19,25,31,32,45,49,50,52,54,57,64,73,80
115003532,2026/01/18,1,3,7,8,16,26,29,33,35,41,42,49,51,56,58,65,70,71,72,74
115003533,2026/01/18,1,2,14,16,28,30,36,38,46,51,53,58,61,66,67,72,77,78,79,80
115003534,2026/01/18,2,5,10,16,24,31,32,33,40,45,46,53,55,56,62,64,72,76,78,79
115003535,2026/01/18,5,7,10,11,13,17,18,26,27,30,32,50,52,53,60,62,72,73,74,78
115003536,2026/01/18,4,5,15,17,18,19,27,32,33,34,36,44,47,48,49,52,59,60,63,75
115003537,2026/01/18,5,6,10,12,21,23,33,34,39,40,42,44,50,53,54,58,61,62,66,76
115003538,2026/01/18,3,14,15,17,21,22,24,27,28,37,40,50,53,54,58,60,71,73,76,77
115003539,2026/01/18,2,14,17,19,20,22,24,26,28,29,30,33,38,42,49,50,53,62,66,72
115003540,2026/01/18,2,5,7,8,10,13,19,20,21,34,36,41,45,48,52,54,55,71,78,79
115003541,2026/01/18,1,3,6,7,9,13,14,26,27,29,37,40,47,52,53,56,69,76,77,80
115003542,2026/01/18,4,6,9,17,21,23,29,32,33,36,40,43,49,60,65,73,74,75,78,79
115003543,2026/01/18,2,8,13,14,19,20,23,27,37,39,41,44,46,52,56,60,68,69,74,77
115003544,2026/01/18,2,6,8,10,14,15,16,20,21,23,27,30,49,61,63,64,68,73,74,80
115003545,2026/01/18,3,10,11,18,24,26,28,34,37,39,47,51,52,59,62,67,70,74,76,80
115003546,2026/01/18,1,5,6,8,9,11,17,18,19,27,28,31,36,42,49,52,62,76,78,79
115003547,2026/01/18,3,7,12,15,21,24,26,28,32,33,45,46,48,51,55,58,71,72,76,79
115003548,2026/01/18,4,6,17,19,22,25,27,30,31,33,39,40,41,42,47,53,64,65,66,70
115003549,2026/01/18,2,6,16,17,20,24,30,33,35,37,44,49,51,53,57,59,62,66,71,73
115003550,2026/01/18,5,8,11,12,15,17,22,23,28,35,36,41,42,48,60,61,63,68,73,78
115003551,2026/01/18,7,10,20,21,24,30,33,35,37,38,43,47,48,49,52,56,57,68,70,75
115003552,2026/01/18,3,7,11,19,21,23,26,29,34,36,38,40,41,53,54,56,65,71,73,79
115003553,2026/01/18,2,5,7,9,13,17,18,19,23,25,37,41,54,56,57,63,65,74,76,80
115003554,2026/01/18,2,4,5,6,10,12,13,20,22,32,36,45,49,50,51,58,61,65,76,80
115003555,2026/01/18,5,7,10,19,20,25,26,27,31,33,42,47,53,54,65,68,70,75,76,78
115003556,2026/01/18,1,8,10,13,16,18,22,25,31,33,44,48,52,57,58,60,61,64,68,79
115003557,2026/01/18,2,18,19,20,22,25,27,28,30,33,34,37,46,48,52,53,54,70,71,72
115003558,2026/01/18,3,5,7,11,13,16,22,26,30,33,35,36,43,44,60,61,70,73,74,76
115003559,2026/01/18,5,6,9,16,21,29,32,36,40,42,51,52,56,60,61,65,69,72,74,78
115003560,2026/01/18,1,2,7,14,16,18,22,26,32,34,35,38,40,43,50,51,54,63,65,79
115003561,2026/01/18,2,3,6,11,14,22,25,38,50,52,57,60,61,66,67,74,75,76,79,80
115003562,2026/01/18,5,7,9,10,17,20,22,27,33,36,37,40,45,49,54,56,63,65,68,73
115003563,2026/01/18,10,11,15,19,22,33,35,38,41,44,47,53,56,60,62,64,68,71,72,79
115003564,2026/01/18,1,11,12,17,28,42,45,48,51,54,58,59,60,66,67,70,72,73,74,80
115003565,2026/01/18,2,14,21,25,34,36,42,43,45,47,50,51,52,53,56,62,63,67,75,79
115003566,2026/01/18,1,2,4,9,15,22,23,33,34,39,41,45,48,53,59,61,65,67,74,79
115003567,2026/01/18,2,3,5,7,16,28,31,33,36,41,49,55,60,62,65,68,71,74,76,80
115003568,2026/01/18,11,14,15,20,21,23,29,33,34,35,36,43,49,51,54,55,59,61,73,80
115003569,2026/01/18,1,4,7,19,24,30,31,32,36,37,40,43,45,47,51,56,58,69,75,78
115003570,2026/01/18,4,5,6,9,15,21,25,27,28,33,36,41,42,46,47,49,61,70,72,79
115003571,2026/01/18,4,6,10,15,18,35,36,42,46,48,49,51,52,54,55,57,58,60,70,73
115003572,2026/01/18,2,4,6,15,16,17,19,21,33,34,35,36,37,38,45,59,61,67,70,78
115003573,2026/01/18,1,8,12,13,16,19,24,28,29,40,43,60,63,66,68,70,71,72,76,80
115003574,2026/01/18,7,13,17,19,22,26,27,28,29,30,33,38,42,43,44,53,54,62,71,78
115003575,2026/01/18,4,6,8,9,16,17,18,25,28,29,38,41,44,53,64,66,67,69,70,79
115003576,2026/01/18,2,4,6,12,14,20,28,30,33,42,44,46,55,56,65,66,74,76,77,80
115003577,2026/01/18,10,13,19,21,22,23,31,32,34,35,37,38,45,47,55,61,62,70,77,79
115003578,2026/01/18,2,3,6,10,14,20,25,26,28,29,33,35,37,39,40,45,50,65,67,70
115003579,2026/01/18,20,25,27,30,31,35,36,43,44,47,52,55,63,67,70,72,73,74,77,79
115003580,2026/01/18,1,6,10,17,20,24,27,30,33,34,35,36,40,49,52,53,57,62,63,79
115003581,2026/01/18,2,3,8,11,13,15,23,26,28,40,44,51,60,61,66,67,71,72,73,74
115003582,2026/01/18,1,2,11,12,14,16,21,24,29,32,36,42,50,51,52,61,67,69,70,71
115003583,2026/01/18,2,3,10,14,17,21,22,30,32,34,44,45,46,51,53,61,62,66,69,75
115003584,2026/01/18,1,7,11,14,16,20,21,31,33,34,35,36,41,42,44,50,52,74,77,78
115003585,2026/01/18,2,4,5,7,8,21,23,24,26,34,35,39,42,49,58,62,63,72,73,77
115003586,2026/01/18,1,5,7,10,11,14,21,26,31,33,35,37,44,50,54,59,65,71,76,77
115003587,2026/01/18,1,2,3,6,11,12,26,30,32,33,36,40,42,50,51,52,53,62,64,79
115003588,2026/01/18,3,5,6,15,16,22,25,28,29,46,48,50,54,57,64,69,70,73,74,78
115003589,2026/01/18,2,8,13,14,16,26,31,34,39,41,44,49,51,56,64,66,67,69,71,76
115003590,2026/01/18,2,6,12,16,18,27,37,39,40,41,42,44,48,52,54,58,70,75,76,79
115003591,2026/01/18,1,7,17,18,19,21,25,27,28,30,32,34,36,37,43,46,50,64,73,76
115003592,2026/01/18,17,18,26,32,37,38,43,44,45,49,50,53,58,59,60,61,68,73,74,76
115003593,2026/01/18,10,14,15,21,25,29,31,36,47,55,60,61,62,63,65,67,71,72,74,75
115003594,2026/01/18,1,20,22,28,31,33,34,37,39,41,42,50,51,55,60,61,67,71,73,77
115003595,2026/01/18,1,9,17,27,29,30,32,33,39,41,46,48,50,51,53,61,62,70,72,80
115003596,2026/01/18,1,2,5,10,11,12,15,20,30,37,42,45,50,54,56,58,59,60,61,74
115003597,2026/01/18,1,5,9,14,15,16,19,21,22,29,32,37,44,49,52,62,64,71,78,79
115003598,2026/01/18,5,7,8,17,18,24,25,28,33,34,40,44,46,48,61,62,65,73,79,80
115003599,2026/01/18,3,5,8,17,24,27,30,36,38,48,50,52,54,58,59,63,67,70,71,72
115003600,2026/01/18,1,2,7,11,13,17,24,32,36,41,42,47,48,51,52,54,56,63,75,77
115003601,2026/01/18,2,3,7,12,15,20,25,26,30,34,35,38,44,46,49,51,56,63,73,76
115003602,2026/01/18,1,3,4,9,16,18,21,31,34,36,46,49,58,59,61,63,68,70,78,80
115003603,2026/01/18,1,5,8,10,14,18,22,24,31,32,35,36,39,40,46,53,55,60,72,74
115003604,2026/01/18,1,3,6,8,14,17,24,29,30,31,32,33,36,40,43,51,54,58,61,68
115003605,2026/01/18,5,6,9,12,20,24,29,31,34,35,37,48,50,51,55,62,67,72,73,75
115003606,2026/01/18,4,9,13,14,23,25,33,35,39,41,47,50,52,54,57,59,64,67,71,78
115003607,2026/01/18,2,3,9,13,16,17,22,24,25,30,35,36,42,50,51,54,56,61,64,73
115003608,2026/01/18,9,14,15,17,18,24,25,28,41,45,46,49,50,53,56,64,67,68,75,78
115003609,2026/01/18,2,5,9,10,13,15,16,17,24,31,33,43,45,46,48,58,63,64,73,80
115003610,2026/01/18,9,11,13,15,18,19,26,32,35,37,43,45,46,50,52,63,64,75,76,77
115003611,2026/01/18,13,14,15,16,18,23,29,30,35,36,40,49,52,64,65,68,71,72,75,79
115003612,2026/01/18,3,6,11,12,16,20,28,30,33,34,35,40,46,54,56,58,65,71,73,79
115003613,2026/01/18,2,3,7,9,14,16,18,19,24,28,30,31,33,39,40,41,54,55,58,60
115003614,2026/01/18,1,3,14,15,18,19,23,25,29,37,44,47,48,56,61,68,69,71,72,75
115003615,2026/01/18,3,15,16,17,18,19,20,29,34,46,47,51,57,60,63,69,74,78,79,80
115003616,2026/01/18,2,5,25,29,35,39,44,47,48,50,52,56,61,63,67,70,71,72,74,78
115003617,2026/01/18,6,13,14,15,17,20,26,34,36,42,46,51,57,60,61,65,66,68,73,80
115003618,2026/01/18,3,6,7,12,14,16,17,19,25,31,36,37,40,49,53,57,63,70,71,79
115003619,2026/01/18,1,3,4,13,17,20,22,25,28,29,33,38,44,49,54,57,58,62,73,75
115003620,2026/01/18,2,4,12,15,19,22,23,25,26,34,36,43,54,56,58,62,66,70,71,75
115003621,2026/01/18,3,14,29,38,39,42,44,45,46,49,51,52,53,57,60,66,68,71,73,79
115003622,2026/01/18,7,10,15,21,23,25,28,35,37,49,51,54,56,60,65,67,69,70,77,78
115003623,2026/01/18,1,4,12,16,19,26,29,30,32,36,39,43,45,49,51,61,63,68,69,75
115003624,2026/01/18,6,8,9,12,14,15,21,32,36,38,40,43,44,45,48,53,64,68,71,73
115003625,2026/01/18,4,6,17,19,20,26,36,41,45,48,49,50,52,59,64,65,68,70,74,79
115003626,2026/01/18,2,15,17,20,23,24,25,28,32,33,36,39,41,43,46,50,54,71,75,78
115003627,2026/01/18,3,11,13,14,18,23,36,44,47,53,54,57,61,62,65,72,73,75,77,78
115003628,2026/01/18,1,2,4,7,9,16,19,25,30,34,35,36,37,46,52,54,58,63,66,72
115003629,2026/01/18,10,13,15,21,24,25,31,39,45,47,57,63,64,66,67,68,76,77,78,79
115003630,2026/01/18,2,6,8,9,19,20,33,40,42,44,46,47,48,49,56,60,64,66,69,70
115003631,2026/01/18,13,17,22,24,25,26,28,32,42,44,52,55,57,61,62,65,66,69,71,80
115003632,2026/01/18,3,6,7,14,16,17,32,35,36,39,40,41,43,44,57,60,61,66,73,77
115003633,2026/01/18,6,7,8,18,23,25,27,29,37,43,49,50,52,53,57,60,68,74,76,77
115003634,2026/01/18,1,10,11,14,22,25,31,33,35,39,45,51,52,54,56,63,66,68,69,72
115003635,2026/01/18,2,17,19,21,22,27,28,31,33,35,37,42,46,50,64,67,70,74,77,80
115003636,2026/01/18,5,10,11,12,14,18,22,23,24,38,48,49,58,64,66,68,69,73,78,80
115003637,2026/01/18,7,14,15,19,30,34,37,38,39,41,48,50,56,59,60,64,65,66,71,77
115003638,2026/01/18,6,12,17,22,25,26,30,34,36,37,42,43,44,50,51,67,69,75,76,79
115003639,2026/01/18,3,4,9,11,13,29,30,32,34,43,44,48,49,50,54,55,64,68,78,80
115003640,2026/01/18,5,7,9,12,16,19,20,21,27,41,43,44,45,52,59,69,70,73,76,80
115003641,2026/01/18,3,6,9,12,13,16,22,25,31,32,33,43,46,49,51,54,55,62,69,76
115003642,2026/01/18,4,10,12,16,18,20,23,24,38,40,47,48,55,63,65,68,69,73,76,77
115003643,2026/01/18,3,5,17,19,23,26,36,39,41,43,46,48,50,52,55,58,59,69,71,74
115003644,2026/01/18,3,4,11,17,20,21,23,33,34,39,40,44,50,52,56,58,63,69,75,76
115003645,2026/01/18,3,4,12,15,22,32,33,36,37,41,47,50,52,54,55,59,65,69,72,74
115003646,2026/01/18,3,4,9,11,13,21,22,23,24,25,27,31,36,47,48,52,57,60,77,79
115003647,2026/01/18,3,4,6,8,10,12,18,19,20,29,37,39,50,61,66,67,70,71,72,76
115003648,2026/01/18,2,3,5,8,19,28,34,35,40,43,46,49,50,56,57,61,66,77,78,79
115003649,2026/01/18,2,8,11,13,15,22,23,27,34,35,36,45,46,48,49,55,66,68,71,74
115003650,2026/01/18,6,10,12,17,20,22,23,26,31,37,38,47,57,62,63,66,69,74,76,77
115003651,2026/01/18,2,9,14,17,24,26,27,31,33,36,38,39,44,47,54,61,67,69,75,78
115003652,2026/01/18,1,12,15,16,18,20,24,32,37,39,42,45,51,52,59,61,64,71,75,77
115003653,2026/01/18,2,11,13,19,22,25,28,36,40,41,44,49,51,54,56,62,65,67,71,73
115003654,2026/01/18,3,6,8,9,12,17,29,31,32,37,41,43,53,57,59,67,69,74,75,77
115003655,2026/01/19,3,6,7,20,21,22,25,31,39,40,41,44,46,47,53,58,61,63,67,77
115003656,2026/01/19,8,10,16,19,22,27,30,37,40,42,43,46,55,56,60,63,67,70,75,78
115003657,2026/01/19,1,4,8,17,19,24,26,33,34,40,42,46,49,53,54,62,63,69,75,78
115003658,2026/01/19,6,10,13,21,26,29,33,34,38,40,44,55,57,60,62,63,65,68,74,80
115003659,2026/01/19,3,6,12,17,25,30,35,37,40,42,47,48,50,57,59,65,70,74,78,79
115003660,2026/01/19,2,4,10,13,21,31,32,36,40,46,47,49,50,54,61,63,69,70,71,78
115003661,2026/01/19,7,11,14,22,26,27,28,30,31,38,40,41,47,55,61,62,68,69,73,74
115003662,2026/01/19,3,7,9,10,11,14,26,29,33,35,43,44,47,58,61,63,70,72,75,80
115003663,2026/01/19,3,6,7,12,17,18,23,26,30,34,35,43,44,45,46,52,56,60,66,69
115003664,2026/01/19,1,6,12,14,18,23,27,37,41,43,45,46,49,51,62,63,66,70,75,76
115003665,2026/01/19,2,6,10,19,23,25,36,42,44,45,47,52,57,58,60,61,63,65,77,80
115003666,2026/01/19,4,10,13,19,21,28,31,34,35,40,44,50,51,58,61,66,67,70,77,80
115003667,2026/01/19,9,12,15,19,20,21,22,27,31,35,36,42,46,57,61,62,65,67,70,73
115003668,2026/01/19,1,3,24,25,27,29,36,40,41,50,51,53,55,67,70,74,76,77,79,80
115003669,2026/01/19,2,4,5,6,9,12,13,15,17,20,24,28,31,34,48,49,56,60,67,74
115003670,2026/01/19,15,19,20,23,25,27,28,30,32,37,44,52,56,57,59,60,63,76,78,80
115003671,2026/01/19,1,3,7,13,15,16,21,26,27,40,45,46,48,49,51,63,69,71,74,79
115003672,2026/01/19,6,12,14,20,21,23,25,30,33,34,36,41,42,48,53,60,61,68,69,72
115003673,2026/01/19,1,11,13,14,15,17,19,21,22,25,29,39,50,51,53,63,69,72,76,78
115003674,2026/01/19,5,7,9,10,12,14,23,35,38,43,44,51,52,53,58,60,65,67,75,79
115003675,2026/01/19,3,6,11,12,13,14,16,25,32,39,43,44,50,52,61,65,69,72,75,79
115003676,2026/01/19,1,4,5,8,13,36,39,44,50,52,55,57,59,64,66,67,68,70,71,77
115003677,2026/01/19,4,8,10,11,12,15,16,17,18,21,25,33,38,40,42,49,52,64,71,80
115003678,2026/01/19,6,9,11,13,28,31,38,44,50,52,56,59,61,63,67,70,71,76,77,80
115003679,2026/01/19,2,3,5,15,19,21,22,32,37,44,49,50,56,57,60,66,76,78,79,80
115003680,2026/01/19,2,13,17,18,19,24,25,26,28,30,38,39,42,53,55,57,59,64,71,76
115003681,2026/01/19,6,7,10,16,26,27,34,36,39,42,50,52,56,65,66,71,76,77,78,79
115003682,2026/01/19,2,9,10,18,20,26,32,36,38,40,44,46,54,55,56,58,63,70,73,76
115003683,2026/01/19,3,12,14,15,18,20,21,25,34,37,45,49,50,51,52,53,54,61,64,76
115003684,2026/01/19,2,4,7,11,26,32,34,35,39,48,53,56,59,72,73,74,76,77,78,79
115003685,2026/01/19,7,9,18,23,29,30,38,43,46,47,48,52,55,59,62,63,66,69,71,80
115003686,2026/01/19,1,3,5,6,8,11,12,19,23,34,37,38,39,46,48,55,60,70,78,79
115003687,2026/01/19,7,8,10,21,29,33,39,41,42,47,51,53,54,55,58,67,68,69,70,73
115003688,2026/01/19,2,3,21,24,31,32,34,35,42,50,53,55,56,57,58,65,68,76,78,79
115003689,2026/01/19,2,4,6,8,15,23,27,30,31,33,36,38,48,50,51,53,63,69,70,71
115003690,2026/01/19,3,5,9,12,13,15,17,20,24,25,31,37,43,45,51,61,63,70,71,76
115003691,2026/01/19,3,11,12,18,23,28,29,34,35,52,53,55,61,64,66,68,70,71,72,79
115003692,2026/01/19,2,4,5,6,15,19,24,30,32,38,40,44,50,66,69,72,74,76,79,80
115003693,2026/01/19,9,10,14,30,39,41,42,43,45,51,57,63,64,65,66,67,68,74,76,80
115003694,2026/01/19,7,10,16,21,23,24,26,30,39,50,52,54,55,63,66,70,74,76,77,80
115003695,2026/01/19,6,11,12,14,21,32,34,43,44,45,48,50,52,56,63,67,68,76,77,79
115003696,2026/01/19,5,6,7,8,9,19,24,26,38,42,45,49,53,55,65,66,74,76,79,80
115003697,2026/01/19,2,3,10,13,15,16,20,22,24,25,27,32,37,39,60,65,66,69,74,80
115003698,2026/01/19,5,8,9,13,15,18,21,23,24,25,29,36,38,47,48,53,59,62,66,79
115003699,2026/01/19,2,4,8,10,13,25,32,36,37,40,42,43,51,57,58,66,67,72,73,74
115003700,2026/01/19,4,5,11,17,18,24,28,29,32,42,45,55,56,57,59,62,63,66,68,73
115003701,2026/01/19,4,7,9,10,12,14,19,23,25,27,29,32,44,46,52,60,66,68,77,80
115003702,2026/01/19,1,3,12,17,20,21,23,24,27,41,49,51,54,60,61,64,67,72,74,75
115003703,2026/01/19,4,8,10,13,15,21,27,28,37,50,53,57,62,63,64,68,70,74,77,80
115003704,2026/01/19,1,3,9,14,17,29,32,34,41,47,54,55,66,69,70,72,74,76,78,80
115003705,2026/01/19,5,12,17,21,28,29,31,33,34,38,39,48,51,53,57,61,62,71,76,78
115003706,2026/01/19,2,7,9,11,16,18,19,20,22,25,27,29,32,35,42,45,52,61,67,71
115003707,2026/01/19,1,3,5,6,16,18,22,31,34,36,39,45,46,49,50,54,57,60,68,80
115003708,2026/01/19,1,2,12,13,15,18,19,21,22,23,27,41,51,53,57,59,65,70,72,77
115003709,2026/01/19,1,3,4,7,17,18,19,28,32,33,34,35,36,57,61,62,63,70,75,77
115003710,2026/01/19,1,4,13,14,16,32,34,36,37,43,44,52,57,61,62,63,66,67,72,80
115003711,2026/01/19,3,11,13,15,18,19,22,25,26,27,29,30,48,56,61,62,66,75,78,80
115003712,2026/01/19,1,7,10,13,15,25,28,29,32,37,43,46,52,53,55,62,66,71,75,79
115003713,2026/01/19,1,5,11,14,16,18,23,25,26,27,29,31,32,39,44,51,54,58,74,76
115003714,2026/01/19,2,7,9,12,13,14,15,17,24,26,27,36,44,46,55,59,70,71,77,78
115003715,2026/01/19,1,4,11,15,17,19,28,32,37,40,41,42,45,49,51,56,62,66,75,76
115003716,2026/01/19,5,7,12,17,20,21,27,31,35,37,38,45,46,49,53,54,57,66,74,78
115003717,2026/01/19,4,7,11,17,23,26,27,28,31,34,38,46,58,61,66,69,71,75,76,77
115003718,2026/01/19,2,10,12,15,19,20,23,44,46,49,50,52,54,60,64,68,69,71,73,77
115003719,2026/01/19,9,12,13,14,16,21,35,36,47,51,53,54,55,58,62,63,68,73,74,78
115003720,2026/01/19,6,7,11,13,27,32,34,35,45,47,48,53,57,63,64,65,66,69,72,80
115003721,2026/01/19,4,6,20,26,28,29,30,34,37,39,40,43,48,57,59,62,63,67,70,77
115003722,2026/01/19,5,6,21,23,25,28,31,32,38,44,49,51,52,54,62,63,73,76,77,80
115003723,2026/01/19,3,10,15,27,29,38,40,41,46,47,48,55,56,57,60,66,67,72,74,77
115003724,2026/01/19,1,7,16,19,20,27,31,32,33,34,35,41,47,52,61,65,68,69,72,73
115003725,2026/01/19,3,4,6,15,22,26,29,32,36,42,44,46,47,52,54,55,59,60,70,71
115003726,2026/01/19,2,3,9,12,13,15,21,26,29,36,42,46,47,53,61,66,68,69,75,80
115003727,2026/01/19,2,7,9,12,21,23,27,30,34,40,41,44,48,53,57,58,60,62,66,69
115003728,2026/01/19,3,13,21,23,26,27,29,34,37,38,42,43,45,49,54,57,66,74,76,80
115003729,2026/01/19,1,7,12,18,22,23,26,30,32,33,35,37,39,52,58,61,62,68,74,75
115003730,2026/01/19,16,19,21,26,29,30,34,39,40,43,48,49,57,59,60,61,67,74,76,77
115003731,2026/01/19,2,4,5,7,17,19,29,37,41,44,49,51,57,58,63,64,65,66,73,77
115003732,2026/01/19,2,4,5,8,11,12,13,14,16,20,22,25,42,52,53,57,60,66,70,71
115003733,2026/01/19,4,5,7,10,16,26,27,31,35,37,44,54,55,56,63,64,67,70,72,74
115003734,2026/01/19,4,9,17,21,27,30,32,33,38,39,46,56,61,62,69,74,76,77,78,80
115003735,2026/01/19,10,11,15,18,21,31,38,43,44,46,50,54,56,57,59,62,65,68,73,77
115003736,2026/01/19,5,8,11,13,14,23,28,29,34,42,47,52,54,55,58,64,68,71,79,80
115003737,2026/01/19,8,11,17,21,22,24,25,30,33,36,37,43,46,53,60,64,67,70,71,77
115003738,2026/01/19,6,7,21,23,33,37,38,40,43,44,48,58,59,63,64,66,67,73,77,78
115003739,2026/01/19,1,3,4,7,8,15,16,19,20,24,31,37,51,53,55,61,66,71,72,74
115003740,2026/01/19,7,14,21,22,30,32,34,38,44,46,52,55,62,63,65,71,72,74,79,80
115003741,2026/01/19,1,7,9,10,11,17,22,24,26,29,31,42,45,49,57,61,62,64,72,73
115003742,2026/01/19,2,6,13,16,26,28,30,36,40,46,48,49,50,53,56,58,59,63,70,79
115003743,2026/01/19,3,20,23,27,28,30,31,42,46,52,55,59,60,64,69,73,74,78,79,80
115003744,2026/01/19,2,6,9,23,25,26,27,34,36,45,48,54,55,64,67,68,71,74,75,80
115003745,2026/01/19,2,3,8,15,21,22,30,32,35,45,47,50,59,61,69,72,74,75,76,80
115003746,2026/01/19,5,10,12,13,16,21,24,28,30,33,34,36,37,50,51,52,54,55,58,65
115003747,2026/01/19,2,6,8,10,17,20,30,36,37,43,46,51,56,57,61,62,66,74,77,80
115003748,2026/01/19,1,5,6,13,14,16,18,20,25,31,37,38,44,46,49,56,59,64,66,70
115003749,2026/01/19,2,3,16,19,25,26,27,30,35,42,46,52,53,56,64,69,72,73,74,79
115003750,2026/01/19,4,5,9,13,20,21,23,36,47,50,57,59,60,63,66,69,74,76,77,78
115003751,2026/01/19,1,14,20,22,29,30,31,32,33,36,44,48,60,62,64,66,71,72,75,78
115003752,2026/01/19,3,14,15,16,19,22,29,31,38,40,42,48,51,55,56,58,62,65,66,69
115003753,2026/01/19,11,14,18,19,28,30,36,40,41,44,46,49,53,54,60,61,66,69,77,78
115003754,2026/01/19,3,6,8,9,10,17,18,26,30,33,34,40,57,68,71,72,74,75,78,79
115003755,2026/01/19,10,14,15,16,18,21,22,27,34,40,43,44,47,58,62,68,69,76,78,79
115003756,2026/01/19,2,7,10,11,13,14,16,22,23,29,37,38,41,42,45,57,59,70,71,76
115003757,2026/01/19,2,19,21,26,28,36,37,45,47,51,52,61,63,64,67,68,69,70,71,72
115003758,2026/01/19,2,6,9,11,16,18,20,23,30,32,38,45,48,52,54,58,59,64,66,67
115003759,2026/01/19,1,4,10,13,19,28,31,33,34,39,40,43,46,53,58,60,61,70,75,80
115003760,2026/01/19,5,8,11,14,15,19,20,24,25,33,34,39,45,54,62,67,71,72,73,78
115003761,2026/01/19,4,5,7,12,20,24,33,42,43,44,46,49,51,57,58,62,63,64,67,75
115003762,2026/01/19,3,7,8,16,24,31,32,33,34,38,41,48,58,60,62,65,66,69,72,80
115003763,2026/01/19,3,6,7,9,14,16,23,31,36,40,43,45,53,56,60,64,67,74,75,77
115003764,2026/01/19,4,5,6,7,11,20,22,24,37,52,53,56,58,61,62,64,67,72,73,75
115003765,2026/01/19,2,6,9,14,17,19,21,37,45,46,47,48,50,55,59,63,72,73,76,77
115003766,2026/01/19,1,6,14,21,22,23,31,36,44,46,55,58,60,63,64,68,72,73,75,78
115003767,2026/01/19,2,4,11,28,30,32,35,42,43,48,52,53,56,62,63,65,70,73,76,78
115003768,2026/01/19,5,14,15,16,23,26,27,28,33,38,41,44,46,47,52,58,59,62,77,78
115003769,2026/01/19,3,5,7,11,14,21,25,26,27,31,37,40,42,46,50,52,56,63,64,68
115003770,2026/01/19,3,9,18,24,26,29,31,36,39,42,43,46,49,52,57,61,62,66,75,76
115003771,2026/01/19,1,4,7,10,11,13,14,16,19,22,30,31,40,49,51,56,58,60,67,71
115003772,2026/01/19,1,4,9,10,11,19,24,33,34,36,37,38,41,43,46,49,62,65,70,76
115003773,2026/01/19,3,9,12,19,20,22,30,33,39,43,46,56,60,62,63,64,65,77,79,80
115003774,2026/01/19,1,7,13,15,21,22,27,31,36,44,49,53,54,56,59,61,62,63,74,78
115003775,2026/01/19,1,2,8,14,20,25,26,31,34,40,44,47,61,62,64,65,67,69,76,77
115003776,2026/01/19,4,5,11,12,14,15,25,32,33,42,47,48,50,52,54,59,64,65,72,75
115003777,2026/01/19,4,6,10,11,13,14,18,23,26,27,29,41,45,47,49,50,51,59,71,80
115003778,2026/01/19,1,4,7,8,13,22,25,29,39,44,46,49,51,52,61,63,68,76,77,78
115003779,2026/01/19,1,3,12,25,27,30,38,43,47,48,54,57,62,63,67,68,72,76,78,79
115003780,2026/01/19,6,7,9,12,20,23,26,27,29,35,38,43,44,50,54,58,63,67,68,70
115003781,2026/01/19,2,3,4,6,12,20,25,27,29,43,49,50,53,54,63,65,66,68,70,78
115003782,2026/01/19,4,6,9,13,14,29,36,37,38,39,44,46,47,51,60,64,71,72,73,80
115003783,2026/01/19,1,2,4,7,9,11,13,17,21,24,43,44,51,52,56,61,72,75,76,80
115003784,2026/01/19,3,4,11,17,18,19,20,22,33,43,46,49,55,62,69,70,71,72,74,76
115003785,2026/01/19,2,11,18,22,31,35,36,37,41,43,44,49,54,56,59,62,66,70,72,77
115003786,2026/01/19,3,7,13,15,20,26,29,34,39,40,41,43,45,51,59,64,68,72,78,79
115003787,2026/01/19,2,4,6,10,13,15,25,29,34,36,40,42,48,49,53,65,68,70,73,78
115003788,2026/01/19,5,6,8,12,15,16,22,27,35,36,42,46,57,59,62,63,67,68,76,78
115003789,2026/01/19,2,3,13,16,28,30,31,41,48,50,51,55,56,59,60,65,69,71,73,77
115003790,2026/01/19,2,5,9,12,13,14,15,18,26,35,39,40,43,45,52,58,65,72,74,79
115003791,2026/01/19,1,4,6,8,9,17,19,30,32,33,39,43,47,50,51,64,65,67,77,78
115003792,2026/01/19,1,7,9,10,12,14,22,27,36,40,45,56,57,58,59,63,71,76,78,79
115003793,2026/01/19,3,5,8,20,22,23,32,38,39,40,47,50,55,57,58,60,61,74,76,80
115003794,2026/01/19,15,17,19,21,25,27,30,32,37,46,53,54,56,57,58,62,63,73,74,77
115003795,2026/01/19,1,11,13,18,21,22,40,42,44,48,49,51,53,59,66,69,71,74,75,76
115003796,2026/01/19,3,4,15,16,17,18,20,28,32,37,38,43,49,50,52,57,63,69,71,78
115003797,2026/01/19,7,8,10,19,20,23,26,33,38,41,45,46,50,53,55,56,63,68,69,77
115003798,2026/01/19,2,5,9,10,14,16,18,24,25,27,29,30,39,41,43,51,65,66,73,77
115003799,2026/01/19,3,6,11,13,14,23,30,31,32,33,43,44,58,60,62,70,72,73,74,77
115003800,2026/01/19,3,9,10,13,29,32,46,47,48,52,56,62,63,68,71,72,74,75,76,79
115003801,2026/01/19,6,9,10,15,18,22,24,31,32,39,43,54,58,60,61,70,71,75,77,79
115003802,2026/01/19,2,8,9,12,17,20,23,24,25,27,31,33,44,46,48,55,56,68,72,76
115003803,2026/01/19,5,10,12,15,19,20,29,30,35,37,43,47,53,54,56,57,60,70,72,73
115003804,2026/01/19,7,8,12,14,23,24,26,27,36,40,42,50,51,55,60,66,70,72,73,80
115003805,2026/01/19,2,6,9,15,16,18,19,23,24,28,33,41,43,44,45,64,66,72,74,76
115003806,2026/01/19,3,7,8,15,19,20,23,26,29,31,32,37,38,44,49,51,55,60,74,78
115003807,2026/01/19,4,5,6,7,10,13,16,17,23,24,27,39,41,46,47,48,56,57,58,67
115003808,2026/01/19,6,7,11,12,14,25,26,32,34,39,45,52,59,61,63,65,66,68,70,72
115003809,2026/01/19,3,11,12,16,22,23,29,32,36,37,39,45,55,57,58,62,67,69,70,73
115003810,2026/01/19,6,9,12,20,25,29,30,31,33,38,39,45,54,60,62,66,70,72,78,80
115003811,2026/01/19,3,5,10,11,12,16,21,26,31,32,49,51,58,60,61,63,64,73,74,76
115003812,2026/01/19,1,7,14,19,20,22,23,29,33,34,35,42,43,49,51,53,56,60,70,76
115003813,2026/01/19,6,13,15,16,24,27,31,35,38,39,41,54,58,59,61,62,73,74,75,77
115003814,2026/01/19,3,4,12,13,14,27,35,37,46,51,52,58,66,67,71,72,74,75,78,79
115003815,2026/01/19,5,6,9,14,16,17,24,26,27,28,33,35,37,41,49,53,54,61,63,73
115003816,2026/01/19,3,7,11,14,17,24,26,30,33,35,40,41,42,44,46,56,67,69,74,80
115003817,2026/01/19,3,4,5,6,13,14,17,24,27,31,38,44,45,47,53,64,66,67,73,77
115003818,2026/01/19,1,2,9,10,16,18,19,23,26,31,37,41,44,55,59,63,64,66,70,72
115003819,2026/01/19,1,2,4,5,15,23,26,27,28,32,39,42,47,48,50,59,64,67,70,72
115003820,2026/01/19,3,11,13,22,23,29,36,46,52,55,58,60,64,65,67,68,69,70,73,79
115003821,2026/01/19,1,11,14,17,20,22,24,25,30,47,50,55,56,57,59,62,65,71,75,78
115003822,2026/01/19,4,22,28,29,30,33,35,39,41,52,53,59,60,63,66,67,69,74,75,80
115003823,2026/01/19,14,15,16,21,26,29,34,36,41,44,47,51,53,54,56,57,62,64,65,74
115003824,2026/01/19,2,5,7,11,13,18,20,25,37,39,45,49,56,57,62,67,68,73,76,79
115003825,2026/01/19,2,4,8,13,14,15,17,19,21,22,33,39,49,50,51,52,55,67,69,71
115003826,2026/01/19,5,8,13,16,20,23,35,37,39,40,45,46,47,49,60,63,66,72,75,78
115003827,2026/01/19,6,16,17,19,24,25,27,38,40,41,43,49,51,52,56,62,65,70,71,75
115003828,2026/01/19,3,4,5,10,15,21,27,29,32,34,37,39,42,44,48,49,59,66,67,79
115003829,2026/01/19,2,7,8,10,14,19,21,30,31,40,41,42,43,47,55,58,65,75,76,79
115003830,2026/01/19,1,2,7,13,18,26,30,33,39,51,54,56,59,62,63,67,69,71,76,77
115003831,2026/01/19,4,7,13,14,21,25,31,32,41,47,51,55,57,58,59,63,67,73,75,76
115003832,2026/01/19,3,11,15,20,24,26,32,33,35,36,37,38,46,48,49,56,57,62,67,80
115003833,2026/01/19,3,5,8,13,15,19,22,25,26,33,34,35,40,43,47,53,56,60,67,78
115003834,2026/01/19,7,10,11,14,16,19,20,23,24,39,46,47,53,60,69,72,76,77,79,80
115003835,2026/01/19,10,17,21,26,28,30,35,42,45,47,48,51,59,60,62,69,74,76,77,80
115003836,2026/01/19,3,10,21,24,27,29,30,31,40,45,47,54,56,57,64,66,68,69,74,78
115003837,2026/01/19,7,17,23,25,32,34,37,39,43,45,48,56,61,64,66,67,68,70,74,78
115003838,2026/01/19,1,7,12,14,19,23,25,32,35,42,45,46,50,51,52,55,63,65,69,77
115003839,2026/01/19,12,13,16,17,25,29,34,37,41,45,48,50,51,52,62,63,64,68,69,76
115003840,2026/01/19,3,4,10,11,14,16,20,21,30,45,46,61,66,67,68,70,72,73,78,80
115003841,2026/01/19,1,2,3,4,8,10,12,14,17,26,28,31,33,50,56,57,58,60,75,76
115003842,2026/01/19,2,4,14,19,21,23,25,34,36,37,42,55,58,62,68,70,71,74,77,80
115003843,2026/01/19,4,9,12,16,19,25,27,30,31,34,38,39,41,43,47,55,56,60,62,71
115003844,2026/01/19,2,4,7,8,9,24,29,38,39,41,49,50,54,56,57,62,70,76,78,79
115003845,2026/01/19,1,2,11,13,22,27,30,44,46,51,53,54,58,61,62,65,66,71,73,80
115003846,2026/01/19,4,7,9,15,20,32,35,36,41,44,48,49,51,62,70,74,75,76,78,79
115003847,2026/01/19,4,9,11,13,16,22,29,32,35,37,43,48,51,53,60,61,62,63,67,79
115003848,2026/01/19,1,5,6,7,11,14,16,19,21,22,33,45,46,50,55,59,61,65,71,72
115003849,2026/01/19,4,8,12,14,18,19,22,24,28,32,33,44,46,48,54,55,58,59,63,64
115003850,2026/01/19,8,15,20,25,27,29,32,33,37,42,43,45,56,63,66,70,71,74,76,79
115003851,2026/01/19,6,8,9,10,11,14,15,18,19,20,26,30,34,36,42,49,56,70,73,76
115003852,2026/01/19,13,14,15,22,32,33,37,38,39,41,46,49,51,55,56,62,63,64,67,78
115003853,2026/01/19,8,12,14,17,21,23,24,30,36,41,45,46,49,52,53,56,62,75,77,79
115003854,2026/01/19,12,20,23,24,28,30,31,34,35,40,44,47,50,51,56,62,65,70,74,76
115003855,2026/01/19,1,2,6,7,11,23,24,25,27,28,33,38,41,49,53,56,57,60,70,71
115003856,2026/01/19,5,13,16,17,21,24,28,29,38,43,46,49,50,52,57,61,69,72,76,79
115003857,2026/01/19,1,2,7,9,10,11,13,23,25,32,48,50,56,58,66,68,71,74,75,76
115003858,2026/01/20,2,10,16,21,24,29,33,38,41,42,50,51,52,54,56,57,61,69,74,79
115003859,2026/01/20,4,8,9,18,25,26,30,32,36,38,40,53,57,61,62,64,67,71,79,80
115003860,2026/01/20,1,2,10,14,28,36,39,44,45,51,55,59,62,63,64,65,66,75,76,80
115003861,2026/01/20,1,2,9,11,18,21,22,23,29,30,38,41,42,46,56,62,63,66,67,68
115003862,2026/01/20,13,14,25,30,31,32,33,35,36,38,39,45,47,51,52,55,60,62,72,76
115003863,2026/01/20,3,5,7,8,10,17,18,25,28,29,30,34,39,42,44,49,50,63,69,79
115003864,2026/01/20,1,2,10,14,15,20,22,25,26,27,32,39,40,42,55,61,63,70,73,79
115003865,2026/01/20,3,20,26,27,35,37,38,40,47,49,52,53,57,58,68,73,74,75,79,80
115003866,2026/01/20,4,9,16,19,20,23,24,39,41,43,45,57,60,61,66,71,73,76,77,80
115003867,2026/01/20,1,11,13,20,25,26,32,38,40,46,51,53,56,58,62,63,70,74,75,79
115003868,2026/01/20,5,6,8,17,18,20,23,28,30,34,45,48,49,55,62,67,68,69,71,75
115003869,2026/01/20,1,16,19,21,22,25,27,37,42,49,50,52,56,58,59,62,63,64,67,74
115003870,2026/01/20,6,7,12,19,24,28,31,40,41,42,48,51,54,55,59,66,68,71,74,79
115003871,2026/01/20,4,5,8,10,13,19,21,22,26,31,34,36,37,43,51,52,63,64,71,73
115003872,2026/01/20,4,5,7,8,9,14,18,21,22,24,34,35,37,41,42,52,59,62,67,79
115003873,2026/01/20,1,5,14,15,20,22,27,28,30,32,35,42,46,49,50,53,60,61,65,69
115003874,2026/01/20,6,10,12,14,19,24,25,39,42,46,52,53,55,58,60,62,63,73,77,78
115003875,2026/01/20,1,4,8,12,14,17,21,23,24,30,32,34,43,45,56,62,63,64,65,73
115003876,2026/01/20,8,11,12,14,18,19,22,23,27,32,39,40,41,43,52,53,56,60,61,73
115003877,2026/01/20,1,13,20,21,22,31,32,45,48,51,52,57,64,66,67,68,70,75,77,79
115003878,2026/01/20,1,2,8,10,12,15,20,21,35,41,43,44,48,49,50,57,65,67,77,79
115003879,2026/01/20,1,2,5,6,14,15,19,25,32,35,38,43,44,47,53,55,56,73,75,78
115003880,2026/01/20,7,21,23,24,27,28,29,34,38,49,51,56,58,59,62,66,67,73,76,79
115003881,2026/01/20,1,6,8,18,21,26,27,30,33,38,44,53,59,65,69,73,75,76,78,80
115003882,2026/01/20,4,7,19,21,25,29,31,33,41,42,43,44,55,56,59,60,63,65,66,72
115003883,2026/01/20,1,4,7,11,16,20,21,25,26,31,32,33,50,52,53,64,69,74,76,77
115003884,2026/01/20,4,7,16,17,21,23,26,30,31,32,34,35,37,41,48,49,52,58,65,74
115003885,2026/01/20,1,2,10,16,18,26,30,36,39,40,41,43,53,59,65,67,75,76,77,79
115003886,2026/01/20,3,4,6,11,16,17,19,21,28,32,34,40,46,47,50,51,54,61,75,77
115003887,2026/01/20,6,8,14,18,19,26,30,34,48,49,50,54,56,57,61,63,72,75,76,77
115003888,2026/01/20,1,4,5,11,13,19,23,30,33,34,43,44,53,57,58,63,64,68,72,80
115003889,2026/01/20,4,8,11,17,24,26,30,38,40,41,47,52,57,58,60,63,64,66,77,78
115003890,2026/01/20,2,7,11,15,18,20,23,31,33,34,37,40,47,49,62,66,69,70,72,74
115003891,2026/01/20,10,13,14,20,25,26,30,34,37,39,43,45,46,56,59,60,61,71,73,79
115003892,2026/01/20,6,7,8,9,10,16,18,20,27,35,40,45,50,51,54,57,59,63,71,72
115003893,2026/01/20,4,7,14,20,26,36,40,42,49,51,53,54,56,61,62,66,69,70,76,79
115003894,2026/01/20,1,4,5,6,9,12,13,30,39,40,42,48,53,55,59,61,64,65,73,74
115003895,2026/01/20,6,12,15,16,21,22,25,30,40,46,48,56,57,58,59,60,62,64,66,77
115003896,2026/01/20,1,5,8,14,17,22,26,28,31,32,35,41,46,50,61,63,67,69,70,73
115003897,2026/01/20,2,5,12,14,15,23,24,26,35,37,38,39,41,48,51,56,61,62,72,76
115003898,2026/01/20,1,2,5,12,17,22,27,28,32,36,39,41,44,48,55,56,63,69,74,80
115003899,2026/01/20,1,2,5,11,17,24,32,33,35,36,39,40,41,42,52,59,63,64,76,80
115003900,2026/01/20,2,4,5,7,8,20,25,33,43,51,52,53,55,56,58,61,63,69,73,79
115003901,2026/01/20,4,6,15,16,18,19,21,25,27,32,35,38,41,43,54,55,58,63,73,77
115003902,2026/01/20,5,18,21,29,39,41,43,44,51,53,60,63,67,70,72,73,74,75,77,80
115003903,2026/01/20,1,10,11,13,16,19,22,36,46,49,52,56,57,61,67,69,72,76,77,79
115003904,2026/01/20,1,5,13,14,15,22,24,28,32,33,34,37,42,45,53,54,68,70,74,80
115003905,2026/01/20,3,5,6,8,13,23,24,30,45,46,48,52,58,63,66,67,72,78,79,80
115003906,2026/01/20,12,15,25,27,28,30,35,38,39,45,48,53,55,61,62,64,65,71,75,77
115003907,2026/01/20,2,4,14,19,20,21,24,26,33,35,39,45,46,47,53,54,60,61,67,70
115003908,2026/01/20,5,6,12,13,14,15,18,19,24,29,39,43,50,54,57,58,73,77,79,80
115003909,2026/01/20,7,13,16,17,20,21,24,25,28,29,33,37,46,51,54,62,63,68,69,75
115003910,2026/01/20,2,5,9,15,18,20,22,23,27,28,29,30,34,39,51,54,56,58,63,73
115003911,2026/01/20,1,3,11,15,17,24,31,35,39,41,42,44,46,52,53,54,63,65,74,75
115003912,2026/01/20,1,2,6,7,10,13,28,29,47,48,55,61,65,66,68,71,74,75,77,80
115003913,2026/01/20,5,6,13,16,21,26,30,31,33,38,42,46,50,58,60,62,63,71,72,74
115003914,2026/01/20,2,3,5,8,10,11,18,22,31,35,38,44,47,51,56,61,62,65,68,72
115003915,2026/01/20,4,8,11,14,22,28,32,36,44,51,52,57,59,62,68,69,70,74,77,80
115003916,2026/01/20,16,18,19,20,21,26,31,33,34,35,36,50,54,57,58,63,65,69,71,74
115003917,2026/01/20,4,6,11,14,23,24,26,29,36,37,38,39,40,43,57,63,67,70,77,79
115003918,2026/01/20,9,12,24,28,33,34,37,42,47,50,56,58,62,64,65,66,72,75,78,80
115003919,2026/01/20,2,3,10,22,23,28,43,46,47,48,49,50,51,54,66,70,72,74,78,79
115003920,2026/01/20,2,7,10,19,20,23,28,30,33,35,38,41,49,52,58,59,71,73,75,79
115003921,2026/01/20,1,9,13,14,16,23,25,26,27,34,38,42,43,50,51,63,68,71,74,79
115003922,2026/01/20,2,3,4,5,13,14,23,24,37,46,49,50,53,55,57,59,60,65,67,71
115003923,2026/01/20,1,9,12,16,18,20,21,30,32,34,37,38,41,54,56,58,63,65,66,80
115003924,2026/01/20,1,3,6,9,11,17,18,28,29,34,38,44,45,47,52,53,63,68,74,77
115003925,2026/01/20,1,8,14,15,16,26,29,30,39,44,45,49,59,61,67,70,71,77,78,80
115003926,2026/01/20,4,5,8,20,30,31,36,39,42,48,49,51,56,57,59,61,63,65,67,73
115003927,2026/01/20,7,10,13,15,20,23,24,26,31,33,38,40,41,44,46,52,54,57,76,77
115003928,2026/01/20,3,6,11,19,21,26,28,39,41,42,49,50,53,61,64,65,72,74,77,79
115003929,2026/01/20,4,8,12,21,23,24,27,28,30,39,45,55,58,60,62,66,73,74,77,79
115003930,2026/01/20,2,3,13,15,18,21,26,34,36,40,43,48,52,60,61,62,63,64,65,66
115003931,2026/01/20,1,2,11,13,14,21,22,26,28,29,31,33,37,39,47,48,60,73,76,80
115003932,2026/01/20,1,6,8,9,12,21,29,31,37,39,48,51,54,57,58,62,65,73,79,80
115003933,2026/01/20,2,10,13,33,34,35,39,41,45,49,53,54,56,60,65,70,71,75,79,80
115003934,2026/01/20,1,4,7,8,10,11,20,21,26,28,29,31,36,40,47,54,55,57,67,78
115003935,2026/01/20,8,13,16,21,25,27,28,33,35,45,47,51,56,57,59,62,68,71,75,80
115003936,2026/01/20,2,4,7,9,14,16,30,32,33,38,42,45,50,54,56,72,74,76,78,80
115003937,2026/01/20,5,11,18,20,25,28,29,30,35,42,43,45,51,53,58,59,64,68,77,78
115003938,2026/01/20,1,5,7,8,14,15,21,22,26,27,30,33,37,44,45,52,57,64,71,72
115003939,2026/01/20,4,8,9,12,13,14,16,20,26,29,35,37,44,51,53,68,73,74,76,80
115003940,2026/01/20,3,6,13,16,17,22,31,32,34,45,52,55,57,58,59,65,70,75,77,79
115003941,2026/01/20,2,3,8,9,18,27,29,33,40,41,47,54,55,58,61,63,64,73,75,76
115003942,2026/01/20,1,2,4,11,16,25,27,28,30,35,41,45,48,53,59,67,69,71,76,78
115003943,2026/01/20,2,3,4,9,10,13,24,41,43,48,50,51,54,58,60,62,63,64,66,78
115003944,2026/01/20,3,4,9,10,11,23,24,26,27,29,34,45,46,51,56,57,61,69,73,77
115003945,2026/01/20,2,10,11,15,16,29,33,39,40,42,45,48,49,52,54,59,68,71,77,79
115003946,2026/01/20,2,4,5,11,25,31,34,36,37,43,49,50,53,56,57,62,66,68,72,79
115003947,2026/01/20,5,7,8,18,24,27,32,35,40,43,45,50,52,55,57,59,60,62,66,77
115003948,2026/01/20,8,11,12,14,18,20,21,23,24,26,31,33,51,54,56,62,63,71,75,77
115003949,2026/01/20,1,8,13,17,20,27,33,34,38,41,42,45,48,51,53,57,60,66,74,77
115003950,2026/01/20,1,9,10,15,22,28,34,35,39,40,41,42,57,65,68,71,75,76,77,79
115003951,2026/01/20,2,4,9,10,18,28,34,35,37,42,43,54,57,59,61,63,64,71,74,75
115003952,2026/01/20,14,18,20,22,26,28,33,34,35,40,48,49,53,54,62,65,70,72,77,80
115003953,2026/01/20,9,10,11,12,14,17,18,23,26,29,32,34,43,49,52,60,65,67,68,70
115003954,2026/01/20,1,4,7,8,9,16,19,29,31,33,41,44,45,48,49,52,55,57,58,62
115003955,2026/01/20,3,12,19,32,34,40,41,42,48,52,55,56,63,65,70,71,72,73,78,79
115003956,2026/01/20,6,9,12,23,31,36,38,39,40,42,50,53,54,59,66,69,72,73,74,79
115003957,2026/01/20,10,11,12,15,16,17,20,22,24,25,26,31,34,36,48,56,66,72,73,79
115003958,2026/01/20,1,9,10,14,18,23,24,30,36,39,44,46,48,49,57,62,64,66,69,80
115003959,2026/01/20,3,14,19,20,22,23,24,28,34,39,43,51,52,56,59,60,69,71,76,77
115003960,2026/01/20,4,5,9,11,13,16,21,37,38,42,43,51,55,57,59,62,70,71,72,77
115003961,2026/01/20,3,8,11,14,19,22,25,27,39,43,45,52,54,57,64,70,71,75,76,78
115003962,2026/01/20,2,3,9,13,24,26,28,31,41,43,46,48,62,64,67,69,70,71,74,77
115003963,2026/01/20,2,5,7,13,21,23,24,38,39,41,45,52,55,57,59,61,68,69,75,77
115003964,2026/01/20,1,4,10,13,14,16,21,25,29,33,34,35,37,39,43,46,49,68,70,79
115003965,2026/01/20,4,8,9,13,14,15,21,23,29,31,34,35,36,39,41,45,47,57,65,78
115003966,2026/01/20,2,3,22,27,30,34,35,38,39,46,47,50,53,54,59,60,65,74,77,80
115003967,2026/01/20,7,10,17,23,28,31,33,41,42,43,45,47,49,61,62,63,65,70,75,78
115003968,2026/01/20,3,6,9,10,16,17,27,28,29,35,39,45,48,51,54,57,59,67,70,78
115003969,2026/01/20,1,4,5,7,8,16,28,32,33,39,40,44,55,56,60,64,68,73,74,80
115003970,2026/01/20,3,4,5,16,20,23,38,40,44,45,46,58,60,66,67,68,69,71,73,78
115003971,2026/01/20,3,5,8,11,14,19,20,31,38,45,46,51,52,55,56,58,60,64,65,79
115003972,2026/01/20,5,7,10,18,20,21,24,37,45,46,48,54,63,69,70,71,75,76,77,79
115003973,2026/01/20,4,6,9,24,29,34,35,37,40,41,44,45,49,55,59,63,69,76,78,80
115003974,2026/01/20,4,5,8,9,10,14,26,35,37,47,48,52,54,55,56,66,75,77,78,80
115003975,2026/01/20,4,6,7,8,10,12,13,18,21,28,30,36,37,39,45,52,59,65,67,68
115003976,2026/01/20,7,8,14,15,20,26,33,37,45,51,54,55,59,65,68,69,70,71,75,79
115003977,2026/01/20,4,5,7,8,18,27,28,34,37,38,46,48,49,50,51,59,61,64,73,80
115003978,2026/01/20,5,7,10,13,14,15,17,23,24,29,33,38,41,42,55,62,64,69,73,78
115003979,2026/01/20,1,4,5,8,14,30,33,34,35,37,39,49,56,60,62,65,71,72,74,75
115003980,2026/01/20,11,15,22,26,29,32,38,40,41,47,48,55,56,61,63,64,67,71,74,76
115003981,2026/01/20,3,13,17,18,19,26,27,29,42,46,48,52,55,60,68,73,76,77,78,80
115003982,2026/01/20,1,6,13,14,15,19,20,27,30,37,43,53,55,69,70,73,74,75,76,79
115003983,2026/01/20,5,10,13,17,26,27,30,32,33,38,46,49,50,51,61,67,73,76,77,78
115003984,2026/01/20,1,4,5,22,25,31,32,36,47,48,50,52,55,57,59,60,69,71,74,78
115003985,2026/01/20,2,4,5,6,15,17,18,24,31,35,40,43,48,51,53,58,59,66,76,78
115003986,2026/01/20,2,5,6,7,12,18,21,25,30,34,37,39,50,53,59,60,61,67,76,78
115003987,2026/01/20,11,17,19,20,25,26,27,28,29,30,37,38,42,48,51,54,57,60,68,77
115003988,2026/01/20,4,7,9,17,21,22,25,28,30,35,39,41,49,50,51,54,63,65,75,78
115003989,2026/01/20,9,14,15,17,28,29,32,34,39,40,41,43,49,50,54,56,62,70,75,80
115003990,2026/01/20,5,9,10,11,33,34,40,41,42,46,49,53,54,55,56,57,69,72,77,80
115003991,2026/01/20,18,19,22,23,34,38,39,41,42,43,44,49,50,51,55,56,64,65,71,74
115003992,2026/01/20,2,4,14,16,17,22,23,27,34,35,37,39,40,46,61,62,66,71,74,76
115003993,2026/01/20,2,3,4,5,6,8,19,24,30,39,42,45,49,52,56,58,63,66,71,74
115003994,2026/01/20,8,28,33,35,46,49,54,60,61,63,64,67,68,69,70,72,74,76,77,80
115003995,2026/01/20,2,5,7,12,17,18,19,22,28,35,41,45,47,48,49,54,68,70,78,80
115003996,2026/01/20,9,21,24,26,34,35,40,42,43,48,49,50,53,58,59,64,66,67,71,77
115003997,2026/01/20,1,7,8,14,16,19,21,30,36,39,43,44,47,48,51,62,63,67,68,70
115003998,2026/01/20,2,12,19,20,23,24,25,27,33,42,44,46,47,48,56,59,62,65,71,76
115003999,2026/01/20,10,11,13,15,16,18,21,22,25,29,31,34,36,40,47,60,69,72,73,76
115004000,2026/01/20,16,24,31,33,35,36,38,42,43,44,45,53,59,63,64,66,68,70,71,72
115004001,2026/01/20,1,8,13,17,20,22,25,26,31,34,46,50,54,61,67,70,71,72,75,79
115004002,2026/01/20,4,5,9,10,19,22,23,24,29,30,32,35,37,39,45,47,55,58,59,80
115004003,2026/01/20,2,10,17,24,25,28,34,37,41,43,45,54,57,62,65,66,76,77,78,79
115004004,2026/01/20,3,5,7,18,23,24,25,26,27,28,32,33,34,43,46,50,53,60,68,72
115004005,2026/01/20,2,3,5,14,16,22,23,25,29,35,38,43,46,48,49,51,52,64,65,80
115004006,2026/01/20,5,8,13,20,22,23,28,34,40,42,44,52,55,56,57,58,65,67,74,77
115004007,2026/01/20,5,6,10,13,15,21,22,30,36,39,45,47,54,60,63,68,71,72,74,75
115004008,2026/01/20,18,24,26,27,28,33,34,35,39,42,44,47,51,54,57,63,71,75,77,80
115004009,2026/01/20,8,12,19,36,38,39,40,43,51,53,55,56,57,63,66,67,71,73,76,77
115004010,2026/01/20,8,12,15,18,21,23,34,38,40,42,44,51,61,68,69,74,76,77,78,79
115004011,2026/01/20,3,6,7,9,12,19,22,25,26,27,28,31,33,36,48,57,59,70,74,77
115004012,2026/01/20,6,9,10,14,19,32,35,38,45,46,47,51,52,53,55,57,72,77,78,80
115004013,2026/01/20,4,6,7,21,23,26,27,33,38,39,41,53,59,62,67,69,70,71,77,79
115004014,2026/01/20,1,4,5,16,24,30,37,38,42,43,47,51,52,53,57,59,61,67,70,75
115004015,2026/01/20,2,4,14,17,22,23,29,31,39,44,45,46,54,59,62,63,66,71,75,78
115004016,2026/01/20,6,15,18,23,24,26,28,33,34,37,48,53,56,59,61,66,72,77,78,80
115004017,2026/01/20,3,6,8,12,14,15,22,26,29,36,38,43,48,50,51,55,57,63,65,74
115004018,2026/01/20,3,18,20,29,31,33,36,46,47,49,57,62,68,70,73,74,75,76,77,79
115004019,2026/01/20,5,7,8,10,21,27,31,32,33,34,39,41,48,53,55,59,63,71,78,80
115004020,2026/01/20,2,6,7,10,11,25,29,31,34,35,36,37,39,46,47,50,73,74,75,80
115004021,2026/01/20,1,2,4,7,12,14,24,25,27,45,51,53,56,58,59,60,68,73,76,78
115004022,2026/01/20,6,9,15,17,20,21,22,24,25,26,31,43,44,45,46,47,52,68,73,76
115004023,2026/01/20,4,5,11,14,17,18,22,29,33,45,47,53,56,62,65,67,69,73,75,76
115004024,2026/01/20,1,2,4,10,15,22,29,30,31,35,37,41,50,51,53,56,57,75,76,80
115004025,2026/01/20,1,7,9,11,12,16,21,28,37,38,39,52,56,57,67,70,73,74,78,79
115004026,2026/01/20,1,4,7,10,15,16,19,21,26,27,41,43,48,49,61,63,64,66,69,74
115004027,2026/01/20,5,6,7,10,13,24,27,28,30,42,50,51,58,60,61,68,70,71,77,78
115004028,2026/01/20,1,6,9,12,13,14,23,29,32,34,39,40,44,49,54,59,61,64,69,72
115004029,2026/01/20,2,3,8,10,15,19,20,24,34,48,49,51,52,62,64,70,75,77,78,79
115004030,2026/01/20,3,4,7,12,15,28,37,39,41,42,47,52,57,59,63,66,68,71,72,75
115004031,2026/01/20,4,15,16,17,19,20,22,27,34,37,44,48,52,54,59,60,64,71,76,77
115004032,2026/01/20,1,8,14,22,24,25,28,33,36,37,45,52,54,61,62,64,71,73,79,80
115004033,2026/01/20,2,17,18,21,24,25,26,32,40,45,49,50,53,56,57,59,63,69,78,79
115004034,2026/01/20,1,7,10,13,14,16,17,24,33,35,36,45,46,48,56,60,64,65,67,69
115004035,2026/01/20,1,3,17,18,22,25,31,39,43,46,49,51,53,54,55,57,61,66,70,73
115004036,2026/01/20,1,4,8,21,22,30,33,37,44,50,51,56,57,58,60,61,66,67,78,79
115004037,2026/01/20,1,4,8,18,22,23,33,43,49,57,58,63,65,66,68,69,73,75,77,78
115004038,2026/01/20,14,16,28,31,34,36,40,41,48,50,53,56,57,58,60,63,66,72,73,80
115004039,2026/01/20,3,8,9,21,29,39,41,43,46,47,48,50,52,56,62,63,67,69,70,77
115004040,2026/01/20,7,10,12,13,14,16,17,18,26,35,45,46,52,55,61,62,66,69,70,75
115004041,2026/01/20,3,5,13,21,25,32,40,42,45,46,51,53,55,56,61,62,74,77,78,80
115004042,2026/01/20,3,6,9,10,11,13,14,24,31,32,36,37,40,43,47,48,68,74,75,79
115004043,2026/01/20,2,4,8,11,14,18,20,21,28,29,37,39,40,50,51,56,58,62,75,77
115004044,2026/01/20,7,11,15,22,24,30,31,32,35,36,38,43,44,54,66,70,76,77,78,79
115004045,2026/01/20,7,8,10,13,15,18,23,26,30,32,36,39,51,53,56,58,63,70,71,75
115004046,2026/01/20,10,12,13,24,29,35,37,38,43,47,52,54,57,58,59,60,69,71,75,76
115004047,2026/01/20,10,13,14,18,19,22,30,38,40,41,42,44,46,47,52,53,66,69,70,78
115004048,2026/01/20,10,13,17,20,21,22,23,36,45,50,51,52,53,54,56,61,64,77,78,80
115004049,2026/01/20,6,14,23,30,33,35,36,38,43,45,48,55,56,57,64,66,67,73,74,75
115004050,2026/01/20,4,6,13,15,18,24,25,27,28,35,36,37,52,53,55,60,64,65,66,68
115004051,2026/01/20,5,9,13,14,16,17,19,20,21,27,28,34,36,38,42,52,57,64,69,76
115004052,2026/01/20,4,5,6,10,17,18,19,29,35,40,49,55,56,57,59,62,63,71,72,73
115004053,2026/01/20,5,12,16,20,22,26,30,33,34,35,39,42,43,46,49,58,60,63,74,80
115004054,2026/01/20,5,6,19,22,29,30,34,35,36,39,41,46,53,65,66,67,71,74,75,77
115004055,2026/01/20,1,18,23,28,30,36,37,38,40,43,49,56,57,63,68,69,70,74,76,78
115004056,2026/01/20,1,4,7,14,16,24,32,41,46,51,52,56,66,68,70,72,73,74,75,79
115004057,2026/01/20,3,9,12,14,19,27,35,39,42,48,49,50,51,59,62,67,68,73,79,80
115004058,2026/01/20,2,6,11,12,22,31,34,38,39,40,44,46,47,55,56,66,71,72,73,75
115004059,2026/01/20,1,3,5,8,9,19,22,30,34,36,38,41,45,53,56,59,62,63,65,77
115004060,2026/01/20,1,3,5,7,11,12,13,15,16,20,23,26,27,36,41,61,62,63,66,77
115004061,2026/01/21,6,15,23,27,28,31,39,42,43,44,48,57,58,61,63,65,70,76,77,80
115004062,2026/01/21,2,7,14,16,22,23,25,28,31,37,40,43,52,54,59,61,62,63,66,75
115004063,2026/01/21,1,11,20,25,28,30,37,38,40,41,47,48,50,51,52,56,61,63,76,79
115004064,2026/01/21,2,3,7,14,20,24,26,32,34,36,41,43,44,47,52,53,54,65,66,71
115004065,2026/01/21,7,11,14,15,29,32,33,37,38,41,44,45,48,52,53,62,66,69,71,76
115004066,2026/01/21,1,3,4,10,13,15,19,28,29,33,34,38,41,50,53,58,59,63,69,80
115004067,2026/01/21,7,10,12,21,22,23,26,27,36,39,43,48,51,54,57,60,63,68,76,80
115004068,2026/01/21,8,9,14,15,19,21,25,28,34,39,46,48,50,52,57,59,66,69,71,75
115004069,2026/01/21,2,5,8,14,16,18,19,24,25,31,35,44,46,47,58,61,62,63,70,71
115004070,2026/01/21,3,5,12,16,18,21,27,29,38,39,40,44,46,47,53,69,72,77,79,80
115004071,2026/01/21,2,7,8,10,13,15,19,20,23,30,32,38,39,40,44,47,48,60,63,66
115004072,2026/01/21,1,2,7,12,15,18,21,31,35,39,51,53,57,58,63,65,69,70,73,75
115004073,2026/01/21,5,6,15,18,29,32,33,36,38,41,42,48,52,55,56,60,62,65,68,71
115004074,2026/01/21,1,2,5,13,15,20,26,34,35,36,43,48,51,52,56,57,67,71,75,79
115004075,2026/01/21,1,2,3,4,6,12,17,22,24,27,32,34,41,52,53,61,73,77,78,79
115004076,2026/01/21,6,7,10,14,16,30,35,36,38,39,40,45,49,50,54,55,56,72,74,80
115004077,2026/01/21,6,7,9,10,11,17,21,22,24,26,28,35,43,46,47,56,62,63,75,77
115004078,2026/01/21,2,3,4,6,12,16,21,35,42,47,49,52,56,59,65,68,74,76,78,80
115004079,2026/01/21,1,9,10,16,17,19,23,34,37,42,47,53,54,57,58,61,62,67,70,80
115004080,2026/01/21,1,3,8,16,18,19,21,23,24,29,32,53,57,58,61,71,75,76,77,79
115004081,2026/01/21,2,5,14,16,23,27,32,33,34,41,42,43,49,50,54,56,58,64,74,78
115004082,2026/01/21,15,17,33,34,36,46,47,50,52,56,57,60,61,62,67,69,71,72,73,74
115004083,2026/01/21,3,8,19,23,24,29,30,33,34,36,40,42,43,44,45,48,50,55,69,74
115004084,2026/01/21,2,8,10,17,20,29,33,34,35,36,39,42,50,51,55,56,58,62,68,70
115004085,2026/01/21,1,2,3,4,6,17,29,31,36,42,44,52,58,59,65,66,68,76,77,80
115004086,2026/01/21,1,4,5,6,14,15,21,23,33,37,39,44,46,48,51,58,59,60,77,78
115004087,2026/01/21,8,15,18,21,28,29,30,37,38,41,49,53,54,56,60,67,68,72,78,79
115004088,2026/01/21,5,6,9,20,24,27,28,35,36,38,39,44,45,54,56,59,62,65,70,80
115004089,2026/01/21,8,16,17,20,29,31,35,44,48,49,50,55,57,59,61,62,65,67,70,72
115004090,2026/01/21,7,8,11,12,15,19,20,23,27,31,35,48,55,59,60,66,69,70,73,80
115004091,2026/01/21,5,8,12,17,18,26,28,38,40,47,48,49,51,52,54,59,64,67,74,76
115004092,2026/01/21,14,16,19,20,21,22,23,33,43,44,49,51,52,53,56,60,68,70,72,77
115004093,2026/01/21,1,15,16,17,21,24,31,33,35,39,40,41,43,46,57,58,60,67,73,74
115004094,2026/01/21,4,5,6,11,19,27,30,31,33,38,41,45,53,56,58,63,64,65,75,78
115004095,2026/01/21,3,4,8,9,12,14,15,18,19,22,23,24,39,41,51,54,55,60,64,75
115004096,2026/01/21,11,26,28,30,31,35,36,37,38,40,41,43,47,56,57,62,63,68,76,79
115004097,2026/01/21,5,6,11,14,17,19,20,25,38,40,44,46,48,49,52,54,55,74,77,78
115004098,2026/01/21,4,9,12,14,19,22,27,34,35,36,37,39,41,42,43,52,60,61,64,79
115004099,2026/01/21,4,9,14,15,18,20,21,28,35,37,40,45,51,54,59,61,71,73,76,77
115004100,2026/01/21,3,6,17,18,23,24,29,31,35,37,38,51,54,55,57,59,62,66,75,77
115004101,2026/01/21,2,9,10,11,12,13,16,22,28,31,35,43,45,56,58,59,68,69,71,76
115004102,2026/01/21,4,6,13,14,15,16,19,27,31,32,40,47,51,63,67,68,74,75,77,80
115004103,2026/01/21,3,8,17,23,24,25,27,34,36,37,46,47,53,61,64,65,67,68,75,79
115004104,2026/01/21,2,5,6,7,18,21,22,23,24,30,33,38,43,52,53,59,62,68,77,78
115004105,2026/01/21,1,6,7,9,14,17,20,21,24,25,26,31,32,33,37,43,44,55,71,77
115004106,2026/01/21,7,11,13,17,20,28,31,35,38,41,47,49,53,57,63,65,66,72,73,78
115004107,2026/01/21,1,2,4,15,16,17,21,22,23,25,28,29,33,38,51,58,63,64,76,77
115004108,2026/01/21,4,11,16,19,24,27,33,38,44,49,50,54,59,63,65,72,73,76,78,80
115004109,2026/01/21,3,4,7,14,19,21,29,30,33,35,44,46,53,63,64,66,70,74,77,80
115004110,2026/01/21,3,6,16,21,23,27,36,47,49,53,59,60,65,67,68,72,77,78,79,80
115004111,2026/01/21,2,14,15,26,27,32,38,39,41,42,45,57,59,60,61,64,65,68,71,75
115004112,2026/01/21,8,9,13,20,22,23,25,38,39,40,46,52,57,59,62,64,69,73,74,77
115004113,2026/01/21,3,10,14,15,25,26,28,31,34,42,43,44,48,50,52,54,62,72,73,76
115004114,2026/01/21,5,6,7,8,9,14,23,24,28,29,35,43,46,49,51,60,65,69,72,78
115004115,2026/01/21,2,4,7,22,33,35,39,41,43,45,48,49,50,51,55,64,70,71,72,79
115004116,2026/01/21,5,6,16,19,23,24,27,32,36,37,39,43,50,52,54,56,61,62,65,73
115004117,2026/01/21,5,10,11,12,14,15,24,28,30,32,33,37,38,40,42,44,54,68,77,79
115004118,2026/01/21,9,13,19,20,29,32,41,44,47,51,53,55,56,58,64,65,66,74,75,80
115004119,2026/01/21,2,14,27,28,29,31,32,36,48,50,55,59,60,65,71,73,75,76,79,80
115004120,2026/01/21,6,13,19,23,27,28,29,30,31,37,40,42,44,45,46,48,62,69,70,78
115004121,2026/01/21,1,3,4,6,9,10,11,13,23,24,26,28,46,50,55,56,60,68,75,80
115004122,2026/01/21,3,5,6,11,17,19,20,25,30,32,33,39,49,56,59,66,72,76,77,79
115004123,2026/01/21,2,6,12,16,17,24,27,28,33,38,40,47,48,53,56,57,66,67,76,78
115004124,2026/01/21,1,3,6,11,13,19,22,24,26,30,40,49,58,62,63,66,69,71,78,79
115004125,2026/01/21,1,2,3,6,14,16,20,26,28,31,32,45,46,49,54,58,60,65,75,79
115004126,2026/01/21,16,23,26,28,31,33,37,38,39,41,42,44,45,46,48,53,54,57,63,67
115004127,2026/01/21,4,6,7,13,14,16,18,27,29,39,45,46,50,51,53,57,62,68,77,79
115004128,2026/01/21,12,13,17,18,24,25,28,35,39,41,47,48,53,54,59,61,64,74,75,78
115004129,2026/01/21,5,8,10,13,26,27,28,31,33,36,49,51,52,53,57,64,68,69,76,80
115004130,2026/01/21,3,5,12,17,19,27,37,42,47,48,50,51,52,53,55,56,59,65,77,79
115004131,2026/01/21,3,9,13,16,22,25,26,29,30,41,49,50,51,54,57,59,66,67,78,80
115004132,2026/01/21,11,12,13,18,24,30,32,38,41,43,45,46,47,53,56,62,65,72,73,74
115004133,2026/01/21,8,12,14,28,29,30,35,43,44,46,48,52,53,54,59,66,69,73,77,79
115004134,2026/01/21,5,8,19,21,24,27,29,30,39,43,46,49,51,53,56,58,61,62,64,65
115004135,2026/01/21,7,9,10,14,15,18,24,26,33,41,44,52,54,55,57,61,63,69,71,72
115004136,2026/01/21,1,3,15,24,27,29,35,37,38,40,42,49,50,53,54,55,58,63,67,72
115004137,2026/01/21,4,7,18,23,25,28,33,36,39,41,46,52,54,58,60,67,68,71,77,78
115004138,2026/01/21,5,13,17,21,23,27,29,32,34,37,38,40,42,45,49,51,52,54,57,71
115004139,2026/01/21,7,10,17,22,31,32,33,43,46,53,55,57,60,62,64,71,73,74,77,80
115004140,2026/01/21,3,4,6,12,13,14,17,23,35,38,46,48,49,51,53,54,56,63,70,72
115004141,2026/01/21,1,2,8,9,10,11,19,24,25,27,28,38,42,52,55,58,63,65,72,74
115004142,2026/01/21,2,3,5,17,19,20,30,32,34,36,38,39,44,50,51,52,72,74,75,80
115004143,2026/01/21,3,4,10,11,13,16,23,26,27,29,33,36,37,43,48,56,63,71,78,80
115004144,2026/01/21,1,2,9,12,14,24,26,29,35,45,46,52,53,54,57,59,65,66,71,76
115004145,2026/01/21,6,8,9,14,18,32,35,39,43,47,48,53,54,55,56,58,59,71,74,75
115004146,2026/01/21,6,7,8,12,13,15,18,24,26,44,49,51,52,56,59,62,67,69,71,78
115004147,2026/01/21,6,9,15,17,21,31,36,38,41,42,44,56,58,59,60,61,66,67,71,78
115004148,2026/01/21,5,12,14,16,21,24,28,31,32,36,40,48,49,52,55,56,57,72,75,77
115004149,2026/01/21,1,5,6,10,14,30,31,32,35,36,42,52,53,58,62,64,72,73,74,78
115004150,2026/01/21,5,6,16,17,23,24,42,44,47,49,52,55,61,63,65,68,70,71,78,79
115004151,2026/01/21,10,16,27,34,35,37,38,41,44,48,49,50,51,53,55,59,63,71,74,79
115004152,2026/01/21,1,7,14,15,17,19,23,30,32,34,36,43,45,48,54,55,60,66,74,78
115004153,2026/01/21,4,6,13,19,28,33,39,41,43,45,47,51,52,57,59,60,61,64,73,76
115004154,2026/01/21,7,11,12,22,26,27,30,34,37,39,42,44,45,49,51,69,73,76,77,78
115004155,2026/01/21,1,4,9,10,15,19,31,36,46,49,51,56,57,58,61,63,64,73,74,76
115004156,2026/01/21,11,14,16,18,20,22,26,31,32,34,38,42,43,45,53,57,58,67,71,73
115004157,2026/01/21,1,4,9,14,15,16,21,22,31,32,36,40,45,56,60,65,68,74,75,80
115004158,2026/01/21,2,15,16,17,19,24,26,30,36,37,39,40,45,52,63,68,69,74,77,79
115004159,2026/01/21,10,13,16,18,21,29,32,33,34,45,47,55,57,59,61,64,66,71,72,78
115004160,2026/01/21,8,10,11,13,24,26,36,43,44,47,48,50,51,52,55,57,62,63,69,70
115004161,2026/01/21,2,5,13,18,21,27,30,31,32,34,35,43,48,52,58,63,67,71,74,79
115004162,2026/01/21,2,3,9,11,12,19,27,30,32,33,38,41,46,48,52,53,55,60,72,78
115004163,2026/01/21,9,11,12,15,20,21,33,37,39,43,45,46,56,58,60,61,66,67,73,74
115004164,2026/01/21,1,5,7,10,15,20,26,33,39,40,48,51,54,55,58,61,63,66,75,76
115004165,2026/01/21,1,9,11,15,17,25,28,31,32,33,35,36,40,54,55,60,62,67,75,76
115004166,2026/01/21,1,3,6,9,13,16,17,20,24,25,26,54,55,58,61,62,68,74,78,80
115004167,2026/01/21,12,15,16,19,20,26,30,31,37,41,48,52,55,59,61,62,70,73,76,79
115004168,2026/01/21,1,5,9,21,26,32,33,34,37,38,40,42,48,53,58,67,68,72,78,79
115004169,2026/01/21,3,4,7,12,15,18,19,27,28,30,39,40,44,47,56,60,61,73,74,78
115004170,2026/01/21,4,5,12,13,22,25,27,31,33,46,48,52,54,63,65,66,68,72,75,78
115004171,2026/01/21,2,7,12,13,19,26,29,30,31,42,45,46,48,49,50,53,55,56,69,74
115004172,2026/01/21,5,7,8,13,18,21,22,38,42,54,56,58,63,65,67,68,70,71,72,77
115004173,2026/01/21,1,2,7,10,18,22,23,28,31,32,39,42,45,46,47,57,61,64,66,80
115004174,2026/01/21,2,6,12,14,23,26,27,37,43,46,48,51,53,54,55,60,65,67,69,76
115004175,2026/01/21,13,14,18,22,26,27,28,29,33,35,41,52,54,56,57,67,68,73,78,80
115004176,2026/01/21,3,6,9,15,16,18,26,33,34,35,41,51,53,56,59,66,68,70,75,78
115004177,2026/01/21,1,8,10,11,16,19,20,22,23,25,31,36,44,59,64,66,68,73,79,80
115004178,2026/01/21,2,4,5,14,27,33,36,40,41,46,48,50,59,60,61,62,67,70,71,76
115004179,2026/01/21,4,13,17,23,37,39,41,46,49,53,55,60,61,62,73,74,76,77,78,80
115004180,2026/01/21,4,10,14,16,19,20,23,25,32,39,40,42,56,57,60,61,62,64,72,77
115004181,2026/01/21,9,10,14,16,18,21,27,32,35,41,42,51,58,60,63,67,71,72,74,76
115004182,2026/01/21,8,11,12,15,20,23,27,35,38,42,44,48,50,61,63,64,66,69,71,80
115004183,2026/01/21,6,12,16,21,25,32,33,37,40,43,49,51,52,64,65,69,70,71,72,79
115004184,2026/01/21,4,8,13,20,23,26,36,37,40,41,45,46,52,54,55,59,61,69,70,72
115004185,2026/01/21,1,2,4,6,8,10,15,23,27,32,33,35,42,50,57,59,60,63,70,79
115004186,2026/01/21,1,3,4,10,15,16,22,25,29,32,34,36,38,41,42,47,69,70,71,75
115004187,2026/01/21,6,10,16,17,22,30,33,34,35,39,41,44,45,47,49,50,58,62,65,80
115004188,2026/01/21,1,6,14,23,25,29,30,34,38,39,40,42,45,49,51,57,66,67,72,80
115004189,2026/01/21,1,8,9,16,18,24,25,28,31,36,39,42,46,49,50,55,57,59,70,76
115004190,2026/01/21,8,10,12,16,17,22,24,28,30,34,40,51,52,53,59,65,71,74,78,79
115004191,2026/01/21,3,4,6,7,10,14,18,19,21,31,34,36,48,55,56,58,65,66,67,74
115004192,2026/01/21,4,9,13,18,20,26,31,32,33,41,45,53,55,56,61,69,72,73,75,79
115004193,2026/01/21,3,5,6,17,18,19,22,23,26,27,29,30,38,45,48,59,62,76,79,80
115004194,2026/01/21,1,6,11,13,14,18,21,23,24,35,37,39,43,48,49,51,69,73,76,77
115004195,2026/01/21,3,13,14,20,22,25,34,37,38,43,46,47,52,54,60,63,65,69,70,80
115004196,2026/01/21,4,5,6,12,20,27,30,31,35,43,46,48,58,60,61,62,68,70,75,80
115004197,2026/01/21,1,3,5,8,12,17,22,25,26,29,35,45,52,54,55,57,58,63,70,77
115004198,2026/01/21,3,4,7,9,19,20,21,23,28,33,35,38,41,48,50,54,67,72,73,75
115004199,2026/01/21,6,12,14,16,24,28,29,34,40,41,42,50,51,52,56,59,69,71,74,76
115004200,2026/01/21,1,2,5,10,12,14,15,17,18,19,20,24,31,46,47,49,52,64,67,71
115004201,2026/01/21,6,9,14,15,20,21,23,26,41,42,45,51,52,58,68,72,74,75,77,78
115004202,2026/01/21,1,2,3,9,15,16,18,30,33,37,44,50,57,60,67,70,74,76,77,80
115004203,2026/01/21,10,12,15,16,17,23,25,26,27,35,40,46,48,54,57,64,69,71,74,77
115004204,2026/01/21,7,10,14,16,21,31,37,38,39,40,41,43,47,49,52,53,55,60,65,76
115004205,2026/01/21,2,5,9,14,18,19,22,25,35,37,49,57,58,59,63,65,69,71,75,77
115004206,2026/01/21,3,7,10,17,18,22,32,38,40,41,42,48,51,53,55,58,62,71,77,79
115004207,2026/01/21,4,5,8,17,21,22,25,27,31,34,40,43,44,46,47,50,55,64,67,69
115004208,2026/01/21,5,12,13,15,19,20,26,36,38,44,47,50,56,57,59,62,63,68,73,74
115004209,2026/01/21,8,13,15,18,19,20,22,26,31,32,36,41,44,47,49,53,55,57,58,71
115004210,2026/01/21,2,11,14,23,24,28,30,34,36,53,55,57,59,63,68,71,72,74,78,79
115004211,2026/01/21,2,13,25,26,32,34,35,39,43,44,45,46,48,53,59,61,62,63,70,74
115004212,2026/01/21,7,11,22,24,25,28,33,35,38,40,41,52,56,58,59,63,67,68,73,75
115004213,2026/01/21,1,9,10,14,16,17,20,22,30,34,37,42,45,50,51,58,59,63,71,74
115004214,2026/01/21,2,8,10,11,13,18,29,35,36,37,44,45,55,57,60,68,74,75,78,79
115004215,2026/01/21,2,4,8,9,11,16,25,27,32,35,36,48,49,50,53,61,62,67,68,76
115004216,2026/01/21,5,9,11,13,15,16,20,23,30,31,40,43,44,45,46,49,71,73,75,78
115004217,2026/01/21,6,14,15,18,22,28,29,31,32,35,37,46,47,53,58,61,63,65,67,73
115004218,2026/01/21,3,12,15,17,20,24,25,27,30,36,49,53,55,57,58,62,69,72,73,79
115004219,2026/01/21,1,3,17,25,29,31,33,36,38,39,42,45,47,48,52,53,54,58,71,76
115004220,2026/01/21,7,8,9,12,15,21,34,35,39,40,44,50,53,58,64,65,69,70,71,79
115004221,2026/01/21,11,12,17,19,21,35,39,44,45,48,52,53,54,56,57,62,65,69,75,80
115004222,2026/01/21,5,10,15,17,22,30,33,34,46,47,56,58,59,61,65,70,72,74,75,76
115004223,2026/01/21,16,32,37,40,45,46,47,49,53,55,57,60,61,63,66,67,71,72,78,80
115004224,2026/01/21,2,7,8,16,19,23,28,31,35,41,42,43,44,46,48,52,53,64,68,76
115004225,2026/01/21,6,8,17,19,23,35,41,42,44,46,50,54,55,59,62,64,65,66,73,75
115004226,2026/01/21,6,14,18,19,21,25,26,27,30,32,41,44,49,50,57,62,67,68,77,79
115004227,2026/01/21,1,2,4,20,21,22,25,27,28,29,31,32,35,36,47,50,54,55,72,77
115004228,2026/01/21,3,4,5,6,13,14,24,26,30,38,39,40,41,48,52,57,58,67,68,75
115004229,2026/01/21,1,8,10,14,17,21,23,27,28,37,39,42,47,49,57,62,66,69,72,73
115004230,2026/01/21,1,2,3,4,17,22,23,27,30,31,34,39,43,53,58,66,70,71,73,79
115004231,2026/01/21,2,6,8,9,13,14,23,27,30,34,36,38,39,49,51,57,66,69,77,80
115004232,2026/01/21,3,6,9,12,13,15,17,22,24,25,26,27,28,38,49,62,69,71,72,75
115004233,2026/01/21,4,6,15,17,18,26,30,32,39,40,50,53,54,62,65,70,73,74,75,78
115004234,2026/01/21,4,11,12,13,23,24,25,28,32,33,42,52,53,56,60,66,68,73,77,78
115004235,2026/01/21,2,5,8,15,24,26,28,29,30,36,38,42,47,50,55,62,64,67,70,78
115004236,2026/01/21,1,2,8,9,12,16,27,30,31,35,38,40,45,55,62,63,68,71,72,74
115004237,2026/01/21,1,6,7,8,14,18,24,27,29,34,45,49,50,57,60,66,74,76,77,80
115004238,2026/01/21,4,11,18,19,20,29,31,32,38,40,41,43,48,53,55,56,62,63,78,79
115004239,2026/01/21,8,14,17,18,20,21,22,23,24,30,32,41,44,50,58,64,66,67,74,76
115004240,2026/01/21,5,8,9,11,14,15,17,19,23,28,31,33,46,51,58,66,73,76,77,79
115004241,2026/01/21,8,9,13,17,20,24,30,31,33,37,43,44,47,52,58,59,68,72,74,77
115004242,2026/01/21,8,9,11,14,16,26,29,30,31,33,39,41,43,45,46,48,52,64,74,79
115004243,2026/01/21,4,15,21,22,26,27,33,34,38,39,46,52,55,58,60,63,67,68,77,78
115004244,2026/01/21,5,7,13,31,34,36,39,41,42,44,47,48,60,61,63,66,69,72,74,79
115004245,2026/01/21,1,13,14,16,18,21,31,38,41,44,48,52,56,62,63,65,66,70,74,78
115004246,2026/01/21,1,7,14,15,23,26,27,31,35,36,37,38,39,47,57,58,59,66,71,79
115004247,2026/01/21,6,13,14,15,19,28,30,38,40,42,45,50,51,54,57,62,63,65,66,75
115004248,2026/01/21,4,15,17,18,21,27,33,37,40,44,47,51,55,61,67,74,76,77,78,80
115004249,2026/01/21,10,11,14,35,38,43,45,48,52,53,54,55,58,65,66,69,70,73,74,80
115004250,2026/01/21,2,4,9,10,19,21,25,29,30,33,36,37,47,49,50,51,56,75,79,80
115004251,2026/01/21,5,6,21,23,25,28,29,30,31,37,54,58,62,63,64,68,69,72,73,74
115004252,2026/01/21,2,7,21,22,23,28,32,37,41,42,43,44,45,46,47,57,58,66,68,77
115004253,2026/01/21,3,5,7,10,16,22,23,26,30,38,39,45,47,48,49,60,64,66,73,77
115004254,2026/01/21,3,9,10,13,18,25,27,28,29,32,35,41,43,48,49,50,52,59,76,80
115004255,2026/01/21,11,25,26,29,30,37,38,47,49,50,51,54,56,58,65,68,70,74,75,76
115004256,2026/01/21,4,9,12,13,14,17,24,25,29,30,32,38,45,46,58,59,62,72,79,80
115004257,2026/01/21,2,4,5,6,8,10,16,22,28,30,32,36,39,41,42,45,59,61,64,67
115004258,2026/01/21,3,4,5,12,14,16,25,27,33,38,44,51,52,54,56,61,69,74,76,77
115004259,2026/01/21,2,9,11,16,18,25,31,36,38,41,46,47,48,49,51,59,62,69,75,79
115004260,2026/01/21,3,7,8,15,16,19,24,25,26,38,40,44,49,54,55,59,66,70,71,80
115004261,2026/01/21,1,3,20,21,22,26,27,28,39,44,51,54,61,64,65,66,69,70,77,80
115004262,2026/01/21,2,4,10,12,13,14,24,27,37,42,43,44,47,58,60,61,62,63,66,71
115004263,2026/01/21,8,9,11,12,13,17,19,24,25,26,29,33,37,38,40,41,48,49,54,73
115004264,2026/01/22,4,7,14,15,21,22,29,30,32,34,37,52,54,58,59,60,65,68,72,77
115004265,2026/01/22,4,6,8,14,18,19,23,24,25,36,37,41,47,48,49,52,53,54,74,76
115004266,2026/01/22,5,7,11,13,19,26,28,33,35,37,42,44,45,50,58,60,61,69,76,77
115004267,2026/01/22,13,15,17,18,22,23,28,29,39,47,52,53,54,57,60,64,69,70,78,79
115004268,2026/01/22,3,4,11,18,22,25,30,32,35,36,39,43,49,51,54,59,64,74,78,80
115004269,2026/01/22,6,10,14,15,19,22,25,29,34,47,49,50,51,54,56,61,63,67,68,70
115004270,2026/01/22,1,2,9,11,26,28,30,31,35,44,47,49,51,52,54,57,63,64,75,80
115004271,2026/01/22,5,9,13,17,28,37,42,43,46,52,53,56,57,61,66,69,70,71,78,80
115004272,2026/01/22,6,7,8,15,21,33,35,39,45,47,50,51,57,60,62,63,70,73,78,79
115004273,2026/01/22,2,3,12,17,20,22,32,33,34,38,45,51,53,55,64,72,73,76,77,78
115004274,2026/01/22,2,9,10,11,17,18,23,33,34,44,46,47,50,51,55,63,64,71,79,80
115004275,2026/01/22,2,6,8,15,16,23,25,27,29,39,40,46,51,52,53,54,63,65,67,79
115004276,2026/01/22,5,9,12,15,18,20,23,26,27,29,32,35,36,42,53,60,62,68,70,79
115004277,2026/01/22,7,10,17,18,19,20,21,26,31,32,35,37,38,42,44,53,71,72,76,80
115004278,2026/01/22,4,5,15,16,18,38,41,47,49,51,53,55,56,58,63,64,66,67,74,79
115004279,2026/01/22,2,7,15,16,17,19,22,23,24,27,30,35,40,41,42,48,61,63,72,78
115004280,2026/01/22,6,10,15,17,20,24,31,34,36,39,40,44,50,54,56,57,63,69,73,80
115004281,2026/01/22,1,3,4,6,8,24,25,26,27,30,40,48,49,50,62,65,71,75,76,78
115004282,2026/01/22,1,3,4,5,15,21,25,30,32,36,40,42,46,56,63,66,68,73,75,76
115004283,2026/01/22,9,10,12,16,19,23,29,30,31,34,35,46,47,48,49,63,64,67,71,72
115004284,2026/01/22,6,8,9,15,25,27,30,33,41,46,48,50,51,54,56,62,65,71,77,80
115004285,2026/01/22,3,10,17,18,19,22,30,36,51,53,55,57,60,63,64,66,69,70,74,79
115004286,2026/01/22,1,8,12,14,26,34,35,41,44,46,49,57,59,62,68,70,74,75,76,78
115004287,2026/01/22,1,16,18,32,33,35,37,41,44,46,47,48,52,55,57,63,64,76,77,80
115004288,2026/01/22,3,5,10,17,18,23,32,34,36,39,42,49,56,59,60,61,66,76,78,80
115004289,2026/01/22,4,10,11,14,19,23,24,30,35,38,39,42,45,46,47,53,61,70,73,78
115004290,2026/01/22,3,5,6,9,11,24,30,33,39,41,42,47,50,53,58,59,60,61,62,66
115004291,2026/01/22,3,6,7,10,12,13,14,16,21,23,24,28,36,52,58,65,66,68,77,80
115004292,2026/01/22,4,11,14,21,23,29,37,42,49,52,53,55,66,67,68,70,72,73,75,77
115004293,2026/01/22,2,4,5,7,9,16,17,19,22,25,27,32,34,44,46,50,60,62,68,75
115004294,2026/01/22,6,13,19,22,24,25,28,34,35,39,43,51,52,53,56,60,71,73,75,79
115004295,2026/01/22,2,3,4,6,8,10,13,23,24,32,36,39,41,44,52,53,54,56,71,80
115004296,2026/01/22,1,2,5,10,19,21,25,28,30,32,35,38,42,53,56,57,63,66,71,78
115004297,2026/01/22,1,12,14,17,21,23,24,25,27,33,40,43,50,54,55,59,60,70,76,80
115004298,2026/01/22,2,8,15,23,26,27,31,32,34,44,45,47,50,54,56,57,61,75,76,80
115004299,2026/01/22,2,3,12,14,19,21,25,27,39,41,48,50,51,59,60,63,67,74,77,78
115004300,2026/01/22,4,5,19,23,24,30,33,35,37,38,39,43,48,50,52,60,61,67,72,79
115004301,2026/01/22,1,3,8,11,12,24,25,27,34,36,38,40,52,53,56,58,60,67,69,77
115004302,2026/01/22,1,2,7,9,14,15,19,21,30,34,35,38,41,48,51,56,65,74,78,80
115004303,2026/01/22,4,9,10,20,22,24,27,33,34,35,37,43,49,50,53,54,57,59,62,67
115004304,2026/01/22,1,5,16,21,24,26,36,39,40,42,46,50,57,60,66,67,68,70,73,80
115004305,2026/01/22,8,9,10,16,24,26,27,28,42,51,52,57,61,62,63,66,67,69,70,71
115004306,2026/01/22,3,4,21,32,35,38,50,53,57,59,61,62,63,64,72,74,76,77,78,80
115004307,2026/01/22,1,4,9,14,23,24,26,27,29,38,39,47,52,60,61,64,66,68,75,79
115004308,2026/01/22,4,8,11,17,18,19,24,26,28,31,33,41,45,50,51,58,60,61,78,80
115004309,2026/01/22,2,3,4,10,11,12,14,18,20,22,23,28,42,43,57,67,68,69,71,77
115004310,2026/01/22,1,10,14,17,18,27,29,31,32,37,45,52,54,55,56,62,69,70,71,74
115004311,2026/01/22,1,3,5,11,19,31,33,36,39,41,42,48,49,52,57,61,63,74,77,78
115004312,2026/01/22,5,12,14,15,19,24,25,29,31,34,39,42,43,57,61,62,71,73,75,80
115004313,2026/01/22,1,2,10,12,18,20,41,42,43,44,47,48,52,55,63,66,71,73,76,78
115004314,2026/01/22,1,6,11,12,20,23,26,29,30,34,35,37,40,54,58,62,64,65,67,78
115004315,2026/01/22,3,10,20,22,23,27,32,35,36,43,52,56,60,61,62,63,68,71,75,77
115004316,2026/01/22,3,4,18,20,21,24,25,39,42,43,49,59,61,62,64,69,70,73,77,78
115004317,2026/01/22,1,3,6,7,16,18,19,20,23,26,35,41,42,44,60,65,70,72,73,80
115004318,2026/01/22,5,6,8,11,13,14,19,24,31,37,38,42,51,59,64,72,73,74,79,80
115004319,2026/01/22,7,12,13,16,19,20,22,25,31,32,33,39,50,53,61,63,64,77,79,80
115004320,2026/01/22,2,8,9,11,15,23,25,31,32,33,36,43,47,50,54,55,64,65,71,78
115004321,2026/01/22,1,3,9,11,12,13,15,18,21,24,26,27,36,37,43,45,53,56,57,70
115004322,2026/01/22,4,5,6,12,13,14,24,35,39,42,45,46,47,56,60,62,69,72,75,78
115004323,2026/01/22,2,6,7,20,21,23,24,26,27,30,32,48,53,58,62,67,70,71,72,75
115004324,2026/01/22,5,7,9,11,23,24,31,32,35,39,40,47,51,52,64,69,73,74,78,79
115004325,2026/01/22,5,13,21,25,26,27,28,30,31,39,40,47,53,56,57,59,60,62,68,78
115004326,2026/01/22,2,9,11,12,16,21,27,29,32,33,37,39,40,44,45,52,56,58,61,76
115004327,2026/01/22,5,9,15,26,30,32,35,36,44,46,50,58,62,63,64,66,67,68,69,78
115004328,2026/01/22,5,10,13,15,18,20,21,30,34,36,39,40,44,45,49,52,54,59,74,77
115004329,2026/01/22,1,6,16,18,26,29,39,41,47,49,56,61,66,67,69,70,71,72,75,79
115004330,2026/01/22,5,7,11,14,15,16,19,21,32,40,41,42,44,49,52,54,55,57,63,67
115004331,2026/01/22,9,17,19,24,26,28,34,36,37,42,50,52,53,54,61,66,67,70,74,80
115004332,2026/01/22,2,6,13,21,23,24,25,32,35,36,37,42,43,48,50,56,59,62,76,77
115004333,2026/01/22,1,4,12,20,33,40,47,54,56,60,61,63,64,65,68,69,70,75,79,80
115004334,2026/01/22,3,4,5,7,12,16,21,28,32,43,45,48,52,54,59,60,69,73,75,76
115004335,2026/01/22,3,8,9,13,17,23,28,32,33,34,38,42,43,51,58,65,68,73,75,78
115004336,2026/01/22,1,6,7,11,18,21,22,25,26,28,33,43,48,53,56,57,60,61,70,80
115004337,2026/01/22,1,2,3,8,17,20,25,26,32,33,40,41,42,43,44,46,47,61,63,74
115004338,2026/01/22,2,7,8,9,11,12,17,18,29,31,34,41,42,43,53,55,59,62,68,70
115004339,2026/01/22,3,11,13,18,21,28,29,32,35,36,39,48,53,54,60,63,64,68,75,78
115004340,2026/01/22,10,15,16,26,28,34,36,38,39,40,44,45,47,49,54,66,67,69,72,76
115004341,2026/01/22,5,11,19,20,23,30,31,36,40,41,43,44,47,50,57,60,63,65,68,70
115004342,2026/01/22,5,7,12,13,15,27,28,31,39,45,47,51,56,57,60,63,72,76,78,79
115004343,2026/01/22,1,4,5,12,18,24,29,30,32,33,35,36,40,46,48,55,61,64,66,77
115004344,2026/01/22,1,6,8,12,14,20,27,37,39,42,43,45,46,48,52,63,64,67,69,74
115004345,2026/01/22,4,16,17,21,24,25,31,33,41,42,44,47,50,51,57,63,64,69,70,74
115004346,2026/01/22,1,3,4,21,24,25,27,29,34,37,40,44,57,58,59,66,73,76,77,78
115004347,2026/01/22,7,8,13,18,19,24,26,31,35,36,37,39,42,49,53,54,57,58,71,78
115004348,2026/01/22,10,11,12,18,20,21,23,26,27,34,44,45,51,57,62,63,70,76,78,79
115004349,2026/01/22,2,4,9,12,15,18,20,26,27,36,42,48,50,51,55,62,68,71,77,80
115004350,2026/01/22,2,7,8,10,16,18,19,22,27,29,31,34,40,44,46,51,54,70,71,76
115004351,2026/01/22,3,12,13,23,27,31,33,35,37,51,52,54,56,59,63,68,72,73,74,77
115004352,2026/01/22,2,10,14,15,17,22,25,31,33,35,54,55,57,58,62,63,64,65,68,69
115004353,2026/01/22,1,2,4,18,20,22,25,26,27,28,32,35,36,48,56,62,69,72,73,77
115004354,2026/01/22,8,9,13,17,25,27,29,30,31,38,47,48,55,60,63,66,70,74,76,79
115004355,2026/01/22,1,5,7,8,20,28,29,34,42,44,47,49,50,56,57,62,65,67,69,72
115004356,2026/01/22,2,8,10,13,15,17,19,26,27,34,39,46,47,53,60,63,64,65,74,79
115004357,2026/01/22,4,10,11,16,18,23,24,27,35,42,43,61,66,68,70,71,73,75,76,78
115004358,2026/01/22,1,3,6,8,22,26,28,32,38,39,41,51,57,59,60,65,66,72,76,78
115004359,2026/01/22,6,11,12,17,22,23,27,31,32,33,34,35,37,41,42,43,65,67,77,80
115004360,2026/01/22,3,5,10,14,19,24,28,32,38,39,44,49,50,53,62,65,74,77,78,80
115004361,2026/01/22,1,5,11,15,17,21,23,38,39,41,43,44,49,50,51,54,56,57,79,80
115004362,2026/01/22,1,3,7,9,12,14,17,23,29,31,36,37,41,48,54,55,56,60,66,67
115004363,2026/01/22,1,2,5,7,10,13,18,19,22,28,33,40,43,49,51,58,62,63,72,73
115004364,2026/01/22,2,4,12,13,16,18,20,25,26,28,34,39,42,46,51,58,64,66,69,73
115004365,2026/01/22,2,3,7,8,9,14,20,21,22,28,30,35,40,44,61,62,67,69,70,78
115004366,2026/01/22,1,2,9,14,17,20,24,27,29,30,31,35,40,44,46,55,56,57,74,76
115004367,2026/01/22,1,11,16,21,27,30,32,33,43,44,45,47,50,51,54,61,62,65,70,77
115004368,2026/01/22,1,4,6,18,23,25,27,30,34,35,39,45,48,49,52,53,56,67,75,76
115004369,2026/01/22,1,2,15,16,23,25,28,31,32,36,38,42,48,54,55,71,75,76,77,78
115004370,2026/01/22,1,3,18,20,22,27,29,32,34,38,39,42,46,47,49,54,55,58,64,78
115004371,2026/01/22,8,15,21,23,25,26,27,29,31,38,40,43,50,52,53,60,61,70,74,78
115004372,2026/01/22,3,4,5,7,11,25,27,30,35,36,41,43,44,45,55,60,61,69,75,80
115004373,2026/01/22,2,3,12,14,15,20,22,27,31,32,42,46,47,53,56,58,59,62,67,72
115004374,2026/01/22,2,4,6,9,11,13,25,27,34,35,38,49,52,57,61,66,67,73,75,76
115004375,2026/01/22,11,18,21,23,24,29,32,38,40,42,43,45,47,51,56,61,64,65,71,80
115004376,2026/01/22,1,6,17,21,23,24,26,27,40,41,45,55,56,61,67,68,69,70,73,74
115004377,2026/01/22,9,10,12,17,18,22,24,27,33,35,37,41,42,44,45,46,51,53,60,75
115004378,2026/01/22,1,4,8,11,16,17,22,25,27,30,31,32,44,49,53,59,61,62,68,69
115004379,2026/01/22,3,6,10,21,34,38,44,47,48,50,56,63,66,68,69,71,75,76,77,80
115004380,2026/01/22,2,4,7,8,23,32,33,36,39,40,48,51,53,56,60,64,66,69,73,74
115004381,2026/01/22,3,8,9,16,20,21,22,24,25,31,38,39,40,47,48,49,61,66,69,75
115004382,2026/01/22,1,3,6,11,13,17,22,23,27,29,31,43,44,47,48,61,65,71,73,78
115004383,2026/01/22,1,4,6,12,13,19,22,25,27,32,39,40,43,47,49,52,72,75,78,80
115004384,2026/01/22,3,5,10,15,16,17,19,27,29,30,40,43,45,54,61,62,65,69,76,77
115004385,2026/01/22,1,2,3,12,26,28,29,30,31,39,45,46,56,57,59,62,63,65,69,80
115004386,2026/01/22,1,5,6,7,12,19,21,23,28,31,37,46,48,51,55,67,70,73,75,78
115004387,2026/01/22,2,3,6,14,16,24,25,27,36,44,45,51,56,57,61,62,64,65,70,71
115004388,2026/01/22,3,4,7,9,18,23,24,26,32,39,45,47,56,58,63,66,69,71,72,73
115004389,2026/01/22,4,7,13,16,20,27,28,43,47,50,57,62,64,65,66,67,70,75,76,78
115004390,2026/01/22,3,10,13,16,17,19,24,26,27,31,32,40,45,46,47,58,62,64,72,76
115004391,2026/01/22,10,14,17,19,20,25,35,37,42,43,47,53,63,66,72,73,74,76,79,80
115004392,2026/01/22,8,12,15,19,25,27,28,30,33,35,45,46,51,63,66,68,69,76,77,79
115004393,2026/01/22,3,6,9,11,13,19,21,25,26,32,34,44,45,50,54,56,58,59,62,65
115004394,2026/01/22,2,3,4,5,11,17,23,24,26,31,51,55,58,62,63,64,71,72,73,79
115004395,2026/01/22,8,11,17,22,26,27,33,51,54,55,58,60,61,64,65,69,70,73,74,78
115004396,2026/01/22,7,13,22,25,28,30,33,47,48,49,50,58,60,63,68,70,71,74,77,79
115004397,2026/01/22,1,7,10,12,18,20,21,32,36,38,41,46,47,67,68,71,72,73,78,79
115004398,2026/01/22,1,4,6,10,13,18,25,29,43,44,48,49,53,59,63,64,67,69,73,76
115004399,2026/01/22,3,6,7,8,21,31,39,41,45,49,50,51,60,62,70,72,73,76,78,80
115004400,2026/01/22,5,8,14,18,19,20,27,29,33,36,39,42,43,52,58,63,64,72,75,76
115004401,2026/01/22,5,9,14,15,21,36,38,39,40,42,43,45,46,48,50,61,62,73,74,75
115004402,2026/01/22,1,2,3,5,9,12,14,23,30,34,37,43,46,50,55,58,65,72,74,79
115004403,2026/01/22,5,6,7,11,12,13,20,22,27,42,47,48,51,54,60,67,68,74,75,80
115004404,2026/01/22,3,13,16,18,29,30,31,32,33,34,35,37,41,44,49,54,57,58,62,74
115004405,2026/01/22,4,8,12,13,14,23,25,27,36,40,45,49,56,59,65,67,69,73,74,76
115004406,2026/01/22,5,10,11,12,16,17,21,22,26,30,32,38,40,43,53,57,65,75,76,78
115004407,2026/01/22,12,13,14,16,19,20,23,25,31,37,46,50,57,60,66,70,74,75,77,79
115004408,2026/01/22,6,11,13,15,17,19,25,26,33,35,37,49,51,55,59,65,69,75,76,79
115004409,2026/01/22,1,3,6,10,13,16,20,23,34,37,44,46,56,58,60,63,67,69,71,76
115004410,2026/01/22,6,10,11,13,15,29,31,34,37,41,45,48,50,58,60,64,69,74,76,79
115004411,2026/01/22,4,5,11,15,18,21,25,29,30,36,38,41,44,49,50,51,55,61,77,79
115004412,2026/01/22,2,3,8,17,18,19,25,27,32,34,38,44,49,53,55,62,66,76,78,80
115004413,2026/01/22,10,14,17,18,22,27,30,32,33,38,41,48,50,51,56,59,64,69,72,80
115004414,2026/01/22,1,3,5,6,7,16,20,21,25,26,30,32,33,38,40,54,58,65,67,68
115004415,2026/01/22,2,5,7,9,12,14,15,18,19,31,35,40,46,48,65,66,68,71,78,79
115004416,2026/01/22,7,10,13,14,17,19,20,22,23,33,34,35,41,48,58,67,68,69,70,80
115004417,2026/01/22,1,5,6,7,9,10,23,28,32,34,36,42,60,63,64,68,71,74,76,79
115004418,2026/01/22,2,12,13,15,19,20,22,23,27,40,44,45,52,58,61,63,74,75,77,79
115004419,2026/01/22,9,12,17,20,21,22,34,39,41,47,48,49,53,59,60,65,70,71,77,80
115004420,2026/01/22,2,8,18,21,24,45,46,47,48,55,56,57,58,60,64,66,68,73,77,80
115004421,2026/01/22,4,7,12,26,29,38,41,48,50,51,52,55,56,62,66,68,72,74,77,78
115004422,2026/01/22,8,13,16,18,20,21,22,26,34,38,43,47,59,62,63,66,68,71,75,78
115004423,2026/01/22,3,5,7,23,24,29,36,37,40,42,47,52,53,54,57,60,62,63,65,78
115004424,2026/01/22,4,8,15,25,26,27,30,32,37,42,46,51,53,56,57,59,63,67,78,80
115004425,2026/01/22,4,7,15,18,19,27,28,29,30,39,46,54,56,58,59,60,72,75,76,80
115004426,2026/01/22,2,14,21,24,25,27,29,30,34,38,42,44,52,65,68,72,73,76,77,78
115004427,2026/01/22,11,13,17,22,24,25,26,29,30,36,38,45,46,52,53,60,61,64,65,69
115004428,2026/01/22,12,14,21,28,29,30,36,42,45,48,50,52,54,62,64,66,71,75,77,78
115004429,2026/01/22,4,5,9,14,32,37,44,50,51,56,57,58,61,62,65,68,72,74,75,80
115004430,2026/01/22,3,11,16,19,26,27,31,32,39,44,49,64,65,66,67,70,74,75,78,79
115004431,2026/01/22,1,2,25,26,30,33,34,43,48,50,52,53,54,55,65,66,67,68,69,77
115004432,2026/01/22,1,2,3,6,10,16,20,21,23,37,39,42,43,50,54,61,63,66,70,79
115004433,2026/01/22,1,4,5,7,8,10,12,17,18,21,22,24,29,44,54,63,66,68,73,76
115004434,2026/01/22,1,2,5,14,17,31,36,38,40,42,45,48,50,52,56,57,60,61,64,66
115004435,2026/01/22,4,9,11,22,25,26,27,29,30,36,37,44,47,49,52,53,58,62,71,73
115004436,2026/01/22,5,6,8,10,17,18,20,22,23,27,36,46,57,58,60,63,70,71,74,79
115004437,2026/01/22,2,6,7,11,14,18,28,32,33,37,43,45,47,49,50,65,69,71,72,74
115004438,2026/01/22,1,3,8,12,20,21,23,25,27,29,30,36,37,38,51,56,60,71,75,80
115004439,2026/01/22,1,5,14,21,29,39,40,50,51,52,55,59,63,65,66,71,72,74,78,80
115004440,2026/01/22,2,7,11,15,16,24,28,32,33,34,35,39,41,47,50,60,71,72,78,79
115004441,2026/01/22,5,7,9,12,13,18,28,31,35,41,42,44,51,61,63,64,70,74,75,80
115004442,2026/01/22,1,4,6,16,18,24,25,27,34,39,40,46,52,56,65,66,69,70,75,80
115004443,2026/01/22,3,4,8,9,14,19,24,36,39,48,51,53,54,55,62,64,65,68,70,74
115004444,2026/01/22,2,3,6,9,27,29,31,32,36,38,54,62,64,66,68,70,71,72,75,80
115004445,2026/01/22,7,8,9,13,16,17,27,30,38,39,40,42,43,44,57,59,62,67,73,76
115004446,2026/01/22,1,10,16,21,22,23,30,34,37,38,40,46,52,56,59,62,70,73,74,78
115004447,2026/01/22,2,7,11,14,22,24,26,28,30,34,35,37,45,48,54,60,64,72,75,77
115004448,2026/01/22,1,2,5,7,27,35,41,42,46,48,50,52,58,60,62,63,70,71,72,79
115004449,2026/01/22,1,4,12,15,21,23,25,29,30,32,46,57,60,61,63,67,68,70,74,77
115004450,2026/01/22,3,13,16,17,20,25,26,28,43,46,48,55,56,57,62,63,68,71,74,75
115004451,2026/01/22,2,9,10,12,14,16,19,23,26,30,36,38,47,54,58,59,63,66,67,79
115004452,2026/01/22,1,10,11,13,14,16,18,21,25,32,48,50,51,56,59,63,64,71,72,73
115004453,2026/01/22,1,3,4,15,16,25,30,31,34,37,40,41,45,48,50,56,59,63,67,73
115004454,2026/01/22,5,6,9,14,16,17,18,19,23,29,42,48,54,61,62,66,72,77,78,80
115004455,2026/01/22,2,5,11,16,18,22,25,28,30,37,44,45,50,53,54,62,69,72,74,79
115004456,2026/01/22,1,11,27,28,31,32,35,49,50,51,54,57,62,64,65,66,69,71,73,75
115004457,2026/01/22,9,11,14,15,16,28,32,33,35,36,39,49,56,66,69,70,72,73,74,77
115004458,2026/01/22,2,7,11,18,24,28,30,31,33,39,41,47,52,57,59,61,64,77,78,80
115004459,2026/01/22,6,10,12,17,22,25,27,28,29,44,46,48,49,52,58,62,64,68,72,73
115004460,2026/01/22,3,4,5,6,10,11,13,16,29,30,42,46,49,50,51,53,69,71,73,76
115004461,2026/01/22,3,6,12,16,18,32,40,43,51,57,58,59,61,65,66,67,70,76,77,80
115004462,2026/01/22,2,6,7,12,17,22,28,31,36,39,41,44,47,53,58,60,62,66,72,76
115004463,2026/01/22,2,4,5,8,9,11,12,24,28,29,31,33,46,48,57,63,69,70,71,76
115004464,2026/01/22,6,9,17,18,25,27,28,30,31,39,41,44,45,48,49,56,65,66,71,76
115004465,2026/01/22,20,21,23,27,29,37,38,39,42,43,45,48,50,51,58,63,70,71,72,77
115004466,2026/01/22,6,9,11,12,16,19,20,21,22,23,25,33,38,44,49,50,58,59,71,78
115004467,2026/01/23,1,4,10,12,26,27,34,36,37,46,48,49,52,55,57,59,60,61,67,74
115004468,2026/01/23,10,11,13,16,18,21,23,24,25,26,27,29,50,52,61,66,70,76,77,80
115004469,2026/01/23,6,11,15,16,17,18,21,26,29,31,36,45,54,56,58,69,74,75,77,79
115004470,2026/01/23,7,16,21,26,27,28,32,40,41,46,48,49,54,58,59,60,65,73,78,80
115004471,2026/01/23,1,12,15,19,20,27,35,36,40,52,57,58,61,64,69,70,72,76,78,80
115004472,2026/01/23,2,3,5,8,9,13,19,28,29,35,41,42,45,53,59,69,70,72,73,74
115004473,2026/01/23,6,8,11,12,13,20,22,24,28,40,43,44,49,50,51,68,71,76,77,79
115004474,2026/01/23,2,8,11,14,15,17,19,22,23,27,31,38,40,44,48,62,63,65,67,80
115004475,2026/01/23,10,12,16,18,26,35,49,51,55,56,57,61,66,67,69,72,73,75,77,79
115004476,2026/01/23,2,4,18,19,24,25,32,34,37,39,42,49,52,53,59,61,62,67,68,80
115004477,2026/01/23,3,4,10,15,22,24,26,28,36,39,41,43,50,52,56,57,65,71,74,80
115004478,2026/01/23,5,9,12,13,14,16,29,30,32,42,59,60,62,63,64,68,69,75,78,80
115004479,2026/01/23,5,6,7,13,14,25,26,28,35,41,42,50,57,58,60,64,69,74,77,79
115004480,2026/01/23,1,2,8,15,25,26,35,41,44,49,52,58,59,65,66,68,70,72,78,80
115004481,2026/01/23,4,8,13,20,21,22,23,24,28,43,46,52,53,57,58,61,65,72,73,79
115004482,2026/01/23,1,4,5,8,9,13,15,17,25,33,41,42,52,56,57,63,72,73,76,79
115004483,2026/01/23,6,8,17,19,20,28,30,31,35,38,40,42,44,52,57,61,64,72,74,75
115004484,2026/01/23,9,10,11,13,16,19,22,24,32,36,42,43,44,50,51,53,55,56,76,80
115004485,2026/01/23,4,12,17,19,22,26,30,32,33,36,37,41,43,46,50,55,56,61,66,80
115004486,2026/01/23,9,16,19,20,21,24,25,27,30,32,40,52,55,59,61,62,63,69,71,72
115004487,2026/01/23,1,2,5,9,11,16,18,21,23,24,25,31,38,40,42,49,53,55,56,65
115004488,2026/01/23,1,6,7,8,12,13,17,18,21,22,24,40,44,58,60,67,69,72,73,75
115004489,2026/01/23,4,6,9,10,18,19,25,27,31,32,34,35,41,47,58,63,67,72,76,78
115004490,2026/01/23,3,7,9,12,17,21,22,25,36,39,40,50,59,60,62,64,72,74,77,78
115004491,2026/01/23,1,14,17,18,28,39,44,47,50,51,55,58,60,61,63,65,69,71,77,80
115004492,2026/01/23,2,3,4,17,18,20,22,29,33,35,37,42,44,45,49,52,63,67,72,75
115004493,2026/01/23,7,12,18,19,25,27,29,30,40,43,46,55,65,67,69,71,72,73,75,80
115004494,2026/01/23,4,5,6,10,17,22,24,25,28,29,37,44,46,50,54,63,69,72,74,78
115004495,2026/01/23,4,9,10,13,18,20,22,25,29,31,39,42,44,45,54,62,65,70,77,78
115004496,2026/01/23,8,16,20,23,27,28,30,35,39,42,50,53,56,61,63,73,75,76,79,80
115004497,2026/01/23,2,10,16,18,19,32,33,34,41,43,47,51,52,53,59,62,67,71,77,78
115004498,2026/01/23,1,5,6,8,13,17,23,24,25,35,37,39,41,49,50,58,61,64,73,76
115004499,2026/01/23,1,2,3,10,12,17,29,35,38,41,53,54,55,60,61,63,65,73,76,78
115004500,2026/01/23,3,4,14,26,29,31,37,39,42,50,54,60,63,67,69,70,73,75,76,78
115004501,2026/01/23,9,16,19,21,22,27,29,35,38,39,40,48,55,59,69,70,71,72,78,79
115004502,2026/01/23,7,11,14,17,18,23,27,32,44,52,57,61,62,67,68,70,73,77,78,80
115004503,2026/01/23,4,7,9,19,21,23,26,28,32,33,36,38,39,43,49,56,60,61,65,73
115004504,2026/01/23,1,5,6,8,10,16,18,21,23,35,37,40,43,44,48,53,59,61,63,70
115004505,2026/01/23,2,9,12,14,15,16,22,34,35,41,43,51,52,53,60,65,67,71,75,76
115004506,2026/01/23,11,13,16,17,28,31,38,39,40,46,47,51,55,57,58,63,65,69,71,79
115004507,2026/01/23,4,5,7,9,15,18,22,26,31,40,42,54,55,58,59,60,66,68,72,79
115004508,2026/01/23,3,5,6,12,13,14,17,22,25,27,33,36,43,44,46,51,56,67,68,69
115004509,2026/01/23,1,2,5,15,24,26,36,37,39,40,41,42,51,55,56,57,58,60,63,78
115004510,2026/01/23,3,4,5,7,11,12,13,14,15,19,22,31,33,36,49,64,69,71,72,73
115004511,2026/01/23,1,6,8,16,19,20,21,23,28,38,43,44,48,52,53,61,71,73,75,80
115004512,2026/01/23,7,10,11,13,15,17,25,36,44,46,52,54,56,57,58,59,60,65,73,77
115004513,2026/01/23,11,14,17,19,25,26,27,33,41,48,50,54,57,67,70,71,72,76,77,80
115004514,2026/01/23,3,5,14,17,21,22,36,37,38,40,43,49,52,56,57,59,62,71,72,77
115004515,2026/01/23,7,9,14,17,18,19,25,28,36,37,54,58,62,63,67,70,71,72,77,79
115004516,2026/01/23,1,13,17,22,26,27,28,35,42,44,45,46,57,59,61,70,71,74,78,79
115004517,2026/01/23,6,10,11,24,28,31,32,37,38,41,45,46,47,48,63,64,69,70,74,77
115004518,2026/01/23,6,8,9,18,25,26,29,33,41,49,51,54,55,57,63,64,69,70,76,77
115004519,2026/01/23,1,8,11,12,19,20,21,25,29,33,38,39,45,50,55,62,67,69,71,80
115004520,2026/01/23,3,4,11,12,13,17,20,21,30,39,44,51,53,56,58,61,65,70,76,77
115004521,2026/01/23,2,7,9,10,13,15,16,20,23,24,33,37,40,46,60,62,64,69,71,74
115004522,2026/01/23,8,11,15,16,24,25,27,28,30,37,43,44,45,49,56,63,75,76,77,80
115004523,2026/01/23,3,6,7,8,14,19,22,26,30,36,56,58,59,62,68,75,76,77,79,80
115004524,2026/01/23,2,5,8,14,16,17,25,28,31,40,44,45,47,48,52,63,66,69,74,76
115004525,2026/01/23,1,2,3,19,30,31,35,36,37,39,42,44,49,54,55,61,62,71,77,80
115004526,2026/01/23,2,8,13,14,16,20,24,25,28,35,36,40,52,60,61,62,66,67,69,72
115004527,2026/01/23,8,15,19,21,25,27,30,33,40,45,48,57,60,63,64,73,74,75,76,80
115004528,2026/01/23,5,7,8,12,14,17,23,26,30,31,32,39,40,42,53,60,68,75,78,80
115004529,2026/01/23,2,5,10,11,13,17,19,24,26,27,30,32,34,35,45,50,54,59,66,78
115004530,2026/01/23,1,9,10,14,20,25,33,34,45,47,54,58,64,66,69,71,74,75,76,77
115004531,2026/01/23,5,6,10,14,15,19,24,26,30,31,34,41,51,52,59,64,66,70,74,80
115004532,2026/01/23,4,5,12,14,15,17,23,28,29,30,38,47,48,55,56,57,58,59,66,78
115004533,2026/01/23,8,10,16,20,34,35,36,39,40,41,43,54,55,56,58,63,66,68,69,79
115004534,2026/01/23,1,3,5,10,16,18,22,25,26,38,39,40,48,57,62,66,69,72,73,78
115004535,2026/01/23,3,6,10,18,20,21,25,32,35,36,40,41,48,50,51,58,59,61,62,69
115004536,2026/01/23,6,8,11,17,19,20,21,33,34,36,37,39,51,53,54,55,65,70,76,78
115004537,2026/01/23,4,6,9,14,19,20,21,24,27,28,35,37,42,43,45,47,52,59,71,78
115004538,2026/01/23,7,8,22,24,27,28,32,35,36,42,51,52,53,54,60,61,67,69,74,75
115004539,2026/01/23,1,2,5,7,12,13,19,20,27,30,33,40,44,48,53,54,57,60,66,78
115004540,2026/01/23,2,5,6,14,18,19,22,23,26,30,36,37,40,50,59,72,73,76,78,80
115004541,2026/01/23,2,5,10,16,17,24,27,34,36,38,41,45,54,55,58,60,62,64,71,74
115004542,2026/01/23,5,6,21,24,28,29,33,34,36,39,40,41,43,52,54,55,64,66,69,75
115004543,2026/01/23,2,5,10,12,14,15,16,17,24,30,31,34,38,40,45,52,53,64,71,78
115004544,2026/01/23,8,9,15,21,23,28,35,40,44,46,55,58,62,63,65,66,68,69,71,74
115004545,2026/01/23,4,8,11,12,18,20,21,29,31,38,40,41,49,54,56,58,59,63,77,78
115004546,2026/01/23,7,13,17,26,28,46,48,50,52,53,56,60,65,66,68,71,73,75,78,80
115004547,2026/01/23,2,5,6,9,13,23,25,30,33,35,36,38,39,47,50,58,61,63,72,76
115004548,2026/01/23,6,9,12,16,20,22,29,31,37,57,58,60,61,63,65,66,68,69,72,73
115004549,2026/01/23,11,19,22,23,24,25,30,33,43,44,52,55,57,61,62,64,68,70,74,76
115004550,2026/01/23,1,2,8,10,12,27,29,32,37,43,53,54,55,58,64,66,67,72,74,75
115004551,2026/01/23,1,2,8,11,13,18,20,26,29,33,36,49,51,57,59,61,74,75,79,80
115004552,2026/01/23,1,14,18,22,24,27,28,29,30,34,41,50,54,55,58,59,66,67,68,74
115004553,2026/01/23,1,2,6,10,11,13,17,20,43,45,56,58,59,60,62,63,64,71,73,79
115004554,2026/01/23,3,4,5,6,13,15,17,26,32,45,46,48,50,52,54,55,59,69,79,80
115004555,2026/01/23,2,9,17,23,24,28,29,30,32,34,41,42,48,55,56,57,58,61,66,76
115004556,2026/01/23,3,7,10,11,12,19,23,24,26,27,46,47,51,54,61,66,67,68,72,79
115004557,2026/01/23,1,4,5,8,12,14,16,20,22,30,36,44,46,69,71,73,75,77,79,80
115004558,2026/01/23,2,5,6,7,8,11,14,21,27,36,37,51,52,53,56,62,66,72,79,80
115004559,2026/01/23,1,6,8,11,27,30,31,38,42,46,47,48,54,58,64,67,68,74,76,79
115004560,2026/01/23,10,16,17,23,27,31,36,37,40,41,45,51,52,55,60,62,70,75,77,78
115004561,2026/01/23,2,4,8,19,26,28,29,31,35,41,42,53,55,57,63,66,67,71,74,77
115004562,2026/01/23,7,13,15,19,34,37,40,44,45,48,49,51,57,59,62,68,69,71,76,79
115004563,2026/01/23,1,2,4,6,17,21,23,28,34,42,43,44,45,48,50,61,63,67,70,74
115004564,2026/01/23,2,7,12,20,22,29,31,32,34,35,38,41,43,44,47,48,58,66,76,77
115004565,2026/01/23,1,13,17,21,22,25,28,37,38,40,42,56,57,59,66,67,69,71,75,79
115004566,2026/01/23,4,10,12,13,14,19,23,25,26,28,35,39,47,54,56,62,64,72,73,74
115004567,2026/01/23,4,5,13,15,17,18,19,21,23,25,28,37,43,47,52,55,56,58,65,68
115004568,2026/01/23,2,3,5,6,7,39,41,44,45,46,48,49,53,54,58,61,65,70,71,78
115004569,2026/01/23,1,6,11,12,13,16,20,26,31,37,52,55,58,59,62,64,65,72,74,78
115004570,2026/01/23,6,7,12,15,16,18,24,26,30,33,39,43,47,48,52,61,69,74,75,78
115004571,2026/01/23,2,3,10,11,16,18,19,20,22,24,34,43,52,53,58,63,65,68,77,79
115004572,2026/01/23,2,5,7,11,13,16,21,27,34,35,40,42,48,49,50,54,61,67,74,77
115004573,2026/01/23,8,13,16,18,19,20,21,27,33,39,42,44,52,60,62,63,69,70,72,77
115004574,2026/01/23,11,12,15,16,18,20,23,35,47,48,54,62,63,66,68,69,72,73,75,80
115004575,2026/01/23,5,7,13,16,17,20,24,25,30,31,34,35,36,42,53,54,55,65,68,75
115004576,2026/01/23,3,7,13,14,16,25,28,36,38,39,40,41,44,49,55,59,63,67,77,80
115004577,2026/01/23,4,11,19,20,23,28,32,33,41,43,54,55,56,57,61,65,68,71,72,78
115004578,2026/01/23,3,5,6,7,13,18,20,23,26,28,30,38,47,53,54,55,63,70,72,74
115004579,2026/01/23,13,21,26,27,31,35,37,41,43,48,51,53,55,57,58,61,63,64,76,78
115004580,2026/01/23,2,3,11,12,15,23,26,28,29,35,38,39,45,52,53,54,57,59,66,72
115004581,2026/01/23,12,19,20,23,28,32,35,41,43,46,48,57,58,64,65,67,69,70,74,78
115004582,2026/01/23,10,13,16,22,24,30,35,40,42,43,50,58,60,63,68,69,73,76,77,78
115004583,2026/01/23,11,12,15,28,29,32,39,43,46,48,50,54,55,56,58,62,64,74,75,79
115004584,2026/01/23,2,17,19,24,27,30,31,41,42,45,47,48,53,58,65,66,69,71,74,78
115004585,2026/01/23,3,5,7,13,14,18,24,27,31,38,39,42,48,51,54,63,64,66,69,77
115004586,2026/01/23,1,5,10,11,16,22,23,24,26,28,29,31,36,40,41,45,48,50,58,68
115004587,2026/01/23,5,6,10,11,21,23,27,29,30,33,36,43,45,50,59,64,67,69,76,80
115004588,2026/01/23,2,8,9,10,15,16,32,34,35,41,46,48,49,55,59,67,69,74,79,80
115004589,2026/01/23,2,4,6,9,14,15,16,20,25,29,35,43,44,52,58,59,65,72,73,75
115004590,2026/01/23,2,5,6,12,14,16,24,26,28,37,44,46,51,58,59,61,65,70,71,77
115004591,2026/01/23,3,7,18,22,26,30,31,32,36,38,45,46,51,52,62,66,67,68,71,73
115004592,2026/01/23,2,3,6,9,12,16,21,23,28,31,35,36,44,49,54,55,58,62,67,70
115004593,2026/01/23,4,7,13,20,26,32,36,40,46,48,52,53,55,56,57,59,65,69,73,79
115004594,2026/01/23,2,5,10,11,13,14,15,16,26,32,37,40,45,47,54,59,63,71,74,79
115004595,2026/01/23,1,10,17,20,25,33,36,40,41,43,46,52,54,58,62,64,70,78,79,80
115004596,2026/01/23,1,5,7,11,14,15,18,20,24,26,27,31,33,37,47,55,62,71,75,78
115004597,2026/01/23,5,7,8,9,15,20,27,36,37,38,40,43,49,57,58,60,61,62,67,72
115004598,2026/01/23,5,6,13,14,18,20,24,25,32,33,34,36,37,42,45,47,53,57,71,74
115004599,2026/01/23,3,7,10,11,14,16,22,24,26,27,29,33,43,50,56,57,59,62,71,76
115004600,2026/01/23,5,6,7,9,11,17,23,25,26,34,48,54,58,60,61,62,65,67,73,77
115004601,2026/01/23,7,17,18,20,21,23,32,34,35,43,44,49,56,57,58,62,68,69,75,78
115004602,2026/01/23,1,4,5,8,10,22,27,34,36,37,40,42,47,48,52,67,71,74,76,77
115004603,2026/01/23,3,8,11,18,23,30,34,37,38,46,47,50,51,54,56,62,66,68,72,73
115004604,2026/01/23,3,4,7,22,25,30,43,44,46,51,52,55,59,60,63,68,70,71,73,78
115004605,2026/01/23,1,2,11,12,16,17,26,27,30,33,36,37,40,46,52,56,58,59,62,77
115004606,2026/01/23,4,13,14,22,24,30,35,36,37,38,40,41,49,53,54,58,62,63,79,80
115004607,2026/01/23,7,10,15,16,17,23,24,27,33,34,36,37,45,48,51,55,70,72,76,80
115004608,2026/01/23,11,12,13,22,24,28,45,46,54,56,57,58,61,65,67,72,75,76,79,80
115004609,2026/01/23,1,2,4,5,12,20,21,24,27,33,46,53,54,60,62,68,71,74,75,76
115004610,2026/01/23,3,5,6,9,21,24,25,29,32,33,34,36,38,48,55,60,62,64,67,75
115004611,2026/01/23,4,5,7,17,19,26,32,38,40,46,48,50,52,53,55,58,66,70,75,79
115004612,2026/01/23,3,7,8,17,20,29,31,35,37,39,43,46,48,50,57,64,65,68,71,72
115004613,2026/01/23,1,2,4,12,29,30,38,42,44,50,54,57,58,60,62,65,74,75,77,79
115004614,2026/01/23,2,6,11,14,17,19,20,23,26,27,35,42,44,49,52,56,58,60,66,79
115004615,2026/01/23,3,6,8,9,14,25,29,31,35,37,42,44,46,57,63,64,69,72,76,77
115004616,2026/01/23,1,2,6,15,16,18,21,24,25,35,42,51,53,58,62,63,64,71,75,78
115004617,2026/01/23,2,7,18,20,28,30,31,37,39,40,42,43,45,48,53,59,68,71,76,78
115004618,2026/01/23,1,5,14,15,17,20,21,24,28,40,46,48,49,51,54,58,66,67,72,75
115004619,2026/01/23,11,12,13,22,25,27,32,34,36,37,44,46,55,56,64,66,68,73,74,75
115004620,2026/01/23,2,3,7,12,16,19,20,26,29,30,32,33,40,60,62,64,65,70,75,76
115004621,2026/01/23,5,10,11,15,21,22,23,25,27,33,36,50,52,54,55,60,61,62,66,77
115004622,2026/01/23,4,6,7,9,10,15,16,18,22,24,28,34,41,42,44,48,64,66,72,79
115004623,2026/01/23,5,7,16,19,25,28,30,34,40,41,42,45,54,60,62,65,66,73,79,80
115004624,2026/01/23,1,6,10,12,13,15,20,24,31,43,44,53,56,59,61,62,68,69,78,79
115004625,2026/01/23,4,7,12,18,21,23,27,36,38,46,47,49,54,62,63,64,65,74,77,79
115004626,2026/01/23,8,13,20,24,25,29,30,33,35,36,40,45,49,52,65,67,70,72,73,75
115004627,2026/01/23,8,9,20,29,35,37,38,42,44,50,54,55,59,63,64,68,69,70,72,80
115004628,2026/01/23,1,3,4,7,12,14,19,21,25,33,42,43,44,47,48,57,61,67,78,79
115004629,2026/01/23,9,12,13,15,19,32,41,44,45,46,50,51,58,59,65,66,67,69,73,78
115004630,2026/01/23,1,3,11,13,15,33,36,37,40,42,43,46,52,55,56,61,71,76,77,79
115004631,2026/01/23,1,7,8,19,22,26,30,44,45,48,49,50,53,57,64,68,70,75,76,79
115004632,2026/01/23,3,10,13,18,19,20,21,30,35,39,42,48,49,51,54,59,68,69,79,80
115004633,2026/01/23,1,6,7,9,14,20,21,25,31,33,38,48,53,55,61,62,63,65,71,80
115004634,2026/01/23,23,30,33,35,36,41,43,46,47,50,57,60,61,66,67,68,73,74,75,77
115004635,2026/01/23,10,17,20,22,23,24,26,36,42,44,45,47,53,59,70,72,73,75,79,80
115004636,2026/01/23,4,5,6,7,11,14,16,24,36,40,46,53,57,59,61,64,70,75,76,80
115004637,2026/01/23,1,6,10,11,13,15,22,23,24,33,46,47,52,53,62,65,69,71,73,80
115004638,2026/01/23,14,16,22,24,25,33,36,41,45,46,51,52,54,60,62,64,66,69,75,78
115004639,2026/01/23,3,4,5,8,16,18,21,26,32,33,34,35,46,49,53,54,56,65,71,76
115004640,2026/01/23,1,2,14,21,24,27,35,36,37,38,47,51,53,56,63,67,71,73,76,78
115004641,2026/01/23,3,6,8,15,16,23,27,31,39,45,51,54,55,65,66,68,70,71,74,75
115004642,2026/01/23,2,4,7,10,13,15,17,23,28,32,43,44,46,54,65,69,71,73,75,79
115004643,2026/01/23,4,11,21,24,27,30,39,41,42,43,47,50,53,55,57,63,68,70,75,77
115004644,2026/01/23,2,6,9,16,21,26,28,29,35,37,41,52,58,60,70,72,73,74,78,80
115004645,2026/01/23,2,3,16,23,24,25,28,31,40,41,44,45,48,53,55,58,64,71,78,79
115004646,2026/01/23,3,4,6,9,11,13,17,22,27,32,35,39,40,43,44,50,54,65,68,77
115004647,2026/01/23,6,9,14,33,36,37,40,41,46,49,50,51,52,53,55,60,65,72,77,79
115004648,2026/01/23,12,15,17,18,20,21,22,23,25,31,33,43,46,48,55,58,60,63,69,79
115004649,2026/01/23,3,6,14,15,19,21,23,24,30,34,42,45,46,51,63,66,67,69,75,76
115004650,2026/01/23,5,16,17,19,20,37,43,45,48,50,58,61,62,63,68,71,74,75,78,79
115004651,2026/01/23,6,8,10,13,16,26,27,32,36,38,42,43,44,51,54,56,57,66,77,79
115004652,2026/01/23,2,4,5,10,19,21,28,34,38,40,42,44,51,59,63,67,68,69,72,79
115004653,2026/01/23,11,14,18,20,27,36,46,47,48,49,51,52,55,57,62,65,73,76,77,78
115004654,2026/01/23,9,11,14,19,20,22,26,28,34,40,43,45,46,55,58,63,66,67,74,80
115004655,2026/01/23,3,11,12,15,17,21,23,27,29,30,32,35,43,51,58,61,64,69,74,78
115004656,2026/01/23,1,2,3,5,6,11,16,18,26,27,30,38,51,59,60,63,64,65,74,76
115004657,2026/01/23,1,2,3,4,10,13,22,25,29,36,37,39,40,50,52,67,71,78,79,80
115004658,2026/01/23,5,10,12,13,19,22,23,27,31,41,44,49,50,51,57,59,60,61,65,70
115004659,2026/01/23,6,7,12,14,16,23,24,26,29,33,43,45,46,48,51,54,62,69,74,80
115004660,2026/01/23,1,7,11,16,17,23,24,41,42,47,48,53,54,59,63,66,68,69,75,77
115004661,2026/01/23,3,4,9,16,23,27,32,33,35,36,39,41,42,44,49,50,55,66,72,74
115004662,2026/01/23,7,20,23,25,26,28,29,30,32,33,34,36,38,48,55,60,62,63,65,78
115004663,2026/01/23,1,4,7,11,15,18,22,23,25,30,44,45,46,48,59,61,64,67,74,80
115004664,2026/01/23,2,8,17,19,22,23,24,28,32,34,35,40,42,43,57,63,66,67,74,79
115004665,2026/01/23,1,10,12,19,23,28,35,39,42,44,47,52,54,60,62,66,71,72,73,80
115004666,2026/01/23,7,10,12,14,20,24,25,27,34,35,39,40,52,57,60,63,64,74,77,78
115004667,2026/01/23,1,3,6,15,17,19,23,27,31,34,36,37,45,49,54,58,60,73,74,77
115004668,2026/01/23,4,13,17,20,21,25,32,35,37,38,40,41,48,49,55,64,67,69,71,74
115004669,2026/01/23,8,23,30,34,36,44,46,48,50,60,63,64,65,66,69,70,71,72,73,78
115004670,2026/01/24,5,9,10,15,18,23,26,35,36,37,39,42,44,48,53,58,66,73,75,79
115004671,2026/01/24,1,9,10,14,23,30,32,35,36,37,41,43,51,59,60,65,73,75,78,79
115004672,2026/01/24,3,4,6,11,14,19,24,27,29,31,42,44,45,50,51,66,68,76,78,79
115004673,2026/01/24,2,4,11,13,16,21,22,26,28,35,43,48,50,59,67,69,71,72,74,77
115004674,2026/01/24,1,3,4,8,12,17,18,20,25,26,35,38,50,55,60,61,65,69,71,77
115004675,2026/01/24,5,9,13,22,23,24,27,30,31,32,41,42,47,50,56,62,63,66,75,79
115004676,2026/01/24,7,12,13,14,15,27,29,33,38,39,41,42,44,45,46,57,58,59,71,80
115004677,2026/01/24,6,8,9,12,13,15,17,23,25,26,28,50,52,54,60,61,63,66,71,80
115004678,2026/01/24,6,13,14,18,20,22,26,27,31,38,39,42,44,52,58,64,72,74,77,79
115004679,2026/01/24,5,11,27,28,29,30,32,39,42,45,46,62,64,66,70,71,72,75,76,78
115004680,2026/01/24,3,6,7,18,34,35,36,37,38,45,47,53,54,56,58,71,73,75,76,80
115004681,2026/01/24,5,7,10,11,15,23,24,28,43,45,51,52,54,57,65,68,70,72,76,80
115004682,2026/01/24,1,4,11,16,19,23,25,33,40,44,57,58,60,64,65,66,74,76,77,80
115004683,2026/01/24,3,9,10,13,35,38,39,40,43,46,48,51,52,53,62,64,66,69,78,79
115004684,2026/01/24,2,6,9,10,12,15,21,26,28,30,35,36,39,42,49,53,57,58,69,79
115004685,2026/01/24,1,11,19,21,22,23,30,32,36,37,44,46,54,57,61,62,63,70,73,74
115004686,2026/01/24,4,6,9,10,16,17,25,26,32,35,38,39,44,45,47,59,61,62,63,77
115004687,2026/01/24,3,7,10,14,15,21,24,28,34,38,40,46,50,53,54,60,61,62,64,73
115004688,2026/01/24,3,6,13,14,16,21,23,24,26,33,39,40,42,44,58,61,65,70,74,79
115004689,2026/01/24,1,8,9,11,26,27,33,34,42,44,49,51,52,59,62,63,65,72,78,79
115004690,2026/01/24,6,9,14,18,19,22,23,26,30,33,34,39,43,46,48,51,52,61,69,72
115004691,2026/01/24,2,4,6,17,18,19,21,22,27,28,39,56,57,59,63,64,67,68,69,71
115004692,2026/01/24,5,7,8,11,18,20,21,41,42,46,49,52,53,56,57,58,66,67,72,80
115004693,2026/01/24,4,16,17,19,27,30,38,39,42,45,48,50,51,54,56,58,61,65,66,71
115004694,2026/01/24,2,10,17,18,19,20,25,33,34,38,39,44,47,50,56,59,61,62,77,79
115004695,2026/01/24,7,12,13,17,19,21,24,25,26,39,40,41,42,46,49,50,56,60,68,78
115004696,2026/01/24,15,16,20,23,27,36,37,38,41,43,45,49,51,53,60,68,70,75,76,80
115004697,2026/01/24,1,4,6,9,13,17,18,20,21,22,38,40,41,43,59,64,70,72,73,80
115004698,2026/01/24,1,2,3,6,19,20,21,26,34,37,43,44,45,50,54,59,68,71,75,76
115004699,2026/01/24,3,5,12,19,23,24,25,31,33,39,43,45,51,55,56,63,72,73,76,78
115004700,2026/01/24,4,6,9,11,14,19,20,22,33,37,38,46,49,57,61,64,68,72,76,79
115004701,2026/01/24,4,6,10,12,15,20,21,29,33,37,38,42,48,50,53,60,65,67,69,72
115004702,2026/01/24,1,4,5,9,12,18,21,27,29,34,39,42,49,53,54,60,66,67,69,79
115004703,2026/01/24,4,6,8,11,12,15,16,31,34,38,45,54,55,58,59,60,62,70,72,77
115004704,2026/01/24,8,10,11,15,17,19,21,39,40,42,44,49,50,51,53,56,62,70,74,80
115004705,2026/01/24,6,22,24,26,28,31,32,33,42,51,52,57,61,64,67,70,71,72,76,78
115004706,2026/01/24,3,19,26,28,29,31,41,44,46,47,48,49,53,55,59,60,62,75,79,80
115004707,2026/01/24,15,18,19,23,28,32,36,38,42,44,45,46,52,55,59,63,65,72,73,75
115004708,2026/01/24,4,6,12,15,16,17,22,24,32,50,56,58,63,64,66,67,68,72,73,75
115004709,2026/01/24,5,11,12,22,24,28,41,43,46,49,51,53,56,59,60,62,63,65,77,80
115004710,2026/01/24,3,6,7,10,11,12,13,23,28,32,33,35,54,55,63,65,70,74,76,77
115004711,2026/01/24,4,7,11,12,14,15,16,24,28,33,35,39,40,42,44,58,59,60,61,78
115004712,2026/01/24,8,9,11,12,21,31,33,34,36,44,49,58,59,62,63,65,74,77,78,80
115004713,2026/01/24,2,5,8,12,13,14,16,17,26,28,30,44,46,49,50,55,58,65,66,67
115004714,2026/01/24,6,14,16,17,20,22,24,28,29,30,31,33,38,48,51,59,67,68,70,78
115004715,2026/01/24,1,2,3,7,9,15,16,17,26,27,33,40,41,48,50,63,65,72,73,78
115004716,2026/01/24,4,6,10,11,12,20,21,23,27,32,34,38,44,48,53,54,61,68,71,72
115004717,2026/01/24,2,5,6,8,9,16,19,24,25,27,29,38,40,48,49,51,52,54,56,59
115004718,2026/01/24,11,14,21,22,23,28,39,40,45,48,50,51,55,59,64,67,69,70,71,77
115004719,2026/01/24,3,5,7,9,18,25,28,38,39,43,47,50,54,59,60,66,69,70,73,80
115004720,2026/01/24,1,4,5,9,19,20,27,29,33,42,44,48,49,51,57,59,72,75,77,79
115004721,2026/01/24,8,10,11,22,26,27,33,40,43,50,51,58,60,61,64,69,74,76,78,80
115004722,2026/01/24,2,5,6,10,21,24,30,35,38,45,52,53,57,62,63,68,70,73,78,80
115004723,2026/01/24,3,6,12,13,24,26,27,29,34,35,39,40,44,54,56,64,72,73,77,80
115004724,2026/01/24,3,6,13,14,18,19,22,23,25,30,34,40,43,44,50,60,61,67,68,79
115004725,2026/01/24,1,8,9,10,20,21,25,29,36,37,48,49,56,61,65,66,73,75,78,80
115004726,2026/01/24,2,3,5,12,13,23,31,32,42,45,47,48,49,57,65,67,68,72,78,79
115004727,2026/01/24,3,18,22,23,27,30,31,34,41,47,51,59,64,65,67,69,70,71,79,80
115004728,2026/01/24,4,7,14,16,18,19,21,28,29,33,37,39,50,60,67,68,69,75,77,78
115004729,2026/01/24,2,4,8,11,14,29,30,32,33,36,42,43,48,49,53,62,66,75,76,78
115004730,2026/01/24,4,24,25,27,33,34,38,43,45,47,51,53,54,56,60,62,71,74,78,79
115004731,2026/01/24,2,3,4,7,11,13,14,15,23,25,30,33,34,35,45,57,65,66,69,77
115004732,2026/01/24,1,4,7,11,12,19,20,23,24,33,34,36,37,40,43,47,59,60,65,76
115004733,2026/01/24,7,14,16,19,22,27,28,33,35,40,47,48,53,54,57,59,60,63,64,70
115004734,2026/01/24,4,8,12,13,21,23,25,26,33,34,40,44,45,46,50,52,55,63,76,78
115004735,2026/01/24,1,6,7,11,14,15,18,28,35,37,38,39,41,43,48,55,57,66,73,79
115004736,2026/01/24,4,11,18,19,23,24,28,38,44,47,55,59,61,67,68,71,73,75,76,78
115004737,2026/01/24,5,6,7,8,10,12,14,20,21,28,31,34,40,41,50,63,70,71,74,79
115004738,2026/01/24,1,5,8,12,14,16,18,30,35,37,40,42,47,51,54,55,61,62,66,68
115004739,2026/01/24,1,10,11,12,13,16,25,27,28,29,32,36,42,51,58,60,64,69,71,78
115004740,2026/01/24,2,4,11,22,26,27,31,33,35,38,39,40,41,48,50,55,57,60,68,69
115004741,2026/01/24,1,8,35,36,40,49,51,52,53,54,57,66,67,69,71,73,74,75,77,79
115004742,2026/01/24,6,10,21,26,34,39,48,50,51,55,58,59,63,64,68,72,73,76,78,80
115004743,2026/01/24,3,4,6,9,14,15,19,21,27,32,35,37,41,42,49,50,55,56,59,78
115004744,2026/01/24,1,10,11,15,27,30,32,34,37,39,43,46,52,53,56,62,64,67,73,76
115004745,2026/01/24,1,2,8,12,15,19,22,24,27,30,31,32,37,43,50,54,61,65,66,78
115004746,2026/01/24,2,6,9,11,18,19,27,33,36,42,44,45,48,50,51,55,62,69,76,79
115004747,2026/01/24,1,3,7,17,20,21,25,33,34,36,44,46,50,56,63,67,71,75,77,80
115004748,2026/01/24,1,8,12,16,18,26,33,38,39,44,48,50,52,54,61,68,72,77,78,79
115004749,2026/01/24,5,7,9,11,12,17,19,20,22,33,41,49,50,55,56,62,72,73,75,79
115004750,2026/01/24,9,10,12,27,31,33,36,37,38,43,46,47,49,52,58,62,63,69,70,75
115004751,2026/01/24,1,2,5,9,10,14,17,24,41,42,50,56,59,64,67,70,71,72,77,79
115004752,2026/01/24,3,6,16,20,21,22,26,28,29,41,46,50,55,58,63,65,70,71,76,77
115004753,2026/01/24,2,5,6,15,18,21,23,37,38,43,44,45,47,50,56,57,66,67,74,79
115004754,2026/01/24,8,12,14,15,17,23,26,28,32,33,43,44,51,52,53,58,63,67,71,72
115004755,2026/01/24,11,14,27,29,32,34,41,43,52,53,56,57,58,59,62,67,70,75,77,78
115004756,2026/01/24,1,7,10,17,18,36,43,44,45,46,48,52,53,56,57,58,63,66,67,76
115004757,2026/01/24,1,2,9,13,15,19,21,33,34,35,38,47,51,54,61,63,64,72,74,75
115004758,2026/01/24,1,5,6,8,13,16,20,23,30,35,40,46,53,54,58,60,63,64,69,73
115004759,2026/01/24,3,6,9,14,17,34,39,45,47,48,49,50,52,53,57,62,65,66,70,78
115004760,2026/01/24,3,4,12,15,18,19,23,26,27,38,39,41,42,45,47,59,62,68,75,79
115004761,2026/01/24,1,4,6,8,15,17,18,24,26,28,32,33,40,41,46,54,57,71,75,80
115004762,2026/01/24,10,24,25,27,36,37,38,39,40,47,51,53,57,58,63,64,65,70,74,78
115004763,2026/01/24,2,8,19,20,22,28,33,34,42,43,44,46,48,50,56,61,64,72,73,75
115004764,2026/01/24,2,3,6,15,20,22,26,38,39,42,43,47,52,55,56,57,60,61,66,73
115004765,2026/01/24,7,8,23,29,32,37,44,46,50,52,53,54,58,65,66,67,72,75,78,80
115004766,2026/01/24,3,8,17,21,24,26,33,36,40,42,43,46,56,59,61,63,70,73,75,79
115004767,2026/01/24,2,7,10,12,17,20,26,31,32,33,34,37,43,44,49,58,61,65,77,79
115004768,2026/01/24,1,2,6,13,15,24,34,41,46,47,55,56,60,63,66,70,71,74,75,80
115004769,2026/01/24,4,6,12,14,27,39,43,50,56,61,63,67,68,69,72,73,75,77,78,79
115004770,2026/01/24,3,6,13,14,16,17,18,22,35,38,40,42,47,48,49,69,70,72,75,79
115004771,2026/01/24,8,14,17,18,20,21,22,25,28,30,31,38,52,56,58,69,72,77,78,79
115004772,2026/01/24,9,12,17,21,29,30,35,40,45,49,52,55,57,58,63,67,68,69,74,80
115004773,2026/01/24,12,15,17,21,23,27,32,37,41,42,44,46,47,48,59,63,70,73,78,80
115004774,2026/01/24,3,6,12,16,20,23,25,32,34,36,37,38,40,52,54,69,71,76,77,79
115004775,2026/01/24,5,7,14,19,21,33,34,39,40,44,46,48,51,54,57,66,69,71,72,74
115004776,2026/01/24,6,9,19,20,30,31,33,34,37,38,43,44,46,50,60,61,70,71,75,76
115004777,2026/01/24,15,18,19,25,26,29,34,38,39,41,42,46,48,51,55,57,66,67,68,72
115004778,2026/01/24,1,16,17,23,33,34,39,41,58,59,62,69,70,72,73,74,75,76,78,79
115004779,2026/01/24,8,13,14,20,23,27,28,33,37,42,51,53,55,56,57,59,61,68,73,80
115004780,2026/01/24,3,23,24,25,30,38,39,40,46,50,55,61,62,63,67,68,71,75,76,78
115004781,2026/01/24,11,16,24,29,30,32,43,45,48,59,63,64,67,68,75,76,77,78,79,80
115004782,2026/01/24,5,6,7,10,13,18,19,20,24,26,48,49,52,53,60,63,66,75,78,80
115004783,2026/01/24,1,2,6,10,11,19,27,32,36,39,40,48,49,50,53,59,63,66,75,76
115004784,2026/01/24,3,10,21,24,28,31,35,38,43,47,49,50,52,57,62,64,66,70,72,78
115004785,2026/01/24,9,11,20,23,25,28,30,33,39,40,43,47,50,52,57,59,70,72,73,79
115004786,2026/01/24,10,11,20,23,24,26,27,28,29,30,34,35,36,41,51,53,67,70,77,79
115004787,2026/01/24,1,9,11,13,14,19,23,28,40,41,48,50,53,57,58,61,66,67,75,79
115004788,2026/01/24,7,9,10,12,14,15,17,20,22,23,24,42,43,44,45,54,57,61,63,76
115004789,2026/01/24,8,22,24,31,37,38,39,49,50,51,54,55,57,62,63,65,72,75,78,80
115004790,2026/01/24,6,7,9,12,14,20,22,25,30,41,42,51,53,60,62,66,72,73,74,76
115004791,2026/01/24,1,2,9,13,22,24,25,28,30,32,38,39,40,45,46,49,55,67,79,80
115004792,2026/01/24,1,2,3,4,9,13,14,17,21,28,35,39,44,51,52,66,69,70,74,77
115004793,2026/01/24,2,4,8,12,14,15,23,25,28,29,35,39,49,53,59,61,67,71,74,79
115004794,2026/01/24,2,6,7,10,14,19,20,26,31,34,35,42,43,44,46,50,56,58,63,77
115004795,2026/01/24,4,10,15,25,30,32,38,39,40,41,44,47,50,51,56,59,68,72,73,77
115004796,2026/01/24,3,6,7,9,10,22,27,32,34,35,47,50,51,52,58,67,69,72,74,80
115004797,2026/01/24,1,5,6,13,19,22,25,27,30,31,32,35,40,41,53,62,65,70,76,80
115004798,2026/01/24,1,7,11,12,14,17,18,20,31,32,33,45,46,47,63,66,68,71,77,80
115004799,2026/01/24,4,6,7,9,16,19,24,30,40,44,50,54,59,65,67,71,73,74,75,77
115004800,2026/01/24,4,16,21,23,26,27,28,31,33,45,48,49,52,56,59,60,66,73,76,78
115004801,2026/01/24,7,9,12,16,18,22,25,26,31,41,44,45,54,57,58,59,60,65,71,74
115004802,2026/01/24,4,5,13,16,26,31,32,35,36,39,42,45,48,49,53,55,57,59,63,72
115004803,2026/01/24,1,13,16,17,18,20,23,24,25,29,33,39,42,44,50,52,57,70,71,79
115004804,2026/01/24,1,8,10,11,13,14,15,16,24,25,28,30,33,39,42,44,46,61,64,80
115004805,2026/01/24,2,3,7,12,15,18,25,32,33,34,35,36,47,52,56,58,63,69,74,80
115004806,2026/01/24,1,3,4,9,11,16,19,24,28,30,32,34,43,44,49,53,55,71,72,80
115004807,2026/01/24,1,2,5,7,9,13,27,28,30,35,40,42,44,48,49,51,53,62,74,75
115004808,2026/01/24,2,5,7,17,19,26,31,37,41,45,49,54,55,59,60,62,69,72,74,80
115004809,2026/01/24,2,3,14,17,18,22,23,26,27,36,42,47,52,54,57,65,66,70,75,79
115004810,2026/01/24,4,6,9,10,14,30,31,40,42,48,50,51,52,54,57,58,61,68,70,79
115004811,2026/01/24,1,17,25,27,29,33,39,43,45,48,50,54,57,58,60,61,62,70,76,80
115004812,2026/01/24,1,2,7,11,16,18,22,29,36,37,39,40,59,60,66,67,68,71,75,78
115004813,2026/01/24,1,3,11,15,21,24,29,31,39,47,51,53,58,60,63,67,69,72,76,80
115004814,2026/01/24,2,14,17,21,30,31,32,33,34,35,41,47,56,58,59,63,66,71,72,77
115004815,2026/01/24,14,15,19,20,22,24,32,35,37,38,42,45,48,57,58,63,64,70,71,77
115004816,2026/01/24,4,10,16,18,21,23,27,32,38,48,49,51,59,60,68,71,73,75,77,78
115004817,2026/01/24,3,7,9,10,14,17,20,29,30,50,51,52,53,56,69,70,73,74,75,77
115004818,2026/01/24,2,12,15,20,24,26,27,29,33,41,50,56,57,58,70,72,75,77,78,80
115004819,2026/01/24,5,17,24,26,27,29,31,32,33,38,42,44,48,49,51,60,62,66,69,71
115004820,2026/01/24,2,10,13,14,16,21,23,28,30,38,48,53,61,64,70,71,72,74,76,77
115004821,2026/01/24,5,7,16,21,23,28,29,32,39,41,47,51,60,66,67,71,73,74,79,80
115004822,2026/01/24,3,4,5,8,16,18,20,34,35,40,42,44,47,57,63,66,67,68,70,80
115004823,2026/01/24,4,14,16,17,19,21,24,37,40,43,49,51,53,61,65,68,74,77,78,79
115004824,2026/01/24,1,2,7,13,15,16,17,22,25,30,34,35,37,46,49,53,59,67,72,73
115004825,2026/01/24,3,5,12,13,20,24,38,42,44,45,51,53,57,61,63,65,74,76,78,80
115004826,2026/01/24,1,3,12,16,17,18,19,21,30,34,36,37,44,48,56,61,65,67,71,79
115004827,2026/01/24,8,11,15,20,25,28,33,45,46,47,48,50,56,58,59,66,68,74,79,80
115004828,2026/01/24,1,3,4,7,14,18,23,29,32,36,57,61,62,65,67,70,72,74,75,77
115004829,2026/01/24,3,5,6,17,22,24,30,32,35,36,38,48,49,55,62,72,73,76,78,79
115004830,2026/01/24,1,5,6,8,12,19,26,29,35,43,45,46,57,64,71,72,74,78,79,80
115004831,2026/01/24,3,4,11,12,24,30,37,41,43,44,49,54,58,61,63,66,67,70,76,78
115004832,2026/01/24,3,5,9,12,15,18,19,30,33,42,44,46,48,49,50,52,54,65,71,78
115004833,2026/01/24,2,6,7,11,12,13,15,17,19,21,22,23,29,30,44,45,57,66,72,76
115004834,2026/01/24,1,2,5,8,10,13,15,21,23,26,27,30,31,34,38,48,62,74,75,80
115004835,2026/01/24,1,2,3,4,6,15,20,21,22,23,28,31,34,35,37,62,63,71,73,79
115004836,2026/01/24,8,12,18,20,23,29,33,41,43,44,46,47,48,53,59,60,62,64,68,69
115004837,2026/01/24,2,3,6,7,10,26,31,43,48,49,51,52,55,59,67,69,72,75,76,80
115004838,2026/01/24,2,6,7,12,16,19,25,29,31,34,35,43,51,58,60,61,64,66,67,79
115004839,2026/01/24,2,8,15,22,25,30,36,47,51,55,57,61,63,65,68,72,73,76,78,79
115004840,2026/01/24,3,23,24,28,37,39,40,41,42,43,48,51,52,57,59,64,65,66,72,80
115004841,2026/01/24,2,10,11,12,13,17,30,32,40,41,43,45,56,58,62,64,65,66,67,68
115004842,2026/01/24,2,5,21,24,31,32,34,35,40,42,48,49,53,62,69,71,72,75,78,79
115004843,2026/01/24,7,9,10,18,23,31,34,39,40,42,47,48,54,56,58,60,61,62,74,80
115004844,2026/01/24,9,11,18,19,20,21,24,30,32,35,37,43,50,53,54,55,71,73,74,80
115004845,2026/01/24,2,3,8,19,23,25,26,27,29,32,33,35,46,62,63,68,70,76,79,80
115004846,2026/01/24,1,11,13,15,16,19,20,21,29,39,42,43,47,51,53,55,62,77,79,80
115004847,2026/01/24,4,5,7,9,10,13,20,27,29,41,44,47,52,57,65,68,69,72,74,79
115004848,2026/01/24,1,5,11,15,16,17,19,23,36,41,43,51,52,57,59,60,71,73,79,80
115004849,2026/01/24,4,7,11,15,23,26,36,38,39,42,48,53,54,62,66,67,71,73,74,75
115004850,2026/01/24,1,11,13,21,22,24,30,31,34,35,41,45,47,52,61,64,65,74,76,79
115004851,2026/01/24,4,13,15,19,20,28,30,33,37,39,46,51,58,59,60,67,75,76,77,80
115004852,2026/01/24,3,4,12,13,15,18,21,23,24,26,31,32,37,43,45,47,52,55,72,80
115004853,2026/01/24,4,7,8,11,16,17,20,21,22,25,27,40,55,57,58,62,68,70,71,78
115004854,2026/01/24,1,10,15,25,33,36,37,38,43,45,47,49,58,59,72,73,75,76,78,79
115004855,2026/01/24,3,10,16,18,23,33,34,37,42,43,46,50,54,57,58,61,66,70,74,77
115004856,2026/01/24,4,6,9,19,24,28,32,34,39,45,50,51,57,64,67,70,73,76,79,80
115004857,2026/01/24,5,6,9,12,18,27,29,30,31,39,45,47,54,65,67,68,69,74,77,78
115004858,2026/01/24,3,7,9,15,17,27,33,41,46,53,55,56,57,58,59,60,62,71,73,77
115004859,2026/01/24,2,5,10,11,12,22,36,39,43,48,51,53,54,58,63,70,75,77,78,80
115004860,2026/01/24,9,14,15,18,28,32,37,41,42,45,50,53,54,55,58,63,66,69,71,77
115004861,2026/01/24,11,17,24,29,32,33,35,37,38,39,47,48,50,52,60,62,70,76,78,80
115004862,2026/01/24,3,6,9,10,14,19,34,37,38,50,53,55,56,58,59,60,61,63,69,72
115004863,2026/01/24,4,5,6,7,17,19,20,21,30,33,41,43,46,49,54,64,67,68,73,74
115004864,2026/01/24,1,6,11,13,14,17,18,26,28,32,34,35,36,42,47,54,60,67,69,71
115004865,2026/01/24,5,8,11,27,28,30,33,34,35,37,42,48,52,53,54,57,59,64,67,69
115004866,2026/01/24,4,7,8,10,12,14,15,17,18,22,23,26,33,58,59,61,70,71,73,80
115004867,2026/01/24,3,8,11,19,24,25,34,36,39,40,44,45,49,51,54,57,64,69,75,78
115004868,2026/01/24,1,3,16,19,20,25,27,28,32,37,39,41,43,50,51,60,66,69,74,78
115004869,2026/01/24,4,8,10,12,15,16,19,23,25,26,34,35,36,37,58,66,72,73,78,79
115004870,2026/01/24,1,5,12,15,19,24,27,31,32,39,40,46,56,59,60,64,68,74,78,80
115004871,2026/01/24,5,8,13,16,18,19,20,24,25,26,28,29,35,45,47,56,58,61,68,79
115004872,2026/01/24,1,3,4,7,8,11,21,22,37,38,40,45,49,51,53,54,63,66,69,77
115004873,2026/01/25,1,8,15,19,20,24,25,26,28,29,43,44,51,52,57,60,70,71,73,74
115004874,2026/01/25,4,18,19,21,25,28,34,40,41,50,52,53,55,66,67,70,74,75,78,80
115004875,2026/01/25,5,7,9,10,18,20,21,22,25,29,30,31,42,44,46,63,73,74,78,79
115004876,2026/01/25,1,4,5,6,15,20,23,30,36,42,44,46,51,59,60,62,72,75,76,80
115004877,2026/01/25,5,6,15,22,23,24,28,34,38,39,41,42,43,48,53,61,65,68,71,78
115004878,2026/01/25,11,13,17,23,25,26,27,35,43,45,52,53,59,60,61,64,70,74,75,76
115004879,2026/01/25,10,15,17,20,21,24,26,28,31,44,48,51,53,54,57,60,62,71,78,79
115004880,2026/01/25,4,6,9,10,11,14,20,22,23,25,36,39,41,47,51,53,54,55,64,78
115004881,2026/01/25,7,21,22,24,27,28,31,32,33,41,53,54,55,59,60,65,67,69,73,75
115004882,2026/01/25,5,8,10,12,13,14,21,26,33,34,38,39,41,48,49,51,60,62,70,71
115004883,2026/01/25,1,4,7,8,9,10,14,15,20,24,25,34,41,43,44,46,55,66,67,80
115004884,2026/01/25,5,6,7,8,13,15,19,21,23,30,31,40,49,50,57,60,64,66,72,77
115004885,2026/01/25,2,5,19,20,28,32,34,35,36,38,44,46,47,48,50,63,71,76,78,80
115004886,2026/01/25,3,15,18,19,22,25,26,30,36,43,45,46,48,58,68,71,72,77,79,80
115004887,2026/01/25,5,7,9,10,11,13,23,30,33,35,39,43,53,56,57,61,62,63,68,80
115004888,2026/01/25,4,11,18,23,27,29,51,52,53,58,59,63,64,66,67,68,73,77,79,80
115004889,2026/01/25,1,2,12,15,16,22,25,30,42,46,49,51,52,55,56,58,65,71,77,79
115004890,2026/01/25,4,11,12,15,18,20,21,23,24,27,29,34,37,43,47,50,59,66,68,80
115004891,2026/01/25,7,8,13,14,16,19,21,25,29,30,36,44,49,51,57,64,67,68,73,79
115004892,2026/01/25,1,5,15,18,23,25,28,29,35,36,48,50,53,55,56,64,69,71,76,77
115004893,2026/01/25,10,12,24,26,28,38,45,46,47,52,54,56,57,59,60,62,64,68,71,79
115004894,2026/01/25,3,10,12,14,18,20,23,26,28,31,33,35,46,47,61,62,64,65,66,74
115004895,2026/01/25,1,5,8,9,16,26,29,30,31,37,38,44,45,53,62,69,70,73,74,80
115004896,2026/01/25,4,5,6,7,9,14,19,25,26,35,38,44,47,49,55,61,62,64,71,76
115004897,2026/01/25,8,15,19,21,22,25,32,38,39,44,45,52,57,62,64,65,66,71,72,73
115004898,2026/01/25,4,6,9,23,25,30,33,39,49,50,54,56,57,58,61,64,66,68,71,77
115004899,2026/01/25,3,6,10,21,28,31,35,37,41,48,51,52,57,58,60,64,66,68,69,76
115004900,2026/01/25,15,17,18,20,22,26,29,33,36,37,47,48,52,60,65,67,72,76,77,79
115004901,2026/01/25,1,5,15,17,23,30,31,36,37,38,41,42,43,46,52,55,61,73,74,80
115004902,2026/01/25,1,4,13,15,20,22,23,25,26,28,29,32,34,35,38,39,42,55,64,68
115004903,2026/01/25,1,2,3,12,19,23,26,27,33,34,36,46,55,59,63,65,68,70,71,73
115004904,2026/01/25,1,2,6,12,14,15,25,27,30,39,44,53,56,60,61,63,66,70,76,78
115004905,2026/01/25,1,16,19,22,24,29,31,32,33,36,38,44,46,53,56,67,68,70,73,78
115004906,2026/01/25,6,7,9,10,13,14,22,24,26,28,37,40,41,50,66,69,71,74,76,78
115004907,2026/01/25,1,3,8,10,12,15,24,27,30,39,43,44,47,49,61,64,72,74,77,78
115004908,2026/01/25,1,14,15,17,24,25,26,27,36,43,54,60,61,63,66,70,73,75,79,80
115004909,2026/01/25,7,8,14,15,21,23,29,31,32,47,51,53,54,57,65,67,68,71,75,78
115004910,2026/01/25,5,8,16,21,22,24,26,28,39,41,54,55,56,63,64,68,73,74,79,80
115004911,2026/01/25,4,12,22,25,27,29,30,32,33,43,44,45,46,54,62,68,70,72,74,78
115004912,2026/01/25,1,2,6,11,16,17,22,24,35,45,50,53,54,57,58,59,63,66,72,73
115004913,2026/01/25,2,3,11,17,29,34,37,39,41,45,46,48,50,56,59,60,61,72,79,80
115004914,2026/01/25,1,2,4,6,15,23,27,29,30,33,36,39,43,44,50,55,61,65,67,79
115004915,2026/01/25,4,5,8,9,11,16,17,22,31,35,38,41,42,49,56,59,64,66,69,72
115004916,2026/01/25,2,6,7,13,15,17,28,30,31,34,37,41,44,52,55,61,62,66,77,80
115004917,2026/01/25,9,11,12,13,19,20,23,27,37,47,55,56,58,60,62,64,69,71,76,80
115004918,2026/01/25,7,8,9,12,13,18,20,25,30,31,32,43,45,46,54,59,61,62,75,77
115004919,2026/01/25,2,7,13,17,24,26,29,33,35,38,45,47,50,51,52,57,58,62,63,78
115004920,2026/01/25,7,10,13,14,16,20,22,23,24,26,30,37,38,48,58,61,71,72,73,78
115004921,2026/01/25,6,16,18,23,26,28,34,37,46,57,63,64,65,68,71,72,73,74,76,80
115004922,2026/01/25,1,4,5,11,13,15,16,17,18,24,25,28,39,42,43,44,53,61,66,75
115004923,2026/01/25,3,4,12,29,37,40,41,42,44,48,49,55,56,58,64,65,68,70,76,79
115004924,2026/01/25,1,8,16,17,18,19,20,26,31,33,34,40,46,52,55,59,62,67,72,75
115004925,2026/01/25,8,12,15,18,26,31,34,38,42,45,46,51,53,63,64,67,68,69,72,75
115004926,2026/01/25,2,3,9,11,18,19,35,38,42,43,45,47,49,52,57,74,77,78,79,80
115004927,2026/01/25,1,2,3,5,10,16,20,25,27,33,35,36,43,46,52,53,61,68,69,76
115004928,2026/01/25,5,8,9,23,25,26,29,32,38,47,52,53,61,63,68,69,72,73,74,78
115004929,2026/01/25,1,4,10,13,15,24,36,42,43,44,46,47,48,53,54,56,71,75,77,78
115004930,2026/01/25,2,3,10,13,14,15,16,17,19,21,32,37,43,44,45,55,61,71,73,74
115004931,2026/01/25,1,5,11,12,17,19,22,24,27,32,34,42,47,55,56,57,62,66,69,80
115004932,2026/01/25,4,12,13,20,22,26,29,32,37,39,45,49,51,59,63,65,74,75,77,79
115004933,2026/01/25,2,3,4,13,20,25,26,28,30,33,34,36,37,42,44,48,50,65,68,70
115004934,2026/01/25,3,6,14,16,18,23,25,29,30,38,39,42,43,50,54,57,64,72,73,76
115004935,2026/01/25,1,3,4,6,13,19,20,29,30,39,40,46,48,49,57,61,65,75,77,80
115004936,2026/01/25,6,8,9,14,15,17,22,30,36,37,44,47,53,56,57,59,60,61,64,69
115004937,2026/01/25,1,2,8,9,11,13,15,23,34,37,38,41,44,46,54,56,61,62,66,77
115004938,2026/01/25,15,17,18,21,23,32,36,37,42,46,47,50,55,57,61,63,64,71,74,77
115004939,2026/01/25,2,6,8,9,11,18,26,33,34,42,44,45,49,53,54,61,62,67,72,77
115004940,2026/01/25,5,11,12,26,27,28,35,40,43,44,47,48,50,62,64,69,70,72,76,79
115004941,2026/01/25,7,13,16,18,20,26,31,32,39,48,51,55,59,63,69,71,75,76,77,78
115004942,2026/01/25,3,5,8,11,13,15,19,30,31,36,39,40,43,53,59,61,64,67,71,79
115004943,2026/01/25,2,9,11,13,19,20,21,25,39,42,45,47,48,50,52,53,60,67,69,71
115004944,2026/01/25,1,7,11,13,20,21,22,30,34,35,41,44,46,48,50,64,67,74,75,79
115004945,2026/01/25,1,7,8,11,14,17,19,24,25,31,32,33,36,37,45,49,50,56,63,79
115004946,2026/01/25,1,4,5,10,11,16,21,22,24,34,39,40,42,52,60,61,69,71,72,79
115004947,2026/01/25,1,2,7,8,11,13,15,24,25,26,29,35,36,47,49,54,60,67,78,79
115004948,2026/01/25,2,9,17,20,25,31,36,40,41,42,49,57,59,62,63,64,65,66,72,73
115004949,2026/01/25,3,6,7,11,20,22,30,33,36,43,49,50,51,52,58,60,65,73,75,76
115004950,2026/01/25,5,9,11,14,21,31,33,34,35,36,37,39,40,41,44,47,49,61,73,77
115004951,2026/01/25,10,14,15,16,27,28,31,39,44,46,47,49,50,51,52,61,64,69,79,80
115004952,2026/01/25,6,8,9,17,23,25,26,33,36,39,43,44,45,46,47,56,66,69,71,74
115004953,2026/01/25,12,18,22,23,24,31,38,40,43,51,52,53,55,57,64,67,68,72,73,80
115004954,2026/01/25,5,7,11,21,32,33,34,46,47,51,52,55,57,58,60,64,65,67,75,78
115004955,2026/01/25,1,2,5,8,14,15,16,17,19,25,38,41,49,59,61,65,67,70,71,72
115004956,2026/01/25,7,8,11,14,21,24,30,34,35,41,46,47,57,59,64,71,72,74,75,76
115004957,2026/01/25,5,7,9,15,16,19,22,25,31,38,39,48,49,53,61,63,65,66,74,78
115004958,2026/01/25,3,9,14,16,17,21,26,28,30,40,47,53,56,61,62,63,65,66,67,73
115004959,2026/01/25,2,8,11,28,30,32,35,36,38,39,42,46,57,60,64,70,71,75,77,78
115004960,2026/01/25,3,7,8,15,18,21,27,28,41,49,52,58,60,62,64,67,69,71,73,78
115004961,2026/01/25,5,6,13,14,17,20,44,50,52,54,58,60,61,62,68,69,70,71,74,75
115004962,2026/01/25,1,5,20,24,28,29,36,37,39,40,41,44,47,51,54,55,64,67,68,73
115004963,2026/01/25,5,7,9,10,17,23,27,29,31,32,47,49,54,55,57,58,66,72,75,77
115004964,2026/01/25,4,5,7,10,12,14,16,20,21,27,30,31,32,34,37,41,50,63,76,79
115004965,2026/01/25,10,12,15,17,19,22,25,27,29,30,38,40,42,45,46,59,66,69,70,72
115004966,2026/01/25,13,16,18,20,22,26,27,29,36,37,40,43,46,48,53,57,68,70,72,76
115004967,2026/01/25,2,6,9,14,30,33,36,42,45,46,52,54,55,62,66,67,73,74,75,80
115004968,2026/01/25,1,2,6,11,22,37,43,44,45,46,47,48,51,58,67,68,71,75,78,80
115004969,2026/01/25,8,9,11,22,25,31,32,33,39,41,43,47,50,51,52,54,55,66,72,74
115004970,2026/01/25,1,8,9,14,20,22,30,31,37,41,42,50,57,59,67,74,75,76,79,80
115004971,2026/01/25,1,4,7,8,20,21,23,24,29,36,38,39,40,51,53,57,59,68,70,71
115004972,2026/01/25,9,11,15,21,24,31,33,36,38,40,41,45,47,54,63,64,66,71,76,78
115004973,2026/01/25,7,12,13,15,16,21,24,29,40,51,52,54,55,56,59,61,64,71,74,78
115004974,2026/01/25,4,7,11,19,22,25,27,30,31,35,38,49,51,54,60,65,67,69,72,74
115004975,2026/01/25,3,8,9,18,20,25,27,32,35,37,42,43,47,48,50,56,61,65,67,80
115004976,2026/01/25,1,6,7,10,11,13,14,24,30,31,35,37,42,44,58,59,65,70,75,78
115004977,2026/01/25,4,8,10,14,16,28,29,36,38,40,47,48,50,52,53,54,63,68,70,71
115004978,2026/01/25,1,6,14,20,21,22,32,33,36,41,46,49,61,64,72,73,74,78,79,80
115004979,2026/01/25,7,8,9,10,17,21,24,36,44,47,49,51,60,62,63,72,73,74,75,78
115004980,2026/01/25,7,8,11,17,20,24,26,27,28,34,35,38,40,45,46,57,58,66,74,79
115004981,2026/01/25,1,5,8,9,11,13,15,19,20,21,25,30,32,34,36,42,60,65,70,72
115004982,2026/01/25,7,8,17,23,26,27,30,34,39,41,45,48,52,55,58,64,71,73,76,79
115004983,2026/01/25,1,3,4,7,8,9,10,18,30,31,37,40,41,43,50,51,56,58,70,71
115004984,2026/01/25,9,11,12,13,17,26,27,29,35,40,45,46,49,52,54,58,61,66,72,75
115004985,2026/01/25,3,5,8,10,13,15,22,30,31,33,37,39,47,52,57,64,66,68,72,80
115004986,2026/01/25,5,8,9,13,14,17,18,20,21,25,26,30,32,42,49,51,57,60,68,73
115004987,2026/01/25,4,5,11,12,13,17,21,25,26,27,40,41,50,51,57,61,63,71,76,79
115004988,2026/01/25,3,6,8,9,10,13,15,19,20,29,36,38,44,52,58,61,63,67,73,79
115004989,2026/01/25,14,15,22,23,26,30,31,33,35,48,53,57,58,63,64,70,72,73,74,76
115004990,2026/01/25,1,3,13,15,18,19,38,39,43,47,48,49,53,56,58,61,63,68,76,78
115004991,2026/01/25,3,4,6,9,10,18,19,25,26,31,32,43,45,46,52,53,57,59,67,71
115004992,2026/01/25,8,13,14,18,22,27,33,34,39,40,43,44,46,48,49,52,55,57,68,71
115004993,2026/01/25,7,8,11,13,14,18,29,32,36,39,46,51,53,55,59,62,67,68,71,72
115004994,2026/01/25,3,10,11,16,17,19,30,44,47,48,49,53,57,59,60,62,68,70,74,78
115004995,2026/01/25,1,3,5,8,15,17,26,27,28,38,44,48,50,52,56,66,67,71,78,79
115004996,2026/01/25,2,18,20,23,26,28,33,36,48,54,56,57,59,60,64,67,73,74,76,78
115004997,2026/01/25,4,5,10,13,15,18,24,27,33,37,39,44,48,49,51,56,73,74,78,79
115004998,2026/01/25,4,5,6,7,8,11,21,23,26,31,32,51,55,58,61,62,68,73,74,75
115004999,2026/01/25,1,3,6,14,15,20,21,27,37,38,47,59,60,63,67,70,72,74,75,77
115005000,2026/01/25,3,4,6,17,21,25,26,31,33,36,39,45,46,48,53,57,58,60,61,76
115005001,2026/01/25,3,4,9,13,20,24,30,32,40,41,46,50,53,54,60,61,70,77,78,79
115005002,2026/01/25,4,6,7,12,15,21,22,26,32,36,42,46,58,59,60,64,65,73,74,80
115005003,2026/01/25,1,2,4,7,10,11,24,30,32,33,36,41,47,52,54,55,59,65,72,79
115005004,2026/01/25,5,7,10,14,15,17,24,29,30,41,46,48,52,55,56,57,66,69,71,74
115005005,2026/01/25,4,6,10,16,19,20,23,26,27,32,35,42,51,52,56,58,62,66,70,79
115005006,2026/01/25,1,6,8,13,16,17,27,37,41,45,47,51,55,56,57,62,67,74,75,76
115005007,2026/01/25,1,2,6,11,20,31,37,39,40,42,52,55,56,62,66,69,71,73,74,78
115005008,2026/01/25,2,5,6,9,18,19,20,23,27,31,34,38,41,50,60,62,65,68,69,70
115005009,2026/01/25,6,12,13,18,20,21,24,31,35,36,47,50,53,66,67,69,71,72,76,77
115005010,2026/01/25,2,4,5,6,10,11,13,17,20,24,26,34,37,38,48,67,69,74,76,79
115005011,2026/01/25,1,2,4,8,16,26,34,35,50,52,53,55,63,64,69,70,71,72,79,80
115005012,2026/01/25,3,15,18,21,22,23,26,27,29,40,43,44,45,51,52,61,68,73,76,77
115005013,2026/01/25,9,21,25,26,27,30,31,32,33,34,41,48,53,60,64,66,72,73,76,77
115005014,2026/01/25,4,8,17,18,19,20,21,28,31,33,41,47,51,53,58,62,63,66,70,72
115005015,2026/01/25,1,8,9,17,25,26,32,38,43,46,49,53,60,65,71,72,73,75,76,77
115005016,2026/01/25,1,9,14,15,20,25,27,35,38,43,46,50,52,53,54,55,58,59,60,80
115005017,2026/01/25,2,5,8,10,12,20,22,24,25,35,40,44,49,54,56,57,71,77,78,79
115005018,2026/01/25,1,2,4,16,23,27,29,33,35,39,40,43,53,55,57,65,68,73,74,80
115005019,2026/01/25,2,7,13,15,19,20,34,35,38,41,44,51,59,62,66,67,69,73,75,80
115005020,2026/01/25,5,9,16,17,19,22,24,28,29,30,32,37,41,49,51,58,60,70,73,75
115005021,2026/01/25,2,4,6,10,11,12,17,18,34,36,37,39,48,50,53,62,69,71,74,78
115005022,2026/01/25,9,12,14,18,23,25,27,33,35,37,47,48,49,51,57,67,68,72,73,74
115005023,2026/01/25,8,9,10,12,13,14,17,22,26,31,35,46,51,52,56,60,62,68,75,80
115005024,2026/01/25,9,15,16,20,22,26,39,44,50,53,64,65,66,68,69,70,73,74,76,77
115005025,2026/01/25,1,3,4,10,17,21,28,30,35,37,41,42,49,51,60,63,67,70,75,80
115005026,2026/01/25,2,7,16,33,34,38,39,42,49,52,54,55,56,58,60,66,67,74,75,80
115005027,2026/01/25,5,7,12,15,18,21,40,41,44,45,54,56,59,61,62,65,71,72,74,80
115005028,2026/01/25,3,7,10,15,22,27,28,32,37,41,43,44,45,48,52,54,66,68,70,79
115005029,2026/01/25,2,9,15,16,21,23,27,30,32,38,52,54,55,61,62,63,72,74,76,80
115005030,2026/01/25,1,3,4,5,36,42,43,45,48,51,54,55,56,57,59,64,65,67,68,72
115005031,2026/01/25,3,6,9,11,17,22,26,29,30,32,40,56,62,63,64,69,70,73,75,76
115005032,2026/01/25,7,8,10,18,19,22,24,30,36,44,51,54,56,57,60,64,67,70,77,80
115005033,2026/01/25,2,5,15,21,27,30,32,36,40,47,48,55,57,58,61,63,65,69,71,79
115005034,2026/01/25,2,6,12,15,16,21,25,30,31,35,38,49,50,53,61,62,63,72,73,77
115005035,2026/01/25,6,11,18,22,25,26,29,34,37,52,53,54,55,60,65,70,72,75,78,80
115005036,2026/01/25,4,5,6,7,8,11,14,21,25,29,31,36,37,42,48,50,54,58,78,80
115005037,2026/01/25,5,6,7,8,9,12,16,17,21,33,38,39,40,52,62,65,66,67,71,78
115005038,2026/01/25,2,4,7,12,15,17,19,23,27,35,39,40,41,49,61,62,63,68,72,73
115005039,2026/01/25,3,8,10,11,15,21,24,29,34,41,43,45,54,59,63,65,71,72,74,80
115005040,2026/01/25,3,4,5,8,10,14,20,21,35,46,56,57,58,59,62,66,69,71,74,79
115005041,2026/01/25,5,7,9,14,15,16,23,30,31,32,36,37,40,41,48,52,59,68,70,74
115005042,2026/01/25,6,33,34,35,43,47,49,51,54,56,57,59,60,64,65,66,69,71,78,80
115005043,2026/01/25,2,9,10,15,23,25,28,29,30,31,42,44,51,57,58,61,65,67,72,79
115005044,2026/01/25,6,7,11,15,19,22,23,26,34,35,36,40,46,47,48,50,53,63,65,70
115005045,2026/01/25,5,21,26,31,32,33,35,36,37,39,42,53,58,61,62,63,64,65,67,69
115005046,2026/01/25,2,13,15,20,21,25,29,30,32,38,49,50,59,68,70,72,77,78,79,80
115005047,2026/01/25,6,8,10,15,16,27,29,32,33,39,40,43,47,49,59,63,67,72,78,79
115005048,2026/01/25,1,3,14,16,20,26,28,36,40,41,42,45,55,56,57,61,62,67,75,76
115005049,2026/01/25,5,8,12,18,19,22,23,24,29,30,34,40,41,48,52,54,72,73,74,79
115005050,2026/01/25,12,15,17,19,21,22,23,27,28,37,39,40,45,47,49,56,58,63,65,68
115005051,2026/01/25,2,3,12,18,26,31,37,41,45,46,48,49,53,57,61,66,70,71,79,80
115005052,2026/01/25,6,7,8,9,16,26,27,28,32,38,43,46,47,58,62,63,64,66,73,74
115005053,2026/01/25,10,12,13,16,19,20,21,22,29,34,39,40,52,53,54,55,59,63,65,66
115005054,2026/01/25,2,10,12,14,15,16,24,34,36,47,55,56,58,60,61,64,67,72,74,78
115005055,2026/01/25,5,7,9,13,14,16,19,29,45,46,50,51,56,57,60,62,64,66,78,79
115005056,2026/01/25,1,6,8,9,16,18,20,22,31,36,40,43,44,46,63,64,66,69,74,77
115005057,2026/01/25,2,3,5,6,12,16,22,24,25,26,28,30,31,39,42,52,60,67,73,79
115005058,2026/01/25,2,7,9,12,15,16,22,24,25,27,31,33,40,44,45,51,55,64,73,79
115005059,2026/01/25,1,2,4,6,22,23,25,31,36,37,43,54,59,62,67,71,73,76,78,80
115005060,2026/01/25,7,16,21,22,26,28,29,30,31,39,40,45,47,55,59,62,63,68,73,79
115005061,2026/01/25,1,3,4,6,7,12,25,33,36,48,49,50,51,53,55,63,67,68,71,73
115005062,2026/01/25,6,8,9,12,15,31,35,36,41,44,46,51,53,55,63,70,72,73,74,79
115005063,2026/01/25,4,14,16,31,32,39,40,41,45,51,53,55,57,58,60,64,65,69,71,78
115005064,2026/01/25,5,10,13,16,20,24,27,31,33,34,36,37,41,46,55,56,57,66,72,73
115005065,2026/01/25,4,5,9,12,18,21,27,37,40,41,47,49,52,61,63,64,65,68,73,76
115005066,2026/01/25,3,5,11,22,23,30,32,34,38,42,49,52,55,64,68,69,71,72,73,77
115005067,2026/01/25,15,23,25,27,30,31,35,38,41,49,52,54,57,58,60,63,69,72,74,79
115005068,2026/01/25,7,8,27,28,34,35,36,41,42,43,44,49,55,58,61,63,64,67,72,74
115005069,2026/01/25,4,10,12,17,18,19,31,34,35,44,51,58,60,61,63,65,69,70,71,77
115005070,2026/01/25,1,12,15,18,19,27,35,37,40,42,43,49,54,55,70,71,73,75,76,80
115005071,2026/01/25,2,11,21,23,24,25,28,38,39,43,47,59,61,68,69,73,75,76,78,79
115005072,2026/01/25,4,15,21,24,32,38,43,48,49,52,58,60,63,64,66,70,72,73,75,80
115005073,2026/01/25,2,4,8,13,14,17,19,20,21,31,40,43,44,47,50,67,70,72,73,74
115005074,2026/01/25,3,4,8,11,18,19,24,26,30,35,38,39,47,51,60,63,65,69,78,79
115005075,2026/01/25,2,13,14,19,24,28,33,35,45,50,52,55,57,60,61,64,68,74,76,77
115005076,2026/01/26,5,7,9,12,23,32,34,38,40,41,42,47,50,53,56,61,62,69,71,74
115005077,2026/01/26,4,6,10,12,16,17,21,22,23,27,29,32,39,46,47,50,64,65,71,72
115005078,2026/01/26,7,8,11,12,13,15,19,23,29,35,37,38,44,47,50,54,60,66,67,74
115005079,2026/01/26,1,3,11,15,17,25,26,34,36,38,39,41,47,50,54,63,68,72,73,77
115005080,2026/01/26,3,5,14,16,18,24,25,27,30,33,35,40,42,47,48,54,55,59,66,67
115005081,2026/01/26,1,4,12,18,22,23,25,41,42,44,45,46,47,49,54,60,62,67,69,72
115005082,2026/01/26,7,8,19,27,28,32,35,37,44,45,46,48,54,59,61,62,65,72,75,77
115005083,2026/01/26,7,8,9,14,15,26,27,28,38,41,47,49,55,60,63,64,65,68,71,80
115005084,2026/01/26,2,5,7,14,16,17,24,37,39,45,46,51,57,61,63,64,70,72,76,78
115005085,2026/01/26,4,9,12,14,18,21,22,27,30,35,38,47,57,58,60,68,72,73,76,80
115005086,2026/01/26,1,2,8,14,15,19,23,24,28,30,31,35,42,51,54,67,70,72,74,79
115005087,2026/01/26,2,5,16,17,29,44,46,48,49,51,54,55,57,64,66,68,70,74,77,80
115005088,2026/01/26,3,4,6,13,25,28,32,35,37,38,39,41,48,51,53,59,66,68,69,70
115005089,2026/01/26,1,7,11,17,18,20,23,25,27,31,32,40,41,44,46,47,62,70,73,75
115005090,2026/01/26,3,9,11,19,21,22,43,44,51,52,54,56,59,64,66,70,72,73,76,77
115005091,2026/01/26,1,2,4,13,17,18,22,25,28,35,40,41,45,48,64,66,67,68,69,80
115005092,2026/01/26,3,12,13,14,19,20,22,25,28,36,39,43,47,55,56,57,65,73,76,77
115005093,2026/01/26,2,8,10,14,17,24,26,27,28,30,34,36,44,45,47,50,55,56,58,64
115005094,2026/01/26,3,5,10,13,15,16,18,26,27,29,30,34,36,37,39,48,63,66,67,71
115005095,2026/01/26,1,2,3,12,22,31,33,35,36,41,49,50,52,55,58,61,67,68,75,76
115005096,2026/01/26,3,5,17,19,29,30,31,42,43,45,49,53,55,58,61,64,70,72,77,78
115005097,2026/01/26,10,13,16,20,21,25,30,34,37,42,45,49,50,53,57,60,69,71,74,76
115005098,2026/01/26,1,3,9,15,16,17,19,21,23,31,40,45,46,49,50,51,52,57,60,64
115005099,2026/01/26,7,11,14,15,21,22,28,29,35,40,43,46,48,50,57,60,64,69,70,72
115005100,2026/01/26,8,9,25,30,32,34,35,37,39,42,44,46,52,53,64,69,72,74,75,78
115005101,2026/01/26,5,7,13,20,22,27,28,33,35,38,52,54,66,67,69,71,72,73,76,77
115005102,2026/01/26,9,11,12,22,25,26,30,32,35,36,39,41,43,48,59,60,64,65,77,80
115005103,2026/01/26,3,5,8,15,19,34,37,38,39,40,41,46,47,48,54,60,61,65,69,70
115005104,2026/01/26,3,21,24,28,29,30,31,33,35,36,41,45,48,54,57,62,66,70,71,74
115005105,2026/01/26,4,5,14,15,20,21,22,26,28,29,30,33,48,62,64,66,69,75,77,79
115005106,2026/01/26,6,13,19,25,26,28,43,44,53,54,57,58,59,60,65,66,72,74,76,79
115005107,2026/01/26,3,11,15,17,28,30,32,41,42,49,51,52,54,55,56,62,65,70,74,78
115005108,2026/01/26,4,7,11,20,22,26,29,37,38,39,41,46,50,52,53,58,61,64,69,72
115005109,2026/01/26,1,4,8,9,20,22,23,31,32,35,37,39,49,57,58,59,62,66,78,79
115005110,2026/01/26,1,6,14,21,30,31,39,40,45,47,49,51,54,55,56,60,67,68,69,78
115005111,2026/01/26,1,3,4,9,14,15,20,23,29,30,31,37,38,41,48,49,51,62,70,71
115005112,2026/01/26,1,9,18,20,21,22,27,29,31,36,37,46,52,53,60,61,66,72,77,80
115005113,2026/01/26,4,5,15,20,24,25,26,36,37,41,45,48,49,52,55,59,66,70,73,79
115005114,2026/01/26,3,10,24,26,31,34,39,40,41,44,46,51,54,57,61,66,70,74,75,77
115005115,2026/01/26,8,14,17,18,19,20,28,45,46,52,54,63,68,69,70,71,72,77,78,80
115005116,2026/01/26,3,10,11,20,23,24,28,30,35,38,47,50,53,55,60,64,69,77,78,80
115005117,2026/01/26,2,9,10,11,14,18,24,34,38,40,41,43,46,48,66,67,68,73,76,79
115005118,2026/01/26,8,16,18,28,39,48,51,54,58,59,60,67,69,70,71,72,73,75,77,78
115005119,2026/01/26,1,2,4,11,14,16,22,23,27,30,39,43,48,49,60,62,65,66,68,79
115005120,2026/01/26,4,5,10,21,22,25,26,27,30,34,39,47,55,57,58,62,66,71,73,78
115005121,2026/01/26,3,6,12,13,22,26,32,35,41,46,54,55,60,62,66,68,70,71,74,78
115005122,2026/01/26,1,7,12,13,14,19,22,23,26,44,53,56,57,61,64,69,73,76,77,78
115005123,2026/01/26,1,8,14,27,28,30,32,34,35,40,41,46,50,57,62,65,67,69,77,78
115005124,2026/01/26,5,8,12,22,23,27,31,32,34,51,52,57,59,61,66,71,73,74,75,79
115005125,2026/01/26,2,9,14,18,24,28,30,33,36,38,42,44,47,53,59,60,63,68,76,78
115005126,2026/01/26,3,5,8,10,13,14,16,20,21,37,43,45,54,57,63,65,68,69,70,74
115005127,2026/01/26,4,11,12,14,21,25,28,32,36,39,40,43,48,55,59,60,62,68,78,79
115005128,2026/01/26,2,12,14,15,23,32,34,35,37,39,46,47,48,50,52,60,64,67,75,77
115005129,2026/01/26,5,9,15,16,20,28,31,34,38,39,41,59,60,62,63,66,71,73,74,80
115005130,2026/01/26,7,11,15,17,19,24,26,27,29,30,35,39,42,44,49,59,62,64,66,68
115005131,2026/01/26,3,6,9,14,19,22,24,32,40,41,43,44,48,52,60,61,63,65,70,72
115005132,2026/01/26,1,3,5,10,15,19,22,25,27,28,33,34,36,37,44,47,50,53,61,72
115005133,2026/01/26,2,9,11,13,20,21,25,32,33,36,37,41,44,53,55,60,61,64,67,79
115005134,2026/01/26,6,7,8,19,22,25,34,36,39,40,41,48,50,57,68,70,71,73,78,79
115005135,2026/01/26,2,6,8,11,16,17,25,35,46,47,49,61,63,67,69,73,75,76,78,80
115005136,2026/01/26,8,9,10,16,17,18,20,22,28,48,50,54,57,63,70,71,73,74,75,79
115005137,2026/01/26,1,4,11,14,18,26,28,30,33,34,45,48,49,50,55,66,72,75,77,78
115005138,2026/01/26,6,11,12,13,14,18,33,34,37,41,43,46,49,56,57,60,63,75,76,78
115005139,2026/01/26,3,8,13,14,17,20,22,23,32,36,39,41,45,54,55,64,71,74,75,78
115005140,2026/01/26,1,5,11,15,25,27,28,29,37,40,42,48,54,58,61,63,67,68,72,74
115005141,2026/01/26,2,7,10,14,15,16,17,22,25,26,31,36,41,42,44,48,56,58,68,75
115005142,2026/01/26,2,6,10,23,24,25,27,28,30,33,37,40,42,49,52,58,63,64,72,74
115005143,2026/01/26,2,4,5,12,13,18,19,41,43,46,47,48,53,56,57,61,63,67,73,76
115005144,2026/01/26,1,5,7,13,17,19,21,28,35,38,44,45,50,52,53,58,59,62,72,73
115005145,2026/01/26,9,10,11,15,16,19,21,25,26,31,34,35,37,38,41,45,48,49,56,79
115005146,2026/01/26,2,8,23,24,29,30,32,38,41,42,43,44,48,52,57,65,66,71,77,79
115005147,2026/01/26,2,10,14,16,25,26,28,29,36,46,53,54,60,62,64,65,67,71,72,79
115005148,2026/01/26,1,3,22,26,28,31,32,33,34,36,37,38,41,56,58,62,64,75,76,77
115005149,2026/01/26,2,5,6,9,12,18,25,33,40,42,45,46,49,51,62,63,68,74,75,78
115005150,2026/01/26,2,4,5,11,12,15,22,25,30,33,44,45,51,52,53,54,59,63,66,80
115005151,2026/01/26,5,6,9,12,14,15,22,24,28,35,39,40,43,49,50,56,70,73,75,77
115005152,2026/01/26,6,10,16,19,20,21,22,26,31,34,37,42,43,48,52,53,63,64,67,78
115005153,2026/01/26,3,15,17,24,25,33,35,36,37,40,41,42,48,50,52,66,67,68,73,79
115005154,2026/01/26,3,10,11,12,27,31,33,40,42,48,50,51,52,53,55,56,62,67,74,76
115005155,2026/01/26,4,13,20,23,24,27,31,32,38,44,46,48,55,57,60,64,65,67,73,75
115005156,2026/01/26,2,4,11,13,14,18,20,26,35,36,39,45,46,49,51,58,63,64,75,80
115005157,2026/01/26,3,7,9,19,21,22,25,28,33,34,36,38,46,50,55,59,60,64,71,76
115005158,2026/01/26,5,10,11,12,25,27,31,39,44,47,49,51,52,58,60,66,74,75,78,80
115005159,2026/01/26,1,6,20,25,26,28,29,34,35,40,45,47,55,61,62,66,72,74,77,79
115005160,2026/01/26,3,8,9,14,24,27,29,37,41,48,51,53,54,60,62,64,65,73,75,77
115005161,2026/01/26,4,6,10,11,13,24,25,27,34,47,50,59,62,63,66,70,72,78,79,80
115005162,2026/01/26,2,3,5,9,13,14,16,27,32,33,41,47,48,50,56,57,60,70,74,78
115005163,2026/01/26,1,3,4,5,9,11,13,24,36,37,38,47,52,53,61,62,68,71,75,78
115005164,2026/01/26,1,7,15,18,19,20,27,33,37,38,39,40,43,59,60,62,64,66,75,77
115005165,2026/01/26,3,5,7,9,16,18,23,25,34,37,45,47,51,55,65,67,68,69,78,80
115005166,2026/01/26,6,8,12,14,16,23,28,37,38,41,46,49,53,55,62,63,68,73,76,78
115005167,2026/01/26,11,17,19,28,37,41,46,47,50,52,53,54,59,62,64,65,68,70,75,77
115005168,2026/01/26,1,5,10,13,25,27,31,34,37,38,40,46,48,55,59,63,64,69,71,79
115005169,2026/01/26,1,5,7,30,33,34,35,39,44,45,46,48,52,57,59,63,69,70,75,79
115005170,2026/01/26,9,13,16,20,22,23,29,32,33,34,35,45,46,53,55,56,58,66,72,73
115005171,2026/01/26,3,7,12,13,17,20,21,22,25,29,32,33,52,59,63,71,72,74,77,80
115005172,2026/01/26,2,7,8,9,15,23,25,31,36,37,41,43,51,53,56,61,64,67,77,79
115005173,2026/01/26,3,6,8,10,14,15,23,24,33,36,38,39,43,46,49,50,57,61,66,79
115005174,2026/01/26,1,7,9,14,17,24,28,31,32,35,37,40,50,51,53,54,56,61,68,76
115005175,2026/01/26,3,7,8,9,15,16,20,24,26,29,33,45,47,48,49,51,60,65,73,77
115005176,2026/01/26,3,6,8,11,17,27,41,42,44,46,47,50,52,56,63,69,76,77,79,80
115005177,2026/01/26,3,11,12,14,31,38,40,43,52,53,54,56,58,63,65,71,72,73,75,79
115005178,2026/01/26,1,6,12,13,16,19,28,36,39,42,43,46,49,53,60,68,72,73,76,78
115005179,2026/01/26,2,10,21,22,23,30,31,32,37,45,46,49,53,55,58,61,64,71,74,77
115005180,2026/01/26,2,4,7,11,16,20,24,25,29,37,39,44,56,57,60,62,64,72,76,78
115005181,2026/01/26,8,17,20,21,26,35,39,49,50,55,56,58,59,61,64,67,70,72,73,80
115005182,2026/01/26,1,2,6,8,13,14,25,27,32,37,41,42,44,51,55,59,62,68,71,75
115005183,2026/01/26,3,8,12,14,22,24,36,39,40,43,46,57,59,61,62,65,68,71,74,78
115005184,2026/01/26,4,12,16,17,19,21,27,28,34,46,48,51,58,65,66,69,71,72,79,80
115005185,2026/01/26,8,11,12,15,17,18,21,22,28,33,38,42,43,47,49,53,60,62,68,75
115005186,2026/01/26,1,6,14,15,16,17,21,23,25,29,31,41,44,48,53,56,61,62,77,79
115005187,2026/01/26,6,9,12,13,18,26,28,31,36,38,39,42,48,50,51,69,70,74,76,80
115005188,2026/01/26,17,18,20,23,26,27,30,31,34,35,38,40,47,49,52,54,69,72,77,78
115005189,2026/01/26,1,11,12,13,14,16,20,21,22,31,43,44,45,49,51,54,60,63,67,77
115005190,2026/01/26,5,12,22,26,28,31,34,38,39,41,48,50,51,52,54,61,63,72,79,80
115005191,2026/01/26,2,7,10,12,21,24,32,38,39,40,43,45,46,49,54,55,61,73,76,80
115005192,2026/01/26,5,6,11,22,23,25,36,48,49,50,53,54,55,60,64,68,70,72,77,79
115005193,2026/01/26,1,9,15,18,21,23,32,35,39,40,44,49,57,59,60,61,68,69,71,76
115005194,2026/01/26,4,5,6,10,12,19,21,23,24,25,32,43,47,49,58,61,62,71,74,76
115005195,2026/01/26,1,2,7,14,15,28,30,37,38,39,43,44,49,52,55,61,64,66,74,80
115005196,2026/01/26,2,6,8,18,19,21,26,30,33,35,36,40,41,45,46,53,58,66,76,78
115005197,2026/01/26,1,15,17,18,21,23,26,30,32,37,41,44,45,52,57,65,73,74,75,79
115005198,2026/01/26,12,13,16,17,20,21,24,36,38,47,50,51,63,64,66,67,75,78,79,80
115005199,2026/01/26,2,15,19,22,25,27,34,39,41,52,53,55,56,58,59,62,74,78,79,80
115005200,2026/01/26,2,8,19,25,27,29,33,35,42,45,50,51,54,64,66,69,72,73,76,77
115005201,2026/01/26,3,4,17,18,19,30,32,34,35,37,42,49,50,55,59,62,63,65,70,75
115005202,2026/01/26,2,4,7,14,29,32,33,34,43,45,52,54,55,56,58,68,69,70,71,78
115005203,2026/01/26,3,4,7,14,15,26,29,30,36,38,45,47,53,54,59,62,71,73,74,79
115005204,2026/01/26,11,16,24,28,29,30,31,35,44,46,48,49,51,56,63,64,66,67,71,77
115005205,2026/01/26,1,8,9,10,17,19,22,23,28,34,37,40,52,57,64,65,67,68,71,80
115005206,2026/01/26,2,3,16,17,22,26,30,34,35,37,40,42,54,61,64,66,71,74,75,79
115005207,2026/01/26,1,2,4,5,8,10,12,15,19,20,23,24,26,33,41,45,49,64,75,79
115005208,2026/01/26,4,19,20,24,27,30,40,42,44,45,46,47,52,56,59,65,73,76,79,80
115005209,2026/01/26,1,12,14,16,17,19,21,22,23,24,25,28,33,38,42,48,50,62,71,80
115005210,2026/01/26,6,12,18,22,23,24,25,27,31,37,40,43,52,57,60,70,72,73,78,80
115005211,2026/01/26,9,10,11,14,19,20,22,29,33,39,42,53,62,67,70,72,74,77,79,80
115005212,2026/01/26,9,10,16,18,19,22,23,31,34,38,41,42,44,45,51,54,64,66,75,79
115005213,2026/01/26,5,6,12,14,16,17,19,20,27,35,39,49,51,55,59,60,68,70,73,79
115005214,2026/01/26,11,12,13,14,19,20,34,36,44,50,51,54,56,61,67,68,72,75,76,78
115005215,2026/01/26,1,4,11,13,14,21,24,26,37,38,42,43,46,49,54,62,63,69,72,74
115005216,2026/01/26,1,5,11,13,18,19,29,31,34,40,41,42,44,48,65,73,74,75,76,78
115005217,2026/01/26,4,7,13,18,19,23,29,31,37,39,40,43,50,56,58,60,69,75,76,77
115005218,2026/01/26,1,2,7,13,20,25,30,36,38,39,50,56,60,65,66,68,71,72,73,80
115005219,2026/01/26,2,3,6,14,18,20,22,31,33,34,45,46,52,53,54,68,73,74,76,77
115005220,2026/01/26,3,5,6,7,18,22,26,32,38,39,44,49,51,52,53,66,74,78,79,80
115005221,2026/01/26,4,14,22,24,28,30,39,42,45,46,47,60,62,65,68,71,72,77,78,80
115005222,2026/01/26,1,3,11,12,13,14,15,17,19,23,28,34,36,41,46,52,56,58,76,80
115005223,2026/01/26,9,22,24,28,33,35,36,41,42,43,48,50,58,59,61,63,68,70,73,75
115005224,2026/01/26,6,10,20,30,31,36,37,46,48,50,51,52,55,56,63,64,74,75,76,77
115005225,2026/01/26,4,5,10,13,18,23,26,29,32,36,38,40,46,53,57,58,65,68,71,73
115005226,2026/01/26,2,5,7,8,19,24,25,26,27,29,35,38,41,58,59,60,63,66,69,71
115005227,2026/01/26,2,7,9,15,18,20,25,28,37,43,45,53,54,61,62,63,69,74,78,80
115005228,2026/01/26,1,11,14,17,19,22,26,31,32,34,40,41,42,43,47,52,55,58,62,65
115005229,2026/01/26,1,6,15,18,20,26,27,31,33,36,42,50,52,56,58,63,66,71,72,79
115005230,2026/01/26,1,9,14,16,34,38,39,46,48,49,52,53,54,55,57,63,69,72,75,79
115005231,2026/01/26,5,8,11,16,17,23,27,28,34,43,45,47,49,55,60,64,66,68,71,79
115005232,2026/01/26,4,9,13,20,22,32,33,35,39,41,42,46,50,60,62,72,75,78,79,80
115005233,2026/01/26,7,10,12,15,16,41,42,43,47,49,51,57,61,62,63,69,70,73,74,78
115005234,2026/01/26,3,4,9,12,17,18,21,24,26,27,34,37,46,52,53,59,60,72,74,79
115005235,2026/01/26,2,20,21,27,28,34,38,43,47,49,50,55,61,62,63,65,70,71,72,74
115005236,2026/01/26,2,3,8,13,15,24,27,34,35,36,37,41,44,47,56,62,63,71,76,78
115005237,2026/01/26,1,5,10,16,32,33,40,44,45,48,50,55,59,61,63,64,66,72,77,80
115005238,2026/01/26,2,8,10,11,17,24,26,30,32,38,48,50,51,57,58,61,62,64,67,71
115005239,2026/01/26,1,3,6,12,21,27,31,32,34,35,40,49,54,57,58,59,60,63,76,78
115005240,2026/01/26,5,8,11,15,16,21,25,31,35,37,38,45,53,57,71,72,73,77,78,79
115005241,2026/01/26,2,6,12,15,18,20,23,28,31,32,35,38,39,45,46,50,66,69,73,77
115005242,2026/01/26,3,7,11,12,17,18,27,28,30,31,43,44,46,49,51,52,58,69,70,76
115005243,2026/01/26,8,17,21,23,24,26,29,32,33,34,39,48,53,54,62,65,68,71,79,80
115005244,2026/01/26,3,9,16,19,22,23,25,36,38,41,42,52,55,56,60,66,72,73,75,76
115005245,2026/01/26,3,9,11,13,15,18,19,24,28,31,34,40,47,58,60,62,64,67,71,74
115005246,2026/01/26,1,8,23,27,30,34,36,37,40,42,43,44,48,55,58,61,67,73,74,80
115005247,2026/01/26,8,13,14,18,20,22,26,31,33,35,36,44,51,52,56,60,64,68,76,80
115005248,2026/01/26,8,10,11,14,22,28,37,42,47,48,53,55,58,63,68,69,70,73,75,79
115005249,2026/01/26,2,3,5,14,16,27,28,33,34,38,41,42,48,57,62,72,76,77,78,80
115005250,2026/01/26,1,4,5,8,14,16,20,21,26,30,31,38,45,46,49,52,53,60,65,71
115005251,2026/01/26,3,10,11,13,18,19,21,22,32,36,41,42,46,47,49,58,68,73,74,75
115005252,2026/01/26,10,15,16,23,26,27,28,30,41,44,46,53,54,57,62,64,71,72,74,80
115005253,2026/01/26,3,6,10,16,19,30,34,36,43,51,54,57,59,64,67,70,73,74,75,80
115005254,2026/01/26,7,8,12,13,16,19,30,37,38,39,42,48,51,56,60,63,68,74,76,79
115005255,2026/01/26,1,16,22,27,29,30,31,32,36,39,40,42,48,49,52,58,63,67,69,75
115005256,2026/01/26,1,3,12,14,19,22,24,30,32,36,37,39,46,47,49,55,60,66,73,79
115005257,2026/01/26,2,10,12,16,21,29,31,33,37,40,43,44,47,52,54,57,58,60,61,64
115005258,2026/01/26,12,13,22,24,30,32,33,35,38,39,42,48,51,56,59,60,70,71,72,77
115005259,2026/01/26,5,7,12,16,23,29,42,43,44,45,47,51,54,57,59,60,62,68,74,80
115005260,2026/01/26,5,10,11,15,24,25,27,28,32,42,46,50,57,63,66,67,70,72,73,78
115005261,2026/01/26,3,6,11,22,23,29,35,37,39,44,46,47,51,58,60,61,63,68,70,72
115005262,2026/01/26,7,8,10,27,30,37,39,42,45,46,51,53,57,60,63,67,68,69,73,78
115005263,2026/01/26,1,5,10,13,15,16,25,26,32,34,39,40,52,60,63,65,68,70,71,79
115005264,2026/01/26,6,7,17,22,30,32,42,45,57,58,59,60,61,66,67,69,70,71,73,75
115005265,2026/01/26,5,6,7,8,9,14,21,45,46,51,57,60,61,64,72,74,75,76,77,79
115005266,2026/01/26,1,2,3,12,14,19,28,31,36,41,45,54,56,63,67,72,73,76,79,80
115005267,2026/01/26,1,4,7,8,13,19,28,34,39,46,48,49,54,57,63,65,66,71,77,79
115005268,2026/01/26,7,15,25,26,27,41,42,44,46,53,65,66,67,69,70,72,75,76,77,80
115005269,2026/01/26,4,8,13,14,16,17,19,32,33,35,41,43,48,53,54,60,64,69,71,79
115005270,2026/01/26,6,8,10,11,12,15,26,29,37,39,41,42,45,48,55,65,72,74,76,77
115005271,2026/01/26,5,13,17,19,22,25,33,34,38,40,42,46,57,61,68,73,74,75,76,78
115005272,2026/01/26,4,8,14,21,35,37,44,46,47,48,51,56,57,59,64,70,73,75,76,79
115005273,2026/01/26,9,10,18,19,20,24,28,30,35,36,46,49,50,51,53,57,62,75,79,80
115005274,2026/01/26,2,6,8,20,28,34,39,44,47,53,54,56,59,62,64,66,67,68,72,79
115005275,2026/01/26,1,2,6,8,9,17,19,20,21,30,36,39,43,48,61,65,66,68,70,79
115005276,2026/01/26,6,21,24,28,30,31,32,33,38,39,42,52,54,55,56,57,58,69,73,78
115005277,2026/01/26,6,9,13,24,28,31,37,38,41,45,48,53,57,61,63,65,69,70,76,78
115005278,2026/01/26,2,3,8,15,17,20,21,22,26,27,30,34,38,41,48,53,54,60,64,77
115005279,2026/01/27,5,8,9,15,17,20,22,23,30,35,43,45,46,47,54,56,66,67,75,80
115005280,2026/01/27,8,15,17,18,20,23,24,25,27,28,30,36,46,47,50,56,63,70,74,76
115005281,2026/01/27,1,2,3,4,5,10,11,17,18,21,25,47,48,49,52,54,57,58,63,64
115005282,2026/01/27,1,2,7,11,17,19,28,34,40,43,49,50,56,63,66,67,69,76,78,80
115005283,2026/01/27,2,7,8,9,10,16,25,27,30,31,36,53,56,58,61,65,66,77,78,79
115005284,2026/01/27,6,12,16,20,27,37,39,40,43,45,46,48,56,61,63,64,70,71,73,77
115005285,2026/01/27,4,5,20,23,28,31,34,42,43,46,47,50,54,56,60,61,65,66,72,75
115005286,2026/01/27,6,9,18,20,23,35,40,43,44,45,48,52,57,60,65,68,70,72,74,77
115005287,2026/01/27,4,6,7,10,13,19,22,26,32,33,38,44,45,46,52,56,63,70,72,75
115005288,2026/01/27,5,7,10,12,18,19,25,27,34,38,41,43,47,52,56,61,64,67,68,70
115005289,2026/01/27,3,6,9,10,17,19,20,32,35,40,42,43,46,51,55,56,64,67,70,72
115005290,2026/01/27,5,13,16,19,20,26,27,35,45,49,50,53,54,57,59,61,64,67,73,79
115005291,2026/01/27,9,10,16,18,19,22,26,34,36,40,43,47,51,54,55,56,62,66,73,77
115005292,2026/01/27,9,11,13,14,15,18,19,26,36,44,46,48,51,52,53,54,55,65,75,80
115005293,2026/01/27,7,8,10,11,16,22,25,26,27,32,37,44,48,49,63,69,71,73,75,77
115005294,2026/01/27,4,10,11,13,20,24,29,30,32,36,48,50,56,58,59,61,62,64,65,70
115005295,2026/01/27,1,8,11,22,24,26,29,31,39,43,45,50,52,53,54,58,66,67,70,74
115005296,2026/01/27,1,3,8,9,23,39,40,45,46,49,51,60,64,65,66,68,70,72,74,75
115005297,2026/01/27,6,9,10,22,23,24,27,29,30,31,32,34,36,39,43,45,48,50,55,60
115005298,2026/01/27,10,11,12,20,21,23,30,32,46,49,50,55,56,62,63,66,67,75,76,79
115005299,2026/01/27,1,4,5,7,11,12,15,21,23,34,39,49,55,57,58,60,62,66,70,79
115005300,2026/01/27,3,4,7,12,19,22,30,38,39,40,41,46,47,58,59,60,61,62,65,73
115005301,2026/01/27,1,5,8,9,10,25,31,32,34,37,38,40,41,53,59,63,65,66,71,73
115005302,2026/01/27,3,5,6,8,9,11,20,24,25,32,33,35,44,47,48,51,61,72,76,77
115005303,2026/01/27,8,12,13,22,24,26,28,29,36,38,43,45,46,58,60,61,67,74,75,78
115005304,2026/01/27,4,6,8,14,25,28,32,34,37,40,43,54,55,56,57,58,60,62,65,66
115005305,2026/01/27,2,3,21,28,31,32,34,35,39,43,44,46,49,50,54,61,66,73,76,78
115005306,2026/01/27,2,8,13,20,28,29,30,31,32,33,36,37,39,45,47,56,63,64,66,77
115005307,2026/01/27,1,7,11,17,22,24,25,34,36,40,53,55,57,60,63,67,70,71,72,77
115005308,2026/01/27,2,6,8,11,13,14,17,18,23,28,29,38,40,47,48,55,60,66,70,74
115005309,2026/01/27,2,5,6,8,9,16,19,22,34,35,36,45,49,55,56,60,63,71,74,78
115005310,2026/01/27,17,18,20,23,26,27,33,35,38,40,44,49,50,57,59,65,67,69,76,78
115005311,2026/01/27,5,6,10,20,27,32,33,34,38,42,43,46,52,55,56,60,62,68,69,77
115005312,2026/01/27,3,4,6,7,17,21,22,23,29,34,38,44,47,57,58,60,65,69,74,77
115005313,2026/01/27,3,4,8,9,10,12,15,17,25,26,30,32,35,36,41,46,47,52,67,73
115005314,2026/01/27,8,15,18,24,27,34,38,41,42,52,59,61,62,65,67,68,71,73,78,80
115005315,2026/01/27,1,3,7,25,26,29,31,34,35,43,45,50,55,57,58,61,66,68,74,76
115005316,2026/01/27,4,9,11,12,13,16,20,21,23,24,28,41,42,43,49,55,62,65,66,67
115005317,2026/01/27,4,7,8,16,17,19,24,35,38,39,50,51,56,63,67,68,69,78,79,80
115005318,2026/01/27,4,5,7,11,16,20,27,34,43,44,57,60,62,63,65,73,75,76,78,80
115005319,2026/01/27,3,5,6,7,10,27,30,32,34,37,42,43,46,51,52,53,58,62,68,80
115005320,2026/01/27,2,5,10,13,23,24,27,32,38,43,48,50,61,62,65,72,74,77,78,79
115005321,2026/01/27,3,10,14,15,16,18,24,37,46,48,49,54,58,60,66,67,72,76,78,79
115005322,2026/01/27,6,7,9,11,14,18,27,28,31,34,38,42,49,54,66,68,70,72,75,80
115005323,2026/01/27,2,3,8,17,19,20,27,32,40,41,42,45,47,49,54,55,57,71,76,80
115005324,2026/01/27,1,3,5,9,10,12,13,39,45,47,49,52,56,57,60,62,65,70,71,72
115005325,2026/01/27,3,4,5,7,11,17,20,30,31,38,43,46,48,49,52,53,62,66,70,75
115005326,2026/01/27,6,9,12,13,16,18,24,25,26,32,37,41,44,46,49,57,63,64,79,80
115005327,2026/01/27,6,8,9,10,11,16,17,24,28,33,42,45,47,52,55,57,64,71,74,79
115005328,2026/01/27,6,7,9,16,21,22,26,27,31,32,38,44,49,56,58,64,67,74,77,80
115005329,2026/01/27,2,7,8,9,11,13,16,17,22,38,39,40,41,45,55,59,63,65,71,74
115005330,2026/01/27,1,3,5,9,13,15,21,30,33,37,42,47,52,59,60,63,65,73,76,80
115005331,2026/01/27,3,4,6,7,20,28,29,30,32,36,40,42,50,52,53,57,64,72,79,80
115005332,2026/01/27,3,5,10,16,18,22,26,29,34,39,42,43,54,61,62,67,68,75,77,78
115005333,2026/01/27,10,11,13,20,27,32,39,41,46,51,56,58,59,61,62,64,65,71,78,80
115005334,2026/01/27,4,5,10,11,14,15,20,21,25,28,29,30,39,40,46,47,52,61,63,79
115005335,2026/01/27,2,5,7,22,27,28,33,35,37,39,47,55,59,61,64,66,68,70,73,74
115005336,2026/01/27,1,3,7,9,22,26,27,34,36,37,48,52,53,56,60,64,74,76,77,80
115005337,2026/01/27,3,7,17,21,24,30,34,39,40,49,51,53,56,60,66,67,70,71,73,77
115005338,2026/01/27,20,21,22,23,24,27,30,41,42,46,47,50,53,56,57,61,64,70,71,73
115005339,2026/01/27,6,11,12,23,30,31,32,38,41,44,47,54,57,58,68,69,72,74,75,79
115005340,2026/01/27,1,2,4,6,7,8,10,11,12,28,31,35,38,46,47,52,55,68,69,76
115005341,2026/01/27,6,7,14,22,25,26,27,30,31,33,36,37,39,45,47,50,52,57,72,78
115005342,2026/01/27,1,2,4,8,12,16,20,21,24,33,37,38,39,50,52,59,60,70,71,73
115005343,2026/01/27,5,10,11,12,14,16,17,24,26,28,38,40,41,46,47,59,62,63,70,77
115005344,2026/01/27,2,6,10,19,22,23,26,28,31,33,38,41,42,43,46,53,69,71,75,80
115005345,2026/01/27,2,6,7,13,16,24,28,31,34,40,51,53,55,58,64,69,71,73,78,79
115005346,2026/01/27,4,6,8,14,16,20,22,24,30,34,39,44,46,50,54,56,68,70,73,77
115005347,2026/01/27,1,12,13,16,18,22,25,28,29,37,38,39,43,45,46,51,60,70,71,80
115005348,2026/01/27,1,5,6,10,11,12,26,32,34,39,40,43,47,49,56,68,73,76,77,80
115005349,2026/01/27,4,7,15,17,18,20,22,23,27,29,32,35,41,50,53,55,62,66,71,80
115005350,2026/01/27,6,7,11,13,17,19,27,30,31,36,40,41,42,43,45,47,50,55,57,74
115005351,2026/01/27,6,8,12,13,16,22,23,24,25,27,39,40,43,48,51,57,58,61,76,77
115005352,2026/01/27,2,4,10,12,14,17,18,21,26,29,31,33,35,37,43,48,50,70,72,78
115005353,2026/01/27,14,15,21,27,28,36,43,48,50,51,53,56,57,59,60,62,63,66,68,80
115005354,2026/01/27,1,2,3,8,9,14,18,21,24,29,30,31,33,34,51,53,65,70,73,78
115005355,2026/01/27,3,5,6,17,20,28,31,36,39,43,46,48,51,56,58,59,68,74,76,79
115005356,2026/01/27,5,8,14,16,17,18,19,20,22,32,36,41,43,46,49,53,62,64,66,74
115005357,2026/01/27,2,14,18,21,24,26,36,37,41,47,48,54,57,63,68,69,71,75,76,80
115005358,2026/01/27,4,16,17,23,28,29,31,36,37,44,48,51,55,62,64,68,72,73,77,80
115005359,2026/01/27,3,14,18,22,24,26,34,40,41,42,44,53,59,63,64,65,69,70,72,73
115005360,2026/01/27,1,3,8,9,11,12,18,23,26,40,48,50,55,58,61,62,65,67,69,75
115005361,2026/01/27,1,10,18,19,23,24,36,37,38,47,48,49,56,57,59,61,65,71,75,76
115005362,2026/01/27,1,11,12,16,21,24,27,29,38,39,40,46,47,50,52,58,64,69,70,74
115005363,2026/01/27,8,12,16,23,24,26,34,37,42,43,44,45,48,53,56,61,63,64,68,73
115005364,2026/01/27,2,6,9,20,22,24,25,26,28,33,38,40,41,42,44,48,63,78,79,80
115005365,2026/01/27,3,5,6,10,11,13,16,17,27,34,41,44,48,49,51,54,57,70,72,76
115005366,2026/01/27,1,9,11,16,22,26,29,30,32,33,35,36,37,46,54,55,56,58,74,77
115005367,2026/01/27,6,7,9,11,12,13,16,17,20,23,26,29,35,62,64,68,69,70,75,80
115005368,2026/01/27,1,2,8,22,25,30,34,35,37,45,46,47,54,59,60,65,69,77,79,80
115005369,2026/01/27,2,7,9,11,23,25,33,35,43,49,51,52,55,56,57,61,63,64,76,80
115005370,2026/01/27,3,10,14,18,22,25,29,31,36,37,39,45,59,62,64,65,69,75,78,80
115005371,2026/01/27,1,2,3,9,22,25,29,40,42,46,48,54,55,57,60,63,64,67,73,74
115005372,2026/01/27,1,4,8,10,12,14,16,20,39,40,46,49,50,53,54,63,66,71,73,74
115005373,2026/01/27,4,6,9,11,18,23,28,29,30,33,44,46,51,54,58,66,72,73,75,78
115005374,2026/01/27,10,14,19,20,21,24,28,29,32,33,37,40,43,51,60,65,69,70,71,78
115005375,2026/01/27,6,10,16,17,20,24,25,27,30,32,37,43,50,51,59,60,61,66,76,78
115005376,2026/01/27,5,10,13,16,18,31,34,38,44,46,50,58,59,61,65,67,72,76,77,79
115005377,2026/01/27,15,17,20,24,29,32,34,38,44,50,51,55,57,61,66,69,70,71,72,77
115005378,2026/01/27,11,20,22,24,26,27,28,33,37,39,43,47,52,53,58,59,60,68,74,77
115005379,2026/01/27,1,2,4,5,10,15,16,17,19,23,24,28,37,39,47,52,59,60,61,77
115005380,2026/01/27,6,11,14,20,27,28,29,31,38,39,42,43,45,51,53,54,66,68,79,80
115005381,2026/01/27,14,15,21,22,26,31,35,49,50,52,54,55,57,60,62,65,67,72,76,80
115005382,2026/01/27,4,8,12,13,14,17,21,22,23,25,28,30,31,35,40,46,63,65,70,74
115005383,2026/01/27,7,12,19,22,24,26,27,35,41,44,46,56,60,64,67,68,69,70,77,80
115005384,2026/01/27,3,6,9,14,20,24,25,26,27,30,32,33,37,41,42,60,61,68,70,75
115005385,2026/01/27,7,10,18,20,22,23,25,26,28,37,43,48,50,54,57,58,60,70,78,80
115005386,2026/01/27,2,10,14,24,25,26,28,36,37,39,46,47,51,52,55,56,57,59,64,73
115005387,2026/01/27,1,3,11,15,19,27,29,30,31,33,34,35,42,45,47,49,54,56,58,79
115005388,2026/01/27,1,4,7,8,10,15,19,21,26,27,35,41,48,50,54,61,62,63,73,74
115005389,2026/01/27,1,2,4,5,12,16,28,33,34,41,44,47,51,52,54,57,72,74,75,78
115005390,2026/01/27,1,2,3,6,8,9,16,22,23,26,28,30,31,36,43,56,57,59,69,70
115005391,2026/01/27,1,2,3,4,9,11,13,16,21,24,37,39,41,52,55,58,62,68,71,80
115005392,2026/01/27,1,3,13,14,18,19,22,24,25,26,27,29,30,36,38,39,41,59,65,73
115005393,2026/01/27,2,4,5,6,7,13,15,19,26,27,35,45,50,54,57,59,66,73,74,75
115005394,2026/01/27,2,7,8,10,14,15,16,19,20,28,34,42,47,49,50,51,56,61,64,80
115005395,2026/01/27,6,7,11,14,17,25,26,27,36,44,45,47,48,49,52,60,61,64,74,79
115005396,2026/01/27,5,11,12,21,28,34,37,41,45,47,49,52,54,59,61,64,67,68,69,80
115005397,2026/01/27,2,10,12,14,15,17,22,23,30,39,43,45,48,58,61,62,64,67,71,80
115005398,2026/01/27,12,21,23,26,29,30,35,38,45,47,48,53,57,60,61,64,68,71,79,80
115005399,2026/01/27,5,6,12,14,23,28,31,33,41,47,51,52,56,60,62,67,72,76,79,80
115005400,2026/01/27,7,16,21,24,25,26,28,36,41,42,54,55,56,59,61,64,68,71,73,79
115005401,2026/01/27,1,3,15,16,18,21,23,26,27,39,40,41,42,50,54,63,68,71,75,80
115005402,2026/01/27,5,11,12,19,20,21,22,24,28,31,34,37,42,52,58,69,70,73,76,79
115005403,2026/01/27,2,9,10,12,15,18,20,35,36,37,41,42,49,50,55,58,65,72,77,80
115005404,2026/01/27,1,4,8,15,19,22,29,30,32,38,39,40,45,47,56,57,60,67,71,75
115005405,2026/01/27,1,2,6,17,18,24,27,30,38,41,47,51,52,53,55,60,65,67,70,78
115005406,2026/01/27,3,6,11,14,18,24,28,31,33,40,49,50,51,59,60,66,69,75,76,78
115005407,2026/01/27,7,8,19,31,39,40,44,45,46,47,50,52,57,60,61,62,63,72,76,78
115005408,2026/01/27,4,7,11,15,22,23,24,25,28,30,33,43,49,52,61,64,70,71,72,79
115005409,2026/01/27,6,9,17,18,20,21,23,24,29,30,36,37,40,42,53,54,57,61,62,70
115005410,2026/01/27,2,5,11,23,25,28,29,30,34,36,40,42,44,45,57,59,62,63,66,70
115005411,2026/01/27,1,9,10,17,19,20,23,24,25,26,29,32,42,44,52,54,60,69,75,78
115005412,2026/01/27,2,4,6,11,17,18,19,21,25,28,39,41,46,49,63,64,65,70,74,78
115005413,2026/01/27,3,8,13,16,18,22,27,30,33,37,38,39,51,53,57,59,63,65,66,78
115005414,2026/01/27,8,10,12,14,16,18,21,32,35,36,39,42,43,44,48,51,54,71,74,77
115005415,2026/01/27,1,3,7,12,13,17,19,25,27,29,31,32,36,39,43,50,51,54,76,79
115005416,2026/01/27,1,3,7,10,15,18,24,25,27,34,44,49,50,53,54,61,63,68,71,80
115005417,2026/01/27,3,5,6,7,9,12,15,18,20,21,29,30,37,44,49,57,60,63,75,78
115005418,2026/01/27,9,11,14,17,19,23,24,32,34,38,40,42,44,51,55,62,65,67,76,80
115005419,2026/01/27,3,5,8,12,15,20,21,27,29,30,38,43,44,45,46,47,54,56,65,78
115005420,2026/01/27,3,4,7,16,17,21,28,34,35,38,39,41,42,44,46,54,55,57,67,68
115005421,2026/01/27,2,3,4,6,13,17,19,20,27,28,33,50,51,52,53,56,64,65,72,80
115005422,2026/01/27,2,3,8,12,18,20,23,27,42,54,57,58,59,63,65,69,71,75,78,80
115005423,2026/01/27,1,6,8,10,11,16,20,22,23,37,43,56,58,60,61,65,66,72,74,79
115005424,2026/01/27,2,10,11,15,22,24,26,28,32,40,42,43,44,47,49,58,60,65,71,76
115005425,2026/01/27,2,15,17,18,29,30,32,34,36,45,48,51,52,55,56,70,72,74,75,79
115005426,2026/01/27,1,5,10,13,15,17,19,21,24,29,31,32,35,40,48,50,52,64,65,71
115005427,2026/01/27,2,4,5,11,13,17,23,25,30,31,35,38,46,47,50,61,63,75,77,79
115005428,2026/01/27,1,4,6,10,14,25,28,31,36,43,44,50,56,60,64,70,72,73,75,79
115005429,2026/01/27,1,4,8,10,13,18,19,23,28,35,36,37,53,62,64,69,70,71,79,80
115005430,2026/01/27,5,18,28,32,34,37,38,39,41,45,47,54,55,57,59,60,62,64,65,72
115005431,2026/01/27,5,8,17,19,21,22,24,25,27,31,40,47,51,62,64,66,69,74,77,79
115005432,2026/01/27,8,16,17,26,27,28,29,34,37,46,48,52,54,55,61,67,74,76,79,80
115005433,2026/01/27,3,4,10,12,15,18,26,30,33,35,36,44,50,59,60,71,72,74,78,80
115005434,2026/01/27,1,3,8,10,11,14,20,28,34,40,47,48,57,59,60,61,62,64,67,78
115005435,2026/01/27,1,5,11,12,22,29,34,36,38,45,49,54,56,57,60,69,71,73,77,80
115005436,2026/01/27,2,5,14,16,18,22,23,38,39,42,44,56,57,58,59,60,62,76,77,79
115005437,2026/01/27,1,6,7,12,16,20,23,25,30,39,46,47,50,53,55,58,63,72,73,80
115005438,2026/01/27,2,4,12,13,15,19,20,24,27,28,33,39,53,60,61,62,63,65,67,77
115005439,2026/01/27,1,2,4,9,11,14,19,20,22,25,35,41,42,44,46,47,55,65,68,78
115005440,2026/01/27,9,12,17,21,23,28,34,40,44,48,51,53,56,57,60,62,63,64,67,69
115005441,2026/01/27,3,4,12,22,27,28,31,35,37,38,40,43,49,50,51,56,59,61,68,78
115005442,2026/01/27,1,11,12,18,20,22,25,27,30,32,33,40,50,51,52,56,58,61,70,80
115005443,2026/01/27,1,3,4,5,13,17,20,23,28,30,37,43,47,51,53,59,60,62,69,75
115005444,2026/01/27,1,7,15,17,23,26,34,40,42,47,48,49,52,53,57,58,62,64,65,66
115005445,2026/01/27,3,4,6,11,13,17,26,30,37,38,46,47,51,57,64,68,69,70,72,73
115005446,2026/01/27,4,5,6,10,21,25,26,29,39,50,52,57,59,67,68,69,70,76,78,79
115005447,2026/01/27,5,11,16,17,19,25,27,28,35,36,47,48,52,54,56,66,70,71,77,78
115005448,2026/01/27,2,3,8,9,19,20,23,25,27,31,32,33,34,42,54,59,62,67,68,70
115005449,2026/01/27,8,13,16,17,19,28,29,30,37,41,44,48,49,52,54,61,62,64,69,75
115005450,2026/01/27,1,2,6,15,22,26,27,44,45,47,51,54,60,64,65,69,72,77,78,80
115005451,2026/01/27,1,5,6,8,14,17,28,40,41,45,47,50,51,56,58,65,69,70,76,77
115005452,2026/01/27,2,3,4,6,7,14,16,18,19,20,23,26,29,30,31,35,37,43,46,75
115005453,2026/01/27,6,9,10,13,14,17,26,30,32,39,40,46,51,59,60,67,69,73,75,78
115005454,2026/01/27,2,19,30,34,36,38,39,43,49,51,53,58,59,60,62,64,65,66,69,75
115005455,2026/01/27,1,4,13,16,17,19,29,30,31,38,40,46,47,50,52,61,62,63,69,73
115005456,2026/01/27,6,7,18,20,22,24,29,30,32,52,53,56,57,58,60,65,66,73,77,80
115005457,2026/01/27,17,18,25,28,30,31,33,40,50,53,56,63,65,66,67,68,70,72,79,80
115005458,2026/01/27,6,10,11,14,15,21,24,26,27,38,40,41,42,45,59,68,71,75,78,79
115005459,2026/01/27,3,5,11,16,23,24,25,36,38,40,44,54,57,64,65,67,71,72,74,78
115005460,2026/01/27,8,11,18,20,24,29,31,32,33,36,42,43,45,47,49,53,55,67,68,71
115005461,2026/01/27,8,16,17,24,27,30,31,32,36,38,42,52,53,57,60,61,63,65,73,75
115005462,2026/01/27,4,5,6,13,16,18,21,28,30,36,43,47,51,52,53,56,59,66,71,73
115005463,2026/01/27,5,8,12,15,17,19,29,33,39,42,45,47,50,51,64,67,70,75,78,80
115005464,2026/01/27,2,10,16,18,19,20,28,29,34,40,43,44,47,53,55,61,62,67,76,78
115005465,2026/01/27,7,12,13,17,20,22,32,44,46,47,50,51,54,57,58,62,64,66,70,77
115005466,2026/01/27,9,15,16,21,29,33,35,36,39,42,47,55,59,66,70,71,72,73,75,79
115005467,2026/01/27,5,7,12,15,16,20,22,23,28,32,35,37,43,47,49,61,64,69,70,78
115005468,2026/01/27,1,7,8,13,18,19,22,35,40,42,46,50,54,57,61,62,68,72,74,78
115005469,2026/01/27,2,3,10,16,17,20,21,30,48,49,50,53,56,57,58,65,72,74,76,77
115005470,2026/01/27,6,8,11,21,26,36,46,47,51,52,61,62,63,67,71,72,73,75,78,79
115005471,2026/01/27,1,6,8,9,15,18,22,27,28,30,37,43,47,51,52,59,70,74,77,78
115005472,2026/01/27,2,6,8,11,14,16,22,24,26,31,34,37,39,43,45,47,50,76,79,80
115005473,2026/01/27,5,6,8,10,17,21,27,32,36,40,41,42,48,52,56,62,64,71,74,75
115005474,2026/01/27,8,11,12,18,20,22,29,36,37,43,48,52,62,63,64,66,71,74,75,77
115005475,2026/01/27,6,7,9,17,30,35,36,38,41,52,53,57,61,70,71,72,73,76,78,79
115005476,2026/01/27,4,8,14,15,16,17,25,40,43,47,49,52,54,65,66,67,70,73,79,80
115005477,2026/01/27,1,2,5,8,13,15,16,21,29,31,36,38,39,52,59,64,65,71,76,77
115005478,2026/01/27,4,5,6,11,12,20,26,27,29,33,41,42,54,57,58,59,63,71,72,74
115005479,2026/01/27,5,6,9,13,18,20,22,31,32,37,38,39,41,42,51,63,64,72,76,78
115005480,2026/01/27,2,6,9,13,17,19,20,27,42,47,48,49,53,55,62,65,68,73,79,80
115005481,2026/01/27,11,14,15,25,34,36,37,40,43,46,50,51,54,58,69,70,74,77,79,80
115005482,2026/01/28,2,4,9,16,21,28,29,30,31,33,40,41,47,55,61,67,70,73,77,80
115005483,2026/01/28,1,5,17,22,23,24,30,31,34,37,39,41,42,46,54,56,59,62,65,69
115005484,2026/01/28,4,6,7,9,10,16,20,33,37,38,41,44,45,57,59,70,73,74,76,79
115005485,2026/01/28,5,7,11,16,21,25,27,40,45,46,55,58,59,62,63,64,68,69,74,79
115005486,2026/01/28,2,5,6,13,19,23,30,36,37,38,40,46,51,53,63,65,71,74,76,79
115005487,2026/01/28,3,5,6,9,12,18,21,23,29,34,37,38,39,48,53,56,64,71,72,73
115005488,2026/01/28,5,7,9,11,12,13,29,30,32,33,34,36,47,48,52,58,62,69,70,76
115005489,2026/01/28,5,6,8,11,12,16,17,24,28,30,31,34,40,41,46,51,53,54,64,76
115005490,2026/01/28,3,9,18,19,21,25,27,33,41,42,43,45,52,53,58,61,63,68,77,80
115005491,2026/01/28,1,4,5,9,13,15,16,28,34,35,37,38,40,49,51,53,60,64,66,68
115005492,2026/01/28,1,2,5,7,11,26,27,30,36,39,40,53,54,55,57,63,65,66,69,70
115005493,2026/01/28,9,12,21,22,25,27,32,37,39,48,53,56,57,61,63,67,68,70,73,78
115005494,2026/01/28,9,13,18,25,29,36,38,44,46,51,54,60,61,68,69,70,71,76,77,79
115005495,2026/01/28,5,10,11,17,18,19,22,24,36,38,40,51,55,59,60,62,65,73,75,80
115005496,2026/01/28,1,11,13,17,18,19,28,42,43,48,49,50,54,55,60,61,62,63,69,70
115005497,2026/01/28,2,8,10,15,20,21,23,24,26,27,34,36,38,40,41,47,48,59,76,79
115005498,2026/01/28,2,6,7,9,11,12,15,17,19,20,30,32,46,48,49,65,71,72,74,76
115005499,2026/01/28,1,4,7,16,17,21,23,26,34,35,44,45,46,56,60,63,64,71,72,79
115005500,2026/01/28,2,3,7,13,18,20,24,32,33,34,38,42,43,51,68,69,71,74,75,78
115005501,2026/01/28,6,7,13,21,26,32,33,37,45,50,51,58,60,62,63,74,75,77,79,80
115005502,2026/01/28,8,11,15,18,23,25,37,43,44,45,50,57,59,61,67,68,69,71,77,80
115005503,2026/01/28,5,7,14,16,20,21,25,36,38,40,43,45,48,51,52,56,63,64,65,66
115005504,2026/01/28,5,7,8,12,13,14,17,22,26,30,31,40,41,42,51,60,66,76,77,78
115005505,2026/01/28,1,10,14,21,23,24,25,28,30,34,43,49,59,63,64,65,73,75,76,79
115005506,2026/01/28,5,12,20,21,23,25,28,33,40,43,44,49,50,54,57,61,68,69,70,72
115005507,2026/01/28,8,10,11,14,18,19,21,24,29,31,42,48,54,62,63,68,70,73,75,79
115005508,2026/01/28,3,6,17,27,28,37,41,44,55,56,58,59,62,63,67,69,70,72,73,79
115005509,2026/01/28,4,6,12,14,17,25,29,35,38,43,46,49,53,56,59,67,69,73,75,79
115005510,2026/01/28,8,9,11,12,14,19,20,21,23,25,31,52,55,57,61,63,71,72,76,78
115005511,2026/01/28,2,4,7,8,22,26,33,37,38,44,46,51,53,60,61,63,65,69,72,73
115005512,2026/01/28,15,16,23,24,27,28,30,39,43,46,52,54,55,61,63,66,71,73,74,80
115005513,2026/01/28,11,12,15,16,21,22,27,28,35,36,37,38,39,43,47,50,54,74,78,80
115005514,2026/01/28,4,13,18,23,26,32,33,34,38,41,42,44,52,58,59,63,64,68,77,79
115005515,2026/01/28,1,2,9,10,12,13,19,21,24,38,39,40,49,52,59,68,71,73,74,77
115005516,2026/01/28,1,7,10,14,15,24,29,31,32,33,34,35,36,43,50,56,60,63,67,79
115005517,2026/01/28,4,9,17,21,29,33,36,45,46,47,48,54,61,63,64,66,67,72,73,80
115005518,2026/01/28,2,4,7,11,12,15,16,18,31,41,43,49,58,60,66,67,72,75,76,79
115005519,2026/01/28,1,7,10,19,21,25,27,30,33,34,37,42,43,51,59,61,64,74,79,80
115005520,2026/01/28,5,7,10,11,17,21,22,27,28,38,45,57,58,61,62,64,72,74,76,78
115005521,2026/01/28,3,4,11,14,16,19,22,24,32,43,46,48,60,63,64,67,68,70,72,76
115005522,2026/01/28,6,10,11,13,16,21,27,28,31,34,36,44,47,53,59,60,67,69,71,79
115005523,2026/01/28,3,4,10,11,17,19,20,28,32,39,48,52,53,56,61,67,74,75,76,78
115005524,2026/01/28,4,5,8,10,11,12,13,19,22,23,25,27,32,37,49,51,55,58,75,77
115005525,2026/01/28,6,8,10,14,22,25,27,29,30,31,34,43,46,50,51,52,59,62,64,77
115005526,2026/01/28,3,9,15,18,20,22,23,25,31,35,44,52,54,55,59,62,63,74,75,77
115005527,2026/01/28,5,7,8,9,12,13,14,15,20,21,37,45,46,51,57,60,62,73,77,80
115005528,2026/01/28,2,3,4,15,18,22,23,30,42,43,44,51,56,60,64,66,68,76,79,80
115005529,2026/01/28,1,3,5,10,19,23,26,30,34,38,39,42,43,49,57,64,65,66,67,74
115005530,2026/01/28,2,11,12,14,22,23,28,32,33,34,36,41,42,46,49,50,63,68,72,78
115005531,2026/01/28,6,9,24,25,27,29,35,36,44,45,53,57,59,61,62,65,67,76,77,78
115005532,2026/01/28,16,19,27,28,29,30,32,33,37,44,45,49,50,51,54,55,58,64,66,69
115005533,2026/01/28,1,2,4,9,11,15,16,17,32,33,38,40,50,57,63,68,69,75,77,79
115005534,2026/01/28,7,18,20,26,28,29,36,37,40,41,47,55,57,62,64,66,67,72,75,79
115005535,2026/01/28,8,11,12,16,18,25,30,34,36,42,48,55,56,58,59,62,63,78,79,80
115005536,2026/01/28,4,6,7,9,10,13,18,20,23,24,43,44,55,56,63,64,69,70,71,79
115005537,2026/01/28,2,7,18,19,22,23,26,30,38,47,48,54,55,57,58,61,63,65,72,79
115005538,2026/01/28,1,11,12,17,19,20,21,26,27,32,33,36,51,54,57,58,62,66,71,79
115005539,2026/01/28,1,5,13,15,20,22,23,36,45,49,53,54,58,61,62,64,66,73,76,80
115005540,2026/01/28,1,4,14,16,17,20,22,33,37,38,49,52,57,63,65,67,71,74,78,79
115005541,2026/01/28,9,22,25,28,36,37,38,42,47,48,49,51,54,57,69,71,74,77,79,80
115005542,2026/01/28,3,10,14,18,20,25,26,27,28,39,44,52,63,64,66,68,69,74,75,76
115005543,2026/01/28,4,11,12,15,18,22,33,34,35,39,46,51,57,60,62,64,68,72,77,80
115005544,2026/01/28,5,6,7,16,20,25,26,33,34,35,36,37,42,44,48,53,62,71,72,79
115005545,2026/01/28,3,8,9,13,22,27,31,37,44,47,50,54,55,56,58,60,61,64,76,78
115005546,2026/01/28,5,8,10,12,14,17,20,21,25,26,29,35,46,56,57,60,61,64,71,76
115005547,2026/01/28,2,4,6,8,13,17,23,27,28,31,35,45,48,51,54,55,62,71,74,76
115005548,2026/01/28,8,12,14,19,21,24,26,27,32,36,37,39,43,50,53,58,61,66,72,79
115005549,2026/01/28,5,6,8,10,12,14,16,22,26,27,29,33,38,39,55,64,65,68,71,78
115005550,2026/01/28,3,4,9,16,17,19,23,24,27,34,35,37,41,46,52,55,57,58,59,66
115005551,2026/01/28,1,7,11,15,23,29,31,33,40,46,47,56,58,59,60,64,65,69,71,72
115005552,2026/01/28,1,2,12,15,17,20,24,27,28,31,36,52,55,60,71,72,73,77,78,79
115005553,2026/01/28,7,11,17,18,22,25,32,33,40,50,53,55,56,62,63,66,69,70,72,75
115005554,2026/01/28,1,3,12,17,20,21,30,31,33,34,36,42,44,45,59,60,61,64,72,80
115005555,2026/01/28,5,8,9,10,16,28,31,35,43,44,49,51,52,61,65,67,77,78,79,80
115005556,2026/01/28,3,6,10,14,21,25,27,30,39,46,51,57,60,62,63,64,69,71,72,75
115005557,2026/01/28,1,3,4,6,11,17,19,24,29,35,36,39,47,54,56,57,58,60,62,78
115005558,2026/01/28,3,5,6,11,15,19,22,23,25,29,35,40,48,53,55,57,59,64,66,67
115005559,2026/01/28,7,9,11,12,13,17,19,21,23,32,47,48,52,59,62,64,71,74,79,80
115005560,2026/01/28,5,14,18,19,23,26,35,38,42,43,44,50,53,54,55,56,57,65,67,76
115005561,2026/01/28,1,14,15,18,21,24,25,29,32,40,45,48,51,54,60,67,74,76,78,80
115005562,2026/01/28,3,7,16,24,27,30,32,35,43,46,47,50,57,58,60,65,68,71,78,79
115005563,2026/01/28,1,7,8,22,24,27,28,31,37,42,44,54,57,58,59,62,63,68,69,79
115005564,2026/01/28,1,3,4,7,14,15,26,29,34,42,56,58,63,64,66,70,72,73,74,76
115005565,2026/01/28,6,13,14,18,20,30,32,35,38,39,52,54,56,58,66,70,71,72,73,75
115005566,2026/01/28,1,3,6,10,13,15,17,20,21,25,27,30,42,46,47,52,55,58,65,72
115005567,2026/01/28,7,8,12,15,17,23,27,36,39,43,45,49,50,63,66,68,70,71,76,77
115005568,2026/01/28,8,12,18,19,27,28,29,46,48,49,51,52,59,63,64,67,70,73,74,75
115005569,2026/01/28,11,14,22,25,26,29,31,32,33,36,37,39,41,42,45,48,58,64,68,78
115005570,2026/01/28,4,7,8,10,13,18,19,22,30,36,42,43,48,52,55,56,63,70,72,77
115005571,2026/01/28,3,8,10,15,16,24,30,41,47,51,52,54,58,61,62,67,69,71,76,79
115005572,2026/01/28,1,5,13,17,22,23,25,31,34,39,56,58,60,63,68,70,72,75,76,78
115005573,2026/01/28,4,5,10,13,16,22,27,34,39,43,44,46,50,56,59,64,68,70,74,78
115005574,2026/01/28,4,7,13,14,18,23,30,35,37,41,44,55,58,59,65,66,70,74,75,80
115005575,2026/01/28,6,7,10,16,20,21,22,24,27,28,29,31,35,48,49,52,64,67,75,80
115005576,2026/01/28,5,8,10,11,12,13,14,15,18,21,32,36,39,49,53,54,58,67,71,76
115005577,2026/01/28,3,5,7,11,14,16,17,21,26,28,32,34,36,43,52,60,66,71,75,76
115005578,2026/01/28,5,7,11,21,27,28,29,30,33,35,42,44,50,51,54,56,57,63,65,69
115005579,2026/01/28,1,2,7,11,12,13,15,21,29,39,53,56,58,60,63,64,67,70,72,73
115005580,2026/01/28,10,16,19,20,25,36,41,46,52,53,54,58,59,60,63,72,74,77,78,80
115005581,2026/01/28,6,9,14,17,19,25,27,31,36,41,48,49,53,56,58,60,64,68,73,74
115005582,2026/01/28,1,2,6,15,19,25,27,30,32,34,35,47,50,52,55,56,57,58,73,77
115005583,2026/01/28,7,8,11,13,14,19,21,25,33,34,42,43,44,50,52,57,61,63,65,66
115005584,2026/01/28,5,8,15,19,24,27,32,35,36,39,44,46,48,50,52,54,58,63,67,73
115005585,2026/01/28,5,11,14,15,18,23,27,28,29,30,40,41,44,48,53,54,64,68,69,74
115005586,2026/01/28,10,11,12,15,16,19,23,39,45,47,49,52,56,60,61,70,74,75,79,80
115005587,2026/01/28,4,7,10,14,15,20,21,26,30,31,32,36,41,42,48,53,59,66,70,75
115005588,2026/01/28,3,4,8,9,11,20,30,34,39,40,44,45,46,47,54,57,62,64,70,73
115005589,2026/01/28,1,3,4,5,7,8,11,16,17,18,20,22,42,48,50,55,60,62,66,69
115005590,2026/01/28,9,11,12,14,31,33,34,35,38,42,43,44,49,52,61,65,69,71,72,78
115005591,2026/01/28,4,5,8,9,10,11,18,20,22,24,26,29,33,50,52,55,58,60,62,69
115005592,2026/01/28,1,5,6,10,11,14,24,41,42,46,47,50,51,56,65,66,70,73,75,76
115005593,2026/01/28,5,7,15,18,21,27,28,29,30,34,36,38,39,44,61,64,72,74,75,77
115005594,2026/01/28,3,12,19,25,28,29,30,31,32,34,35,43,46,47,56,58,64,70,71,77
115005595,2026/01/28,2,5,7,8,21,24,33,34,35,37,40,43,44,46,47,51,57,58,60,65
115005596,2026/01/28,8,10,11,20,22,23,29,31,34,35,38,48,50,56,58,60,65,70,71,78
115005597,2026/01/28,2,11,16,17,23,25,28,29,33,34,37,40,41,50,58,65,67,69,73,74
115005598,2026/01/28,1,2,6,10,14,23,24,32,33,38,40,41,45,59,66,67,69,75,76,80
115005599,2026/01/28,4,10,11,13,22,24,26,30,36,37,44,46,50,51,58,61,65,66,69,73
115005600,2026/01/28,3,4,6,9,11,15,16,17,19,26,34,45,46,49,55,60,62,63,70,72
115005601,2026/01/28,11,12,19,20,28,38,43,45,48,50,53,56,61,66,67,70,71,73,74,77
115005602,2026/01/28,7,17,21,23,25,29,36,43,44,48,51,52,54,58,60,64,72,73,75,80
115005603,2026/01/28,2,3,6,7,12,20,21,22,34,35,36,37,41,53,61,62,68,69,75,77
115005604,2026/01/28,4,7,12,14,16,19,22,27,29,30,33,35,42,45,47,52,62,68,70,72
115005605,2026/01/28,1,9,13,17,27,38,39,42,44,45,46,54,60,61,67,69,71,73,74,76
115005606,2026/01/28,1,4,6,15,18,23,27,28,34,37,39,45,46,52,55,60,72,74,77,80
115005607,2026/01/28,3,5,7,10,20,26,32,36,39,43,46,47,51,54,59,62,66,68,74,76
115005608,2026/01/28,4,6,8,11,12,19,20,22,23,28,29,30,31,38,40,45,58,68,71,78
115005609,2026/01/28,7,11,12,15,19,23,25,26,30,40,42,45,46,50,58,63,64,66,75,77
115005610,2026/01/28,1,4,12,13,16,17,19,20,22,26,31,44,47,51,55,56,63,64,67,79
115005611,2026/01/28,4,26,28,29,34,37,39,43,44,45,49,50,52,55,60,63,66,74,76,78
115005612,2026/01/28,5,6,10,13,14,21,24,27,31,40,41,45,48,51,53,55,57,58,62,70
115005613,2026/01/28,2,11,12,14,20,24,28,30,34,35,40,49,53,60,62,63,67,68,72,75
115005614,2026/01/28,1,7,11,15,16,26,27,30,33,35,43,46,63,67,70,72,74,75,76,77
115005615,2026/01/28,1,4,5,6,21,29,34,35,45,50,51,54,57,61,62,63,65,66,68,79
115005616,2026/01/28,4,7,13,15,17,28,33,36,42,43,44,51,55,59,61,62,66,69,70,73
115005617,2026/01/28,1,2,3,15,25,26,32,34,35,39,41,44,51,63,64,67,69,72,74,77
115005618,2026/01/28,7,11,12,17,23,31,32,42,45,47,49,50,51,53,62,64,66,67,68,80
115005619,2026/01/28,14,21,22,34,38,39,42,46,48,49,57,61,65,68,70,71,73,75,78,80
115005620,2026/01/28,2,3,9,18,23,31,34,35,36,48,51,54,55,57,58,66,68,71,77,78
115005621,2026/01/28,2,8,12,13,14,19,23,26,32,33,36,38,42,47,50,53,57,72,77,78
115005622,2026/01/28,7,9,12,13,18,24,30,33,34,36,42,43,45,46,48,56,57,59,60,61
115005623,2026/01/28,1,2,12,14,18,24,28,30,31,34,35,37,43,46,49,63,68,70,76,80
115005624,2026/01/28,2,3,10,11,13,18,19,21,23,25,28,40,54,59,61,64,65,75,77,80
115005625,2026/01/28,8,14,18,29,33,35,39,43,49,54,55,58,59,66,69,70,72,73,76,79
115005626,2026/01/28,5,7,9,13,14,22,24,34,35,42,53,54,60,65,66,70,71,74,75,76
115005627,2026/01/28,2,3,10,13,20,22,28,29,34,36,40,41,46,47,48,52,53,63,66,78
115005628,2026/01/28,2,4,10,12,15,20,21,26,29,42,43,47,48,50,51,55,66,72,78,80
115005629,2026/01/28,2,3,12,17,20,21,22,26,28,33,35,40,45,47,48,54,55,69,72,79
115005630,2026/01/28,4,6,12,13,18,22,24,26,28,36,39,42,47,49,53,57,61,62,77,78
115005631,2026/01/28,6,10,13,18,21,29,35,46,49,50,53,55,56,60,64,66,70,72,73,79
115005632,2026/01/28,2,9,13,14,19,29,30,31,34,35,37,39,44,49,50,55,59,64,69,80
115005633,2026/01/28,2,3,9,11,15,29,35,41,43,47,49,51,52,53,59,60,63,67,70,75
115005634,2026/01/28,1,5,8,10,12,15,19,21,23,24,28,31,36,39,46,53,61,66,72,79
115005635,2026/01/28,3,12,14,17,20,22,23,27,33,38,45,46,53,54,59,63,72,73,74,77
115005636,2026/01/28,4,5,12,20,22,26,27,30,31,35,44,46,50,51,52,54,59,64,79,80
115005637,2026/01/28,3,4,15,16,19,23,24,26,32,39,42,45,50,51,52,56,59,67,77,80
115005638,2026/01/28,3,7,8,9,11,15,29,31,32,35,36,38,40,45,48,54,55,60,66,73
115005639,2026/01/28,5,8,10,11,13,14,20,26,30,31,39,40,56,60,64,67,73,74,77,79
115005640,2026/01/28,1,2,9,12,14,15,16,20,21,22,24,25,28,29,36,38,39,48,53,79
115005641,2026/01/28,1,5,6,7,8,11,12,22,32,34,35,37,39,40,43,59,62,72,73,79
115005642,2026/01/28,18,26,27,29,31,32,35,37,39,48,51,53,54,57,59,65,67,71,73,79
115005643,2026/01/28,1,2,7,8,10,13,21,29,36,39,40,42,45,46,50,55,61,62,71,73
115005644,2026/01/28,3,4,6,10,16,20,26,28,33,37,39,40,42,43,45,52,68,73,74,78
115005645,2026/01/28,2,6,11,16,23,25,27,34,37,44,48,53,54,56,60,68,75,76,77,80
115005646,2026/01/28,1,7,11,19,25,26,27,28,33,34,35,37,39,48,57,60,67,73,74,77
115005647,2026/01/28,1,12,17,18,27,29,32,35,41,42,47,49,52,56,57,61,68,75,77,80
115005648,2026/01/28,3,6,7,9,14,17,23,33,34,35,41,42,44,46,47,50,60,64,69,70
115005649,2026/01/28,1,2,6,7,16,17,18,25,28,34,36,42,50,55,56,70,73,74,76,79
115005650,2026/01/28,6,8,9,12,17,26,28,32,33,34,36,37,47,51,53,55,57,58,63,68
115005651,2026/01/28,3,4,5,6,7,13,17,21,34,35,44,49,53,55,56,57,58,60,67,71
115005652,2026/01/28,8,9,13,16,22,27,33,36,44,48,49,50,52,54,63,67,70,72,77,78
115005653,2026/01/28,3,10,12,16,20,23,25,28,30,31,32,37,38,41,45,49,51,55,61,65
115005654,2026/01/28,1,8,9,11,26,27,33,37,38,42,44,46,50,56,58,61,65,67,72,79
115005655,2026/01/28,2,3,11,12,20,24,27,28,34,38,42,44,51,55,57,63,67,71,73,77
115005656,2026/01/28,1,7,11,14,22,25,28,29,33,35,37,38,43,50,53,54,63,66,70,79
115005657,2026/01/28,1,2,7,9,13,22,26,27,32,33,36,40,43,44,52,54,58,63,71,74
115005658,2026/01/28,5,6,14,19,25,26,27,29,32,34,42,46,52,54,65,68,69,71,72,77
115005659,2026/01/28,4,5,19,24,26,29,31,33,34,40,41,47,50,51,53,60,61,71,76,78
115005660,2026/01/28,2,5,6,9,12,17,18,19,28,40,41,42,46,49,50,53,57,71,77,79
115005661,2026/01/28,4,6,7,12,14,19,33,35,37,40,42,43,48,49,53,56,57,58,77,80
115005662,2026/01/28,3,5,6,10,11,23,24,33,36,38,43,49,50,53,57,62,64,66,68,69
115005663,2026/01/28,8,14,15,17,21,24,26,32,39,42,45,50,52,58,64,66,67,71,76,77
115005664,2026/01/28,1,2,4,6,15,22,23,27,37,41,42,49,53,65,68,69,72,73,75,79
115005665,2026/01/28,3,7,8,12,14,17,18,20,21,25,44,51,54,55,67,70,72,74,76,77
115005666,2026/01/28,1,3,4,6,11,15,27,30,31,32,33,41,42,49,50,58,59,61,62,78
115005667,2026/01/28,9,12,13,21,22,25,27,29,31,35,36,37,43,45,47,50,59,61,65,76
115005668,2026/01/28,10,11,13,16,20,21,22,25,28,31,35,36,38,39,49,50,62,70,76,77
115005669,2026/01/28,3,5,7,8,13,17,22,23,27,29,39,47,48,52,53,55,61,63,65,69
115005670,2026/01/28,6,19,20,21,27,34,40,44,49,50,54,58,59,66,69,72,73,76,77,78
115005671,2026/01/28,1,2,6,10,12,15,16,25,27,32,40,44,46,51,59,72,74,76,77,78
115005672,2026/01/28,5,6,8,12,15,19,20,21,22,26,27,28,46,50,53,64,66,70,71,75
115005673,2026/01/28,3,7,11,15,16,17,20,21,23,26,44,55,56,57,63,66,67,71,72,74
115005674,2026/01/28,2,4,10,18,19,24,32,35,36,38,40,42,46,47,50,52,59,62,64,65
115005675,2026/01/28,2,3,6,13,15,16,18,32,34,37,43,50,54,56,59,60,61,76,78,79
115005676,2026/01/28,1,3,6,10,13,24,26,28,29,33,34,36,38,39,43,45,52,59,71,80
115005677,2026/01/28,15,16,20,25,27,38,43,45,46,51,52,56,57,58,59,61,68,71,79,80
115005678,2026/01/28,4,5,7,9,25,30,33,37,39,43,49,50,51,53,54,56,57,61,78,79
115005679,2026/01/28,3,5,14,18,22,24,30,32,35,37,42,44,46,59,62,63,66,68,69,75
115005680,2026/01/28,6,13,16,24,30,31,33,37,38,41,47,52,53,58,61,64,66,71,77,78
115005681,2026/01/28,5,11,19,22,25,28,34,38,40,44,45,54,58,62,63,68,71,72,73,75
115005682,2026/01/28,11,12,13,15,18,20,21,33,37,48,51,54,55,56,57,59,69,73,76,79
115005683,2026/01/28,9,12,13,28,29,36,41,47,48,50,51,53,55,58,69,70,71,74,77,80
115005684,2026/01/28,3,6,8,9,12,16,17,18,26,33,43,49,57,58,60,66,67,76,79,80
115005685,2026/01/29,2,4,6,14,19,21,30,31,32,41,43,44,45,47,49,55,65,66,76,80
115005686,2026/01/29,4,10,11,12,16,24,25,33,35,36,37,38,41,53,61,64,74,75,78,79
115005687,2026/01/29,6,8,18,20,22,25,27,28,33,34,38,45,48,49,52,54,55,57,62,75
115005688,2026/01/29,1,12,13,15,17,18,19,26,29,30,32,36,44,50,53,60,62,67,72,75
115005689,2026/01/29,1,4,9,14,21,26,28,32,34,36,38,39,55,56,57,59,63,65,71,74
115005690,2026/01/29,2,4,5,6,14,16,23,24,27,37,38,49,53,55,59,61,62,70,74,79
115005691,2026/01/29,1,3,10,20,25,31,33,39,41,45,47,53,54,62,64,68,74,75,76,79
115005692,2026/01/29,4,7,9,16,20,31,32,48,53,54,55,60,61,63,64,68,69,70,71,78
115005693,2026/01/29,6,7,8,11,26,35,38,42,44,47,50,51,53,57,61,65,66,68,71,77
115005694,2026/01/29,7,12,13,18,21,22,29,34,35,38,45,48,49,51,71,73,75,76,77,79
115005695,2026/01/29,7,8,12,16,19,21,32,35,37,38,39,40,42,45,50,68,69,70,72,80
115005696,2026/01/29,3,6,9,12,23,26,27,30,32,36,47,48,51,56,58,64,71,72,76,77
115005697,2026/01/29,1,10,13,16,18,19,23,25,32,43,46,48,51,52,56,70,74,75,76,80
115005698,2026/01/29,2,3,4,9,13,14,16,19,21,37,45,46,47,49,58,59,60,63,75,78
115005699,2026/01/29,5,11,16,18,24,33,40,41,46,49,52,54,59,62,68,70,73,74,77,80
115005700,2026/01/29,1,6,11,13,16,18,21,22,26,30,32,34,37,38,58,63,67,71,73,80
115005701,2026/01/29,1,4,20,22,24,32,35,36,39,41,42,45,48,49,50,59,62,64,77,78
115005702,2026/01/29,8,13,17,19,22,25,28,33,35,46,48,55,57,58,60,64,65,66,69,72
115005703,2026/01/29,10,14,17,20,21,24,31,41,47,48,51,52,53,59,60,61,65,69,74,78
115005704,2026/01/29,4,11,12,22,24,25,40,42,45,47,51,54,55,58,59,61,63,68,73,79
115005705,2026/01/29,6,7,9,10,14,17,18,29,32,36,39,43,44,46,48,49,50,61,65,80
115005706,2026/01/29,3,11,14,19,23,24,36,38,41,43,48,54,55,57,63,66,71,74,76,80
115005707,2026/01/29,4,5,11,13,16,23,25,31,34,45,51,52,55,57,59,68,69,70,74,78
115005708,2026/01/29,1,2,5,7,8,14,22,26,27,29,30,31,40,41,44,50,60,65,70,75
115005709,2026/01/29,12,13,15,16,17,18,27,32,42,44,46,48,49,51,55,58,60,64,70,79
115005710,2026/01/29,2,3,4,10,25,27,29,30,32,36,40,46,49,52,56,63,64,70,73,80
115005711,2026/01/29,1,3,10,19,21,22,25,26,30,31,33,36,43,45,57,58,60,62,64,72
115005712,2026/01/29,3,5,7,11,18,24,26,28,35,36,42,49,50,51,54,55,57,69,70,79
115005713,2026/01/29,1,4,9,10,11,12,21,23,30,32,34,35,38,45,48,50,55,56,61,71
115005714,2026/01/29,1,2,3,4,10,11,17,24,28,38,39,44,46,49,50,52,54,57,68,69
115005715,2026/01/29,4,6,9,17,23,24,26,27,28,32,34,45,48,49,53,55,57,63,70,71
115005716,2026/01/29,6,9,15,16,23,25,32,39,41,47,48,49,50,51,58,61,69,71,79,80
115005717,2026/01/29,4,5,14,15,17,20,23,25,26,42,44,45,49,52,57,59,68,70,71,72
115005718,2026/01/29,7,11,17,18,19,22,23,25,26,27,41,44,45,48,51,53,64,65,73,75
115005719,2026/01/29,1,3,6,7,14,18,23,25,28,33,34,37,38,48,54,60,65,67,68,69
115005720,2026/01/29,1,4,8,10,11,17,20,21,23,28,32,44,48,52,54,56,61,64,70,75
115005721,2026/01/29,2,4,5,7,12,31,32,33,36,37,42,43,44,54,57,62,67,68,69,77
115005722,2026/01/29,6,12,13,15,23,32,33,37,42,47,48,52,53,54,58,61,64,67,76,80
115005723,2026/01/29,2,5,10,13,20,23,24,26,29,32,36,42,44,50,52,67,72,73,75,77
115005724,2026/01/29,5,8,12,15,17,19,20,25,33,38,42,46,51,53,63,65,69,70,74,75
115005725,2026/01/29,1,5,8,11,27,35,36,39,41,42,43,49,50,54,59,65,73,74,77,80
115005726,2026/01/29,1,6,7,8,14,17,18,21,27,36,37,40,46,47,49,54,57,65,67,72
115005727,2026/01/29,8,15,17,22,27,36,37,41,45,52,55,58,63,69,70,71,73,78,79,80
115005728,2026/01/29,13,17,21,22,23,24,27,30,36,42,43,44,50,61,62,65,71,75,76,79
115005729,2026/01/29,6,8,12,14,18,20,22,24,34,36,43,48,51,59,60,66,70,71,74,77
115005730,2026/01/29,6,7,20,21,23,24,25,32,42,46,50,52,55,58,63,67,68,71,77,80
115005731,2026/01/29,7,9,10,13,18,20,28,37,39,40,42,48,59,64,65,69,70,75,76,77
115005732,2026/01/29,2,4,6,13,14,24,26,27,31,32,37,40,44,55,59,60,62,68,72,77
115005733,2026/01/29,6,8,9,11,12,21,24,26,32,36,44,49,50,52,60,63,64,67,75,80
115005734,2026/01/29,4,6,10,13,26,28,32,33,34,35,46,53,54,56,67,70,73,74,76,80
115005735,2026/01/29,5,10,23,26,27,28,32,44,51,53,54,55,58,59,60,61,63,64,77,79
115005736,2026/01/29,3,4,8,11,13,19,24,32,41,50,51,54,57,60,68,72,73,74,75,80
115005737,2026/01/29,3,8,10,14,16,27,29,33,40,42,43,48,53,56,65,67,71,72,78,80
115005738,2026/01/29,2,5,10,14,17,25,31,37,42,48,50,55,59,60,65,66,74,75,76,79
115005739,2026/01/29,1,2,10,13,15,16,21,34,37,40,43,55,57,65,66,72,74,75,77,80
115005740,2026/01/29,1,2,5,6,7,19,20,23,34,36,37,44,48,51,58,59,60,73,75,78
115005741,2026/01/29,16,18,25,26,27,28,31,34,38,42,44,45,50,59,65,68,71,74,75,79
115005742,2026/01/29,1,14,15,17,18,27,30,32,38,40,47,51,52,53,54,61,69,70,78,80
115005743,2026/01/29,2,3,4,12,19,21,26,33,34,40,42,43,49,55,59,66,69,71,77,80
115005744,2026/01/29,1,2,4,7,14,16,19,22,25,32,38,39,41,44,51,61,66,67,70,72
115005745,2026/01/29,7,14,16,19,29,34,39,41,42,45,53,54,55,56,65,67,68,75,78,80
115005746,2026/01/29,6,13,17,20,21,25,28,29,30,32,35,44,47,49,52,53,57,65,69,76
115005747,2026/01/29,1,4,10,18,24,27,37,38,42,45,52,59,61,62,64,65,66,67,69,75
115005748,2026/01/29,6,15,18,21,24,29,30,32,33,35,37,49,50,57,63,66,69,72,74,77
115005749,2026/01/29,5,10,12,13,14,17,23,28,29,32,34,40,44,49,55,56,61,67,70,74
115005750,2026/01/29,4,9,18,19,20,22,26,33,38,44,52,56,58,64,65,66,68,72,74,80
115005751,2026/01/29,5,12,14,15,19,24,29,32,33,37,45,46,51,62,65,67,68,69,71,77
115005752,2026/01/29,2,7,8,13,17,26,29,35,38,44,52,55,56,59,61,66,68,72,76,78
115005753,2026/01/29,2,4,15,22,23,26,28,29,31,36,37,41,42,47,53,55,58,61,63,73
115005754,2026/01/29,2,5,7,18,22,23,29,30,32,36,45,48,55,63,67,71,74,75,76,78
115005755,2026/01/29,2,4,10,17,19,20,21,22,30,40,44,45,58,63,66,68,72,75,76,79
115005756,2026/01/29,5,10,13,14,16,20,24,33,34,36,50,51,57,59,60,63,64,66,73,75
115005757,2026/01/29,3,9,19,23,26,28,36,50,53,55,67,70,71,72,73,75,76,77,78,79
115005758,2026/01/29,3,12,17,21,22,23,35,39,41,46,49,51,57,64,67,68,69,70,76,78
115005759,2026/01/29,8,16,19,23,32,37,43,46,49,59,61,63,64,68,72,76,77,78,79,80
115005760,2026/01/29,1,2,4,9,16,19,21,23,24,25,33,35,39,40,45,55,56,69,72,73
115005761,2026/01/29,11,12,13,19,22,23,24,26,31,37,40,45,48,51,55,59,64,65,77,78
115005762,2026/01/29,14,26,27,33,36,40,41,42,43,45,46,48,49,51,59,66,70,78,79,80
115005763,2026/01/29,3,4,8,9,21,24,26,36,38,49,50,51,53,61,64,65,69,70,71,75
115005764,2026/01/29,3,5,12,17,21,22,23,28,30,31,42,45,50,53,55,57,62,68,69,72
115005765,2026/01/29,1,5,7,9,11,13,17,18,25,28,33,39,41,46,49,57,59,71,73,78
115005766,2026/01/29,3,18,19,28,31,32,40,43,44,49,50,56,61,62,67,69,70,73,75,77
115005767,2026/01/29,4,6,8,10,12,22,28,33,39,40,41,43,45,47,49,54,60,69,74,80
115005768,2026/01/29,2,10,11,15,19,25,26,27,34,35,36,38,47,56,58,59,62,67,69,75
115005769,2026/01/29,1,6,8,10,11,15,19,30,32,39,40,43,44,52,55,59,65,69,71,75
115005770,2026/01/29,10,12,13,18,26,29,31,38,43,45,48,49,58,60,61,63,66,68,70,75
115005771,2026/01/29,2,5,10,11,14,21,23,29,32,33,40,50,51,53,63,66,68,70,71,74
115005772,2026/01/29,2,4,7,9,10,15,21,33,38,42,47,52,53,60,61,64,66,69,75,76
115005773,2026/01/29,4,26,34,35,39,41,47,48,49,51,52,54,56,61,62,64,66,72,73,78
115005774,2026/01/29,1,7,8,10,13,14,16,20,23,30,34,39,45,49,52,55,57,62,64,80
115005775,2026/01/29,6,12,20,27,28,31,32,44,47,54,55,58,59,62,63,64,70,73,76,77
115005776,2026/01/29,1,3,6,10,13,14,15,19,21,30,32,33,36,41,44,52,57,60,67,78
115005777,2026/01/29,13,15,18,19,20,28,29,32,41,43,49,50,54,59,68,71,73,75,79,80
115005778,2026/01/29,2,7,15,16,21,24,27,28,43,45,47,56,60,61,62,63,69,72,74,79
115005779,2026/01/29,4,7,8,12,13,16,19,23,27,29,42,44,47,54,59,60,64,70,74,76
115005780,2026/01/29,2,3,6,7,26,30,34,36,54,59,62,65,67,68,71,72,74,75,76,79
115005781,2026/01/29,7,9,11,25,28,29,32,40,41,46,49,52,55,63,64,65,69,70,75,77
115005782,2026/01/29,6,9,10,18,19,22,24,30,32,33,41,42,50,53,59,62,66,73,75,78
115005783,2026/01/29,2,5,16,20,21,22,30,32,33,35,36,39,42,43,49,50,51,61,72,74
115005784,2026/01/29,1,11,12,15,20,22,23,25,27,45,48,49,65,68,70,71,74,75,76,78
115005785,2026/01/29,10,11,14,22,30,32,33,34,42,46,47,51,54,55,61,63,67,72,74,77
115005786,2026/01/29,2,6,7,9,15,19,21,22,27,31,32,36,43,47,50,53,59,65,72,74
115005787,2026/01/29,1,3,7,8,13,14,17,19,23,26,33,36,38,49,63,70,71,74,75,77
115005788,2026/01/29,1,4,10,11,17,22,28,32,33,40,44,45,46,51,53,54,60,68,71,77
115005789,2026/01/29,5,6,19,20,30,33,34,35,36,43,45,49,59,60,61,62,63,74,75,80
115005790,2026/01/29,3,9,11,13,14,16,18,25,27,37,38,39,40,42,46,48,53,58,71,76
115005791,2026/01/29,9,11,16,19,20,28,30,32,38,39,41,43,46,48,50,51,55,60,70,80
115005792,2026/01/29,4,8,12,16,19,20,27,29,38,45,52,53,55,57,58,71,73,75,77,79
115005793,2026/01/29,4,7,8,13,20,23,33,37,39,40,43,46,47,54,62,64,66,74,77,78
115005794,2026/01/29,3,12,20,25,27,30,33,37,40,42,57,59,62,63,64,66,67,74,76,80
115005795,2026/01/29,1,4,13,15,22,29,30,34,35,37,38,39,42,58,59,62,69,70,76,78
115005796,2026/01/29,1,4,17,21,23,25,27,28,38,41,42,53,56,58,61,62,64,71,74,77
115005797,2026/01/29,11,14,15,16,19,22,24,26,31,36,40,44,59,61,66,68,70,72,73,76
115005798,2026/01/29,2,12,16,18,22,29,35,40,43,48,50,52,56,64,66,67,68,70,76,78
115005799,2026/01/29,3,4,5,12,18,20,24,26,36,37,42,49,50,52,53,60,65,68,75,80
115005800,2026/01/29,1,3,13,17,22,23,34,36,38,39,48,50,51,55,61,62,63,68,70,77
115005801,2026/01/29,8,12,18,20,27,31,35,38,39,41,54,57,59,66,67,69,73,77,79,80
115005802,2026/01/29,1,2,6,7,9,11,22,32,34,36,45,53,57,60,61,63,65,66,72,75
115005803,2026/01/29,1,5,6,8,23,24,25,27,29,34,37,44,47,48,51,52,54,56,57,69
115005804,2026/01/29,9,11,12,16,17,18,19,34,35,37,38,41,44,45,48,55,61,62,72,76
115005805,2026/01/29,2,9,12,13,19,20,25,31,42,49,50,51,57,58,64,65,72,76,78,79
115005806,2026/01/29,1,5,7,8,13,18,21,24,30,34,37,38,53,55,56,62,70,71,73,75
115005807,2026/01/29,3,12,32,34,35,38,39,41,45,47,53,55,57,64,66,69,71,73,78,80
115005808,2026/01/29,4,8,12,13,14,23,24,25,30,33,34,36,40,42,45,46,62,66,67,68
115005809,2026/01/29,2,4,10,15,16,17,18,20,21,38,39,43,45,49,50,54,71,73,77,78
115005810,2026/01/29,1,6,7,9,20,25,28,29,30,31,33,47,52,54,57,63,65,66,72,73
115005811,2026/01/29,1,6,10,11,14,16,17,24,27,29,30,45,48,59,63,68,69,70,71,78
115005812,2026/01/29,4,10,13,16,17,18,20,22,25,26,33,36,40,47,54,56,63,64,76,80
115005813,2026/01/29,2,3,10,15,23,28,29,31,35,38,42,47,53,56,62,63,64,68,74,76
115005814,2026/01/29,5,6,9,12,15,17,18,22,35,36,38,43,53,55,59,61,66,70,71,79
115005815,2026/01/29,5,7,11,12,15,19,28,35,37,44,50,51,52,53,54,58,61,62,78,80
115005816,2026/01/29,9,10,15,17,19,23,27,30,31,37,46,47,60,63,64,68,69,72,76,79
115005817,2026/01/29,3,5,7,13,23,28,33,34,50,51,53,60,63,66,71,73,74,75,77,80
115005818,2026/01/29,5,6,19,23,26,30,38,40,41,42,44,47,51,55,57,58,75,76,79,80
115005819,2026/01/29,8,18,19,25,30,32,35,42,45,50,56,63,64,66,70,72,73,75,76,77
115005820,2026/01/29,4,5,7,8,10,12,13,23,24,31,33,41,50,55,58,60,66,72,76,77
115005821,2026/01/29,1,5,8,12,26,34,37,56,57,60,65,66,67,69,70,73,75,78,79,80
115005822,2026/01/29,2,4,9,12,13,16,19,21,22,27,35,43,46,59,63,67,70,72,77,79
115005823,2026/01/29,1,7,9,12,14,22,23,37,39,40,44,48,51,52,57,58,61,63,68,77
115005824,2026/01/29,2,7,9,12,14,20,28,30,37,39,46,54,55,57,65,69,74,77,78,79
115005825,2026/01/29,1,3,7,15,16,19,20,23,31,37,41,46,50,57,60,61,63,64,66,79
115005826,2026/01/29,9,17,18,19,23,25,35,42,44,46,47,48,50,56,62,66,67,68,69,74
115005827,2026/01/29,1,7,10,13,22,23,24,31,33,37,47,52,55,56,62,66,70,74,79,80
115005828,2026/01/29,10,11,18,19,21,27,30,33,36,42,47,52,55,57,59,60,66,69,70,74
115005829,2026/01/29,3,5,7,9,21,22,26,28,33,38,39,41,45,48,50,54,55,57,59,60
115005830,2026/01/29,5,6,11,17,23,29,30,35,40,42,43,45,46,58,63,64,71,75,76,80
115005831,2026/01/29,7,22,24,28,31,32,34,40,46,48,49,53,55,58,60,63,67,72,77,78
115005832,2026/01/29,3,4,22,30,31,32,35,40,46,47,50,52,60,61,62,63,66,71,76,77
115005833,2026/01/29,1,3,9,12,17,18,20,29,31,32,33,37,39,42,43,45,58,66,71,78
115005834,2026/01/29,4,8,10,12,19,26,30,34,35,38,46,47,49,51,53,58,59,60,62,74
115005835,2026/01/29,9,12,13,17,19,20,27,31,33,34,35,36,40,44,45,48,52,53,58,75
115005836,2026/01/29,2,4,6,7,8,14,15,16,22,30,32,33,39,44,47,52,59,66,74,78
115005837,2026/01/29,1,8,10,19,21,22,23,26,31,32,33,34,36,51,57,59,63,64,71,72
115005838,2026/01/29,1,4,6,12,22,23,24,25,28,32,33,35,48,49,57,62,66,74,78,80
115005839,2026/01/29,1,2,5,6,9,18,25,28,32,36,41,42,48,50,56,57,58,70,75,79
115005840,2026/01/29,5,13,14,18,19,20,22,24,29,30,36,37,41,50,51,55,58,61,68,75
115005841,2026/01/29,1,20,21,22,25,31,33,38,40,42,51,54,57,59,65,66,67,74,78,80
115005842,2026/01/29,3,4,12,16,17,21,23,26,29,32,39,44,50,53,57,59,60,64,68,75
115005843,2026/01/29,12,17,23,29,30,31,32,34,37,44,49,54,56,59,62,63,69,73,78,80
115005844,2026/01/29,2,3,6,9,12,14,18,19,25,36,38,40,54,56,57,59,66,73,76,78
115005845,2026/01/29,1,4,10,12,13,16,21,23,24,30,34,36,46,47,50,56,72,73,75,78
115005846,2026/01/29,7,11,13,15,20,26,30,31,32,34,36,44,45,51,53,57,59,66,72,74
115005847,2026/01/29,1,2,6,7,15,18,23,32,34,38,39,42,43,55,61,62,63,70,77,80
115005848,2026/01/29,8,10,15,17,20,22,24,33,37,40,42,43,50,52,53,55,70,72,75,79
115005849,2026/01/29,2,3,13,14,18,19,21,25,31,40,41,42,46,48,50,51,56,65,78,80
115005850,2026/01/29,3,4,11,13,20,29,31,32,39,44,46,49,52,54,55,56,57,65,68,79
115005851,2026/01/29,3,19,26,27,33,35,36,39,45,51,52,57,60,62,63,66,69,71,74,76
115005852,2026/01/29,2,4,7,8,13,19,22,24,30,32,38,43,44,55,57,62,69,70,72,77
115005853,2026/01/29,4,7,9,21,26,32,34,36,37,38,39,41,44,49,54,60,66,67,69,76
115005854,2026/01/29,2,4,5,6,18,22,24,27,30,34,54,55,56,58,61,65,66,75,76,79
115005855,2026/01/29,1,2,8,9,11,18,19,24,30,31,44,48,51,53,58,63,67,69,73,75
115005856,2026/01/29,1,11,14,15,16,19,28,30,35,37,48,49,50,53,61,63,64,65,74,79
115005857,2026/01/29,8,10,11,12,13,15,17,21,23,27,35,37,48,50,60,62,71,75,77,79
115005858,2026/01/29,3,4,12,13,14,15,17,24,26,29,30,31,34,39,40,43,48,50,56,78
115005859,2026/01/29,2,9,12,17,23,29,32,34,40,41,42,44,48,50,55,63,66,69,72,76
115005860,2026/01/29,6,7,9,10,12,16,19,29,30,34,39,44,48,49,52,54,62,67,74,80
115005861,2026/01/29,1,3,7,9,11,22,25,28,32,40,48,55,58,61,62,64,65,69,71,72
115005862,2026/01/29,4,14,20,29,30,36,39,43,44,45,46,51,52,53,55,63,66,67,69,71
115005863,2026/01/29,2,10,14,15,20,27,28,31,33,40,41,46,49,51,53,59,60,68,69,71
115005864,2026/01/29,1,4,7,9,10,20,22,26,27,29,30,42,46,47,53,55,60,64,77,78
115005865,2026/01/29,3,5,10,11,14,15,18,20,28,31,33,44,45,46,48,52,57,60,61,74
115005866,2026/01/29,3,5,6,8,15,18,20,21,24,26,30,32,34,41,46,49,60,66,75,79
115005867,2026/01/29,5,7,8,9,10,27,35,37,39,44,48,52,55,56,58,65,69,74,76,77
115005868,2026/01/29,12,17,20,22,24,28,29,30,37,38,39,41,45,47,52,61,68,69,75,80
115005869,2026/01/29,2,4,6,7,20,29,30,31,43,50,52,55,59,65,67,71,72,73,75,79
115005870,2026/01/29,7,10,12,17,20,23,24,28,29,33,34,43,48,49,51,58,62,69,70,71
115005871,2026/01/29,3,4,5,6,10,12,15,16,19,29,39,44,50,53,54,58,62,68,71,75
115005872,2026/01/29,2,6,11,17,30,31,36,37,49,51,54,57,60,62,65,66,68,74,77,79
115005873,2026/01/29,3,4,8,13,14,20,21,31,36,46,49,51,53,54,55,58,68,70,75,79
115005874,2026/01/29,5,7,11,15,16,20,24,25,28,30,32,35,39,55,60,64,66,68,71,75
115005875,2026/01/29,5,8,10,15,19,31,35,36,38,43,47,49,53,61,63,66,73,75,78,79
115005876,2026/01/29,2,3,5,8,11,28,31,37,40,42,48,54,56,59,62,64,66,67,74,80
115005877,2026/01/29,11,19,20,23,26,32,34,36,37,39,42,45,46,49,63,67,70,75,77,79
115005878,2026/01/29,2,5,7,16,21,25,32,34,37,39,40,41,44,48,53,54,64,76,77,79
115005879,2026/01/29,2,5,12,14,19,21,28,34,35,36,39,43,44,45,51,55,69,71,74,76
115005880,2026/01/29,4,7,12,14,15,18,21,28,36,57,61,63,64,65,71,73,74,75,77,80
115005881,2026/01/29,3,17,23,24,30,36,38,39,46,49,51,57,60,63,66,67,70,75,77,80
115005882,2026/01/29,8,13,22,25,28,30,35,38,41,45,48,51,55,61,63,64,65,71,73,80
115005883,2026/01/29,2,10,24,26,31,33,44,48,55,57,59,60,61,67,68,71,72,78,79,80
115005884,2026/01/29,3,5,15,18,21,23,33,35,37,41,43,45,51,55,58,59,61,71,74,80
115005885,2026/01/29,5,6,8,9,12,16,22,30,31,34,38,41,42,45,49,50,51,52,64,67
115005886,2026/01/29,1,5,7,15,18,21,23,26,32,35,36,41,43,52,58,64,72,73,78,79
115005887,2026/01/29,2,4,5,9,11,14,15,17,20,21,24,27,31,34,42,58,62,64,75,76
115005888,2026/01/30,2,4,13,17,18,20,24,32,33,36,39,40,50,60,62,63,70,76,79,80
115005889,2026/01/30,6,7,8,9,15,23,27,31,34,41,42,43,44,46,51,54,58,59,60,66
115005890,2026/01/30,4,7,8,11,15,21,29,33,34,38,41,42,44,46,47,51,52,54,67,80
115005891,2026/01/30,5,9,13,15,23,27,29,30,36,41,49,51,55,64,66,72,73,77,79,80
115005892,2026/01/30,1,3,6,11,13,16,19,24,32,33,35,40,41,43,49,55,59,60,70,74
115005893,2026/01/30,8,13,17,18,19,24,25,26,37,38,40,49,56,57,59,61,65,66,74,78
115005894,2026/01/30,1,8,11,14,15,17,19,35,37,38,44,52,56,60,61,64,68,75,78,80
115005895,2026/01/30,1,6,7,15,26,30,32,33,38,40,43,44,45,48,52,55,58,59,69,75
115005896,2026/01/30,8,9,11,16,21,29,32,49,50,53,56,62,63,67,68,71,73,76,78,80
115005897,2026/01/30,3,5,13,14,15,19,21,23,24,28,29,30,33,40,45,46,50,54,72,78
115005898,2026/01/30,2,10,15,16,17,18,19,34,42,51,52,55,56,57,58,59,66,69,79,80
115005899,2026/01/30,3,6,8,9,24,26,32,36,39,40,41,45,50,51,52,53,55,56,57,71
115005900,2026/01/30,1,6,9,12,14,16,19,24,25,29,33,36,37,39,41,47,50,51,58,67
115005901,2026/01/30,3,10,11,13,17,26,29,33,34,42,45,50,51,57,63,65,67,68,70,76
115005902,2026/01/30,2,4,6,10,13,14,21,26,27,30,33,43,44,45,59,61,67,72,76,80
115005903,2026/01/30,14,15,20,22,25,27,28,32,36,37,40,48,52,54,57,60,67,73,77,79
115005904,2026/01/30,2,5,11,17,25,28,30,31,33,34,38,40,44,45,48,50,63,71,76,80
115005905,2026/01/30,7,9,14,15,18,23,25,30,33,38,40,44,53,55,61,64,68,70,73,76
115005906,2026/01/30,7,9,13,17,23,24,29,30,33,38,40,46,53,57,60,63,65,70,72,74
115005907,2026/01/30,1,8,10,17,18,33,34,40,44,45,47,49,50,57,59,60,65,69,72,74
115005908,2026/01/30,3,5,16,18,19,20,24,26,31,42,52,53,54,55,57,59,65,69,74,80
115005909,2026/01/30,5,9,18,20,21,25,27,35,37,42,44,48,51,53,55,62,63,66,77,78
115005910,2026/01/30,1,3,9,11,16,18,19,22,23,25,31,34,37,40,47,66,68,73,77,79
115005911,2026/01/30,2,4,10,14,18,21,22,29,32,34,35,48,49,52,60,61,62,63,64,72
115005912,2026/01/30,5,9,12,20,23,28,31,32,34,35,37,48,58,60,61,63,69,73,74,75
115005913,2026/01/30,3,7,9,13,24,26,32,37,43,44,46,48,50,53,55,57,59,64,68,80
115005914,2026/01/30,2,4,8,14,19,23,25,26,27,33,39,40,43,51,57,64,71,75,76,79
115005915,2026/01/30,7,8,11,12,13,14,17,21,32,34,47,51,60,65,67,69,72,73,74,75
115005916,2026/01/30,1,2,11,18,23,33,34,36,37,39,50,55,57,59,60,61,67,68,70,80
115005917,2026/01/30,2,5,8,12,20,30,31,34,37,45,49,52,55,58,64,69,74,75,76,78
115005918,2026/01/30,5,8,12,16,19,24,29,40,42,44,45,48,52,56,59,69,72,73,74,76
115005919,2026/01/30,3,6,8,11,12,13,14,18,20,27,30,34,36,40,50,61,63,64,66,68
115005920,2026/01/30,2,5,7,8,14,19,24,26,35,36,41,46,49,54,58,61,64,73,74,75
115005921,2026/01/30,6,14,16,18,23,26,28,33,38,45,52,54,59,61,63,64,71,73,75,78
115005922,2026/01/30,8,10,11,12,22,26,30,31,33,35,48,52,56,59,60,61,63,65,72,74
115005923,2026/01/30,5,8,12,14,17,20,21,22,23,25,26,33,36,40,45,46,50,55,57,77
115005924,2026/01/30,2,6,14,15,21,24,29,34,38,40,45,55,62,63,68,74,75,77,78,80
115005925,2026/01/30,2,6,9,17,30,40,44,45,48,49,51,52,58,60,64,66,71,75,79,80
115005926,2026/01/30,4,7,8,9,17,21,22,26,31,36,43,50,55,56,59,60,62,66,70,73
115005927,2026/01/30,1,2,3,4,5,11,21,22,26,32,48,54,55,56,59,61,62,68,71,79
115005928,2026/01/30,8,11,15,17,18,23,27,28,37,38,39,44,48,59,62,65,66,71,72,76
115005929,2026/01/30,11,12,15,19,24,31,32,43,45,46,52,53,57,58,59,66,70,75,77,80
115005930,2026/01/30,1,3,4,15,18,20,22,23,25,28,30,35,45,49,50,55,61,66,67,68
115005931,2026/01/30,1,12,13,17,23,28,29,40,43,48,49,51,52,53,59,62,65,68,70,74
115005932,2026/01/30,1,6,7,10,12,15,17,20,21,24,25,38,45,49,51,53,58,64,73,79
115005933,2026/01/30,3,5,7,12,14,25,29,32,33,35,40,48,59,61,62,64,69,73,74,80
115005934,2026/01/30,1,19,25,26,29,30,31,45,46,47,52,54,56,60,61,66,70,72,74,79
115005935,2026/01/30,11,13,14,17,19,20,21,31,33,35,36,41,42,43,44,49,51,53,54,59
115005936,2026/01/30,2,4,6,8,9,14,18,21,36,38,39,41,42,49,53,54,56,65,74,76
115005937,2026/01/30,1,2,7,11,14,19,20,27,30,38,45,52,55,56,57,65,66,72,75,79
115005938,2026/01/30,6,7,9,15,22,24,25,27,29,31,32,39,40,46,47,50,54,60,62,78
115005939,2026/01/30,3,11,20,27,29,33,44,46,48,56,59,63,66,67,69,72,74,75,77,78
115005940,2026/01/30,7,8,9,16,28,30,33,38,39,41,43,48,60,67,68,72,73,75,77,78
115005941,2026/01/30,8,13,21,23,24,27,29,30,34,35,44,45,46,47,55,56,58,59,72,77
115005942,2026/01/30,3,5,8,10,12,18,22,34,41,51,52,55,63,68,71,75,77,78,79,80
115005943,2026/01/30,2,11,13,19,25,26,35,37,39,41,45,48,49,50,53,55,59,72,75,79
115005944,2026/01/30,10,11,14,24,25,29,31,37,45,49,58,60,61,67,68,69,71,72,73,77
115005945,2026/01/30,4,6,10,13,16,17,23,33,36,42,52,59,62,65,66,67,69,72,73,79
115005946,2026/01/30,3,10,11,13,17,18,19,33,40,44,45,47,49,51,53,57,65,73,74,80
115005947,2026/01/30,1,5,9,10,12,14,18,22,23,32,42,43,44,47,49,53,66,72,77,78
115005948,2026/01/30,2,5,14,19,24,26,32,38,43,44,45,48,49,51,52,66,69,70,73,77
115005949,2026/01/30,3,7,9,18,20,21,27,30,32,38,40,41,42,58,59,62,69,70,71,74
115005950,2026/01/30,2,4,8,14,15,17,20,26,27,30,31,32,52,53,57,60,69,70,74,77
115005951,2026/01/30,2,4,5,6,9,11,17,23,32,36,46,51,53,55,56,68,70,71,73,78
115005952,2026/01/30,3,4,5,8,9,12,17,26,31,34,35,38,41,42,45,47,51,55,62,77
115005953,2026/01/30,4,8,10,16,19,23,30,33,38,39,48,49,53,54,59,60,66,68,69,77
115005954,2026/01/30,3,7,9,11,18,20,24,31,40,43,44,48,50,55,57,60,76,77,78,79
115005955,2026/01/30,3,9,12,14,16,19,21,28,33,41,43,48,49,54,55,57,64,66,69,75
115005956,2026/01/30,1,3,4,9,10,11,15,18,28,31,37,38,50,52,54,55,64,66,67,69
115005957,2026/01/30,13,26,35,37,39,40,48,49,50,51,53,58,61,66,67,70,72,74,77,79
115005958,2026/01/30,2,4,5,9,12,14,16,17,21,23,24,32,33,38,41,49,63,64,70,77
115005959,2026/01/30,2,4,5,8,14,15,16,17,24,32,33,35,41,52,54,55,59,60,69,71
115005960,2026/01/30,2,9,27,30,37,39,40,49,51,54,55,56,57,58,59,61,65,68,70,76
115005961,2026/01/30,4,12,17,18,19,22,28,32,35,36,37,47,54,56,64,65,68,71,72,76
115005962,2026/01/30,1,6,8,14,16,18,23,25,30,32,41,44,48,55,57,61,65,68,74,78
115005963,2026/01/30,1,7,8,13,16,23,25,26,30,35,36,37,40,51,62,67,72,75,79,80
115005964,2026/01/30,1,2,3,7,11,15,22,29,30,33,34,40,48,51,52,56,58,72,75,78
115005965,2026/01/30,1,3,8,9,11,13,23,24,31,32,33,40,42,51,57,61,73,75,76,80
115005966,2026/01/30,3,5,8,11,14,18,21,25,30,37,40,41,43,50,53,60,62,65,77,80
115005967,2026/01/30,5,13,27,30,44,45,55,56,58,59,65,66,67,68,69,71,72,73,74,76
115005968,2026/01/30,5,11,13,14,15,19,22,28,34,36,37,38,40,47,50,51,55,67,74,76
115005969,2026/01/30,2,8,10,14,16,26,34,39,41,44,49,50,52,57,58,59,63,66,68,79
115005970,2026/01/30,1,3,9,11,15,19,24,25,26,38,40,43,45,53,55,56,64,68,71,72
115005971,2026/01/30,3,7,8,10,16,18,28,30,40,42,47,52,53,55,62,63,64,66,71,79
115005972,2026/01/30,8,11,15,16,26,27,32,40,44,49,52,56,61,70,72,75,76,78,79,80
115005973,2026/01/30,2,4,13,14,18,23,31,35,39,41,42,44,48,55,62,66,68,69,71,77
115005974,2026/01/30,4,6,19,23,30,32,36,46,48,49,52,55,59,62,63,65,73,74,76,77
115005975,2026/01/30,5,8,16,17,29,31,33,34,35,36,40,47,48,53,57,68,74,76,78,79
115005976,2026/01/30,1,2,3,4,5,7,16,17,21,22,24,25,27,31,37,42,45,48,54,71
115005977,2026/01/30,5,19,20,23,24,29,32,37,38,39,46,47,52,56,62,66,71,75,78,80
115005978,2026/01/30,5,6,12,16,24,26,27,33,34,35,39,42,44,48,49,51,54,57,60,69
115005979,2026/01/30,12,15,21,24,27,40,42,43,50,51,52,57,59,63,64,66,69,72,75,77
115005980,2026/01/30,1,3,7,14,15,23,25,34,43,44,56,57,61,64,65,71,72,73,74,77
115005981,2026/01/30,1,3,7,10,14,18,22,26,43,44,45,57,61,62,65,66,71,72,79,80
115005982,2026/01/30,2,7,8,13,21,25,38,43,48,50,56,57,58,61,64,66,68,72,78,79
115005983,2026/01/30,1,2,3,7,18,21,22,23,24,25,34,39,45,46,50,51,57,58,68,70
115005984,2026/01/30,1,2,8,10,18,22,26,28,29,30,31,35,39,46,54,55,58,59,65,75
115005985,2026/01/30,1,3,13,20,23,33,34,38,42,43,44,45,48,58,62,63,65,66,74,76
115005986,2026/01/30,2,8,13,14,23,30,33,34,36,39,45,50,53,54,66,67,71,72,74,78
115005987,2026/01/30,1,2,7,12,15,22,23,24,34,35,38,39,41,45,49,60,64,66,74,77
115005988,2026/01/30,9,11,12,16,17,18,31,34,36,41,51,56,58,61,64,68,69,75,76,80
115005989,2026/01/30,2,4,6,17,21,22,25,30,33,36,46,47,49,53,56,57,58,67,73,74
115005990,2026/01/30,1,2,5,16,19,20,22,33,35,37,43,52,54,55,56,62,65,68,73,79
115005991,2026/01/30,2,11,15,17,23,28,30,33,35,38,39,41,43,47,50,53,63,70,76,78
115005992,2026/01/30,1,2,11,12,14,15,21,25,39,43,45,47,52,57,59,64,70,72,75,79
115005993,2026/01/30,4,9,10,12,15,20,24,33,37,42,46,47,52,55,58,64,71,74,75,79
115005994,2026/01/30,2,3,4,8,10,18,23,24,32,34,35,39,45,46,48,67,71,73,75,80
115005995,2026/01/30,4,9,13,16,18,20,21,42,43,49,58,61,62,65,69,70,73,76,78,79
115005996,2026/01/30,5,7,10,15,23,24,25,28,32,40,42,49,51,53,60,67,68,71,73,75
115005997,2026/01/30,4,6,8,10,12,17,28,32,37,38,42,48,54,60,62,67,69,75,76,77
115005998,2026/01/30,2,5,7,13,16,17,18,21,24,27,35,39,45,50,64,68,72,74,76,80
115005999,2026/01/30,12,14,24,26,31,37,39,40,42,43,49,51,53,54,57,59,69,70,73,74
115006000,2026/01/30,5,16,18,25,32,33,34,36,42,45,50,56,63,66,68,69,72,73,76,77
115006001,2026/01/30,1,3,8,9,12,25,26,31,33,36,37,55,56,60,62,66,69,70,75,79
115006002,2026/01/30,2,8,15,18,24,30,33,38,39,44,53,55,60,65,67,68,70,71,76,80
115006003,2026/01/30,2,7,20,21,22,24,25,28,32,35,38,42,44,51,60,61,63,66,68,73
115006004,2026/01/30,8,14,19,20,23,24,34,35,38,39,43,44,47,51,58,62,67,72,77,80
115006005,2026/01/30,5,7,12,13,17,28,31,33,34,40,47,48,51,59,60,62,72,73,74,78
115006006,2026/01/30,9,12,16,18,20,26,28,29,49,51,55,56,59,60,61,62,63,66,73,74
115006007,2026/01/30,15,19,21,22,24,25,27,29,30,33,40,42,45,57,59,65,72,74,77,78
115006008,2026/01/30,3,12,15,19,24,26,28,30,35,39,40,42,43,44,57,61,66,72,78,80
115006009,2026/01/30,1,5,9,10,11,19,25,26,27,35,38,41,45,46,50,52,62,66,68,70
115006010,2026/01/30,2,9,10,11,12,20,21,26,31,36,41,49,50,60,63,64,65,68,69,75
115006011,2026/01/30,2,4,7,11,14,17,26,30,32,39,44,45,55,59,60,67,70,71,74,75
115006012,2026/01/30,10,12,21,22,25,26,29,30,32,44,46,49,51,52,56,64,67,68,72,77
115006013,2026/01/30,5,6,14,15,16,22,29,31,32,36,37,38,45,48,49,50,57,64,65,73
115006014,2026/01/30,3,16,24,26,29,33,35,39,42,44,46,51,54,56,58,62,66,67,69,73
115006015,2026/01/30,3,7,17,19,22,25,27,28,32,33,34,37,38,41,44,47,50,66,69,70
115006016,2026/01/30,1,3,7,10,17,20,21,27,32,34,38,39,47,52,57,66,68,72,75,76
115006017,2026/01/30,8,14,17,21,23,24,33,35,37,40,42,44,46,47,49,59,73,77,78,79
115006018,2026/01/30,5,8,12,15,19,20,22,30,32,39,42,44,47,48,53,62,65,69,70,73
115006019,2026/01/30,3,8,13,16,21,22,24,30,31,33,41,43,54,55,59,69,74,76,77,78
115006020,2026/01/30,2,6,9,16,17,18,19,25,27,30,35,37,42,48,52,57,70,71,72,78
115006021,2026/01/30,3,4,7,8,10,16,28,29,32,34,37,42,44,45,51,52,59,61,74,80
115006022,2026/01/30,3,11,12,13,19,29,32,33,36,38,44,54,56,58,60,71,72,73,78,80
115006023,2026/01/30,10,17,25,32,35,36,38,41,42,44,50,52,55,56,59,66,67,68,73,74
115006024,2026/01/30,8,12,18,20,28,34,40,46,47,48,50,51,52,53,56,59,63,65,70,76
115006025,2026/01/30,8,13,15,16,25,32,34,36,39,40,42,43,46,52,54,72,75,76,78,80
115006026,2026/01/30,7,9,10,14,23,26,31,32,39,42,43,44,46,52,56,57,58,68,70,72
115006027,2026/01/30,6,14,16,17,18,24,30,31,34,41,43,47,48,53,56,63,68,69,71,79
115006028,2026/01/30,2,4,8,10,18,23,26,27,29,39,42,50,56,58,66,69,73,74,75,78
115006029,2026/01/30,4,5,9,10,11,17,25,27,32,34,44,52,54,55,60,61,67,71,73,78
115006030,2026/01/30,4,6,12,15,17,18,35,39,40,41,42,48,51,57,59,60,62,69,75,79
115006031,2026/01/30,16,17,19,21,24,30,34,39,49,50,51,53,56,66,69,71,72,75,76,78
115006032,2026/01/30,8,11,12,15,18,25,33,37,41,48,59,61,62,65,67,71,73,76,77,79
115006033,2026/01/30,4,5,6,8,13,15,21,24,33,37,43,52,54,56,57,60,63,65,78,80
115006034,2026/01/30,1,9,14,16,20,23,26,31,39,40,43,45,46,48,55,58,60,66,73,80
115006035,2026/01/30,2,5,13,15,25,26,28,29,30,39,42,43,47,52,53,56,62,64,68,70
115006036,2026/01/30,3,4,6,18,23,25,27,30,33,34,37,46,55,59,61,62,64,69,71,74
115006037,2026/01/30,2,9,11,12,23,24,27,28,32,43,48,49,56,59,60,62,63,65,76,79
115006038,2026/01/30,1,2,4,9,11,14,17,22,24,27,28,34,41,48,53,54,56,57,58,60
115006039,2026/01/30,1,4,5,8,12,14,15,19,22,24,25,28,37,41,42,45,58,60,67,75
115006040,2026/01/30,6,7,8,16,17,19,21,22,23,38,42,49,54,57,58,61,63,65,69,79
115006041,2026/01/30,2,5,9,13,14,15,18,19,28,50,55,58,59,63,66,72,74,78,79,80
115006042,2026/01/30,1,2,3,5,6,13,25,28,31,33,44,45,50,68,71,74,76,77,78,80
115006043,2026/01/30,4,6,7,14,17,20,31,36,39,45,49,51,60,62,64,66,68,74,78,79
115006044,2026/01/30,1,6,8,13,14,16,19,27,30,35,41,43,63,67,68,69,72,74,78,80
115006045,2026/01/30,7,14,15,19,20,29,33,34,36,38,39,40,41,45,56,63,67,68,69,70
115006046,2026/01/30,5,7,14,20,21,25,27,30,39,40,42,47,49,50,55,66,68,73,74,78
115006047,2026/01/30,2,3,12,16,17,19,31,32,34,45,46,48,55,58,65,66,67,72,74,80
115006048,2026/01/30,2,9,13,14,29,32,35,38,39,50,58,59,60,66,69,71,74,76,77,80
115006049,2026/01/30,2,9,10,13,20,22,27,30,33,36,37,39,46,50,54,61,66,67,70,71
115006050,2026/01/30,1,5,6,8,10,12,22,27,47,49,52,54,55,57,58,59,62,74,78,79
115006051,2026/01/30,5,9,16,20,28,36,40,43,45,47,50,53,57,59,60,62,64,66,68,76
115006052,2026/01/30,8,11,12,15,19,27,28,41,42,43,47,49,52,53,54,59,60,61,62,69
115006053,2026/01/30,4,5,8,14,18,20,23,25,27,28,30,36,50,53,57,58,60,67,69,78
115006054,2026/01/30,1,4,5,10,13,17,19,26,33,38,45,46,50,52,68,69,71,73,77,79
115006055,2026/01/30,1,3,4,5,8,10,12,14,21,24,33,44,48,49,53,54,56,57,64,77
115006056,2026/01/30,2,5,8,10,12,22,25,26,29,34,35,37,39,46,51,53,54,59,74,75
115006057,2026/01/30,1,8,12,13,15,18,19,20,25,27,32,34,48,52,59,60,67,72,75,80
115006058,2026/01/30,1,4,14,16,23,24,26,28,33,37,39,41,43,45,50,62,76,78,79,80
115006059,2026/01/30,1,15,16,20,21,27,31,32,36,39,40,42,45,53,54,58,70,72,73,79
115006060,2026/01/30,3,6,19,25,26,32,44,45,53,60,63,64,65,66,68,75,76,77,79,80
115006061,2026/01/30,5,10,13,14,16,21,23,26,27,29,30,32,33,37,44,48,50,53,64,79
115006062,2026/01/30,7,8,10,11,16,17,20,24,29,38,43,47,49,52,54,59,63,65,68,78
115006063,2026/01/30,1,4,7,10,13,16,24,31,32,36,37,39,41,53,62,65,66,70,72,74
115006064,2026/01/30,3,5,7,8,10,11,16,24,27,31,34,57,60,61,62,64,65,72,76,79
115006065,2026/01/30,4,5,8,12,13,14,17,28,31,32,35,39,45,49,50,51,61,66,67,71
115006066,2026/01/30,4,9,16,20,25,27,31,32,34,38,40,43,45,48,50,51,61,62,66,78
115006067,2026/01/30,5,9,13,16,19,22,26,29,34,39,45,54,55,57,60,63,65,66,75,80
115006068,2026/01/30,9,14,16,18,20,21,29,31,32,33,35,38,42,59,62,64,66,72,73,76
115006069,2026/01/30,9,10,17,18,23,25,26,30,36,37,44,45,51,58,68,71,73,75,77,78
115006070,2026/01/30,2,6,13,22,27,29,34,36,38,55,57,59,61,64,66,67,69,72,73,75
115006071,2026/01/30,7,8,15,20,24,29,33,34,38,42,44,49,52,55,60,61,63,65,69,71
115006072,2026/01/30,5,6,19,26,27,28,31,46,48,50,51,55,58,61,66,67,68,73,78,80
115006073,2026/01/30,4,5,6,11,15,16,20,25,31,35,42,51,64,65,67,69,71,73,76,79
115006074,2026/01/30,13,17,18,22,30,32,33,35,37,38,42,43,44,50,60,63,68,69,76,78
115006075,2026/01/30,4,5,7,8,11,16,18,30,35,36,38,39,40,47,51,61,67,74,77,80
115006076,2026/01/30,1,2,10,12,22,23,30,33,34,35,43,47,48,54,57,62,63,64,67,75
115006077,2026/01/30,1,3,8,14,15,18,31,33,34,36,38,40,41,44,45,62,67,69,72,78
115006078,2026/01/30,3,4,5,10,11,12,13,26,33,34,42,44,45,48,52,63,66,68,69,77
115006079,2026/01/30,4,5,6,10,17,23,28,32,39,42,44,47,58,62,68,71,74,75,76,80
115006080,2026/01/30,8,24,27,29,31,35,45,47,55,62,63,66,67,68,70,73,74,76,77,78
115006081,2026/01/30,1,2,4,6,10,24,27,28,36,37,41,43,45,46,54,64,65,67,75,78
115006082,2026/01/30,1,3,7,8,15,16,17,24,32,47,49,53,54,57,60,65,69,72,75,78
115006083,2026/01/30,10,11,14,20,21,24,26,30,32,37,44,46,48,49,56,61,64,73,79,80
115006084,2026/01/30,1,18,19,20,27,30,32,34,36,42,53,56,58,59,61,63,64,70,73,76
115006085,2026/01/30,1,14,16,21,22,26,27,37,38,40,47,50,53,54,55,56,59,65,68,77
115006086,2026/01/30,13,18,19,26,30,31,36,37,38,41,42,48,49,51,52,57,61,62,67,80
115006087,2026/01/30,1,2,7,8,18,19,22,29,32,40,42,43,44,58,61,62,68,70,76,78
115006088,2026/01/30,4,7,12,17,23,25,26,27,29,30,32,34,36,39,49,57,71,76,77,80
115006089,2026/01/30,1,10,11,13,16,20,22,23,25,28,31,36,45,48,55,57,58,76,79,80
115006090,2026/01/30,2,7,15,17,18,22,23,25,29,32,34,44,46,47,48,60,63,71,73,80
115006091,2026/01/31,8,15,19,28,32,33,35,38,43,44,51,57,58,65,68,69,70,74,78,80
115006092,2026/01/31,10,11,12,14,18,19,21,26,27,38,39,43,45,52,56,59,63,67,73,80
115006093,2026/01/31,2,5,8,9,13,15,16,19,26,31,39,41,45,46,50,55,67,69,78,79
115006094,2026/01/31,2,5,11,13,15,17,20,22,27,28,30,49,53,55,56,60,69,72,73,79
115006095,2026/01/31,1,10,12,13,19,30,38,44,48,53,55,57,59,61,64,68,70,71,72,75
115006096,2026/01/31,1,2,8,11,15,17,24,35,44,45,48,50,56,57,59,62,68,70,73,78
115006097,2026/01/31,2,11,13,21,32,38,42,48,49,50,54,63,65,66,71,73,74,76,79,80
115006098,2026/01/31,3,8,9,10,12,14,18,20,28,34,35,36,44,47,51,64,65,73,75,78
115006099,2026/01/31,3,5,12,13,15,19,23,24,28,33,39,41,42,51,52,53,55,56,67,71
115006100,2026/01/31,2,7,8,17,20,23,25,28,29,34,35,38,39,44,49,51,62,70,71,79
115006101,2026/01/31,3,4,7,11,16,22,26,36,37,40,41,42,44,45,50,51,55,67,73,78
115006102,2026/01/31,8,28,29,30,32,34,40,44,48,51,53,54,62,63,64,72,73,74,77,79
115006103,2026/01/31,3,6,22,25,30,32,33,36,37,46,52,53,56,59,65,68,74,75,77,78
115006104,2026/01/31,1,2,3,4,13,15,20,21,22,27,29,30,39,41,42,50,51,72,74,78
115006105,2026/01/31,11,13,23,25,26,31,38,39,40,47,49,54,56,62,69,71,74,77,78,79
115006106,2026/01/31,5,10,14,15,27,32,33,37,38,40,44,46,51,64,65,66,67,69,70,80
115006107,2026/01/31,5,15,18,20,23,27,34,41,47,49,52,55,56,59,63,67,69,72,73,79
115006108,2026/01/31,6,17,18,19,20,28,29,33,35,36,43,50,52,53,64,67,74,76,77,79
115006109,2026/01/31,6,7,10,11,13,15,16,23,24,29,37,55,63,64,68,70,71,72,75,78
115006110,2026/01/31,6,9,12,13,23,25,26,31,32,33,37,44,45,46,49,54,56,61,70,77
115006111,2026/01/31,10,11,13,21,23,25,27,29,30,31,34,44,47,54,57,59,64,66,71,77
115006112,2026/01/31,1,7,10,11,17,20,24,25,26,34,44,45,56,59,60,69,72,73,74,78
115006113,2026/01/31,9,11,12,19,21,27,28,33,34,39,42,48,53,62,64,70,75,76,77,78
115006114,2026/01/31,4,11,12,17,18,20,23,31,33,39,43,47,48,51,59,62,66,72,75,80
115006115,2026/01/31,3,8,15,19,21,27,30,31,35,42,44,49,54,58,61,63,69,76,78,79
115006116,2026/01/31,4,12,14,32,33,37,40,41,42,47,50,54,57,59,63,65,67,76,77,79
115006117,2026/01/31,5,7,9,11,12,25,30,35,37,41,42,49,50,52,54,57,60,63,72,78
115006118,2026/01/31,2,9,12,14,16,17,19,28,29,31,33,37,45,54,57,65,66,70,71,76
115006119,2026/01/31,17,23,26,29,30,36,39,42,44,48,49,57,61,64,67,68,71,75,76,78
115006120,2026/01/31,3,6,10,13,14,18,20,23,28,30,31,32,36,39,48,53,60,67,70,79
115006121,2026/01/31,4,8,9,13,22,23,37,38,47,51,53,54,55,57,58,66,67,70,77,79
115006122,2026/01/31,2,5,6,7,13,14,16,18,20,21,27,30,41,45,46,48,50,68,72,73
115006123,2026/01/31,1,6,9,12,13,22,25,31,34,35,36,44,47,49,50,51,52,59,61,72
115006124,2026/01/31,5,10,11,24,29,34,36,41,44,45,50,52,56,58,60,67,71,73,78,79
115006125,2026/01/31,2,10,11,12,13,15,20,22,24,30,33,37,45,50,52,60,63,64,76,80
115006126,2026/01/31,1,3,5,26,29,32,38,45,47,49,51,53,59,64,65,67,68,71,74,79
115006127,2026/01/31,5,9,12,14,17,21,26,27,28,29,34,41,43,50,54,57,61,72,73,79
115006128,2026/01/31,1,4,6,13,22,23,26,31,32,34,39,43,45,52,57,59,65,66,68,75
115006129,2026/01/31,8,16,22,31,33,35,40,41,43,46,49,52,54,55,64,66,68,70,76,80
115006130,2026/01/31,4,7,13,17,19,20,23,24,27,28,32,44,60,61,66,69,71,73,75,77
115006131,2026/01/31,4,6,9,10,11,12,13,15,16,17,18,19,25,26,29,30,31,42,44,76
115006132,2026/01/31,4,12,15,18,24,29,34,37,45,47,50,52,53,59,65,67,74,76,77,79
115006133,2026/01/31,8,24,25,29,30,31,32,37,40,42,44,48,52,54,57,59,60,61,68,79
115006134,2026/01/31,4,6,14,15,16,17,20,22,27,32,34,37,39,41,44,64,65,70,74,80
115006135,2026/01/31,1,3,6,7,9,10,12,14,17,26,27,41,45,46,50,54,56,61,63,70
115006136,2026/01/31,1,3,11,24,25,34,36,38,40,41,42,46,52,57,58,68,75,76,78,80
115006137,2026/01/31,2,5,9,13,16,20,21,27,30,34,37,40,48,52,53,55,57,65,67,74
115006138,2026/01/31,4,5,13,16,17,18,24,27,44,45,53,54,58,60,62,65,68,72,74,79
115006139,2026/01/31,4,5,10,17,22,28,32,46,52,56,58,63,67,70,72,74,75,76,78,80
115006140,2026/01/31,2,10,11,15,16,19,21,22,25,31,40,49,53,56,58,59,60,68,76,79
115006141,2026/01/31,4,6,8,10,15,18,22,33,36,39,43,45,46,47,48,56,60,62,69,70
115006142,2026/01/31,4,5,6,8,17,20,21,22,24,27,34,37,38,43,44,47,57,62,63,68
115006143,2026/01/31,1,3,8,19,23,31,33,34,35,39,40,42,45,55,56,57,64,65,75,77
115006144,2026/01/31,6,14,18,21,25,26,27,30,33,36,42,48,51,53,68,70,71,74,78,80
115006145,2026/01/31,2,5,8,10,13,21,31,32,34,46,47,49,52,57,58,61,62,64,68,78
115006146,2026/01/31,5,18,22,24,27,43,44,45,48,50,52,54,60,63,67,68,69,74,76,79
115006147,2026/01/31,2,3,4,9,15,21,30,31,42,46,49,50,55,62,68,69,70,72,74,80
115006148,2026/01/31,1,4,6,15,18,21,22,36,38,43,44,47,49,52,53,58,60,70,72,74
115006149,2026/01/31,2,3,14,15,16,19,23,30,34,38,40,46,54,55,69,70,71,73,74,78
115006150,2026/01/31,7,8,11,17,24,26,29,32,37,42,52,53,54,57,60,61,75,76,79,80
115006151,2026/01/31,11,14,27,34,35,38,41,45,48,59,63,64,65,67,70,72,74,76,77,80
115006152,2026/01/31,9,16,19,24,25,30,40,41,42,44,49,51,54,56,57,58,62,63,75,77
115006153,2026/01/31,2,7,9,11,14,23,26,33,39,41,44,46,48,49,53,64,68,70,71,77
115006154,2026/01/31,1,10,11,14,19,21,22,24,28,32,47,48,51,53,54,57,67,73,74,75
115006155,2026/01/31,4,7,13,17,20,23,25,28,37,43,46,56,62,63,66,67,73,77,79,80
115006156,2026/01/31,1,2,3,4,15,18,22,23,25,26,29,35,44,45,55,60,62,65,71,80
115006157,2026/01/31,2,6,24,26,28,32,36,38,45,49,59,60,64,65,67,70,71,73,75,80
115006158,2026/01/31,2,6,8,11,13,14,25,26,28,31,33,36,48,54,58,62,69,76,78,80
115006159,2026/01/31,4,6,11,15,18,20,22,28,38,40,46,50,51,57,62,63,71,74,75,76
115006160,2026/01/31,1,2,4,5,9,20,23,26,30,32,33,35,38,39,42,45,52,58,64,80
115006161,2026/01/31,4,18,24,26,35,37,38,41,46,49,52,55,58,60,62,64,66,69,70,80
115006162,2026/01/31,3,11,13,19,34,35,37,39,40,49,50,53,60,62,65,67,68,70,72,80
115006163,2026/01/31,4,6,18,29,33,36,37,41,46,47,49,53,56,60,63,64,67,71,76,78
115006164,2026/01/31,6,10,13,19,23,24,27,29,37,39,40,44,46,53,57,58,59,60,68,80
115006165,2026/01/31,5,8,12,13,18,20,22,26,35,39,44,46,49,58,62,65,66,68,71,80
115006166,2026/01/31,1,2,16,18,24,34,39,40,47,51,55,57,59,66,68,70,73,74,79,80
115006167,2026/01/31,4,11,13,15,21,31,32,38,43,47,48,53,56,57,62,64,65,67,73,76
115006168,2026/01/31,1,5,7,15,28,40,42,44,50,52,54,55,63,64,65,70,71,72,78,79
115006169,2026/01/31,7,8,11,19,20,21,22,33,35,36,37,44,45,49,50,54,55,67,70,72
115006170,2026/01/31,6,8,11,17,23,25,26,28,32,33,42,46,47,51,53,62,63,64,72,80
115006171,2026/01/31,1,12,13,17,22,30,32,35,37,39,41,43,44,54,60,65,70,71,72,73
115006172,2026/01/31,5,10,12,14,26,37,38,42,46,47,50,51,52,64,66,70,72,76,78,79
115006173,2026/01/31,1,14,16,21,26,28,30,31,37,41,43,47,56,58,60,62,65,74,75,80
115006174,2026/01/31,2,4,12,15,16,25,29,31,33,36,39,45,53,57,61,62,64,67,70,73
115006175,2026/01/31,1,5,6,23,25,26,29,32,34,36,42,45,50,52,55,61,67,70,76,79
115006176,2026/01/31,6,7,17,18,20,22,23,29,32,36,46,50,56,66,67,72,73,74,78,80
115006177,2026/01/31,1,4,17,21,29,30,38,39,41,46,47,54,59,60,63,68,73,74,76,77
115006178,2026/01/31,1,9,14,19,22,24,26,28,32,33,41,43,53,57,66,71,75,76,78,79
115006179,2026/01/31,2,6,19,21,24,25,27,28,34,36,42,46,48,55,57,61,65,71,73,74
115006180,2026/01/31,2,9,10,11,15,21,27,31,38,39,44,47,48,53,61,74,75,76,77,80
115006181,2026/01/31,4,6,8,9,10,13,14,15,16,21,26,30,32,37,54,59,60,63,66,68
115006182,2026/01/31,1,5,6,8,15,16,26,27,31,35,37,42,44,59,62,66,69,70,72,77
115006183,2026/01/31,4,6,20,22,29,34,35,37,43,47,51,54,57,59,62,66,67,71,76,79
115006184,2026/01/31,6,16,21,25,29,30,34,35,39,44,45,47,50,54,57,60,62,71,73,74
115006185,2026/01/31,1,5,9,12,16,17,20,30,35,36,40,45,49,52,56,57,62,65,74,80
115006186,2026/01/31,2,4,10,13,16,17,22,27,33,34,36,46,49,50,60,63,65,66,70,72
115006187,2026/01/31,9,15,21,22,31,34,40,44,45,48,52,55,63,64,65,74,75,78,79,80
115006188,2026/01/31,7,9,10,12,23,26,29,35,42,44,48,50,54,58,64,67,72,73,74,75
115006189,2026/01/31,2,11,12,23,30,33,42,43,45,49,57,58,60,61,71,74,75,78,79,80
115006190,2026/01/31,2,7,9,11,17,20,21,23,26,41,43,46,54,58,59,62,63,67,70,72
115006191,2026/01/31,2,4,5,6,7,10,17,28,36,41,42,46,49,54,55,59,60,67,68,77
115006192,2026/01/31,7,8,16,20,21,23,29,30,32,33,35,46,48,56,62,64,69,71,75,78
115006193,2026/01/31,1,3,6,15,16,19,22,28,38,40,44,54,55,58,59,61,67,69,70,71
115006194,2026/01/31,2,6,10,11,16,20,23,30,36,37,44,49,55,57,61,63,65,66,71,79
115006195,2026/01/31,4,7,15,16,33,34,39,41,42,47,52,62,66,68,72,73,74,75,76,79
115006196,2026/01/31,4,6,7,14,16,18,23,27,28,43,45,46,47,48,55,57,58,59,60,77
115006197,2026/01/31,2,6,9,22,31,35,37,43,46,47,54,55,56,57,59,60,65,66,75,80
115006198,2026/01/31,1,2,4,12,18,25,28,34,36,38,41,43,45,48,49,58,60,65,66,69
115006199,2026/01/31,1,2,7,13,20,22,26,31,43,44,47,48,51,55,57,67,68,71,73,78
115006200,2026/01/31,1,14,16,21,26,29,31,34,45,46,48,50,57,61,68,69,70,72,75,79
115006201,2026/01/31,2,5,7,11,14,20,24,27,32,36,42,43,49,54,62,64,65,67,72,74
115006202,2026/01/31,1,7,15,25,26,27,33,34,36,38,40,46,55,58,61,63,69,72,78,79
115006203,2026/01/31,6,8,11,14,19,25,31,35,40,47,49,57,58,59,61,66,71,77,78,79
115006204,2026/01/31,9,16,17,28,29,37,38,40,45,48,49,50,51,53,58,59,66,73,74,75
115006205,2026/01/31,7,9,10,11,12,14,15,19,25,27,32,34,35,38,44,54,56,60,65,73
115006206,2026/01/31,2,9,10,11,12,16,19,21,32,33,37,47,49,51,60,61,69,72,77,80
115006207,2026/01/31,2,9,19,26,30,35,36,38,39,41,42,43,51,53,62,64,74,75,77,80
115006208,2026/01/31,8,9,13,14,16,21,23,25,31,34,35,40,42,43,48,57,58,61,78,80
115006209,2026/01/31,6,8,15,17,28,29,30,34,36,38,40,50,53,59,66,67,69,70,79,80
115006210,2026/01/31,5,7,8,18,30,32,34,37,38,40,42,44,45,46,48,52,63,66,72,78
115006211,2026/01/31,6,7,19,22,26,27,31,32,41,47,54,55,58,61,67,68,70,75,77,79
115006212,2026/01/31,1,7,8,14,18,25,27,30,37,39,51,54,60,61,62,63,66,69,75,77
115006213,2026/01/31,8,9,11,14,20,24,32,34,39,42,50,54,57,58,62,65,76,77,79,80
115006214,2026/01/31,6,7,19,21,22,24,27,28,32,35,48,49,54,55,56,59,66,67,68,76
115006215,2026/01/31,1,5,14,16,18,19,22,25,33,41,43,49,55,61,63,64,68,69,70,71
115006216,2026/01/31,6,10,13,17,18,23,31,39,43,44,47,49,50,51,57,60,64,70,73,76
115006217,2026/01/31,1,4,6,8,13,15,23,25,26,31,45,46,50,53,58,59,62,65,74,76
115006218,2026/01/31,7,9,10,14,19,20,23,26,29,39,40,43,44,53,60,63,68,75,76,78
115006219,2026/01/31,10,25,26,31,35,36,38,42,44,49,55,58,60,62,68,70,71,72,74,76
115006220,2026/01/31,10,12,16,19,21,25,31,34,36,39,47,49,50,56,63,65,69,74,78,79
115006221,2026/01/31,3,6,8,11,20,21,25,32,49,50,53,57,61,63,65,66,70,74,79,80
115006222,2026/01/31,4,6,9,10,16,25,36,37,40,41,43,46,47,49,52,56,60,64,74,80
115006223,2026/01/31,3,6,9,14,16,21,26,29,35,36,43,45,53,57,60,74,75,77,78,79
115006224,2026/01/31,2,8,16,23,28,29,34,45,47,50,51,56,63,65,66,68,71,76,79,80
115006225,2026/01/31,1,5,8,10,22,26,28,34,37,43,50,51,52,59,61,65,67,71,77,79
115006226,2026/01/31,1,3,8,10,12,18,21,24,28,32,33,42,45,47,59,62,63,69,76,79
115006227,2026/01/31,2,5,7,10,13,26,29,31,35,36,44,48,50,51,52,53,68,77,78,80
115006228,2026/01/31,2,4,8,13,14,16,20,22,28,29,36,45,50,57,58,60,74,75,77,80
115006229,2026/01/31,4,5,6,13,14,16,21,27,29,42,46,50,51,58,65,68,69,75,76,77
115006230,2026/01/31,9,17,32,33,36,39,40,45,52,53,54,56,60,66,68,72,75,77,79,80
115006231,2026/01/31,9,16,30,34,36,37,38,39,40,42,43,45,50,52,56,62,64,66,71,78
115006232,2026/01/31,4,10,13,19,23,25,26,27,29,32,43,46,55,57,62,65,72,75,77,80
115006233,2026/01/31,6,15,17,18,23,25,34,35,40,44,50,52,54,55,60,63,69,72,75,78
115006234,2026/01/31,3,4,5,11,15,23,30,33,35,37,39,41,46,48,56,60,66,68,70,74
115006235,2026/01/31,3,11,14,19,24,25,26,34,41,42,43,50,53,55,59,63,67,68,76,78
115006236,2026/01/31,1,3,5,11,16,21,22,24,31,42,44,46,48,54,55,59,63,65,71,80
115006237,2026/01/31,5,7,8,9,19,22,24,29,41,42,46,49,56,60,61,63,65,68,70,71
115006238,2026/01/31,6,9,15,16,21,22,30,32,33,34,39,42,46,47,48,50,71,73,76,78
115006239,2026/01/31,3,7,16,25,29,31,38,39,44,46,52,53,55,62,65,68,71,73,76,79
115006240,2026/01/31,1,4,6,8,10,12,17,18,19,20,25,28,29,50,53,57,61,77,78,79
115006241,2026/01/31,7,10,12,13,14,22,30,32,34,39,40,46,47,48,50,52,58,77,79,80
115006242,2026/01/31,7,8,20,21,23,25,30,33,37,45,46,48,52,54,59,64,68,69,72,73
115006243,2026/01/31,4,6,10,14,24,25,27,30,31,34,38,47,48,49,50,56,57,59,68,76
115006244,2026/01/31,4,8,10,22,25,26,27,28,29,31,32,42,52,55,59,61,71,74,75,78
115006245,2026/01/31,3,5,6,11,18,23,24,32,37,39,42,47,51,53,55,56,60,67,72,77
115006246,2026/01/31,1,2,3,6,10,15,22,24,25,27,29,47,57,58,59,60,67,70,74,79
115006247,2026/01/31,3,11,13,16,19,22,27,31,33,34,40,46,56,58,59,64,68,70,73,74
115006248,2026/01/31,2,3,5,10,13,15,18,25,28,30,51,54,55,61,62,65,67,76,77,80
115006249,2026/01/31,1,6,8,10,13,14,18,21,30,32,36,43,46,47,57,59,69,72,74,79
115006250,2026/01/31,12,13,20,21,31,32,33,34,35,36,37,43,44,51,55,56,63,69,71,79
115006251,2026/01/31,2,6,7,11,21,25,29,35,38,41,47,48,49,51,61,64,68,74,78,80
115006252,2026/01/31,6,7,8,14,17,19,23,24,26,30,32,33,42,53,56,64,65,73,76,78
115006253,2026/01/31,2,6,12,17,26,29,30,32,38,40,45,47,48,51,55,56,69,70,73,78
115006254,2026/01/31,2,6,18,19,24,29,31,32,33,36,39,40,49,52,54,55,56,57,78,80
115006255,2026/01/31,1,4,6,7,13,25,30,31,35,36,39,46,48,51,62,63,65,67,72,74
115006256,2026/01/31,3,7,12,20,22,24,25,28,37,40,41,42,48,57,58,63,68,70,76,78
115006257,2026/01/31,1,2,5,11,12,15,16,20,26,28,32,41,44,46,54,58,62,67,71,77
115006258,2026/01/31,3,6,8,10,14,20,21,29,30,31,36,37,38,39,51,57,64,68,74,80
115006259,2026/01/31,5,9,11,12,16,19,20,25,29,49,52,53,57,64,65,72,73,76,78,80
115006260,2026/01/31,12,13,17,26,27,28,30,32,36,37,40,42,44,48,52,53,58,63,69,80
115006261,2026/01/31,1,6,11,12,25,29,30,40,42,53,58,62,63,68,70,72,75,76,78,79
115006262,2026/01/31,1,5,10,31,33,38,39,44,48,50,52,54,56,58,59,60,74,75,77,79
115006263,2026/01/31,9,19,27,28,34,35,39,40,41,42,43,45,46,49,56,61,71,74,75,78
115006264,2026/01/31,1,6,14,15,21,26,28,37,45,46,49,54,55,60,61,65,66,68,69,74
115006265,2026/01/31,1,5,7,12,20,23,24,27,30,33,34,41,46,50,51,54,62,71,72,76
115006266,2026/01/31,3,4,5,13,20,23,26,28,30,34,36,38,40,47,48,58,65,66,68,71
115006267,2026/01/31,4,5,6,8,9,10,13,16,17,20,29,31,34,36,43,46,54,55,57,70
115006268,2026/01/31,1,7,11,16,17,25,26,27,28,29,33,40,45,54,57,63,67,69,70,78
115006269,2026/01/31,1,7,17,18,21,27,33,35,38,45,46,49,51,58,61,62,63,69,75,79
115006270,2026/01/31,2,4,5,6,10,28,30,34,42,46,47,50,53,54,58,61,69,71,72,75
115006271,2026/01/31,5,6,7,9,14,16,20,21,25,26,27,32,34,44,50,61,71,75,77,78
115006272,2026/01/31,1,4,7,9,12,21,25,27,37,42,48,50,61,66,70,71,75,76,78,80
115006273,2026/01/31,1,2,10,14,15,18,27,29,30,37,38,44,46,53,56,65,66,68,73,79
115006274,2026/01/31,6,12,13,17,21,23,26,27,28,30,38,40,42,48,50,55,57,58,63,65
115006275,2026/01/31,5,7,15,17,23,28,30,32,48,49,52,54,57,62,69,70,73,75,77,80
115006276,2026/01/31,9,14,16,19,30,31,35,36,38,45,48,49,50,55,57,61,65,71,76,79
115006277,2026/01/31,11,12,28,32,33,35,36,37,41,45,48,52,53,54,63,69,72,73,79,80
115006278,2026/01/31,1,9,11,15,20,22,23,39,40,42,47,49,50,54,57,63,64,71,74,76
115006279,2026/01/31,6,7,9,16,19,20,23,27,29,38,42,45,47,48,50,51,53,54,55,67
115006280,2026/01/31,6,12,13,16,17,20,30,42,46,47,48,52,53,56,61,64,66,68,71,73
115006281,2026/01/31,2,8,9,12,14,17,22,25,27,31,37,45,48,49,51,54,58,61,62,78
115006282,2026/01/31,3,5,7,11,12,16,17,23,27,29,40,46,47,49,55,57,61,63,65,77
115006283,2026/01/31,1,2,4,5,11,15,20,21,26,27,35,46,47,50,55,69,70,74,77,78
115006284,2026/01/31,1,3,6,14,18,21,23,36,37,41,42,47,48,52,55,61,64,75,76,78
115006285,2026/01/31,5,6,7,14,19,22,25,26,27,33,37,40,41,42,45,47,56,62,67,69
115006286,2026/01/31,1,2,3,4,11,12,19,20,21,34,37,43,47,58,62,67,71,73,76,77
115006287,2026/01/31,2,5,11,12,15,18,27,34,42,49,51,52,59,61,65,66,67,69,74,76
115006288,2026/01/31,12,15,25,26,36,38,39,46,47,52,54,55,61,64,66,70,72,73,76,80
115006289,2026/01/31,5,8,13,19,22,25,29,34,51,56,58,61,63,65,66,68,69,73,74,80
115006290,2026/01/31,1,7,12,14,15,16,17,19,21,28,29,34,47,49,57,58,64,65,66,74
115006291,2026/01/31,3,6,11,12,13,23,24,27,33,41,42,46,49,56,60,65,66,75,77,80
115006292,2026/01/31,9,11,12,16,21,29,30,34,41,43,49,52,57,59,61,64,66,69,76,78
115006293,2026/01/31,3,5,18,23,26,28,29,34,40,42,44,47,49,54,55,56,67,71,73,79
