variant,size_class,board_id,target_row,target_col,target_number,rank,top1_hit,top3_hit,top5_hit,top10_hit,spatial_applied,spatial_affected_count,spatial_total_penalty,topk_max_cluster_size,topk_adjacent_pair_rate
baseline,4x4,4x4_0,1,2,2,1,1,1,1,1,0,0,0.0,7.0,0.39285714285714285
baseline,4x4,4x4_0,1,3,6,3,0,1,1,1,0,0,0.0,7.0,0.39285714285714285
baseline,4x4,4x4_0,4,4,9,7,0,0,0,1,0,0,0.0,7.0,0.39285714285714285
baseline,4x4,4x4_0,1,4,11,8,0,0,0,1,0,0,0.0,7.0,0.39285714285714285
baseline,4x4,4x4_0,3,2,3,8,0,0,0,1,0,0,0.0,7.0,0.39285714285714285
baseline,4x4,4x4_0,2,1,5,5,0,0,1,1,0,0,0.0,7.0,0.39285714285714285
baseline,4x4,4x4_0,2,2,14,7,0,0,0,1,0,0,0.0,7.0,0.39285714285714285
baseline,4x4,4x4_0,1,1,10,2,0,1,1,1,0,0,0.0,7.0,0.39285714285714285
baseline,4x4,4x4_1,1,1,4,3,0,1,1,1,0,0,0.0,5.0,0.21428571428571427
baseline,4x4,4x4_1,3,1,14,7,0,0,0,1,0,0,0.0,5.0,0.21428571428571427
baseline,4x4,4x4_1,4,3,7,5,0,0,1,1,0,0,0.0,5.0,0.21428571428571427
baseline,4x4,4x4_1,2,1,6,4,0,0,1,1,0,0,0.0,5.0,0.21428571428571427
baseline,4x4,4x4_1,1,2,9,5,0,0,1,1,0,0,0.0,5.0,0.21428571428571427
baseline,4x4,4x4_1,1,4,11,8,0,0,0,1,0,0,0.0,5.0,0.21428571428571427
baseline,4x4,4x4_1,4,1,16,4,0,0,1,1,0,0,0.0,5.0,0.21428571428571427
baseline,4x4,4x4_1,4,4,13,2,0,1,1,1,0,0,0.0,5.0,0.21428571428571427
baseline,4x5,4x5_0,4,1,8,7,0,0,0,1,0,0,0.0,10.0,0.28888888888888886
baseline,4x5,4x5_0,1,2,17,2,0,1,1,1,0,0,0.0,10.0,0.28888888888888886
baseline,4x5,4x5_0,3,2,10,7,0,0,0,1,0,0,0.0,10.0,0.28888888888888886
baseline,4x5,4x5_0,2,4,4,6,0,0,0,1,0,0,0.0,10.0,0.28888888888888886
baseline,4x5,4x5_0,2,1,6,6,0,0,0,1,0,0,0.0,10.0,0.28888888888888886
baseline,4x5,4x5_0,1,5,1,8,0,0,0,1,0,0,0.0,10.0,0.28888888888888886
baseline,4x5,4x5_0,3,5,14,9,0,0,0,1,0,0,0.0,10.0,0.28888888888888886
baseline,4x5,4x5_0,4,2,3,2,0,1,1,1,0,0,0.0,10.0,0.28888888888888886
baseline,4x5,4x5_0,2,5,2,1,1,1,1,1,0,0,0.0,10.0,0.28888888888888886
baseline,4x5,4x5_0,3,3,16,7,0,0,0,1,0,0,0.0,10.0,0.28888888888888886
baseline,4x5,4x5_1,2,3,6,5,0,0,1,1,0,0,0.0,9.0,0.28888888888888886
baseline,4x5,4x5_1,1,2,11,2,0,1,1,1,0,0,0.0,9.0,0.28888888888888886
baseline,4x5,4x5_1,2,5,13,4,0,0,1,1,0,0,0.0,9.0,0.28888888888888886
baseline,4x5,4x5_1,4,1,8,8,0,0,0,1,0,0,0.0,9.0,0.28888888888888886
baseline,4x5,4x5_1,4,3,14,4,0,0,1,1,0,0,0.0,9.0,0.28888888888888886
baseline,4x5,4x5_1,1,1,1,4,0,0,1,1,0,0,0.0,9.0,0.28888888888888886
baseline,4x5,4x5_1,3,2,9,7,0,0,0,1,0,0,0.0,9.0,0.28888888888888886
baseline,4x5,4x5_1,2,2,17,7,0,0,0,1,0,0,0.0,9.0,0.28888888888888886
baseline,4x5,4x5_1,4,4,7,2,0,1,1,1,0,0,0.0,9.0,0.28888888888888886
baseline,4x5,4x5_1,1,3,19,9,0,0,0,1,0,0,0.0,9.0,0.28888888888888886
baseline,5x5,5x5_0,5,2,12,10,0,0,0,1,0,0,0.0,9.0,0.35555555555555557
baseline,5x5,5x5_0,2,2,20,11,0,0,0,0,0,0,0.0,9.0,0.35555555555555557
baseline,5x5,5x5_0,4,3,24,7,0,0,0,1,0,0,0.0,9.0,0.35555555555555557
baseline,5x5,5x5_0,3,3,10,12,0,0,0,0,0,0,0.0,9.0,0.35555555555555557
baseline,5x5,5x5_0,2,3,3,3,0,1,1,1,0,0,0.0,9.0,0.4
baseline,5x5,5x5_0,3,2,19,3,0,1,1,1,0,0,0.0,9.0,0.35555555555555557
baseline,5x5,5x5_0,1,3,21,4,0,0,1,1,0,0,0.0,9.0,0.35555555555555557
baseline,5x5,5x5_0,5,3,4,11,0,0,0,0,0,0,0.0,9.0,0.4
baseline,5x5,5x5_0,1,2,22,1,1,1,1,1,0,0,0.0,9.0,0.35555555555555557
baseline,5x5,5x5_0,4,2,9,2,0,1,1,1,0,0,0.0,10.0,0.4
baseline,5x5,5x5_0,3,5,2,10,0,0,0,1,0,0,0.0,9.0,0.4
baseline,5x5,5x5_0,1,1,17,12,0,0,0,0,0,0,0.0,9.0,0.35555555555555557
baseline,5x5,5x5_1,2,1,10,3,0,1,1,1,0,0,0.0,7.0,0.2
baseline,5x5,5x5_1,4,2,11,8,0,0,0,1,0,0,0.0,7.0,0.2
baseline,5x5,5x5_1,1,5,4,5,0,0,1,1,0,0,0.0,6.0,0.15555555555555556
baseline,5x5,5x5_1,5,5,17,1,1,1,1,1,0,0,0.0,8.0,0.24444444444444444
baseline,5x5,5x5_1,3,3,14,10,0,0,0,1,0,0,0.0,8.0,0.24444444444444444
baseline,5x5,5x5_1,3,4,21,5,0,0,1,1,0,0,0.0,8.0,0.24444444444444444
baseline,5x5,5x5_1,5,4,20,3,0,1,1,1,0,0,0.0,8.0,0.24444444444444444
baseline,5x5,5x5_1,1,2,23,10,0,0,0,1,0,0,0.0,8.0,0.24444444444444444
baseline,5x5,5x5_1,4,5,3,12,0,0,0,0,0,0,0.0,6.0,0.15555555555555556
baseline,5x5,5x5_1,5,3,12,10,0,0,0,1,0,0,0.0,8.0,0.24444444444444444
baseline,5x5,5x5_1,3,5,1,11,0,0,0,0,0,0,0.0,6.0,0.15555555555555556
baseline,5x5,5x5_1,1,4,19,11,0,0,0,0,0,0,0.0,8.0,0.24444444444444444
baseline,8x10,8x10_0,6,7,1,16,0,0,0,0,0,0,0.0,2.0,0.08888888888888889
baseline,8x10,8x10_0,6,1,45,23,0,0,0,0,0,0,0.0,6.0,0.15555555555555556
baseline,8x10,8x10_0,8,9,72,1,1,1,1,1,0,0,0.0,8.0,0.2
baseline,8x10,8x10_0,7,2,50,33,0,0,0,0,0,0,0.0,5.0,0.2
baseline,8x10,8x10_0,3,3,69,40,0,0,0,0,0,0,0.0,7.0,0.2
baseline,8x10,8x10_0,8,10,57,9,0,0,0,1,0,0,0.0,5.0,0.24444444444444444
baseline,8x10,8x10_0,1,8,41,16,0,0,0,0,0,0,0.0,5.0,0.13333333333333333
baseline,8x10,8x10_0,4,9,60,21,0,0,0,0,0,0,0.0,6.0,0.2222222222222222
baseline,8x10,8x10_0,6,8,61,9,0,0,0,1,0,0,0.0,7.0,0.2
baseline,8x10,8x10_0,7,9,73,6,0,0,0,1,0,0,0.0,8.0,0.24444444444444444
baseline,8x10,8x10_0,7,5,9,30,0,0,0,0,0,0,0.0,4.0,0.08888888888888889
baseline,8x10,8x10_0,2,2,15,24,0,0,0,0,0,0,0.0,4.0,0.1111111111111111
baseline,8x10,8x10_0,6,4,74,15,0,0,0,0,0,0,0.0,7.0,0.2
baseline,8x10,8x10_0,5,9,46,21,0,0,0,0,0,0,0.0,6.0,0.2
baseline,8x10,8x10_0,2,10,38,30,0,0,0,0,0,0,0.0,5.0,0.13333333333333333
baseline,8x10,8x10_0,4,6,55,11,0,0,0,0,0,0,0.0,6.0,0.2222222222222222
baseline,8x10,8x10_0,3,2,33,19,0,0,0,0,0,0,0.0,4.0,0.13333333333333333
baseline,8x10,8x10_0,6,10,66,6,0,0,0,1,0,0,0.0,7.0,0.2
baseline,8x10,8x10_0,2,7,5,20,0,0,0,0,0,0,0.0,2.0,0.06666666666666667
baseline,8x10,8x10_0,3,10,76,22,0,0,0,0,0,0,0.0,7.0,0.2222222222222222
baseline,8x10,8x10_0,4,7,68,33,0,0,0,0,0,0,0.0,7.0,0.2
baseline,8x10,8x10_0,6,5,12,38,0,0,0,0,0,0,0.0,4.0,0.1111111111111111
baseline,8x10,8x10_0,6,2,51,29,0,0,0,0,0,0,0.0,5.0,0.2
baseline,8x10,8x10_0,7,7,4,36,0,0,0,0,0,0,0.0,2.0,0.06666666666666667
baseline,8x10,8x10_0,3,6,13,22,0,0,0,0,0,0,0.0,4.0,0.1111111111111111
baseline,8x10,8x10_0,3,7,14,1,1,1,1,1,0,0,0.0,4.0,0.1111111111111111
baseline,8x10,8x10_0,4,8,17,22,0,0,0,0,0,0,0.0,2.0,0.06666666666666667
baseline,8x10,8x10_0,5,4,71,21,0,0,0,0,0,0,0.0,8.0,0.2
baseline,8x10,8x10_0,3,9,36,34,0,0,0,0,0,0,0.0,4.0,0.08888888888888889
baseline,8x10,8x10_0,1,9,20,33,0,0,0,0,0,0,0.0,2.0,0.06666666666666667
baseline,8x10,8x10_0,5,10,30,27,0,0,0,0,0,0,0.0,2.0,0.06666666666666667
baseline,8x10,8x10_0,3,5,64,15,0,0,0,0,0,0,0.0,5.0,0.2
baseline,8x10,8x10_0,3,4,65,28,0,0,0,0,0,0,0.0,7.0,0.2
baseline,8x10,8x10_0,1,5,8,12,0,0,0,0,0,0,0.0,2.0,0.06666666666666667
baseline,8x10,8x10_0,2,4,58,36,0,0,0,0,0,0,0.0,5.0,0.24444444444444444
baseline,8x10,8x10_0,3,8,27,37,0,0,0,0,0,0,0.0,2.0,0.06666666666666667
baseline,8x10,8x10_0,8,8,32,35,0,0,0,0,0,0,0.0,4.0,0.13333333333333333
baseline,8x10,8x10_0,4,2,52,36,0,0,0,0,0,0,0.0,5.0,0.24444444444444444
baseline,8x10,8x10_0,4,1,31,31,0,0,0,0,0,0,0.0,4.0,0.1111111111111111
baseline,8x10,8x10_0,8,3,79,30,0,0,0,0,0,0,0.0,9.0,0.24444444444444444
baseline,8x10,8x10_1,7,10,68,13,0,0,0,0,0,0,0.0,9.0,0.2222222222222222
baseline,8x10,8x10_1,5,4,10,11,0,0,0,0,0,0,0.0,3.0,0.08888888888888889
baseline,8x10,8x10_1,1,6,17,6,0,0,0,1,0,0,0.0,3.0,0.1111111111111111
baseline,8x10,8x10_1,4,10,67,22,0,0,0,0,0,0,0.0,9.0,0.2222222222222222
baseline,8x10,8x10_1,4,4,34,38,0,0,0,0,0,0,0.0,3.0,0.08888888888888889
baseline,8x10,8x10_1,6,1,21,24,0,0,0,0,0,0,0.0,3.0,0.06666666666666667
baseline,8x10,8x10_1,3,9,74,15,0,0,0,0,0,0,0.0,8.0,0.2
baseline,8x10,8x10_1,1,10,44,31,0,0,0,0,0,0,0.0,3.0,0.1111111111111111
baseline,8x10,8x10_1,5,3,72,6,0,0,0,1,0,0,0.0,9.0,0.2222222222222222
baseline,8x10,8x10_1,7,4,18,39,0,0,0,0,0,0,0.0,3.0,0.08888888888888889
baseline,8x10,8x10_1,6,8,31,32,0,0,0,0,0,0,0.0,3.0,0.08888888888888889
baseline,8x10,8x10_1,5,2,11,12,0,0,0,0,0,0,0.0,3.0,0.1111111111111111
baseline,8x10,8x10_1,5,5,19,37,0,0,0,0,0,0,0.0,3.0,0.08888888888888889
baseline,8x10,8x10_1,3,7,75,16,0,0,0,0,0,0,0.0,8.0,0.2
baseline,8x10,8x10_1,1,8,76,24,0,0,0,0,0,0,0.0,8.0,0.2
baseline,8x10,8x10_1,2,1,6,3,0,1,1,1,0,0,0.0,4.0,0.15555555555555556
baseline,8x10,8x10_1,4,6,8,13,0,0,0,0,0,0,0.0,4.0,0.13333333333333333
baseline,8x10,8x10_1,4,3,26,9,0,0,0,1,0,0,0.0,3.0,0.08888888888888889
baseline,8x10,8x10_1,6,3,78,28,0,0,0,0,0,0,0.0,8.0,0.2
baseline,8x10,8x10_1,2,9,49,4,0,0,1,1,0,0,0.0,4.0,0.17777777777777778
baseline,8x10,8x10_1,3,1,3,2,0,1,1,1,0,0,0.0,3.0,0.1111111111111111
baseline,8x10,8x10_1,4,9,77,10,0,0,0,1,0,0,0.0,8.0,0.2
baseline,8x10,8x10_1,8,7,12,34,0,0,0,0,0,0,0.0,3.0,0.1111111111111111
baseline,8x10,8x10_1,2,10,15,24,0,0,0,0,0,0,0.0,3.0,0.08888888888888889
baseline,8x10,8x10_1,6,10,73,8,0,0,0,1,0,0,0.0,8.0,0.2
baseline,8x10,8x10_1,5,7,13,13,0,0,0,0,0,0,0.0,3.0,0.1111111111111111
baseline,8x10,8x10_1,6,2,43,14,0,0,0,0,0,0,0.0,4.0,0.1111111111111111
baseline,8x10,8x10_1,8,9,22,35,0,0,0,0,0,0,0.0,3.0,0.06666666666666667
baseline,8x10,8x10_1,7,8,2,32,0,0,0,0,0,0,0.0,3.0,0.1111111111111111
baseline,8x10,8x10_1,3,5,53,19,0,0,0,0,0,0,0.0,5.0,0.1111111111111111
baseline,8x10,8x10_1,1,4,1,5,0,0,1,1,0,0,0.0,3.0,0.1111111111111111
baseline,8x10,8x10_1,7,5,64,12,0,0,0,0,0,0,0.0,6.0,0.2
baseline,8x10,8x10_1,7,9,24,32,0,0,0,0,0,0,0.0,2.0,0.06666666666666667
baseline,8x10,8x10_1,2,6,60,20,0,0,0,0,0,0,0.0,9.0,0.2
baseline,8x10,8x10_1,7,3,27,27,0,0,0,0,0,0,0.0,3.0,0.1111111111111111
baseline,8x10,8x10_1,8,6,32,33,0,0,0,0,0,0,0.0,2.0,0.06666666666666667
baseline,8x10,8x10_1,1,1,20,5,0,0,1,1,0,0,0.0,3.0,0.08888888888888889
baseline,8x10,8x10_1,2,4,71,29,0,0,0,0,0,0,0.0,8.0,0.2
baseline,8x10,8x10_1,8,1,29,28,0,0,0,0,0,0,0.0,4.0,0.13333333333333333
baseline,8x10,8x10_1,6,5,28,38,0,0,0,0,0,0,0.0,4.0,0.13333333333333333
baseline,10x8,10x8_0,5,6,21,16,0,0,0,0,0,0,0.0,2.0,0.06666666666666667
baseline,10x8,10x8_0,10,8,8,34,0,0,0,0,0,0,0.0,3.0,0.08888888888888889
baseline,10x8,10x8_0,10,1,66,35,0,0,0,0,0,0,0.0,4.0,0.1111111111111111
baseline,10x8,10x8_0,5,7,39,1,1,1,1,1,0,0,0.0,3.0,0.1111111111111111
baseline,10x8,10x8_0,1,5,24,17,0,0,0,0,0,0,0.0,2.0,0.06666666666666667
baseline,10x8,10x8_0,8,1,77,36,0,0,0,0,0,0,0.0,7.0,0.2222222222222222
baseline,10x8,10x8_0,9,2,20,6,0,0,0,1,0,0,0.0,2.0,0.06666666666666667
baseline,10x8,10x8_0,3,7,75,29,0,0,0,0,0,0,0.0,8.0,0.2
baseline,10x8,10x8_0,9,4,15,22,0,0,0,0,0,0,0.0,2.0,0.044444444444444446
baseline,10x8,10x8_0,8,4,6,6,0,0,0,1,0,0,0.0,2.0,0.06666666666666667
baseline,10x8,10x8_0,7,2,28,37,0,0,0,0,0,0,0.0,2.0,0.06666666666666667
baseline,10x8,10x8_0,2,8,7,25,0,0,0,0,0,0,0.0,2.0,0.06666666666666667
baseline,10x8,10x8_0,4,7,3,26,0,0,0,0,0,0,0.0,3.0,0.06666666666666667
baseline,10x8,10x8_0,1,4,14,19,0,0,0,0,0,0,0.0,2.0,0.044444444444444446
baseline,10x8,10x8_0,6,1,61,29,0,0,0,0,0,0,0.0,5.0,0.13333333333333333
baseline,10x8,10x8_0,10,3,46,25,0,0,0,0,0,0,0.0,4.0,0.15555555555555556
baseline,10x8,10x8_0,9,7,31,16,0,0,0,0,0,0,0.0,2.0,0.08888888888888889
baseline,10x8,10x8_0,7,6,57,10,0,0,0,1,0,0,0.0,6.0,0.1111111111111111
baseline,10x8,10x8_0,3,4,37,29,0,0,0,0,0,0,0.0,2.0,0.08888888888888889
baseline,10x8,10x8_0,7,8,48,22,0,0,0,0,0,0,0.0,4.0,0.15555555555555556
baseline,10x8,10x8_0,2,7,80,38,0,0,0,0,0,0,0.0,7.0,0.2222222222222222
baseline,10x8,10x8_0,5,3,11,15,0,0,0,0,0,0,0.0,3.0,0.1111111111111111
baseline,10x8,10x8_0,5,5,71,36,0,0,0,0,0,0,0.0,5.0,0.13333333333333333
baseline,10x8,10x8_0,8,8,35,36,0,0,0,0,0,0,0.0,2.0,0.06666666666666667
baseline,10x8,10x8_0,3,6,36,35,0,0,0,0,0,0,0.0,2.0,0.08888888888888889
baseline,10x8,10x8_0,10,5,63,21,0,0,0,0,0,0,0.0,4.0,0.1111111111111111
baseline,10x8,10x8_0,5,8,47,5,0,0,1,1,0,0,0.0,4.0,0.15555555555555556
baseline,10x8,10x8_0,8,3,53,28,0,0,0,0,0,0,0.0,5.0,0.17777777777777778
baseline,10x8,10x8_0,3,1,67,35,0,0,0,0,0,0,0.0,5.0,0.15555555555555556
baseline,10x8,10x8_0,7,1,74,6,0,0,0,1,0,0,0.0,7.0,0.2222222222222222
baseline,10x8,10x8_0,5,1,38,34,0,0,0,0,0,0,0.0,2.0,0.08888888888888889
baseline,10x8,10x8_0,1,1,58,39,0,0,0,0,0,0,0.0,3.0,0.08888888888888889
baseline,10x8,10x8_0,2,4,12,10,0,0,0,1,0,0,0.0,3.0,0.1111111111111111
baseline,10x8,10x8_0,4,3,54,17,0,0,0,0,0,0,0.0,5.0,0.17777777777777778
baseline,10x8,10x8_0,8,6,10,23,0,0,0,0,0,0,0.0,3.0,0.1111111111111111
baseline,10x8,10x8_0,6,5,41,25,0,0,0,0,0,0,0.0,3.0,0.1111111111111111
baseline,10x8,10x8_0,7,4,52,17,0,0,0,0,0,0,0.0,5.0,0.17777777777777778
baseline,10x8,10x8_0,9,1,5,2,0,1,1,1,0,0,0.0,2.0,0.06666666666666667
baseline,10x8,10x8_0,8,7,59,3,0,1,1,1,0,0,0.0,6.0,0.1111111111111111
baseline,10x8,10x8_0,2,5,29,8,0,0,0,1,0,0,0.0,2.0,0.06666666666666667
baseline,10x8,10x8_1,7,6,64,13,0,0,0,0,0,0,0.0,2.0,0.06666666666666667
baseline,10x8,10x8_1,9,5,59,18,0,0,0,0,0,0,0.0,3.0,0.1111111111111111
baseline,10x8,10x8_1,8,1,7,14,0,0,0,0,0,0,0.0,4.0,0.06666666666666667
baseline,10x8,10x8_1,7,1,80,7,0,0,0,1,0,0,0.0,2.0,0.06666666666666667
baseline,10x8,10x8_1,4,5,50,39,0,0,0,0,0,0,0.0,3.0,0.06666666666666667
baseline,10x8,10x8_1,1,5,35,17,0,0,0,0,0,0,0.0,4.0,0.13333333333333333
baseline,10x8,10x8_1,5,2,56,29,0,0,0,0,0,0,0.0,4.0,0.1111111111111111
baseline,10x8,10x8_1,4,1,19,21,0,0,0,0,0,0,0.0,4.0,0.08888888888888889
baseline,10x8,10x8_1,6,4,75,20,0,0,0,0,0,0,0.0,2.0,0.06666666666666667
baseline,10x8,10x8_1,1,7,79,24,0,0,0,0,0,0,0.0,2.0,0.06666666666666667
baseline,10x8,10x8_1,7,2,65,36,0,0,0,0,0,0,0.0,2.0,0.06666666666666667
baseline,10x8,10x8_1,6,1,43,21,0,0,0,0,0,0,0.0,2.0,0.044444444444444446
baseline,10x8,10x8_1,10,8,21,36,0,0,0,0,0,0,0.0,3.0,0.1111111111111111
baseline,10x8,10x8_1,8,5,51,1,1,1,1,1,0,0,0.0,3.0,0.06666666666666667
baseline,10x8,10x8_1,2,4,63,29,0,0,0,0,0,0,0.0,2.0,0.06666666666666667
baseline,10x8,10x8_1,3,3,49,38,0,0,0,0,0,0,0.0,3.0,0.06666666666666667
baseline,10x8,10x8_1,2,6,38,19,0,0,0,0,0,0,0.0,3.0,0.1111111111111111
baseline,10x8,10x8_1,6,7,17,28,0,0,0,0,0,0,0.0,4.0,0.1111111111111111
baseline,10x8,10x8_1,10,2,42,6,0,0,0,1,0,0,0.0,2.0,0.044444444444444446
baseline,10x8,10x8_1,4,8,52,26,0,0,0,0,0,0,0.0,3.0,0.08888888888888889
baseline,10x8,10x8_1,10,5,20,31,0,0,0,0,0,0,0.0,3.0,0.08888888888888889
baseline,10x8,10x8_1,10,7,24,15,0,0,0,0,0,0,0.0,2.0,0.044444444444444446
baseline,10x8,10x8_1,2,2,73,40,0,0,0,0,0,0,0.0,2.0,0.06666666666666667
baseline,10x8,10x8_1,3,7,53,17,0,0,0,0,0,0,0.0,3.0,0.08888888888888889
baseline,10x8,10x8_1,8,7,15,34,0,0,0,0,0,0,0.0,3.0,0.08888888888888889
baseline,10x8,10x8_1,7,5,34,21,0,0,0,0,0,0,0.0,4.0,0.13333333333333333
baseline,10x8,10x8_1,9,1,45,34,0,0,0,0,0,0,0.0,2.0,0.044444444444444446
baseline,10x8,10x8_1,7,3,67,29,0,0,0,0,0,0,0.0,2.0,0.044444444444444446
baseline,10x8,10x8_1,8,2,69,34,0,0,0,0,0,0,0.0,2.0,0.06666666666666667
baseline,10x8,10x8_1,3,4,13,10,0,0,0,1,0,0,0.0,4.0,0.1111111111111111
baseline,10x8,10x8_1,8,6,28,14,0,0,0,0,0,0,0.0,3.0,0.13333333333333333
baseline,10x8,10x8_1,1,6,12,2,0,1,1,1,0,0,0.0,4.0,0.1111111111111111
baseline,10x8,10x8_1,9,4,58,10,0,0,0,1,0,0,0.0,3.0,0.08888888888888889
baseline,10x8,10x8_1,3,2,76,32,0,0,0,0,0,0,0.0,3.0,0.1111111111111111
baseline,10x8,10x8_1,4,3,68,19,0,0,0,0,0,0,0.0,2.0,0.044444444444444446
baseline,10x8,10x8_1,5,6,6,23,0,0,0,0,0,0,0.0,2.0,0.044444444444444446
baseline,10x8,10x8_1,3,5,31,6,0,0,0,1,0,0,0.0,4.0,0.13333333333333333
baseline,10x8,10x8_1,5,4,30,40,0,0,0,0,0,0,0.0,3.0,0.1111111111111111
baseline,10x8,10x8_1,10,1,32,3,0,1,1,1,0,0,0.0,4.0,0.13333333333333333
baseline,10x8,10x8_1,8,4,70,18,0,0,0,0,0,0,0.0,2.0,0.06666666666666667
baseline,10x12,10x12_0,9,1,90,46,0,0,0,0,0,0,0.0,3.0,0.1111111111111111
baseline,10x12,10x12_0,3,11,52,51,0,0,0,0,0,0,0.0,2.0,0.06666666666666667
baseline,10x12,10x12_0,10,7,99,27,0,0,0,0,0,0,0.0,3.0,0.08888888888888889
baseline,10x12,10x12_0,5,10,106,6,0,0,0,1,0,0,0.0,3.0,0.1111111111111111
baseline,10x12,10x12_0,4,9,75,48,0,0,0,0,0,0,0.0,4.0,0.13333333333333333
baseline,10x12,10x12_0,8,7,24,38,0,0,0,0,0,0,0.0,5.0,0.08888888888888889
baseline,10x12,10x12_0,4,1,18,11,0,0,0,0,0,0,0.0,5.0,0.13333333333333333
baseline,10x12,10x12_0,1,4,4,2,0,1,1,1,0,0,0.0,3.0,0.1111111111111111
baseline,10x12,10x12_0,9,9,69,57,0,0,0,0,0,0,0.0,2.0,0.044444444444444446
baseline,10x12,10x12_0,2,3,83,49,0,0,0,0,0,0,0.0,3.0,0.06666666666666667
baseline,10x12,10x12_0,2,7,43,39,0,0,0,0,0,0,0.0,2.0,0.044444444444444446
baseline,10x12,10x12_0,5,11,88,18,0,0,0,0,0,0,0.0,3.0,0.1111111111111111
baseline,10x12,10x12_0,1,1,23,55,0,0,0,0,0,0,0.0,5.0,0.08888888888888889
baseline,10x12,10x12_0,9,12,66,23,0,0,0,0,0,0,0.0,2.0,0.044444444444444446
baseline,10x12,10x12_0,10,9,84,29,0,0,0,0,0,0,0.0,3.0,0.06666666666666667
baseline,10x12,10x12_0,6,12,48,5,0,0,1,1,0,0,0.0,2.0,0.06666666666666667
baseline,10x12,10x12_0,6,3,55,2,0,1,1,1,0,0,0.0,3.0,0.08888888888888889
baseline,10x12,10x12_0,6,4,11,24,0,0,0,0,0,0,0.0,9.0,0.3111111111111111
baseline,10x12,10x12_0,8,12,70,14,0,0,0,0,0,0,0.0,2.0,0.044444444444444446
baseline,10x12,10x12_0,3,12,21,55,0,0,0,0,0,0,0.0,6.0,0.17777777777777778
baseline,10x12,10x12_0,1,3,102,53,0,0,0,0,0,0,0.0,2.0,0.06666666666666667
baseline,10x12,10x12_0,3,3,107,59,0,0,0,0,0,0,0.0,3.0,0.1111111111111111
baseline,10x12,10x12_0,3,9,50,13,0,0,0,0,0,0,0.0,2.0,0.06666666666666667
baseline,10x12,10x12_0,6,11,111,25,0,0,0,0,0,0,0.0,3.0,0.1111111111111111
baseline,10x12,10x12_0,4,10,60,25,0,0,0,0,0,0,0.0,2.0,0.044444444444444446
baseline,10x12,10x12_0,2,9,34,11,0,0,0,0,0,0,0.0,2.0,0.06666666666666667
baseline,10x12,10x12_0,6,2,41,15,0,0,0,0,0,0,0.0,2.0,0.06666666666666667
baseline,10x12,10x12_0,1,5,89,32,0,0,0,0,0,0,0.0,3.0,0.1111111111111111
baseline,10x12,10x12_0,3,7,36,24,0,0,0,0,0,0,0.0,2.0,0.06666666666666667
baseline,10x12,10x12_0,9,8,120,10,0,0,0,1,0,0,0.0,5.0,0.15555555555555556
baseline,10x12,10x12_0,5,6,9,32,0,0,0,0,0,0,0.0,8.0,0.24444444444444444
baseline,10x12,10x12_0,9,4,86,54,0,0,0,0,0,0,0.0,3.0,0.1111111111111111
baseline,10x12,10x12_0,10,1,112,44,0,0,0,0,0,0,0.0,3.0,0.1111111111111111
baseline,10x12,10x12_0,7,10,64,10,0,0,0,1,0,0,0.0,3.0,0.044444444444444446
baseline,10x12,10x12_0,3,2,47,49,0,0,0,0,0,0,0.0,2.0,0.06666666666666667
baseline,10x12,10x12_0,7,4,54,42,0,0,0,0,0,0,0.0,3.0,0.08888888888888889
baseline,10x12,10x12_0,10,5,92,41,0,0,0,0,0,0,0.0,4.0,0.13333333333333333
baseline,10x12,10x12_0,9,5,94,31,0,0,0,0,0,0,0.0,3.0,0.13333333333333333
baseline,10x12,10x12_0,2,1,14,10,0,0,0,1,0,0,0.0,8.0,0.28888888888888886
baseline,10x12,10x12_0,8,10,103,33,0,0,0,0,0,0,0.0,3.0,0.08888888888888889
baseline,10x12,10x12_0,6,8,28,33,0,0,0,0,0,0,0.0,5.0,0.08888888888888889
baseline,10x12,10x12_0,7,6,63,56,0,0,0,0,0,0,0.0,2.0,0.022222222222222223
baseline,10x12,10x12_0,7,12,108,11,0,0,0,0,0,0,0.0,3.0,0.1111111111111111
baseline,10x12,10x12_0,7,5,30,3,0,1,1,1,0,0,0.0,5.0,0.1111111111111111
baseline,10x12,10x12_0,7,2,38,10,0,0,0,1,0,0,0.0,3.0,0.1111111111111111
baseline,10x12,10x12_0,6,6,13,55,0,0,0,0,0,0,0.0,8.0,0.28888888888888886
baseline,10x12,10x12_0,3,5,45,18,0,0,0,0,0,0,0.0,3.0,0.1111111111111111
baseline,10x12,10x12_0,10,8,33,5,0,0,1,1,0,0,0.0,2.0,0.06666666666666667
baseline,10x12,10x12_0,2,4,118,49,0,0,0,0,0,0,0.0,5.0,0.15555555555555556
baseline,10x12,10x12_0,5,3,113,54,0,0,0,0,0,0,0.0,3.0,0.1111111111111111
baseline,10x12,10x12_0,6,9,26,19,0,0,0,0,0,0,0.0,5.0,0.08888888888888889
baseline,10x12,10x12_0,9,7,87,13,0,0,0,0,0,0,0.0,3.0,0.1111111111111111
baseline,10x12,10x12_0,5,12,68,25,0,0,0,0,0,0,0.0,2.0,0.044444444444444446
baseline,10x12,10x12_0,9,10,35,45,0,0,0,0,0,0,0.0,2.0,0.06666666666666667
baseline,10x12,10x12_0,2,10,82,33,0,0,0,0,0,0,0.0,5.0,0.1111111111111111
baseline,10x12,10x12_0,9,2,51,4,0,0,1,1,0,0,0.0,2.0,0.06666666666666667
baseline,10x12,10x12_0,8,5,2,60,0,0,0,0,0,0,0.0,4.0,0.13333333333333333
baseline,10x12,10x12_0,6,5,42,37,0,0,0,0,0,0,0.0,2.0,0.044444444444444446
baseline,10x12,10x12_0,3,6,109,34,0,0,0,0,0,0,0.0,3.0,0.1111111111111111
baseline,10x12,10x12_0,7,8,100,26,0,0,0,0,0,0,0.0,3.0,0.08888888888888889
baseline,10x12,10x12_1,9,6,102,20,0,0,0,0,0,0,0.0,3.0,0.13333333333333333
baseline,10x12,10x12_1,9,12,88,27,0,0,0,0,0,0,0.0,3.0,0.1111111111111111
baseline,10x12,10x12_1,8,8,32,56,0,0,0,0,0,0,0.0,4.0,0.13333333333333333
baseline,10x12,10x12_1,4,5,77,30,0,0,0,0,0,0,0.0,4.0,0.1111111111111111
baseline,10x12,10x12_1,2,11,96,59,0,0,0,0,0,0,0.0,3.0,0.13333333333333333
baseline,10x12,10x12_1,7,4,30,3,0,1,1,1,0,0,0.0,4.0,0.17777777777777778
baseline,10x12,10x12_1,9,1,86,52,0,0,0,0,0,0,0.0,3.0,0.1111111111111111
baseline,10x12,10x12_1,8,9,85,2,0,1,1,1,0,0,0.0,3.0,0.1111111111111111
baseline,10x12,10x12_1,8,10,44,46,0,0,0,0,0,0,0.0,5.0,0.15555555555555556
baseline,10x12,10x12_1,5,6,19,32,0,0,0,0,0,0,0.0,6.0,0.24444444444444444
baseline,10x12,10x12_1,6,4,56,3,0,1,1,1,0,0,0.0,5.0,0.2
baseline,10x12,10x12_1,2,5,50,9,0,0,0,1,0,0,0.0,5.0,0.2
baseline,10x12,10x12_1,10,8,27,50,0,0,0,0,0,0,0.0,4.0,0.17777777777777778
baseline,10x12,10x12_1,7,8,117,21,0,0,0,0,0,0,0.0,3.0,0.15555555555555556
baseline,10x12,10x12_1,8,11,90,16,0,0,0,0,0,0,0.0,4.0,0.2222222222222222
baseline,10x12,10x12_1,8,5,17,59,0,0,0,0,0,0,0.0,6.0,0.24444444444444444
baseline,10x12,10x12_1,1,1,60,38,0,0,0,0,0,0,0.0,6.0,0.26666666666666666
baseline,10x12,10x12_1,7,2,1,20,0,0,0,0,0,0,0.0,7.0,0.24444444444444444
baseline,10x12,10x12_1,3,12,36,39,0,0,0,0,0,0,0.0,4.0,0.13333333333333333
baseline,10x12,10x12_1,3,4,31,27,0,0,0,0,0,0,0.0,4.0,0.13333333333333333
baseline,10x12,10x12_1,6,9,21,37,0,0,0,0,0,0,0.0,4.0,0.17777777777777778
baseline,10x12,10x12_1,4,2,13,14,0,0,0,0,0,0,0.0,6.0,0.24444444444444444
baseline,10x12,10x12_1,8,12,115,7,0,0,0,1,0,0,0.0,4.0,0.15555555555555556
baseline,10x12,10x12_1,1,8,58,16,0,0,0,0,0,0,0.0,6.0,0.26666666666666666
baseline,10x12,10x12_1,3,1,91,53,0,0,0,0,0,0,0.0,4.0,0.2222222222222222
baseline,10x12,10x12_1,8,4,108,31,0,0,0,0,0,0,0.0,4.0,0.15555555555555556
baseline,10x12,10x12_1,7,6,63,53,0,0,0,0,0,0,0.0,4.0,0.1111111111111111
baseline,10x12,10x12_1,3,11,49,33,0,0,0,0,0,0,0.0,4.0,0.1111111111111111
baseline,10x12,10x12_1,1,6,8,31,0,0,0,0,0,0,0.0,7.0,0.28888888888888886
baseline,10x12,10x12_1,6,12,113,16,0,0,0,0,0,0,0.0,4.0,0.15555555555555556
baseline,10x12,10x12_1,5,5,43,2,0,1,1,1,0,0,0.0,5.0,0.15555555555555556
baseline,10x12,10x12_1,4,4,64,50,0,0,0,0,0,0,0.0,4.0,0.1111111111111111
baseline,10x12,10x12_1,10,6,99,1,1,1,1,1,0,0,0.0,3.0,0.13333333333333333
baseline,10x12,10x12_1,10,10,16,58,0,0,0,0,0,0,0.0,6.0,0.24444444444444444
baseline,10x12,10x12_1,5,7,52,18,0,0,0,0,0,0,0.0,5.0,0.13333333333333333
baseline,10x12,10x12_1,10,3,61,60,0,0,0,0,0,0,0.0,6.0,0.24444444444444444
baseline,10x12,10x12_1,5,2,120,36,0,0,0,0,0,0,0.0,3.0,0.1111111111111111
baseline,10x12,10x12_1,9,8,4,37,0,0,0,0,0,0,0.0,4.0,0.2222222222222222
baseline,10x12,10x12_1,5,11,18,39,0,0,0,0,0,0,0.0,6.0,0.24444444444444444
baseline,10x12,10x12_1,1,2,7,3,0,1,1,1,0,0,0.0,7.0,0.28888888888888886
baseline,10x12,10x12_1,2,4,109,34,0,0,0,0,0,0,0.0,3.0,0.15555555555555556
baseline,10x12,10x12_1,7,9,104,22,0,0,0,0,0,0,0.0,3.0,0.13333333333333333
baseline,10x12,10x12_1,7,11,26,11,0,0,0,0,0,0,0.0,4.0,0.17777777777777778
baseline,10x12,10x12_1,7,3,73,37,0,0,0,0,0,0,0.0,5.0,0.15555555555555556
baseline,10x12,10x12_1,6,5,35,32,0,0,0,0,0,0,0.0,4.0,0.13333333333333333
baseline,10x12,10x12_1,4,1,55,6,0,0,0,1,0,0,0.0,5.0,0.2
baseline,10x12,10x12_1,7,5,46,2,0,1,1,1,0,0,0.0,5.0,0.15555555555555556
baseline,10x12,10x12_1,2,7,67,26,0,0,0,0,0,0,0.0,4.0,0.1111111111111111
baseline,10x12,10x12_1,3,7,54,44,0,0,0,0,0,0,0.0,5.0,0.2
baseline,10x12,10x12_1,6,3,95,27,0,0,0,0,0,0,0.0,3.0,0.13333333333333333
baseline,10x12,10x12_1,10,7,6,52,0,0,0,0,0,0,0.0,7.0,0.28888888888888886
baseline,10x12,10x12_1,2,2,14,4,0,0,1,1,0,0,0.0,6.0,0.24444444444444444
baseline,10x12,10x12_1,10,12,111,11,0,0,0,0,0,0,0.0,4.0,0.15555555555555556
baseline,10x12,10x12_1,5,1,97,50,0,0,0,0,0,0,0.0,3.0,0.13333333333333333
baseline,10x12,10x12_1,9,5,119,22,0,0,0,0,0,0,0.0,3.0,0.1111111111111111
baseline,10x12,10x12_1,10,5,11,54,0,0,0,0,0,0,0.0,7.0,0.28888888888888886
baseline,10x12,10x12_1,5,4,10,29,0,0,0,0,0,0,0.0,7.0,0.28888888888888886
baseline,10x12,10x12_1,9,3,22,42,0,0,0,0,0,0,0.0,4.0,0.17777777777777778
baseline,10x12,10x12_1,4,9,101,57,0,0,0,0,0,0,0.0,3.0,0.13333333333333333
baseline,10x12,10x12_1,2,1,33,5,0,0,1,1,0,0,0.0,4.0,0.13333333333333333
A_spatial_hybrid,4x4,4x4_0,1,2,2,1,1,1,1,1,1,3,0.159031,7.0,0.39285714285714285
A_spatial_hybrid,4x4,4x4_0,1,3,6,2,0,1,1,1,1,4,0.243144,7.0,0.39285714285714285
A_spatial_hybrid,4x4,4x4_0,4,4,9,7,0,0,0,1,1,2,0.091902,7.0,0.39285714285714285
A_spatial_hybrid,4x4,4x4_0,1,4,11,8,0,0,0,1,1,2,0.08376,7.0,0.39285714285714285
A_spatial_hybrid,4x4,4x4_0,3,2,3,8,0,0,0,1,1,4,0.196583,7.0,0.39285714285714285
A_spatial_hybrid,4x4,4x4_0,2,1,5,5,0,0,1,1,1,4,0.208393,7.0,0.39285714285714285
A_spatial_hybrid,4x4,4x4_0,2,2,14,7,0,0,0,1,1,2,0.158125,7.0,0.39285714285714285
A_spatial_hybrid,4x4,4x4_0,1,1,10,2,0,1,1,1,1,2,0.084687,7.0,0.39285714285714285
A_spatial_hybrid,4x4,4x4_1,1,1,4,2,0,1,1,1,1,2,0.141014,5.0,0.21428571428571427
A_spatial_hybrid,4x4,4x4_1,3,1,14,7,0,0,0,1,1,2,0.015452,5.0,0.21428571428571427
A_spatial_hybrid,4x4,4x4_1,4,3,7,6,0,0,0,1,1,2,0.085469,5.0,0.21428571428571427
A_spatial_hybrid,4x4,4x4_1,2,1,6,6,0,0,0,1,1,3,0.099439,5.0,0.21428571428571427
A_spatial_hybrid,4x4,4x4_1,1,2,9,3,0,1,1,1,1,2,0.134431,5.0,0.21428571428571427
A_spatial_hybrid,4x4,4x4_1,1,4,11,8,0,0,0,1,1,3,0.132861,5.0,0.21428571428571427
A_spatial_hybrid,4x4,4x4_1,4,1,16,4,0,0,1,1,1,3,0.089577,5.0,0.21428571428571427
A_spatial_hybrid,4x4,4x4_1,4,4,13,2,0,1,1,1,1,2,0.080185,5.0,0.21428571428571427
A_spatial_hybrid,4x5,4x5_0,4,1,8,6,0,0,0,1,1,2,0.102934,10.0,0.28888888888888886
A_spatial_hybrid,4x5,4x5_0,1,2,17,4,0,0,1,1,1,2,0.153587,10.0,0.28888888888888886
A_spatial_hybrid,4x5,4x5_0,3,2,10,6,0,0,0,1,1,2,0.110945,10.0,0.28888888888888886
A_spatial_hybrid,4x5,4x5_0,2,4,4,4,0,0,1,1,1,2,0.10688,10.0,0.28888888888888886
A_spatial_hybrid,4x5,4x5_0,2,1,6,4,0,0,1,1,1,3,0.178759,10.0,0.28888888888888886
A_spatial_hybrid,4x5,4x5_0,1,5,1,7,0,0,0,1,1,1,0.08,10.0,0.28888888888888886
A_spatial_hybrid,4x5,4x5_0,3,5,14,9,0,0,0,1,1,3,0.182338,10.0,0.28888888888888886
A_spatial_hybrid,4x5,4x5_0,4,2,3,2,0,1,1,1,1,1,0.08,10.0,0.28888888888888886
A_spatial_hybrid,4x5,4x5_0,2,5,2,1,1,1,1,1,1,1,0.08,10.0,0.28888888888888886
A_spatial_hybrid,4x5,4x5_0,3,3,16,7,0,0,0,1,1,1,0.08,10.0,0.28888888888888886
A_spatial_hybrid,4x5,4x5_1,2,3,6,7,0,0,0,1,1,1,0.027688,9.0,0.28888888888888886
A_spatial_hybrid,4x5,4x5_1,1,2,11,3,0,1,1,1,1,2,0.089891,9.0,0.28888888888888886
A_spatial_hybrid,4x5,4x5_1,2,5,13,4,0,0,1,1,1,2,0.069607,9.0,0.28888888888888886
A_spatial_hybrid,4x5,4x5_1,4,1,8,8,0,0,0,1,1,1,0.00396,9.0,0.28888888888888886
A_spatial_hybrid,4x5,4x5_1,4,3,14,4,0,0,1,1,1,2,0.068142,9.0,0.28888888888888886
A_spatial_hybrid,4x5,4x5_1,1,1,1,2,0,1,1,1,1,2,0.074142,9.0,0.28888888888888886
A_spatial_hybrid,4x5,4x5_1,3,2,9,7,0,0,0,1,1,1,0.005807,9.0,0.28888888888888886
A_spatial_hybrid,4x5,4x5_1,2,2,17,6,0,0,0,1,1,2,0.155174,9.0,0.28888888888888886
A_spatial_hybrid,4x5,4x5_1,4,4,7,2,0,1,1,1,1,1,0.006864,9.0,0.28888888888888886
A_spatial_hybrid,4x5,4x5_1,1,3,19,9,0,0,0,1,1,2,0.142457,9.0,0.28888888888888886
A_spatial_hybrid,5x5,5x5_0,5,2,12,8,0,0,0,1,1,2,0.118064,9.0,0.28888888888888886
A_spatial_hybrid,5x5,5x5_0,2,2,20,11,0,0,0,0,1,2,0.16,9.0,0.35555555555555557
A_spatial_hybrid,5x5,5x5_0,4,3,24,7,0,0,0,1,0,0,0.0,9.0,0.35555555555555557
A_spatial_hybrid,5x5,5x5_0,3,3,10,12,0,0,0,0,1,2,0.070974,9.0,0.35555555555555557
A_spatial_hybrid,5x5,5x5_0,2,3,3,2,0,1,1,1,1,3,0.17817,9.0,0.4
A_spatial_hybrid,5x5,5x5_0,3,2,19,7,0,0,0,1,1,2,0.16,9.0,0.35555555555555557
A_spatial_hybrid,5x5,5x5_0,1,3,21,3,0,1,1,1,1,2,0.153156,9.0,0.35555555555555557
A_spatial_hybrid,5x5,5x5_0,5,3,4,11,0,0,0,0,1,2,0.13547,9.0,0.4
A_spatial_hybrid,5x5,5x5_0,1,2,22,1,1,1,1,1,1,1,0.056989,9.0,0.35555555555555557
A_spatial_hybrid,5x5,5x5_0,4,2,9,2,0,1,1,1,1,1,0.06571,10.0,0.4
A_spatial_hybrid,5x5,5x5_0,3,5,2,10,0,0,0,1,1,3,0.143254,9.0,0.4
A_spatial_hybrid,5x5,5x5_0,1,1,17,12,0,0,0,0,1,3,0.156878,9.0,0.35555555555555557
A_spatial_hybrid,5x5,5x5_1,2,1,10,3,0,1,1,1,1,2,0.088408,7.0,0.2
A_spatial_hybrid,5x5,5x5_1,4,2,11,8,0,0,0,1,1,1,0.050406,7.0,0.2
A_spatial_hybrid,5x5,5x5_1,1,5,4,5,0,0,1,1,0,0,0.0,6.0,0.15555555555555556
A_spatial_hybrid,5x5,5x5_1,5,5,17,1,1,1,1,1,1,3,0.154747,8.0,0.24444444444444444
A_spatial_hybrid,5x5,5x5_1,3,3,14,10,0,0,0,1,1,3,0.117079,8.0,0.24444444444444444
A_spatial_hybrid,5x5,5x5_1,3,4,21,6,0,0,0,1,1,2,0.110223,8.0,0.24444444444444444
A_spatial_hybrid,5x5,5x5_1,5,4,20,3,0,1,1,1,1,2,0.108373,8.0,0.24444444444444444
A_spatial_hybrid,5x5,5x5_1,1,2,23,10,0,0,0,1,1,3,0.161187,8.0,0.24444444444444444
A_spatial_hybrid,5x5,5x5_1,4,5,3,11,0,0,0,0,1,1,0.068478,4.0,0.13333333333333333
A_spatial_hybrid,5x5,5x5_1,5,3,12,10,0,0,0,1,1,1,0.08,8.0,0.24444444444444444
A_spatial_hybrid,5x5,5x5_1,3,5,1,10,0,0,0,1,1,2,0.127407,4.0,0.13333333333333333
A_spatial_hybrid,5x5,5x5_1,1,4,19,11,0,0,0,0,1,2,0.108736,8.0,0.24444444444444444
A_spatial_hybrid,8x10,8x10_0,6,7,1,16,0,0,0,0,1,1,0.010929,2.0,0.08888888888888889
A_spatial_hybrid,8x10,8x10_0,6,1,45,23,0,0,0,0,1,1,0.036449,6.0,0.13333333333333333
A_spatial_hybrid,8x10,8x10_0,8,9,72,1,1,1,1,1,1,2,0.076713,8.0,0.2
A_spatial_hybrid,8x10,8x10_0,7,2,50,33,0,0,0,0,1,1,0.08,4.0,0.17777777777777778
A_spatial_hybrid,8x10,8x10_0,3,3,69,40,0,0,0,0,1,2,0.060297,7.0,0.2
A_spatial_hybrid,8x10,8x10_0,8,10,57,7,0,0,0,1,1,2,0.16,5.0,0.2222222222222222
A_spatial_hybrid,8x10,8x10_0,1,8,41,16,0,0,0,0,0,0,0.0,5.0,0.13333333333333333
A_spatial_hybrid,8x10,8x10_0,4,9,60,19,0,0,0,0,1,2,0.16,5.0,0.17777777777777778
A_spatial_hybrid,8x10,8x10_0,6,8,61,7,0,0,0,1,1,2,0.16,5.0,0.17777777777777778
A_spatial_hybrid,8x10,8x10_0,7,9,73,6,0,0,0,1,1,1,0.025278,8.0,0.24444444444444444
A_spatial_hybrid,8x10,8x10_0,7,5,9,30,0,0,0,0,1,1,0.017748,4.0,0.08888888888888889
A_spatial_hybrid,8x10,8x10_0,2,2,15,24,0,0,0,0,1,1,0.060199,4.0,0.1111111111111111
A_spatial_hybrid,8x10,8x10_0,6,4,74,15,0,0,0,0,1,2,0.081506,5.0,0.13333333333333333
A_spatial_hybrid,8x10,8x10_0,5,9,46,21,0,0,0,0,1,1,0.05879,6.0,0.2
A_spatial_hybrid,8x10,8x10_0,2,10,38,30,0,0,0,0,0,0,0.0,5.0,0.13333333333333333
A_spatial_hybrid,8x10,8x10_0,4,6,55,10,0,0,0,1,1,1,0.08,5.0,0.24444444444444444
A_spatial_hybrid,8x10,8x10_0,3,2,33,19,0,0,0,0,1,1,0.021304,4.0,0.13333333333333333
A_spatial_hybrid,8x10,8x10_0,6,10,66,5,0,0,1,1,1,2,0.050043,7.0,0.2
A_spatial_hybrid,8x10,8x10_0,2,7,5,20,0,0,0,0,1,2,0.03295,2.0,0.06666666666666667
A_spatial_hybrid,8x10,8x10_0,3,10,76,22,0,0,0,0,1,1,0.027877,7.0,0.2222222222222222
A_spatial_hybrid,8x10,8x10_0,4,7,68,33,0,0,0,0,1,2,0.05561,7.0,0.2
A_spatial_hybrid,8x10,8x10_0,6,5,12,38,0,0,0,0,1,1,0.016149,4.0,0.1111111111111111
A_spatial_hybrid,8x10,8x10_0,6,2,51,29,0,0,0,0,1,1,0.08,4.0,0.17777777777777778
A_spatial_hybrid,8x10,8x10_0,7,7,4,36,0,0,0,0,1,2,0.041819,2.0,0.06666666666666667
A_spatial_hybrid,8x10,8x10_0,3,6,13,22,0,0,0,0,1,1,0.041592,4.0,0.1111111111111111
A_spatial_hybrid,8x10,8x10_0,3,7,14,1,1,1,1,1,1,1,0.072053,2.0,0.06666666666666667
A_spatial_hybrid,8x10,8x10_0,4,8,17,22,0,0,0,0,1,1,0.026943,2.0,0.06666666666666667
A_spatial_hybrid,8x10,8x10_0,5,4,71,21,0,0,0,0,1,2,0.039509,8.0,0.2
A_spatial_hybrid,8x10,8x10_0,3,9,36,34,0,0,0,0,0,0,0.0,4.0,0.08888888888888889
A_spatial_hybrid,8x10,8x10_0,1,9,20,33,0,0,0,0,0,0,0.0,2.0,0.06666666666666667
A_spatial_hybrid,8x10,8x10_0,5,10,30,27,0,0,0,0,0,0,0.0,2.0,0.06666666666666667
A_spatial_hybrid,8x10,8x10_0,3,5,64,15,0,0,0,0,1,2,0.044825,5.0,0.2
A_spatial_hybrid,8x10,8x10_0,3,4,65,28,0,0,0,0,1,2,0.050864,7.0,0.2
A_spatial_hybrid,8x10,8x10_0,1,5,8,12,0,0,0,0,1,1,0.019892,2.0,0.06666666666666667
A_spatial_hybrid,8x10,8x10_0,2,4,58,36,0,0,0,0,1,2,0.16,6.0,0.26666666666666666
A_spatial_hybrid,8x10,8x10_0,3,8,27,37,0,0,0,0,0,0,0.0,2.0,0.06666666666666667
A_spatial_hybrid,8x10,8x10_0,8,8,32,35,0,0,0,0,1,1,0.02695,4.0,0.13333333333333333
A_spatial_hybrid,8x10,8x10_0,4,2,52,36,0,0,0,0,1,1,0.08,4.0,0.2222222222222222
A_spatial_hybrid,8x10,8x10_0,4,1,31,31,0,0,0,0,1,1,0.032583,4.0,0.1111111111111111
A_spatial_hybrid,8x10,8x10_0,8,3,79,30,0,0,0,0,1,1,0.026249,9.0,0.24444444444444444
A_spatial_hybrid,8x10,8x10_1,7,10,68,13,0,0,0,0,1,3,0.100461,9.0,0.2222222222222222
A_spatial_hybrid,8x10,8x10_1,5,4,10,11,0,0,0,0,1,2,0.120907,3.0,0.08888888888888889
A_spatial_hybrid,8x10,8x10_1,1,6,17,6,0,0,0,1,1,1,0.053758,3.0,0.1111111111111111
A_spatial_hybrid,8x10,8x10_1,4,10,67,22,0,0,0,0,1,3,0.10595,9.0,0.2222222222222222
A_spatial_hybrid,8x10,8x10_1,4,4,34,38,0,0,0,0,1,1,0.08,4.0,0.1111111111111111
A_spatial_hybrid,8x10,8x10_1,6,1,21,24,0,0,0,0,1,1,0.021912,3.0,0.06666666666666667
A_spatial_hybrid,8x10,8x10_1,3,9,74,15,0,0,0,0,1,3,0.147691,8.0,0.2
A_spatial_hybrid,8x10,8x10_1,1,10,44,31,0,0,0,0,1,1,0.08,3.0,0.1111111111111111
A_spatial_hybrid,8x10,8x10_1,5,3,72,4,0,0,1,1,1,3,0.128048,9.0,0.2222222222222222
A_spatial_hybrid,8x10,8x10_1,7,4,18,39,0,0,0,0,1,1,0.036708,3.0,0.08888888888888889
A_spatial_hybrid,8x10,8x10_1,6,8,31,32,0,0,0,0,1,1,0.08,3.0,0.06666666666666667
A_spatial_hybrid,8x10,8x10_1,5,2,11,12,0,0,0,0,1,2,0.118061,3.0,0.1111111111111111
A_spatial_hybrid,8x10,8x10_1,5,5,19,37,0,0,0,0,1,2,0.059739,3.0,0.08888888888888889
A_spatial_hybrid,8x10,8x10_1,3,7,75,16,0,0,0,0,1,2,0.091254,8.0,0.2
A_spatial_hybrid,8x10,8x10_1,1,8,76,24,0,0,0,0,1,2,0.094978,8.0,0.2
A_spatial_hybrid,8x10,8x10_1,2,1,6,3,0,1,1,1,1,1,0.07474,4.0,0.15555555555555556
A_spatial_hybrid,8x10,8x10_1,4,6,8,13,0,0,0,0,1,2,0.124308,4.0,0.13333333333333333
A_spatial_hybrid,8x10,8x10_1,4,3,26,9,0,0,0,1,0,0,0.0,3.0,0.08888888888888889
A_spatial_hybrid,8x10,8x10_1,6,3,78,28,0,0,0,0,1,2,0.099926,8.0,0.2
A_spatial_hybrid,8x10,8x10_1,2,9,49,3,0,1,1,1,1,1,0.08,3.0,0.13333333333333333
A_spatial_hybrid,8x10,8x10_1,3,1,3,2,0,1,1,1,1,2,0.078122,3.0,0.1111111111111111
A_spatial_hybrid,8x10,8x10_1,4,9,77,10,0,0,0,1,1,2,0.098416,8.0,0.2
A_spatial_hybrid,8x10,8x10_1,8,7,12,34,0,0,0,0,1,2,0.114869,3.0,0.1111111111111111
A_spatial_hybrid,8x10,8x10_1,2,10,15,24,0,0,0,0,1,2,0.10542,3.0,0.08888888888888889
A_spatial_hybrid,8x10,8x10_1,6,10,73,6,0,0,0,1,1,3,0.130802,8.0,0.2
A_spatial_hybrid,8x10,8x10_1,5,7,13,13,0,0,0,0,1,2,0.111989,3.0,0.1111111111111111
A_spatial_hybrid,8x10,8x10_1,6,2,43,14,0,0,0,0,1,1,0.029306,4.0,0.13333333333333333
A_spatial_hybrid,8x10,8x10_1,8,9,22,35,0,0,0,0,1,1,0.032327,3.0,0.06666666666666667
A_spatial_hybrid,8x10,8x10_1,7,8,2,32,0,0,0,0,1,2,0.086959,3.0,0.1111111111111111
A_spatial_hybrid,8x10,8x10_1,3,5,53,18,0,0,0,0,1,1,0.072873,4.0,0.08888888888888889
A_spatial_hybrid,8x10,8x10_1,1,4,1,5,0,0,1,1,1,2,0.09112,3.0,0.1111111111111111
A_spatial_hybrid,8x10,8x10_1,7,5,64,11,0,0,0,0,1,2,0.12602,4.0,0.15555555555555556
A_spatial_hybrid,8x10,8x10_1,7,9,24,32,0,0,0,0,0,0,0.0,2.0,0.06666666666666667
A_spatial_hybrid,8x10,8x10_1,2,6,60,19,0,0,0,0,1,2,0.124202,6.0,0.17777777777777778
A_spatial_hybrid,8x10,8x10_1,7,3,27,27,0,0,0,0,0,0,0.0,3.0,0.1111111111111111
A_spatial_hybrid,8x10,8x10_1,8,6,32,33,0,0,0,0,1,1,0.08,3.0,0.06666666666666667
A_spatial_hybrid,8x10,8x10_1,1,1,20,6,0,0,0,1,1,2,0.037928,3.0,0.08888888888888889
A_spatial_hybrid,8x10,8x10_1,2,4,71,29,0,0,0,0,1,3,0.129077,8.0,0.2
A_spatial_hybrid,8x10,8x10_1,8,1,29,28,0,0,0,0,0,0,0.0,4.0,0.13333333333333333
A_spatial_hybrid,8x10,8x10_1,6,5,28,38,0,0,0,0,0,0,0.0,4.0,0.13333333333333333
A_spatial_hybrid,10x8,10x8_0,5,6,21,16,0,0,0,0,1,1,0.08,2.0,0.06666666666666667
A_spatial_hybrid,10x8,10x8_0,10,8,8,34,0,0,0,0,1,2,0.044012,3.0,0.08888888888888889
A_spatial_hybrid,10x8,10x8_0,10,1,66,35,0,0,0,0,1,3,0.069809,4.0,0.1111111111111111
A_spatial_hybrid,10x8,10x8_0,5,7,39,1,1,1,1,1,1,1,0.027279,3.0,0.1111111111111111
A_spatial_hybrid,10x8,10x8_0,1,5,24,17,0,0,0,0,1,1,0.002003,2.0,0.06666666666666667
A_spatial_hybrid,10x8,10x8_0,8,1,77,36,0,0,0,0,1,2,0.116425,7.0,0.2222222222222222
A_spatial_hybrid,10x8,10x8_0,9,2,20,6,0,0,0,1,1,1,0.028233,2.0,0.06666666666666667
A_spatial_hybrid,10x8,10x8_0,3,7,75,29,0,0,0,0,1,2,0.111144,8.0,0.2
A_spatial_hybrid,10x8,10x8_0,9,4,15,22,0,0,0,0,1,2,0.034933,2.0,0.044444444444444446
A_spatial_hybrid,10x8,10x8_0,8,4,6,5,0,0,1,1,1,2,0.043289,2.0,0.06666666666666667
A_spatial_hybrid,10x8,10x8_0,7,2,28,37,0,0,0,0,1,1,0.033608,2.0,0.06666666666666667
A_spatial_hybrid,10x8,10x8_0,2,8,7,25,0,0,0,0,1,2,0.043521,2.0,0.06666666666666667
A_spatial_hybrid,10x8,10x8_0,4,7,3,26,0,0,0,0,1,2,0.042654,3.0,0.06666666666666667
A_spatial_hybrid,10x8,10x8_0,1,4,14,19,0,0,0,0,1,2,0.03565,2.0,0.044444444444444446
A_spatial_hybrid,10x8,10x8_0,6,1,61,29,0,0,0,0,1,2,0.044788,5.0,0.13333333333333333
A_spatial_hybrid,10x8,10x8_0,10,3,46,25,0,0,0,0,1,1,0.036222,4.0,0.15555555555555556
A_spatial_hybrid,10x8,10x8_0,9,7,31,16,0,0,0,0,1,1,0.033317,2.0,0.08888888888888889
A_spatial_hybrid,10x8,10x8_0,7,6,57,10,0,0,0,1,1,1,0.03449,6.0,0.1111111111111111
A_spatial_hybrid,10x8,10x8_0,3,4,37,29,0,0,0,0,1,2,0.029982,2.0,0.08888888888888889
A_spatial_hybrid,10x8,10x8_0,7,8,48,22,0,0,0,0,1,1,0.036091,4.0,0.15555555555555556
A_spatial_hybrid,10x8,10x8_0,2,7,80,38,0,0,0,0,1,2,0.116409,6.0,0.15555555555555556
A_spatial_hybrid,10x8,10x8_0,5,3,11,15,0,0,0,0,1,2,0.045717,3.0,0.1111111111111111
A_spatial_hybrid,10x8,10x8_0,5,5,71,36,0,0,0,0,1,1,0.066185,5.0,0.13333333333333333
A_spatial_hybrid,10x8,10x8_0,8,8,35,36,0,0,0,0,1,1,0.030121,2.0,0.06666666666666667
A_spatial_hybrid,10x8,10x8_0,3,6,36,35,0,0,0,0,1,2,0.029366,2.0,0.08888888888888889
A_spatial_hybrid,10x8,10x8_0,10,5,63,21,0,0,0,0,1,2,0.120985,4.0,0.1111111111111111
A_spatial_hybrid,10x8,10x8_0,5,8,47,5,0,0,1,1,1,1,0.036205,4.0,0.15555555555555556
A_spatial_hybrid,10x8,10x8_0,8,3,53,28,0,0,0,0,1,2,0.034545,5.0,0.17777777777777778
A_spatial_hybrid,10x8,10x8_0,3,1,67,35,0,0,0,0,1,3,0.063909,5.0,0.15555555555555556
A_spatial_hybrid,10x8,10x8_0,7,1,74,4,0,0,1,1,1,2,0.106064,7.0,0.2222222222222222
A_spatial_hybrid,10x8,10x8_0,5,1,38,34,0,0,0,0,1,2,0.028603,2.0,0.08888888888888889
A_spatial_hybrid,10x8,10x8_0,1,1,58,39,0,0,0,0,1,1,0.03606,3.0,0.08888888888888889
A_spatial_hybrid,10x8,10x8_0,2,4,12,10,0,0,0,1,1,2,0.054704,3.0,0.1111111111111111
A_spatial_hybrid,10x8,10x8_0,4,3,54,17,0,0,0,0,1,2,0.038651,5.0,0.17777777777777778
A_spatial_hybrid,10x8,10x8_0,8,6,10,23,0,0,0,0,1,3,0.050518,3.0,0.1111111111111111
A_spatial_hybrid,10x8,10x8_0,6,5,41,25,0,0,0,0,1,1,0.027259,3.0,0.1111111111111111
A_spatial_hybrid,10x8,10x8_0,7,4,52,17,0,0,0,0,1,2,0.057719,5.0,0.17777777777777778
A_spatial_hybrid,10x8,10x8_0,9,1,5,3,0,1,1,1,1,2,0.041483,2.0,0.06666666666666667
A_spatial_hybrid,10x8,10x8_0,8,7,59,3,0,1,1,1,1,1,0.038062,6.0,0.1111111111111111
A_spatial_hybrid,10x8,10x8_0,2,5,29,8,0,0,0,1,1,1,0.028604,2.0,0.06666666666666667
A_spatial_hybrid,10x8,10x8_1,7,6,64,13,0,0,0,0,1,1,0.057602,2.0,0.06666666666666667
A_spatial_hybrid,10x8,10x8_1,9,5,59,18,0,0,0,0,0,0,0.0,3.0,0.1111111111111111
A_spatial_hybrid,10x8,10x8_1,8,1,7,14,0,0,0,0,0,0,0.0,4.0,0.06666666666666667
A_spatial_hybrid,10x8,10x8_1,7,1,80,6,0,0,0,1,1,1,0.08,2.0,0.06666666666666667
A_spatial_hybrid,10x8,10x8_1,4,5,50,39,0,0,0,0,0,0,0.0,3.0,0.06666666666666667
A_spatial_hybrid,10x8,10x8_1,1,5,35,17,0,0,0,0,1,2,0.102426,4.0,0.13333333333333333
A_spatial_hybrid,10x8,10x8_1,5,2,56,29,0,0,0,0,0,0,0.0,4.0,0.1111111111111111
A_spatial_hybrid,10x8,10x8_1,4,1,19,21,0,0,0,0,0,0,0.0,4.0,0.08888888888888889
A_spatial_hybrid,10x8,10x8_1,6,4,75,20,0,0,0,0,1,1,0.074415,2.0,0.06666666666666667
A_spatial_hybrid,10x8,10x8_1,1,7,79,24,0,0,0,0,1,1,0.08,2.0,0.06666666666666667
A_spatial_hybrid,10x8,10x8_1,7,2,65,36,0,0,0,0,1,1,0.077622,2.0,0.06666666666666667
A_spatial_hybrid,10x8,10x8_1,6,1,43,21,0,0,0,0,0,0,0.0,2.0,0.044444444444444446
A_spatial_hybrid,10x8,10x8_1,10,8,21,36,0,0,0,0,0,0,0.0,3.0,0.1111111111111111
A_spatial_hybrid,10x8,10x8_1,8,5,51,1,1,1,1,1,0,0,0.0,3.0,0.06666666666666667
A_spatial_hybrid,10x8,10x8_1,2,4,63,29,0,0,0,0,1,1,0.08,2.0,0.06666666666666667
A_spatial_hybrid,10x8,10x8_1,3,3,49,38,0,0,0,0,0,0,0.0,3.0,0.06666666666666667
A_spatial_hybrid,10x8,10x8_1,2,6,38,19,0,0,0,0,1,2,0.133783,3.0,0.1111111111111111
A_spatial_hybrid,10x8,10x8_1,6,7,17,28,0,0,0,0,0,0,0.0,4.0,0.1111111111111111
A_spatial_hybrid,10x8,10x8_1,10,2,42,6,0,0,0,1,0,0,0.0,2.0,0.044444444444444446
A_spatial_hybrid,10x8,10x8_1,4,8,52,26,0,0,0,0,0,0,0.0,3.0,0.08888888888888889
A_spatial_hybrid,10x8,10x8_1,10,5,20,31,0,0,0,0,0,0,0.0,3.0,0.08888888888888889
A_spatial_hybrid,10x8,10x8_1,10,7,24,15,0,0,0,0,0,0,0.0,2.0,0.044444444444444446
A_spatial_hybrid,10x8,10x8_1,2,2,73,40,0,0,0,0,1,1,0.071164,2.0,0.06666666666666667
A_spatial_hybrid,10x8,10x8_1,3,7,53,17,0,0,0,0,0,0,0.0,3.0,0.08888888888888889
A_spatial_hybrid,10x8,10x8_1,8,7,15,34,0,0,0,0,0,0,0.0,3.0,0.08888888888888889
A_spatial_hybrid,10x8,10x8_1,7,5,34,21,0,0,0,0,1,1,0.059948,4.0,0.13333333333333333
A_spatial_hybrid,10x8,10x8_1,9,1,45,34,0,0,0,0,0,0,0.0,2.0,0.044444444444444446
A_spatial_hybrid,10x8,10x8_1,7,3,67,29,0,0,0,0,1,1,0.072813,2.0,0.044444444444444446
A_spatial_hybrid,10x8,10x8_1,8,2,69,34,0,0,0,0,1,1,0.070118,2.0,0.06666666666666667
A_spatial_hybrid,10x8,10x8_1,3,4,13,10,0,0,0,1,0,0,0.0,4.0,0.1111111111111111
A_spatial_hybrid,10x8,10x8_1,8,6,28,14,0,0,0,0,0,0,0.0,3.0,0.13333333333333333
A_spatial_hybrid,10x8,10x8_1,1,6,12,2,0,1,1,1,0,0,0.0,4.0,0.1111111111111111
A_spatial_hybrid,10x8,10x8_1,9,4,58,10,0,0,0,1,0,0,0.0,3.0,0.08888888888888889
A_spatial_hybrid,10x8,10x8_1,3,2,76,32,0,0,0,0,1,1,0.075363,3.0,0.1111111111111111
A_spatial_hybrid,10x8,10x8_1,4,3,68,19,0,0,0,0,1,1,0.070869,2.0,0.044444444444444446
A_spatial_hybrid,10x8,10x8_1,5,6,6,23,0,0,0,0,0,0,0.0,2.0,0.044444444444444446
A_spatial_hybrid,10x8,10x8_1,3,5,31,5,0,0,1,1,1,1,0.073097,4.0,0.13333333333333333
A_spatial_hybrid,10x8,10x8_1,5,4,30,40,0,0,0,0,1,1,0.071805,3.0,0.1111111111111111
A_spatial_hybrid,10x8,10x8_1,10,1,32,3,0,1,1,1,1,1,0.06871,3.0,0.1111111111111111
A_spatial_hybrid,10x8,10x8_1,8,4,70,18,0,0,0,0,1,1,0.070612,2.0,0.06666666666666667
A_spatial_hybrid,10x12,10x12_0,9,1,90,46,0,0,0,0,0,0,0.0,3.0,0.1111111111111111
A_spatial_hybrid,10x12,10x12_0,3,11,52,51,0,0,0,0,0,0,0.0,2.0,0.06666666666666667
A_spatial_hybrid,10x12,10x12_0,10,7,99,27,0,0,0,0,0,0,0.0,3.0,0.08888888888888889
A_spatial_hybrid,10x12,10x12_0,5,10,106,6,0,0,0,1,0,0,0.0,3.0,0.1111111111111111
A_spatial_hybrid,10x12,10x12_0,4,9,75,48,0,0,0,0,1,1,0.067526,3.0,0.06666666666666667
A_spatial_hybrid,10x12,10x12_0,8,7,24,38,0,0,0,0,0,0,0.0,5.0,0.08888888888888889
A_spatial_hybrid,10x12,10x12_0,4,1,18,10,0,0,0,1,1,1,0.062913,5.0,0.13333333333333333
A_spatial_hybrid,10x12,10x12_0,1,4,4,2,0,1,1,1,1,1,0.01257,3.0,0.1111111111111111
A_spatial_hybrid,10x12,10x12_0,9,9,69,57,0,0,0,0,1,1,0.019728,2.0,0.044444444444444446
A_spatial_hybrid,10x12,10x12_0,2,3,83,49,0,0,0,0,0,0,0.0,3.0,0.06666666666666667
A_spatial_hybrid,10x12,10x12_0,2,7,43,39,0,0,0,0,0,0,0.0,2.0,0.044444444444444446
A_spatial_hybrid,10x12,10x12_0,5,11,88,18,0,0,0,0,0,0,0.0,3.0,0.1111111111111111
A_spatial_hybrid,10x12,10x12_0,1,1,23,55,0,0,0,0,0,0,0.0,5.0,0.08888888888888889
A_spatial_hybrid,10x12,10x12_0,9,12,66,23,0,0,0,0,1,1,0.012527,2.0,0.044444444444444446
A_spatial_hybrid,10x12,10x12_0,10,9,84,29,0,0,0,0,0,0,0.0,3.0,0.06666666666666667
A_spatial_hybrid,10x12,10x12_0,6,12,48,5,0,0,1,1,0,0,0.0,2.0,0.06666666666666667
A_spatial_hybrid,10x12,10x12_0,6,3,55,2,0,1,1,1,0,0,0.0,3.0,0.08888888888888889
A_spatial_hybrid,10x12,10x12_0,6,4,11,24,0,0,0,0,1,2,0.060958,9.0,0.3111111111111111
A_spatial_hybrid,10x12,10x12_0,8,12,70,14,0,0,0,0,1,1,0.026833,2.0,0.044444444444444446
A_spatial_hybrid,10x12,10x12_0,3,12,21,55,0,0,0,0,0,0,0.0,6.0,0.17777777777777778
A_spatial_hybrid,10x12,10x12_0,1,3,102,53,0,0,0,0,0,0,0.0,2.0,0.06666666666666667
A_spatial_hybrid,10x12,10x12_0,3,3,107,59,0,0,0,0,0,0,0.0,3.0,0.1111111111111111
A_spatial_hybrid,10x12,10x12_0,3,9,50,13,0,0,0,0,0,0,0.0,2.0,0.06666666666666667
A_spatial_hybrid,10x12,10x12_0,6,11,111,25,0,0,0,0,0,0,0.0,3.0,0.1111111111111111
A_spatial_hybrid,10x12,10x12_0,4,10,60,24,0,0,0,0,1,1,0.08,2.0,0.022222222222222223
A_spatial_hybrid,10x12,10x12_0,2,9,34,11,0,0,0,0,0,0,0.0,2.0,0.06666666666666667
A_spatial_hybrid,10x12,10x12_0,6,2,41,15,0,0,0,0,0,0,0.0,2.0,0.06666666666666667
A_spatial_hybrid,10x12,10x12_0,1,5,89,32,0,0,0,0,0,0,0.0,3.0,0.1111111111111111
A_spatial_hybrid,10x12,10x12_0,3,7,36,24,0,0,0,0,0,0,0.0,2.0,0.06666666666666667
A_spatial_hybrid,10x12,10x12_0,9,8,120,10,0,0,0,1,0,0,0.0,5.0,0.15555555555555556
A_spatial_hybrid,10x12,10x12_0,5,6,9,32,0,0,0,0,1,2,0.036146,8.0,0.24444444444444444
A_spatial_hybrid,10x12,10x12_0,9,4,86,54,0,0,0,0,0,0,0.0,3.0,0.1111111111111111
A_spatial_hybrid,10x12,10x12_0,10,1,112,44,0,0,0,0,0,0,0.0,3.0,0.1111111111111111
A_spatial_hybrid,10x12,10x12_0,7,10,64,10,0,0,0,1,1,1,0.013625,3.0,0.044444444444444446
A_spatial_hybrid,10x12,10x12_0,3,2,47,49,0,0,0,0,0,0,0.0,2.0,0.06666666666666667
A_spatial_hybrid,10x12,10x12_0,7,4,54,42,0,0,0,0,0,0,0.0,3.0,0.08888888888888889
A_spatial_hybrid,10x12,10x12_0,10,5,92,41,0,0,0,0,1,1,0.032343,4.0,0.13333333333333333
A_spatial_hybrid,10x12,10x12_0,9,5,94,31,0,0,0,0,1,1,0.0706,3.0,0.13333333333333333
A_spatial_hybrid,10x12,10x12_0,2,1,14,9,0,0,0,1,1,1,0.08,7.0,0.2222222222222222
A_spatial_hybrid,10x12,10x12_0,8,10,103,33,0,0,0,0,0,0,0.0,3.0,0.08888888888888889
A_spatial_hybrid,10x12,10x12_0,6,8,28,33,0,0,0,0,0,0,0.0,5.0,0.08888888888888889
A_spatial_hybrid,10x12,10x12_0,7,6,63,56,0,0,0,0,1,1,0.04165,2.0,0.022222222222222223
A_spatial_hybrid,10x12,10x12_0,7,12,108,11,0,0,0,0,0,0,0.0,3.0,0.1111111111111111
A_spatial_hybrid,10x12,10x12_0,7,5,30,3,0,1,1,1,0,0,0.0,5.0,0.1111111111111111
A_spatial_hybrid,10x12,10x12_0,7,2,38,10,0,0,0,1,0,0,0.0,3.0,0.1111111111111111
A_spatial_hybrid,10x12,10x12_0,6,6,13,55,0,0,0,0,1,2,0.116626,7.0,0.17777777777777778
A_spatial_hybrid,10x12,10x12_0,3,5,45,18,0,0,0,0,0,0,0.0,3.0,0.1111111111111111
A_spatial_hybrid,10x12,10x12_0,10,8,33,4,0,0,1,1,1,1,0.017426,2.0,0.06666666666666667
A_spatial_hybrid,10x12,10x12_0,2,4,118,49,0,0,0,0,0,0,0.0,5.0,0.15555555555555556
A_spatial_hybrid,10x12,10x12_0,5,3,113,54,0,0,0,0,0,0,0.0,3.0,0.1111111111111111
A_spatial_hybrid,10x12,10x12_0,6,9,26,19,0,0,0,0,0,0,0.0,5.0,0.08888888888888889
A_spatial_hybrid,10x12,10x12_0,9,7,87,13,0,0,0,0,0,0,0.0,3.0,0.1111111111111111
A_spatial_hybrid,10x12,10x12_0,5,12,68,25,0,0,0,0,1,1,0.01607,2.0,0.044444444444444446
A_spatial_hybrid,10x12,10x12_0,9,10,35,45,0,0,0,0,0,0,0.0,2.0,0.06666666666666667
A_spatial_hybrid,10x12,10x12_0,2,10,82,33,0,0,0,0,0,0,0.0,5.0,0.1111111111111111
A_spatial_hybrid,10x12,10x12_0,9,2,51,4,0,0,1,1,0,0,0.0,2.0,0.06666666666666667
A_spatial_hybrid,10x12,10x12_0,8,5,2,60,0,0,0,0,1,2,0.027875,4.0,0.13333333333333333
A_spatial_hybrid,10x12,10x12_0,6,5,42,37,0,0,0,0,0,0,0.0,2.0,0.044444444444444446
A_spatial_hybrid,10x12,10x12_0,3,6,109,34,0,0,0,0,0,0,0.0,3.0,0.1111111111111111
A_spatial_hybrid,10x12,10x12_0,7,8,100,26,0,0,0,0,0,0,0.0,3.0,0.08888888888888889
A_spatial_hybrid,10x12,10x12_1,9,6,102,20,0,0,0,0,1,2,0.118538,3.0,0.08888888888888889
A_spatial_hybrid,10x12,10x12_1,9,12,88,27,0,0,0,0,1,2,0.101108,2.0,0.06666666666666667
A_spatial_hybrid,10x12,10x12_1,8,8,32,56,0,0,0,0,1,3,0.150464,4.0,0.13333333333333333
A_spatial_hybrid,10x12,10x12_1,4,5,77,30,0,0,0,0,1,2,0.150386,2.0,0.044444444444444446
A_spatial_hybrid,10x12,10x12_1,2,11,96,59,0,0,0,0,1,2,0.159266,4.0,0.08888888888888889
A_spatial_hybrid,10x12,10x12_1,7,4,30,7,0,0,0,1,1,3,0.147698,4.0,0.17777777777777778
A_spatial_hybrid,10x12,10x12_1,9,1,86,52,0,0,0,0,1,1,0.039698,3.0,0.1111111111111111
A_spatial_hybrid,10x12,10x12_1,8,9,85,2,0,1,1,1,1,2,0.087533,3.0,0.08888888888888889
A_spatial_hybrid,10x12,10x12_1,8,10,44,46,0,0,0,0,1,2,0.082186,5.0,0.15555555555555556
A_spatial_hybrid,10x12,10x12_1,5,6,19,32,0,0,0,0,1,3,0.020819,6.0,0.24444444444444444
A_spatial_hybrid,10x12,10x12_1,6,4,56,8,0,0,0,1,1,2,0.091537,5.0,0.2
A_spatial_hybrid,10x12,10x12_1,2,5,50,9,0,0,0,1,1,2,0.090774,5.0,0.2
A_spatial_hybrid,10x12,10x12_1,10,8,27,50,0,0,0,0,1,2,0.091349,4.0,0.17777777777777778
A_spatial_hybrid,10x12,10x12_1,7,8,117,21,0,0,0,0,1,2,0.116856,4.0,0.13333333333333333
A_spatial_hybrid,10x12,10x12_1,8,11,90,16,0,0,0,0,1,2,0.132623,4.0,0.17777777777777778
A_spatial_hybrid,10x12,10x12_1,8,5,17,59,0,0,0,0,1,2,0.017435,6.0,0.24444444444444444
A_spatial_hybrid,10x12,10x12_1,1,1,60,38,0,0,0,0,1,3,0.183869,6.0,0.26666666666666666
A_spatial_hybrid,10x12,10x12_1,7,2,1,20,0,0,0,0,1,3,0.116767,7.0,0.24444444444444444
A_spatial_hybrid,10x12,10x12_1,3,12,36,39,0,0,0,0,1,3,0.141774,4.0,0.13333333333333333
A_spatial_hybrid,10x12,10x12_1,3,4,31,27,0,0,0,0,1,3,0.149161,4.0,0.13333333333333333
A_spatial_hybrid,10x12,10x12_1,6,9,21,37,0,0,0,0,1,2,0.017193,4.0,0.17777777777777778
A_spatial_hybrid,10x12,10x12_1,4,2,13,14,0,0,0,0,1,3,0.045068,6.0,0.24444444444444444
A_spatial_hybrid,10x12,10x12_1,8,12,115,6,0,0,0,1,1,2,0.080456,4.0,0.13333333333333333
A_spatial_hybrid,10x12,10x12_1,1,8,58,16,0,0,0,0,1,3,0.170633,5.0,0.15555555555555556
A_spatial_hybrid,10x12,10x12_1,3,1,91,53,0,0,0,0,1,2,0.155668,4.0,0.17777777777777778
A_spatial_hybrid,10x12,10x12_1,8,4,108,31,0,0,0,0,1,2,0.08533,4.0,0.1111111111111111
A_spatial_hybrid,10x12,10x12_1,7,6,63,53,0,0,0,0,1,2,0.16,4.0,0.1111111111111111
A_spatial_hybrid,10x12,10x12_1,3,11,49,33,0,0,0,0,1,2,0.088864,4.0,0.1111111111111111
A_spatial_hybrid,10x12,10x12_1,1,6,8,31,0,0,0,0,1,2,0.08373,7.0,0.28888888888888886
A_spatial_hybrid,10x12,10x12_1,6,12,113,15,0,0,0,0,1,1,0.08,4.0,0.13333333333333333
A_spatial_hybrid,10x12,10x12_1,5,5,43,2,0,1,1,1,1,2,0.084015,5.0,0.15555555555555556
A_spatial_hybrid,10x12,10x12_1,4,4,64,50,0,0,0,0,1,2,0.16,3.0,0.06666666666666667
A_spatial_hybrid,10x12,10x12_1,10,6,99,1,1,1,1,1,1,2,0.118749,3.0,0.08888888888888889
A_spatial_hybrid,10x12,10x12_1,10,10,16,58,0,0,0,0,1,1,0.016804,6.0,0.24444444444444444
A_spatial_hybrid,10x12,10x12_1,5,7,52,18,0,0,0,0,1,2,0.099953,5.0,0.13333333333333333
A_spatial_hybrid,10x12,10x12_1,10,3,61,60,0,0,0,0,1,3,0.154313,6.0,0.24444444444444444
A_spatial_hybrid,10x12,10x12_1,5,2,120,36,0,0,0,0,1,2,0.16,2.0,0.044444444444444446
A_spatial_hybrid,10x12,10x12_1,9,8,4,37,0,0,0,0,1,2,0.135013,4.0,0.2222222222222222
A_spatial_hybrid,10x12,10x12_1,5,11,18,39,0,0,0,0,1,2,0.017593,6.0,0.24444444444444444
A_spatial_hybrid,10x12,10x12_1,1,2,7,4,0,0,1,1,1,3,0.062446,7.0,0.28888888888888886
A_spatial_hybrid,10x12,10x12_1,2,4,109,34,0,0,0,0,1,2,0.087452,4.0,0.13333333333333333
A_spatial_hybrid,10x12,10x12_1,7,9,104,22,0,0,0,0,1,2,0.118658,3.0,0.08888888888888889
A_spatial_hybrid,10x12,10x12_1,7,11,26,11,0,0,0,0,1,2,0.091179,4.0,0.17777777777777778
A_spatial_hybrid,10x12,10x12_1,7,3,73,37,0,0,0,0,1,2,0.14245,4.0,0.08888888888888889
A_spatial_hybrid,10x12,10x12_1,6,5,35,32,0,0,0,0,1,3,0.140852,4.0,0.13333333333333333
A_spatial_hybrid,10x12,10x12_1,4,1,55,5,0,0,1,1,1,2,0.09041,5.0,0.2
A_spatial_hybrid,10x12,10x12_1,7,5,46,4,0,0,1,1,1,2,0.078164,5.0,0.15555555555555556
A_spatial_hybrid,10x12,10x12_1,2,7,67,26,0,0,0,0,1,2,0.16,4.0,0.1111111111111111
A_spatial_hybrid,10x12,10x12_1,3,7,54,44,0,0,0,0,1,2,0.095115,5.0,0.2
A_spatial_hybrid,10x12,10x12_1,6,3,95,27,0,0,0,0,1,3,0.206345,4.0,0.08888888888888889
A_spatial_hybrid,10x12,10x12_1,10,7,6,52,0,0,0,0,1,3,0.123548,7.0,0.28888888888888886
A_spatial_hybrid,10x12,10x12_1,2,2,14,5,0,0,1,1,1,3,0.039599,6.0,0.24444444444444444
A_spatial_hybrid,10x12,10x12_1,10,12,111,10,0,0,0,1,1,2,0.090791,4.0,0.13333333333333333
A_spatial_hybrid,10x12,10x12_1,5,1,97,50,0,0,0,0,1,2,0.159987,4.0,0.08888888888888889
A_spatial_hybrid,10x12,10x12_1,9,5,119,22,0,0,0,0,1,2,0.16,2.0,0.044444444444444446
A_spatial_hybrid,10x12,10x12_1,10,5,11,54,0,0,0,0,1,3,0.11733,7.0,0.28888888888888886
A_spatial_hybrid,10x12,10x12_1,5,4,10,29,0,0,0,0,1,3,0.125193,7.0,0.28888888888888886
A_spatial_hybrid,10x12,10x12_1,9,3,22,42,0,0,0,0,1,2,0.018033,4.0,0.17777777777777778
A_spatial_hybrid,10x12,10x12_1,4,9,101,57,0,0,0,0,1,2,0.11866,3.0,0.08888888888888889
A_spatial_hybrid,10x12,10x12_1,2,1,33,5,0,0,1,1,1,3,0.148206,4.0,0.13333333333333333
B_spatial_chebyshev,4x4,4x4_0,1,2,2,1,1,1,1,1,1,6,0.155762,7.0,0.39285714285714285
B_spatial_chebyshev,4x4,4x4_0,1,3,6,2,0,1,1,1,1,5,0.302454,7.0,0.39285714285714285
B_spatial_chebyshev,4x4,4x4_0,4,4,9,6,0,0,0,1,1,7,0.308025,7.0,0.39285714285714285
B_spatial_chebyshev,4x4,4x4_0,1,4,11,8,0,0,0,1,1,6,0.185978,7.0,0.39285714285714285
B_spatial_chebyshev,4x4,4x4_0,3,2,3,8,0,0,0,1,1,6,0.271855,7.0,0.39285714285714285
B_spatial_chebyshev,4x4,4x4_0,2,1,5,5,0,0,1,1,1,5,0.308271,7.0,0.39285714285714285
B_spatial_chebyshev,4x4,4x4_0,2,2,14,8,0,0,0,1,1,5,0.337557,7.0,0.39285714285714285
B_spatial_chebyshev,4x4,4x4_0,1,1,10,2,0,1,1,1,1,6,0.267469,7.0,0.39285714285714285
B_spatial_chebyshev,4x4,4x4_1,1,1,4,2,0,1,1,1,1,5,0.324924,5.0,0.21428571428571427
B_spatial_chebyshev,4x4,4x4_1,3,1,14,8,0,0,0,1,1,5,0.262945,5.0,0.21428571428571427
B_spatial_chebyshev,4x4,4x4_1,4,3,7,6,0,0,0,1,1,5,0.149743,5.0,0.21428571428571427
B_spatial_chebyshev,4x4,4x4_1,2,1,6,5,0,0,1,1,1,6,0.211109,5.0,0.21428571428571427
B_spatial_chebyshev,4x4,4x4_1,1,2,9,3,0,1,1,1,1,4,0.253237,5.0,0.21428571428571427
B_spatial_chebyshev,4x4,4x4_1,1,4,11,7,0,0,0,1,1,6,0.257273,5.0,0.21428571428571427
B_spatial_chebyshev,4x4,4x4_1,4,1,16,4,0,0,1,1,1,6,0.240282,5.0,0.21428571428571427
B_spatial_chebyshev,4x4,4x4_1,4,4,13,3,0,1,1,1,1,6,0.270082,5.0,0.21428571428571427
B_spatial_chebyshev,4x5,4x5_0,4,1,8,8,0,0,0,1,1,6,0.299051,10.0,0.28888888888888886
B_spatial_chebyshev,4x5,4x5_0,1,2,17,4,0,0,1,1,1,6,0.291853,10.0,0.28888888888888886
B_spatial_chebyshev,4x5,4x5_0,3,2,10,9,0,0,0,1,1,5,0.324004,10.0,0.28888888888888886
B_spatial_chebyshev,4x5,4x5_0,2,4,4,6,0,0,0,1,1,4,0.233735,10.0,0.28888888888888886
B_spatial_chebyshev,4x5,4x5_0,2,1,6,5,0,0,1,1,1,6,0.318838,10.0,0.28888888888888886
B_spatial_chebyshev,4x5,4x5_0,1,5,1,8,0,0,0,1,1,6,0.346059,10.0,0.28888888888888886
B_spatial_chebyshev,4x5,4x5_0,3,5,14,6,0,0,0,1,1,6,0.390678,10.0,0.28888888888888886
B_spatial_chebyshev,4x5,4x5_0,4,2,3,2,0,1,1,1,1,4,0.247334,10.0,0.28888888888888886
B_spatial_chebyshev,4x5,4x5_0,2,5,2,1,1,1,1,1,1,4,0.219963,10.0,0.28888888888888886
B_spatial_chebyshev,4x5,4x5_0,3,3,16,10,0,0,0,1,1,5,0.264486,10.0,0.28888888888888886
B_spatial_chebyshev,4x5,4x5_1,2,3,6,6,0,0,0,1,1,5,0.207811,9.0,0.28888888888888886
B_spatial_chebyshev,4x5,4x5_1,1,2,11,3,0,1,1,1,1,5,0.226884,9.0,0.28888888888888886
B_spatial_chebyshev,4x5,4x5_1,2,5,13,5,0,0,1,1,1,6,0.242677,9.0,0.28888888888888886
B_spatial_chebyshev,4x5,4x5_1,4,1,8,9,0,0,0,1,1,5,0.21189,9.0,0.28888888888888886
B_spatial_chebyshev,4x5,4x5_1,4,3,14,5,0,0,1,1,1,5,0.237621,9.0,0.28888888888888886
B_spatial_chebyshev,4x5,4x5_1,1,1,1,2,0,1,1,1,1,6,0.237903,9.0,0.28888888888888886
B_spatial_chebyshev,4x5,4x5_1,3,2,9,9,0,0,0,1,1,5,0.193052,9.0,0.28888888888888886
B_spatial_chebyshev,4x5,4x5_1,2,2,17,5,0,0,1,1,1,6,0.262502,9.0,0.28888888888888886
B_spatial_chebyshev,4x5,4x5_1,4,4,7,2,0,1,1,1,1,5,0.159803,9.0,0.28888888888888886
B_spatial_chebyshev,4x5,4x5_1,1,3,19,7,0,0,0,1,1,6,0.294964,9.0,0.28888888888888886
B_spatial_chebyshev,5x5,5x5_0,5,2,12,6,0,0,0,1,1,7,0.326694,9.0,0.3111111111111111
B_spatial_chebyshev,5x5,5x5_0,2,2,20,11,0,0,0,0,1,5,0.288716,9.0,0.35555555555555557
B_spatial_chebyshev,5x5,5x5_0,4,3,24,8,0,0,0,1,1,4,0.234989,9.0,0.35555555555555557
B_spatial_chebyshev,5x5,5x5_0,3,3,10,11,0,0,0,0,1,5,0.295448,5.0,0.3111111111111111
B_spatial_chebyshev,5x5,5x5_0,2,3,3,2,0,1,1,1,1,7,0.395241,9.0,0.3333333333333333
B_spatial_chebyshev,5x5,5x5_0,3,2,19,4,0,0,1,1,1,5,0.331305,9.0,0.35555555555555557
B_spatial_chebyshev,5x5,5x5_0,1,3,21,4,0,0,1,1,1,6,0.256631,9.0,0.35555555555555557
B_spatial_chebyshev,5x5,5x5_0,5,3,4,11,0,0,0,0,1,6,0.265701,9.0,0.4
B_spatial_chebyshev,5x5,5x5_0,1,2,22,1,1,1,1,1,1,6,0.342882,9.0,0.35555555555555557
B_spatial_chebyshev,5x5,5x5_0,4,2,9,2,0,1,1,1,1,3,0.183508,10.0,0.4
B_spatial_chebyshev,5x5,5x5_0,3,5,2,7,0,0,0,1,1,6,0.265909,9.0,0.28888888888888886
B_spatial_chebyshev,5x5,5x5_0,1,1,17,12,0,0,0,0,1,7,0.276892,9.0,0.35555555555555557
B_spatial_chebyshev,5x5,5x5_1,2,1,10,2,0,1,1,1,1,5,0.16827,7.0,0.2
B_spatial_chebyshev,5x5,5x5_1,4,2,11,6,0,0,0,1,1,5,0.254694,7.0,0.2
B_spatial_chebyshev,5x5,5x5_1,1,5,4,4,0,0,1,1,1,5,0.250549,7.0,0.2
B_spatial_chebyshev,5x5,5x5_1,5,5,17,1,1,1,1,1,1,5,0.296945,8.0,0.24444444444444444
B_spatial_chebyshev,5x5,5x5_1,3,3,14,9,0,0,0,1,1,6,0.283124,7.0,0.17777777777777778
B_spatial_chebyshev,5x5,5x5_1,3,4,21,6,0,0,0,1,1,7,0.33167,8.0,0.24444444444444444
B_spatial_chebyshev,5x5,5x5_1,5,4,20,3,0,1,1,1,1,7,0.333223,8.0,0.24444444444444444
B_spatial_chebyshev,5x5,5x5_1,1,2,23,10,0,0,0,1,1,5,0.227474,8.0,0.24444444444444444
B_spatial_chebyshev,5x5,5x5_1,4,5,3,10,0,0,0,1,1,5,0.24955,5.0,0.17777777777777778
B_spatial_chebyshev,5x5,5x5_1,5,3,12,10,0,0,0,1,1,5,0.275112,8.0,0.24444444444444444
B_spatial_chebyshev,5x5,5x5_1,3,5,1,8,0,0,0,1,1,5,0.278472,5.0,0.17777777777777778
B_spatial_chebyshev,5x5,5x5_1,1,4,19,11,0,0,0,0,1,7,0.297292,8.0,0.24444444444444444
B_spatial_chebyshev,8x10,8x10_0,6,7,1,16,0,0,0,0,1,5,0.076736,2.0,0.08888888888888889
B_spatial_chebyshev,8x10,8x10_0,6,1,45,22,0,0,0,0,1,5,0.18089,5.0,0.13333333333333333
B_spatial_chebyshev,8x10,8x10_0,8,9,72,1,1,1,1,1,1,4,0.205129,5.0,0.13333333333333333
B_spatial_chebyshev,8x10,8x10_0,7,2,50,33,0,0,0,0,1,4,0.219925,4.0,0.1111111111111111
B_spatial_chebyshev,8x10,8x10_0,3,3,69,40,0,0,0,0,1,5,0.16748,6.0,0.17777777777777778
B_spatial_chebyshev,8x10,8x10_0,8,10,57,5,0,0,1,1,1,4,0.279128,5.0,0.13333333333333333
B_spatial_chebyshev,8x10,8x10_0,1,8,41,14,0,0,0,0,1,3,0.135353,2.0,0.08888888888888889
B_spatial_chebyshev,8x10,8x10_0,4,9,60,18,0,0,0,0,1,3,0.24,4.0,0.15555555555555556
B_spatial_chebyshev,8x10,8x10_0,6,8,61,6,0,0,0,1,1,3,0.24,4.0,0.13333333333333333
B_spatial_chebyshev,8x10,8x10_0,7,9,73,18,0,0,0,0,1,5,0.209314,5.0,0.13333333333333333
B_spatial_chebyshev,8x10,8x10_0,7,5,9,30,0,0,0,0,1,4,0.197128,2.0,0.06666666666666667
B_spatial_chebyshev,8x10,8x10_0,2,2,15,24,0,0,0,0,1,5,0.176705,4.0,0.1111111111111111
B_spatial_chebyshev,8x10,8x10_0,6,4,74,14,0,0,0,0,1,3,0.133015,5.0,0.13333333333333333
B_spatial_chebyshev,8x10,8x10_0,5,9,46,19,0,0,0,0,1,4,0.153196,5.0,0.17777777777777778
B_spatial_chebyshev,8x10,8x10_0,2,10,38,30,0,0,0,0,1,3,0.117665,4.0,0.13333333333333333
B_spatial_chebyshev,8x10,8x10_0,4,6,55,8,0,0,0,1,1,5,0.263296,5.0,0.17777777777777778
B_spatial_chebyshev,8x10,8x10_0,3,2,33,18,0,0,0,0,1,3,0.102397,4.0,0.13333333333333333
B_spatial_chebyshev,8x10,8x10_0,6,10,66,15,0,0,0,0,1,5,0.142694,6.0,0.2
B_spatial_chebyshev,8x10,8x10_0,2,7,5,18,0,0,0,0,1,5,0.205577,2.0,0.06666666666666667
B_spatial_chebyshev,8x10,8x10_0,3,10,76,22,0,0,0,0,1,3,0.113849,5.0,0.17777777777777778
B_spatial_chebyshev,8x10,8x10_0,4,7,68,33,0,0,0,0,1,5,0.157892,6.0,0.17777777777777778
B_spatial_chebyshev,8x10,8x10_0,6,5,12,38,0,0,0,0,1,5,0.1372,2.0,0.06666666666666667
B_spatial_chebyshev,8x10,8x10_0,6,2,51,28,0,0,0,0,1,3,0.201801,4.0,0.13333333333333333
B_spatial_chebyshev,8x10,8x10_0,7,7,4,36,0,0,0,0,1,5,0.104933,2.0,0.06666666666666667
B_spatial_chebyshev,8x10,8x10_0,3,6,13,21,0,0,0,0,1,4,0.190684,2.0,0.06666666666666667
B_spatial_chebyshev,8x10,8x10_0,3,7,14,1,1,1,1,1,1,5,0.186135,2.0,0.06666666666666667
B_spatial_chebyshev,8x10,8x10_0,4,8,17,22,0,0,0,0,1,5,0.159125,3.0,0.06666666666666667
B_spatial_chebyshev,8x10,8x10_0,5,4,71,20,0,0,0,0,1,4,0.160032,7.0,0.2
B_spatial_chebyshev,8x10,8x10_0,3,9,36,34,0,0,0,0,1,3,0.039055,4.0,0.08888888888888889
B_spatial_chebyshev,8x10,8x10_0,1,9,20,33,0,0,0,0,1,4,0.220096,2.0,0.044444444444444446
B_spatial_chebyshev,8x10,8x10_0,5,10,30,26,0,0,0,0,1,3,0.143974,3.0,0.08888888888888889
B_spatial_chebyshev,8x10,8x10_0,3,5,64,15,0,0,0,0,1,4,0.116332,4.0,0.2222222222222222
B_spatial_chebyshev,8x10,8x10_0,3,4,65,28,0,0,0,0,1,5,0.139398,6.0,0.2222222222222222
B_spatial_chebyshev,8x10,8x10_0,1,5,8,10,0,0,0,1,1,4,0.168603,2.0,0.044444444444444446
B_spatial_chebyshev,8x10,8x10_0,2,4,58,36,0,0,0,0,1,4,0.319298,5.0,0.2
B_spatial_chebyshev,8x10,8x10_0,3,8,27,37,0,0,0,0,1,3,0.072284,2.0,0.06666666666666667
B_spatial_chebyshev,8x10,8x10_0,8,8,32,35,0,0,0,0,1,3,0.163059,3.0,0.08888888888888889
B_spatial_chebyshev,8x10,8x10_0,4,2,52,36,0,0,0,0,1,3,0.213726,4.0,0.17777777777777778
B_spatial_chebyshev,8x10,8x10_0,4,1,31,30,0,0,0,0,1,3,0.145657,3.0,0.1111111111111111
B_spatial_chebyshev,8x10,8x10_0,8,3,79,30,0,0,0,0,1,3,0.189687,5.0,0.13333333333333333
B_spatial_chebyshev,8x10,8x10_1,7,10,68,12,0,0,0,0,1,5,0.264018,8.0,0.2222222222222222
B_spatial_chebyshev,8x10,8x10_1,5,4,10,11,0,0,0,0,1,3,0.184022,3.0,0.08888888888888889
B_spatial_chebyshev,8x10,8x10_1,1,6,17,6,0,0,0,1,1,5,0.210213,3.0,0.1111111111111111
B_spatial_chebyshev,8x10,8x10_1,4,10,67,22,0,0,0,0,1,5,0.280754,8.0,0.2222222222222222
B_spatial_chebyshev,8x10,8x10_1,4,4,34,38,0,0,0,0,1,3,0.110906,4.0,0.1111111111111111
B_spatial_chebyshev,8x10,8x10_1,6,1,21,23,0,0,0,0,1,3,0.12466,3.0,0.06666666666666667
B_spatial_chebyshev,8x10,8x10_1,3,9,74,13,0,0,0,0,1,6,0.292056,6.0,0.15555555555555556
B_spatial_chebyshev,8x10,8x10_1,1,10,44,31,0,0,0,0,1,2,0.111131,3.0,0.1111111111111111
B_spatial_chebyshev,8x10,8x10_1,5,3,72,5,0,0,1,1,1,6,0.229254,7.0,0.15555555555555556
B_spatial_chebyshev,8x10,8x10_1,7,4,18,39,0,0,0,0,1,4,0.165292,3.0,0.1111111111111111
B_spatial_chebyshev,8x10,8x10_1,6,8,31,32,0,0,0,0,1,2,0.112954,3.0,0.06666666666666667
B_spatial_chebyshev,8x10,8x10_1,5,2,11,12,0,0,0,0,1,3,0.182916,3.0,0.1111111111111111
B_spatial_chebyshev,8x10,8x10_1,5,5,19,37,0,0,0,0,1,4,0.144254,3.0,0.1111111111111111
B_spatial_chebyshev,8x10,8x10_1,3,7,75,14,0,0,0,0,1,6,0.292526,6.0,0.15555555555555556
B_spatial_chebyshev,8x10,8x10_1,1,8,76,24,0,0,0,0,1,6,0.298443,6.0,0.15555555555555556
B_spatial_chebyshev,8x10,8x10_1,2,1,6,3,0,1,1,1,1,2,0.117469,5.0,0.2
B_spatial_chebyshev,8x10,8x10_1,4,6,8,12,0,0,0,0,1,4,0.214568,4.0,0.13333333333333333
B_spatial_chebyshev,8x10,8x10_1,4,3,26,8,0,0,0,1,1,2,0.042986,4.0,0.13333333333333333
B_spatial_chebyshev,8x10,8x10_1,6,3,78,28,0,0,0,0,1,6,0.29894,7.0,0.17777777777777778
B_spatial_chebyshev,8x10,8x10_1,2,9,49,2,0,1,1,1,1,5,0.271032,4.0,0.17777777777777778
B_spatial_chebyshev,8x10,8x10_1,3,1,3,2,0,1,1,1,1,5,0.227595,4.0,0.13333333333333333
B_spatial_chebyshev,8x10,8x10_1,4,9,77,7,0,0,0,1,1,6,0.304025,6.0,0.15555555555555556
B_spatial_chebyshev,8x10,8x10_1,8,7,12,34,0,0,0,0,1,3,0.181029,3.0,0.1111111111111111
B_spatial_chebyshev,8x10,8x10_1,2,10,15,24,0,0,0,0,1,3,0.174845,3.0,0.08888888888888889
B_spatial_chebyshev,8x10,8x10_1,6,10,73,8,0,0,0,1,1,6,0.232336,7.0,0.15555555555555556
B_spatial_chebyshev,8x10,8x10_1,5,7,13,13,0,0,0,0,1,3,0.179492,3.0,0.1111111111111111
B_spatial_chebyshev,8x10,8x10_1,6,2,43,13,0,0,0,0,1,2,0.111979,3.0,0.1111111111111111
B_spatial_chebyshev,8x10,8x10_1,8,9,22,35,0,0,0,0,1,3,0.142228,3.0,0.08888888888888889
B_spatial_chebyshev,8x10,8x10_1,7,8,2,32,0,0,0,0,1,3,0.069236,4.0,0.15555555555555556
B_spatial_chebyshev,8x10,8x10_1,3,5,53,18,0,0,0,0,1,3,0.110702,4.0,0.08888888888888889
B_spatial_chebyshev,8x10,8x10_1,1,4,1,5,0,0,1,1,1,3,0.081976,4.0,0.15555555555555556
B_spatial_chebyshev,8x10,8x10_1,7,5,64,8,0,0,0,1,1,6,0.29409,4.0,0.15555555555555556
B_spatial_chebyshev,8x10,8x10_1,7,9,24,31,0,0,0,0,1,3,0.121269,3.0,0.1111111111111111
B_spatial_chebyshev,8x10,8x10_1,2,6,60,20,0,0,0,0,1,6,0.20003,4.0,0.13333333333333333
B_spatial_chebyshev,8x10,8x10_1,7,3,27,27,0,0,0,0,1,2,0.040741,3.0,0.1111111111111111
B_spatial_chebyshev,8x10,8x10_1,8,6,32,33,0,0,0,0,1,3,0.114333,3.0,0.06666666666666667
B_spatial_chebyshev,8x10,8x10_1,1,1,20,4,0,0,1,1,1,4,0.166263,3.0,0.1111111111111111
B_spatial_chebyshev,8x10,8x10_1,2,4,71,29,0,0,0,0,1,6,0.230876,7.0,0.15555555555555556
B_spatial_chebyshev,8x10,8x10_1,8,1,29,28,0,0,0,0,1,2,0.067608,4.0,0.13333333333333333
B_spatial_chebyshev,8x10,8x10_1,6,5,28,38,0,0,0,0,1,2,0.075196,5.0,0.2
B_spatial_chebyshev,10x8,10x8_0,5,6,21,16,0,0,0,0,1,3,0.133403,2.0,0.06666666666666667
B_spatial_chebyshev,10x8,10x8_0,10,8,8,34,0,0,0,0,1,4,0.111872,2.0,0.06666666666666667
B_spatial_chebyshev,10x8,10x8_0,10,1,66,35,0,0,0,0,1,4,0.162225,4.0,0.1111111111111111
B_spatial_chebyshev,10x8,10x8_0,5,7,39,1,1,1,1,1,1,4,0.194132,3.0,0.1111111111111111
B_spatial_chebyshev,10x8,10x8_0,1,5,24,17,0,0,0,0,1,2,0.040168,2.0,0.06666666666666667
B_spatial_chebyshev,10x8,10x8_0,8,1,77,36,0,0,0,0,1,4,0.184904,7.0,0.2222222222222222
B_spatial_chebyshev,10x8,10x8_0,9,2,20,7,0,0,0,1,1,3,0.053476,2.0,0.06666666666666667
B_spatial_chebyshev,10x8,10x8_0,3,7,75,29,0,0,0,0,1,5,0.20794,6.0,0.2
B_spatial_chebyshev,10x8,10x8_0,9,4,15,22,0,0,0,0,1,5,0.120502,2.0,0.06666666666666667
B_spatial_chebyshev,10x8,10x8_0,8,4,6,4,0,0,1,1,1,4,0.091788,2.0,0.06666666666666667
B_spatial_chebyshev,10x8,10x8_0,7,2,28,37,0,0,0,0,1,3,0.118872,2.0,0.044444444444444446
B_spatial_chebyshev,10x8,10x8_0,2,8,7,25,0,0,0,0,1,4,0.103898,2.0,0.06666666666666667
B_spatial_chebyshev,10x8,10x8_0,4,7,3,26,0,0,0,0,1,4,0.170433,3.0,0.06666666666666667
B_spatial_chebyshev,10x8,10x8_0,1,4,14,19,0,0,0,0,1,5,0.114099,2.0,0.044444444444444446
B_spatial_chebyshev,10x8,10x8_0,6,1,61,29,0,0,0,0,1,4,0.177836,4.0,0.08888888888888889
B_spatial_chebyshev,10x8,10x8_0,10,3,46,25,0,0,0,0,1,3,0.137151,4.0,0.15555555555555556
B_spatial_chebyshev,10x8,10x8_0,9,7,31,15,0,0,0,0,1,3,0.119949,2.0,0.06666666666666667
B_spatial_chebyshev,10x8,10x8_0,7,6,57,10,0,0,0,1,1,2,0.097471,6.0,0.1111111111111111
B_spatial_chebyshev,10x8,10x8_0,3,4,37,29,0,0,0,0,1,3,0.114118,2.0,0.08888888888888889
B_spatial_chebyshev,10x8,10x8_0,7,8,48,22,0,0,0,0,1,3,0.131037,5.0,0.15555555555555556
B_spatial_chebyshev,10x8,10x8_0,2,7,80,38,0,0,0,0,1,5,0.208446,4.0,0.08888888888888889
B_spatial_chebyshev,10x8,10x8_0,5,3,11,14,0,0,0,0,1,5,0.186318,2.0,0.044444444444444446
B_spatial_chebyshev,10x8,10x8_0,5,5,71,36,0,0,0,0,1,4,0.169909,6.0,0.17777777777777778
B_spatial_chebyshev,10x8,10x8_0,8,8,35,36,0,0,0,0,1,4,0.184133,2.0,0.044444444444444446
B_spatial_chebyshev,10x8,10x8_0,3,6,36,35,0,0,0,0,1,3,0.117117,2.0,0.08888888888888889
B_spatial_chebyshev,10x8,10x8_0,10,5,63,21,0,0,0,0,1,4,0.201403,4.0,0.1111111111111111
B_spatial_chebyshev,10x8,10x8_0,5,8,47,5,0,0,1,1,1,3,0.133315,5.0,0.15555555555555556
B_spatial_chebyshev,10x8,10x8_0,8,3,53,27,0,0,0,0,1,4,0.180311,5.0,0.17777777777777778
B_spatial_chebyshev,10x8,10x8_0,3,1,67,35,0,0,0,0,1,6,0.185608,5.0,0.15555555555555556
B_spatial_chebyshev,10x8,10x8_0,7,1,74,5,0,0,1,1,1,4,0.170603,7.0,0.2222222222222222
B_spatial_chebyshev,10x8,10x8_0,5,1,38,34,0,0,0,0,1,3,0.115977,2.0,0.08888888888888889
B_spatial_chebyshev,10x8,10x8_0,1,1,58,39,0,0,0,0,1,2,0.099034,5.0,0.1111111111111111
B_spatial_chebyshev,10x8,10x8_0,2,4,12,9,0,0,0,1,1,4,0.144503,2.0,0.06666666666666667
B_spatial_chebyshev,10x8,10x8_0,4,3,54,15,0,0,0,0,1,5,0.182498,5.0,0.17777777777777778
B_spatial_chebyshev,10x8,10x8_0,8,6,10,23,0,0,0,0,1,5,0.182878,2.0,0.06666666666666667
B_spatial_chebyshev,10x8,10x8_0,6,5,41,24,0,0,0,0,1,4,0.150276,2.0,0.08888888888888889
B_spatial_chebyshev,10x8,10x8_0,7,4,52,15,0,0,0,0,1,4,0.197572,4.0,0.2
B_spatial_chebyshev,10x8,10x8_0,9,1,5,3,0,1,1,1,1,4,0.091782,2.0,0.044444444444444446
B_spatial_chebyshev,10x8,10x8_0,8,7,59,3,0,1,1,1,1,2,0.105591,6.0,0.1111111111111111
B_spatial_chebyshev,10x8,10x8_0,2,5,29,32,0,0,0,0,1,3,0.10722,2.0,0.06666666666666667
B_spatial_chebyshev,10x8,10x8_1,7,6,64,12,0,0,0,0,1,4,0.182535,2.0,0.044444444444444446
B_spatial_chebyshev,10x8,10x8_1,9,5,59,16,0,0,0,0,1,2,0.09322,4.0,0.08888888888888889
B_spatial_chebyshev,10x8,10x8_1,8,1,7,14,0,0,0,0,1,3,0.039268,4.0,0.06666666666666667
B_spatial_chebyshev,10x8,10x8_1,7,1,80,5,0,0,1,1,1,2,0.11957,2.0,0.06666666666666667
B_spatial_chebyshev,10x8,10x8_1,4,5,50,39,0,0,0,0,1,2,0.094164,3.0,0.044444444444444446
B_spatial_chebyshev,10x8,10x8_1,1,5,35,17,0,0,0,0,1,4,0.157548,3.0,0.1111111111111111
B_spatial_chebyshev,10x8,10x8_1,5,2,56,29,0,0,0,0,1,1,0.031757,5.0,0.17777777777777778
B_spatial_chebyshev,10x8,10x8_1,4,1,19,20,0,0,0,0,1,2,0.077861,3.0,0.06666666666666667
B_spatial_chebyshev,10x8,10x8_1,6,4,75,19,0,0,0,0,1,2,0.150212,2.0,0.044444444444444446
B_spatial_chebyshev,10x8,10x8_1,1,7,79,24,0,0,0,0,1,2,0.119605,2.0,0.06666666666666667
B_spatial_chebyshev,10x8,10x8_1,7,2,65,36,0,0,0,0,1,4,0.179181,2.0,0.044444444444444446
B_spatial_chebyshev,10x8,10x8_1,6,1,43,20,0,0,0,0,1,3,0.092326,2.0,0.044444444444444446
B_spatial_chebyshev,10x8,10x8_1,10,8,21,36,0,0,0,0,1,2,0.03493,5.0,0.13333333333333333
B_spatial_chebyshev,10x8,10x8_1,8,5,51,1,1,1,1,1,1,2,0.095673,3.0,0.06666666666666667
B_spatial_chebyshev,10x8,10x8_1,2,4,63,29,0,0,0,0,1,3,0.099772,3.0,0.08888888888888889
B_spatial_chebyshev,10x8,10x8_1,3,3,49,38,0,0,0,0,1,2,0.093311,3.0,0.044444444444444446
B_spatial_chebyshev,10x8,10x8_1,2,6,38,19,0,0,0,0,1,3,0.15543,3.0,0.1111111111111111
B_spatial_chebyshev,10x8,10x8_1,6,7,17,27,0,0,0,0,1,3,0.122936,4.0,0.08888888888888889
B_spatial_chebyshev,10x8,10x8_1,10,2,42,6,0,0,0,1,1,3,0.093593,2.0,0.044444444444444446
B_spatial_chebyshev,10x8,10x8_1,4,8,52,25,0,0,0,0,1,2,0.095005,3.0,0.06666666666666667
B_spatial_chebyshev,10x8,10x8_1,10,5,20,31,0,0,0,0,1,2,0.03705,3.0,0.08888888888888889
B_spatial_chebyshev,10x8,10x8_1,10,7,24,14,0,0,0,0,1,2,0.083075,3.0,0.06666666666666667
B_spatial_chebyshev,10x8,10x8_1,2,2,73,40,0,0,0,0,1,3,0.160428,4.0,0.08888888888888889
B_spatial_chebyshev,10x8,10x8_1,3,7,53,16,0,0,0,0,1,2,0.09469,3.0,0.06666666666666667
B_spatial_chebyshev,10x8,10x8_1,8,7,15,34,0,0,0,0,1,2,0.098313,3.0,0.06666666666666667
B_spatial_chebyshev,10x8,10x8_1,7,5,34,21,0,0,0,0,1,5,0.186644,4.0,0.1111111111111111
B_spatial_chebyshev,10x8,10x8_1,9,1,45,34,0,0,0,0,1,2,0.030348,2.0,0.044444444444444446
B_spatial_chebyshev,10x8,10x8_1,7,3,67,28,0,0,0,0,1,3,0.171394,2.0,0.044444444444444446
B_spatial_chebyshev,10x8,10x8_1,8,2,69,34,0,0,0,0,1,3,0.168792,3.0,0.06666666666666667
B_spatial_chebyshev,10x8,10x8_1,3,4,13,9,0,0,0,1,1,4,0.07666,4.0,0.08888888888888889
B_spatial_chebyshev,10x8,10x8_1,8,6,28,12,0,0,0,0,1,4,0.208072,2.0,0.08888888888888889
B_spatial_chebyshev,10x8,10x8_1,1,6,12,2,0,1,1,1,1,4,0.080059,4.0,0.08888888888888889
B_spatial_chebyshev,10x8,10x8_1,9,4,58,8,0,0,0,1,1,2,0.077761,5.0,0.1111111111111111
B_spatial_chebyshev,10x8,10x8_1,3,2,76,32,0,0,0,0,1,2,0.14901,3.0,0.08888888888888889
B_spatial_chebyshev,10x8,10x8_1,4,3,68,18,0,0,0,0,1,4,0.173629,2.0,0.044444444444444446
B_spatial_chebyshev,10x8,10x8_1,5,6,6,23,0,0,0,0,1,4,0.078025,2.0,0.022222222222222223
B_spatial_chebyshev,10x8,10x8_1,3,5,31,6,0,0,0,1,1,2,0.085338,4.0,0.13333333333333333
B_spatial_chebyshev,10x8,10x8_1,5,4,30,40,0,0,0,0,1,2,0.084873,3.0,0.1111111111111111
B_spatial_chebyshev,10x8,10x8_1,10,1,32,3,0,1,1,1,1,3,0.078567,4.0,0.13333333333333333
B_spatial_chebyshev,10x8,10x8_1,8,4,70,17,0,0,0,0,1,3,0.166749,4.0,0.08888888888888889
B_spatial_chebyshev,10x12,10x12_0,9,1,90,46,0,0,0,0,1,3,0.102985,3.0,0.06666666666666667
B_spatial_chebyshev,10x12,10x12_0,3,11,52,50,0,0,0,0,1,2,0.085426,2.0,0.06666666666666667
B_spatial_chebyshev,10x12,10x12_0,10,7,99,27,0,0,0,0,1,2,0.095088,3.0,0.08888888888888889
B_spatial_chebyshev,10x12,10x12_0,5,10,106,23,0,0,0,0,1,2,0.147454,3.0,0.08888888888888889
B_spatial_chebyshev,10x12,10x12_0,4,9,75,48,0,0,0,0,1,3,0.163616,2.0,0.022222222222222223
B_spatial_chebyshev,10x12,10x12_0,8,7,24,38,0,0,0,0,1,3,0.04565,6.0,0.17777777777777778
B_spatial_chebyshev,10x12,10x12_0,4,1,18,10,0,0,0,1,1,2,0.064946,6.0,0.13333333333333333
B_spatial_chebyshev,10x12,10x12_0,1,4,4,2,0,1,1,1,1,3,0.152139,4.0,0.15555555555555556
B_spatial_chebyshev,10x12,10x12_0,9,9,69,57,0,0,0,0,1,4,0.13835,2.0,0.022222222222222223
B_spatial_chebyshev,10x12,10x12_0,2,3,83,49,0,0,0,0,1,4,0.071349,4.0,0.13333333333333333
B_spatial_chebyshev,10x12,10x12_0,2,7,43,38,0,0,0,0,1,2,0.064785,2.0,0.044444444444444446
B_spatial_chebyshev,10x12,10x12_0,5,11,88,17,0,0,0,0,1,3,0.108436,4.0,0.08888888888888889
B_spatial_chebyshev,10x12,10x12_0,1,1,23,55,0,0,0,0,1,3,0.041918,6.0,0.17777777777777778
B_spatial_chebyshev,10x12,10x12_0,9,12,66,23,0,0,0,0,1,3,0.065293,2.0,0.044444444444444446
B_spatial_chebyshev,10x12,10x12_0,10,9,84,29,0,0,0,0,1,4,0.068603,4.0,0.13333333333333333
B_spatial_chebyshev,10x12,10x12_0,6,12,48,5,0,0,1,1,1,2,0.080855,2.0,0.06666666666666667
B_spatial_chebyshev,10x12,10x12_0,6,3,55,2,0,1,1,1,1,2,0.052743,3.0,0.1111111111111111
B_spatial_chebyshev,10x12,10x12_0,6,4,11,24,0,0,0,0,1,5,0.234305,3.0,0.06666666666666667
B_spatial_chebyshev,10x12,10x12_0,8,12,70,14,0,0,0,0,1,4,0.156676,2.0,0.022222222222222223
B_spatial_chebyshev,10x12,10x12_0,3,12,21,55,0,0,0,0,1,2,0.038677,6.0,0.2
B_spatial_chebyshev,10x12,10x12_0,1,3,102,53,0,0,0,0,1,2,0.11015,2.0,0.08888888888888889
B_spatial_chebyshev,10x12,10x12_0,3,3,107,59,0,0,0,0,1,2,0.146244,3.0,0.08888888888888889
B_spatial_chebyshev,10x12,10x12_0,3,9,50,13,0,0,0,0,1,1,0.010019,2.0,0.06666666666666667
B_spatial_chebyshev,10x12,10x12_0,6,11,111,25,0,0,0,0,1,2,0.147993,3.0,0.08888888888888889
B_spatial_chebyshev,10x12,10x12_0,4,10,60,24,0,0,0,0,1,3,0.127822,2.0,0.022222222222222223
B_spatial_chebyshev,10x12,10x12_0,2,9,34,10,0,0,0,1,1,3,0.073244,2.0,0.044444444444444446
B_spatial_chebyshev,10x12,10x12_0,6,2,41,15,0,0,0,0,1,2,0.040575,2.0,0.06666666666666667
B_spatial_chebyshev,10x12,10x12_0,1,5,89,31,0,0,0,0,1,3,0.105637,3.0,0.06666666666666667
B_spatial_chebyshev,10x12,10x12_0,3,7,36,24,0,0,0,0,1,3,0.066079,2.0,0.044444444444444446
B_spatial_chebyshev,10x12,10x12_0,9,8,120,8,0,0,0,1,1,2,0.16,3.0,0.08888888888888889
B_spatial_chebyshev,10x12,10x12_0,5,6,9,32,0,0,0,0,1,6,0.268841,6.0,0.15555555555555556
B_spatial_chebyshev,10x12,10x12_0,9,4,86,54,0,0,0,0,1,3,0.11341,3.0,0.08888888888888889
B_spatial_chebyshev,10x12,10x12_0,10,1,112,44,0,0,0,0,1,2,0.126063,3.0,0.08888888888888889
B_spatial_chebyshev,10x12,10x12_0,7,10,64,9,0,0,0,1,1,3,0.057395,3.0,0.044444444444444446
B_spatial_chebyshev,10x12,10x12_0,3,2,47,48,0,0,0,0,1,2,0.07593,2.0,0.044444444444444446
B_spatial_chebyshev,10x12,10x12_0,7,4,54,42,0,0,0,0,1,2,0.07097,2.0,0.06666666666666667
B_spatial_chebyshev,10x12,10x12_0,10,5,92,40,0,0,0,0,1,3,0.14723,3.0,0.08888888888888889
B_spatial_chebyshev,10x12,10x12_0,9,5,94,31,0,0,0,0,1,3,0.149845,3.0,0.1111111111111111
B_spatial_chebyshev,10x12,10x12_0,2,1,14,6,0,0,0,1,1,5,0.318605,4.0,0.1111111111111111
B_spatial_chebyshev,10x12,10x12_0,8,10,103,33,0,0,0,0,1,2,0.108771,2.0,0.08888888888888889
B_spatial_chebyshev,10x12,10x12_0,6,8,28,33,0,0,0,0,1,3,0.093142,5.0,0.08888888888888889
B_spatial_chebyshev,10x12,10x12_0,7,6,63,56,0,0,0,0,1,3,0.100322,2.0,0.022222222222222223
B_spatial_chebyshev,10x12,10x12_0,7,12,108,9,0,0,0,1,1,2,0.142455,3.0,0.08888888888888889
B_spatial_chebyshev,10x12,10x12_0,7,5,30,3,0,1,1,1,1,4,0.130512,5.0,0.08888888888888889
B_spatial_chebyshev,10x12,10x12_0,7,2,38,8,0,0,0,1,1,4,0.10943,2.0,0.06666666666666667
B_spatial_chebyshev,10x12,10x12_0,6,6,13,55,0,0,0,0,1,5,0.279298,4.0,0.1111111111111111
B_spatial_chebyshev,10x12,10x12_0,3,5,45,17,0,0,0,0,1,2,0.071786,3.0,0.08888888888888889
B_spatial_chebyshev,10x12,10x12_0,10,8,33,4,0,0,1,1,1,3,0.058497,2.0,0.06666666666666667
B_spatial_chebyshev,10x12,10x12_0,2,4,118,49,0,0,0,0,1,3,0.168953,3.0,0.08888888888888889
B_spatial_chebyshev,10x12,10x12_0,5,3,113,54,0,0,0,0,1,2,0.12755,3.0,0.08888888888888889
B_spatial_chebyshev,10x12,10x12_0,6,9,26,18,0,0,0,0,1,3,0.102515,2.0,0.044444444444444446
B_spatial_chebyshev,10x12,10x12_0,9,7,87,12,0,0,0,0,1,3,0.111301,4.0,0.08888888888888889
B_spatial_chebyshev,10x12,10x12_0,5,12,68,25,0,0,0,0,1,4,0.116563,2.0,0.022222222222222223
B_spatial_chebyshev,10x12,10x12_0,9,10,35,45,0,0,0,0,1,2,0.084288,3.0,0.08888888888888889
B_spatial_chebyshev,10x12,10x12_0,2,10,82,33,0,0,0,0,1,4,0.06809,4.0,0.08888888888888889
B_spatial_chebyshev,10x12,10x12_0,9,2,51,4,0,0,1,1,1,1,0.016476,2.0,0.06666666666666667
B_spatial_chebyshev,10x12,10x12_0,8,5,2,60,0,0,0,0,1,2,0.046541,4.0,0.13333333333333333
B_spatial_chebyshev,10x12,10x12_0,6,5,42,37,0,0,0,0,1,2,0.039967,2.0,0.044444444444444446
B_spatial_chebyshev,10x12,10x12_0,3,6,109,34,0,0,0,0,1,2,0.141249,3.0,0.08888888888888889
B_spatial_chebyshev,10x12,10x12_0,7,8,100,26,0,0,0,0,1,2,0.086006,3.0,0.08888888888888889
B_spatial_chebyshev,10x12,10x12_1,9,6,102,20,0,0,0,0,1,5,0.293738,3.0,0.06666666666666667
B_spatial_chebyshev,10x12,10x12_1,9,12,88,27,0,0,0,0,1,4,0.245741,3.0,0.06666666666666667
B_spatial_chebyshev,10x12,10x12_1,8,8,32,56,0,0,0,0,1,6,0.262528,4.0,0.13333333333333333
B_spatial_chebyshev,10x12,10x12_1,4,5,77,30,0,0,0,0,1,3,0.163784,2.0,0.044444444444444446
B_spatial_chebyshev,10x12,10x12_1,2,11,96,59,0,0,0,0,1,5,0.23499,3.0,0.06666666666666667
B_spatial_chebyshev,10x12,10x12_1,7,4,30,7,0,0,0,1,1,6,0.243157,4.0,0.13333333333333333
B_spatial_chebyshev,10x12,10x12_1,9,1,86,52,0,0,0,0,1,4,0.232767,2.0,0.044444444444444446
B_spatial_chebyshev,10x12,10x12_1,8,9,85,2,0,1,1,1,1,4,0.250928,2.0,0.022222222222222223
B_spatial_chebyshev,10x12,10x12_1,8,10,44,46,0,0,0,0,1,5,0.177602,5.0,0.13333333333333333
B_spatial_chebyshev,10x12,10x12_1,5,6,19,32,0,0,0,0,1,6,0.265193,6.0,0.2
B_spatial_chebyshev,10x12,10x12_1,6,4,56,8,0,0,0,1,1,5,0.226921,5.0,0.13333333333333333
B_spatial_chebyshev,10x12,10x12_1,2,5,50,8,0,0,0,1,1,5,0.194754,5.0,0.17777777777777778
B_spatial_chebyshev,10x12,10x12_1,10,8,27,50,0,0,0,0,1,5,0.194502,4.0,0.17777777777777778
B_spatial_chebyshev,10x12,10x12_1,7,8,117,21,0,0,0,0,1,4,0.277642,4.0,0.1111111111111111
B_spatial_chebyshev,10x12,10x12_1,8,11,90,16,0,0,0,0,1,5,0.284698,4.0,0.13333333333333333
B_spatial_chebyshev,10x12,10x12_1,8,5,17,59,0,0,0,0,1,6,0.269681,6.0,0.2
B_spatial_chebyshev,10x12,10x12_1,1,1,60,38,0,0,0,0,1,5,0.241257,6.0,0.24444444444444444
B_spatial_chebyshev,10x12,10x12_1,7,2,1,20,0,0,0,0,1,5,0.229837,7.0,0.24444444444444444
B_spatial_chebyshev,10x12,10x12_1,3,12,36,39,0,0,0,0,1,5,0.263822,4.0,0.13333333333333333
B_spatial_chebyshev,10x12,10x12_1,3,4,31,27,0,0,0,0,1,5,0.250691,4.0,0.13333333333333333
B_spatial_chebyshev,10x12,10x12_1,6,9,21,37,0,0,0,0,1,5,0.186755,6.0,0.17777777777777778
B_spatial_chebyshev,10x12,10x12_1,4,2,13,14,0,0,0,0,1,6,0.292697,7.0,0.24444444444444444
B_spatial_chebyshev,10x12,10x12_1,8,12,115,16,0,0,0,0,1,5,0.294723,4.0,0.08888888888888889
B_spatial_chebyshev,10x12,10x12_1,1,8,58,15,0,0,0,0,1,5,0.294624,2.0,0.044444444444444446
B_spatial_chebyshev,10x12,10x12_1,3,1,91,53,0,0,0,0,1,5,0.288128,4.0,0.15555555555555556
B_spatial_chebyshev,10x12,10x12_1,8,4,108,31,0,0,0,0,1,5,0.276544,4.0,0.1111111111111111
B_spatial_chebyshev,10x12,10x12_1,7,6,63,53,0,0,0,0,1,4,0.218798,4.0,0.1111111111111111
B_spatial_chebyshev,10x12,10x12_1,3,11,49,33,0,0,0,0,1,5,0.196744,5.0,0.17777777777777778
B_spatial_chebyshev,10x12,10x12_1,1,6,8,31,0,0,0,0,1,4,0.193257,7.0,0.26666666666666666
B_spatial_chebyshev,10x12,10x12_1,6,12,113,13,0,0,0,0,1,4,0.299048,2.0,0.06666666666666667
B_spatial_chebyshev,10x12,10x12_1,5,5,43,2,0,1,1,1,1,4,0.155257,5.0,0.15555555555555556
B_spatial_chebyshev,10x12,10x12_1,4,4,64,50,0,0,0,0,1,3,0.198652,3.0,0.06666666666666667
B_spatial_chebyshev,10x12,10x12_1,10,6,99,1,1,1,1,1,1,5,0.271293,4.0,0.08888888888888889
B_spatial_chebyshev,10x12,10x12_1,10,10,16,58,0,0,0,0,1,6,0.272009,6.0,0.2
B_spatial_chebyshev,10x12,10x12_1,5,7,52,18,0,0,0,0,1,5,0.204755,6.0,0.2222222222222222
B_spatial_chebyshev,10x12,10x12_1,10,3,61,60,0,0,0,0,1,5,0.252815,6.0,0.2222222222222222
B_spatial_chebyshev,10x12,10x12_1,5,2,120,36,0,0,0,0,1,5,0.303648,2.0,0.044444444444444446
B_spatial_chebyshev,10x12,10x12_1,9,8,4,37,0,0,0,0,1,3,0.150941,6.0,0.2
B_spatial_chebyshev,10x12,10x12_1,5,11,18,39,0,0,0,0,1,6,0.249452,6.0,0.2
B_spatial_chebyshev,10x12,10x12_1,1,2,7,4,0,0,1,1,1,4,0.187043,7.0,0.26666666666666666
B_spatial_chebyshev,10x12,10x12_1,2,4,109,34,0,0,0,0,1,5,0.275995,4.0,0.1111111111111111
B_spatial_chebyshev,10x12,10x12_1,7,9,104,22,0,0,0,0,1,4,0.251334,2.0,0.06666666666666667
B_spatial_chebyshev,10x12,10x12_1,7,11,26,11,0,0,0,0,1,5,0.194356,4.0,0.17777777777777778
B_spatial_chebyshev,10x12,10x12_1,7,3,73,37,0,0,0,0,1,4,0.191085,4.0,0.08888888888888889
B_spatial_chebyshev,10x12,10x12_1,6,5,35,32,0,0,0,0,1,5,0.252388,4.0,0.13333333333333333
B_spatial_chebyshev,10x12,10x12_1,4,1,55,4,0,0,1,1,1,5,0.191726,5.0,0.17777777777777778
B_spatial_chebyshev,10x12,10x12_1,7,5,46,3,0,1,1,1,1,5,0.177456,5.0,0.15555555555555556
B_spatial_chebyshev,10x12,10x12_1,2,7,67,26,0,0,0,0,1,3,0.203672,4.0,0.1111111111111111
B_spatial_chebyshev,10x12,10x12_1,3,7,54,44,0,0,0,0,1,5,0.196385,6.0,0.2222222222222222
B_spatial_chebyshev,10x12,10x12_1,6,3,95,27,0,0,0,0,1,4,0.276975,5.0,0.1111111111111111
B_spatial_chebyshev,10x12,10x12_1,10,7,6,52,0,0,0,0,1,4,0.242511,7.0,0.26666666666666666
B_spatial_chebyshev,10x12,10x12_1,2,2,14,6,0,0,0,1,1,6,0.290404,7.0,0.24444444444444444
B_spatial_chebyshev,10x12,10x12_1,10,12,111,7,0,0,0,1,1,5,0.338093,2.0,0.06666666666666667
B_spatial_chebyshev,10x12,10x12_1,5,1,97,50,0,0,0,0,1,4,0.225565,3.0,0.06666666666666667
B_spatial_chebyshev,10x12,10x12_1,9,5,119,22,0,0,0,0,1,5,0.304464,3.0,0.06666666666666667
B_spatial_chebyshev,10x12,10x12_1,10,5,11,54,0,0,0,0,1,6,0.323792,7.0,0.24444444444444444
B_spatial_chebyshev,10x12,10x12_1,5,4,10,29,0,0,0,0,1,6,0.280017,8.0,0.28888888888888886
B_spatial_chebyshev,10x12,10x12_1,9,3,22,42,0,0,0,0,1,5,0.187175,6.0,0.17777777777777778
B_spatial_chebyshev,10x12,10x12_1,4,9,101,57,0,0,0,0,1,5,0.278589,2.0,0.044444444444444446
B_spatial_chebyshev,10x12,10x12_1,2,1,33,4,0,0,1,1,1,6,0.266077,4.0,0.1111111111111111
C_evidence_aware_mmr,4x4,4x4_0,1,2,2,1,1,1,1,1,1,6,0.3785,7.0,0.39285714285714285
C_evidence_aware_mmr,4x4,4x4_0,1,3,6,2,0,1,1,1,1,6,0.286,7.0,0.39285714285714285
C_evidence_aware_mmr,4x4,4x4_0,4,4,9,7,0,0,0,1,1,6,0.215,7.0,0.39285714285714285
C_evidence_aware_mmr,4x4,4x4_0,1,4,11,8,0,0,0,1,1,6,0.2015,7.0,0.39285714285714285
C_evidence_aware_mmr,4x4,4x4_0,3,2,3,8,0,0,0,1,1,6,0.3785,7.0,0.39285714285714285
C_evidence_aware_mmr,4x4,4x4_0,2,1,5,4,0,0,1,1,1,6,0.286,7.0,0.39285714285714285
C_evidence_aware_mmr,4x4,4x4_0,2,2,14,7,0,0,0,1,1,5,0.2275,7.0,0.39285714285714285
C_evidence_aware_mmr,4x4,4x4_0,1,1,10,2,0,1,1,1,1,6,0.2015,7.0,0.39285714285714285
C_evidence_aware_mmr,4x4,4x4_1,1,1,4,2,0,1,1,1,1,4,0.267,5.0,0.21428571428571427
C_evidence_aware_mmr,4x4,4x4_1,3,1,14,7,0,0,0,1,1,5,0.1745,5.0,0.21428571428571427
C_evidence_aware_mmr,4x4,4x4_1,4,3,7,6,0,0,0,1,1,5,0.1745,5.0,0.21428571428571427
C_evidence_aware_mmr,4x4,4x4_1,2,1,6,6,0,0,0,1,1,5,0.2275,5.0,0.21428571428571427
C_evidence_aware_mmr,4x4,4x4_1,1,2,9,4,0,0,1,1,1,4,0.214,5.0,0.21428571428571427
C_evidence_aware_mmr,4x4,4x4_1,1,4,11,6,0,0,0,1,1,5,0.2275,5.0,0.21428571428571427
C_evidence_aware_mmr,4x4,4x4_1,4,1,16,4,0,0,1,1,1,4,0.161,5.0,0.21428571428571427
C_evidence_aware_mmr,4x4,4x4_1,4,4,13,4,0,0,1,1,1,5,0.1745,5.0,0.21428571428571427
C_evidence_aware_mmr,4x5,4x5_0,4,1,8,5,0,0,1,1,1,5,0.241,10.0,0.28888888888888886
C_evidence_aware_mmr,4x5,4x5_0,1,2,17,4,0,0,1,1,1,5,0.1745,10.0,0.28888888888888886
C_evidence_aware_mmr,4x5,4x5_0,3,2,10,8,0,0,0,1,1,5,0.188,10.0,0.28888888888888886
C_evidence_aware_mmr,4x5,4x5_0,2,4,4,5,0,0,1,1,1,5,0.188,10.0,0.28888888888888886
C_evidence_aware_mmr,4x5,4x5_0,2,1,6,3,0,1,1,1,1,5,0.1745,10.0,0.28888888888888886
C_evidence_aware_mmr,4x5,4x5_0,1,5,1,8,0,0,0,1,1,5,0.241,10.0,0.28888888888888886
C_evidence_aware_mmr,4x5,4x5_0,3,5,14,7,0,0,0,1,1,5,0.241,10.0,0.28888888888888886
C_evidence_aware_mmr,4x5,4x5_0,4,2,3,2,0,1,1,1,1,5,0.188,10.0,0.28888888888888886
C_evidence_aware_mmr,4x5,4x5_0,2,5,2,1,1,1,1,1,1,5,0.188,10.0,0.28888888888888886
C_evidence_aware_mmr,4x5,4x5_0,3,3,16,5,0,0,1,1,1,5,0.241,10.0,0.28888888888888886
C_evidence_aware_mmr,4x5,4x5_1,2,3,6,6,0,0,0,1,1,4,0.108,9.0,0.28888888888888886
C_evidence_aware_mmr,4x5,4x5_1,1,2,11,3,0,1,1,1,1,4,0.161,9.0,0.28888888888888886
C_evidence_aware_mmr,4x5,4x5_1,2,5,13,4,0,0,1,1,1,4,0.161,9.0,0.28888888888888886
C_evidence_aware_mmr,4x5,4x5_1,4,1,8,7,0,0,0,1,1,4,0.108,9.0,0.28888888888888886
C_evidence_aware_mmr,4x5,4x5_1,4,3,14,6,0,0,0,1,1,4,0.214,9.0,0.28888888888888886
C_evidence_aware_mmr,4x5,4x5_1,1,1,1,3,0,1,1,1,1,6,0.2725,9.0,0.28888888888888886
C_evidence_aware_mmr,4x5,4x5_1,3,2,9,8,0,0,0,1,1,4,0.108,9.0,0.28888888888888886
C_evidence_aware_mmr,4x5,4x5_1,2,2,17,8,0,0,0,1,1,4,0.161,9.0,0.28888888888888886
C_evidence_aware_mmr,4x5,4x5_1,4,4,7,2,0,1,1,1,1,4,0.108,9.0,0.28888888888888886
C_evidence_aware_mmr,4x5,4x5_1,1,3,19,9,0,0,0,1,1,4,0.161,9.0,0.28888888888888886
C_evidence_aware_mmr,5x5,5x5_0,5,2,12,8,0,0,0,1,1,5,0.188,9.0,0.35555555555555557
C_evidence_aware_mmr,5x5,5x5_0,2,2,20,11,0,0,0,0,1,5,0.135,9.0,0.35555555555555557
C_evidence_aware_mmr,5x5,5x5_0,4,3,24,7,0,0,0,1,1,5,0.1215,9.0,0.35555555555555557
C_evidence_aware_mmr,5x5,5x5_0,3,3,10,12,0,0,0,0,1,5,0.135,9.0,0.35555555555555557
C_evidence_aware_mmr,5x5,5x5_0,2,3,3,2,0,1,1,1,1,6,0.2015,9.0,0.4
C_evidence_aware_mmr,5x5,5x5_0,3,2,19,3,0,1,1,1,1,6,0.162,9.0,0.35555555555555557
C_evidence_aware_mmr,5x5,5x5_0,1,3,21,4,0,0,1,1,1,5,0.188,9.0,0.35555555555555557
C_evidence_aware_mmr,5x5,5x5_0,5,3,4,11,0,0,0,0,1,6,0.2015,9.0,0.4
C_evidence_aware_mmr,5x5,5x5_0,1,2,22,1,1,1,1,1,1,5,0.188,9.0,0.35555555555555557
C_evidence_aware_mmr,5x5,5x5_0,4,2,9,2,0,1,1,1,1,6,0.162,10.0,0.4
C_evidence_aware_mmr,5x5,5x5_0,3,5,2,10,0,0,0,1,1,6,0.233,9.0,0.4
C_evidence_aware_mmr,5x5,5x5_0,1,1,17,12,0,0,0,0,1,6,0.2015,9.0,0.35555555555555557
C_evidence_aware_mmr,5x5,5x5_1,2,1,10,3,0,1,1,1,1,4,0.161,7.0,0.2
C_evidence_aware_mmr,5x5,5x5_1,4,2,11,5,0,0,1,1,1,4,0.214,7.0,0.2
C_evidence_aware_mmr,5x5,5x5_1,1,5,4,5,0,0,1,1,1,3,0.24,7.0,0.2
C_evidence_aware_mmr,5x5,5x5_1,5,5,17,1,1,1,1,1,1,4,0.32,8.0,0.24444444444444444
C_evidence_aware_mmr,5x5,5x5_1,3,3,14,10,0,0,0,1,1,4,0.32,8.0,0.24444444444444444
C_evidence_aware_mmr,5x5,5x5_1,3,4,21,4,0,0,1,1,1,4,0.161,8.0,0.24444444444444444
C_evidence_aware_mmr,5x5,5x5_1,5,4,20,2,0,1,1,1,1,4,0.161,8.0,0.24444444444444444
C_evidence_aware_mmr,5x5,5x5_1,1,2,23,10,0,0,0,1,1,4,0.161,8.0,0.24444444444444444
C_evidence_aware_mmr,5x5,5x5_1,4,5,3,9,0,0,0,1,1,3,0.24,7.0,0.2
C_evidence_aware_mmr,5x5,5x5_1,5,3,12,10,0,0,0,1,1,4,0.214,8.0,0.24444444444444444
C_evidence_aware_mmr,5x5,5x5_1,3,5,1,8,0,0,0,1,1,3,0.24,5.0,0.17777777777777778
C_evidence_aware_mmr,5x5,5x5_1,1,4,19,11,0,0,0,0,1,5,0.188,8.0,0.24444444444444444
C_evidence_aware_mmr,8x10,8x10_0,6,7,1,14,0,0,0,0,1,3,0.205,4.0,0.1111111111111111
C_evidence_aware_mmr,8x10,8x10_0,6,1,45,23,0,0,0,0,1,4,0.161,5.0,0.13333333333333333
C_evidence_aware_mmr,8x10,8x10_0,8,9,72,1,1,1,1,1,1,4,0.0945,8.0,0.2
C_evidence_aware_mmr,8x10,8x10_0,7,2,50,33,0,0,0,0,1,5,0.1745,5.0,0.2
C_evidence_aware_mmr,8x10,8x10_0,3,3,69,40,0,0,0,0,1,4,0.108,6.0,0.17777777777777778
C_evidence_aware_mmr,8x10,8x10_0,8,10,57,6,0,0,0,1,1,5,0.135,7.0,0.2
C_evidence_aware_mmr,8x10,8x10_0,1,8,41,16,0,0,0,0,1,3,0.081,2.0,0.08888888888888889
C_evidence_aware_mmr,8x10,8x10_0,4,9,60,21,0,0,0,0,1,5,0.1215,6.0,0.2222222222222222
C_evidence_aware_mmr,8x10,8x10_0,6,8,61,8,0,0,0,1,1,5,0.1215,7.0,0.2
C_evidence_aware_mmr,8x10,8x10_0,7,9,73,8,0,0,0,1,1,4,0.0945,8.0,0.24444444444444444
C_evidence_aware_mmr,8x10,8x10_0,7,5,9,30,0,0,0,0,1,4,0.215,2.0,0.06666666666666667
C_evidence_aware_mmr,8x10,8x10_0,2,2,15,23,0,0,0,0,1,4,0.285,2.0,0.08888888888888889
C_evidence_aware_mmr,8x10,8x10_0,6,4,74,15,0,0,0,0,1,5,0.1215,7.0,0.2
C_evidence_aware_mmr,8x10,8x10_0,5,9,46,21,0,0,0,0,1,4,0.108,6.0,0.2222222222222222
C_evidence_aware_mmr,8x10,8x10_0,2,10,38,30,0,0,0,0,1,3,0.081,6.0,0.15555555555555556
C_evidence_aware_mmr,8x10,8x10_0,4,6,55,10,0,0,0,1,1,5,0.188,5.0,0.2222222222222222
C_evidence_aware_mmr,8x10,8x10_0,3,2,33,19,0,0,0,0,1,3,0.134,2.0,0.06666666666666667
C_evidence_aware_mmr,8x10,8x10_0,6,10,66,5,0,0,1,1,1,4,0.108,7.0,0.2
C_evidence_aware_mmr,8x10,8x10_0,2,7,5,20,0,0,0,0,1,4,0.1305,2.0,0.06666666666666667
C_evidence_aware_mmr,8x10,8x10_0,3,10,76,22,0,0,0,0,1,4,0.0945,9.0,0.24444444444444444
C_evidence_aware_mmr,8x10,8x10_0,4,7,68,33,0,0,0,0,1,4,0.108,7.0,0.2
C_evidence_aware_mmr,8x10,8x10_0,6,5,12,38,0,0,0,0,1,3,0.205,2.0,0.06666666666666667
C_evidence_aware_mmr,8x10,8x10_0,6,2,51,29,0,0,0,0,1,5,0.1215,5.0,0.2
C_evidence_aware_mmr,8x10,8x10_0,7,7,4,36,0,0,0,0,1,4,0.1305,2.0,0.06666666666666667
C_evidence_aware_mmr,8x10,8x10_0,3,6,13,22,0,0,0,0,1,4,0.215,2.0,0.06666666666666667
C_evidence_aware_mmr,8x10,8x10_0,3,7,14,1,1,1,1,1,1,3,0.205,2.0,0.06666666666666667
C_evidence_aware_mmr,8x10,8x10_0,4,8,17,20,0,0,0,0,1,3,0.205,2.0,0.06666666666666667
C_evidence_aware_mmr,8x10,8x10_0,5,4,71,21,0,0,0,0,1,5,0.0945,8.0,0.2
C_evidence_aware_mmr,8x10,8x10_0,3,9,36,34,0,0,0,0,1,2,0.054,2.0,0.06666666666666667
C_evidence_aware_mmr,8x10,8x10_0,1,9,20,33,0,0,0,0,1,3,0.099,2.0,0.044444444444444446
C_evidence_aware_mmr,8x10,8x10_0,5,10,30,27,0,0,0,0,1,2,0.054,3.0,0.06666666666666667
C_evidence_aware_mmr,8x10,8x10_0,3,5,64,15,0,0,0,0,1,4,0.0945,5.0,0.2
C_evidence_aware_mmr,8x10,8x10_0,3,4,65,28,0,0,0,0,1,4,0.108,6.0,0.2222222222222222
C_evidence_aware_mmr,8x10,8x10_0,1,5,8,10,0,0,0,1,1,4,0.215,2.0,0.044444444444444446
C_evidence_aware_mmr,8x10,8x10_0,2,4,58,36,0,0,0,0,1,5,0.135,6.0,0.2222222222222222
C_evidence_aware_mmr,8x10,8x10_0,3,8,27,37,0,0,0,0,1,2,0.0935,2.0,0.06666666666666667
C_evidence_aware_mmr,8x10,8x10_0,8,8,32,35,0,0,0,0,1,3,0.134,2.0,0.06666666666666667
C_evidence_aware_mmr,8x10,8x10_0,4,2,52,36,0,0,0,0,1,5,0.1215,5.0,0.24444444444444444
C_evidence_aware_mmr,8x10,8x10_0,4,1,31,31,0,0,0,0,1,2,0.054,3.0,0.08888888888888889
C_evidence_aware_mmr,8x10,8x10_0,8,3,79,30,0,0,0,0,1,4,0.0945,9.0,0.24444444444444444
C_evidence_aware_mmr,8x10,8x10_1,7,10,68,13,0,0,0,0,1,3,0.24,9.0,0.2222222222222222
C_evidence_aware_mmr,8x10,8x10_1,5,4,10,11,0,0,0,0,1,4,0.2005,3.0,0.08888888888888889
C_evidence_aware_mmr,8x10,8x10_1,1,6,17,4,0,0,1,1,1,4,0.2005,3.0,0.1111111111111111
C_evidence_aware_mmr,8x10,8x10_1,4,10,67,22,0,0,0,0,1,3,0.24,7.0,0.17777777777777778
C_evidence_aware_mmr,8x10,8x10_1,4,4,34,38,0,0,0,0,1,4,0.1475,4.0,0.1111111111111111
C_evidence_aware_mmr,8x10,8x10_1,6,1,21,24,0,0,0,0,1,4,0.1475,3.0,0.06666666666666667
C_evidence_aware_mmr,8x10,8x10_1,3,9,74,15,0,0,0,0,1,4,0.214,8.0,0.2
C_evidence_aware_mmr,8x10,8x10_1,1,10,44,31,0,0,0,0,1,3,0.0675,3.0,0.06666666666666667
C_evidence_aware_mmr,8x10,8x10_1,5,3,72,3,0,1,1,1,1,4,0.179,9.0,0.2222222222222222
C_evidence_aware_mmr,8x10,8x10_1,7,4,18,39,0,0,0,0,1,3,0.1735,3.0,0.08888888888888889
C_evidence_aware_mmr,8x10,8x10_1,6,8,31,32,0,0,0,0,1,4,0.0945,3.0,0.08888888888888889
C_evidence_aware_mmr,8x10,8x10_1,5,2,11,12,0,0,0,0,1,4,0.2005,3.0,0.1111111111111111
C_evidence_aware_mmr,8x10,8x10_1,5,5,19,37,0,0,0,0,1,3,0.1735,3.0,0.08888888888888889
C_evidence_aware_mmr,8x10,8x10_1,3,7,75,16,0,0,0,0,1,4,0.214,8.0,0.2
C_evidence_aware_mmr,8x10,8x10_1,1,8,76,24,0,0,0,0,1,4,0.214,8.0,0.2
C_evidence_aware_mmr,8x10,8x10_1,2,1,6,3,0,1,1,1,1,4,0.081,4.0,0.15555555555555556
C_evidence_aware_mmr,8x10,8x10_1,4,6,8,12,0,0,0,0,1,5,0.2275,4.0,0.13333333333333333
C_evidence_aware_mmr,8x10,8x10_1,4,3,26,8,0,0,0,1,1,3,0.0675,3.0,0.08888888888888889
C_evidence_aware_mmr,8x10,8x10_1,6,3,78,28,0,0,0,0,1,4,0.214,8.0,0.2
C_evidence_aware_mmr,8x10,8x10_1,2,9,49,2,0,1,1,1,1,4,0.214,3.0,0.1111111111111111
C_evidence_aware_mmr,8x10,8x10_1,3,1,3,3,0,1,1,1,1,4,0.1655,3.0,0.08888888888888889
C_evidence_aware_mmr,8x10,8x10_1,4,9,77,10,0,0,0,1,1,4,0.214,8.0,0.2
C_evidence_aware_mmr,8x10,8x10_1,8,7,12,34,0,0,0,0,1,4,0.2005,3.0,0.1111111111111111
C_evidence_aware_mmr,8x10,8x10_1,2,10,15,24,0,0,0,0,1,3,0.1735,3.0,0.08888888888888889
C_evidence_aware_mmr,8x10,8x10_1,6,10,73,6,0,0,0,1,1,4,0.179,8.0,0.2
C_evidence_aware_mmr,8x10,8x10_1,5,7,13,13,0,0,0,0,1,4,0.2005,3.0,0.1111111111111111
C_evidence_aware_mmr,8x10,8x10_1,6,2,43,14,0,0,0,0,1,3,0.0675,3.0,0.06666666666666667
C_evidence_aware_mmr,8x10,8x10_1,8,9,22,35,0,0,0,0,1,4,0.134,3.0,0.06666666666666667
C_evidence_aware_mmr,8x10,8x10_1,7,8,2,32,0,0,0,0,1,3,0.1385,3.0,0.1111111111111111
C_evidence_aware_mmr,8x10,8x10_1,3,5,53,17,0,0,0,0,1,3,0.187,4.0,0.1111111111111111
C_evidence_aware_mmr,8x10,8x10_1,1,4,1,5,0,0,1,1,1,3,0.1385,3.0,0.1111111111111111
C_evidence_aware_mmr,8x10,8x10_1,7,5,64,9,0,0,0,1,1,5,0.2805,5.0,0.13333333333333333
C_evidence_aware_mmr,8x10,8x10_1,7,9,24,32,0,0,0,0,1,3,0.0675,2.0,0.06666666666666667
C_evidence_aware_mmr,8x10,8x10_1,2,6,60,17,0,0,0,0,1,4,0.285,3.0,0.1111111111111111
C_evidence_aware_mmr,8x10,8x10_1,7,3,27,27,0,0,0,0,1,3,0.0675,2.0,0.06666666666666667
C_evidence_aware_mmr,8x10,8x10_1,8,6,32,33,0,0,0,0,1,4,0.0945,2.0,0.06666666666666667
C_evidence_aware_mmr,8x10,8x10_1,1,1,20,5,0,0,1,1,1,4,0.1475,3.0,0.08888888888888889
C_evidence_aware_mmr,8x10,8x10_1,2,4,71,29,0,0,0,0,1,4,0.179,8.0,0.2
C_evidence_aware_mmr,8x10,8x10_1,8,1,29,28,0,0,0,0,1,3,0.0675,3.0,0.06666666666666667
C_evidence_aware_mmr,8x10,8x10_1,6,5,28,38,0,0,0,0,1,3,0.0675,4.0,0.13333333333333333
C_evidence_aware_mmr,10x8,10x8_0,5,6,21,16,0,0,0,0,1,3,0.1205,2.0,0.06666666666666667
C_evidence_aware_mmr,10x8,10x8_0,10,8,8,34,0,0,0,0,1,3,0.205,3.0,0.08888888888888889
C_evidence_aware_mmr,10x8,10x8_0,10,1,66,35,0,0,0,0,1,4,0.2185,4.0,0.1111111111111111
C_evidence_aware_mmr,10x8,10x8_0,5,7,39,1,1,1,1,1,1,4,0.179,3.0,0.1111111111111111
C_evidence_aware_mmr,10x8,10x8_0,1,5,24,17,0,0,0,0,1,3,0.0855,2.0,0.06666666666666667
C_evidence_aware_mmr,10x8,10x8_0,8,1,77,36,0,0,0,0,1,4,0.1475,7.0,0.2222222222222222
C_evidence_aware_mmr,10x8,10x8_0,9,2,20,8,0,0,0,1,1,3,0.1205,2.0,0.06666666666666667
C_evidence_aware_mmr,10x8,10x8_0,3,7,75,29,0,0,0,0,1,5,0.108,8.0,0.2
C_evidence_aware_mmr,10x8,10x8_0,9,4,15,22,0,0,0,0,1,4,0.2185,2.0,0.044444444444444446
C_evidence_aware_mmr,10x8,10x8_0,8,4,6,3,0,1,1,1,1,3,0.205,2.0,0.06666666666666667
C_evidence_aware_mmr,10x8,10x8_0,7,2,28,37,0,0,0,0,1,3,0.099,2.0,0.044444444444444446
C_evidence_aware_mmr,10x8,10x8_0,2,8,7,25,0,0,0,0,1,3,0.205,2.0,0.06666666666666667
C_evidence_aware_mmr,10x8,10x8_0,4,7,3,26,0,0,0,0,1,4,0.1305,3.0,0.06666666666666667
C_evidence_aware_mmr,10x8,10x8_0,1,4,14,19,0,0,0,0,1,4,0.2185,2.0,0.044444444444444446
C_evidence_aware_mmr,10x8,10x8_0,6,1,61,29,0,0,0,0,1,4,0.285,3.0,0.1111111111111111
C_evidence_aware_mmr,10x8,10x8_0,10,3,46,25,0,0,0,0,1,4,0.126,4.0,0.15555555555555556
C_evidence_aware_mmr,10x8,10x8_0,9,7,31,15,0,0,0,0,1,3,0.099,2.0,0.044444444444444446
C_evidence_aware_mmr,10x8,10x8_0,7,6,57,10,0,0,0,1,1,3,0.0675,6.0,0.1111111111111111
C_evidence_aware_mmr,10x8,10x8_0,3,4,37,29,0,0,0,0,1,3,0.152,2.0,0.08888888888888889
C_evidence_aware_mmr,10x8,10x8_0,7,8,48,22,0,0,0,0,1,4,0.126,5.0,0.15555555555555556
C_evidence_aware_mmr,10x8,10x8_0,2,7,80,38,0,0,0,0,1,4,0.232,4.0,0.08888888888888889
C_evidence_aware_mmr,10x8,10x8_0,5,3,11,14,0,0,0,0,1,4,0.232,2.0,0.044444444444444446
C_evidence_aware_mmr,10x8,10x8_0,5,5,71,36,0,0,0,0,1,4,0.0675,5.0,0.13333333333333333
C_evidence_aware_mmr,10x8,10x8_0,8,8,35,36,0,0,0,0,1,4,0.179,2.0,0.044444444444444446
C_evidence_aware_mmr,10x8,10x8_0,3,6,36,35,0,0,0,0,1,3,0.152,2.0,0.08888888888888889
C_evidence_aware_mmr,10x8,10x8_0,10,5,63,21,0,0,0,0,1,4,0.25,3.0,0.044444444444444446
C_evidence_aware_mmr,10x8,10x8_0,5,8,47,5,0,0,1,1,1,4,0.126,5.0,0.15555555555555556
C_evidence_aware_mmr,10x8,10x8_0,8,3,53,28,0,0,0,0,1,4,0.126,4.0,0.15555555555555556
C_evidence_aware_mmr,10x8,10x8_0,3,1,67,35,0,0,0,0,1,4,0.2185,5.0,0.15555555555555556
C_evidence_aware_mmr,10x8,10x8_0,7,1,74,5,0,0,1,1,1,4,0.0945,7.0,0.2222222222222222
C_evidence_aware_mmr,10x8,10x8_0,5,1,38,34,0,0,0,0,1,3,0.152,2.0,0.08888888888888889
C_evidence_aware_mmr,10x8,10x8_0,1,1,58,39,0,0,0,0,1,3,0.0675,3.0,0.08888888888888889
C_evidence_aware_mmr,10x8,10x8_0,2,4,12,9,0,0,0,1,1,4,0.232,3.0,0.08888888888888889
C_evidence_aware_mmr,10x8,10x8_0,4,3,54,17,0,0,0,0,1,4,0.126,3.0,0.15555555555555556
C_evidence_aware_mmr,10x8,10x8_0,8,6,10,23,0,0,0,0,1,4,0.232,2.0,0.06666666666666667
C_evidence_aware_mmr,10x8,10x8_0,6,5,41,25,0,0,0,0,1,4,0.179,2.0,0.08888888888888889
C_evidence_aware_mmr,10x8,10x8_0,7,4,52,17,0,0,0,0,1,4,0.126,3.0,0.15555555555555556
C_evidence_aware_mmr,10x8,10x8_0,9,1,5,6,0,0,0,1,1,3,0.205,2.0,0.044444444444444446
C_evidence_aware_mmr,10x8,10x8_0,8,7,59,3,0,1,1,1,1,3,0.0675,6.0,0.1111111111111111
C_evidence_aware_mmr,10x8,10x8_0,2,5,29,16,0,0,0,0,1,3,0.099,2.0,0.044444444444444446
C_evidence_aware_mmr,10x8,10x8_1,7,6,64,13,0,0,0,0,1,3,0.1205,2.0,0.06666666666666667
C_evidence_aware_mmr,10x8,10x8_1,9,5,59,16,0,0,0,0,1,3,0.081,4.0,0.08888888888888889
C_evidence_aware_mmr,10x8,10x8_1,8,1,7,14,0,0,0,0,1,2,0.0585,3.0,0.06666666666666667
C_evidence_aware_mmr,10x8,10x8_1,7,1,80,5,0,0,1,1,1,3,0.1205,2.0,0.06666666666666667
C_evidence_aware_mmr,10x8,10x8_1,4,5,50,39,0,0,0,0,1,3,0.081,3.0,0.06666666666666667
C_evidence_aware_mmr,10x8,10x8_1,1,5,35,17,0,0,0,0,1,4,0.214,3.0,0.13333333333333333
C_evidence_aware_mmr,10x8,10x8_1,5,2,56,29,0,0,0,0,1,2,0.054,5.0,0.17777777777777778
C_evidence_aware_mmr,10x8,10x8_1,4,1,19,21,0,0,0,0,1,2,0.054,2.0,0.044444444444444446
C_evidence_aware_mmr,10x8,10x8_1,6,4,75,20,0,0,0,0,1,2,0.107,2.0,0.06666666666666667
C_evidence_aware_mmr,10x8,10x8_1,1,7,79,24,0,0,0,0,1,3,0.1205,2.0,0.06666666666666667
C_evidence_aware_mmr,10x8,10x8_1,7,2,65,36,0,0,0,0,1,3,0.1205,2.0,0.06666666666666667
C_evidence_aware_mmr,10x8,10x8_1,6,1,43,21,0,0,0,0,1,2,0.054,2.0,0.044444444444444446
C_evidence_aware_mmr,10x8,10x8_1,10,8,21,36,0,0,0,0,1,2,0.054,4.0,0.1111111111111111
C_evidence_aware_mmr,10x8,10x8_1,8,5,51,1,1,1,1,1,1,3,0.081,3.0,0.06666666666666667
C_evidence_aware_mmr,10x8,10x8_1,2,4,63,29,0,0,0,0,1,3,0.1205,2.0,0.06666666666666667
C_evidence_aware_mmr,10x8,10x8_1,3,3,49,38,0,0,0,0,1,3,0.081,3.0,0.06666666666666667
C_evidence_aware_mmr,10x8,10x8_1,2,6,38,19,0,0,0,0,1,2,0.16,3.0,0.1111111111111111
C_evidence_aware_mmr,10x8,10x8_1,6,7,17,28,0,0,0,0,1,3,0.0675,4.0,0.13333333333333333
C_evidence_aware_mmr,10x8,10x8_1,10,2,42,7,0,0,0,1,1,2,0.054,2.0,0.044444444444444446
C_evidence_aware_mmr,10x8,10x8_1,4,8,52,26,0,0,0,0,1,3,0.081,3.0,0.08888888888888889
C_evidence_aware_mmr,10x8,10x8_1,10,5,20,31,0,0,0,0,1,2,0.054,3.0,0.1111111111111111
C_evidence_aware_mmr,10x8,10x8_1,10,7,24,13,0,0,0,0,1,2,0.054,2.0,0.044444444444444446
C_evidence_aware_mmr,10x8,10x8_1,2,2,73,40,0,0,0,0,1,2,0.054,2.0,0.06666666666666667
C_evidence_aware_mmr,10x8,10x8_1,3,7,53,17,0,0,0,0,1,3,0.081,3.0,0.08888888888888889
C_evidence_aware_mmr,10x8,10x8_1,8,7,15,34,0,0,0,0,1,2,0.0935,3.0,0.06666666666666667
C_evidence_aware_mmr,10x8,10x8_1,7,5,34,21,0,0,0,0,1,2,0.107,4.0,0.13333333333333333
C_evidence_aware_mmr,10x8,10x8_1,9,1,45,34,0,0,0,0,1,1,0.027,2.0,0.044444444444444446
C_evidence_aware_mmr,10x8,10x8_1,7,3,67,29,0,0,0,0,1,2,0.107,2.0,0.044444444444444446
C_evidence_aware_mmr,10x8,10x8_1,8,2,69,34,0,0,0,0,1,2,0.107,2.0,0.044444444444444446
C_evidence_aware_mmr,10x8,10x8_1,3,4,13,9,0,0,0,1,1,2,0.0935,3.0,0.06666666666666667
C_evidence_aware_mmr,10x8,10x8_1,8,6,28,13,0,0,0,0,1,3,0.134,4.0,0.1111111111111111
C_evidence_aware_mmr,10x8,10x8_1,1,6,12,2,0,1,1,1,1,2,0.0935,3.0,0.06666666666666667
C_evidence_aware_mmr,10x8,10x8_1,9,4,58,8,0,0,0,1,1,3,0.081,5.0,0.1111111111111111
C_evidence_aware_mmr,10x8,10x8_1,3,2,76,32,0,0,0,0,1,2,0.107,3.0,0.08888888888888889
C_evidence_aware_mmr,10x8,10x8_1,4,3,68,19,0,0,0,0,1,2,0.107,2.0,0.044444444444444446
C_evidence_aware_mmr,10x8,10x8_1,5,6,6,22,0,0,0,0,1,2,0.0935,2.0,0.022222222222222223
C_evidence_aware_mmr,10x8,10x8_1,3,5,31,5,0,0,1,1,1,2,0.107,4.0,0.1111111111111111
C_evidence_aware_mmr,10x8,10x8_1,5,4,30,40,0,0,0,0,1,2,0.107,5.0,0.13333333333333333
C_evidence_aware_mmr,10x8,10x8_1,10,1,32,3,0,1,1,1,1,2,0.107,3.0,0.08888888888888889
C_evidence_aware_mmr,10x8,10x8_1,8,4,70,18,0,0,0,0,1,2,0.107,3.0,0.08888888888888889
C_evidence_aware_mmr,10x12,10x12_0,9,1,90,46,0,0,0,0,1,2,0.107,4.0,0.08888888888888889
C_evidence_aware_mmr,10x12,10x12_0,3,11,52,51,0,0,0,0,1,2,0.054,2.0,0.06666666666666667
C_evidence_aware_mmr,10x12,10x12_0,10,7,99,26,0,0,0,0,1,1,0.08,3.0,0.08888888888888889
C_evidence_aware_mmr,10x12,10x12_0,5,10,106,6,0,0,0,1,1,1,0.08,3.0,0.08888888888888889
C_evidence_aware_mmr,10x12,10x12_0,4,9,75,48,0,0,0,0,1,2,0.16,2.0,0.022222222222222223
C_evidence_aware_mmr,10x12,10x12_0,8,7,24,38,0,0,0,0,1,2,0.054,5.0,0.08888888888888889
C_evidence_aware_mmr,10x12,10x12_0,4,1,18,10,0,0,0,1,1,3,0.081,6.0,0.13333333333333333
C_evidence_aware_mmr,10x12,10x12_0,1,4,4,2,0,1,1,1,1,4,0.126,4.0,0.15555555555555556
C_evidence_aware_mmr,10x12,10x12_0,9,9,69,57,0,0,0,0,1,3,0.17,2.0,0.022222222222222223
C_evidence_aware_mmr,10x12,10x12_0,2,3,83,49,0,0,0,0,1,1,0.027,4.0,0.1111111111111111
C_evidence_aware_mmr,10x12,10x12_0,2,7,43,39,0,0,0,0,1,2,0.054,2.0,0.044444444444444446
C_evidence_aware_mmr,10x12,10x12_0,5,11,88,17,0,0,0,0,1,2,0.107,4.0,0.1111111111111111
C_evidence_aware_mmr,10x12,10x12_0,1,1,23,55,0,0,0,0,1,2,0.054,5.0,0.08888888888888889
C_evidence_aware_mmr,10x12,10x12_0,9,12,66,23,0,0,0,0,1,2,0.09,2.0,0.044444444444444446
C_evidence_aware_mmr,10x12,10x12_0,10,9,84,29,0,0,0,0,1,1,0.027,4.0,0.1111111111111111
C_evidence_aware_mmr,10x12,10x12_0,6,12,48,5,0,0,1,1,1,1,0.027,2.0,0.06666666666666667
C_evidence_aware_mmr,10x12,10x12_0,6,3,55,2,0,1,1,1,1,1,0.0135,3.0,0.08888888888888889
C_evidence_aware_mmr,10x12,10x12_0,6,4,11,24,0,0,0,0,1,4,0.0945,9.0,0.3111111111111111
C_evidence_aware_mmr,10x12,10x12_0,8,12,70,14,0,0,0,0,1,3,0.17,2.0,0.022222222222222223
C_evidence_aware_mmr,10x12,10x12_0,3,12,21,55,0,0,0,0,1,2,0.054,6.0,0.17777777777777778
C_evidence_aware_mmr,10x12,10x12_0,1,3,102,53,0,0,0,0,1,1,0.08,3.0,0.08888888888888889
C_evidence_aware_mmr,10x12,10x12_0,3,3,107,59,0,0,0,0,1,1,0.08,3.0,0.08888888888888889
C_evidence_aware_mmr,10x12,10x12_0,3,9,50,13,0,0,0,0,1,1,0.027,2.0,0.06666666666666667
C_evidence_aware_mmr,10x12,10x12_0,6,11,111,24,0,0,0,0,1,1,0.08,3.0,0.08888888888888889
C_evidence_aware_mmr,10x12,10x12_0,4,10,60,25,0,0,0,0,1,2,0.0405,2.0,0.044444444444444446
C_evidence_aware_mmr,10x12,10x12_0,2,9,34,11,0,0,0,0,1,2,0.054,2.0,0.06666666666666667
C_evidence_aware_mmr,10x12,10x12_0,6,2,41,15,0,0,0,0,1,1,0.027,2.0,0.06666666666666667
C_evidence_aware_mmr,10x12,10x12_0,1,5,89,31,0,0,0,0,1,2,0.107,4.0,0.08888888888888889
C_evidence_aware_mmr,10x12,10x12_0,3,7,36,24,0,0,0,0,1,2,0.054,2.0,0.06666666666666667
C_evidence_aware_mmr,10x12,10x12_0,9,8,120,8,0,0,0,1,1,3,0.081,5.0,0.15555555555555556
C_evidence_aware_mmr,10x12,10x12_0,5,6,9,32,0,0,0,0,1,5,0.1745,7.0,0.26666666666666666
C_evidence_aware_mmr,10x12,10x12_0,9,4,86,54,0,0,0,0,1,2,0.16,2.0,0.022222222222222223
C_evidence_aware_mmr,10x12,10x12_0,10,1,112,44,0,0,0,0,1,1,0.08,3.0,0.08888888888888889
C_evidence_aware_mmr,10x12,10x12_0,7,10,64,8,0,0,0,1,1,2,0.0585,3.0,0.044444444444444446
C_evidence_aware_mmr,10x12,10x12_0,3,2,47,49,0,0,0,0,1,1,0.027,2.0,0.044444444444444446
C_evidence_aware_mmr,10x12,10x12_0,7,4,54,42,0,0,0,0,1,1,0.027,3.0,0.08888888888888889
C_evidence_aware_mmr,10x12,10x12_0,10,5,92,41,0,0,0,0,1,2,0.107,2.0,0.06666666666666667
C_evidence_aware_mmr,10x12,10x12_0,9,5,94,31,0,0,0,0,1,2,0.16,3.0,0.1111111111111111
C_evidence_aware_mmr,10x12,10x12_0,2,1,14,9,0,0,0,1,1,5,0.135,7.0,0.2222222222222222
C_evidence_aware_mmr,10x12,10x12_0,8,10,103,32,0,0,0,0,1,1,0.08,3.0,0.08888888888888889
C_evidence_aware_mmr,10x12,10x12_0,6,8,28,33,0,0,0,0,1,2,0.107,4.0,0.06666666666666667
C_evidence_aware_mmr,10x12,10x12_0,7,6,63,56,0,0,0,0,1,2,0.125,2.0,0.022222222222222223
C_evidence_aware_mmr,10x12,10x12_0,7,12,108,10,0,0,0,1,1,1,0.08,3.0,0.08888888888888889
C_evidence_aware_mmr,10x12,10x12_0,7,5,30,3,0,1,1,1,1,3,0.099,3.0,0.06666666666666667
C_evidence_aware_mmr,10x12,10x12_0,7,2,38,8,0,0,0,1,1,2,0.054,2.0,0.06666666666666667
C_evidence_aware_mmr,10x12,10x12_0,6,6,13,55,0,0,0,0,1,5,0.135,7.0,0.2222222222222222
C_evidence_aware_mmr,10x12,10x12_0,3,5,45,17,0,0,0,0,1,2,0.054,3.0,0.06666666666666667
C_evidence_aware_mmr,10x12,10x12_0,10,8,33,4,0,0,1,1,1,2,0.0405,2.0,0.06666666666666667
C_evidence_aware_mmr,10x12,10x12_0,2,4,118,49,0,0,0,0,1,3,0.134,5.0,0.15555555555555556
C_evidence_aware_mmr,10x12,10x12_0,5,3,113,54,0,0,0,0,1,1,0.08,3.0,0.08888888888888889
C_evidence_aware_mmr,10x12,10x12_0,6,9,26,19,0,0,0,0,1,3,0.081,5.0,0.08888888888888889
C_evidence_aware_mmr,10x12,10x12_0,9,7,87,11,0,0,0,0,1,2,0.107,4.0,0.06666666666666667
C_evidence_aware_mmr,10x12,10x12_0,5,12,68,24,0,0,0,0,1,3,0.17,2.0,0.022222222222222223
C_evidence_aware_mmr,10x12,10x12_0,9,10,35,45,0,0,0,0,1,1,0.027,3.0,0.08888888888888889
C_evidence_aware_mmr,10x12,10x12_0,2,10,82,33,0,0,0,0,1,1,0.027,5.0,0.08888888888888889
C_evidence_aware_mmr,10x12,10x12_0,9,2,51,4,0,0,1,1,1,1,0.027,2.0,0.06666666666666667
C_evidence_aware_mmr,10x12,10x12_0,8,5,2,60,0,0,0,0,1,2,0.072,4.0,0.13333333333333333
C_evidence_aware_mmr,10x12,10x12_0,6,5,42,37,0,0,0,0,1,1,0.027,2.0,0.044444444444444446
C_evidence_aware_mmr,10x12,10x12_0,3,6,109,34,0,0,0,0,1,1,0.08,3.0,0.08888888888888889
C_evidence_aware_mmr,10x12,10x12_0,7,8,100,25,0,0,0,0,1,1,0.08,3.0,0.08888888888888889
C_evidence_aware_mmr,10x12,10x12_1,9,6,102,19,0,0,0,0,1,4,0.285,2.0,0.044444444444444446
C_evidence_aware_mmr,10x12,10x12_1,9,12,88,27,0,0,0,0,1,5,0.312,3.0,0.06666666666666667
C_evidence_aware_mmr,10x12,10x12_1,8,8,32,56,0,0,0,0,1,5,0.312,4.0,0.13333333333333333
C_evidence_aware_mmr,10x12,10x12_1,4,5,77,30,0,0,0,0,1,4,0.232,2.0,0.044444444444444446
C_evidence_aware_mmr,10x12,10x12_1,2,11,96,59,0,0,0,0,1,4,0.267,2.0,0.044444444444444446
C_evidence_aware_mmr,10x12,10x12_1,7,4,30,4,0,0,1,1,1,5,0.312,4.0,0.17777777777777778
C_evidence_aware_mmr,10x12,10x12_1,9,1,86,52,0,0,0,0,1,3,0.24,2.0,0.044444444444444446
C_evidence_aware_mmr,10x12,10x12_1,8,9,85,2,0,1,1,1,1,4,0.2625,2.0,0.022222222222222223
C_evidence_aware_mmr,10x12,10x12_1,8,10,44,46,0,0,0,0,1,4,0.285,5.0,0.13333333333333333
C_evidence_aware_mmr,10x12,10x12_1,5,6,19,32,0,0,0,0,1,5,0.241,6.0,0.24444444444444444
C_evidence_aware_mmr,10x12,10x12_1,6,4,56,9,0,0,0,1,1,4,0.2535,5.0,0.13333333333333333
C_evidence_aware_mmr,10x12,10x12_1,2,5,50,8,0,0,0,1,1,4,0.2535,5.0,0.17777777777777778
C_evidence_aware_mmr,10x12,10x12_1,10,8,27,50,0,0,0,0,1,4,0.214,4.0,0.17777777777777778
C_evidence_aware_mmr,10x12,10x12_1,7,8,117,21,0,0,0,0,1,4,0.126,3.0,0.15555555555555556
C_evidence_aware_mmr,10x12,10x12_1,8,11,90,16,0,0,0,0,1,5,0.1745,4.0,0.2222222222222222
C_evidence_aware_mmr,10x12,10x12_1,8,5,17,59,0,0,0,0,1,5,0.241,6.0,0.24444444444444444
C_evidence_aware_mmr,10x12,10x12_1,1,1,60,38,0,0,0,0,1,4,0.267,6.0,0.24444444444444444
C_evidence_aware_mmr,10x12,10x12_1,7,2,1,20,0,0,0,0,1,5,0.1575,7.0,0.24444444444444444
C_evidence_aware_mmr,10x12,10x12_1,3,12,36,39,0,0,0,0,1,5,0.33,4.0,0.1111111111111111
C_evidence_aware_mmr,10x12,10x12_1,3,4,31,27,0,0,0,0,1,5,0.312,4.0,0.13333333333333333
C_evidence_aware_mmr,10x12,10x12_1,6,9,21,37,0,0,0,0,1,4,0.161,4.0,0.17777777777777778
C_evidence_aware_mmr,10x12,10x12_1,4,2,13,14,0,0,0,0,1,5,0.2275,6.0,0.24444444444444444
C_evidence_aware_mmr,10x12,10x12_1,8,12,115,6,0,0,0,1,1,5,0.188,4.0,0.15555555555555556
C_evidence_aware_mmr,10x12,10x12_1,1,8,58,15,0,0,0,0,1,4,0.32,2.0,0.044444444444444446
C_evidence_aware_mmr,10x12,10x12_1,3,1,91,53,0,0,0,0,1,5,0.2805,4.0,0.15555555555555556
C_evidence_aware_mmr,10x12,10x12_1,8,4,108,31,0,0,0,0,1,5,0.365,2.0,0.06666666666666667
C_evidence_aware_mmr,10x12,10x12_1,7,6,63,53,0,0,0,0,1,5,0.2275,4.0,0.1111111111111111
C_evidence_aware_mmr,10x12,10x12_1,3,11,49,33,0,0,0,0,1,4,0.2535,5.0,0.17777777777777778
C_evidence_aware_mmr,10x12,10x12_1,1,6,8,31,0,0,0,0,1,5,0.1575,7.0,0.28888888888888886
C_evidence_aware_mmr,10x12,10x12_1,6,12,113,16,0,0,0,0,1,5,0.1215,4.0,0.15555555555555556
C_evidence_aware_mmr,10x12,10x12_1,5,5,43,2,0,1,1,1,1,4,0.232,5.0,0.15555555555555556
C_evidence_aware_mmr,10x12,10x12_1,4,4,64,50,0,0,0,0,1,4,0.214,4.0,0.08888888888888889
C_evidence_aware_mmr,10x12,10x12_1,10,6,99,1,1,1,1,1,1,4,0.285,4.0,0.08888888888888889
C_evidence_aware_mmr,10x12,10x12_1,10,10,16,58,0,0,0,0,1,5,0.241,6.0,0.24444444444444444
C_evidence_aware_mmr,10x12,10x12_1,5,7,52,17,0,0,0,0,1,4,0.285,6.0,0.2222222222222222
C_evidence_aware_mmr,10x12,10x12_1,10,3,61,60,0,0,0,0,1,5,0.347,6.0,0.2222222222222222
C_evidence_aware_mmr,10x12,10x12_1,5,2,120,36,0,0,0,0,1,5,0.33,2.0,0.044444444444444446
C_evidence_aware_mmr,10x12,10x12_1,9,8,4,37,0,0,0,0,1,4,0.1655,4.0,0.2222222222222222
C_evidence_aware_mmr,10x12,10x12_1,5,11,18,39,0,0,0,0,1,5,0.241,6.0,0.24444444444444444
C_evidence_aware_mmr,10x12,10x12_1,1,2,7,4,0,0,1,1,1,5,0.1575,7.0,0.28888888888888886
C_evidence_aware_mmr,10x12,10x12_1,2,4,109,34,0,0,0,0,1,5,0.365,2.0,0.06666666666666667
C_evidence_aware_mmr,10x12,10x12_1,7,9,104,21,0,0,0,0,1,5,0.312,2.0,0.044444444444444446
C_evidence_aware_mmr,10x12,10x12_1,7,11,26,11,0,0,0,0,1,4,0.214,4.0,0.17777777777777778
C_evidence_aware_mmr,10x12,10x12_1,7,3,73,37,0,0,0,0,1,5,0.259,4.0,0.08888888888888889
C_evidence_aware_mmr,10x12,10x12_1,6,5,35,32,0,0,0,0,1,5,0.33,4.0,0.1111111111111111
C_evidence_aware_mmr,10x12,10x12_1,4,1,55,4,0,0,1,1,1,4,0.2535,5.0,0.17777777777777778
C_evidence_aware_mmr,10x12,10x12_1,7,5,46,6,0,0,0,1,1,4,0.285,5.0,0.2
C_evidence_aware_mmr,10x12,10x12_1,2,7,67,26,0,0,0,0,1,4,0.214,4.0,0.1111111111111111
C_evidence_aware_mmr,10x12,10x12_1,3,7,54,44,0,0,0,0,1,4,0.2535,6.0,0.2222222222222222
C_evidence_aware_mmr,10x12,10x12_1,6,3,95,27,0,0,0,0,1,5,0.294,5.0,0.1111111111111111
C_evidence_aware_mmr,10x12,10x12_1,10,7,6,52,0,0,0,0,1,5,0.1925,7.0,0.28888888888888886
C_evidence_aware_mmr,10x12,10x12_1,2,2,14,3,0,1,1,1,1,5,0.2275,6.0,0.24444444444444444
C_evidence_aware_mmr,10x12,10x12_1,10,12,111,7,0,0,0,1,1,5,0.365,2.0,0.06666666666666667
C_evidence_aware_mmr,10x12,10x12_1,5,1,97,50,0,0,0,0,1,4,0.214,3.0,0.06666666666666667
C_evidence_aware_mmr,10x12,10x12_1,9,5,119,22,0,0,0,0,1,5,0.33,3.0,0.06666666666666667
C_evidence_aware_mmr,10x12,10x12_1,10,5,11,54,0,0,0,0,1,5,0.2275,7.0,0.28888888888888886
C_evidence_aware_mmr,10x12,10x12_1,5,4,10,29,0,0,0,0,1,5,0.2275,7.0,0.28888888888888886
C_evidence_aware_mmr,10x12,10x12_1,9,3,22,42,0,0,0,0,1,4,0.161,4.0,0.17777777777777778
C_evidence_aware_mmr,10x12,10x12_1,4,9,101,57,0,0,0,0,1,4,0.232,2.0,0.044444444444444446
C_evidence_aware_mmr,10x12,10x12_1,2,1,33,6,0,0,0,1,1,5,0.365,4.0,0.1111111111111111
