tree
version=v4
num_class=1
num_tree_per_iteration=1
label_index=0
max_feature_idx=39
objective=binary sigmoid:1
feature_names=Column_0 Column_1 Column_2 Column_3 Column_4 Column_5 Column_6 Column_7 Column_8 Column_9 Column_10 Column_11 Column_12 Column_13 Column_14 Column_15 Column_16 Column_17 Column_18 Column_19 Column_20 Column_21 Column_22 Column_23 Column_24 Column_25 Column_26 Column_27 Column_28 Column_29 Column_30 Column_31 Column_32 Column_33 Column_34 Column_35 Column_36 Column_37 Column_38 Column_39
feature_infos=[0:0.875] [0:0.89999997615814209] [0:0.78750002384185791] [0.012500000186264515:1] [0:0.89999997615814209] none [63:79] [0.78750002384185791:0.98750001192092896] [0.020408162847161293:0.041666667908430099] [23:48] [0:0.4444444477558136] [0:1] [0:1] [0:0.5] [0:0.5] none [0:0.98750001192092896] none [0:0.92500001192092896] none [0:0.85312497615814209] none [0:3] [0:80] [0:39.5] [0:79] [0:38] [0:1] [0:1] [0:1] [0:79] [0:79] [0:8] [0.40000000596046448:0.69999998807907104] [0:1] [0:1] [0:0.80000001192092896] none none none
tree_sizes=6810 6869 6882 6865 6869 6839 6873 6874 6852 6862 6824 6862 6841 6837 6872 6875 6871 6838 6859 6865 6855 6863 6836 6872 6870 6832 6886 6838 6797 6873 6888 6874 6899

Tree=0
num_leaves=63
num_cat=0
split_feature=22 9 9 9 9 9 9 9 9 31 23 16 18 14 20 10 3 26 9 31 16 16 18 30 20 24 23 18 3 18 25 13 3 24 2 32 16 25 13 26 30 16 18 31 30 16 14 18 16 23 26 26 13 18 13 18 9 24 1 35 4 13
split_gain=127169 2216.31 303.836 286.592 47.5529 43.1599 42.7374 26.2055 12.3619 13.5092 11.8866 11.4887 13.6715 12.152 10.0244 9.89093 11.8989 9.81558 11.7809 11.7533 10.7638 9.17625 8.90341 10.6466 14.4593 11.7241 12.2102 10.24 8.75017 8.69942 9.43302 9.54973 11.8926 9.78327 9.06257 8.73491 10.3655 9.93848 8.4102 14.3069 8.37443 8.31828 9.68145 9.40117 8.05782 8.04586 8.01665 10.931 12.7963 8.37347 8.01565 8.98395 7.93965 11.5754 9.82556 9.74981 7.91567 16.8363 8.59362 8.24386 8.01217 11.6612
threshold=1.0000000180025095e-35 34.500000000000007 40.500000000000007 27.500000000000004 30.500000000000004 43.500000000000007 25.500000000000004 38.500000000000007 32.500000000000007 76.500000000000014 48.690477371215827 0.028869047760963443 0.36541289091110235 0.087121214717626586 0.014793770853430034 0.21352583914995196 0.54375001788139354 13.462396144866945 35.500000000000007 75.500000000000014 0.2679563462734223 0.5326562523841859 0.24233440309762957 18.500000000000004 0.029575359076261524 8.5073466300964373 17.083333015441898 0.11533119529485704 0.59375000000000011 0.4635016024112702 34.866071701049812 0.29166667163372045 0.63124999403953563 13.498553276062013 0.19375000149011615 4.5000000000000009 0.3493055552244187 39.732143402099616 0.022474748082458976 6.9082372188568124 7.5000000000000009 0.65089285373687755 0.37532894313335424 46.500000000000007 73.500000000000014 0.011805555783212187 0.057189542800188072 0.4338760524988175 0.27578125894069677 58.071428298950202 14.469757080078127 14.816470146179201 0.18333333730697635 0.28782893717288976 0.29166667163372045 0.3857738077640534 35.500000000000007 19.738700866699222 0.45000000298023229 0.68750000000000011 1.0000000180025095e-35 0.087121214717626586
decision_type=2 2 2 2 2 2 2 2 2 2 2 2 2 2 2 2 2 2 2 2 2 2 2 2 2 2 2 2 2 2 2 2 2 2 2 2 2 2 2 2 2 2 2 2 2 2 2 2 2 2 2 2 2 2 2 2 2 2 2 2 2 2
left_child=-1 3 7 6 15 -4 10 14 -6 -10 -2 22 13 -13 40 -5 41 18 45 -20 -19 46 23 24 -9 26 -26 38 -28 30 31 -7 33 -33 -35 -31 -37 -38 39 -25 -3 43 -43 -17 -39 -16 47 52 -49 -48 -45 -52 -22 54 -54 -55 57 -23 -58 60 61 -60
right_child=1 2 5 4 8 29 -8 11 9 -11 -12 12 -14 -15 17 16 -18 20 19 -21 21 56 -24 27 25 -27 28 -29 -30 35 -32 32 -34 34 -36 36 37 44 -40 -41 -42 42 -44 50 -46 -47 49 48 -50 -51 51 -53 53 55 -56 -57 58 -59 59 -61 -62 -63
leaf_value=-0.76814718223632605 -0.62487611763463458 -0.61997644721713507 -0.65906229643563896 -0.64042094987322562 -0.64264001952648786 -0.66308620141260954 -0.63407368151390942 -0.62998928441141433 -0.64604015135663395 -0.69026256511085382 -0.63149416354525867 -0.65241121172273597 -0.65869018763396958 -0.66306665841520074 -0.67021971890758036 -0.64230635599648411 -0.63247302190040156 -0.64634541090662256 -0.65402360451790997 -0.72159545705788286 -0.64879460646170528 -0.65197070905134424 -0.63934283153123761 -0.70197071016893131 -0.73353179684722725 -0.70213478406661911 -0.63671153573415407 -0.6364398622192674 -0.69026256511085382 -0.65884534032835662 -0.66713741792855141 -0.63914717935295129 -0.71752218110476906 -0.71457575246748273 -0.65002217959602659 -0.60372410163810697 -0.68632899858936536 -0.66775579055991829 -0.6732796304469969 -0.62201315835141946 -0.64543591188788163 -0.7231471812304977 -0.65201814738257535 -0.62030545231310086 -0.62837445183943486 -0.6482273934596533 -0.6579283964216236 -0.73746536336871582 -0.6562794111408452 -0.71029003808597524 -0.68442625013245928 -0.6354166647509738 -0.72314718123049759 -0.63426288172311762 -0.65243289393562454 -0.68779003758306112 -0.64147871869462403 -0.61601194751911259 -0.66418839466320845 -0.62425183018280506 -0.64804228444687728 -0.74002218160768329
leaf_weight=36125.555824711919 2801.3333542048931 36.444444715976715 10812.222302779555 3388.8889141380787 5028.0000374615192 9456.8889593482018 3712.8889165520668 12.666666761040686 4704.8889239430428 17.33333346247673 895.33334000408649 3492.0000260174274 1643.1111233532429 289.77777993679047 42.888889208436012 766.44445015490055 1127.3333417326212 1507.7777890115976 4542.4444782882929 6.4444444924592963 1740.2222351878881 68.000000506639481 30.666666895151138 7.5555556118488338 5.7777778208255759 53.777778178453445 22.444444611668587 36.444444715976715 11.555555641651152 1594.6666785478592 1821.1111246794462 16.66666679084301 17.777777910232544 14.00000010430813 8.8888889551162702 5.7777778208255759 73.333333879709244 113.55555640161037 100.66666741669178 21.55555571615696 284.00000211596489 5.5555555969476691 34.444444701075554 92.666667357087135 14.666666775941847 1371.3333435505629 416.44444754719734 4.8888889253139487 672.22222723066807 7.7777778357267371 9.5555556267499906 436.22222547233105 13.33333343267441 26.888889089226723 7.7777778357267371 12.444444537162779 206.44444598257542 62.444444909691811 102.44444520771503 19.111111253499985 95.333334043622017 5.3333333730697623
leaf_count=162565 12606 164 48655 15250 22626 42556 16708 57 21172 78 4029 15714 7394 1304 193 3449 5073 6785 20441 29 7831 306 138 34 26 242 101 164 52 7176 8195 75 80 63 40 26 330 511 453 97 1278 25 155 417 66 6171 1874 22 3025 35 43 1963 60 121 35 56 929 281 461 86 429 24
internal_value=-0.693156 -0.650794 -0.657775 -0.638382 -0.642226 -0.661402 -0.630285 -0.652658 -0.644365 -0.646202 -0.626479 -0.655411 -0.654882 -0.653228 -0.651257 -0.638667 -0.636262 -0.651513 -0.65288 -0.654119 -0.649871 -0.651407 -0.664885 -0.66776 -0.680124 -0.686912 -0.666332 -0.659858 -0.654912 -0.663328 -0.663841 -0.66321 -0.683554 -0.668288 -0.689506 -0.660101 -0.669755 -0.671648 -0.666435 -0.642766 -0.64254 -0.639438 -0.661897 -0.638749 -0.663251 -0.648894 -0.652537 -0.65145 -0.656866 -0.658888 -0.633686 -0.636467 -0.649413 -0.667228 -0.697095 -0.651198 -0.645542 -0.634757 -0.648824 -0.655647 -0.658601 -0.667941
internal_weight=100076 63950.9 40930 23020.9 15611.3 23949.6 7409.56 16980.4 9750.22 4722.22 3696.67 5728 5424.89 3781.78 11252.4 5861.11 2472.22 10932 5963.11 4548.89 4968.89 3461.11 303.111 272.444 106.222 93.5556 39.7778 166.222 34 13137.3 11335.3 9514.22 57.3333 39.5556 22.8889 1802 207.333 201.556 129.778 29.1111 320.444 1344.89 40 1304.89 128.222 1414.22 2902 2477.78 677.111 424.222 538.444 445.778 1800.67 60.4444 21.1111 39.3333 559.111 130.444 428.667 222.222 203.111 107.778
internal_count=450344 287779 184185 103594 70251 107773 33343 76412 43876 21250 16635 25776 24412 17018 50636 26375 11125 49194 26834 20470 22360 15575 1364 1226 478 421 179 748 153 59118 51009 42814 258 178 103 8109 933 907 584 131 1442 6052 180 5872 577 6364 13059 11150 3047 1909 2423 2006 8103 272 95 177 2516 587 1929 1000 914 485
is_linear=0
shrinkage=1


Tree=1
num_leaves=63
num_cat=0
split_feature=22 8 8 8 8 8 8 8 8 16 18 18 18 14 26 18 31 18 18 30 30 27 26 26 3 23 26 16 34 14 23 16 23 10 14 22 30 31 3 27 16 14 24 25 25 18 18 13 36 6 16 1 24 16 23 1 18 28 23 26 18 14
split_gain=115964 1955.84 289.29 205.525 65.9223 38.7473 34.7825 15.8589 13.9653 10.6258 13.2747 10.0875 9.05577 9.04745 8.89579 14.0174 12.4152 11.3055 9.75494 12.1694 12.9052 13.937 10.8392 11.712 10.7956 10.5446 10.843 9.80686 10.9716 17.8288 10.121 9.61255 9.50791 8.96645 10.0623 8.90057 8.80474 10.289 13.3261 9.89952 9.0682 9.63031 8.81575 8.69648 8.56374 10.99 8.37848 8.29696 9.44949 8.27404 8.27313 8.26457 8.09491 8.05218 7.93046 9.72441 7.91442 8.37432 12.656 11.273 10.2872 8.90785
threshold=1.0000000180025095e-35 0.027402402833104137 0.035098522901535041 0.024099883623421196 0.029857398010790352 0.037749288603663451 0.021980676800012592 0.025320513173937801 0.031754031777381904 0.028869047760963443 0.30031250417232519 0.61443451046943676 0.011498397681862118 0.042572464793920524 13.462396144866945 0.36927448213100439 75.500000000000014 0.002912895986810327 0.29233440756797796 55.500000000000007 6.5000000000000009 0.22500000149011615 19.69220066070557 19.228201866149906 0.38124999403953558 31.535714149475101 18.001928329467777 0.41919642686843878 0.55000001192092907 0.10555555671453477 25.690475463867191 0.52306547760963451 34.690477371215827 0.13840996474027636 0.11805555596947671 1.2071067690849306 32.500000000000007 12.500000000000002 0.91875001788139354 0.53571429848670971 0.63169643282890331 0.013606071937829258 24.685086250305179 22.816666603088382 34.267856597900398 0.015729166567325596 0.65052083134651195 0.014815627597272398 1.0000000180025095e-35 72.500000000000014 0.41319444775581365 0.45000000298023229 20.22325420379639 0.38828124105930334 11.550000190734865 0.84999999403953563 0.47196692228317266 0.64583334326744091 56.366666793823249 4.9979991912841806 0.29448784887790685 0.033908046782016761
decision_type=2 2 2 2 2 2 2 2 2 2 2 2 2 2 2 2 2 2 2 2 2 2 2 2 2 2 2 2 2 2 2 2 2 2 2 2 2 2 2 2 2 2 2 2 2 2 2 2 2 2 2 2 2 2 2 2 2 2 2 2 2 2
left_child=-1 3 4 6 -3 -4 12 9 -6 47 36 13 -2 56 16 17 -9 -16 19 20 21 52 23 -21 -23 26 53 28 29 30 -20 -17 -31 -24 -35 -27 -11 38 42 49 41 -41 -38 54 45 -43 -8 -5 -49 -39 -32 -33 -19 -22 -15 -56 57 58 -7 -60 -61 -59
right_child=1 2 5 7 8 11 46 14 -10 10 -12 -13 -14 43 15 31 -18 18 27 22 25 24 33 -25 -26 35 -28 -29 -30 32 50 51 -34 34 -36 -37 37 39 -40 40 -42 44 -44 -45 -46 -47 -48 48 -50 -51 -52 -53 -54 -55 55 -57 -58 61 59 60 -62 -63
leaf_value=-0.073193587602551416 0.017337975807891134 0.043182674140991119 0.054809206309827579 0.043325255709474771 0.047331808801993031 0.062715415617904086 0.031266994854125679 0.037168167716615678 0.050890266360917862 0.035984148091283162 0.032840331027737257 0.031643408094562765 0.027512660438578914 0.0024937745227532177 0.11652235271230182 0.034268395825788604 -0.030327621135642531 0.082970070940559859 0.080857891920604996 0.014044273493532433 0.031350258486142285 0.021906056645374095 0.083332606942526088 -0.066487752316907359 0.049520299688517538 0.045630176532750963 0.052583312213608194 0.057945053028352914 0.053830889390061004 0.050936177428256429 0.041608510380650332 0.049880832606014176 -0.020423485820230673 0.035281607996731072 -0.037366017341396593 0.080688643517997025 0.036718344964647091 0.046524642073806084 0.08746341573461619 0.070595836853441493 -0.0076586769319620593 -0.011710642243178651 0.013863567603135826 0.069371350851903588 0.073191467175216282 0.046917416685768584 0.018433897151891712 -0.01391699730258293 0.024702484539445069 0.030593889116211432 -0.010874835131343149 0.036271886168735855 0.033151206962737989 -0.0050874524895537128 0.059686617792403023 0.079237921459001409 0.067782416930241798 0.056938915259593187 0.015331308080871504 0.066896824306143507 0.032282998395017949 0.040314153143493826
leaf_weight=35132.174555659294 223.95745784044266 7525.0588960796595 3779.014521047473 56.184937566518784 5126.7150331735611 1340.5916064828634 14537.592486873269 4842.3205545097589 5965.4634215831757 2115.6143306493759 2402.9777390062809 27.229649677872658 9293.1517269015312 5.6775055825710288 5.1888886988162986 1147.5347124040127 6.8226487040519705 19.166890576481819 16.238820746541023 34.935709282755852 147.44921360909939 185.2063502818346 8.7833993136882764 5.1847856342792502 43.754870608448982 867.48446719348431 59.051029399037361 165.61769060790539 201.98099498450756 6.3021732568740871 371.98382747173309 217.95363631844521 18.000253990292549 60.157543808221817 5.1766091138124457 18.489765509963036 329.10133136808872 217.47064912319183 11.929049789905546 71.606240183115005 5.8523167222738257 8.553678482770918 48.398574322462082 693.0259854644537 28.817313984036446 122.01467497646809 128.30939449369907 17.018389508128166 228.61297290027142 130.36371038854122 7.6634231507778159 228.53997397422791 14.190909579396246 16.899552866816521 575.85049040615559 71.495469510555267 312.10251380503178 549.52741491794586 24.4775031208992 55.754312664270401 34.903106302022934 94.419805139303207
leaf_count=162298 998 33363 16687 250 22698 5905 64720 21512 26379 9398 10687 120 41414 25 23 5098 31 85 72 155 654 822 39 23 194 3847 262 735 896 28 1650 965 80 267 23 82 1462 966 53 318 26 38 215 3053 128 542 571 76 1020 579 34 1016 63 75 2537 315 1375 2421 108 246 154 416
internal_value=-2.77274e-05 0.0395906 0.0501451 0.0324503 0.046795 0.0583907 0.0296272 0.0371532 0.0492456 0.0351257 0.0356276 0.0619664 0.0272732 0.0621861 0.0385003 0.040287 0.0370732 0.0428028 0.0426345 0.0402499 0.0415557 0.0315822 0.0245705 0.00363709 0.0271832 0.043914 0.0342064 0.0471324 0.0442542 0.0396507 0.0422025 0.0366904 -0.0019183 0.035902 0.0295255 0.0463618 0.0377953 0.0417288 0.0354324 0.0459226 0.0538071 0.0553644 0.0337882 0.0654701 0.0485215 0.0430766 0.0311547 0.0259916 0.0220268 0.040554 0.0405491 0.042915 0.0617764 0.0276035 0.0613299 0.0618459 0.0603533 0.059249 0.0613492 0.0454409 0.0535705 0.0545013
internal_weight=100013 64880.9 26181.3 38699.6 18617.2 7564.07 24183 14516.6 11092.2 5794.52 5492.7 3785.06 9517.11 3757.83 8722.08 3872.94 4849.14 2278.91 2273.72 1485.93 1371.69 262.319 114.238 40.1205 228.961 1109.37 223.4 787.787 622.169 420.188 395.886 1594.03 24.3024 74.1176 65.3342 885.974 3089.72 974.108 389.429 584.679 236.844 230.992 377.5 1346.05 159.386 130.568 14665.9 301.816 245.631 347.834 379.647 446.494 33.3578 164.349 653.023 647.346 2411.78 2099.67 1455.73 115.135 90.6574 643.947
internal_count=450292 287994 115802 172192 82440 33362 107703 64489 49077 25758 24412 16675 42412 16555 38731 17188 21543 10109 10086 6591 6084 1164 507 178 1016 4920 991 3495 2760 1864 1756 7079 108 329 290 3929 13725 4327 1730 2597 1052 1026 1677 5930 708 580 65291 1346 1096 1545 1684 1981 148 729 2877 2852 10625 9250 6413 508 400 2837
is_linear=0
shrinkage=0.05


Tree=2
num_leaves=63
num_cat=0
split_feature=22 8 8 8 8 8 8 8 20 20 13 18 14 16 4 16 14 14 20 34 8 35 32 25 20 26 8 2 18 16 16 3 10 1 3 29 24 16 25 16 16 8 18 36 14 13 13 14 2 20 25 18 30 30 36 25 32 28 13 25 14 16
split_gain=106307 1684.79 241.415 215.315 36.4041 33.4376 29.1936 16.5183 16.2514 11.2513 20.3074 10.9316 10.2508 10.1179 11.0094 10.015 10.9773 9.3047 9.23109 10.7464 8.91508 8.87511 8.7884 10.2857 8.58014 8.50943 8.35958 9.05264 8.31196 9.19844 11.4645 10.3656 8.87912 8.37064 8.17915 8.66416 9.61335 10.1348 9.84612 8.14628 8.0333 7.86958 9.23566 9.47308 10.2283 9.31667 8.72318 8.9136 8.33868 7.82228 7.65394 8.70104 8.581 15.2252 7.92892 7.75242 10.1623 7.64677 10.7367 7.5237 9.61201 11.8241
threshold=1.0000000180025095e-35 0.028174603357911113 0.024099883623421196 0.035098522901535041 0.022474748082458976 0.030776515603065494 0.037749288603663451 0.026671408675611023 0.014793770853430034 0.050201613456010825 0.015268065501004459 0.46893382072448736 0.048809524625539787 0.028869047760963443 1.0000000180025095e-35 0.43169642984867101 0.060661764815449722 0.087121214717626586 0.052293770015239723 0.55000001192092907 0.024695121683180336 0.81250000000000011 4.5000000000000009 28.690475463867191 0.016731771640479568 6.5032036304473886 0.032795699313282974 0.58125001192092907 0.4878289550542832 0.51328125596046459 0.58017855882644664 0.018750000279396776 0.11396104097366334 0.45000000298023229 0.38124999403953558 0.22500000149011615 14.989232540130617 0.013281249906867744 16.535714149475101 0.028869047760963443 1.0000000180025095e-35 0.025320513173937801 0.11533119529485704 1.0000000180025095e-35 0.013423423748463394 0.095454547554254546 0.057189542800188072 0.04446640424430371 0.47499999403953558 0.073036596179008498 22.816666603088382 0.53028273582458507 64.500000000000014 58.500000000000007 0.46249999105930334 23.354166984558109 5.5000000000000009 0.46428571641445165 0.087121214717626586 35.414285659790046 0.069047622382640853 0.34613095223903662
decision_type=2 2 2 2 2 2 2 2 2 2 2 2 2 2 2 2 2 2 2 2 2 2 2 2 2 2 2 2 2 2 2 2 2 2 2 2 2 2 2 2 2 2 2 2 2 2 2 2 2 2 2 2 2 2 2 2 2 2 2 2 2 2
left_child=-1 2 4 5 11 13 59 8 -4 10 -7 15 -8 14 -3 16 49 39 19 -19 -20 -18 -13 -24 -17 -12 -11 -28 40 31 -31 33 -32 -30 35 36 37 -16 -38 41 -9 42 46 -44 48 -46 -10 -48 57 -2 54 52 53 55 -14 56 -52 -45 -59 60 -5 -62
right_child=1 3 7 6 -6 9 12 28 17 26 25 22 50 -15 34 24 21 18 20 -21 -22 -23 23 -25 -26 -27 27 -29 29 30 32 -33 -34 -35 -36 -37 38 -39 -40 -41 -42 -43 43 44 45 -47 47 -49 -50 -51 51 -53 -54 -55 -56 -57 -58 58 -60 -61 61 -63
leaf_value=-0.071556606481619461 0.030109354792453941 0.027127329960771003 0.04532548839740061 0.04915478221935643 0.030067292081618586 0.073277634034041417 0.056106042933280614 0.0087416380647036326 0.021859031623404249 0.045710155810878589 0.030689203662731836 0.031144603368957587 0.058249581868422079 0.041711107429083738 0.025572942284006923 0.054653248687328682 0.021279956763547731 0.034488953654205567 0.017705620075479257 0.07725412058554415 0.03048759221463317 0.086709518524272944 0.090424465133777998 0.018158430046254861 0.022221927857720869 0.042429313943068377 0.049701131372646382 0.039799318412852516 0.091384227829611128 0.051316649058550136 0.083588258778783675 0.020545775033789869 0.02920982555439925 0.024355342467760249 0.056146688827394479 0.083599470824916478 -0.020111098217415347 0.086498707459171875 0.036114669079169791 0.034929176159368726 0.03851245659391557 0.034815314169755883 -0.026497392209709376 -0.0046746545245518016 0.042925039189203068 0.1004790113152754 -0.015399649290839649 0.04493354484208667 -0.039781011762928073 0.026205522022974076 0.066270398981656986 0.025913552304649423 0.090828040585006806 0.037477186765068407 0.0068997122673860947 0.066094470419506154 0.12564830617507969 0.06599137874424392 -0.021529938636988544 0.05602107269995308 0.059085121283376112 0.037289635354991059
leaf_weight=34175.84395724535 1578.8948805630207 47.815732628107071 338.86036218702793 2480.532119512558 11014.231050103903 47.027366861701012 2698.9459888637066 22.756010740995407 115.13258036971092 3897.9296839088202 205.75758384168148 1549.3017947375774 548.05472357571125 7269.1852021366358 16.016115471720699 20.593115165829659 1079.9693367928267 57.041167244315147 182.20306180417538 19.785375848412514 542.8696267157793 5.2078083157539359 5.051932454109191 194.25154964625835 2110.5504589229822 617.72279132902622 3426.9664104133844 247.496925085783 9.7960985600948352 99.870645508170128 7.7682567983865729 197.85898241400719 223.06287094950676 8.8797949999570829 302.43523283302784 8.6935868263244611 13.95525659620762 11.895402804017065 17.614259481430054 9866.9258679449558 5348.8340949267149 246.37715408205986 6.0679430812597266 11.798175051808359 50.144843474030495 8.178341791033743 34.652754351496696 7.4353646636009207 5.4362968355417243 6851.4801317155361 16.213534787297252 13.409774035215376 34.512876749038696 45.630645737051964 7.6220872998237601 465.67074950039387 12.970243766903875 15.420189216732981 4.534594699740409 773.29633712768555 497.80951702594757 71.115645289421082
leaf_count=162356 6975 209 1486 10778 48544 205 11684 100 510 16998 897 6834 2372 31775 70 91 4770 251 803 87 2387 23 22 860 9330 2693 14925 1078 43 437 34 869 977 39 1322 38 61 52 77 43336 23447 1082 27 52 221 36 154 33 24 30261 70 58 149 197 33 2011 56 68 20 3360 2163 309
internal_value=-4.55336e-05 0.0371885 0.0311474 0.0478107 0.0279379 0.044532 0.0547099 0.0356417 0.0345381 0.0467043 0.0413209 0.0261869 0.0577873 0.0421463 0.0497069 0.0256335 0.0263274 0.0342109 0.0290218 0.0455024 0.0272756 0.021594 0.0298732 0.0199902 0.0225353 0.0394959 0.0473231 0.0490342 0.0377883 0.0319179 0.0371634 0.0239068 0.0310398 0.0595141 0.0526201 0.0369752 0.0301608 0.0515384 0.0112602 0.0346121 0.0383863 0.0284193 0.0223304 0.0340813 0.0379299 0.0509955 0.0147382 -0.00474108 0.0174393 0.0269367 0.0617536 0.0657278 0.0666564 0.0651129 0.0575452 0.0676612 0.0926599 0.0272358 0.0461027 0.0516162 0.0504992 0.0563607
internal_weight=99813.4 65637.5 41841.2 23796.3 24409.5 16130.5 7665.78 17431.7 11512.9 8442.9 870.508 13395.3 3843.03 7687.61 418.426 11646.7 9515.55 11174 801.899 76.8265 725.073 1085.18 1748.61 199.303 2131.14 823.48 7572.39 3674.46 5918.83 547.237 330.702 216.535 230.831 18.6759 370.61 68.1746 59.481 27.9115 31.5695 10372.1 5371.59 505.178 258.801 101.58 95.5124 58.3232 157.221 42.0881 37.1893 8430.38 1144.08 588.408 574.998 540.485 555.677 494.855 29.1838 31.753 19.9548 3822.75 3049.46 568.925
internal_count=450229 287873 184233 103640 107710 70400 33240 76523 50577 36796 3795 59166 16630 33604 1829 51450 42029 49091 3528 338 3190 4793 7716 882 9421 3590 33001 16003 25946 2399 1448 951 1011 82 1620 298 260 122 138 45563 23547 2227 1145 448 421 257 697 187 164 37236 4946 2541 2483 2334 2405 2137 126 140 88 16610 13250 2472
is_linear=0
shrinkage=0.05


Tree=3
num_leaves=63
num_cat=0
split_feature=22 8 8 8 8 8 8 8 31 20 18 26 8 20 13 10 23 1 36 18 3 16 30 13 23 18 24 34 20 18 31 13 23 25 35 13 8 23 23 2 29 26 25 23 30 31 24 24 2 16 3 36 30 18 3 1 18 13 4 30 13 20
split_gain=97497.6 1529.22 201.536 166.906 44.3472 30.3266 17.1583 12.2677 11.57 10.4342 10.2057 10.1232 9.89155 9.73315 9.71903 8.6394 8.63209 8.49672 8.29427 8.2718 11.8833 12.4567 8.67182 8.03127 8.81015 8.03525 8.10669 8.33545 9.56741 7.97145 11.0878 8.4951 7.9467 7.91891 7.90339 7.69015 7.53879 7.44852 9.89369 9.67824 8.78735 7.41493 9.40734 8.70189 8.3504 7.5386 7.35057 11.6245 9.79977 18.3869 8.91847 8.91464 10.2057 7.38565 8.40175 8.41297 7.69469 11.4108 8.72195 7.17635 7.90745 9.46498
threshold=1.0000000180025095e-35 0.028174603357911113 0.024099883623421196 0.03637566231191159 0.031754031777381904 0.021980676800012592 0.025978407822549347 0.039230769500136382 76.500000000000014 0.0043614129535853871 0.013693181797862055 4.1965544223785409 0.029857398010790352 0.54387500882148754 0.039230769500136382 0.31072796881198889 45.267856597900398 0.65000000596046459 0.037500000558793552 0.025328947231173519 0.33124999701976782 0.22113095223903659 41.500000000000007 0.021980676800012592 18.083333015441898 0.51480823755264293 33.004207611083991 0.65000000596046459 0.51433035731315624 0.4635016024112702 73.500000000000014 0.028991596773266796 50.845237731933601 7.0999999046325692 0.68750000000000011 0.01562881609424949 0.021054964512586597 53.774999618530281 62.083333969116218 0.068750001490116133 0.15476191043853763 15.00066661834717 27.464285850524906 20.083333015441898 1.5000000000000002 55.500000000000007 18.249674797058109 6.8697705268859872 0.056250000372529037 0.011805555783212187 0.54375001788139354 0.037500000558793552 22.500000000000004 0.34427447617053991 0.74375000596046459 0.84999999403953563 0.4338760524988175 0.080128207802772536 0.55000001192092907 69.500000000000014 0.064583335071802153 0.43372282385826116
decision_type=2 2 2 2 2 2 2 2 2 2 2 2 2 2 2 2 2 2 2 2 2 2 2 2 2 2 2 2 2 2 2 2 2 2 2 2 2 2 2 2 2 2 2 2 2 2 2 2 2 2 2 2 2 2 2 2 2 2 2 2 2 2
left_child=-1 2 5 4 12 10 8 32 11 14 -2 46 -3 18 -6 19 -15 -16 -7 20 -12 22 33 24 -11 26 27 -26 -29 30 31 -21 41 -22 35 -18 -32 40 39 -39 -35 43 -43 -5 -45 -46 47 53 49 -49 51 -48 -53 54 55 -4 57 -55 -59 -14 -61 -62
right_child=1 3 6 7 9 13 -8 -9 -10 23 15 -13 59 16 17 -17 34 -19 -20 29 21 -23 -24 -25 25 -27 -28 28 -30 -31 36 -33 -34 37 -36 -37 -38 38 -40 -41 -42 42 -44 44 45 -47 50 48 -50 -51 -52 52 -54 56 -56 -57 -58 58 -60 60 61 -63
leaf_value=-0.070067986887326586 0.014532006991944957 0.038786557396593285 0.032057123252847639 0.042272580630603934 0.0062949670193134981 0.030732210408447386 0.034757155670867713 0.055235313948387599 -0.00021706347235873945 0.062724373094736288 -0.011413126326589499 0.032567264029783764 0.042238435011376446 0.015073494805082039 0.05781007931441156 0.05935168932287186 0.031722884420445512 0.0062308622497802722 0.02736610319296174 0.022116703430832448 0.068788747917886459 0.062630386441940952 0.094271410360232274 0.044367557683972547 0.049642769500731848 0.040235431546424769 0.096011532230170601 0.040822521194630611 0.072744433740547079 0.027599586036883353 0.037507946636830859 0.025464411444341074 0.045506716621765503 0.017048333025489439 0.091418657116562857 -0.0045109544407714404 -0.032426202619025138 0.024980190746529074 0.0070472336736810345 0.100752332945911 0.062992656508470496 0.043250518582851921 0.052037830472747307 0.0097266949369764558 0.055115727190025499 0.095418273887295735 -0.0093016119112947025 -0.039288740812627392 0.0060342247005033137 0.042447451808800184 0.061349747951281543 0.071262066362034859 0.024368782812991187 0.011428486224214844 0.04196621141160737 0.019381439596406931 0.029157361131637295 0.080971512080935337 0.0076999335332553522 0.03533075017995442 -0.040740197856423223 0.034667396330808391
leaf_weight=33180.998305767775 273.67965999245644 4940.6348548531532 580.43272891640663 145.0250513702631 32.787714213132858 2147.315867125988 9040.6663739234209 2235.8284701555967 28.416230067610741 94.049870982766151 13.686815351247786 6940.7985449880362 5083.6360922306776 281.60371425747871 28.127853974699974 17.573698312044144 132.41346554458141 11.149212539196013 12385.974453568459 4541.8459732085466 11.642042368650435 37.893708989024162 5.2486000359058371 5339.5606344044209 1806.2985636740923 362.79646894335747 8.8457119762897474 481.01776649057865 24.67649519443512 1334.7321420758963 5.2385450750589397 3251.7747092843056 649.36344966292381 118.25468900799751 5.0335731357336035 16.464325502514839 14.575732216238974 6.8483420759439531 8.9008890688419324 10.956375896930693 11.411490216851233 476.9296251386404 842.80570408701897 10.057268738746641 1408.5660240203142 11.699247792363165 11.695209830999373 7.9600633382797232 109.33275701105595 50.73234686255455 35.578209325671196 16.767593219876289 37.667942434549332 162.5462671816349 155.59980301558971 169.0204795897007 246.02689184248447 11.022106617689134 6.4312857985496512 150.27008946239948 7.8841205239295986 8.8127501308917982
leaf_count=162351 1202 21358 2524 620 141 9385 39228 9530 124 404 60 30195 21922 1231 121 77 579 48 54138 19917 51 166 23 22941 7756 1558 38 2066 106 5839 23 14257 2778 518 22 72 64 30 39 48 50 2038 3601 43 6020 50 51 35 477 221 155 73 164 708 677 735 1072 48 28 648 34 38
internal_value=-8.00817e-05 0.0348914 0.0291532 0.0449245 0.042594 0.0262331 0.0332376 0.0523351 0.0316346 0.0453337 0.0240497 0.0317406 0.0403924 0.0276427 0.0263921 0.0243271 0.0202776 0.0431688 0.0278635 0.0242614 0.0337359 0.0366624 0.0309831 0.0455019 0.0476825 0.0471553 0.048237 0.0480543 0.0423802 0.0240285 0.0234185 0.0235135 0.0505056 0.029006 0.0297992 0.0277158 -0.0139368 0.0260441 0.0500899 0.0716076 0.0210917 0.0516269 0.0488622 0.0539429 0.0551262 0.0554477 0.0281564 0.0272739 0.0148814 0.0313621 0.041164 0.0303041 0.0388132 0.0288382 0.0313935 0.0291984 0.0234097 0.0155537 0.0539721 0.0419034 0.0317037 -0.000939429
internal_weight=99585.6 66404.6 42243.8 24160.8 18380.5 24633.1 17610.7 5780.27 8570.03 8189.31 9664.26 8541.61 10191.2 14968.8 72.0648 9390.58 435.515 39.2771 14533.3 9373.01 224.843 211.156 173.262 8117.25 2777.68 2683.64 2320.84 2311.99 505.694 9148.17 7813.43 7793.62 3544.45 168.014 153.911 148.878 19.8143 156.372 26.7056 17.8047 129.666 2895.08 1319.74 1575.35 1430.32 1420.27 1600.81 1499.1 168.025 58.6924 101.709 66.1307 54.4355 1331.08 905.053 749.453 426.027 180 17.4534 5250.6 166.967 16.6969
internal_count=450516 288165 184306 103859 79179 107791 76515 24680 37287 35179 42364 37163 44000 65427 310 41162 1904 169 63523 41085 985 925 759 34869 11928 11524 9966 9928 2172 40100 34261 34174 15150 736 673 651 87 685 117 78 568 12372 5639 6733 6113 6070 6968 6525 733 256 443 288 237 5792 3936 3259 1856 784 76 22642 720 72
is_linear=0
shrinkage=0.05


Tree=4
num_leaves=63
num_cat=0
split_feature=22 8 8 8 8 8 8 8 16 14 0 31 23 10 4 18 8 31 25 26 16 10 26 18 26 23 4 0 16 10 13 26 26 3 16 16 26 14 27 31 31 14 26 16 24 18 16 25 24 25 2 35 25 23 1 18 14 16 31 31 13 16
split_gain=89700.1 1330.67 222.446 136.044 35.943 21.914 19.4488 18.7096 10.576 8.59334 10.2454 9.58485 8.22123 7.97113 7.91247 7.35127 7.30406 7.30392 6.9497 6.93098 8.51393 8.27222 7.89751 7.67811 7.68497 7.16388 8.59304 7.02558 9.17738 9.02413 13.0384 7.06861 6.79458 7.43957 6.74715 6.73754 7.04744 6.71771 7.01481 9.65479 8.92097 6.66612 6.64496 6.51295 8.66336 7.66461 9.50244 8.67436 7.44354 6.61294 6.64926 8.05941 8.76795 7.58789 9.101 6.88726 6.81136 9.00562 9.88135 9.00276 6.74915 7.45231
threshold=1.0000000180025095e-35 0.028991596773266796 0.024099883623421196 0.035098522901535041 0.022474748082458976 0.026671408675611023 0.031754031777381904 0.037749288603663451 1.0000000180025095e-35 0.060661764815449722 1.0000000180025095e-35 6.5000000000000009 69.125000000000014 0.21352583914995196 0.25000000745058065 0.4878289550542832 0.040833333507180221 13.500000000000002 74.166667938232436 21.135537147521976 0.063281249254941954 0.21680375933647159 2.4972190856933598 0.23547148704528811 21.984191894531254 47.81666564941407 0.25000000745058065 0.31250000000000006 0.013281249906867744 0.15184453129768374 0.039230769500136382 8.5862536430358904 24.297348022460941 0.10624999925494195 0.031696429476141937 0.031696429476141937 14.883733272552492 0.037749288603663451 0.22500000149011615 62.500000000000007 70.500000000000014 0.051315790042281158 16.268899917602543 0.011805555783212187 25.101393699646 0.36733439564704901 0.35669642686843878 18.816666603088382 34.007350921630866 34.535715103149421 0.25624999403953558 0.31250000000000006 33.062500000000007 24.464285850524906 0.55000001192092907 0.38139881193637853 0.024695121683180336 0.35078124701976782 59.500000000000007 1.5000000000000002 0.029857398010790352 0.25069443881511694
decision_type=2 2 2 2 2 2 2 2 2 2 2 2 2 2 2 2 2 2 2 2 2 2 2 2 2 2 2 2 2 2 2 2 2 2 2 2 2 2 2 2 2 2 2 2 2 2 2 2 2 2 2 2 2 2 2 2 2 2 2 2 2 2
left_child=-1 2 4 6 9 18 34 -5 14 12 11 -11 -2 -8 -7 -10 35 -15 43 20 21 22 -12 -21 -25 -23 -27 -24 -29 30 -30 -31 33 -26 42 36 -9 38 40 -40 -14 -37 -3 44 -4 47 49 -45 -48 50 51 53 56 -47 -55 -52 59 58 -58 -53 -57 -62
right_child=1 3 5 7 -6 8 13 16 15 10 19 -13 37 17 -16 -17 -18 -19 -20 23 -22 25 27 24 32 26 -28 28 29 31 -32 -33 -34 -35 -36 41 -38 -39 39 -41 -42 -43 -44 45 -46 46 48 -49 -50 -51 55 52 -54 54 -56 60 57 -59 -60 -61 61 -63
leaf_value=-0.068709991390382211 0.023722444179612587 0.044793971446122675 0.026659547720053731 0.045793295088654005 0.02689405469037931 -0.034148765845000546 0.04060150125144462 0.04254083014676021 0.034357741211178815 0.0081808782350270958 0.024299075296278071 0.037924266971786219 0.024209389465177387 0.048404828840676664 0.02041876863067521 0.029255524250015416 0.055139970757650085 0.042555229667370513 -0.024721751133742042 -0.025607201443533786 0.021135487312834655 0.015404762590818057 -0.01921942143783598 -0.014834346309649554 0.090281511396799699 0.0052704788670752956 0.088460346723249594 -0.027276100444588742 0.0091137658463420219 -0.010335971813438947 0.10666338924855578 0.029803096819626479 0.0051323341158144194 0.025150947131571656 0.038010433369507178 0.048759168713875166 -0.008944856645330436 -0.00063822786495833608 0.018761229028340036 -0.0067001441390811475 0.076240228093362852 0.053979763838840338 -0.012258896759867617 0.029208245188836281 0.00097193429783730813 -0.026574534572532778 0.029870141619879338 0.032633825312546653 0.06784655851586277 -0.031829050745741189 0.011776958787282153 -0.0088666542388199428 0.085112148208390859 0.022170109692706497 -0.015577806801035269 0.029423835608769006 0.012472431687082923 0.07421407762706933 -0.059009092369842378 0.029190267937713621 0.077704573015280526 0.036876302808395621
leaf_weight=32150.160698771477 11852.909710228443 467.75596903264523 178.10209062695503 3926.6939676702023 11190.857501730323 9.0172735154628736 3581.7025778442621 194.73943704366684 7741.9279471188784 34.898246794939041 36.734608218073845 120.99594196677208 141.08106888830662 748.82727421820164 25.23376801609993 776.80165992677212 740.30965131521225 1856.9388041347265 5.7043524235486975 16.298043116927147 841.168342217803 31.670908838510513 40.159677356481552 22.258920326828957 5.0552035123109809 4.8191269487142554 8.7229313105344755 15.840979069471357 8.0443199425935727 28.921680495142937 5.9657662361860266 17.669189155101776 45.228094726800919 33.045598983764648 7363.8366276919842 2180.9158693104982 6.8814553618431082 49.858873590826988 170.25857400894165 47.653057351708412 8.7490509897470456 849.69863821566105 5.1599104404449454 2809.8164831399918 40.238806262612343 13.433899894356726 2542.9540547281504 5398.9392953962088 12.968824401497839 5.3302987515926352 38.686762377619743 16.456625893712044 5.7964310497045508 70.887806296348572 20.6102634370327 145.23199383914471 94.935468718409538 5.559404492378234 5.0941133350133887 278.96381302177906 16.930216237902641 32.887313067913055
leaf_count=162248 51560 1995 772 16629 48501 39 15232 820 33214 152 160 527 614 3178 109 3338 3115 7888 25 71 3664 138 175 97 22 21 38 69 35 126 26 77 197 144 31445 9187 29 217 741 207 38 3571 22 12113 174 58 10974 23248 56 23 167 71 25 306 89 627 410 24 22 1204 73 142
internal_value=-5.68911e-05 0.0328891 0.0279745 0.0429927 0.0247957 0.031856 0.0400367 0.0482408 0.033781 0.0230675 0.0192302 0.031266 0.0234795 0.0421322 0.00605277 0.0338925 0.0506601 0.0442362 0.0304535 0.0176149 0.0189373 0.00962438 0.00408251 0.00633463 0.011265 0.0284192 0.0588561 -0.00228659 0.00660927 0.0154668 0.0506523 0.00488643 0.0182367 0.0337925 0.0383822 0.0496341 0.0407836 0.0165844 0.0189195 0.0131933 0.0272476 0.0502229 0.0441715 0.0304803 0.0219255 0.0306425 0.0286101 0.0314613 0.0300628 0.0236648 0.0240616 0.0208702 0.024057 0.00851531 0.0136673 0.0310487 0.0231745 0.0122746 0.00883216 0.0270703 0.0348711 0.0507516
internal_weight=99145 66994.8 45071.4 21923.5 24778.9 20292.5 14024.2 7899.24 8552.98 13588 1317.5 155.894 12270.5 6187.47 34.251 8518.73 3972.55 2605.77 11739.5 1161.6 1039.72 198.549 153.336 121.886 105.588 45.213 13.5421 116.602 76.4419 60.601 14.0101 46.5909 83.3289 38.1008 7836.75 3232.24 201.621 417.601 367.742 217.912 149.83 3030.61 472.916 11733.8 218.341 11515.5 3306.73 8208.76 2555.92 750.804 745.474 511.738 406.806 104.932 91.4981 233.736 401.009 105.589 100.03 295.42 195.05 49.8175
internal_count=450279 288031 194920 93111 107617 87303 59760 33351 36700 59116 5739 679 53377 26298 148 36552 16722 11066 50603 5060 4529 865 668 531 460 197 59 508 333 264 61 203 363 166 33462 13607 849 1817 1600 948 652 12758 2017 50578 946 49632 14271 35361 11030 3241 3218 2209 1756 453 395 1009 1731 456 432 1275 842 215
is_linear=0
shrinkage=0.05


Tree=5
num_leaves=63
num_cat=0
split_feature=22 8 8 8 8 8 8 8 2 31 20 20 0 2 3 31 25 16 6 14 13 16 10 8 13 6 14 25 25 23 8 30 20 25 16 20 20 28 23 30 26 36 3 26 16 27 20 13 1 34 27 26 20 23 30 34 20 2 31 31 35 2
split_gain=82760.9 1151.16 151.968 136.495 28.3456 23.8352 17.0049 13.4358 10.0437 9.19055 11.768 8.77594 10.6448 8.85413 8.55123 9.95705 8.49001 9.53182 10.0366 8.3696 8.35274 7.8108 8.36125 7.54114 7.33749 17.0789 12.7636 12.4097 9.47252 7.29078 7.02284 10.3785 7.90182 8.213 6.9986 8.0658 11.2073 7.62064 7.18704 6.90641 6.81592 11.2456 8.48531 6.86864 7.59461 7.40017 6.77706 14.1252 6.74347 7.94365 7.1292 6.63168 11.2437 8.68577 6.61856 8.67133 9.5329 12.1553 9.34815 7.19367 6.90203 8.17272
threshold=1.0000000180025095e-35 0.028174603357911113 0.023532669059932235 0.035098522901535041 0.025320513173937801 0.031754031777381904 0.037749288603663451 0.021507862955331806 0.11874999850988389 2.5000000000000004 0.19385080039501193 0.018865740858018402 0.68750000000000011 0.47499999403953558 0.51874998211860668 33.500000000000007 45.690477371215827 0.028869047760963443 69.500000000000014 0.15476191043853763 0.29166667163372045 0.77656248211860668 0.24722222238779071 0.029857398010790352 0.048809524625539787 70.500000000000014 0.18333333730697635 58.708333969116218 16.816666603088382 11.550000190734865 0.039230769500136382 50.500000000000007 0.26885081827640539 27.535714149475101 0.47218750417232519 0.34173850715160375 0.35423175990581518 0.46428571641445165 34.309522628784187 7.5000000000000009 7.3927893638610849 0.48749999701976782 0.98125001788139354 7.5027768611907968 0.66919642686843883 0.73214286565780651 0.31045833230018621 0.051315790042281158 0.55000001192092907 0.45000000298023229 0.30952382087707525 9.6735606193542498 0.41031010448932653 65.083332061767592 4.5000000000000009 0.65000000596046459 0.26055163145065313 0.10624999925494195 63.500000000000007 60.500000000000007 0.56250000000000011 0.28125000000000006
decision_type=2 2 2 2 2 2 2 2 2 2 2 2 2 2 2 2 2 2 2 2 2 2 2 2 2 2 2 2 2 2 2 2 2 2 2 2 2 2 2 2 2 2 2 2 2 2 2 2 2 2 2 2 2 2 2 2 2 2 2 2 2 2
left_child=-1 2 7 5 16 23 -5 8 20 10 -10 12 13 -6 39 -16 17 18 -4 54 -2 40 29 -3 -25 27 -27 28 -26 -23 32 -32 33 -21 35 37 -37 -12 -39 -14 46 42 43 -42 45 51 47 -18 49 -46 -50 52 -45 -53 55 56 57 -8 59 -58 -60 -62
right_child=1 3 4 6 11 -7 19 -9 9 -11 34 -13 14 -15 15 -17 21 -19 -20 30 -22 22 -24 24 25 26 -28 -29 -30 -31 31 -33 -34 -35 -36 36 -38 38 -40 -41 41 -43 -44 44 48 -47 -48 -49 50 -51 -52 53 -54 -55 -56 -57 58 -59 60 -61 61 -63
leaf_value=-0.067467592705849372 0.019057807835638443 0.034194430770683071 0.046198557637344054 0.042692089318132301 0.040683682708319312 0.039486359328022989 0.041785452645864279 0.023848532441501868 0.029361718411787946 0.023847362414594824 -0.047471374212385842 0.03039477283315822 0.091867350623349761 0.089925687593630343 0.00053830050683924572 0.073897937207966308 0.01522100777105378 0.027865385316273718 0.018968647690380813 0.04297289209476865 -0.022915776088833269 0.021720360364935326 0.0082790020060502477 0.038241196525648224 0.047039275590097678 0.027488786302432275 0.086669398190543284 -0.040791767997149286 0.03605641564310752 0.054222095408045991 0.076972642329220617 0.03212111216166974 0.066848670541925712 -0.017069595246725949 0.018430944470847685 0.073917281415381605 0.0027752816876333367 -0.045638408381853013 0.010344507665438964 0.031439347861585386 0.079569151845325647 -0.035057597440057653 0.0066874122940170228 -0.030832853012643453 0.0080030890934239922 0.047282220385055009 0.0090787071738081676 0.071803321288675268 0.053543281531811981 0.046356689053594254 -0.011406533689521291 0.027905420963594177 0.040443648397911536 0.087610758530787813 0.046176160393877251 0.06197818164572351 0.035440345530238331 0.084732765393878806 0.083171725810683758 -0.0050207748542222888 0.059142911553304284 -0.006537400402435777
leaf_weight=31172.756355553865 2797.5245220959187 5036.9345365166664 36.394615203142166 3984.4974451959133 318.04496996104717 6271.6384367644787 35.228694468736649 15456.723249673843 83.456965923309326 2805.4713465422392 14.552885681390761 11480.487130790949 5.2022463977336875 9.3985865265130979 43.254309773445129 5.1793387085199347 49.169340208172798 8376.6701468378305 482.15815109014511 36.758218720555305 11.903120234608648 26.279878094792366 22.319575324654579 3494.8888110667467 250.62457384169102 701.51976142823696 9.2306563258171064 4.9637213349342337 906.14514698088169 50.2407016903162 68.104523375630379 15.911304622888563 30.547158494591713 6.7396665066480628 71.691842392086983 6.2371963411569586 49.235833436250687 7.6253753900527981 23.100592687726021 51.914466634392738 6.2923835366964331 7.9178264886140814 54.70667976140976 12.35647462308407 29.801999926567078 55.686500072479248 193.67071597278118 14.219760954380034 4.8925816267728797 24.681080728769302 30.963261380791664 192.63770045340061 10.019334465265272 6.2903770357370368 3477.096504420042 159.90788504481316 79.943406343460083 30.949180573225021 16.807905673980713 12.73539277911186 17.532028451561931 6.4893675446510306
leaf_count=162466 12099 21361 157 16701 1353 26396 147 66647 361 12134 63 48968 22 40 184 22 211 35914 2080 153 52 113 96 14771 1059 2965 39 21 3830 216 283 66 127 28 310 27 213 33 100 221 27 34 235 53 128 239 832 61 21 106 133 827 43 27 14482 666 333 129 70 53 73 27
internal_value=-7.1765e-05 0.0310144 0.026069 0.0396251 0.029025 0.0370516 0.0450033 0.0230751 0.0210388 0.02302 0.0139491 0.0306583 0.0376461 0.0420971 0.0238379 0.00838314 0.0270164 0.0274582 0.0208798 0.0473085 0.01888 0.0220563 0.0352058 0.035584 0.036888 0.0343624 0.0282574 0.0380974 0.038436 0.0430598 0.0585842 0.0684785 0.0473577 0.0336698 0.00648987 -0.00200702 0.0107742 -0.0176659 -0.00354898 0.0369432 0.0201816 0.0239872 0.0250787 0.0277716 0.0268843 0.0309901 0.0137233 0.0279138 0.0142953 0.0253774 -0.00254404 0.0268905 0.001083 0.0297934 0.046844 0.0533017 0.0463535 0.0618705 0.038662 0.0298804 0.0585955 0.0413994
internal_weight=98756.3 67583.6 42928.4 24655.2 21600.9 16675.9 7979.25 21327.5 5870.8 3061.37 255.901 11913.5 432.994 327.444 105.55 48.4336 9687.37 8895.22 518.553 3994.75 2809.43 792.146 98.8402 10404.3 5367.37 1872.48 710.75 1161.73 1156.77 76.5206 158.061 84.0158 74.045 43.4979 172.444 100.752 55.473 45.2789 30.726 57.1167 693.306 436.246 428.328 373.622 367.329 276.99 257.06 63.3891 90.3389 54.4831 35.8558 221.304 22.3758 198.928 3836.69 359.594 199.686 66.1779 133.508 92.6788 40.8293 24.0214
internal_count=450648 288182 184402 103780 92363 70442 33338 92039 25392 13241 1107 50810 1842 1393 449 206 41553 38151 2237 16637 12151 3402 425 44046 22685 7914 3004 4910 4889 329 657 349 308 181 746 436 240 196 133 243 2977 1873 1839 1604 1577 1189 1104 272 388 234 154 950 96 854 15980 1498 832 276 556 386 170 100
is_linear=0
shrinkage=0.05


Tree=6
num_leaves=63
num_cat=0
split_feature=10 8 8 8 8 8 8 8 16 35 18 18 2 16 26 24 23 20 18 20 18 31 20 36 16 18 18 18 26 24 10 30 8 23 32 14 18 26 26 31 14 1 16 18 18 36 23 13 25 2 3 25 27 10 0 35 31 23 23 27 16 3
split_gain=75934.2 1016.4 150.712 115.632 38.1847 20.5609 18.0989 11.0177 9.79686 10.7619 10.1575 10.4297 11.5562 11.7094 9.57351 13.4355 9.72611 9.67583 9.40638 13.1733 9.2719 11.5294 9.26209 9.2165 9.19575 14.8068 10.0853 11.0807 9.61917 8.90775 10.4581 8.74789 10.4651 8.74448 8.63643 8.12587 9.54621 8.11491 9.79018 8.65578 8.19516 10.0508 8.50053 8.76068 9.52263 13.2906 10.086 9.91544 10.9598 9.91693 9.39076 8.2551 8.07219 8.02987 8.00224 7.9497 9.8138 9.21678 7.88149 9.07762 7.76636 7.73429
threshold=0.026494565419852737 0.027402402833104137 0.032795699313282974 0.022991543635725979 0.037749288603663451 0.025320513173937801 0.029857398010790352 0.021980676800012592 0.028869047760963443 0.18750000000000003 0.36733439564704901 0.44538351893424993 0.25624999403953558 0.63839286565780651 22.485873222351078 26.857115745544437 33.690477371215827 0.30840773880481726 0.28141447901725775 0.2626893818378449 0.4635016024112702 73.500000000000014 0.014793770853430034 1.0000000180025095e-35 0.17942707985639575 0.4338760524988175 0.41982230544090277 0.42631945013999945 1.9695359468460085 6.343194007873536 0.17902930825948718 7.5000000000000009 0.026671408675611023 17.083333015441898 2.5000000000000004 0.051315790042281158 0.27534721791744238 13.462396144866945 15.093799114227297 76.500000000000014 0.014815627597272398 0.65000000596046459 0.32578124105930334 0.28782893717288976 0.36733439564704901 0.21249999850988391 38.535715103149421 0.051315790042281158 38.354166030883796 0.25624999403953558 0.83124998211860668 15.354166507720949 0.46428571641445165 0.16172623634338382 0.68750000000000011 0.43750000000000006 73.500000000000014 27.354166984558109 42.062500000000007 0.6904762089252473 0.50765624642372142 0.89374998211860668
decision_type=2 2 2 2 2 2 2 2 2 2 2 2 2 2 2 2 2 2 2 2 2 2 2 2 2 2 2 2 2 2 2 2 2 2 2 2 2 2 2 2 2 2 2 2 2 2 2 2 2 2 2 2 2 2 2 2 2 2 2 2 2 2
left_child=-1 3 6 7 18 8 -3 20 9 -5 -10 12 14 -14 17 16 -16 -12 -4 -20 21 61 31 -11 25 -19 -26 -28 -29 -30 34 -7 33 -33 -31 -6 60 39 -39 -24 41 51 -42 53 46 -46 50 49 -49 -47 -45 -40 -43 -44 -35 56 -13 -57 59 -48 -37 -2
right_child=1 2 4 5 35 22 -8 -9 10 23 11 55 13 -15 15 -17 -18 24 19 -21 -22 -23 37 -25 26 -27 27 28 29 30 -32 32 -34 54 -36 36 -38 38 40 -41 42 52 43 44 45 47 58 48 -50 -51 -52 -53 -54 -55 -56 57 -58 -59 -60 -61 -62 -63
leaf_value=-0.066294548541753318 0.019736946814932176 0.031469567632520394 0.037104357303838827 -0.0029676844472973497 0.043140169824452582 0.063033618543520589 0.034903945362010129 0.022372557764271491 0.026357872228446346 -0.0002184231701173425 0.029718270652510061 0.023961962846329423 0.028306276750736353 -0.0026412694144612153 0.011857483220994537 0.012408121641988505 0.042978837895813825 -0.014292443192009048 0.051468569113318943 0.039682109549118369 0.023655240486553694 -0.019805679648454783 0.026601147225831415 0.022712953369758329 0.018925702748158076 0.06822998994506671 -0.010737782366715947 0.0443670425218863 -0.025716804153981671 0.085649740876142924 0.0032211124936909856 0.10270598233220847 0.01908853513682339 0.046032954149859938 0.023370906478616102 0.045234383614433687 0.054446385451609014 0.034780731944399144 0.098853917317580836 -0.042750335527259015 0.028878883981836429 0.017655315282223725 0.03284490062590608 0.036753988898651571 0.010149886941090792 0.012833135774171943 -0.022420610703035727 0.036343192095739489 0.11618783567726353 0.048566439333389423 0.07639674586778783 0.032650769474360575 0.029816004313820185 0.0038246541482471088 0.017886333276780582 0.019549600649799902 0.003048106071338378 0.03160944780000903 0.029971804725146968 0.056272453807420242 -0.016703624655886925 0.013883349449262209
leaf_weight=30118.070396602154 7871.783356115222 7897.8950069695711 4585.90667745471 49.675370708107948 2899.6930305212736 29.862673357129097 7459.2821477204561 7673.2068514972925 9070.8828609585762 47.054744467139244 107.68145258724689 1078.8031206130981 520.74568472802639 32.470623433589935 32.111066088080406 99.580873310565948 115.06665793061256 51.201859593391418 254.57889078557491 3445.8796788603067 1375.5393889844418 18.873255789279938 4826.8390338122845 636.86307168006897 562.88533054292202 6.0813294500112525 65.794912472367287 21.751743137836456 16.620895966887474 6.3341183662414542 97.950017735362053 5.6960892081260672 75.597847729921341 109.21800065040588 45.942306444048882 743.42698168754578 391.72670096158981 737.67993849515915 4.7253230959177008 4.5033934861421576 791.9361477047205 227.2942703217268 30.388564854860306 62.262863904237747 174.42849312722683 54.477152332663536 16.271589905023578 11.541377365589144 6.8479402065277091 30.169317901134491 19.654371574521065 1342.2181598991156 341.48280531167984 110.55843709409237 32.846655577421188 200.76427029073238 59.169563680887222 751.31583377718925 74.708028391003609 4.7300012111663809 5.0957674682140341 607.88322238624096
leaf_count=162290 33857 33277 19101 213 11979 125 31235 32863 38652 203 460 4607 2222 139 137 425 491 219 1060 14345 5898 82 20467 2728 2403 26 281 93 71 27 418 24 319 460 196 3064 1613 3120 20 20 3350 963 129 263 740 231 69 49 29 128 83 5682 1447 469 139 858 253 3206 316 20 21 2617
internal_value=-0.000196592 0.0290646 0.0364429 0.0240025 0.0405608 0.0263506 0.0331377 0.0209513 0.0251241 0.0195031 0.0254427 0.0232989 0.0204888 0.0264898 0.0177875 0.026592 0.0361888 0.0155757 0.0386176 0.040493 0.0198468 0.0192304 0.0281886 0.0211352 0.0138343 -0.00553165 0.0151917 0.00692968 0.0130932 0.00901603 0.0128588 0.0376175 0.0342194 0.0419608 0.030917 0.0445464 0.0481223 0.0279195 0.0295728 0.0265365 0.0284099 0.0305296 0.0254842 0.0209739 0.0243474 0.0185604 0.033387 0.0327986 0.0660763 0.025569 0.0462655 0.032883 0.0249564 0.0100815 0.0395252 0.0256951 0.0228745 0.0290664 0.0223644 -0.00469727 0.0448127 0.0193173
internal_weight=98151.5 68033.5 27683.5 40350 12326.3 22802.7 15357.2 17547.3 13676.7 733.593 12943.2 3872.27 1782.22 553.216 1229 246.759 147.178 982.244 8286.37 3700.46 9874.08 8498.54 9125.94 683.918 874.563 57.2832 817.279 254.394 188.599 166.847 150.226 253.221 223.359 147.761 52.2764 4039.94 1140.25 8872.72 4041.37 4831.34 3303.69 1915.72 1387.97 596.038 455.091 277.464 177.627 103.036 18.3893 84.6465 81.9172 1346.94 568.777 140.947 142.065 2090.05 1137.97 952.08 95.7096 21.0016 748.523 8479.67
internal_count=450292 288002 115695 172307 51183 96990 64512 75317 58328 3144 55184 16532 7608 2361 5247 1053 628 4194 34506 15405 42454 36556 38662 2931 3734 245 3489 1086 805 712 641 1067 942 623 223 16677 4698 37595 17108 20487 13988 8112 5876 2526 1928 1177 751 437 78 359 346 5702 2410 598 599 8924 4860 4064 405 89 3085 36474
is_linear=0
shrinkage=0.05


Tree=7
num_leaves=63
num_cat=0
split_feature=22 33 33 33 33 33 33 14 13 14 16 27 16 20 23 31 36 0 24 25 18 27 23 18 18 11 16 30 16 20 18 22 14 26 25 22 14 23 33 27 23 24 18 6 2 14 25 3 14 26 33 25 2 20 35 30 30 14 36 6 0 29
split_gain=70330.2 917.718 159.034 82.4368 21.7412 19.3296 16.455 15.6803 10.7435 9.11648 9.03367 10.2655 8.9337 17.8307 8.3526 10.9086 9.8697 8.19135 7.95656 12.1235 8.64829 11.2157 7.92808 10.5249 7.82622 7.66254 7.64259 8.69312 7.59925 8.43549 12.8101 10.4058 7.36384 10.086 9.26003 8.33269 10.6498 13.6938 7.23181 7.22473 7.21697 13.1748 9.20726 7.78924 8.52174 7.21486 7.1531 7.12441 7.09061 7.31433 7.1085 7.07895 11.1795 10.2309 8.06402 7.17651 8.39998 7.47331 7.91711 7.06786 15.424 7.02031
threshold=1.0000000180025095e-35 0.56874999403953563 0.48125000298023229 0.65625000000000011 0.44374999403953558 0.61875000596046459 0.54375001788139354 0.048809524625539787 0.017700501717627052 0.074175827205181136 1.0000000180025095e-35 0.93750000000000011 0.069196429103612914 0.0043614129535853871 41.267856597900398 32.500000000000007 0.43750000000000006 0.31250000000000006 11.503437519073488 9.0833334922790545 0.011498397681862118 0.77500000596046459 18.083333015441898 0.56294643878936779 0.37974758446216589 1.0000000180025095e-35 0.023325893096625808 18.500000000000004 0.055178571492433555 0.15840774029493335 0.042573530226945884 1.2071067690849306 0.087121214717626586 26.936963081359867 40.071428298950202 1.2071067690849306 0.22500000149011615 57.071428298950202 0.51874998211860668 0.18333333730697635 45.062500000000007 13.123684883117678 0.57548075914382946 69.500000000000014 0.21249999850988391 0.069047622382640853 20.267857551574711 0.19375000149011615 0.046536797657608993 22.714715957641605 0.68125000596046459 31.816666603088382 0.74375000596046459 0.22730824351310733 0.31250000000000006 59.500000000000007 56.500000000000007 0.060661764815449722 0.087500002235174193 72.500000000000014 1.0000000180025095e-35 0.46428571641445165
decision_type=2 2 2 2 2 2 2 2 2 2 2 2 2 2 2 2 2 2 2 2 2 2 2 2 2 2 2 2 2 2 2 2 2 2 2 2 2 2 2 2 2 2 2 2 2 2 2 2 2 2 2 2 2 2 2 2 2 2 2 2 2 2
left_child=-1 2 4 5 32 -3 9 48 22 12 11 -8 13 -4 16 28 18 -18 19 61 21 -20 -7 51 25 -14 27 -9 39 30 -30 -32 -2 34 -34 36 37 -36 -21 59 42 -42 -25 -43 -45 -12 -31 -22 50 -50 -5 52 54 -53 -24 56 -56 58 -57 -16 -61 -15
right_child=1 3 6 7 -6 8 10 26 -10 -11 45 -13 24 14 15 -17 17 -19 20 38 47 -23 23 40 -26 -27 -28 -29 29 46 31 -33 33 -35 35 -37 -38 -39 -40 -41 41 43 -44 44 -46 -47 -48 -49 49 -51 -52 53 -54 -55 55 57 -58 -59 -60 60 -62 -63
leaf_value=-0.065280621684348492 0.019714102596324237 0.032575684352117162 0.056593003011826903 0.037861824988115196 0.022397487938893276 0.056290928125676487 -0.029015448560030854 0.054373963112721108 0.034706418513683855 0.022192624017082399 0.029868485211705806 0.051190787864966975 0.027557606971150568 0.021828598358914257 0.050236507073115035 -0.00060871879587405845 0.028916677050423459 -0.010895666672018758 0.019416753172724881 -0.022182047150745524 0.078697330739101637 -0.047291784457461773 0.057211535743407531 -0.022471957274728033 0.024842899136288205 0.073677237348083638 0.045559259622517438 0.022005779357801999 0.033797799013387766 0.017664416616684084 -0.0046838489047862216 -0.081445035832464208 0.013604267374648175 -0.030436415831572514 0.073795996216249743 -0.016573702161100844 -0.021855160830759078 0.0024896759178572583 0.020532926290954115 0.020588564490133344 0.0056852486086381993 0.082996675612155693 0.022956816226303349 0.066837715679384221 -0.00050150986782195788 0.024310402912602752 0.066156616422763007 0.03063449900416311 0.024998699793205657 0.087429300252233874 0.042151168564893343 0.076937120596110589 0.090692337018057317 0.041862462380043999 0.035281230123117555 -0.0034951670206031585 0.062434544987941834 -0.012351873424525026 0.039192514854415217 0.0919302503908693 0.0090714390324409307 0.0651282036999275
leaf_weight=29113.992707133293 13182.676060587168 10061.734922155738 38.564858138561249 2532.8343628793955 11431.767206460238 64.994836404919624 13.457845807075502 29.202463060617447 4425.0467510968447 1530.4366358220577 4729.6346989572048 5.6702105253934851 8264.1714002341032 166.34818221628666 44.058479845523834 68.012021213769913 21.311259552836418 32.812434613704681 44.571591764688492 25.656809344887733 7.812412589788436 7.338283196091651 42.591973304748535 14.498405173420904 3705.5141876041889 9.0160141289234144 1665.3745766729116 71.610118985176086 22.080492168664932 56.447828203439713 64.320705458521843 4.7404100000858298 622.59748595952988 12.325310245156286 25.723196879029274 6.3203149586915961 5.1569124162197104 9.1201662570238096 16.143855303525925 515.72543521225452 20.52700412273407 15.221557751297949 48.343113660812378 9.9076872467994708 8.9353062361478788 666.10258834064007 8.7889200747013074 589.78828591108322 120.54268145561218 4.8815782815217963 1561.3312449902296 21.308923184871674 9.4198259562253934 854.74253797531128 802.64557181298733 14.759245306253431 29.530001670122147 14.510720923542975 41.132420271635056 6.6341204494237891 36.611654177308083 9.9193359464406949
leaf_count=162390 56336 41885 162 10422 48577 268 57 120 18313 6462 19807 24 34800 703 186 287 90 139 188 109 33 31 176 60 15649 38 6827 294 93 238 271 20 2667 53 110 27 22 39 68 2179 85 63 200 41 37 2790 37 2491 495 20 6401 88 39 3533 3318 61 122 60 170 28 155 42
internal_value=-0.000181843 0.0274894 0.0234432 0.0357681 0.0207832 0.0339446 0.026692 0.0407945 0.0360841 0.0258535 0.0290607 -0.00523958 0.0262605 0.0229634 0.0222219 0.0185752 0.0254956 0.00478048 0.0267879 0.0185242 0.0295624 0.00998644 0.0391123 0.0385392 0.0267525 0.0276079 0.04475 0.0313819 0.0202933 0.0104713 0.000646474 -0.0099528 0.0194521 0.0143831 0.0152089 0.0367767 0.0452064 0.0551317 -0.00568508 0.0228403 0.0240287 0.0373275 0.0124758 0.0563948 0.0349056 0.0291823 0.0241975 0.0312628 0.0391388 0.0274285 0.0394976 0.03947 0.0364914 0.0427156 0.0359512 0.034948 0.0362448 0.0196195 0.02792 0.0361419 0.0217824 0.0242653
internal_weight=97607 68493 46007.4 22485.6 25295.7 16499.9 20711.7 5985.78 6438.12 15296.8 5414.87 19.1281 13766.4 1787.69 1749.12 827.42 921.702 54.1237 867.579 218.068 649.511 51.9099 2013.07 1948.07 11978.7 8273.19 1766.19 100.813 759.408 156.378 91.1416 69.0611 13863.9 681.243 668.918 46.3206 40.0003 34.8434 41.8007 603.03 117.433 54.5916 62.8415 34.0646 18.843 5395.74 65.2367 597.601 4219.59 125.424 4094.17 1830.64 954.59 876.051 945.17 902.578 832.176 70.4024 55.8917 87.3043 43.2458 176.268
internal_count=450496 288106 195008 93098 107831 68519 87177 24579 26634 64499 22678 81 58037 7550 7388 3494 3894 229 3665 922 2743 219 8321 8053 50487 34838 7241 414 3207 659 384 291 59254 2918 2865 198 171 149 177 2548 486 226 260 141 78 22597 275 2524 17338 515 16823 7567 3946 3621 3907 3731 3440 291 231 369 183 745
is_linear=0
shrinkage=0.05


Tree=8
num_leaves=63
num_cat=0
split_feature=22 8 8 8 8 8 8 25 8 20 13 20 16 2 18 24 4 18 18 16 26 26 35 30 4 14 14 10 23 10 20 0 26 23 1 25 20 2 4 14 26 14 18 10 30 16 1 20 34 26 27 24 18 13 31 32 23 25 18 23 1 13
split_gain=65045.7 798.428 111.123 97.9598 20.1709 17.6838 14.5388 9.38352 7.09255 7.79594 6.87754 6.72422 10.2875 7.458 6.4852 7.85534 6.40215 6.24485 11.3379 10.4123 10.0304 9.97296 9.58502 8.57507 8.05093 7.81591 8.46775 11.3439 7.22667 7.15216 6.581 6.86785 6.94855 6.41892 11.1941 6.36646 6.35375 6.21151 8.64702 10.5578 6.17531 9.11123 6.91204 6.08553 6.50411 16.3273 8.63807 9.683 7.34388 8.57752 7.45773 6.96581 6.67516 6.07985 6.04781 6.85676 6.98735 5.93569 9.17738 9.51177 7.79158 7.8129
threshold=1.0000000180025095e-35 0.028174603357911113 0.024695121683180336 0.035098522901535041 0.021980676800012592 0.031754031777381904 0.040833333507180221 74.166667938232436 0.037749288603663451 0.61350160837173473 0.29166667163372045 0.11504310369491579 0.013281249906867744 0.21249999850988391 0.013693181797862055 19.43136024475098 0.45000000298023229 0.013693181797862055 0.025328947231173519 0.27332589030265814 10.990348339080812 11.324418544769289 0.68750000000000011 12.500000000000002 0.75000000000000011 0.074175827205181136 0.048809524625539787 0.19538705796003344 61.083333969116218 0.24417344480752948 0.0063577587716281423 0.31250000000000006 12.00255060195923 29.535714149475101 0.15000000223517421 22.816666603088382 0.022944820113480095 1.0000000180025095e-35 0.35000000894069677 0.032795699313282974 31.039401054382328 0.021980676800012592 0.50788351893424999 0.21352583914995196 55.500000000000007 0.65089285373687755 0.75000000000000011 0.42521552741527563 0.55000001192092907 13.22298049926758 0.77500000596046459 30.69484901428223 0.55645832419395458 0.042572464793920524 47.500000000000007 5.5000000000000009 39.062500000000007 26.464285850524906 0.0094951926730573195 37.690477371215827 0.75000000000000011 0.026671408675611023
decision_type=2 2 2 2 2 2 2 2 2 2 2 2 2 2 2 2 2 2 2 2 2 2 2 2 2 2 2 2 2 2 2 2 2 2 2 2 2 2 2 2 2 2 2 2 2 2 2 2 2 2 2 2 2 2 2 2 2 2 2 2 2 2
left_child=-1 2 4 5 10 57 8 -4 -5 11 17 13 -13 -10 15 -15 -17 20 19 22 23 -22 24 28 25 26 29 -28 37 -19 -23 32 -32 34 -25 -34 -31 -2 -39 53 -6 42 -42 -7 45 -45 47 -47 49 -46 -51 52 -50 -40 55 56 -16 -3 59 -59 -60 -62
right_child=1 3 7 6 40 43 -8 -9 9 -11 -12 12 -14 14 54 16 -18 18 -20 -21 21 30 -24 33 -26 -27 27 -29 -30 36 31 -33 35 -35 -36 -37 -38 38 39 -41 41 -43 -44 44 48 46 -48 -49 51 50 -52 -53 -54 -55 -56 -57 -58 58 60 -61 61 -63
leaf_value=-0.064314956831322531 -0.012958271934015463 0.030779720930373525 0.02546094456080731 0.035532756138834672 0.021014364388675107 0.031703875780017272 0.04419981262082321 -0.041017183869221319 0.039086000551221911 -0.018934318570608136 0.0010645052543466023 0.0080829424005689886 0.037852733463252443 0.058551045235562343 0.036944533966059401 0.033039651698652216 -0.02636154362246786 0.038396751165016486 0.018331729871524077 0.057487401950755017 0.091162041503601798 -0.031320476448355443 -0.041690265727354167 0.062774644979405769 0.0083947296645913352 0.069218097715749369 0.043048820605737309 -0.052016032756261911 0.062609795691130177 0.057303387009340304 0.050201986850623694 0.041823393156777522 0.012953198283209255 -0.006773122949924733 0.002723477747983134 -0.060282451351247823 -0.0087550565017460395 0.051298124947583623 0.050058077247430437 -0.0420090202450671 0.055461092467250631 -0.0084907640621788294 0.01716343010244183 0.03436449099649598 0.056887597793371658 -0.026755107825983865 -0.039684563346846724 0.039015629656233369 0.059807540733666675 0.029304792787498753 0.057786112166861005 -0.00043244073919591935 0.011401017626073012 -0.014994483860506006 0.00071000571736107266 0.065681408083897871 0.057086362523349199 0.033340121339611971 0.029557788277365455 -0.029656675590087018 0.028649455172532728 0.01959089711494626
leaf_weight=28066.587120875716 14.969199776649473 5745.4412991553545 14799.898653522134 4061.9695327728987 18784.521575629711 3711.7796286940575 759.32832305133343 5.3101191520690909 487.92107245326042 5.867701604962348 57.645567953586578 29.358878329396248 2514.8876371532679 12.271892681717874 81.504883304238319 10.311108440160753 8.0988373756408674 105.47205720841885 9373.0347494930029 29.150368392467499 5.8493334650993338 5.1502143740653983 5.169451192021369 9.8227100670337659 43.802647173404694 13.378893882036207 5.6551268398761732 7.0503964722156525 9.1270208358764631 4.7113399803638485 5.3830850720405605 32.060174569487572 7.0139574408531171 110.2118244022131 36.964073225855827 5.1437876522541046 16.009308889508247 17.545860454440117 10.772359326481824 7.9508387446403495 39.509850367903709 9.6722780019044858 16.787419125437737 2298.9021174609661 43.773482203483582 8.68475489318371 9.9297594130039197 15.735132381319998 86.684710055589676 194.99865449965 26.055098757147789 5.8415801376104346 7.7593641579151145 5.3883111029863349 5.6409465521574012 75.097339525818825 91.280569329857826 10.620835989713671 3882.8656194657087 13.748076915740965 523.02702866494656 436.83728471398354
leaf_count=162201 64 23810 61946 16655 79389 15295 3090 23 1989 24 247 120 10246 50 332 42 33 448 39895 123 25 22 22 42 186 57 24 30 39 20 23 137 30 471 158 22 68 75 46 34 167 41 71 9458 180 36 41 65 356 801 107 24 32 23 23 306 372 44 16096 57 2168 1811
internal_value=-0.000170255 0.02601 0.0219168 0.0331015 0.0201068 0.0309438 0.0376116 0.0254371 0.0369342 0.0386476 0.0182848 0.0387495 0.0375092 0.0428364 0.0492751 0.0275639 0.00690809 0.0183852 0.0186011 0.0295588 0.0110696 0.0291055 0.0255135 0.00616284 0.0272852 0.0327191 0.0292035 -0.00970343 0.0213217 0.0331208 0.0224757 0.0280615 0.00290834 -0.000185927 0.015331 -0.0180319 0.00626493 0.0146669 0.0245938 0.00516109 0.021068 0.036339 0.044041 0.0330174 0.0348243 0.0338532 -0.00036401 0.0156247 0.0410298 0.0366661 0.0326618 0.0525533 0.0558305 0.0283682 0.0519026 0.0530676 0.0475852 0.0296914 0.0284066 -0.00220044 0.0285606 0.0245269
internal_weight=96832.9 68766.4 43600.1 25166.2 28794.9 17022.7 8143.54 14805.2 7384.21 3322.24 9944.43 3316.37 2544.25 772.127 284.206 30.6818 18.4099 9886.79 9603.43 230.4 283.353 60.6006 201.249 222.752 196.08 152.277 138.898 12.7055 65.7536 126.193 54.7512 49.601 17.5408 156.999 46.7868 12.1577 20.7206 56.6266 41.6574 24.1115 18850.5 65.9695 56.2973 6410.14 2698.36 2333.25 34.3496 24.4199 365.113 264.827 221.054 100.286 94.4441 16.1607 253.524 247.883 172.785 10612.5 4867.1 24.3689 4842.73 959.864
internal_count=449832 287631 183968 103663 121999 70381 33282 61969 30192 13537 42331 13513 10366 3147 1158 125 75 42084 40873 978 1211 259 855 952 833 647 590 54 281 536 234 212 75 671 200 52 88 242 178 103 79668 279 238 26395 11100 9600 142 101 1500 1088 908 412 388 69 1033 1010 704 43986 20176 101 20075 3979
is_linear=0
shrinkage=0.05


Tree=9
num_leaves=63
num_cat=0
split_feature=22 8 8 8 8 8 8 8 26 2 20 20 25 16 14 23 23 24 3 20 20 20 23 14 23 27 23 13 23 26 14 16 13 34 20 30 16 36 26 26 14 8 23 27 34 16 30 4 1 16 4 35 2 13 16 0 26 0 8 1 30 36
split_gain=60419.3 759.693 117.798 73.9751 19.0554 14.9908 13.7634 10.4511 9.82931 9.49379 9.39851 8.26917 7.75957 7.69536 9.44779 18.6739 8.58608 10.9995 8.52194 7.74241 7.70284 8.88558 8.62006 12.4814 10.4746 7.68158 8.26507 7.6426 7.45851 13.2613 7.44971 7.4183 7.24667 8.19334 7.20725 7.03642 6.92533 6.88091 8.13839 6.86259 6.84911 8.78123 8.38642 8.2772 7.1558 9.14673 9.76833 8.38706 6.94697 6.81243 6.73606 6.59473 8.95551 8.78264 6.57268 7.32665 6.43334 6.90373 7.27602 7.28242 6.40445 10.4386
threshold=1.0000000180025095e-35 0.027402402833104137 0.033908046782016761 0.023532669059932235 0.037749288603663451 0.028991596773266796 0.022474748082458976 0.025320513173937801 28.872324943542484 0.10624999925494195 0.56594064831733715 0.014793770853430034 41.354166030883796 0.028869047760963443 0.037749288603663451 65.083332061767592 41.354166030883796 17.282276153564457 0.54375001788139354 0.090036764740943923 0.30840773880481726 0.30269798636436468 30.535714149475101 0.032795699313282974 29.774999618530277 0.58571431040763866 24.464285850524906 0.051315790042281158 50.845237731933601 13.373377323150637 0.028991596773266796 1.0000000180025095e-35 0.29166667163372045 0.45000000298023229 1.0000000180025095e-35 54.500000000000007 0.025781250558793548 0.23749999701976779 11.813951015472414 17.501190185546879 0.095454547554254546 0.021054964512586597 34.690477371215827 0.46428571641445165 0.35000000894069677 0.30863095819950109 18.500000000000004 0.84999999403953563 0.25000000745058065 0.053869048133492477 0.25000000745058065 0.56250000000000011 0.018750000279396776 0.025978407822549347 0.086718749254941954 0.43750000000000006 23.471318244934086 1.0000000180025095e-35 0.021507862955331806 0.25000000745058065 21.500000000000004 0.21249999850988391
decision_type=2 2 2 2 2 2 2 2 2 2 2 2 2 2 2 2 2 2 2 2 2 2 2 2 2 2 2 2 2 2 2 2 2 2 2 2 2 2 2 2 2 2 2 2 2 2 2 2 2 2 2 2 2 2 2 2 2 2 2 2 2 2
left_child=-1 3 5 6 -4 -3 9 13 -7 11 12 60 -10 14 16 19 17 31 30 -16 21 -15 23 49 35 -21 -27 28 37 -30 -18 -5 40 -34 -11 54 -20 -23 -39 -35 -13 42 43 -42 45 46 48 56 -43 -22 51 -51 -53 -54 55 -25 57 58 -46 -60 61 -2
right_child=1 2 4 7 -6 8 -8 -9 10 34 -12 32 -14 20 15 -17 18 -19 36 25 22 27 -24 24 -26 26 -28 -29 29 -31 -32 -33 33 39 -36 -37 -38 38 -40 -41 41 44 -44 -45 47 -47 -48 -49 -50 50 -52 52 53 -55 -56 -57 -58 -59 59 -61 -62 -63
leaf_value=-0.063423272163497441 0.0049317847853144522 0.026302985381745123 0.033451570742257047 -0.048219944717317574 0.037842153293153984 0.029578263337283042 0.019966451556657255 0.023749874188654995 0.018645409294117243 -0.029541534425580704 0.080704604297701488 0.016072442248023535 -0.013981648408260725 0.022657305932506106 0.033665315313000876 0.11798442266316798 -0.0086468927232917405 0.028878211789997516 0.0091303077016662623 0.00090998540774287612 0.05893537618734055 0.047137090923267344 0.021387369645211193 -0.062794629200826541 -0.037401252989147343 0.067333725302426387 0.014324701846943797 0.060780987536321218 -0.034877285274632221 0.054217001260132673 -0.073098011445154779 0.0088450139942036123 -0.044852096509053738 0.023093450219031482 0.018580736334420589 -0.0064794434023555782 -0.051007498946374352 0.060197848527138234 -0.01023910040395179 -0.041307363007986035 -0.02510196646308582 0.026772772377986365 -0.034387775613396732 0.061454054642498993 0.074087134087246154 0.022823167036725905 -0.034028097145924467 0.066833064043905238 -0.018453694306726564 0.010210932694928808 0.022374327021166079 0.06236395501047131 0.0061286100960281139 0.057445130663817214 0.021203624483887355 0.022938276363315038 -0.028688378459084892 0.010561495085869517 0.058060289925297139 0.00087902334040331615 0.035278341644803493 0.039850123801643537
leaf_weight=27121.272240281105 62.173684313893318 5458.1505238562822 6224.6989836096764 6.1254439800977698 4098.2450762838125 12325.861173510551 7803.1965698599815 9269.4235540479422 79.969164565205574 7.7886164039373389 5.1050326675176612 5852.309801414609 23.601258903741837 5399.0790177285671 78.504255965352058 5.2425813972949973 16.546946153044704 104.69494892656803 132.57619024813175 56.551820620894432 10.258273273706434 48.958606362342834 2917.4915612787008 5.2290887236595136 14.527604430913923 10.708975896239279 23.467365309596062 25.800699695944786 10.502007097005846 6.9344949871301642 6.1498584598302832 81.07385128736496 10.22413048148155 18.465272843837742 7630.2161735594273 56.886337593197823 4.9665792286396018 5.9623736739158657 13.13516692817211 5.3308430463075629 5.4125117510557157 19.080767914652824 21.825416967272758 5.6403104364871979 9.677098944783209 30.406287387013435 25.865361407399178 8.4774316847324354 15.298616155982016 317.72395975887775 409.69310300052166 14.529187783598898 37.386978104710579 10.730926632881163 75.964563831686974 4.7609050869941711 7.7478886395692816 81.710672035813332 8.9824513643980044 14.648628979921339 95.889563083648682 32.638586312532425
leaf_count=162547 263 22605 25420 26 16613 50678 32836 38599 329 33 21 24779 97 22594 331 22 70 442 560 239 43 205 12231 22 61 45 99 108 44 29 26 343 44 79 32302 239 21 25 55 23 23 81 93 24 41 129 110 36 65 1334 1721 61 157 45 319 20 33 347 38 62 406 138
internal_value=-0.000172122 0.0246283 0.0309413 0.020279 0.0351946 0.0284874 0.0182844 0.022543 0.0294463 0.0173449 0.014475 0.0159133 0.0112105 0.0214144 0.0155329 0.0250472 0.0108187 0.0179533 0.00227476 0.0221682 0.0217444 0.0229456 0.0200363 0.0159203 0.00304781 0.01222 0.0309348 0.0369301 0.0297322 0.000555503 -0.0261104 0.0048364 0.0155949 -0.00741764 0.0185317 0.00716168 0.00695877 0.0372075 0.0117518 0.00866628 0.0157231 0.00769786 -0.0164173 0.019068 0.011271 0.000467152 -0.0108162 0.0187333 0.00664727 0.0184514 0.0179258 0.0131343 0.0279609 0.0175729 0.0161896 -0.0219371 0.0154118 0.0183825 0.0375688 0.0226143 0.026167 0.0169522
internal_weight=96291.5 69170.2 28215.6 40954.6 10322.9 17892.7 21773 19181.6 12434.5 13969.8 108.675 6331.81 103.57 9912.16 526.609 174.475 352.134 191.894 160.24 169.232 9385.55 5510.37 3875.18 957.691 157.368 90.7282 34.1763 111.293 85.4926 17.4365 22.6968 87.1993 6141.1 34.0202 7638 142.841 137.543 68.0561 19.0975 23.7961 6107.08 254.773 32.8782 11.0528 221.895 90.651 60.2447 131.244 34.3794 800.322 790.064 380.371 62.6471 48.1179 85.9546 9.98999 122.767 115.019 33.3082 23.6311 190.702 94.8123
internal_count=450431 287884 115763 172121 42033 73730 91985 80136 51125 59149 447 26814 426 41537 2224 736 1488 811 677 714 39313 23060 16253 4022 661 383 144 466 358 73 96 369 26007 146 32335 600 581 285 80 102 25861 1082 140 47 942 385 256 557 146 3361 3318 1597 263 202 361 42 521 488 141 100 807 401
is_linear=0
shrinkage=0.05


Tree=10
num_leaves=63
num_cat=0
split_feature=10 8 8 8 8 8 8 16 6 36 18 26 23 18 16 18 30 16 18 2 20 30 18 10 32 26 16 25 14 2 13 26 16 4 4 13 23 30 25 36 10 20 14 25 20 23 26 8 18 20 10 4 29 13 14 0 20 30 18 18 26 34
split_gain=55824 663.543 104.601 81.635 27.2049 14.5937 8.75053 8.06066 7.50542 29.2249 6.90398 9.11079 10.6254 6.77919 7.99464 14.7732 7.36496 9.49698 9.43975 7.45754 6.91503 7.27178 9.08987 9.51957 10.438 8.98888 9.78571 9.13245 8.6596 8.32978 8.32847 8.0852 7.65868 10.7887 9.2939 9.24502 9.14427 7.82148 7.38129 7.94963 7.16883 7.0894 8.09745 8.02143 10.6224 9.81331 8.30091 10.19 8.1285 7.04366 7.95277 7.0176 6.93528 6.88435 6.70828 6.63157 6.54167 9.09719 9.54309 12.7431 7.20652 7.14286
threshold=0.026494565419852737 0.027402402833104137 0.032795699313282974 0.022991543635725979 0.037749288603663451 0.025320513173937801 0.028991596773266796 0.889583319425583 64.500000000000014 0.087500002235174193 0.61443451046943676 6.4989314079284677 39.535715103149421 0.36733439564704901 0.21319444477558139 0.57548075914382946 39.500000000000007 0.19136904925107959 0.37532894313335424 0.16250000149011615 0.37575826048851019 32.500000000000007 0.0072172619402408609 0.21913109719753268 4.5000000000000009 13.730087757110597 0.19665178656578067 22.354166984558109 0.054093567654490478 0.64375001192092907 0.15476191043853763 25.682084083557132 0.26636905968189245 0.84999999403953563 0.75000000000000011 0.019803921692073349 33.535715103149421 45.500000000000007 18.464285850524906 0.28750000894069677 0.19478319585323337 0.21486235409975055 0.022474748082458976 24.690475463867191 0.17274756729602816 40.354166030883796 13.287803173065187 0.024099883623421196 0.20878676325082782 0.062683824449777617 0.24357284605503085 0.84999999403953563 0.26785714924335485 0.03637566231191159 0.019419306889176372 0.68750000000000011 0.012683823704719545 8.5000000000000018 0.10474759340286256 0.082853619009256377 6.3778588771820077 0.65000000596046459
decision_type=2 2 2 2 2 2 2 2 2 2 2 2 2 2 2 2 2 2 2 2 2 2 2 2 2 2 2 2 2 2 2 2 2 2 2 2 2 2 2 2 2 2 2 2 2 2 2 2 2 2 2 2 2 2 2 2 2 2 2 2 2 2
left_child=8 3 6 -2 -4 13 -3 56 9 -1 -6 -12 -13 20 15 16 17 18 -15 -18 21 -5 25 24 28 26 27 40 -24 30 51 52 34 49 35 -25 -35 -38 39 -37 -23 43 -43 44 -40 48 47 -47 -45 50 -34 -30 -26 -53 -29 -14 57 -7 59 61 -61 -59
right_child=1 2 4 5 10 7 -8 -9 -10 -11 11 12 55 14 -16 -17 19 -19 -20 -21 -22 22 23 32 31 -27 -28 54 29 -31 -32 -33 33 36 -36 38 37 -39 41 -41 -42 42 -44 45 -46 46 -48 -49 -50 -51 -52 53 -54 -55 -56 -57 -58 58 -60 60 -62 -63
leaf_value=0.029115868952910042 0.016590379973674692 0.02473955713651339 0.030841849820564211 0.01948556489039464 0.035958695113875373 0.056752153949616392 0.027213507853856445 -0.021982755338696824 -0.062598361112380527 -0.062598361112380527 0.072986469722129257 -0.036568407495749349 0.06292828682862095 -0.021923898158138354 0.01885118966707329 0.096083560460278578 0.0048817160496647197 -0.016853066045407584 0.01478147068641379 0.084737136108890054 0.026192373818443294 -0.009844106598500893 0.029536292971633262 0.035798548303717141 0.020834198656873002 -0.044370173196749872 0.065697095932332666 0.020917301616688221 0.018401363427679299 0.064535667576018155 0.060599398970991682 -0.043622700220249007 0.010400188564561652 0.057693230549883082 0.0098409997690325629 0.01118763600060908 -0.018690782282610927 0.039596890671951171 0.03165352172519758 -0.047340696974687339 0.072957232614945161 -0.0043149215494140821 0.039172045220676639 0.023907222384372102 0.077035344366826353 -0.022665565578037439 -0.044842881241061595 0.048974202794251853 0.089166395657651332 0.011262565747069651 0.063864810045072468 0.013648331781373715 -0.014901951755712973 -0.04234981403418972 -0.04480264217660461 -0.011959181454499857 0.022451239716277369 0.031184054344229717 0.057053097251299992 0.02227204208041032 -0.05051132457267369 -0.00033685490448578459
leaf_weight=10.921260684728621 17889.799607917666 5495.6841072440147 8499.4498483091593 6425.1450845897198 4101.1605338305235 29.846681132912636 10223.572697877884 10.121689617633818 26061.057110324502 42.4386967420578 4.9279341697692898 11.339195907115938 6.8980637639760953 19.979343473911285 3742.2672043293715 4.7662859857082358 5.7263484299182874 40.349491834640503 142.08330295979977 5.9735153317451477 551.94423145055771 4.7873798757791537 1028.060172021389 166.84466533362865 572.32601174712181 9.0911651402711851 6.7140533030033103 5.7558368444442776 219.71722473204136 9.8232796937227231 10.78417134284973 5.0385772436857215 13.900354504585268 25.899902313947678 102.12508641183376 34.989461228251457 10.071124225854875 13.430730149149893 74.509614109992981 6.9549032896757117 5.7581809461116791 36.709072634577751 15.111064523458479 35.482679352164268 15.592759966850279 10.027299851179128 9.1126550883054716 9.8294430971145612 5.5130171328783026 471.11373451352119 13.921472519636152 12.439400851726534 13.906410813331602 9.822355702519415 11.932814776897429 5.1732878088951111 9091.7260461002588 140.54125311970711 23.525706231594086 5.5775692313909522 8.7149739563465101 20.608185037970543
leaf_count=50 75344 22654 34579 26829 16558 122 41876 43 162119 264 20 46 28 84 15652 20 24 169 596 25 2304 20 4288 696 2387 38 28 24 917 41 45 21 58 108 426 146 42 56 311 29 24 153 63 148 65 42 38 41 23 1965 58 52 58 41 50 21 37691 580 97 23 36 85
internal_value=-0.000233257 0.0231845 0.0290709 0.0191299 0.0324594 0.0210826 0.0263486 0.022613 -0.06256 -0.0438271 0.0357888 0.0111944 -0.00181291 0.0200579 0.0183079 0.00901989 0.00708179 0.00485229 0.0102564 0.0456529 0.0207529 0.0204343 0.022468 0.0228043 0.024946 -8.02543e-05 0.011441 -0.00146105 0.0274664 0.0193626 0.017607 0.0194444 0.0190414 0.0149131 0.0233713 0.026656 0.0372017 0.0146192 0.0206466 0.0014829 0.0353678 0.0244402 0.00836614 0.0296439 0.0395071 0.016942 -0.00533401 0.0127974 0.0326831 0.0127063 0.0371528 0.015691 0.0199865 -0.0110592 -0.0234176 0.0308346 0.0226614 0.0310112 0.0271498 0.02314 -0.0221081 0.0271531
internal_weight=95618.4 69504 28348.2 41155.8 12628.9 23266 15719.3 9330.66 26114.4 53.36 4129.5 28.3385 23.4105 13935.3 3961.15 218.878 214.112 202.412 162.063 11.6999 9974.19 9422.24 2997.1 2953.06 1881.92 44.0394 34.9483 28.2342 1290.65 262.586 252.763 591.271 1071.14 548.337 522.802 420.677 49.4018 23.5019 253.832 41.9444 10.5456 211.888 51.8201 160.067 90.1024 69.9651 28.9694 19.8567 40.9957 498.936 27.8218 241.979 586.232 22.2618 17.6887 12.0714 9320.54 228.814 198.968 175.442 14.2925 161.149
internal_count=450441 288008 115782 172226 51252 96882 64530 38677 162433 314 16673 115 95 58205 16570 918 898 849 680 49 41635 39331 12502 12318 7850 184 146 118 5384 1096 1055 2466 4468 2287 2181 1755 206 98 1059 175 44 884 216 668 376 292 121 83 171 2081 116 1010 2445 93 74 49 38634 943 821 724 59 665
is_linear=0
shrinkage=0.05


Tree=11
num_leaves=63
num_cat=0
split_feature=22 8 8 8 8 8 8 18 0 2 26 20 20 16 31 13 6 31 23 26 23 30 4 16 23 20 16 6 20 26 25 13 6 16 20 20 13 4 35 14 20 25 16 16 25 26 32 23 20 32 35 4 18 26 27 10 31 30 20 23 34 16
split_gain=51979.7 597.496 86.9794 61.6403 19.6597 13.565 8.61213 8.50183 7.98249 7.74499 7.67488 8.5886 8.72501 8.6818 7.60047 7.45491 8.57516 7.15649 10.3926 7.59088 7.53136 6.97305 8.04218 7.83005 9.96002 7.44246 7.87723 7.41086 12.9457 8.31358 10.6836 7.6098 6.97113 6.83379 6.73473 6.71849 13.3711 12.5366 8.20569 8.16275 7.66286 6.62936 6.62072 8.92942 7.056 6.61916 6.53199 9.37264 7.90556 7.43985 8.6795 7.40286 6.51743 7.08551 7.22817 6.86382 6.51259 6.50393 9.76452 9.4159 9.19063 7.5466
threshold=1.0000000180025095e-35 0.027402402833104137 0.035098522901535041 0.024099883623421196 0.030776515603065494 0.021507862955331806 0.040833333507180221 0.36733439564704901 0.56250000000000011 0.10624999925494195 10.403283119201662 0.49289596080780035 0.062683824449777617 0.42218750715255743 2.5000000000000004 0.29166667163372045 72.500000000000014 7.5000000000000009 52.071428298950202 28.872324943542484 26.071428298950199 60.500000000000007 0.84999999403953563 0.51692706346511852 40.81666564941407 0.49622282385826116 0.52569442987442028 71.500000000000014 0.41886574029922491 1.9695359468460085 23.816666603088382 0.29166667163372045 67.500000000000014 0.63839286565780651 0.4210731983184815 0.045894607901573188 0.015268065501004459 0.35000000894069677 0.56250000000000011 0.019419306889176372 0.027543103322386745 42.062500000000007 0.30069445073604589 0.16328124701976779 10.937500000000002 9.4641137123107928 3.5000000000000004 66.549999237060561 0.27517361938953405 2.5000000000000004 0.31250000000000006 0.65000000596046459 0.021628787741065029 2.4972190856933598 0.26785714924335485 0.18301435559988025 59.500000000000007 22.500000000000004 0.37575826048851019 15.09999990463257 0.55000001192092907 0.011805555783212187
decision_type=2 2 2 2 2 2 2 2 2 2 2 2 2 2 2 2 2 2 2 2 2 2 2 2 2 2 2 2 2 2 2 2 2 2 2 2 2 2 2 2 2 2 2 2 2 2 2 2 2 2 2 2 2 2 2 2 2 2 2 2 2 2
left_child=-1 3 4 5 -3 9 -4 10 21 15 11 12 13 -5 -11 56 -17 18 19 20 -16 22 27 24 41 26 -25 28 31 30 -30 33 -10 -9 -31 36 37 38 -6 42 -40 -23 43 44 -38 -37 47 -34 -48 50 -49 -52 53 -14 55 -55 -2 58 61 -60 -59 -19
right_child=1 2 6 7 35 -7 -8 8 32 14 -12 -13 52 -15 17 16 -18 57 -20 -21 -22 23 -24 25 -26 -27 -28 -29 29 34 -32 -33 46 -35 -36 45 39 -39 40 -41 -42 -43 -44 -45 -46 -47 48 49 -50 -51 51 -53 -54 54 -56 -57 -58 60 59 -61 -62 -63
leaf_value=-0.061833995858023121 0.013504368264206895 0.024411172864953336 0.031397597241546178 0.02269095763671107 0.058958229584983736 0.017292881281705343 0.036964076526927195 0.012419390173087822 0.058606477244558912 0.0082268813162723903 0.022606259512143734 0.071804679666037846 0.024946191521621423 0.044416463744217718 0.01495820194289034 0.013803820098559195 -0.069289418303739178 -0.0067622165522853855 0.0050513361883401733 -0.029494170001407513 0.0335061339680255 0.0098988594791331111 0.0021146930654491825 0.066847258889295894 0.026637890560275414 0.017867401695796599 0.029576286114315675 0.013544239689022481 0.031646186779261225 0.072550771056167571 -0.02154963862337687 -0.046566058999979051 0.02535557115547335 0.048027986523167865 0.026169970132125343 0.030361654013407142 -0.0090833838999623273 0.071737455366889955 -0.047842842576458357 0.019491435761487628 0.035391672562341277 -0.046770133680803329 0.077423278139394078 0.0060549061664753531 0.040997707605733791 0.027136615180398189 0.068777655547118732 -0.020282599441560689 0.017157856588557084 -0.034227523506101309 0.037098832019744059 -0.020200881803833656 0.019168715238254017 0.067338583342360911 -0.0042773290482798192 0.0087585558906229898 0.004383642105241092 0.015054422290984313 -0.043755222506404699 0.011820658458339916 0.0015394736253137907 0.021624182820866755
leaf_weight=25163.274326205254 2516.0827789306641 11142.030384600163 7463.0448368042707 1226.1957910060883 7.4002498090267208 19692.385279938579 766.18266089260578 367.16949012875557 12.567918956279753 272.49083749949932 5938.7635518908501 7.9833745509386054 48.49797035753727 47.776026710867882 73.753363758325577 6.4822427779436094 5.9594153612852097 23.9932801425457 62.076498657464981 5.7113008052110663 212.18215826153755 181.31867632269859 104.20394772291183 15.208357051014898 122.43318939208984 155.43302740156651 208.96631141006947 1053.8648332208395 17.319836869835854 7.9655872434377661 20.741923242807388 5.3063523620367041 861.63440544903278 13.987133637070654 449.18975107371807 2160.7578028142452 7.6047548353672019 26.63941153883934 5.9256222099065763 660.48734590411186 5.1845431476831436 5.3120358586311331 7.8532595038413993 29.70641665160656 93.574020639061928 6033.8759309500456 7.4942790865898123 14.180893659591673 721.16552700102329 10.089204639196394 28.891862481832504 7.0031401664018622 3814.641216173768 7.2445744872093227 90.506420031189919 16.142388626933098 212.22866082191467 1242.8751489073038 7.8504913151264182 261.05376663804054 139.95830157399178 969.34360291063786
leaf_count=162600 10591 45626 30131 5069 30 82364 3081 1521 52 1148 24525 33 201 197 310 28 26 101 261 24 892 751 432 63 507 644 865 4372 72 33 86 22 3571 58 1860 8787 31 108 24 2690 21 22 32 121 381 24533 31 59 2986 42 120 29 15786 30 375 67 893 5223 33 1097 588 4074
internal_value=-0.000234981 0.0220024 0.0275834 0.0181626 0.0258168 0.0166582 0.0319159 0.0206432 0.0187787 0.0145794 0.0213745 0.0199834 0.0199046 0.0235057 0.0162221 0.0126188 -0.0259969 0.0169486 0.0236279 0.0275819 0.0287219 0.0171144 0.0156456 0.0214646 0.0155559 0.0262752 0.0321048 0.0163741 0.0197566 0.0251088 0.00265689 0.0128983 0.0215092 0.0137261 0.0269781 0.0275494 0.0233028 0.0497752 0.018168 0.0218073 -0.00900157 0.0082859 0.0328326 0.0301571 0.0372335 0.027987 0.0212267 0.0240233 0.0176888 0.00494358 0.0128357 0.0259196 0.0187511 0.00894098 0.00212565 0.0269049 0.0127949 0.0160553 0.0186504 0.0101982 0.0136866 0.0209385
internal_weight=94867.2 69703.9 28410.3 41293.6 20181 25704.4 8229.23 15589.2 4391.45 6012.04 11197.8 5258.99 5251 1273.97 3271.29 2740.75 12.4417 2998.8 353.723 291.647 285.936 2728.42 2039.75 688.672 309.064 379.608 224.175 1935.54 881.68 495.217 38.0618 386.463 1663.03 381.157 457.155 9039.01 844.376 45.1498 18.5104 799.226 11.1102 186.631 138.738 130.885 101.179 8194.63 1650.46 921.8 728.66 60.1651 50.0759 35.895 3977.03 162.391 113.893 23.387 2728.31 2645.07 1262.24 268.904 1382.83 993.337
internal_count=450330 287730 115596 172134 82384 107653 33212 64481 18198 25289 46283 21758 21725 5266 13751 11538 54 12603 1487 1226 1202 11308 8456 2852 1280 1572 928 8024 3652 2051 158 1601 6890 1579 1893 36758 3438 183 75 3255 45 773 565 533 412 33320 6838 3821 3017 250 208 149 16459 673 472 97 11484 11116 5305 1130 5811 4175
is_linear=0
shrinkage=0.05


Tree=12
num_leaves=63
num_cat=0
split_feature=22 8 8 8 8 8 8 8 31 2 20 18 20 20 14 25 22 23 16 24 20 20 20 36 27 34 14 16 25 18 16 20 25 24 20 2 25 20 18 24 30 24 26 30 24 25 24 20 20 4 2 18 18 25 16 23 30 34 23 35 14 18
split_gain=48238.2 525.439 85.5464 62.8132 17.9589 14.8844 13.0629 9.0798 8.99006 8.11275 7.70262 7.59833 7.53451 7.24605 7.14892 8.52684 7.1303 9.28337 8.6075 7.26439 7.08012 9.74816 10.5701 8.07202 7.82536 7.10653 11.1189 8.18679 6.96394 6.80469 6.47319 6.39991 6.88398 7.67389 9.97439 7.79459 7.19907 8.6527 9.16362 8.7361 7.13206 7.45603 7.13135 6.72103 6.53157 6.39337 6.83669 6.38761 7.16769 7.49404 7.40272 7.2043 8.33609 6.73061 9.35329 8.8758 8.38324 6.38531 8.45687 7.50189 7.84326 6.34425
threshold=1.0000000180025095e-35 0.027402402833104137 0.035098522901535041 0.023532669059932235 0.029857398010790352 0.037749288603663451 0.021054964512586597 0.025320513173937801 9.5000000000000018 0.11874999850988389 0.014793770853430034 0.56294643878936779 0.61350160837173473 0.59055060148239147 0.087121214717626586 27.464285850524906 1.2071067690849306 17.083333015441898 0.80791667103767406 27.502272605896 0.050201613456010825 0.075189396739006056 0.079617448151111617 0.41250000894069677 0.53571429848670971 0.75000000000000011 0.021507862955331806 0.13159722089767459 16.309524536132816 0.14391446858644488 0.011805555783212187 0.012683823704719545 17.267857551574711 9.2846570014953631 0.060745073482394225 0.51249998807907116 12.535714149475099 0.035600962117314346 0.11958705261349679 18.095747947692875 37.500000000000007 17.583037376403812 10.231182098388674 40.500000000000007 22.282903671264652 14.535714149475099 17.751443862915043 0.10862379521131517 0.09215856716036798 0.55000001192092907 0.64375001192092907 0.12162879109382631 0.098273809999227538 8.5500001907348651 0.19136904925107959 31.937500000000004 7.5000000000000009 0.75000000000000011 43.690477371215827 0.31250000000000006 0.019049347378313545 0.048806818202137954
decision_type=2 2 2 2 2 2 2 2 2 2 2 2 2 2 2 2 2 2 2 2 2 2 2 2 2 2 2 2 2 2 2 2 2 2 2 2 2 2 2 2 2 2 2 2 2 2 2 2 2 2 2 2 2 2 2 2 2 2 2 2 2 2
left_child=-1 3 4 6 -3 8 9 -5 10 14 -4 12 31 -11 -2 -16 17 18 -13 -19 23 24 29 25 -22 -6 61 -28 -24 -23 -25 -9 33 47 35 36 -35 38 -38 -39 44 43 -37 -42 45 46 -36 48 50 -50 51 52 53 -33 55 -55 -57 59 -59 60 -26 -27
right_child=1 2 5 7 20 -7 -8 11 -10 13 -12 16 -14 -15 15 -17 -18 19 -20 -21 21 22 28 30 57 26 27 -29 -30 -31 -32 32 -34 34 40 42 37 39 -40 -41 41 -43 -44 -45 -46 -47 -48 -49 49 -51 -52 -53 -54 54 -56 56 -58 58 -60 -61 -62 -63
leaf_value=-0.061124446315039029 0.0093134618718935091 0.022461850589998639 -0.011218261432974566 0.018234643536309259 0.021794980354322174 0.032422506733998116 0.015774281739153819 0.028854220924553465 0.029368548261552538 0.014309195989521538 0.02423761742902323 0.061190948989710593 0.0814370270503528 0.058001704462420992 -0.025536360308537245 0.024440654145688329 -0.0089771525731571992 0.0099859337602679638 0.0043294886748337221 0.051750620813468345 0.02742793992558458 0.014474318180289731 0.029000926562282644 -0.009674993874037011 -0.025220930216235251 -0.00233204000659082 0.0011790906439385828 0.041826136902692275 0.025182110880774947 -0.024178047573110231 0.040840296581241373 0.0026865638998723987 0.021133178277533055 0.012115643859047119 0.014245941052616742 0.015778772087670506 0.026455266947688495 0.037334887967484097 -0.044704116013867597 0.081180943730922661 0.028590498350150095 0.017928195156288431 -0.047519105420872759 0.088874802510085144 0.060161094510472968 0.0062810487286173297 0.05826319729842816 0.024153787660867086 0.012150767093116129 -0.037852829030732907 0.050543907387043688 -0.0071852450657344542 0.053828754567158611 0.066482718650403366 -0.008873867607898725 0.051591764890699089 -0.0011256427704084862 0.089755268355603615 0.016419719171015795 0.039097455025622056 0.052710743113764683 -0.07975596480889699
leaf_weight=24169.807461425662 984.33836871385574 8163.9819094538689 15.605953842401503 10028.771121740341 1080.0121614784002 4151.8871550261974 20018.320398420095 229.98681741952896 3260.0533652901649 1030.6842950433493 830.14926441013813 19.425637409090999 5.0954321622848502 9.5773260146379453 30.675083667039871 11.82463990151882 34.152003571391106 221.05970470607281 10.124206840991972 10.926301032304762 362.64302939176559 88.990160062909126 1381.5743630081415 6.9003423005342475 9.3625274002552015 5.1740167737007123 39.888208851218224 17.968090936541557 8784.4092446416616 13.057398766279219 78.347949802875519 56.603121995925903 6971.5785059034824 52.210198774933815 429.84466151893139 13.833462521433832 64.950155451893806 54.444972068071365 4.8629439026117316 14.355991050601004 10.466945335268976 47.02186544239521 6.5597767978906623 8.2816206216812116 6.8245592415332785 378.53432531654835 9.0062771588563901 587.14933547377586 18.445927575230602 12.618911534547804 15.79006579518318 30.605533465743065 15.78514716029167 16.763515934348106 14.333238288760183 13.117961362004282 17.739135846495628 12.823974445462229 5.6689713001251212 209.09483535587788 4.9278783351182929 5.4149825423955917
leaf_count=162351 4131 33353 63 41526 4386 16674 83586 940 13151 4317 3349 80 21 40 130 50 141 911 42 45 1471 361 5602 28 38 21 162 73 35632 53 318 233 28675 215 1771 57 267 224 20 59 43 193 27 34 28 1558 37 2419 76 52 65 126 65 69 59 54 73 52 23 848 20 22
internal_value=-0.000218756 0.0207975 0.0260217 0.0172078 0.0242742 0.0303115 0.0153835 0.0192812 0.0281769 0.0115994 0.0235834 0.0203974 0.0206535 0.0147115 0.00844658 -0.0116313 0.0125093 0.0153151 0.0417094 0.011953 0.0254963 0.0259036 0.0255404 0.0219067 0.0320739 0.0208048 0.00518114 0.0138026 0.0257011 0.00952859 0.0367514 0.0206195 0.020406 0.0177382 0.0150317 0.0247997 0.0279397 0.0339 0.0214985 0.0464838 0.0127135 0.0285584 -0.00458189 0.0552193 0.0114491 0.0110424 0.0151493 0.0214686 0.014025 -0.0081613 0.0178383 0.0147074 0.019695 0.0151503 0.0265376 0.037196 0.0212856 0.0390395 0.0672744 0.0367021 0.00165289 -0.0419249
internal_weight=94214.4 70044.6 28527.9 41516.7 20270.2 8257.7 22085.4 19431.3 4105.81 2067.1 845.755 9402.5 9106.81 1040.26 1026.84 42.4997 295.688 261.536 29.5498 231.986 12106.3 10872.6 10268 1233.71 604.521 1148.46 68.4453 57.8563 10166 102.048 85.2483 9101.71 8871.73 1900.15 1101.2 211.218 190.824 138.614 69.8131 68.801 889.98 65.7704 20.3932 18.7486 824.21 817.385 438.851 798.952 211.803 31.0648 180.738 164.948 134.342 118.557 61.9539 47.6206 30.8571 241.878 18.4929 223.385 14.2904 10.589
internal_count=450510 288159 115700 172459 82463 33237 92254 80205 16563 8668 3412 38679 37460 4357 4311 180 1219 1078 122 956 49110 44100 41648 5010 2452 4664 278 235 41234 414 346 37439 36499 7824 4533 869 785 570 287 283 3664 270 84 77 3394 3366 1808 3291 872 128 744 679 553 488 255 196 127 981 75 906 58 43
is_linear=0
shrinkage=0.05


Tree=13
num_leaves=63
num_cat=0
split_feature=22 8 8 8 8 8 16 30 26 8 20 23 29 23 0 25 18 25 30 25 23 27 2 23 26 29 16 13 31 25 24 36 1 18 6 31 20 24 25 3 20 31 0 24 6 16 0 25 24 2 27 2 26 2 35 26 23 24 8 20 31 2
split_gain=44883.2 476.359 65.3572 51.1699 18.8063 8.76953 8.44207 8.43042 7.99176 7.92112 7.73212 7.61662 9.05867 10.2791 7.31611 7.16028 9.05406 8.56762 8.31764 10.4772 8.27867 14.998 8.29491 8.43468 8.32746 8.62071 8.30176 8.03326 11.1098 7.86346 15.4768 9.87393 7.48826 7.25494 7.243 7.07569 9.97991 7.36397 6.98749 7.64685 6.9251 8.00152 9.34441 14.1016 9.80743 9.62203 6.91311 6.79768 9.06324 8.05579 7.54979 9.14983 7.05482 9.19557 6.98905 6.74052 6.69401 8.93235 8.93364 6.60969 6.55311 6.52433
threshold=1.0000000180025095e-35 0.027402402833104137 0.032795699313282974 0.024099883623421196 0.039230769500136382 0.021507862955331806 0.011805555783212187 4.5000000000000009 13.899415493011476 0.029857398010790352 0.014793770853430034 59.535715103149421 0.18333333730697635 24.464285850524906 0.18750000000000003 34.866071701049812 0.56294643878936779 59.774999618530281 22.500000000000004 39.535715103149421 55.354166030883796 0.41428571939468389 0.28125000000000006 54.774999618530281 24.502267837524418 0.46428571641445165 0.66919642686843883 0.069047622382640853 64.500000000000014 34.535715103149421 27.286077499389652 0.16250000149011615 0.65000000596046459 0.4878289550542832 71.500000000000014 65.500000000000014 0.41267856955528265 29.670271873474125 12.535714149475099 0.65625000000000011 0.54387500882148754 63.500000000000007 1.0000000180025095e-35 15.698413848876955 70.500000000000014 0.24419642984867099 1.0000000180025095e-35 24.690475463867191 22.282903671264652 0.34375000000000006 0.30952382087707525 0.30625000596046453 9.5009398460388201 0.093750000000000014 0.43750000000000006 23.774460792541507 16.083333015441898 13.378340721130373 0.033908046782016761 0.55026042461395275 37.500000000000007 0.34375000000000006
decision_type=2 2 2 2 2 2 2 2 2 2 2 2 2 2 2 2 2 2 2 2 2 2 2 2 2 2 2 2 2 2 2 2 2 2 2 2 2 2 2 2 2 2 2 2 2 2 2 2 2 2 2 2 2 2 2 2 2 2 2 2 2 2
left_child=-1 3 9 5 15 7 8 11 47 -3 38 12 13 -2 -13 29 17 20 19 -18 22 -22 23 56 25 26 35 -26 -29 -4 33 -32 -19 -31 -23 36 37 -24 61 -40 41 -7 43 -43 -45 -44 -15 48 50 -50 -5 -52 -49 -54 -53 -14 57 58 -17 -58 -28 -8
right_child=1 2 4 6 -6 40 10 -9 -10 -11 -12 14 55 46 -16 16 18 32 -20 -21 21 34 24 -25 27 -27 60 28 -30 30 31 -33 -34 -35 -36 -37 -38 -39 39 -41 -42 42 45 44 -46 -47 -48 52 49 -51 51 54 53 -55 -56 -57 59 -59 -60 -61 -62 -63
leaf_value=-0.060464824110167847 0.012651134794040743 0.021482515558920542 0.025907688445789619 -0.0096185554458903567 0.031378941543684043 0.01539173865981835 0.048574711964978985 0.014025912541476289 -0.02627050457047695 0.023715315166663406 0.018546454338494497 0.056526252037729735 0.035789981747765369 -0.018189752170861662 0.016038100457013284 0.019817899004862236 -0.010225513799715757 0.03738043201060192 0.014294169476539137 0.049198227127925438 0.0075422209118082041 0.035102190621234257 0.023382190552149358 0.067034042476043554 0.0024358305203514051 -0.017721452893357279 0.038069129015196941 0.0049508071936149294 0.09263656703495439 -0.0084024622390901985 0.10118413467987496 0.0081609738067413562 0.086932554193198119 0.043707414591672385 0.0064312230302558011 0.015330524747381939 0.04397642032968696 0.059436857522179143 0.023583035617049514 -0.037950321608960613 0.010059599011566996 0.060716833480232095 0.066560361186019101 0.083996426186102285 0.010202393362479427 0.018015410080952279 0.0027769863501042849 -0.033566064694867302 0.024283496689961184 0.076501930537294274 0.021694528733005036 0.015208482889849557 0.070805655533516823 -0.017708723521216212 -0.026298683140675429 -0.022079055535967722 0.031284832964279578 -0.01305904782585399 0.070630649177679986 0.05675171130605984 -0.033199608536960613 0.0082648588128697419
leaf_weight=23208.404861450195 304.57228690385818 8185.5348642468452 8054.0906719714403 39.874485537409782 2381.8359506428242 18287.790184378624 51.230445563793182 5228.3383849412203 14.316123589873312 7716.9344060122967 14994.586302161217 14.34905970096588 40.443225249648094 44.207732796669006 50.162143260240555 11.653387382626532 9.1739797890186292 21.116178765892982 173.85764345526695 38.745152369141579 112.74525302648544 150.24970479309559 175.13720688223839 18.138063788414001 61.866963103413582 9.9430975168943387 4.9681718051433554 8.1940291225910169 6.4603981077671042 50.419809967279434 6.7036398947238904 4.9657633602619171 11.932662069797514 7.6993099749088278 25.812228098511696 62.36231704056263 137.38933292031288 15.408089041709898 350.97556422650814 5.1226434260606757 575.45740622282028 34.205488428473473 10.327944085001944 5.0591201037168494 40.922334417700768 875.12523630261421 355.17847111821175 15.685636833310129 41.946956604719162 8.9642395824193937 119.0205667167902 20.036854416131973 4.827247813344 7.4822389185428619 20.536192834377289 5.7470607906579962 1096.7618731111288 4.9737630039453498 33.564775973558426 26.084221377968788 9.1950862705707532 12.484340846538542
leaf_count=162162 1274 33337 32438 165 9546 75974 209 21856 59 31255 61601 60 169 185 210 47 37 85 701 156 454 605 705 73 249 40 20 33 26 203 27 20 48 31 104 251 553 62 1434 21 2393 142 43 21 170 3636 1485 65 173 37 492 83 20 31 85 24 4414 20 135 105 37 51
internal_value=-0.000184602 0.0197406 0.0247034 0.0163229 0.0273731 0.0149562 0.0185741 0.0132887 0.010162 0.022566 0.0187338 0.00855763 0.00713986 0.00573242 0.0250438 0.0264513 0.0289638 0.0300247 0.0193777 0.0378217 0.0296014 0.0217808 0.0309441 0.0331982 0.0254748 0.0282732 0.0294039 0.0103204 0.043607 0.0257629 0.00905154 0.0615993 0.0552718 -0.00149922 0.0308988 0.0307685 0.0337043 0.0262977 0.0254264 0.0226978 0.0154644 0.015626 0.0200618 0.0364062 0.0183216 0.0185816 0.000456195 0.0120356 0.0146482 0.0334779 0.00984225 0.0147045 -0.0113309 0.0170028 -0.00580052 0.0285898 0.032675 0.0505399 0.0575355 0.0318764 -0.00820004 0.0406764
internal_weight=93421.3 70212.9 28633.9 41579 12731.4 25871.9 15707.1 6043 292.691 15902.5 15414.4 814.66 750.149 703.958 64.5112 10349.6 2225.73 2003.96 221.777 47.9191 1970.91 288.807 1682.1 1191.18 490.925 414.403 404.46 76.5214 14.6544 8123.88 69.7885 11.6694 33.0488 58.1191 176.062 390.297 327.935 190.545 419.813 356.098 19828.9 19253.4 965.64 80.1869 45.9815 885.453 399.386 278.374 250.379 50.9112 199.468 159.594 27.9951 12.3095 40.573 46.1903 1173.04 50.1919 45.2182 1122.85 14.1633 63.7148
internal_count=450147 287985 115817 172168 51225 107642 64526 25263 1210 64592 63316 3407 3137 2944 270 41679 8960 8066 894 193 7933 1163 6770 4794 1976 1668 1628 308 59 32719 281 47 133 234 709 1571 1320 767 1715 1455 82379 79986 4012 333 191 3679 1670 1151 1035 210 825 660 116 51 168 193 4721 202 182 4519 57 260
is_linear=0
shrinkage=0.05


Tree=14
num_leaves=63
num_cat=0
split_feature=22 8 8 8 8 8 26 16 18 18 3 24 1 20 16 34 14 31 16 4 2 24 14 31 35 4 36 18 16 23 36 4 16 1 4 24 3 16 18 31 24 18 3 2 18 1 31 16 24 26 2 20 0 14 23 3 16 24 23 0 28 6
split_gain=41890.2 441.492 68.4584 54.4339 16.1965 12.958 8.60449 7.3325 7.08711 10.3492 10.7104 13.3794 9.16098 8.31017 7.52657 8.12785 7.33094 7.01974 6.97055 12.3504 12.5197 6.90115 6.83063 10.1124 8.55731 8.74457 10.5517 7.81685 7.14384 6.81075 6.7653 9.16918 8.24281 8.11466 7.0728 6.74342 10.36 6.73111 8.07978 9.29569 8.49961 8.47683 7.39661 7.21205 9.42458 6.86949 6.72274 6.71204 9.93419 7.14782 6.87518 6.6871 8.05798 7.00709 9.57633 7.99211 7.42362 14.2773 8.84371 9.44937 7.76384 7.0309
threshold=1.0000000180025095e-35 0.028174603357911113 0.024695121683180336 0.032795699313282974 0.037749288603663451 0.022474748082458976 31.039401054382328 0.55863094329833995 0.4635016024112702 0.44087120890617376 0.88124999403953563 4.0138409137725839 0.25000000745058065 0.35601724684238439 0.63169643282890331 0.65000000596046459 0.054093567654490478 17.500000000000004 1.0000000180025095e-35 0.25000000745058065 0.018750000279396776 13.237257957458498 0.087121214717626586 14.500000000000002 0.68750000000000011 0.15000000223517421 0.037500000558793552 0.30862379074096685 0.43169642984867101 18.690475463867191 0.037500000558793552 1.0000000180025095e-35 0.65089285373687755 1.0000000180025095e-35 0.75000000000000011 19.96086406707764 0.66875001788139354 0.39930555224418646 0.53028273582458507 21.500000000000004 23.090326309204105 0.54399037361145031 0.94374999403953563 0.28125000000000006 0.4050735235214234 0.35000000894069677 16.500000000000004 0.39665178954601293 18.909506797790531 28.250553131103519 0.13750000298023227 0.51815339922904979 0.68750000000000011 0.033908046782016761 18.083333015441898 0.28125000000000006 0.50442707538604747 19.117691040039066 37.062500000000007 0.68750000000000011 0.46428571641445165 70.500000000000014
decision_type=2 2 2 2 2 2 2 2 2 2 2 2 2 2 2 2 2 2 2 2 2 2 2 2 2 2 2 2 2 2 2 2 2 2 2 2 2 2 2 2 2 2 2 2 2 2 2 2 2 2 2 2 2 2 2 2 2 2 2 2 2 2
left_child=-1 2 5 6 37 8 -3 -8 9 22 11 12 -11 29 16 30 -10 -15 19 21 -21 -4 28 24 25 -24 -27 -25 -2 -14 31 -16 33 -32 -33 36 -26 47 43 40 41 -40 -43 44 -39 -44 -47 49 -49 -5 -50 53 -53 55 -55 -45 57 -57 59 -59 -61 -56
right_child=1 3 18 4 -6 -7 7 -9 14 10 -12 -13 13 17 15 -17 -18 -19 -20 20 -22 -23 23 27 35 26 -28 -29 -30 -31 32 34 -34 -35 -36 -37 -38 38 39 -41 -42 42 45 51 -46 46 -48 48 50 -51 -52 52 -54 54 61 56 -58 58 -60 60 -62 -63
leaf_value=-0.059850835349526281 0.013953112819612682 0.021771316904463798 0.0098410968662261608 0.024444597814512775 0.02886059259964038 0.015363041698132879 0.0064722629781415993 -0.058828648378548044 0.017139047198467452 -0.033829873496252376 -0.0056783877604277893 0.016726227175758262 -0.0053170598742285679 0.034942407549396946 -0.018128661748043961 -0.030982791123718247 0.034240211926573338 -0.020615878841477354 0.018546113868684131 -0.039983724702730143 0.031077355784791066 -0.063527037191409397 -0.019929018122765443 0.01723445499996528 0.018490418653321836 0.028741084624013903 -0.0019055151346398271 -0.00049646010191701378 0.010540219286776167 0.065255319934902217 0.049696330920096454 0.034262271727860498 0.016940734923448823 -0.0082279989194577342 -0.021206096985497899 -0.019361680418918822 0.10526628622628767 0.026237780744046441 -0.045410167949553826 0.025102490904117387 0.023981979053071412 0.041348951777704215 0.023215430045401032 0.011589201012325301 0.034760964412087272 -0.056275311515108256 0.0081809973941444521 0.041187286185284104 0.010473366748326003 -0.0032600712302690502 -0.053950037429709663 0.080026846839317711 0.022446575600470083 -0.0084535819367318882 0.043387266495926752 0.05094400846436653 0.014229254255101416 0.025891085797170966 0.035784763491528669 -0.070554983801149815 0.0014814704080914557 0.015073887194440642
leaf_weight=22318.570202738047 9305.3615634292364 12952.327484726906 4.8020412772893897 6349.4083722233772 4159.7769577354193 15251.46626894176 33.790701657533646 4.9254819154739371 1375.0993039757013 23.267182946205139 147.54198016226292 227.29335896670818 5.7623865008354178 7.1939157694578162 40.2296392172575 11.321163490414618 65.660759851336479 27.113560616970062 15132.000466868281 7.9322353452444068 28.354981422424316 9.6381529569625837 51.662219136953354 294.87685525417328 9.8305947929620761 33.532901048660278 172.93009771406651 78.762912824749947 1835.7915558964014 8.4057120382785779 6.739710569381713 20.717794761061672 378.75488792359829 58.766391545534134 7.9531408697366706 4.7647283226251593 5.2906903177499762 607.93230544030666 11.442221730947493 264.20018245279789 37.259746804833412 9.6886136531829816 9.9315740466117877 180.2580638229847 695.27455176413059 9.6800017058849352 6.9496555328369132 8.9469460248947161 7.7093298882246044 23.367007732391357 8.9479917734861356 11.458671346306803 12.934693574905394 12.933887243270872 93.994625881314278 60.939448401331902 79.348357558250427 14.673035308718683 29.836485609412193 6.7091123312711707 8.4528195858001691 28.59739425778389
leaf_count=162317 38720 52416 20 25542 16658 62945 137 20 5711 97 615 947 24 30 167 47 273 113 61859 33 117 40 216 1232 41 140 723 329 7652 35 28 86 1573 244 33 20 22 2444 46 1063 150 39 40 725 2794 39 28 36 31 94 36 46 52 52 378 245 319 59 120 27 34 115
internal_value=-0.000163612 0.018764 0.0157567 0.0239788 0.0262997 0.014351 0.021701 -0.00183533 0.0132643 0.0128168 0.00534535 0.0107844 -0.00804046 0.00433788 0.0160515 0.010923 0.0179184 -0.00896589 0.0184841 -1.94849e-05 0.0155437 -0.0391287 0.0130997 0.00812408 0.000903286 -0.00153153 0.00307198 0.0134968 0.0133908 0.0365524 0.0118475 -0.0027304 0.0141084 -0.00226835 0.0188757 0.0325078 0.0488519 0.0250596 0.0274505 0.0204763 0.00608885 -0.00789027 0.00395284 0.0287715 0.030785 -0.00968796 -0.0293385 0.0242404 -0.00130843 0.024343 -0.0241336 0.0239136 0.0494946 0.0227037 0.0324654 0.0192242 0.0261069 0.0339211 0.0165364 -0.00271285 -0.0303945 0.0367825
internal_weight=92699.1 70380.5 44638.8 25741.7 12750.7 29456.1 12991 38.7162 14204.6 12239.4 446.578 299.036 71.7428 48.4756 1965.24 524.483 1440.76 34.3075 15182.7 50.7274 36.2872 14.4402 11792.8 651.651 278.011 258.125 206.463 373.64 11141.2 14.1681 513.162 68.9006 444.261 65.5061 28.6709 19.886 15.1213 8590.88 2192.5 349.152 84.9518 47.6921 36.2498 1843.34 1303.21 26.5612 16.6297 6398.38 25.6043 6372.78 16.6573 540.137 24.3934 515.743 135.526 380.217 199.959 120.611 59.6715 29.835 15.1619 122.592
internal_count=450234 287917 184132 103785 51212 122063 52573 157 59118 50956 1861 1246 299 202 8162 2178 5984 143 62069 210 150 60 49095 2723 1162 1079 863 1561 46372 59 2131 286 1845 272 119 83 63 34554 8815 1405 342 192 146 7410 5238 107 67 25739 103 25636 67 2172 98 2074 545 1529 804 485 240 120 61 493
is_linear=0
shrinkage=0.05


Tree=15
num_leaves=63
num_cat=0
split_feature=22 8 8 8 8 8 8 31 8 30 23 20 30 18 36 18 18 23 20 13 18 14 26 14 20 13 35 16 18 18 3 7 13 23 14 18 10 2 3 18 18 25 16 36 13 23 29 27 13 1 24 24 13 13 13 22 2 16 3 29 18 16
split_gain=38946.8 382.629 58.4573 52.199 9.29315 8.77712 8.36203 7.18766 6.88414 7.44487 8.67971 8.40377 10.2345 9.30925 7.07229 9.92634 8.40331 6.80301 12.4926 10.0902 15.7733 9.42107 7.83971 6.74931 9.45505 7.17712 9.71863 7.00159 6.49708 8.58844 8.14462 15.455 11.9755 8.96253 8.38794 7.53132 6.60293 6.60292 6.49268 6.41101 6.68779 8.76272 8.33569 7.69794 7.06195 6.38566 8.28232 9.69563 8.10905 6.97768 8.50503 9.82494 11.56 8.40183 6.25472 8.90935 10.1738 6.14053 11.3309 8.77997 8.67677 10.8953
threshold=1.0000000180025095e-35 0.028174603357911113 0.023532669059932235 0.035098522901535041 0.040833333507180221 0.030776515603065494 0.024695121683180336 76.500000000000014 0.021507862955331806 4.5000000000000009 64.083332061767592 0.49622282385826116 62.500000000000007 0.61443451046943676 1.0000000180025095e-35 0.29448784887790685 0.21282894909381869 25.071428298950199 0.31489241123199468 0.10555555671453477 0.11282894760370256 0.01835016813129187 23.15666484832764 0.054093567654490478 0.18039596080780032 0.095454547554254546 0.68750000000000011 0.21319444477558139 0.26282894611358648 0.22950487583875659 0.25624999403953558 0.91875001788139354 0.025320513173937801 68.125000000000014 0.024695121683180336 0.46594065427780157 0.19538705796003344 0.031250000931322582 0.48125000298023229 0.011498397681862118 0.11098345369100572 17.354166984558109 0.2679563462734223 0.26250000298023229 0.040833333507180221 58.549999237060554 0.15476191043853763 0.38750000298023229 0.030776515603065494 0.65000000596046459 0.65824830532073986 29.670271873474125 0.10555555671453477 0.15476191043853763 0.019419306889176372 1.2071067690849306 0.16250000149011615 0.019196429289877418 0.38124999403953558 0.15476191043853763 0.14797148853540423 0.0065972222946584233
decision_type=2 2 2 2 2 2 2 2 2 2 2 2 2 2 2 2 2 2 2 2 2 2 2 2 2 2 2 2 2 2 2 2 2 2 2 2 2 2 2 2 2 2 2 2 2 2 2 2 2 2 2 2 2 2 2 2 2 2 2 2 2 2
left_child=-1 2 8 5 -5 7 17 57 9 14 -11 12 13 28 15 16 -2 18 19 -4 -21 22 -20 -6 25 26 27 -25 29 39 31 34 33 35 36 -33 -30 -31 -28 -12 41 43 -43 -41 -42 46 49 -48 -49 50 53 52 -52 -16 -44 -56 -57 58 -3 60 -60 -62
right_child=1 3 6 4 23 -7 -8 -9 -10 10 11 -13 -14 -15 45 -17 -18 -19 21 20 -22 -23 -24 24 -26 -27 38 -29 30 37 -32 32 -34 -35 -36 -37 -38 -39 -40 40 44 42 54 -45 -46 -47 47 48 -50 -51 51 -53 -54 -55 55 56 -58 -59 59 -61 61 -63
leaf_value=-0.059278536754744808 -0.020209452128214452 0.0079853038650962594 0.014182187640360609 0.025238039639527185 0.028288574508051154 0.022029431996080009 0.017332303374494748 -0.0050364339535652718 0.013590401756859797 0.012864595110423281 -0.036176134383635254 0.027938669314784993 -0.033969030334953708 0.068732309458631777 0.0082690047596036542 -0.055180282716692952 0.062252047672395006 0.015942042649975299 0.0076358503471244208 -0.0011943142054688916 0.05692786819053075 -0.0090868976622927537 0.053173361686406719 0.063375728813052701 0.048564268463893917 -0.0047349512157268099 0.037821556832618494 0.0073107524134018945 0.0045954595106815635 -0.0075832403097463369 -0.014401277657412108 0.035868168435849467 0.055753639090519905 -0.061207539239428614 0.096379790080764874 -0.044868364746872502 0.070236948164492372 0.057491213276444131 -0.0066649589311556833 0.024720688878094792 0.0085868546132465556 -0.036319050948074548 -0.010797166518955304 0.09329441426074675 -0.023684932082312555 0.022649606823835572 0.064504712982037374 -0.0110559963544078 0.041757612111763091 0.012864283687210744 -0.0025772522729547299 0.038636314275622273 -0.040936623785004213 0.070886485808784941 0.052347188452725048 -0.044980096444017854 0.050940868238940874 0.019600993172407231 0.040440730311563929 0.010243189564623917 -0.023833521489197762 0.032272570679201515
leaf_weight=21445.789639592171 8.6585758924484271 64.493860274553299 680.55807538330555 7556.6454367339611 577.40555258095264 9156.4343736171722 15196.99268245697 29.06258961558342 16111.305259212852 4910.5384369939566 8.6008745878934842 35.824002057313919 18.23163366317749 5.5518867224454871 187.53316742181778 10.774439305067061 4.8034279048442832 6161.3129554390907 341.9965753108263 17.73643171787262 34.144340574741364 91.873482674360275 9.7201449424028379 27.246974289417267 111.48439566791058 15.248649418354033 15.248507961630819 6.9991703778505316 12.488929361104971 5.2800409644842174 84.033333078026772 6.7159291654825264 5.0361836403608313 11.280360370874403 5.2827719300985327 5.068376824259758 5.5263046175241461 14.893939226865767 17.747867658734322 11.064493209123613 52.628528088331223 8.4215637147426587 12.998085618019102 6.4950012266635886 25.006704598665237 68.077859088778496 12.778265520930288 16.398310095071796 13.053729623556135 212.13615988194942 249.01372601091862 13.161406084895132 21.322415292263031 5.5145383924245825 18.318311929702759 6.4863609820604342 4.817477285861969 7969.7333097755909 171.89967063069344 40.866811960935593 12.625611543655394 27.498822450637817
leaf_count=162438 36 261 2794 30280 2310 36853 61965 118 66620 20414 36 149 76 23 781 45 20 25308 1409 73 140 379 40 109 446 61 61 28 52 22 350 28 21 47 22 21 23 62 71 46 219 35 54 27 104 283 53 68 54 883 1038 55 89 23 76 27 20 32219 694 165 51 111
internal_value=-0.000272063 0.0176647 0.0148687 0.0225141 0.0257717 0.0209614 0.016663 0.0197856 0.0130486 0.0116186 0.0123081 0.00492372 0.00245687 0.0045585 0.00719603 -0.0194129 0.00921394 0.0152769 0.0117921 0.0158025 0.0370577 0.00517018 0.00889434 0.0309994 0.0390686 0.0262355 0.0332587 0.0519173 0.00341083 0.00977388 -0.00481179 0.0108663 -0.0140985 -0.0293507 0.0409776 0.00114375 0.0247315 0.0404596 0.0138935 0.0057758 0.0082432 0.0196181 0.00913674 0.0500851 -0.00180805 0.00800318 0.006639 0.0281327 0.012352 0.00532099 0.00196306 -0.00354899 -0.0056028 0.0100577 0.0181186 0.0308067 -0.00410044 0.0198726 0.0266928 0.0314638 0.0355539 0.0146181
internal_weight=91995.9 70550.1 44749.5 25800.6 8328.03 17472.6 22534.3 8316.18 22215.1 6103.82 5280.59 370.051 334.227 315.995 823.226 24.2364 13.462 7337.34 1176.03 732.439 51.8808 443.59 351.717 771.381 193.976 82.4912 67.2425 34.2461 310.444 175.011 135.432 51.3989 28.1009 23.0647 23.298 11.7843 18.0152 20.174 32.9964 154.837 146.237 68.6013 51.0418 17.5595 77.6352 798.99 730.912 42.2303 29.452 688.681 476.545 283.498 270.336 193.048 42.6202 29.6222 11.3038 8287.12 317.385 252.891 212.024 40.1244
internal_count=450386 287948 184110 103838 33366 70472 92108 33619 92002 25382 21954 1540 1391 1315 3428 101 56 30143 4835 3007 213 1828 1449 3086 776 330 269 137 1292 728 564 214 117 96 97 49 75 84 132 644 608 285 212 73 323 3327 3044 175 122 2869 1986 1182 1127 804 177 123 47 33501 1282 1021 856 162
is_linear=0
shrinkage=0.05


Tree=16
num_leaves=63
num_cat=0
split_feature=22 8 8 8 8 14 13 24 24 18 1 35 20 36 24 25 26 18 26 14 25 26 30 36 26 20 18 22 18 1 14 26 26 2 20 23 10 2 13 13 18 2 35 25 34 8 30 30 18 18 25 31 30 1 13 25 2 35 10 20 18 18
split_gain=36400.6 335.923 52.6082 44.91 12.5952 11.9854 8.29542 10.579 10.89 10.6651 7.77098 7.45262 7.34159 9.45777 15.1441 12.1617 11.0706 8.11952 7.34439 10.6254 8.83488 7.29068 7.16821 10.9675 10.2119 8.6443 7.79086 7.96105 7.85684 7.71211 7.69147 7.03287 8.66159 8.33939 8.12239 8.04022 7.10154 6.96791 8.92693 8.77726 8.07656 6.69584 8.80772 8.94008 7.83335 7.42818 6.80595 8.1466 6.66003 9.91392 6.5866 8.89633 13.7486 11.1501 10.2761 10.3506 8.52518 11.6013 7.8156 7.76521 7.58422 7.22077
threshold=1.0000000180025095e-35 0.028991596773266796 0.024695121683180336 0.03637566231191159 0.022474748082458976 0.15476191043853763 0.021980676800012592 33.004207611083991 30.69484901428223 0.27950486540794378 0.55000001192092907 0.31250000000000006 0.021037680096924308 0.23749999701976779 18.909506797790531 24.464285850524906 14.719955444335939 0.4635016024112702 7.4975826740264901 0.035098522901535041 18.464285850524906 0.65824830532073986 5.5000000000000009 0.11250000074505807 1.0000000180025095e-35 0.22309149056673053 0.34827381372451788 2.1180340051651005 0.3712019175291062 0.65000000596046459 0.025978407822549347 19.228201866149906 22.714715957641605 0.54374998807907116 0.55788353085517894 56.535715103149421 0.27953489124774938 0.60625001788139354 0.11805555596947671 0.18333333730697635 0.019717262126505378 0.25624999403953558 0.56250000000000011 7.0999999046325692 0.84999999403953563 0.040833333507180221 10.500000000000002 5.5000000000000009 0.56294643878936779 0.40034721791744238 34.535715103149421 43.500000000000007 2.5000000000000004 0.75000000000000011 0.060661764815449722 18.816666603088382 0.018750000279396776 0.18750000000000003 0.26006440818309789 0.081653643399477019 0.19224759936332705 0.38139881193637853
decision_type=2 2 2 2 2 2 2 2 2 2 2 2 2 2 2 2 2 2 2 2 2 2 2 2 2 2 2 2 2 2 2 2 2 2 2 2 2 2 2 2 2 2 2 2 2 2 2 2 2 2 2 2 2 2 2 2 2 2 2 2 2 2
left_child=-1 2 4 6 12 31 7 8 21 -9 -11 -10 13 -2 15 18 -16 50 -15 20 -20 -3 23 -6 25 30 27 -27 -28 -30 -25 41 33 34 -33 -34 -35 -8 40 -40 -39 44 43 -43 45 48 47 -46 49 -5 51 -14 58 54 55 -54 -56 -58 60 -52 -53 -55
right_child=1 3 -4 5 22 -7 37 9 11 10 -12 -13 17 14 16 -17 -18 -19 19 -21 -22 -23 -24 24 -26 26 28 -29 29 -31 -32 32 35 36 -36 -37 -38 38 39 -41 -42 42 -44 -45 46 -47 -48 -49 -50 -51 59 52 53 61 56 -57 57 -59 -60 -61 -62 -63
leaf_value=-0.058744508448541732 0.013355871269788579 0.029682660280907144 0.01653690292794666 0.022436944588665138 0.012201947780211901 0.036414515454849354 0.019893425152795519 0.091990467236085144 0.059548625449192386 0.057788341013766113 -0.0021033905898043648 0.001820008777467204 0.011237250062546004 0.02126216268609897 0.0003900578305222808 0.080653388468970244 0.064145574067869582 0.014771543175767142 0.015837833451448416 0.093192258147903398 0.083048763124278932 0.021626001424643194 0.013664102430993528 0.031063438122164746 0.022102172941451829 -0.010513059086112924 0.052745414974951922 0.042400349409798761 0.021413291114321741 -0.010735686456214125 0.0076549446554025685 0.018870299873296626 0.027108286277676988 0.0059507508163764208 0.061721791678905104 -0.033684471114352535 -0.048578414833437195 -0.015079480335549436 0.042017113996078097 0.008954256280399189 0.013140729120755201 -0.017835547124687358 0.031987597113167246 0.024924348165232292 0.051509158504156154 0.030698050204601063 0.045858091338413794 -0.034154430190186567 0.0040777644476895141 0.031600140112563763 -0.010689219723882643 -0.027240086083524323 -0.01665329577553399 0.024197029025188364 0.055044751267522563 0.014286128339205856 0.071835107175671362 0.017958789402962499 -0.036690297772464332 0.0091921797494241651 0.0089791513963477926 0.049563352902749012
leaf_weight=20585.166883796453 410.17635883390903 295.61999127268791 17890.921007499099 2337.980232194066 808.03783078491688 237.57841812074184 10464.756089046597 10.450279176235197 5.9487475454807273 11.919675171375276 9.9263777732849103 92.88794706761837 8391.2851606011391 60.271505922079086 57.041271612048149 14.778008267283438 7.731827273964881 1968.7147533148527 19.361655011773113 10.137149900197981 6.5413773506879798 5601.4617585241795 13221.452223211527 82.003498107194901 997.14749547839165 81.501951932907104 11.911767184734343 7.7877579182386389 49.062387704849243 30.098063677549362 61.341033831238747 682.35038769245148 536.17607797682285 40.721327811479568 11.240565344691275 5.4945475757122031 6.9967441707849494 26.851331025362015 51.718887940049171 32.806029662489891 454.65880790352821 12.488844707608221 843.0212300568819 576.10867717862129 4.9949829727411252 384.68241538107395 69.211354464292526 6.245741605758667 44.441062033176422 337.8370797932148 50.378556802868843 15.882069543004034 28.016866639256477 153.95700411498547 23.363023728132248 769.18154732882977 10.871934503316877 123.44422198832035 11.574713572859762 1955.5894551873207 160.6837602853775 34.306367978453636
leaf_count=162474 1697 1189 72712 9358 3318 951 42086 42 24 48 40 374 34756 249 236 61 32 8133 80 42 27 22523 54294 337 4095 335 49 32 202 124 252 2731 2146 163 45 22 28 108 208 132 1829 50 3374 2306 20 1539 277 25 178 1352 209 66 116 637 97 3185 45 511 48 8117 667 142
internal_value=-0.000228989 0.0168034 0.0143959 0.0217359 0.0131033 0.0254037 0.0204162 0.0219077 0.021754 0.0504474 0.0305748 0.00529456 0.0120347 0.017515 0.0272156 0.0384194 0.00800042 0.0118002 0.0319391 0.0497945 0.0328108 0.0220299 0.0140977 0.0167903 0.0195973 0.0118811 0.004597 -0.00589801 0.0148866 0.00918974 0.0210463 0.0249603 0.0216855 0.0181738 0.0195648 0.0264916 -0.00204468 0.0196012 0.0141978 0.0291847 0.011567 0.0258703 0.0287106 0.0240171 0.0245938 0.0241947 0.0399973 0.00391146 0.023275 0.0235938 0.0113015 0.0118397 0.0156369 0.0176983 0.0155056 0.0131988 0.0271685 0.0223197 0.00311201 0.00869287 0.00572124 0.0288194
internal_weight=91306.3 70721.1 47524.6 23196.6 29633.6 6137.57 17059 6028.21 5995.92 32.2963 21.8461 98.8367 14283.3 586.039 175.863 111.09 64.7731 13697.2 96.3117 36.0402 25.903 5897.08 15350.3 2128.89 1320.85 323.706 180.362 89.2897 91.0722 79.1605 143.345 5899.99 1282.98 741.309 693.591 541.671 47.7181 11030.8 566.035 84.5249 481.51 4617.01 1431.62 588.598 3185.39 3104.94 80.4521 11.2407 2720.26 2675.82 11728.5 9722.57 1331.28 1143.14 954.878 797.198 157.679 134.316 188.141 2005.97 176.566 188.263
internal_count=450545 288071 194903 93168 122191 24565 68603 24240 24110 130 88 398 59153 2424 727 459 268 56729 398 149 107 23712 63038 8744 5426 1331 742 367 375 326 589 23614 5135 2967 2776 2168 191 44363 2277 340 1937 18479 5730 2356 12749 12427 322 45 10888 10710 48596 40270 5514 4733 3954 3301 653 556 781 8326 733 779
is_linear=0
shrinkage=0.05


Tree=17
num_leaves=63
num_cat=0
split_feature=22 8 8 8 8 8 20 31 36 3 16 27 18 12 36 14 31 26 10 31 1 24 20 35 20 30 23 16 30 13 16 31 20 3 20 18 27 31 10 16 24 34 18 1 18 36 13 36 30 27 34 23 31 18 26 26 23 23 13 31 3 18
split_gain=33915.9 342.763 56.2792 40.021 10.833 6.85773 5.35869 9.47947 8.49308 7.34995 6.30283 7.06216 6.30517 6.05533 6.03588 5.9672 5.92639 8.11212 5.52948 9.29405 13.4725 8.42539 6.87049 9.22002 8.39763 8.37014 7.51098 6.88838 7.00586 7.42974 8.85739 9.35211 9.88856 7.21169 6.77397 6.63996 7.52644 8.23451 8.29056 7.3327 7.39783 8.20759 9.074 7.23942 6.7321 8.24559 7.11976 7.10403 6.61834 6.56527 6.90512 6.40889 6.38529 6.36259 8.5937 7.99911 10.0217 12.6658 10.4596 6.29159 6.26682 6.00358
threshold=1.0000000180025095e-35 0.027402402833104137 0.035098522901535041 0.022991543635725979 0.031754031777381904 0.040833333507180221 0.050201613456010825 32.500000000000007 0.41250000894069677 0.41875000298023229 0.0065972222946584233 0.73214286565780651 0.16508928686380389 1.0000000180025095e-35 0.087500002235174193 0.054093567654490478 38.500000000000007 13.502777099609377 0.17817460745573047 71.500000000000014 0.55000001192092907 10.209363460540773 0.28524756431579595 0.68750000000000011 0.27517361938953405 54.500000000000007 57.366666793823249 0.44704861938953405 43.500000000000007 0.025978407822549347 0.094097223132848754 5.5000000000000009 0.25017857551574713 0.61875000596046459 0.26486235857009893 0.26060096919536596 0.30952382087707525 71.500000000000014 0.10676291957497598 0.24930555373430255 23.238497734069828 0.75000000000000011 0.48139880597591406 0.55000001192092907 0.29033119976520544 0.16250000149011615 0.027402402833104137 0.23749999701976779 7.5000000000000009 0.41428571939468389 0.55000001192092907 37.81666564941407 73.500000000000014 0.029903845861554149 9.9268870353698748 6.6384801864624032 61.535715103149421 51.690477371215827 0.080128207802772536 75.500000000000014 0.73125001788139354 0.26060096919536596
decision_type=2 2 2 2 2 2 2 2 2 2 2 2 2 2 2 2 2 2 2 2 2 2 2 2 2 2 2 2 2 2 2 2 2 2 2 2 2 2 2 2 2 2 2 2 2 2 2 2 2 2 2 2 2 2 2 2 2 2 2 2 2 2
left_child=-1 3 4 -2 -3 -4 7 8 -6 16 11 12 -8 18 15 -11 -9 -18 21 -20 48 -12 23 24 25 53 27 28 33 -30 -31 -32 -33 61 -34 -24 -37 38 39 43 41 42 -41 -38 45 46 -40 -47 51 50 -35 -21 -22 54 -23 -55 57 -57 -59 -50 -27 -25
right_child=1 2 5 -5 6 -7 10 9 -10 14 13 -13 -14 -15 -16 -17 17 -19 19 20 52 22 35 26 -26 60 -28 -29 29 30 31 32 34 49 -36 36 37 -39 44 40 -42 -43 -44 -45 -46 47 -48 -49 59 -51 -52 -53 -54 55 -56 56 -58 58 -60 -61 -62 -63
leaf_value=-0.058245604186339096 0.011254149519883079 0.017896217315499674 0.02310639802987904 0.014367481221327378 0.010341444639864729 0.028088099086136426 0.054350024811769704 -0.032619446509368939 0.036973905802004076 0.054213560643098235 0.02718975219769261 -0.0030012848866349928 0.01171189014870716 -0.022193279506475212 0.023317221199447416 0.01121809248446925 0.050279349292078425 -0.019046270430360876 0.022268261961292973 -0.00038086499313509501 -0.04813076041447753 -0.026287572558058164 0.039325864153852252 0.0064329570816951112 -0.0139537636991451 -0.053069201769426748 -0.02406424975459092 0.066919345360522423 0.027208324684850117 0.047384091786148219 0.027358130624751904 -0.036532627767555691 0.058080119504544586 0.053729739883076603 -0.019804875260659681 0.0099671780604976591 0.031478998435150139 0.043554289679858665 0.018588685545136052 0.024572439761775738 0.061940797859916533 0.047024540976756617 -0.044435827235809161 -0.046928321990111099 0.019580647453040341 0.075721044790830416 -0.04116348302136421 -0.0013355627972168544 -0.0035373169470406455 0.046815420637445697 -0.012376246245331235 0.065334700236218776 -0.0028709677582214833 0.04297645040987931 0.028519564226562932 0.022844174953965905 0.087614428835219346 -0.017458714288663531 0.028198051007446486 0.04132298625946132 0.0054557102064529137 0.031791840296360764
leaf_weight=19717.449862360954 18244.417979389429 13914.712449982762 7567.7587161809206 23772.031502410769 433.21074038743973 760.2160876095295 38.145302817225456 8.9620912522077578 32.157338425517082 35.361286386847496 254.78640225529671 9.2252936363220197 11.220951005816458 8.2267331480979902 130.98462246358395 10.456024602055548 8.9678946584463137 7.9699035584926596 3673.7060523480177 5.2374238371849087 11.949709713459013 15.958025857806208 45.110962837934494 199.90417078137398 19.189657941460609 5.9815997332334545 16.949033722281456 5.2370193749666205 15.95472042262554 5.9812352061271659 10.220677107572554 40.372278615832329 5.2337970435619336 5.7309803664684322 5.9832528233528137 162.51749281585217 6.7297243475913984 41.391533151268959 7.4791560769081142 23.431087076663974 24.911753281950951 32.403403863310814 5.9792072325944892 5.2332663834095001 508.0077468752861 4.9848107695579511 14.951796919107435 7.4782873243093491 27.182506263256073 27.169729143381119 12.713701918721197 12.722549468278883 22.401947811245918 43.126690328121185 12.961639508605002 385.83110830187798 5.4828282296657553 38.133661270141602 18.693672180175781 10.970108449459074 19.439021274447441 26.42458002269268
leaf_count=162250 75295 56077 30289 96950 1740 3043 153 36 129 142 1022 37 45 33 526 42 36 32 14731 21 48 64 181 802 77 24 68 21 64 24 41 162 21 23 24 652 27 166 30 94 100 130 24 21 2038 20 60 30 109 109 51 51 90 173 52 1548 22 153 75 44 78 106
internal_value=-0.000245689 0.0158965 0.020095 0.0130156 0.018687 0.0235612 0.0203575 0.0161126 0.0121818 0.025137 0.0208366 0.0371543 0.0446584 0.0206734 0.0287811 0.0444015 0.000261179 0.0176589 0.0207337 0.0218784 0.00604581 0.0186702 0.0174861 0.0145109 0.0185556 0.019699 0.0084655 0.00999309 0.00915494 -0.00349018 -0.0107151 -0.0163372 -0.024994 0.013049 0.0165357 0.0206352 0.019638 0.0219392 0.0205447 0.0338756 0.0389376 0.0296669 0.0105428 -0.00282065 0.0181214 -0.00312297 -0.0212403 0.0294844 0.0211431 0.0311862 0.00816366 0.046171 -0.0186152 0.021068 -0.00172331 0.0224097 0.0204305 0.0195983 -0.00243966 0.00936147 -0.0083155 0.00939368
internal_weight=90563.7 70846.3 28829.8 42016.4 20501.8 8327.97 6587.13 668.07 465.368 202.702 5919.06 58.5915 49.3663 5860.47 176.802 45.8173 25.8999 16.9378 5852.24 3764.17 90.4642 2088.07 1833.28 942.673 564.798 545.608 377.875 360.926 355.689 83.746 67.7912 61.81 51.5893 271.943 11.217 890.61 845.499 682.982 641.59 98.6884 86.7255 61.8137 29.4103 11.963 542.902 34.8941 22.431 12.4631 56.1126 45.6144 18.4447 17.96 34.3517 520.188 28.9197 491.268 448.141 442.658 56.8273 38.1526 25.4206 226.329
internal_count=450326 288076 115831 172245 82499 33332 26422 2683 1869 814 23739 235 198 23504 710 184 104 68 23471 15094 363 8377 7355 3782 2266 2189 1516 1448 1427 336 272 248 207 1091 45 3573 3392 2740 2574 396 348 248 118 48 2178 140 90 50 225 183 74 72 138 2087 116 1971 1798 1776 228 153 102 908
is_linear=0
shrinkage=0.05


Tree=18
num_leaves=63
num_cat=0
split_feature=22 8 8 8 14 2 8 8 32 18 13 2 24 29 14 6 23 18 36 36 23 16 36 36 16 25 34 24 30 18 30 2 32 27 24 3 18 23 23 20 30 16 20 16 18 13 1 23 31 14 27 25 24 4 20 2 4 14 36 4 18 18
split_gain=31851 279.985 47.4762 35.039 10.9907 9.97156 8.69937 7.59861 7.48328 14.136 10.9077 10.7426 11.1754 8.90742 7.78193 7.82168 6.80877 6.74768 11.1953 8.28289 7.72158 7.28215 6.93173 6.92511 9.54641 8.94772 6.8246 7.22418 6.63251 7.8603 6.60936 13.2641 8.30462 6.85942 8.86558 10.4285 8.82756 7.56186 6.76603 6.59271 7.14439 6.54975 6.97117 6.96896 10.8303 8.33811 9.65192 8.84541 8.67797 11.9785 11.2612 9.44518 6.79291 6.53996 6.52079 6.47064 6.42823 6.38162 6.35698 7.73763 10.4323 6.37195
threshold=1.0000000180025095e-35 0.028991596773266796 0.023532669059932235 0.03637566231191159 0.15476191043853763 0.60625001788139354 0.031754031777381904 0.025320513173937801 3.5000000000000004 0.035471491515636451 0.029857398010790352 0.51249998807907116 9.0052051544189471 0.46428571641445165 0.022991543635725979 73.500000000000014 65.549999237060561 0.10698784515261651 0.38750000298023229 0.11250000074505807 18.083333015441898 0.15669643133878711 0.43750000000000006 0.087500002235174193 0.65669643878936779 55.535715103149421 0.65000000596046459 7.3641774654388437 38.500000000000007 0.080618686974048628 4.5000000000000009 0.30625000596046453 2.5000000000000004 0.38750000298023229 24.581395149230961 0.093750000000000014 0.28346353769302374 30.690475463867191 44.81666564941407 0.014793770853430034 4.5000000000000009 0.17942707985639575 0.021037680096924308 0.20078124850988391 0.035471491515636451 0.080128207802772536 0.75000000000000011 27.354166984558109 18.500000000000004 0.042572464793920524 0.6904762089252473 18.535714149475101 14.522491931915285 0.65000000596046459 0.0086747491732239741 0.068750001490116133 0.55000001192092907 0.064583335071802153 0.062500001862645163 1.0000000180025095e-35 0.2525892853736878 0.52261361479759227
decision_type=2 2 2 2 2 2 2 2 2 2 2 2 2 2 2 2 2 2 2 2 2 2 2 2 2 2 2 2 2 2 2 2 2 2 2 2 2 2 2 2 2 2 2 2 2 2 2 2 2 2 2 2 2 2 2 2 2 2 2 2 2 2
left_child=-1 2 -2 6 -5 -6 8 -4 10 11 -3 12 -10 -12 15 -14 -11 18 19 21 -19 -8 -20 58 30 26 27 -26 54 -30 31 32 -25 34 35 -34 -37 -35 -36 40 -9 42 -23 44 -43 48 47 -47 51 -50 -51 -45 -49 -46 -24 -27 -44 -41 61 60 -60 -22
right_child=1 3 7 4 5 -7 17 39 9 16 13 -13 14 -15 -16 -17 -18 20 22 -21 23 41 28 24 25 55 -28 -29 29 -31 -32 -33 33 37 38 36 -38 -39 -40 57 -42 43 56 45 53 46 -48 52 49 50 -52 -53 -54 -55 -56 -57 -58 -59 59 -61 -62 -63
leaf_value=-0.05777906260120657 0.011317505503169966 0.018614988030026865 0.013422487721565714 0.022503170900057639 0.035604225867373863 -0.014841729350206466 0.022929066022233262 0.045229183085040835 0.071777978788653315 0.017696342628853584 0.013631103869209349 0.059648962823399168 0.006855121361073655 -0.0029732535600356944 0.028728398751134667 0.060329116838413722 0.042822526619526208 0.029046758648530926 0.047120295185272026 0.013009812370964486 0.019942861228711025 -0.042457876206797078 -0.019522765104761745 -0.002231213886292533 0.048387376701897855 0.00038039798741789916 -0.038486512399713763 -0.0079990761664349083 -0.04336444421488711 0.036450979259541827 0.022076801775460134 0.002627055654395978 0.054029178818755234 0.0074810165852085518 0.0050316970866314467 0.029717758228589825 -0.0076672465507200112 0.03165562623386791 -0.049523918568958381 0.01541648933086928 0.019517227660004105 -0.012474418749085024 0.020099158925379619 -0.068174793647472073 0.066313649004557898 0.069356350313754853 0.095135243094238875 -0.048516059903231219 0.035134963124140182 -0.035467951483142378 0.045090141655014258 -0.0024810674578285459 0.029437005922590621 0.014946543995255197 0.032836391687102055 0.032652167096132841 -0.020752575602257389 0.012362005826714042 0.061809069883054429 0.008617930866246605 0.017647171910310906 0.0056953567277893274
leaf_weight=18949.693019293249 22355.338517546654 1517.5171835720539 10193.869825541973 5905.7276855707169 228.64117687940598 10.234536260366438 543.46160314977169 28.897777572274208 12.690720468759535 4652.0920479893684 1676.1362574696541 25.126714646816254 81.393650457262993 84.858721435070038 233.98657767474651 7.4656385928392401 27.119389742612839 246.23276244103909 44.182729855179787 1023.2062634080648 1346.3178885877132 9.4722727388143522 6.4906960129737845 35.451405644416809 6.9711829125881186 26.437193259596825 13.962734982371328 30.678308337926865 7.4900473058223707 5.2445109188556671 4106.1764549463987 135.2821269184351 18.227379664778709 38.444985941052437 17.222558677196506 31.703184559941292 31.458281025290489 203.97955320775509 8.4822714626789075 12746.243544280529 415.07757589221001 8.9810201823711378 26.205307379364967 7.2340749055147198 19.968822300434116 5.7393337190151277 5.4896290004253379 5.2409258484840375 31.195848658680916 15.716870903968813 5.9921281188726416 22.455620139837265 5.9873471707105637 8.9844048023223859 70.912090495228767 37.656882002949715 15.22399380803108 1974.9495676457882 15.47717349231243 344.95387361943722 98.354353919625282 83.33296275138855
leaf_count=162647 91978 6097 41562 23635 916 41 2178 116 51 18692 6736 101 327 341 940 30 109 986 177 4101 5393 38 26 142 28 106 56 123 30 21 16448 542 73 154 69 127 126 817 34 51572 1674 36 105 29 80 23 22 21 125 63 24 90 24 36 284 151 61 7996 62 1382 394 334
internal_value=-0.000191772 0.0151891 0.0129973 0.0196903 0.0229285 0.0334429 0.018526 0.0144781 0.0173676 0.0185771 0.0155082 0.0281152 0.0257538 0.012831 0.0239446 0.0113478 0.017842 0.0196246 0.0169827 0.0159211 0.0203525 0.0199611 0.0308967 0.0200296 0.0210493 0.00686374 -0.00863086 0.00244144 0.0229444 -0.0104938 0.0214041 0.0160948 0.0208275 0.0231663 0.0126277 0.0207124 0.0110977 0.0278219 -0.012971 0.0151878 0.0211908 0.0116421 -0.0037603 0.0171252 0.0354945 0.010492 0.0375067 0.0188618 0.00314682 0.0152879 -0.0132323 -0.0184877 -0.00694849 0.050374 0.0284458 0.0193409 0.0050874 0.0150067 0.017469 0.012348 0.0236517 0.0191124
internal_weight=89898.7 70949 47714.4 23234.7 6144.6 238.876 17090.1 25359 8318.39 5039.87 3278.51 360.663 335.537 1760.99 322.846 88.8593 4679.21 8771.68 1894.88 1760.56 6876.8 737.349 134.32 6630.57 4742.13 115.706 51.6122 37.6495 90.1373 12.7346 4626.43 520.252 384.97 349.518 107.094 81.3888 63.1615 242.425 25.7048 15165.2 443.975 193.888 50.9016 142.986 37.9342 105.052 22.4572 16.9676 82.5945 52.9048 21.709 29.6897 11.2283 28.9532 77.4028 64.0941 41.4293 14721.2 1888.44 458.785 113.832 1429.65
internal_count=450702 288055 194898 93157 24592 957 68565 102920 33424 20250 13174 1449 1348 7077 1297 357 18801 35141 7594 7056 27547 2955 538 26561 18996 464 207 151 361 51 18532 2084 1542 1400 429 326 253 971 103 61358 1790 777 204 573 152 421 90 68 331 212 87 119 45 116 310 257 166 59568 7565 1838 456 5727
is_linear=0
shrinkage=0.05


Tree=19
num_leaves=63
num_cat=0
split_feature=22 8 8 8 8 8 8 20 26 14 23 31 16 14 18 26 31 6 31 31 18 26 27 31 8 23 14 20 24 20 27 24 18 26 26 23 16 0 4 16 24 2 6 14 10 26 36 35 24 16 20 13 0 14 14 26 26 2 20 2 27 13
split_gain=29683.5 277.851 36.8836 35.6932 7.92893 7.88901 7.86982 8.01781 6.82538 7.87569 7.58526 6.23677 6.1651 7.5853 12.0141 7.17484 7.75313 6.75927 6.28059 6.74663 11.7501 9.73059 9.13844 9.57815 9.04284 7.97008 8.00088 7.15649 8.21413 8.10039 6.73879 6.68646 7.02224 8.29385 6.62471 9.75615 6.59268 6.15275 10.4756 6.90648 6.40428 6.29654 6.0961 6.04866 8.47274 6.26929 5.95034 7.68269 7.61578 7.26002 6.27618 5.86496 6.34214 6.32489 5.7452 10.3772 6.91542 6.56695 6.30443 8.39224 5.73559 5.71617
threshold=1.0000000180025095e-35 0.028174603357911113 0.024099883623421196 0.035098522901535041 0.039230769500136382 0.021054964512586597 0.029857398010790352 0.002362351282499731 1.5405694246292116 0.042572464793920524 43.535715103149421 76.500000000000014 0.019196429289877418 0.023532669059932235 0.063589014112949385 7.8466200828552255 30.500000000000004 70.500000000000014 9.5000000000000018 42.500000000000007 0.055412946268916137 7.6318411827087411 0.41428571939468389 51.500000000000007 0.03637566231191159 25.071428298950199 0.080128207802772536 0.073036596179008498 14.247104644775392 0.0063577587716281423 0.15476191043853763 16.418570518493656 0.013693181797862055 6.7974157333374032 13.22298049926758 27.354166984558109 0.025781250558793548 0.18750000000000003 0.65000000596046459 0.13159722089767459 22.74028301239014 0.018750000279396776 65.500000000000014 0.074175827205181136 0.13100686669349673 16.760154724121097 0.38750000298023229 0.56250000000000011 23.501595497131351 0.094097223132848754 0.2795643955469132 0.040833333507180221 0.81250000000000011 0.039230769500136382 0.15476191043853763 21.84476470947266 23.973292350769047 0.51249998807907116 0.0043614129535853871 0.25624999403953558 0.64583334326744091 0.046536797657608993
decision_type=2 2 2 2 2 2 2 2 2 2 2 2 2 2 2 2 2 2 2 2 2 2 2 2 2 2 2 2 2 2 2 2 2 2 2 2 2 2 2 2 2 2 2 2 2 2 2 2 2 2 2 2 2 2 2 2 2 2 2 2 2 2
left_child=-1 2 5 6 12 8 7 -3 -2 -10 -11 -9 13 14 -5 17 -17 -16 36 20 21 24 -21 25 31 -24 37 29 -29 -23 -31 -20 -33 -34 35 -30 -14 38 39 -27 41 -40 -25 -4 -45 -46 47 -39 -49 -50 -48 -32 53 -53 58 57 -57 60 59 -6 -56 -55
right_child=1 3 43 4 54 -7 -8 11 9 10 -12 -13 18 -15 15 16 -18 -19 19 22 -22 27 23 42 -26 26 -28 28 34 30 51 32 33 -35 -36 -37 -38 46 40 -41 -42 -43 -44 44 45 -47 50 48 49 -51 -52 52 -54 61 55 56 -58 -59 -60 -61 -62 -63
leaf_value=-0.057342341592676552 0.0027552428849069643 0.044491960557167767 0.013973568153934045 0.064097692117754887 -0.025803261486953055 0.011032036505513924 0.017898484797304239 0.015559941767313918 0.010957102569743936 0.0083269212612062989 -0.0092903270146790229 -0.013694356165256228 -0.028680173363293877 0.0076088196657676443 0.052593396421439953 -0.051218523765512142 0.027512303565238035 -0.011096662820030745 0.0065773080962889894 0.014334757381093839 0.024384631705585844 0.00011173926618307632 0.046408609501518594 0.080214045686192295 0.014804568555737871 0.043192617744308527 0.033648927065021587 0.047616390490757887 0.054468952930042051 -0.013687018182169703 0.019481953067903748 0.015532841912103607 -0.022049496999591925 -0.09061311370594588 0.033093457978093176 -0.016173809719230079 0.017598801538054289 0.0024937608384873501 0.043594112530679463 -0.01685993261064837 0.063756392805434783 -0.026059906760706592 0.024766998367758714 0.020446971846950782 0.011721912283170554 0.0049523084381545108 0.069182173394328528 0.029159729752431952 0.047495439781419888 -0.0059362664070353385 0.00027498813091633928 0.02935557840349531 -0.003049369354766851 0.085412466027953146 0.056962480821902278 -0.049703560256805654 0.024335556891793023 -0.0023905720954754245 0.023382290837758276 0.042802425223972602 0.025563254281688687 0.044440410626345392
leaf_weight=18118.117831975222 502.13476511836052 23.88681373000145 16962.271002203226 16.745672062039375 14.235358506441118 24195.638844639063 12255.234943896532 5238.3665744960308 1351.0785302221775 155.21502290666103 100.7639235407114 18.282419890165329 7.7457645386457434 184.45061653852463 12.497285410761839 7.2490063309669477 5.4991636276245117 6.2486853152513495 27.991206333041191 664.75724743306637 2299.6679165810347 29.486796513199806 19.741322100162506 4.9916018396615973 90.215426340699196 5.2490463256835929 44.713931202888489 10.496136397123335 5.4984460175037375 9.247321739792822 80.965503484010696 6.9986624717712429 14.997054144740106 6.2484040260314933 11.995209410786627 43.983467698097229 1184.7857400774956 98.721339255571365 6.2486970126628893 54.482862189412117 8.2483514249324781 6.7485767304897308 718.96231138706207 211.37897941470146 1225.281784683466 474.42897506058216 9.7477322667837125 90.22028574347496 7.7449402660131446 35.485676169395447 4.9992735832929602 62.981847956776619 9.2469451278448087 10.744616329669951 49.247511804103851 5.224104627966879 7.9582394808530807 7.2224314212799063 2263.5303254723549 6.4897122830152503 20.639024138450623 40.98192922770977
leaf_count=162278 2072 96 68687 67 57 99226 49120 21062 5571 642 417 74 31 738 50 29 22 25 112 2660 9202 118 79 20 361 21 179 42 22 37 324 28 60 25 48 176 4741 395 25 218 33 27 2877 857 4967 1924 39 361 31 142 20 252 37 43 198 21 32 29 9068 26 83 164
internal_value=-0.000213866 0.0143528 0.0119865 0.018484 0.0211762 0.0107764 0.0172032 0.0155895 0.00784364 0.00943354 0.00139204 0.0154582 0.0202039 0.0122255 0.0298779 0.011683 -0.0172565 0.0313633 0.0205276 0.0213753 0.0229227 0.015647 0.0189759 0.0217397 0.0049952 0.0154485 0.0138082 0.0205894 0.00673674 0.0246814 0.0280641 -0.0107414 -0.0279051 -0.0422144 -0.000242736 -0.00832396 0.0172982 0.0111026 -0.000857436 -0.0115827 0.0292966 0.00742764 0.0251493 0.0136731 0.0110064 0.00983236 0.0150249 0.0130687 0.0208915 0.00363624 0.0458225 0.0299482 0.0367846 0.0399957 0.0236199 0.0359903 -0.00500582 0.0429988 0.0231309 -0.00432053 0.0476896 0.0529511
internal_weight=89174.7 71056.5 45178.2 25878.3 8342.58 26304.8 17535.8 5280.54 2109.19 1607.06 255.979 5256.65 5968.03 232.69 48.2398 31.4941 12.7482 18.746 5735.34 4542.81 2761.75 462.079 1781.06 1116.31 146.451 392.352 372.611 315.628 71.9733 243.655 214.168 56.2353 28.2441 21.2455 61.4771 49.4819 1192.53 327.897 80.9775 59.7319 21.2456 12.9973 723.954 18873.4 1911.09 1699.71 246.919 232.172 133.451 43.2306 14.747 204.921 123.955 114.708 2374.55 90.2913 13.1823 77.109 2284.26 20.7251 69.8865 51.7265
internal_count=450388 288110 184363 103747 33395 107928 70352 21232 8702 6630 1059 21136 23881 931 193 126 51 75 22950 18178 11051 1849 7127 4467 586 1570 1491 1263 288 975 857 225 113 85 246 198 4772 1312 324 239 85 52 2897 76435 7748 6891 988 929 534 173 59 820 496 459 9514 363 53 310 9151 83 281 207
is_linear=0
shrinkage=0.05


Tree=20
num_leaves=63
num_cat=0
split_feature=22 8 8 8 8 25 10 26 28 26 27 25 13 30 3 24 20 20 25 25 18 24 26 20 26 23 24 24 18 36 36 18 23 24 13 8 29 26 24 34 26 26 14 36 25 30 14 27 30 26 35 6 23 4 0 25 1 25 27 20 20 1
split_gain=27757.6 258.019 54.6821 17.6114 14.0409 7.44575 8.35392 6.32814 7.0505 6.43566 8.01453 7.28342 6.11741 10.7948 8.72982 7.50661 11.2651 10.8689 6.41223 10.959 12.0053 10.7399 8.75181 6.37436 9.88691 7.64633 6.09028 7.9374 7.95512 8.49765 8.92815 6.93142 6.72879 5.93351 6.87206 7.40108 10.7197 7.29561 6.88837 6.78926 7.46204 7.27982 8.01183 7.26049 6.68438 6.33003 6.23228 10.4238 8.59936 8.7568 7.71649 7.49444 7.33865 6.49052 6.16407 8.52609 10.2544 13.8679 7.26618 7.06724 7.74326 6.92753
threshold=1.0000000180025095e-35 0.026671408675611023 0.032795699313282974 0.022474748082458976 0.037749288603663451 10.937500000000002 0.094494048506021514 19.905554771423343 0.64583334326744091 7.2607674598693857 0.58571431040763866 16.414285659790043 0.15476191043853763 16.500000000000004 0.15625000000000003 4.0138409137725839 0.40424679219722753 0.16269531100988391 19.267857551574711 31.816666603088382 0.20474760234355929 20.44303131103516 6.0066592693328866 0.1689339876174927 10.917589187622072 43.267856597900398 17.000588417053226 17.206429481506351 0.021628787741065029 0.087500002235174193 1.0000000180025095e-35 0.65052083134651195 50.354166030883796 29.670271873474125 0.054093567654490478 0.029857398010790352 0.18333333730697635 6.9082372188568124 23.722621917724613 0.65000000596046459 23.471318244934086 8.6714329719543475 0.04446640424430371 0.13750000298023227 31.267857551574711 20.500000000000004 0.069047622382640853 0.84523808956146251 49.500000000000007 17.963214874267582 0.68750000000000011 74.500000000000014 39.464284896850593 0.65000000596046459 0.18750000000000003 28.464285850524906 0.45000000298023229 29.535714149475101 0.38750000298023229 0.39386574923992163 0.40634469687938696 1.0000000180025095e-35
decision_type=2 2 2 2 2 2 2 2 2 2 2 2 2 2 2 2 2 2 2 2 2 2 2 2 2 2 2 2 2 2 2 2 2 2 2 2 2 2 2 2 2 2 2 2 2 2 2 2 2 2 2 2 2 2 2 2 2 2 2 2 2 2
left_child=-1 3 26 12 -4 -5 7 9 -9 11 -11 -7 -2 -14 -15 16 17 -16 21 20 22 -17 -20 24 25 -24 -3 28 -28 30 -30 33 -33 34 35 38 -37 -36 44 41 45 42 43 -38 46 -41 51 48 -48 -50 53 -29 -49 -51 -39 59 57 61 -58 -56 -61 -57
right_child=1 2 4 5 -6 6 -8 8 -10 10 -12 -13 13 14 15 18 -18 -19 19 -21 -22 -23 23 -25 -26 -27 27 31 29 -31 -32 32 -34 -35 37 36 39 54 -40 40 -42 -43 -44 -45 -46 -47 47 52 49 50 -52 -53 -54 -55 55 56 58 -59 -60 60 -62 -63
leaf_value=-0.056933159340724009 0.0096398229003376943 0.014230525538410236 0.018293150231060162 0.0088733478083171634 0.021829193946174743 -0.040980622230664093 0.011870680524899709 -0.013798691559334005 0.047941855257930932 0.049781073028627117 0.019354430515791429 0.024209585464761589 0.012731386760632228 -0.0425745996112014 -0.012794794040135282 -0.00022359791615209328 -0.038083580288400087 0.059672631926905854 -0.06620158455711421 0.0089012831662745526 -0.045078001026352135 0.06483541524432386 0.072767250118824636 0.043919582999328091 -0.030543540758191025 -0.013851061605389873 -0.033899108321186533 0.016444968511299372 0.020764815997814105 0.023420718147804494 0.076232210357375221 0.026519782481879861 0.084881671352472543 0.011587634786482514 0.0035383839759348837 0.02017049248392384 0.040642713232651069 0.010456934290183498 0.018305950887878127 -0.024734035418212875 0.039280428647781973 0.011875918946917035 0.066396393253009542 -0.010832392386923923 0.010351980856607108 0.0052275921136758687 0.0025478868004713763 0.07635133651392069 0.073272045942494785 0.053924363842927592 -0.025671791599094069 0.038118376137460622 0.016869661222037823 -0.0037602438977877052 0.017331276483995215 0.043037696064645005 0.016708897190822278 0.021516971439944004 0.00038744970884997801 0.063046521563378366 0.023735320846217593 -0.01320828565647373
leaf_weight=17348.794312000275 14037.238450616598 8483.2046581655741 8623.3228302299976 2164.0328837782145 4162.485687315464 6.1643587946891811 22133.381848394871 18.48186515271664 6.1669302582740775 46.595227301120758 40.414332136511803 14.050654783844946 167.91594302654266 13.857010573148726 7.5350492149591508 48.564729750156403 6.3122726976871482 16.514088675379753 5.1031247377395621 39.613265216350555 34.869123786687851 7.2965047210454932 5.3526133447885531 7.7461585551500312 17.233503893017769 4.8623087108135223 4.9775923937559119 1516.362709864974 12.191915199160578 98.576590120792389 17.915352135896683 18.664517864584926 6.7158228307962409 775.42297355830669 154.2717972099781 2474.7943523973227 16.468890294432644 659.28950861096382 1534.1670922189951 29.447927907109261 9.9815359860658628 288.26727077364922 13.227646335959433 11.72911700606346 822.33203163743019 43.921074405312538 224.9471390247345 9.1838729679584521 8.4415806978940946 12.653308659791952 8.1959851384162885 40.963898122310638 11.910553336143492 7.9340929090976706 1465.5349962115288 6.2178174555301657 95.514369711279869 295.47929179668427 238.37896026670933 17.174665212631226 46.285073310136795 45.785906255245209
leaf_count=162218 57679 34094 34507 8807 16687 25 89950 75 25 189 164 57 691 57 31 200 26 68 21 163 144 30 22 32 71 20 20 6103 49 396 72 75 27 3117 620 9916 66 2649 6176 118 40 1155 53 47 3311 176 906 37 34 51 33 165 48 32 5887 25 384 1187 958 69 186 184
internal_value=-0.000224152 0.0136012 0.0169024 0.0108554 0.0194443 0.0116733 0.0119454 0.0244926 0.0016483 0.0297441 0.0356485 0.00433051 0.00946976 0.00323328 -0.00418962 -0.00154339 0.0213638 0.0369672 -0.00561916 -0.0123808 -0.0235966 0.00827431 -0.00500903 0.00386374 -0.00744033 0.0315369 0.015238 0.016012 0.0281225 0.0305215 0.0537707 0.0158636 0.0419628 0.0158027 0.0161261 0.0169778 0.018926 0.0141306 0.0156373 0.0114693 -0.00127996 0.0146924 0.0342916 0.0192314 0.0140998 -0.00679803 0.0157742 0.00895228 0.00623161 0.028492 0.0153589 0.0170151 0.0427662 0.0316935 0.0147 0.0159656 0.0113138 0.0173265 0.0050564 0.0180386 0.0343745 -0.00648324
internal_weight=88510.4 71161.6 32312.3 38849.3 12785.8 24429.3 22265.3 131.873 24.6488 107.225 87.0096 20.215 14420 382.776 214.86 201.003 30.3614 24.0491 170.641 114.78 75.1668 55.8612 40.2977 35.1946 27.4484 10.2149 19526.5 11043.3 133.661 128.684 30.1073 10909.7 25.3803 10884.3 10108.9 7084.93 2887.84 3023.93 4197.09 413.043 83.3505 329.693 41.4257 28.198 2662.93 73.369 1840.59 283.267 262.172 37.225 28.7834 1557.33 21.0944 20.5874 2869.66 2210.37 681.376 347.483 333.893 1528.99 63.4597 52.0037
internal_count=450425 288207 129660 158547 51194 99292 90485 535 100 435 353 82 59255 1576 885 828 125 99 703 473 310 230 166 145 113 42 78466 44372 537 517 121 43835 102 43733 40616 28467 11571 12149 16896 1655 334 1321 166 113 10720 294 7409 1141 1056 150 116 6268 85 83 11529 8880 2738 1396 1342 6142 255 209
is_linear=0
shrinkage=0.05


Tree=21
num_leaves=63
num_cat=0
split_feature=22 8 8 8 8 16 32 20 16 32 3 10 20 13 18 31 20 25 25 3 23 26 24 31 24 27 8 36 35 26 16 3 26 31 30 13 18 10 25 36 29 31 18 20 16 26 0 10 10 13 3 23 28 31 20 27 23 16 35 23 10 3
split_gain=26101.7 217.053 41.5676 21.1216 11.6837 7.07351 8.94226 10.8706 8.36753 13.5684 7.9194 8.34803 7.78359 7.66524 7.35761 7.35365 6.66898 10.1962 7.20926 9.29924 9.55707 7.6753 8.38477 7.74838 10.3196 9.00587 9.71521 9.28552 9.13862 8.22273 10.8924 8.18262 8.15345 8.02553 7.50691 7.25315 7.08598 7.4355 8.16052 7.61845 7.11639 8.22571 7.10923 7.03194 7.02031 6.93637 6.77614 7.41956 7.32872 7.04557 6.87858 6.75892 6.69084 6.60027 6.59245 7.47437 10.3325 11.2358 9.4616 6.3072 6.27461 7.50939
threshold=1.0000000180025095e-35 0.027402402833104137 0.032795699313282974 0.022991543635725979 0.037749288603663451 0.11636904627084733 6.5000000000000009 0.17274756729602816 0.13045635074377063 6.5000000000000009 0.61875000596046459 0.18677325546741488 0.43169872462749487 0.18333333730697635 0.16098345816135409 22.500000000000004 0.06883928552269937 17.535714149475101 16.309524536132816 0.54375001788139354 77.166667938232436 15.637454986572267 19.26084136962891 31.500000000000004 2.5247548818588261 0.53571429848670971 0.025320513173937801 0.13750000298023227 0.31250000000000006 7.2607674598693857 0.023325893096625808 0.33124999701976782 9.4641137123107928 42.500000000000007 35.500000000000007 0.11805555596947671 0.37974758446216589 0.10990338027477266 24.464285850524906 1.0000000180025095e-35 0.15476191043853763 60.500000000000007 0.60272818803787243 0.45539595186710363 0.050694445148110397 11.649072647094728 0.68750000000000011 0.1234756112098694 0.15301003307104113 0.015268065501004459 0.41875000298023229 65.083332061767592 0.38750000298023229 70.500000000000014 0.073036596179008498 0.38750000298023229 60.535715103149421 0.28819444775581365 0.56250000000000011 11.550000190734865 0.12158167362213136 0.55625000596046459
decision_type=2 2 2 2 2 2 2 2 2 2 2 2 2 2 2 2 2 2 2 2 2 2 2 2 2 2 2 2 2 2 2 2 2 2 2 2 2 2 2 2 2 2 2 2 2 2 2 2 2 2 2 2 2 2 2 2 2 2 2 2 2 2
left_child=-1 3 5 -2 -4 6 -3 10 9 12 -8 15 13 -7 -11 -12 18 51 60 21 59 23 -23 31 -25 26 35 34 33 -29 -31 -20 -32 -27 44 -26 54 38 -38 40 53 -42 -40 -43 -28 -34 47 -30 -48 -49 -50 -18 -52 -39 55 58 57 -57 -19 -21 61 -5
right_child=1 2 4 16 -6 8 7 -9 -10 14 11 -13 -14 -15 -16 -17 17 36 19 20 -22 22 -24 24 25 28 27 29 46 30 32 -33 45 -35 -36 -37 37 39 42 -41 41 43 -44 -45 -46 -47 48 49 50 -51 52 -53 -54 -55 -56 56 -58 -59 -60 -61 -62 -63
leaf_value=-0.056549454236743728 0.0094600238135234289 0.016062146242467549 0.017442905015837125 0.053302009314182698 0.020674057438851381 0.0074554390215305789 0.028294791730405541 0.064862710500019141 0.01435857109586872 -0.012081889190130471 0.011811058414002745 0.037009154518584712 0.065201780534668699 0.039782066142301092 -0.072471092929392009 -0.058445499519229505 0.0086655142914034006 -0.027081390983065029 -0.02199924930649538 0.048283360001401307 0.061864048709951928 0.056350005092116733 0.019236395969221821 0.035998100602755163 0.0083626575758601121 -0.012180957902739776 0.063066926910242016 -0.025581220792604976 0.05649541983668499 -0.044661058807457847 0.061818141757068082 0.017533506364717854 -0.0057858327208494377 -0.079834728672004793 -0.017414557924776617 -0.030441964526537475 0.065676204682261874 0.011989437759206981 0.02117735282941946 0.0097472349661244517 0.021628484198895275 0.099217823366445412 -0.033781610737392435 0.031918686706611174 0.029055908791396641 0.032472480264466939 -0.049673431417595518 0.033404042180883296 -0.040012149064034969 0.0033267898353467971 0.020902938408250617 0.016384690053192968 -0.041600263521767204 0.034990633117965846 0.012859793748527451 0.0088828518364079019 -0.05950136139661321 0.075876629141780727 0.030046449131962413 0.0059428069874005399 0.016541782460266548 -0.00049536494450723413
leaf_weight=16636.901514798403 18358.49609157443 3449.5324541330338 8626.5743023902178 23.967338904738426 4140.6014430224895 406.67373526096344 129.97030346095562 17.713990017771721 12001.829731091857 22.700078085064892 6.9818551540374774 8.2366866022348386 6.231414556503295 19.203621298074722 6.4846504777669898 7.9831796586513519 3987.4662482738495 35.031200617551804 13.312229409813879 8.9187517464160901 7.8981163650751105 21.48313669860363 52.185476899147034 35.10302560031414 204.39995996654034 39.222473546862602 20.330613687634468 13.628179982304571 8.1566698551177961 6.4357963055372229 11.402963459491728 781.80523431301117 22.071207135915756 4.935152441263198 6.6984089314937583 12.795889124274252 9.8960962891578657 342.18060231208801 125.01166139543056 5262.3890434652567 43.922122091054916 7.4029473364353171 6.1748121827840796 8.1597249656915647 59.801941484212875 25.575883850455284 9.8722891509532911 22.699124127626419 8.8974758237600309 136.89504133164883 24.703608542680744 305.29149621725082 5.1794080436229697 34.316834419965744 10434.769289806485 65.66676464676857 4.9347330927848807 6.9179137349128714 9.1385893821716291 636.75808385014534 1012.8541644960642 8.8937440067529661
leaf_count=162463 75231 13835 34518 97 16617 1631 521 71 48139 91 28 33 25 77 26 32 16175 142 54 36 32 87 211 142 830 159 82 55 33 26 46 3165 89 20 27 52 40 1387 506 21344 178 30 25 33 241 103 40 92 36 554 100 1238 21 139 42246 266 20 28 37 2578 4104 36
internal_value=-0.000167776 0.0130168 0.0163607 0.0107359 0.0184908 0.0146697 0.0166152 0.0277798 0.0141046 0.00749627 0.0234912 -0.0034172 0.00972484 0.00891311 -0.0255 -0.0256677 0.0117144 0.0113838 0.0138212 0.0121973 0.00719637 0.0143092 0.0300594 0.013522 0.00959844 0.00815879 0.0130359 0.0221447 0.000987214 0.00975386 0.0171074 0.0168716 0.0238395 -0.0197421 0.0334344 0.00607652 0.0119518 0.0105542 0.0218933 0.0102735 0.0166251 0.0326961 0.0185905 0.063932 0.0376849 0.0147504 0.00521707 0.00998194 -0.0112118 0.00760469 -0.00142066 0.00921449 0.0100697 0.0140859 0.0127249 0.00115443 0.0105082 0.0152679 -0.0152618 0.00652766 0.0172394 0.0387419
internal_weight=87781.7 71144.8 28850.7 42294 12767.2 16083.5 3620.42 170.886 12463.1 461.293 153.172 23.2017 432.109 425.877 29.1847 14.965 23935.6 20688.7 3246.88 2201.17 653.575 1547.59 73.6686 1473.92 678.805 643.702 383.141 165.945 260.561 79.114 65.4859 795.117 59.0501 44.1576 86.831 217.196 16395.9 5839.45 141.083 5698.37 435.982 59.4848 131.186 15.5627 80.1326 47.6471 216.404 167.751 48.6528 159.594 38.7805 4292.76 29.883 376.497 10556.5 121.689 77.5194 72.5847 44.1698 645.677 1045.72 32.8611
internal_count=450320 287857 115644 172213 51135 64509 14520 685 49989 1850 614 93 1733 1708 117 60 96982 83834 13148 8911 2646 6265 298 5967 2748 2606 1551 669 1055 319 264 3219 238 179 350 882 66421 23682 571 23111 1767 241 531 63 323 192 876 679 197 646 157 17413 121 1526 42739 493 314 294 179 2614 4237 133
is_linear=0
shrinkage=0.05


Tree=22
num_leaves=63
num_cat=0
split_feature=22 8 8 8 8 16 31 23 2 14 18 3 16 14 1 20 24 1 23 24 27 1 25 20 23 34 25 13 18 18 18 14 6 30 26 27 23 18 3 23 30 23 6 36 25 24 4 26 16 25 31 6 23 36 36 2 26 14 1 26 4 36
split_gain=24397 207.32 34.3888 26.88 10.0772 7.75929 6.67265 9.76802 12.7004 8.82864 8.28383 9.06396 10.5116 8.38738 8.17244 8.10686 8.74399 7.6667 7.30137 7.12931 7.08532 8.85287 6.83074 6.33667 6.26707 9.30179 6.72666 6.4219 6.23801 12.1645 6.09228 7.77531 6.5648 7.58077 7.15759 6.7579 8.91248 6.25789 10.6558 10.3291 8.67255 6.47883 7.245 10.5203 7.57804 7.17686 6.97621 6.02598 6.00473 8.77751 6.4254 6.36318 5.99001 7.98414 5.97733 5.92616 5.90753 6.05935 7.35846 5.81631 10.7868 6.08275
threshold=1.0000000180025095e-35 0.028991596773266796 0.025320513173937801 0.035098522901535041 0.021980676800012592 0.028869047760963443 20.500000000000004 44.354166030883796 0.23749999701976779 0.028991596773266796 0.037784092128276832 0.83124998211860668 0.019196429289877418 0.025320513173937801 0.75000000000000011 0.043839285150170333 28.471974372863773 0.75000000000000011 62.549999237060554 26.001335144042972 0.22500000149011615 0.25000000745058065 21.816666603088382 0.027543103322386745 42.81666564941407 0.45000000298023229 9.9375000000000018 0.064583335071802153 0.22950487583875659 0.33547149598598486 0.013693181797862055 0.18333333730697635 69.500000000000014 12.500000000000002 14.387494564056398 0.64583334326744091 60.062500000000007 0.025328947231173519 0.33124999701976782 27.071428298950199 41.500000000000007 53.354166030883796 74.500000000000014 0.31250000000000006 7.7083332538604745 9.5065746307373065 0.35000000894069677 12.823423862457277 0.025781250558793548 29.816666603088382 44.500000000000007 64.500000000000014 34.845237731933601 0.33749999105930334 0.11250000074505807 0.25624999403953558 12.823423862457277 0.039230769500136382 0.15000000223517421 13.662113189697267 0.45000000298023229 0.38750000298023229
decision_type=2 2 2 2 2 2 2 2 2 2 2 2 2 2 2 2 2 2 2 2 2 2 2 2 2 2 2 2 2 2 2 2 2 2 2 2 2 2 2 2 2 2 2 2 2 2 2 2 2 2 2 2 2 2 2 2 2 2 2 2 2 2
left_child=-1 2 4 -3 30 6 10 9 20 -8 13 18 17 -6 -14 22 -17 -13 28 -10 21 -9 54 -24 27 26 -26 -15 47 -30 31 32 -2 35 52 36 -34 38 -32 -40 41 42 43 44 -41 -46 -44 -12 49 50 59 -50 53 -35 -11 -43 57 -22 -59 61 -61 -5
right_child=1 3 -4 48 5 -7 7 8 19 15 11 12 14 24 -16 16 -18 -19 -20 -21 56 -23 23 -25 25 -27 -28 -29 29 -31 37 -33 33 34 -36 -37 -38 -39 39 40 -42 55 46 -45 45 -47 -48 -49 51 -51 -52 -53 -54 -55 -56 -57 -58 58 -60 60 -62 -63
leaf_value=-0.05618936002503451 0.051663023944333475 0.014854710366858101 0.012336737067890888 0.012440411986369124 -4.1584313447976579e-05 0.010274998435512613 0.012446738018427689 0.026662891063455759 0.028376374536427197 0.0041573852623255194 -0.0042127952214816395 0.056911821937586628 -0.033867252820748102 0.052709502138768516 0.04119661275840944 -0.014965740396272407 0.030476210415158335 -0.0070003857111600072 -0.027167894269631055 0.068036987549324454 0.0119317176772527 -0.053516247982803161 -0.027521201626108546 0.022926086673791219 0.074649545614755883 -0.026707337629803009 0.0042718749955148339 -0.0013554078342068946 0.024281226824070103 -0.016384608786732199 -0.024781205967820744 -0.057560884635258158 -0.0040542206398660298 0.010813490235126922 0.035710810941792667 0.035324250739843348 0.055223842001245686 0.0081782497415616023 0.04018082876050548 0.076859866048804085 0.075869456094899701 0.01456088054413386 -0.05557816397498308 -0.023138598478607272 -0.029706739731729933 0.020766089345210473 -0.0008243133749639333 0.044791754787570727 0.06818479899531496 -0.050174460258518599 0.051243227355077484 0.018675612263190072 -0.013251166387061954 -0.042080274499399876 0.044942311492812928 0.052118701000219841 -0.011692670617896903 -0.0068122646838105726 0.056000304464193879 0.022119474370458206 -0.044979883993110349 0.039522187729701071
leaf_weight=15935.329088404775 6.5536222606897345 14935.586697712541 15198.471493452787 372.73804984986782 49.008805841207504 21239.283693000674 218.14733165502548 5.6493281424045554 40.738358974456787 16.710034802556038 357.21432164311409 19.907239675521854 11.040989965200426 27.264628440141678 5.3991850465536109 104.32352505624294 11.781615778803824 6.1393171250820151 27.200102791190147 15.696987763047217 61.55480369925499 8.8139856457710248 15.697800084948542 10.315180644392965 6.1369214802980441 10.553594887256621 7.5998097062110901 6.8781544119119635 59.132672503590584 26.68997511267662 14.807729646563528 5.5489726066589347 46.254419580101967 64.664688140153885 10.692995354533194 25.539497777819633 7.3482498228549948 9795.5621376782656 45.905801072716713 5.4187302440404883 5.4296125024557105 29.679800406098366 8.0495696663856524 17.315823614597321 7.825772136449813 70.415280431509018 20.978742867708206 6.3854267448186866 6.4953240752220145 5.4839326590299597 10.979357570409773 7879.3243012279272 118.60125952959061 8.0191764980554563 19.428651690483093 16.25535623729229 17.132161438465118 6.138018578290942 19.398356720805168 11.980808258056642 11.9774894118309 21.955432057380676
leaf_count=162575 27 59793 61185 1494 200 86334 889 23 166 68 1458 81 45 111 22 425 48 25 111 64 251 36 64 42 25 43 31 28 241 109 61 23 190 266 44 105 30 40167 187 22 22 121 33 71 32 288 86 26 26 22 44 31600 489 33 79 66 70 25 79 48 48 88
internal_value=-0.000263418 0.0122493 0.010371 0.0161235 0.00945919 0.0100542 0.00613925 0.0100462 0.0198807 0.00570152 0.00257542 -4.01399e-05 0.0220888 0.0152126 -0.00921522 -0.00255315 -0.0103546 0.0418474 -0.00201274 0.0394076 0.0105957 -0.0221985 0.0120206 -0.00751685 0.0280065 0.00859294 0.0357133 0.041818 -0.00049029 0.0116346 0.00816698 0.00106289 0.0021937 0.00104044 -0.00409919 0.0141573 0.00407205 0.00837451 0.016316 0.0189936 0.013631 0.0117102 0.00600688 0.0123356 0.019678 0.0157177 -0.0160076 -0.00335219 0.0184009 0.0126828 0.0134851 0.0187164 -0.00632461 0.00497775 0.0260839 0.0278517 0.0151466 0.0204263 0.0409024 0.0124949 -0.0114256 0.0139469
internal_weight=87158.6 71223.2 47966.7 23256.5 32768.2 22437.4 1198.08 571.526 175.122 396.404 626.551 519.109 42.4867 107.442 16.4402 178.257 116.105 26.0466 476.622 56.4353 118.687 14.4633 62.1517 26.013 58.4331 24.2903 13.7367 34.1428 449.422 85.8226 10330.9 293.223 287.674 281.12 201.978 79.1422 53.6027 10037.6 242.082 227.274 181.369 175.939 130.004 100.976 83.6598 78.2411 29.0283 363.6 8320.93 435.115 429.631 7885.82 191.285 72.6839 36.1387 45.9352 104.223 87.0912 25.5364 418.652 23.9583 394.693
internal_count=450505 287930 194767 93163 133582 91219 4885 2329 714 1615 2556 2118 173 438 67 726 473 106 1945 230 484 59 253 106 238 99 56 139 1834 350 42363 1207 1184 1157 832 325 220 41156 989 928 741 719 532 413 342 320 119 1484 33370 1744 1722 31626 788 299 147 187 425 355 104 1678 96 1582
is_linear=0
shrinkage=0.05


Tree=23
num_leaves=63
num_cat=0
split_feature=10 8 8 8 14 6 36 16 2 8 23 14 25 2 25 30 26 27 24 25 27 31 2 3 23 26 10 36 18 13 23 18 16 2 27 16 23 18 10 2 23 30 28 25 31 3 25 14 36 1 32 26 25 16 36 18 30 30 34 30 23 23
split_gain=22878 196.786 33.2994 20.8074 8.60035 7.87308 18.9262 7.79426 7.41662 6.97299 6.81709 8.93162 8.15247 10.5325 6.9509 6.14499 8.54376 6.40301 9.04441 9.63787 8.83253 7.76853 7.24363 7.92864 7.13954 8.52291 8.43419 9.96487 6.91318 6.74661 6.72454 6.11294 7.38443 7.8172 7.50401 7.81003 6.90935 6.86138 7.59548 12.8133 13.6032 10.2752 9.66335 8.84286 8.051 7.68725 7.22315 6.9322 6.5788 6.38925 6.3049 9.13233 8.10212 8.67887 10.326 6.79701 6.79072 6.75939 7.68496 7.62807 6.53815 9.65047
threshold=0.026494565419852737 0.028991596773266796 0.023532669059932235 0.03637566231191159 0.15476191043853763 64.500000000000014 0.087500002235174193 1.0000000180025095e-35 0.60625001788139354 0.025978407822549347 71.099998474121108 0.15476191043853763 67.166667938232436 0.10624999925494195 65.125000000000014 71.500000000000014 19.228201866149906 0.35416667163372045 21.800405502319339 18.816666603088382 0.22500000149011615 61.500000000000007 0.60625001788139354 0.11874999850988389 37.414285659790046 26.936963081359867 0.20761494338512423 0.037500000558793552 0.49757812917232519 0.095454547554254546 32.062500000000007 0.36541289091110235 0.14295635372400287 0.41875000298023229 0.77500000596046459 0.16180555522441867 6.1666667461395273 0.4635016024112702 0.19782608747482303 1.0000000180025095e-35 29.366666793823246 3.5000000000000004 0.38750000298023229 30.354166984558109 76.500000000000014 0.98125001788139354 27.464285850524906 0.042572464793920524 0.23749999701976779 0.45000000298023229 4.5000000000000009 13.899415493011476 31.535714149475101 0.36180555820465093 0.13750000298023227 0.44776068627834326 75.500000000000014 70.500000000000014 0.35000000894069677 68.500000000000014 34.535715103149421 37.690477371215827
decision_type=2 2 2 2 2 2 2 2 2 2 2 2 2 2 2 2 2 2 2 2 2 2 2 2 2 2 2 2 2 2 2 2 2 2 2 2 2 2 2 2 2 2 2 2 2 2 2 2 2 2 2 2 2 2 2 2 2 2 2 2 2 2
left_child=5 2 10 -3 15 6 -1 -4 -6 31 12 -12 14 -14 -2 16 -5 18 20 -20 21 30 24 -24 25 26 27 -19 -23 -21 -18 -9 -33 34 35 -34 -36 48 39 43 42 -42 -41 46 -40 -44 -39 -43 -37 -49 56 55 53 54 -53 -52 57 59 -59 60 -35 -62
right_child=1 3 7 4 8 -7 -8 9 -10 -11 11 -13 13 -15 -16 -17 17 22 19 29 -22 28 23 -25 -26 -27 -28 -29 -30 -31 -32 32 33 50 36 37 -38 38 44 40 41 47 45 -45 -46 -47 -48 49 -50 -51 51 52 -54 -55 -56 -57 -58 58 -60 -61 61 -63
leaf_value=0.024280963088345049 0.0086228540887126042 0.014587176318986931 -0.003721113423670758 0.018329360471530446 0.029182222448937381 -0.055851114367842764 -0.055851114367842764 0.011047686603244724 -0.015993384989321329 0.012016829296889291 0.0021039734767752502 0.061723545536652491 0.013446648459385195 -0.028009365363031544 0.029962663138995128 0.027845324629661002 -0.017077655381229042 -0.038326458681527904 -0.056139224938805625 0.01038094748050436 -0.017853144378001822 -0.053667344477725143 -0.046218072800311927 0.0081393750964692674 0.02051197850467907 0.048180441598983534 0.018530878381256808 0.0047960799217808001 0.024055674152249577 0.03194219453876803 0.042351658475770826 -0.0054681571667227489 0.050238735942499974 0.0038817785625139493 -0.030830502469727957 0.0066495644110197098 0.014382576169956208 0.020179260774413052 0.0068721851755138216 -0.035967339970706551 0.049092950600949724 0.0092943301307208282 0.0098248850795947806 0.033051499060587651 -0.031462796537975506 -0.041984633860411041 -0.039923417797305696 0.060085645426506309 -0.00073869212962544264 0.0083399933965085729 0.026631949441199683 -0.020332624264872728 0.042514727402994279 -0.046740352856966587 0.065594431424905134 -0.046307712279712775 0.054249786498986596 -0.063996144166776278 0.0014791918302591361 0.050642493729296682 0.04023645535732788 0.012696758714346357
leaf_weight=10.441159427165983 21930.392820775509 17085.356344401836 88.245955243706703 4569.4269953668118 225.6803557574749 15204.921880543232 25.041260182857513 9293.4652408659458 9.4663646668195707 12336.22397069633 516.02680702507496 6.3593352884054175 27.683196514844894 34.310801327228546 38.225769400596619 143.11959126591682 6.2302637845277813 14.956751361489294 4.980142042040824 210.62378841638565 56.52624300122261 6.7268550992012006 9.2138348221778852 24.670726224780083 501.60958388447762 14.180507406592367 113.73938584327698 128.45348384976387 4.9783467352390289 43.830944821238518 20.169417500495911 90.276310473680496 10.353050112724302 174.02737933397293 8.5982202142477018 998.94353231787682 489.6743445545435 13.584195971488954 625.93266893923283 23.187016397714615 20.032054722309113 234.64043459296227 49.103522717952728 112.92881478369236 14.00256599485874 8.3817756325006467 7.9097128063440314 13.599461510777475 431.43141922354698 10.626988962292669 5.9415546059608442 6.4252058565616625 57.108523741364479 5.6889436691999427 7.6701157540082932 6.9068368971347809 9.3698545396327955 5.9117503762245205 18.524171784520149 12.823286369442938 36.337593927979469 255.33110110461712
leaf_count=52 89523 68384 359 18355 911 162121 267 37561 38 49594 2110 26 113 140 156 575 25 60 20 846 227 27 37 99 2015 57 457 516 20 176 81 367 42 705 35 4045 1983 55 2534 94 81 949 199 457 57 34 32 55 1747 43 24 26 231 23 31 28 38 24 75 52 147 1033
internal_value=-0.000195734 0.0117005 0.00987439 0.0154826 0.0179872 -0.0557962 -0.0322712 0.0111128 0.0273636 0.0111644 0.00847503 0.00282976 0.00860889 -0.00949733 0.00865999 0.0176118 0.0173562 0.0135259 0.00792037 0.0127467 -0.00531132 0.0132937 0.0159858 -0.00664141 0.0169777 0.0104439 0.00836293 0.000298681 -0.0206109 0.014095 0.0283265 0.0103591 0.00865955 0.0090066 0.00798587 0.0068989 0.0136024 0.00672392 0.00962877 0.0142864 0.00936275 0.0145932 -0.00871978 0.0274567 0.00603337 0.00227068 -0.0019384 0.0119235 0.00442111 0.0373873 0.0142164 0.0264418 0.0329618 0.00538672 0.0264255 -0.0125778 0.0120749 0.0112892 -0.0143612 0.0125991 0.0115515 0.0161278
internal_weight=86470.6 71230.1 48036.2 23193.9 6108.58 15240.4 35.4824 25483.2 235.147 25395 22553 522.386 22030.6 61.994 21968.6 5873.44 5730.32 1160.89 354.066 259.435 94.6311 38.1049 806.824 33.8846 772.94 271.33 257.15 143.41 11.7052 254.455 26.3997 13058.7 3765.27 3675 3072.93 2574.66 498.273 2564.3 1133.93 493.994 359.571 278.899 80.6723 134.423 639.935 57.4853 21.4939 258.867 1430.37 24.2265 602.066 89.7412 76.8928 19.7843 14.0953 12.8484 512.325 502.955 24.4359 478.519 465.696 291.669
internal_count=450194 287754 194828 92926 24542 162440 319 102760 949 102401 92068 2136 89932 253 89679 23593 23018 4663 1422 1042 380 153 3241 136 3105 1090 1033 576 47 1022 106 52807 15246 14879 12442 10424 2018 10382 4590 1999 1455 1128 327 544 2591 233 87 1047 5792 98 2437 363 311 80 57 52 2074 2036 99 1937 1885 1180
is_linear=0
shrinkage=0.05


Tree=24
num_leaves=63
num_cat=0
split_feature=10 8 8 8 14 6 36 26 23 26 25 26 27 10 10 24 2 30 1 2 36 18 26 14 10 26 8 16 18 31 26 23 25 18 18 2 23 24 16 31 31 2 23 16 16 20 20 23 31 24 3 18 26 10 20 14 1 2 27 14 20 13
split_gain=21398.2 175.37 36.4511 14.8369 7.7595 7.28896 15.9335 6.65294 9.0647 6.20921 11.6535 10.7751 8.86293 7.91026 12.7169 8.15697 7.04791 6.10017 5.96555 6.17833 6.87986 6.47626 5.78975 12.0179 9.03128 5.78308 7.0385 7.79223 10.4179 8.42669 7.39541 7.17786 10.7405 6.65302 10.0663 7.92351 7.56914 7.53701 6.99214 6.22722 9.93492 6.2436 7.41615 6.08784 5.76606 5.73953 9.38149 6.22733 5.67685 9.12753 15.8456 7.85717 8.25314 13.1672 10.7837 8.39416 11.5645 9.09772 8.17629 7.96621 8.80169 8.9393
threshold=0.026494565419852737 0.029857398010790352 0.024695121683180336 0.03637566231191159 0.15476191043853763 64.500000000000014 0.087500002235174193 28.250553131103519 38.464284896850593 24.993540763854984 51.071428298950202 24.502267837524418 0.13392857462167743 0.16064515709877017 0.10990338027477266 24.77298736572266 0.64375001192092907 5.5000000000000009 0.84999999403953563 0.25624999403953558 0.18750000000000003 0.47196692228317266 31.039401054382328 0.048809524625539787 0.14854215830564502 19.228201866149906 0.037749288603663451 0.36919642984867101 0.34827381372451788 65.500000000000014 23.591476440429691 28.071428298950199 18.464285850524906 0.56294643878936779 0.40034721791744238 0.54374998807907116 69.125000000000014 1.5664966106414797 0.52942708134651195 66.500000000000014 62.500000000000007 0.068750001490116133 47.354166030883796 0.79208335280418407 0.011805555783212187 0.39795833826065069 0.36809027194976812 42.267856597900398 2.5000000000000004 28.769042015075687 0.96875000000000011 0.20677447319030764 17.339358329772953 0.1757352948188782 0.16269531100988391 0.018693221732974056 0.65000000596046459 0.031250000931322582 0.38750000298023229 0.048809524625539787 0.33980824053287512 0.095454547554254546
decision_type=2 2 2 2 2 2 2 2 2 2 2 2 2 2 2 2 2 2 2 2 2 2 2 2 2 2 2 2 2 2 2 2 2 2 2 2 2 2 2 2 2 2 2 2 2 2 2 2 2 2 2 2 2 2 2 2 2 2 2 2 2 2
left_child=5 2 22 7 25 6 -1 9 18 11 16 -3 -13 14 -14 -16 -11 -18 19 20 -9 -22 -2 24 -24 33 31 28 30 -30 -28 -27 -33 34 35 36 -5 -38 -37 40 -34 42 -41 -35 -6 46 -10 -47 49 51 -51 -4 53 58 -54 -55 57 -57 -53 -56 -61 -62
right_child=1 3 48 4 44 -7 -8 8 45 10 -12 12 13 -15 15 -17 17 -19 -20 -21 21 -23 23 -25 -26 26 27 -29 29 -31 -32 32 39 43 -36 38 37 -39 -40 41 -42 -43 -44 -45 -46 47 -48 -49 -50 50 -52 52 54 55 59 56 -58 -59 -60 60 61 -63
leaf_value=0.016925030543248062 0.0082613224484983268 0.014059626534244363 0.0027542528183896742 0.016386133144697994 -0.027449643965895876 -0.055533278553001969 -0.055533278553001969 0.010414026778473638 0.01117370775603801 0.017303701981672338 0.076937542351194765 -0.06379152714530674 0.034262045960594983 0.009535596263862427 0.0090980566492831344 -0.066070751388422749 0.00045613831903287317 0.061155667558782968 0.025959960049666733 -0.045739564873535483 -0.010718583856559428 -0.07962095212272835 0.069070041408921964 -0.041082000116801735 0.019291600695530098 -0.016732445920477484 0.012855924962346291 0.020032734731177584 -0.0061869560120734347 0.029196352966945512 0.037593146490891551 -0.062871346104269019 0.010724257532340518 -0.00092467778455708547 0.023804435960094933 0.026100659552980521 0.021458853108495921 -0.023041615400882134 -0.023751476135013237 -0.046722070252610076 0.037897786454709523 0.0072128396068380264 0.01276492251973761 0.045006515526752763 0.026991718469854705 0.025753896715265141 0.073937501214677889 -0.0051885750601253569 0.011239766154720931 -0.031031054049606197 0.03028717546004683 0.015078885766437046 0.078171145847917983 0.0060596625774727419 0.0092127478751388141 0.032086118925533084 0.045028211543109146 -0.0052871627183638569 0.048679385271985308 0.010087928326162258 -0.030268403251589693 0.039114150306063314
leaf_weight=11.066289708018301 29917.997427001595 13718.859391912818 385.10082378983498 3616.8700222373009 4.9682241678237906 14546.562715485692 24.132281854748726 22.727103039622307 16.736199632287029 442.48880243301392 8.7468404173850995 5.4978869408369055 6.9938187450170544 74.959989622235298 4.9970341473817852 12.993419408798216 5.4985565841197994 16.742178440093994 9.2389561831951124 14.234785750508307 10.742177590727804 4.9965986311435691 10.096744149923323 7.5783020108938208 93.411348387598991 26.954587653279305 170.67169708013535 518.13926564157009 110.55269959568977 19.847661808133125 36.712589204311371 4.995046228170394 258.03639833629131 75.712614327669144 584.18394786119461 275.89721508324146 15.693744301795958 24.167873337864876 7.2176828533411017 13.716287344694139 38.678591966629028 57.619255214929581 8.4775492250919324 7.9739924520254126 231.03757433593273 25.475854352116585 9.241323307156561 44.951511651277542 19472.758355394006 35.826980635523796 14.924901828169821 29.851581051945686 5.2264309525489798 196.87554293870926 353.37837432324886 28.598875775933266 39.292463645339012 37.814131885766983 46.011905312538147 37.553371325135231 41.249463200569153 5.23114389181137
leaf_count=55 121763 54901 1548 14545 20 162149 269 91 67 1771 35 22 28 300 20 52 22 67 37 57 43 20 41 31 380 108 687 2087 445 80 148 20 1034 304 2351 1110 63 97 29 55 155 231 34 32 935 102 37 180 78262 144 60 120 21 792 1420 115 158 152 185 151 166 21
internal_value=-0.000288412 0.010995 0.00941688 0.0148902 0.0169563 -0.0554783 -0.0327527 0.0140172 0.00382463 0.0141301 0.0197603 0.0139372 -0.00198525 0.00141468 -0.0229504 -0.0451918 0.0186842 0.046149 -0.0111002 -0.0175973 -0.00718284 -0.0325931 0.00830363 0.0196973 0.0241473 0.0165991 0.0136037 0.0161808 0.0102722 -0.000801419 0.0172351 0.00820358 0.00996531 0.017421 0.0176794 0.0167712 0.0161473 -0.00552153 0.0248297 0.0109316 0.0142665 -0.00146642 -0.0239994 0.00345183 0.0258457 0.0134138 0.0335015 0.00600432 0.0110295 0.0077728 -0.0129988 0.00864679 0.0114105 0.0168319 0.00677535 0.0121619 0.0235273 0.0108066 0.0354579 0.00592228 -0.00791475 -0.0224598
internal_weight=85904.8 71323 50758.8 20564.2 6108.12 14581.8 35.1986 14456.1 158.345 14297.8 473.476 13824.3 105.442 99.9443 24.9843 17.9905 464.73 22.2407 61.9396 52.7007 38.4659 15.7388 30029.1 111.086 103.508 5872.12 1264.4 855.924 337.785 130.4 207.384 408.478 381.523 4607.72 4524.03 3939.85 3656.73 39.8616 283.115 376.528 296.715 79.8131 22.1938 83.6866 236.006 96.4049 25.9775 70.4274 20729.7 1256.94 50.7519 1206.18 821.083 378.445 442.639 302.581 105.705 66.413 75.8635 437.412 84.034 46.4806
internal_count=450425 287952 205530 82422 24570 162473 324 57852 634 57218 1895 55323 422 400 100 72 1860 89 248 211 154 63 122215 452 421 23615 5084 3447 1360 525 835 1637 1529 18531 18195 15844 14705 160 1139 1509 1189 320 89 336 955 386 104 282 83315 5053 204 4849 3301 1522 1779 1217 425 267 305 1758 338 187
is_linear=0
shrinkage=0.05


Tree=25
num_leaves=63
num_cat=0
split_feature=22 8 8 8 8 18 18 10 30 24 27 24 26 3 18 26 18 2 25 31 35 23 29 31 23 10 18 0 24 16 16 2 1 25 3 31 18 27 10 16 30 3 30 4 2 16 25 30 25 26 24 26 23 34 23 9 27 23 14 25 6 1
split_gain=20071.4 162.602 32.5564 18.5724 6.78082 6.61692 9.90628 8.46621 6.47693 8.59754 6.58938 6.41778 6.36492 6.12785 8.5969 9.52532 8.67076 9.52187 8.89595 10.5538 10.1889 8.6788 8.18636 7.25442 6.93366 7.58975 6.75816 6.56066 6.39829 10.2033 14.1075 8.38707 8.76245 7.65288 7.47046 12.1293 13.97 7.47042 10.0968 10.7078 9.48046 7.05688 7.93999 6.14133 7.05281 6.60347 6.10941 6.05367 9.42991 6.05358 6.03692 9.41825 9.0253 7.94177 9.34481 10.0013 7.93402 7.73969 5.95452 12.4158 5.93811 6.74588
threshold=1.0000000180025095e-35 0.027402402833104137 0.035098522901535041 0.022991543635725979 0.031754031777381904 0.36733439564704901 0.35912877321243292 0.097167581319808974 17.500000000000004 29.273272514343265 0.58571431040763866 24.951909065246586 10.755002021789553 0.88124999403953563 0.30256579816341406 26.936963081359867 0.33547149598598486 0.41875000298023229 39.928571701049812 12.500000000000002 0.43750000000000006 42.690477371215827 0.30952382087707525 19.500000000000004 50.845237731933601 0.19399641454219821 0.27756579220294958 0.56250000000000011 20.22325420379639 0.046130953356623657 0.14295635372400287 0.23749999701976779 0.65000000596046459 13.062500000000002 0.24374999850988391 53.500000000000007 0.3232738077640534 0.26785714924335485 0.1704722344875336 0.42578125000000006 2.5000000000000004 0.80625000596046459 42.500000000000007 0.35000000894069677 0.10624999925494195 0.26636905968189245 14.690476417541506 42.500000000000007 26.535714149475101 12.00255060195923 18.909506797790531 18.373063087463382 43.535715103149421 0.35000000894069677 32.354166030883796 39.500000000000007 0.15476191043853763 49.062500000000007 0.054093567654490478 21.062500000000004 72.500000000000014 0.35000000894069677
decision_type=2 2 2 2 2 2 2 2 2 2 2 2 2 2 2 2 2 2 2 2 2 2 2 2 2 2 2 2 2 2 2 2 2 2 2 2 2 2 2 2 2 2 2 2 2 2 2 2 2 2 2 2 2 2 2 2 2 2 2 2 2 2
left_child=-1 3 4 -2 -3 6 12 -7 9 -8 -10 -12 -5 28 15 26 17 22 19 20 27 -22 43 -20 25 -23 -15 -18 29 31 41 -14 -33 -32 50 37 -37 38 40 46 -36 42 -31 47 45 -45 -40 -16 -49 -43 51 -35 -53 54 -52 -56 -55 -54 -48 -60 -50 -62
right_child=1 2 -4 5 -6 7 8 -9 10 -11 11 -13 13 14 16 -17 18 -19 23 -21 21 24 -24 -25 -26 -27 -28 -29 -30 30 33 32 -34 34 35 36 -38 -39 39 -41 -42 49 -44 44 -46 -47 58 48 60 -51 53 52 57 56 55 -57 -58 -59 59 -61 61 -63
leaf_value=-0.055234547576367567 0.0072488602959273427 0.011612489861434393 0.015946486762248895 0.008743887878473541 0.013559334453793674 0.026999273037410662 0.023077182563571629 0.0078721068771554527 0.019596776858763907 0.07435311326298906 -0.0034445031290810026 0.034051104127938617 0.047560336901080975 0.020806224494572909 -0.035682917111712453 -0.019399089748234521 0.02278517976271548 0.031357100656792106 0.094212007086731053 -0.020807792491647038 0.053626479982848932 -0.044939957789790957 -0.06071111283369908 0.017211560047619975 0.019850871090928399 0.010639852951502724 0.043900367707252405 0.05904895209022492 0.0091631103522607765 0.0026068786984733126 0.041356779719549819 0.039217147054021344 -0.031454784010103404 0.016575783385366159 0.047667340176601708 -0.024146747536592263 0.033018818584757671 0.010413304966066463 -0.025397645234527123 -0.0061871560613162447 -0.00046196955713053637 -0.063581481613762245 0.051054302844194079 0.047176639637422857 -0.035852622869623894 -0.013545732581899287 0.022600004677580478 0.050224493749386381 0.017635630700943268 -0.0056833819156956846 0.050281411910523301 -0.044501674629583474 0.061445403317626907 -0.014205660299080214 -0.060734343519723094 0.019913281231514215 0.038869565366290708 -0.02475658283397239 0.064455869762731904 0.014517369353522522 0.0088551699934065736 -0.071723919313087789
leaf_weight=13917.000156655908 18466.581577599049 13947.256260514259 8307.3210442066193 8564.9433442950249 6583.9293143600225 58.354146361351013 138.40836429595947 6739.7441630363464 135.16730257868767 8.6881436407566053 76.647117346525192 13.408456638455389 35.902094170451164 76.91301204264164 6.2014400511980048 10.400140717625616 30.497539341449738 21.833828195929527 6.9521738439798337 16.862713247537613 8.1943429261445981 13.651295319199564 6.2106386721134177 5.4620383530855179 19.603532731533051 11.166769698262213 53.863474354147911 21.101899355649948 4555.7299936711788 319.43237039446831 23.294073775410652 9.1678245514631289 8.4090437442064268 493.9710737913847 11.410964652895926 46.15830834209919 13.907328844070433 1791.3951109498739 5.9543452858924857 30.767875641584396 99.010093912482262 7.1836016476154354 8.6870319992303831 6.4510565251112011 21.106704443693161 14.633541151881216 250.3887200653553 14.389409914612768 18.616019889712337 12.151344910264013 6.6910027414560345 12.645987048745157 5.2086834758520109 7.6905999779701224 7.7067448496818525 7.6704266667366028 83.393234923481941 5.2070238441228867 27.055552378296852 23.050357490777969 5.4547627717256528 4.9583883434534073
leaf_count=162226 75290 55844 33416 34565 26350 235 558 27223 545 35 309 54 145 310 25 42 123 88 28 68 33 55 25 22 79 45 217 85 18362 1288 94 37 34 1991 46 186 56 7220 24 124 399 29 35 26 85 59 1009 58 75 49 27 51 21 31 31 31 336 21 109 93 22 20
internal_value=-0.000307127 0.0104075 0.0133054 0.00844133 0.0122368 0.00935736 0.00987826 0.00803629 0.0179455 0.0261058 0.012616 0.00213825 0.0097002 0.0106866 0.0167682 0.0266556 0.0112585 0.00149651 0.0200233 0.0158903 0.0218283 0.00634608 -0.00515476 0.0603331 -0.00237562 -0.0199321 0.0303181 0.0376155 0.0103832 0.0120408 0.0116897 0.0337057 0.00540661 0.0128111 0.0125841 0.0112622 -0.0109109 0.011857 0.0176346 0.0219316 0.00451174 0.00215979 0.00388953 -0.00139662 -0.0154206 0.00503292 0.0247548 0.0105278 0.017128 -0.0271945 0.017407 0.0151177 -0.0161144 0.027868 0.000956687 -0.0205058 0.0343882 0.0183513 0.0257486 0.0414825 0.000722482 -0.0295139
internal_weight=85261.2 71344.2 28838.5 42505.7 20531.2 24039.1 17241 6798.1 372.319 147.097 225.223 90.0556 16868.7 8303.77 394.525 141.177 253.348 119.856 133.492 121.078 104.215 52.6159 98.022 12.4142 44.4216 24.8181 130.776 51.5994 7909.24 3353.51 3300.03 53.479 17.5769 2952.58 2929.28 2299.1 60.0656 2239.03 447.638 337.217 110.421 347.454 328.119 91.8113 42.1913 21.0846 306.449 49.62 43.4186 19.3349 630.185 517.033 23.0617 113.152 22.0682 15.3772 91.0838 10.4157 300.495 50.1059 29.0292 10.4132
internal_count=450119 287893 115610 172283 82194 96993 69535 27458 1501 593 908 363 68034 33469 1590 569 1021 483 538 488 420 212 395 50 179 100 527 208 31879 13517 13301 216 71 11900 11806 9266 242 9024 1804 1359 445 1401 1323 370 170 85 1235 200 175 78 2540 2084 93 456 89 62 367 42 1211 202 117 42
is_linear=0
shrinkage=0.05


Tree=26
num_leaves=63
num_cat=0
split_feature=22 8 8 8 8 16 6 20 35 24 24 23 27 18 10 0 24 20 36 24 20 36 31 18 26 23 34 25 29 20 24 24 31 26 13 27 26 18 35 25 26 27 24 16 23 36 0 23 16 24 13 3 18 16 23 25 1 27 26 23 18 18
split_gain=18917.5 137.245 28.96 17.246 8.05675 7.38678 11.7594 9.57643 8.55838 10.4294 9.32822 8.46186 8.24407 6.73945 6.52675 7.83103 8.90357 6.3018 8.15047 12.7033 7.85475 7.69178 7.42932 7.10876 6.39945 6.61325 7.65084 6.35317 5.65349 6.06304 5.91595 5.46447 5.28702 6.87931 7.15716 7.30657 5.24996 5.20881 7.56578 7.29446 9.79265 8.41928 7.40265 7.09569 6.7441 6.37334 6.95574 8.41256 6.6205 8.01532 6.94223 6.58431 6.50384 6.21728 6.14977 8.36287 8.51669 7.79334 8.88585 13.9174 11.5291 10.0363
threshold=1.0000000180025095e-35 0.027402402833104137 0.032795699313282974 0.022474748082458976 0.039230769500136382 0.028869047760963443 69.500000000000014 0.0043614129535853871 0.18750000000000003 21.955892562866214 25.630537986755375 65.083332061767592 0.93750000000000011 0.08507812395691873 0.18301435559988025 0.43750000000000006 18.832872390747074 0.021037680096924308 0.23749999701976779 20.290976524353031 1.0000000180025095e-35 0.51249998807907116 32.500000000000007 0.0094951926730573195 14.719955444335939 40.267856597900398 0.25000000745058065 24.535714149475101 0.18333333730697635 0.012683823704719545 14.478837490081789 21.391449928283695 38.500000000000007 13.462396144866945 0.069047622382640853 0.77500000596046459 3.4992855787277226 0.56294643878936779 0.68750000000000011 28.816666603088382 19.447994232177738 0.81666666269302379 30.69484901428223 0.28415179252624517 27.071428298950199 0.087500002235174193 0.56250000000000011 46.267856597900398 0.17942707985639575 25.525858879089359 0.060661764815449722 0.31874999403953558 0.43141447007656103 0.18828125298023227 42.062500000000007 59.774999618530281 0.15000000223517421 0.41428571939468389 16.580191612243656 45.267856597900398 0.24233440309762957 0.24848344922065738
decision_type=2 2 2 2 2 2 2 2 2 2 2 2 2 2 2 2 2 2 2 2 2 2 2 2 2 2 2 2 2 2 2 2 2 2 2 2 2 2 2 2 2 2 2 2 2 2 2 2 2 2 2 2 2 2 2 2 2 2 2 2 2 2
left_child=-1 3 -3 17 37 6 28 13 9 12 -11 14 -9 -8 15 -10 -17 18 20 21 -2 -20 23 36 25 26 -21 -27 29 -5 -30 -32 33 34 35 -18 -22 39 -39 40 42 44 -4 53 -42 46 47 52 49 -47 -50 -48 -46 -43 -41 57 -57 58 59 60 -56 -60
right_child=1 2 4 5 -6 -7 7 8 11 10 -12 -13 -14 -15 -16 16 32 -19 19 24 22 -23 -24 -25 -26 27 -28 -29 30 -31 31 -33 -34 -35 -36 -37 -38 38 -40 54 41 43 -44 -45 45 48 51 -49 50 -51 -52 -53 -54 -55 55 56 -58 -59 61 -61 -62 -63
leaf_value=-0.054953273609469833 -0.031173643642099454 0.011195087602351399 0.013664101017986083 -0.020775035611056678 0.017026037367394026 0.0090553683005404114 0.041788426204391355 -0.010772465981343043 -0.010227209045206269 0.047327195042467296 -0.021657527156951836 0.025261725659996528 -0.05069984421267492 -0.021841462736707454 0.0059322425934690073 -0.0057514782364042174 0.031830426860393446 0.0065213884598348095 0.03323127584932014 0.021623358669818259 -0.048306068204016617 -0.015164932314725627 0.022020059307106991 0.008239252491475715 0.046760629654082668 -0.0057959841236734011 -0.038335945010601225 0.045399463700193404 -0.00075099021494067202 0.019852716282940309 0.093945569739572216 0.030076380141344991 -0.019086024769666438 0.064557039082630399 -0.022577248452704868 -0.031240642272746234 -0.0043098324130770296 0.0018597778856728753 0.022862793471738564 0.017571773712845459 -0.017654976451375742 -0.0050701908651661397 -0.030563492654947757 0.0076170713333048694 0.0036868337738956906 -0.054500103022335968 0.0041506937812936587 0.031707396959788497 0.0070760252020535611 0.0036163614574589078 0.021854326837158967 -0.028595808511830023 -0.040441469064701675 0.057134103814369522 -0.010260728758752212 -0.0048677063159460066 0.069721573754743929 0.01590012452088636 0.037418877159414519 0.010753291177148638 0.054939795353416344 0.0015499867281593995
leaf_weight=13324.744395442307 12.473169073462484 16118.532077461481 5866.2750260233879 10.195809677243231 2351.9315841645002 26505.807816281915 26.027971312403682 52.19055338203907 159.37851867079735 12.34794741868973 8.1248565018177015 47.517801538109779 17.185277536511421 4.9533839374780646 893.19267792999744 82.062986686825752 41.257698819041252 13900.680519402027 114.07171691954136 7.3398047536611584 9.0393317937850934 8.8467385172843915 87.420224145054817 282.15069185197353 6.9200160503387442 15.911664962768556 19.336370065808296 9.787479639053343 4.9550240784883526 92.444286793470383 6.9527768194675428 6.4609465897083282 8.3959819376468641 8.6616046130657178 9.6187933534383756 5.1669805496931067 27.134740963578224 190.31373792886734 55.347298428416252 2040.3257160335779 30.192228183150291 4.9843589365482357 9.4763600379228574 24.938084945082664 69.777103245258331 8.2395680546760577 26.680998280644417 24.929812043905258 237.60848732292652 21.191895931959152 119.40091831982136 36.146859973669052 9.4847700297832471 20.697174742817879 8.4765235781669599 5.483145713806155 12.670343562960623 964.67171549797058 20.687878683209419 235.06472432613373 33.876369521021843 340.20993508398533
leaf_count=162475 51 64518 23537 41 9517 106936 105 212 646 50 33 192 70 20 3613 333 167 56686 463 30 37 36 356 1149 28 65 79 40 20 373 28 26 34 35 39 21 111 763 222 8192 121 20 38 100 280 33 107 100 953 85 479 145 38 83 34 22 51 3873 83 943 136 1365
internal_value=-0.000262684 0.00994493 0.0126042 0.0081376 0.0143828 0.00886237 0.00544539 0.00413131 0.00349828 -0.011409 0.0199499 0.00456531 -0.020663 0.0316151 0.00375102 -0.0024429 0.00555285 0.00673802 0.0117532 0.0205787 0.00790801 0.0297481 0.00910944 0.00556385 0.00157078 -0.00439986 -0.0218385 0.0137017 0.0203889 0.0158169 0.0459358 0.0631819 0.018243 0.0230868 0.0166775 0.0248107 -0.0153038 0.0137861 0.00659175 0.0139598 0.0129556 0.00705331 0.0135928 0.0266141 0.00535682 0.00661215 -0.00154932 0.00637419 0.0101395 -0.0126538 0.0120186 -0.0146894 -0.00159372 0.0450613 0.0157452 0.0134464 0.0471924 0.0130642 0.00877833 0.015507 0.0418905 0.00360611
internal_weight=84716.4 71391.6 28887.6 42504 12769.1 28002.9 1497.09 1376.08 1345.1 89.8486 20.4728 1255.25 69.3758 30.9814 1207.74 314.543 155.164 14501.1 600.432 182.214 418.218 122.918 405.745 318.325 59.2953 52.3753 26.6762 25.6991 121.009 102.64 18.3687 13.4137 73.1011 64.7051 56.0435 46.4247 36.1741 10417.2 245.661 10171.5 6510.02 634.272 5875.75 50.6196 583.653 553.46 167.02 104.192 386.441 29.4315 357.009 62.8279 79.2619 25.6815 3661.47 1621.14 18.1535 1602.99 638.315 277.418 42.3529 360.898
internal_count=450438 287963 115838 172125 51320 112994 6058 5570 5445 365 83 5080 282 125 4888 1275 629 59131 2445 741 1704 499 1653 1297 242 214 109 105 488 414 74 54 296 262 227 188 148 41803 985 40818 26119 2544 23575 203 2341 2220 670 418 1550 118 1432 252 318 103 14699 6507 73 6434 2561 1113 170 1448
is_linear=0
shrinkage=0.05


Tree=27
num_leaves=63
num_cat=0
split_feature=22 8 8 8 14 14 26 28 30 26 1 3 18 32 10 10 14 36 31 23 2 8 24 23 3 30 4 20 36 23 31 23 18 18 10 9 3 4 3 24 1 30 6 28 26 4 31 25 8 30 23 30 2 18 18 31 18 3 23 10 25 20
split_gain=17857.4 99.9266 22.009 17.6076 8.39459 8.08208 8.15058 7.97348 8.36197 11.5203 8.00644 7.84874 6.95952 7.21545 6.41078 6.39107 6.24792 7.23633 7.51368 8.71851 8.80397 8.65674 7.02006 17.5016 6.94753 6.4497 8.0362 6.94163 6.69569 6.16146 7.9901 6.15877 6.11663 7.73845 9.05494 6.57722 6.07818 6.48907 7.40735 7.15135 6.63218 6.15649 6.02069 5.89562 8.72438 5.88744 5.80308 5.79934 6.8446 7.44728 6.27206 6.04522 5.57699 5.5351 6.78836 11.2394 8.82715 6.86194 5.67636 6.15049 5.51898 5.37755
threshold=1.0000000180025095e-35 0.027402402833104137 0.03637566231191159 0.023532669059932235 0.048809524625539787 0.046536797657608993 22.714715957641605 0.64583334326744091 67.500000000000014 20.202244758605961 0.15000000223517421 0.94374999403953563 0.51858553290367138 4.5000000000000009 0.3964285701513291 0.086335405707359328 0.087121214717626586 0.062500001862645163 6.5000000000000009 37.690477371215827 0.018750000279396776 0.021507862955331806 21.00047588348389 44.81666564941407 0.20625000447034839 2.5000000000000004 0.84999999403953563 0.51815339922904979 0.63749998807907116 18.690475463867191 29.500000000000004 60.062500000000007 0.063589014112949385 0.17297148704528811 0.24722222238779071 24.500000000000004 0.89374998211860668 0.35000000894069677 0.15625000000000003 24.303849220275882 0.55000001192092907 55.500000000000007 72.500000000000014 0.58571431040763866 6.7974157333374032 0.35000000894069677 70.500000000000014 22.464285850524906 0.022474748082458976 51.500000000000007 49.535715103149421 27.500000000000004 0.51249998807907116 0.2854714840650559 0.40946692228317266 6.5000000000000009 0.42419271171092993 0.10624999925494195 46.81666564941407 0.19782608747482303 74.166667938232436 0.46270161867141729
decision_type=2 2 2 2 2 2 2 2 2 2 2 2 2 2 2 2 2 2 2 2 2 2 2 2 2 2 2 2 2 2 2 2 2 2 2 2 2 2 2 2 2 2 2 2 2 2 2 2 2 2 2 2 2 2 2 2 2 2 2 2 2 2
left_child=-1 3 14 16 5 7 15 -4 9 29 -10 12 13 36 -3 -7 -2 18 43 24 -21 42 25 -24 -20 26 -19 28 -27 30 -9 -23 -17 -34 -35 -36 37 38 46 -40 -39 -41 -22 -18 -45 -32 -11 -25 49 50 51 -49 -31 -15 55 -55 -56 -57 59 -58 -5 -54
right_child=1 2 4 60 -6 6 -8 8 10 11 -12 -13 -14 53 -16 32 17 22 19 20 21 31 23 47 -26 27 -28 -29 -30 52 45 -33 33 34 35 -37 -38 40 39 41 -42 -43 -44 44 -46 -47 -48 48 -50 -51 -52 -53 61 54 56 57 58 -59 -60 -61 -62 -63
leaf_value=-0.054688408237063349 0.0072761793265650994 0.011117491672532903 0.015118838784862063 0.0091366548870985952 0.017370381023611353 -0.037965492057967905 0.060831176029870794 -0.022617225032358929 0.062129575929290914 -0.0011432704371903801 0.0188958240600028 -0.040065464438362147 0.028055953443678616 0.044824148122966596 0.062859482288109864 0.025939034529178357 0.0078390540772590566 -0.013097957210479908 -0.023481440781306415 0.061444446225376786 0.030268283394820569 0.035749273028919705 0.0034656027973333212 -0.043344861735246099 0.013693145433067117 0.0052619024099111395 0.047555279246035809 0.058089573292400165 0.059847535624860851 0.011122483535022805 0.064622918274378952 -0.021646279993696834 -0.021437782611934839 0.019518021752337772 -0.072646313699402207 0.0068207237044383782 0.025545818360941663 -0.01603348558706447 -0.092747727368253541 -0.06755820318058714 0.033411515549186012 0.0093772575811107428 -0.033993553044236617 0.026118819766980234 -0.047853486256952904 -0.0053601394886760648 -0.046593574154481524 -0.033604976783762806 -0.033808777699973445 -0.049106242158618751 0.033699506929419046 0.025351634531037288 0.02067981460349555 -0.055338338483352123 0.082290213337463655 -0.030040170272427304 -0.0053523852178048517 0.025015721603336039 -0.035801101258766531 0.050339923135404321 -0.031760551122995993 0.068013680257019996
leaf_weight=12735.800109259784 21466.761540055275 22813.955432847142 2912.7294153124094 19904.100188672543 1807.7610963582993 11.159401118755339 5.4059246480464926 27.518086269497871 13.38721990585327 25.565862447023392 53.519930839538574 12.413906186819075 21.076205924153328 9.4331813007593137 5.9879567027091971 21.090258985757828 39.017128244042397 75.095274358987808 16.939410969614983 16.247893735766411 5.5908062756061581 48.476164102554321 205.01837578415871 24.937768921256065 48.706875741481781 579.5540761500597 5.8894320577383033 6.4144075065851203 5.6729475557804099 850.82233154773712 5.4551594257354719 5.1725968718528739 36.961063355207443 39.934934422373772 5.1968038827180845 5.2184510082006454 9.6813918799161893 17.884485095739368 6.9621237814426449 4.9695306718349439 10.92457193136215 5.4541158378124237 10.471836879849432 5.6544206142425564 13.508786633610724 6.6917221695184708 9.683001294732092 11.230204194784166 28.401327103376389 6.8019348531961432 13.966974571347235 7.0948888510465613 88.927109643816948 10.1697401702404 4.9606418460607555 8.4564647674560565 10.179859504103666 17.111318916082382 5.4597717672586432 9.6634204238653165 8.252622261643408 6.4345839321613303
leaf_count=162489 87256 91346 11756 80113 7317 45 22 111 54 103 216 50 85 38 24 85 159 306 69 66 23 197 835 102 198 2360 24 26 23 3432 22 21 149 161 21 21 39 72 28 20 44 22 43 23 55 27 39 46 115 28 57 29 359 41 20 34 41 69 22 39 34 26
internal_value=-0.00014277 0.00957617 0.0118441 0.00803512 0.0145125 0.0133083 0.000779328 0.0136842 0.0103486 0.00937835 0.0275463 -0.00156157 0.000985828 -0.00243959 0.0111311 -0.0019359 0.00708148 0.00353903 0.0119593 0.0178212 0.0282996 0.0205744 0.00171808 -0.00467803 0.00410059 0.00454659 -0.00868709 0.00635804 0.00579103 0.0115983 -0.00770763 0.0302154 0.00177316 -0.00406417 0.00868946 -0.0328302 -0.0119081 -0.0163604 -0.0268018 -0.0535098 0.00271636 -0.0273021 -0.0116264 -0.00331553 -0.0260267 0.0260692 -0.0136286 -0.0227408 -0.0151281 -0.00155679 0.00845893 -0.0107789 0.0124076 0.00899844 0.00387807 -0.0108782 0.0213033 0.00680616 0.00934684 0.021769 0.00911971 0.0238737
internal_weight=84213 71477.2 28918.2 42559 6098.26 4290.5 124.967 4165.54 1252.81 1185.9 66.9072 200.05 187.636 166.559 22819.9 119.561 22646.6 1179.86 209.786 151.606 85.9593 69.7114 970.078 297.451 65.6463 672.626 80.9847 591.641 585.227 985.849 39.665 53.6488 108.402 87.3113 50.3502 10.4153 91.1251 81.4437 52.6346 17.3858 28.8091 10.4236 16.0626 58.1803 19.1632 12.1469 35.2489 92.4331 67.4953 39.094 32.2921 18.3251 946.184 75.4344 66.0012 35.7375 30.2637 25.5678 25.3031 19.8433 19912.4 95.3617
internal_count=450697 288208 116000 172208 24630 17313 504 16809 5053 4783 270 806 756 671 91370 482 92061 4805 854 617 350 284 3951 1212 267 2739 330 2409 2383 3977 160 218 437 352 203 42 367 328 212 70 116 42 66 237 78 49 142 377 275 160 132 75 3817 304 266 144 122 103 102 80 80147 385
is_linear=0
shrinkage=0.05


Tree=28
num_leaves=63
num_cat=0
split_feature=22 8 8 8 26 23 1 16 20 30 0 25 14 34 36 10 2 25 31 26 4 24 32 25 14 24 10 24 26 26 28 18 25 24 23 36 31 1 24 2 23 14 3 0 1 14 25 25 23 25 0 16 1 20 24 4 25 32 26 30 1 20
split_gain=16722.2 104.811 21.4187 15.9073 8.78443 9.69912 8.25976 7.07547 6.84533 8.83967 10.901 14.9134 11.169 9.9009 8.6821 7.21508 6.83128 6.94857 6.44066 8.32082 7.6555 6.68802 6.5797 11.0577 9.95616 9.13331 9.12583 9.27352 7.13237 6.89542 6.41083 6.48538 7.55541 9.17664 6.07544 6.00281 5.98865 8.67678 10.1674 6.62882 5.9417 7.66184 6.59757 5.75923 5.7348 5.63222 6.87457 6.78037 11.1177 9.53225 9.7826 10.1864 7.86552 7.49282 6.48001 11.1028 6.06953 8.33316 7.85456 6.59309 5.62361 5.84656
threshold=1.0000000180025095e-35 0.029857398010790352 0.024695121683180336 0.037749288603663451 28.250553131103519 38.354166030883796 0.84999999403953563 0.38159722089767462 0.012683823704719545 2.5000000000000004 0.68750000000000011 28.690475463867191 0.016001024283468727 0.35000000894069677 0.43750000000000006 0.20550528168678286 0.41875000298023229 28.535714149475101 11.500000000000002 10.501983642578127 0.84999999403953563 28.30900859832764 5.5000000000000009 14.366666316986086 0.030776515603065494 19.189349174499515 0.22967033088207248 27.932706832885746 4.1965544223785409 9.9268870353698748 0.22500000149011615 0.040331197902560241 24.690475463867191 18.001928329467777 50.354166030883796 0.062500001862645163 76.500000000000014 0.55000001192092907 19.597480773925785 0.043750001117587096 23.845238685607914 0.054093567654490478 0.51874998211860668 0.18750000000000003 0.75000000000000011 0.042572464793920524 3.4166666269302373 22.816666603088382 11.550000190734865 44.535715103149421 0.68750000000000011 0.57578125596046459 0.84999999403953563 0.42521552741527563 25.46995830535889 0.55000001192092907 23.354166984558109 5.5000000000000009 18.373063087463382 65.500000000000014 0.65000000596046459 0.51433035731315624
decision_type=2 2 2 2 2 2 2 2 2 2 2 2 2 2 2 2 2 2 2 2 2 2 2 2 2 2 2 2 2 2 2 2 2 2 2 2 2 2 2 2 2 2 2 2 2 2 2 2 2 2 2 2 2 2 2 2 2 2 2 2 2 2
left_child=-1 2 -2 4 -3 6 -6 16 9 -4 12 13 14 -12 30 -16 17 -7 40 20 22 -21 23 34 26 -24 27 35 -28 -26 43 -32 33 -33 -20 -25 -10 38 -38 -40 41 -14 -42 -11 -39 46 -5 48 -47 56 51 -51 53 54 -50 -56 57 58 -49 -58 -9 -62
right_child=1 3 8 45 5 7 -8 60 36 10 11 -13 18 -15 15 -17 -18 -19 19 21 -22 -23 25 24 29 -27 28 -29 -30 -31 31 32 -34 -35 -36 -37 37 44 39 -41 42 -43 -44 -45 -46 47 -48 49 52 50 -52 -53 -54 -55 55 -57 59 -59 -60 -61 61 -63
leaf_value=-0.054438881320700294 0.0069092082892967567 0.011419476964032168 0.044893642252727115 0.055019341572438533 -0.020802044187867384 0.0010867128122006838 0.028216645288977146 0.026064557192819894 0.0088966687467075117 -0.030973412764416459 0.031574915623645408 0.05478726638522835 0.03303620259760167 -0.010840324647439082 -0.048854492897351068 0.03227635101496492 0.038272108530251703 -0.05871856823815011 0.021036724542097117 0.018497072258860478 -0.028542362931876671 0.06856835504818172 -0.0040263734009907222 -0.0071209028720213693 -0.010165081853428709 0.063251005964531828 0.023529749761839792 -0.030528995243943636 -0.042318029460923848 -0.065286102907789759 0.067071507228264188 0.046101320695926276 0.072250551461134072 -0.022913797834075114 0.082013649451527809 0.053738621986005874 -0.059229824744664775 0.033720174032022592 0.033043260368292686 -0.021560418589957855 0.060349728768744754 -0.047458895625905433 0.016887822650734029 0.04150381508808644 -0.0098324995382014606 -0.052880367493362029 0.013241323272652251 0.037669868955341662 0.01387564364993011 -0.033240039838127802 -0.034312105893852432 0.029442365247208377 0.029446528968944199 -0.047528489035255132 0.01864131995724691 -0.06089070333110333 0.019765359213732469 0.066772412727868435 -0.028519015577890428 0.042846969180988355 -0.012961983577411318 0.04169097336359967
leaf_weight=12165.028249084949 30128.269908830523 16243.300828382373 22.968491315841675 9.8837283551692945 61.626868203282356 10.241140052676206 9.9863556772470456 54.867493689060211 20195.974116906524 5.2445844262838346 15.971170201897619 11.483143821358679 7.2424840182065946 99.30911660194397 5.2405471950769407 5.7440111190080643 4.9939097315073004 9.2379869669675809 18.473959639668468 84.647415056824684 16.48455998301506 7.2393420785665503 8.9939471781253832 4.9939188957214418 62.41773147881031 11.488400459289549 6.9916239529848125 5.2431038022041312 9.9859342128038389 6.2409980893135062 25.471355810761452 10.734898686409002 8.2408756166696531 8.736395597457884 5.2446378469467154 21.474721863865852 12.328891351819037 16.605017840862278 8.2179951816797274 17.173028439283371 19.236489832401276 4.9950654655694962 15.990104585886 5.7417242527008057 13.873321801424025 6.2027968168258658 2626.8338667750359 18.461319550871853 605.88718055188656 8.604702875018118 15.001056775450705 26.266584441065788 76.905716195702553 5.1546517461538306 9.8585383147001284 7.9084437787532798 628.32218293845654 17.564682275056839 5.9193590879440299 32.540628969669342 22.694827303290371 6.2385865151882163
leaf_count=162439 122154 65097 92 40 247 41 40 220 80997 21 64 46 29 398 21 23 20 37 74 339 66 29 36 20 250 46 28 21 40 25 102 43 33 35 21 86 50 67 33 69 77 20 64 23 56 25 10638 75 2459 35 61 107 313 21 40 32 2556 72 24 133 91 25
internal_value=-0.000248421 0.00897682 0.00776127 0.0119934 0.0112978 0.000309369 -0.0139665 0.00975151 0.00899508 0.0145391 0.0131965 0.000448673 0.0173132 -0.00496403 0.0346454 -0.0064298 -0.0139004 -0.027276 0.0132091 0.0102223 0.00391546 0.022442 0.00722748 0.00338246 -0.0029111 0.033709 0.0143835 0.0302221 -0.0152009 -0.0151755 0.0416766 0.0488595 0.0321201 0.0151356 0.0345199 0.0422561 0.00884672 -0.0059449 -0.0219764 -0.00388753 0.0301946 0.000180092 0.0406214 0.00690503 0.0138956 0.0147789 0.0133979 0.017265 0.0137669 0.0205736 -0.000549165 0.0139751 0.0143527 0.0125067 0.0130029 -0.01676 0.0220725 0.040516 0.0215999 0.0209019 0.0166588 -0.00117778
internal_weight=83624.2 71459.2 50934.7 20524.5 16423.2 179.887 71.6132 108.274 20806.4 542.271 519.302 126.763 392.539 115.28 75.1544 10.9846 24.473 19.4791 317.384 269.92 178.034 91.8868 161.549 141.067 117.348 20.4823 48.6893 31.7117 16.9776 68.6587 64.1698 53.1835 27.7122 19.4713 23.7186 26.4686 20264.2 68.1983 37.7199 25.391 47.4641 12.2375 35.2266 10.9863 30.4783 4101.32 2636.72 1464.6 711.917 752.681 49.8723 34.8713 705.715 628.809 623.654 17.767 702.808 41.9454 24.3807 660.863 83.8009 28.9334
internal_count=450486 288047 205598 82449 65818 721 287 434 83444 2172 2080 508 1572 462 301 44 98 78 1271 1081 713 368 647 565 470 82 195 127 68 275 257 213 111 78 95 106 81272 275 152 102 190 49 141 44 123 16631 10678 5953 2890 3063 203 142 2865 2552 2531 72 2860 171 99 2689 336 116
is_linear=0
shrinkage=0.05


Tree=29
num_leaves=63
num_cat=0
split_feature=22 8 8 8 36 26 16 4 14 29 25 18 3 16 18 10 16 25 14 25 25 16 16 16 26 20 18 8 20 16 28 34 10 14 10 3 18 2 3 27 20 20 32 23 16 16 28 9 23 20 36 35 16 26 18 16 23 27 14 4 25 18
split_gain=15719.4 99.1537 18.8047 17.7275 8.09211 10.6993 7.8624 9.1542 9.11974 7.31302 8.3555 18.7375 10.2133 9.24938 9.05981 8.79798 8.22985 7.30579 7.0227 6.79081 6.73237 6.61414 7.92012 6.87348 7.36097 6.50602 9.61359 7.96105 6.45101 8.02866 7.89768 7.68543 6.65564 6.58886 6.31964 6.38809 6.30475 9.0117 6.2579 7.94919 6.04815 5.9352 9.57927 5.89247 9.83432 11.9571 8.52267 6.08472 5.70098 6.45467 7.17918 6.11478 7.82626 6.19724 9.01981 6.95014 5.96212 8.83718 6.70926 5.68788 8.61752 5.66491
threshold=1.0000000180025095e-35 0.028174603357911113 0.035098522901535041 0.023532669059932235 0.087500002235174193 19.135666847229007 1.0000000180025095e-35 0.35000000894069677 0.035098522901535041 0.22500000149011615 25.690475463867191 0.35721726715564733 0.068750001490116133 0.28819444775581365 0.23370192199945453 0.24068965017795566 0.66339287161827099 19.354166984558109 0.18333333730697635 45.690477371215827 21.690475463867191 0.25659722089767462 0.27332589030265814 0.22942708432674411 20.848340988159183 0.096273146569728865 0.11958705261349679 0.025320513173937801 0.57723930478096019 0.65669643878936779 0.30952382087707525 0.55000001192092907 0.063508063554763808 0.087121214717626586 0.32071428000926977 0.043750001117587096 0.54399037361145031 0.54374998807907116 0.88124999403953563 0.18333333730697635 0.57723930478096019 0.53232228755950939 3.5000000000000004 45.690477371215827 0.52569442987442028 0.4669270813465119 0.64583334326744091 30.500000000000004 48.062500000000007 0.0043614129535853871 0.062500001862645163 0.81250000000000011 0.73875001072883617 15.895819664001467 0.17974759638309482 0.30863095819950109 43.267856597900398 0.53571429848670971 0.048809524625539787 0.45000000298023229 54.549999237060554 0.013693181797862055
decision_type=2 2 2 2 2 2 2 2 2 2 2 2 2 2 2 2 2 2 2 2 2 2 2 2 2 2 2 2 2 2 2 2 2 2 2 2 2 2 2 2 2 2 2 2 2 2 2 2 2 2 2 2 2 2 2 2 2 2 2 2 2 2
left_child=-1 3 4 -2 5 18 7 -5 25 10 11 14 -13 -12 -7 17 19 -16 40 34 -14 23 -23 24 -19 27 -27 -9 29 32 31 -30 33 -6 35 43 -32 -38 39 -20 59 -21 -43 44 45 46 -15 -47 49 50 -4 52 -50 54 -53 -55 57 58 -52 -3 -61 -8
right_child=1 2 48 6 28 9 61 8 -10 -11 13 12 20 16 15 -17 -18 21 38 41 -22 22 -24 -25 -26 26 -28 -29 30 -31 36 -33 -34 -35 -36 -37 37 -39 -40 -41 -42 42 -44 -45 -46 47 -48 -49 51 -51 56 53 -54 55 -56 -57 -58 -59 -60 60 -62 -63
leaf_value=-0.054203701414747597 0.0060972468839419697 0.011151905339887073 0.030530681564967022 -0.03021802121204395 -0.022604422614189251 0.021930538399149348 0.0033711660754383813 -0.035440491528927684 0.032326180093477215 0.016648058797864036 -0.024499064427082173 -0.021085339396597763 0.010034901902254647 0.020942090723058998 0.031506018468764323 0.027902337111126253 0.058335708669179559 -0.047740377489219221 -0.024822398750966354 -0.026372851058558067 0.068449443693972267 0.050253537759434835 -0.020832953459246753 -0.070260795012730026 0.021711158927735105 -0.081824314790782726 0.0012620868022852178 0.040358637452297903 0.024138320761469042 0.0027704707550627169 -0.013454503663689776 0.082430955618161827 0.010836752873686378 0.031089610718733354 0.03224295375608504 -0.00039654148902008564 0.028061127220128476 -0.027399420977465838 0.068818138184654307 0.025052134099958934 -0.014680781315730527 -0.034152427581523447 0.0456875722015435 0.068927176519263847 -0.040971424561452814 0.016655626593952044 -0.036520226585983605 0.076611457088298696 0.010988929617363268 0.013863196345232601 -0.018226556245690761 0.0095321596506259734 0.03825849296504337 0.044385211846483974 -0.024194377341210264 0.00073331839635271383 0.022128834901543739 0.0099067371046234372 -0.075817470770524586 0.0067267897849545566 0.041786853149858937 0.0082526675431293679
leaf_weight=11625.910097002983 22658.382247254252 1908.5473171323538 12.152093052864073 28.76178914308548 26.990616530179977 39.220078200101852 610.63023827970028 5.6498191356658962 19.032410353422165 95.409612119197845 36.974297761917114 4.996158078312873 6.2442837208509472 18.222050085663799 6.7450282275676718 13.488932847976683 6.2406126707792273 9.2437436133623141 8.9874702244997007 39.703561723232269 23.479128673672676 5.2450094223022488 15.490576386451719 11.244467854499815 6.4963857680559149 6.401853531599043 7.6319431066513062 8.9538291692733747 13.485307291150095 321.15793631970882 15.226367622613905 9.7370005548000318 12516.281251400709 7.247644677758216 16.968706279993057 540.76299555599689 65.693009942770004 8.2436449378728849 6.9914583563804618 71.930234402418137 26.475674688816071 6.7410432845354071 8.4867341667413694 4.9972267150878897 7.490864858031272 6.9817464202642467 9.9907641559839231 10.74349808692932 1955.2762939631939 6079.2083682119846 11.672525286674501 37.3562401086092 26.669930160045624 13.85333515703678 42.239844411611557 26.679866909980774 9.3995372951030713 12.658600404858587 8.92314165830612 1587.9233832508326 17.722169905900955 22261.373451560736
leaf_count=162512 91953 7641 49 117 108 157 2454 23 77 382 148 20 25 73 27 54 25 37 36 159 94 21 62 45 26 26 31 36 54 1286 61 39 50110 29 68 2165 263 33 28 288 106 27 34 20 30 28 40 43 7899 24580 47 151 108 56 171 108 38 51 36 6357 71 89442
internal_value=-0.000287501 0.00849068 0.0109678 0.00708931 0.0100435 0.00823653 0.00806884 -0.00794098 0.00549995 0.00351758 0.0020544 0.0131367 0.0450596 -0.000147057 0.00279511 -0.008249 0.00118228 -0.0172023 0.0094741 0.000650796 0.0561777 -0.024087 -0.00285182 -0.0404046 -0.0190758 -0.0123287 -0.0366398 0.0110337 0.0106809 0.0105768 0.0226082 0.0485801 0.0107765 -0.0112383 0.00215257 0.00130043 0.0158439 0.0218775 0.0234339 0.0195126 0.0091275 -0.0161944 0.0103439 0.0170067 0.0121506 0.0208129 0.000593449 0.0529956 0.0129391 0.0137092 -0.00337303 0.010692 0.0113559 -0.00026166 -0.00836575 0.0156526 -0.0130322 -0.0229707 -0.043178 0.00930687 0.00711376 0.00812234
internal_weight=83033.1 71407.2 25800.3 45606.8 17564.2 4580.19 22948.4 76.4316 47.6699 951.608 856.198 141.894 34.7196 714.304 107.174 67.9541 677.33 54.4652 3628.58 671.089 29.7234 47.7202 20.7356 26.9846 15.7401 28.6374 14.0338 14.6036 12984.1 12871.7 112.385 23.2223 12550.5 34.2383 616.158 599.189 89.163 73.9367 87.9092 80.9177 3540.67 54.9313 15.2278 58.4262 53.4289 45.9381 28.2128 17.7252 8236.09 6134.01 54.8059 2102.08 1981.95 120.129 79.5961 40.5332 42.6538 33.2543 20.5957 3514.19 1605.65 22872
internal_count=450285 287773 103614 184159 70320 18337 92206 310 193 3810 3428 568 139 2860 429 272 2712 218 14527 2687 119 191 83 108 63 116 57 59 51983 51533 450 93 50247 137 2467 2399 357 296 352 324 14175 220 61 234 214 184 113 71 33294 24801 221 8493 8007 486 322 164 172 134 83 14069 6428 91896
is_linear=0
shrinkage=0.05


Tree=30
num_leaves=63
num_cat=0
split_feature=22 8 8 14 16 8 18 3 23 10 0 10 36 27 23 3 20 20 0 23 26 13 23 2 20 14 2 23 16 25 30 3 8 10 36 8 18 16 2 14 3 0 24 16 16 23 10 18 2 31 30 30 25 23 18 3 20 3 20 20 10 13
split_gain=14824.4 92.2741 18.6764 8.95873 9.1766 8.00694 7.28653 6.94846 7.1886 9.11169 6.70001 6.34704 10.0946 9.0682 8.30441 8.14446 6.8135 10.71 6.79893 7.22299 6.35755 7.49826 6.61888 6.32482 8.4152 6.29603 8.25606 8.69359 7.81878 7.46383 6.9562 5.99533 5.93461 5.87849 5.74671 6.46559 5.83124 7.53091 5.89087 5.70821 7.68217 5.56099 5.54959 5.54573 8.59151 13.8967 8.94645 8.03368 8.58199 7.97716 8.27466 12.9398 6.28996 7.95735 10.0293 9.03479 6.27448 7.63216 6.25813 7.08043 7.72231 7.84507
threshold=1.0000000180025095e-35 0.029857398010790352 0.022474748082458976 0.060661764815449722 0.021130952984094623 0.040833333507180221 0.046966912224888809 0.59375000000000011 51.690477371215827 0.17316342145204547 0.56250000000000011 0.18065268546342853 0.46249999105930334 0.22500000149011615 59.535715103149421 0.90625000000000011 0.49938987195491796 0.46530935168266302 0.68750000000000011 56.774999618530281 7.9505414962768564 0.023532669059932235 64.083332061767592 0.056250000372529037 0.022944820113480095 0.13392857462167743 0.60625001788139354 32.062500000000007 0.44409722089767462 19.690475463867191 1.5000000000000002 0.43125000596046453 0.025978407822549347 0.19782608747482303 0.23749999701976779 0.021507862955331806 0.040331197902560241 0.36180555820465093 0.018750000279396776 0.040833333507180221 0.55625000596046459 0.18750000000000003 10.873413085937502 0.028869047760963443 0.021130952984094623 69.125000000000014 0.25556655228137976 0.067912947386503233 0.16250000149011615 41.500000000000007 11.500000000000002 7.5000000000000009 21.354166984558109 44.81666564941407 0.080618686974048628 0.53125000000000011 0.31267361342906957 0.20625000447034839 0.03770833462476731 0.16468989849090579 0.20991431921720508 0.019803921692073349
decision_type=2 2 2 2 2 2 2 2 2 2 2 2 2 2 2 2 2 2 2 2 2 2 2 2 2 2 2 2 2 2 2 2 2 2 2 2 2 2 2 2 2 2 2 2 2 2 2 2 2 2 2 2 2 2 2 2 2 2 2 2 2 2
left_child=-1 2 3 23 6 25 10 -8 -9 -10 33 12 16 15 18 -13 17 -6 19 -15 21 22 -16 24 34 -3 30 -28 29 -29 -27 -22 43 -5 35 36 42 38 -38 40 -36 -42 -2 44 45 46 49 48 -48 50 51 -4 58 55 -55 -54 57 -52 -46 -60 -61 -62
right_child=1 5 32 4 11 -7 7 8 9 -11 -12 13 -14 14 20 -17 -18 -19 -20 -21 31 -23 -24 -25 -26 26 27 28 -30 -31 -32 -33 -34 -35 39 -37 37 -39 -40 -41 41 -43 -44 -45 52 -47 47 -49 -50 -51 56 -53 53 54 -56 -57 -58 -59 59 60 61 -63
leaf_value=-0.053981919607380358 -0.017994395384685787 0.010622622820441116 0.0093282680828048834 0.015359478792350468 0.005696024191428937 0.016045204743111403 -0.03920849326833719 0.043137622615428584 -0.070092538596265241 0.0086929475360145361 0.052632519244195847 0.0074815859564130996 0.04418638427600835 -0.0071320214204941296 0.056625189961786462 0.058911850412458278 0.046560274633639251 -0.039748264700449842 0.0051413891026757834 -0.042261527392470133 0.033620165897837687 0.053426514004861675 -0.0086530099383026384 0.006679303992828043 0.0038342857184030877 -0.0048540343736940689 0.029753776226658236 0.0027661597635382004 0.03827749577762761 -0.048112385200542 0.016887664127420078 -0.033764727218236583 0.0084045263411039843 -0.050334742271799043 0.035061029636152638 0.018428563671555119 -0.043721767781328233 0.035125875095100401 0.0066556390308334726 0.075430150944091556 -0.035332528288466725 0.025632923552185733 0.037496007693012527 0.007300933637530412 0.010287732600622403 0.052244813667432145 -0.044614708828577217 0.0021568413638578211 0.0028196307996783501 -0.022644167397133916 0.072144931275688037 -0.022055069661433099 0.010640659149526142 0.0067552693076188457 0.088292362236800356 -0.053198215911065189 -0.039865050304164838 0.011268612307389613 -0.018932039781446305 0.013906050929360481 0.0042198865989692769 -0.040497256695444031
leaf_weight=11074.857524037361 7.1142308413982418 18799.397529572248 88.410042479634285 9.2741956561803836 572.77976214885712 761.85278613865376 33.059680551290512 6.1154445260763195 5.8630807548761359 9.8103561848402006 6.3777021616697303 150.24009431898594 17.225750729441643 380.5070852637291 5.1594471633434322 8.1134734302759153 9.8692159801721555 13.265265643596647 119.1379901766777 15.217487946152685 4.9128628075122824 15.479290813207625 15.698267117142676 9026.9952766150236 3956.1455348432064 38.467596784234047 12.952403172850607 11.947335720062258 5.2340565025806418 18.172413691878319 843.3920913040638 10.060039490461348 15160.959771171212 5.3810770958662024 36.573003754019737 73.012215748429298 18.929779723286632 5.6531139165163031 8.3682214915752393 5.6949383318424216 8.1538435071706754 6.9105877876281729 12.28859359025955 20213.357425376773 42.887929633259773 16.146723091602325 23.945585623383522 73.651780068874359 15.845298200845717 21.256900295615196 5.1995902806520453 52.259772151708603 32.699823394417763 8.6581989824771863 6.6818917393684378 6.6733294427394858 5.9272326231002799 525.21541233360767 113.98003274202347 46.416716307401657 21.51747539639473 18.023951962590218
leaf_count=162097 29 75570 358 38 2333 3114 135 25 24 40 26 612 70 1550 21 33 40 54 485 62 20 63 64 36663 16081 155 52 48 21 73 3401 41 60722 22 148 296 77 23 34 23 33 28 50 81430 173 65 97 298 64 86 21 212 132 35 27 27 24 2123 461 188 87 73
internal_value=-0.000149107 0.00818101 0.00704389 0.00553113 0.00174851 0.0110155 -0.0151661 -0.0247608 -0.00283959 -0.0207789 0.00985435 0.00270802 0.00645196 -0.000460344 -0.00341865 0.0101167 0.00536119 0.00466738 -0.00533029 -0.00848292 0.0157634 0.0270612 0.00749447 0.00593725 0.00431879 0.0108213 0.0148368 -0.00529001 -0.0181288 -0.0279308 0.0159393 -0.0116546 0.00764814 -0.00876192 0.0148101 0.00881331 -0.00459603 -0.0174008 -0.0282785 0.0279231 0.0226837 -0.00736552 0.0171499 0.00711074 0.00369464 0.0063137 0.00540003 -0.00762317 -0.0257257 0.00751581 0.00846278 -0.00233085 -0.00359251 0.0117227 0.0422715 -0.000179349 0.0112937 0.0118654 -0.00704332 -0.0107609 7.39187e-05 -0.0161633
internal_weight=82645.4 71570.5 51079.1 14579.4 1413.55 20491.4 75.8815 54.8486 21.7889 15.6734 21.033 1337.67 613.14 724.526 566.172 158.354 595.914 586.045 514.863 395.725 51.3099 36.337 20.8577 13165.8 4138.84 19729.6 930.166 48.3062 35.3538 30.1197 881.86 14.9729 36499.7 14.6553 182.699 125.366 52.3539 32.9511 27.298 57.3324 51.6374 15.0644 19.4028 21338.8 1125.4 827.858 811.712 113.443 39.7909 698.269 677.012 140.67 297.539 54.7132 15.3401 39.3732 536.342 530.415 242.826 199.938 85.9581 39.5414
internal_count=450477 288380 205946 59243 5758 82434 310 224 89 64 86 5448 2497 2951 2306 645 2427 2387 2097 1612 209 148 85 53485 16822 79320 3750 194 142 121 3556 61 146703 60 741 509 213 134 111 232 209 61 79 85981 4551 3348 3283 459 161 2824 2738 570 1203 221 62 159 2168 2144 982 809 348 160
is_linear=0
shrinkage=0.05


Tree=31
num_leaves=63
num_cat=0
split_feature=22 8 8 8 16 16 27 18 36 25 18 30 27 14 18 30 18 26 31 20 16 14 25 31 23 1 20 16 32 25 32 30 3 18 26 26 3 20 31 20 36 16 16 36 26 25 18 30 27 10 2 36 3 34 31 31 1 36 36 18 26 26
split_gain=13920.4 89.2243 16.9131 11.4108 7.70418 6.97366 6.75178 7.8656 8.9111 7.63187 7.49521 7.62778 7.88955 6.70456 6.58134 10.7989 7.79052 7.85695 7.92932 8.47555 7.71717 7.40873 9.53105 9.79472 9.15683 7.95703 9.9102 10.9786 8.44271 7.47964 8.3647 7.08125 8.34958 10.0021 6.99663 10.5251 8.77594 9.15194 6.91096 7.44068 7.66551 7.09791 6.89493 6.88835 6.81606 8.62632 9.15588 13.0493 12.9399 11.426 10.8711 9.28761 8.17945 7.31501 6.93734 6.8487 6.75113 8.31124 8.96087 7.77786 6.65018 6.55973
threshold=1.0000000180025095e-35 0.028174603357911113 0.035098522901535041 0.023532669059932235 0.011805555783212187 0.013281249906867744 0.30952382087707525 0.059466911479830749 0.23749999701976779 17.690475463867191 0.082853619009256377 20.500000000000004 0.73214286565780651 0.042572464793920524 0.56294643878936779 18.500000000000004 0.40732231736183172 19.228201866149906 63.500000000000007 0.34173850715160375 0.41692708432674414 0.042572464793920524 22.816666603088382 54.500000000000007 69.125000000000014 0.84999999403953563 0.040052082389593131 0.28169642388820654 7.5000000000000009 23.354166984558109 4.5000000000000009 69.500000000000014 0.90625000000000011 0.36118055880069738 26.936963081359867 23.973292350769047 0.068750001490116133 0.36567540466785436 8.5000000000000018 0.012683823704719545 0.037500000558793552 0.046130953356623657 0.49419642984867101 0.36249999701976782 22.562150001525882 40.774999618530281 0.27310095727443701 16.500000000000004 0.22500000149011615 0.19189853221178058 0.13750000298023227 1.0000000180025095e-35 0.20625000447034839 0.65000000596046459 50.500000000000007 59.500000000000007 0.75000000000000011 0.16250000149011615 0.13750000298023227 0.24033119529485705 18.676261901855472 11.501811504364015
decision_type=2 2 2 2 2 2 2 2 2 2 2 2 2 2 2 2 2 2 2 2 2 2 2 2 2 2 2 2 2 2 2 2 2 2 2 2 2 2 2 2 2 2 2 2 2 2 2 2 2 2 2 2 2 2 2 2 2 2 2 2 2 2
left_child=-1 3 -3 -2 6 -6 7 8 9 -5 -8 12 -12 -14 16 42 17 21 19 44 -17 -4 23 25 29 26 38 28 -28 30 -24 -21 -33 -34 35 43 -36 -38 -23 40 -40 -42 -16 -20 45 46 47 48 -19 54 52 -49 53 -48 -50 -51 57 58 -53 -58 -31 -13
right_child=1 2 14 4 5 -7 10 -9 -10 -11 11 61 13 -15 15 20 -18 18 34 31 -22 22 24 -25 -26 -27 27 -29 -30 60 -32 32 33 -35 36 -37 37 -39 39 -41 41 -43 -44 -45 -46 -47 50 51 49 55 -52 56 -54 -55 -56 -57 59 -59 -60 -61 -62 -63
leaf_value=-0.053772658239722798 0.0055654691971041004 0.0091638285473207206 0.010640929147147378 -0.042736218282902916 0.016765364204559284 0.0071914738342867658 -0.0034728151741620118 -0.025219129463638926 0.046790927728947607 0.015730866693903164 -0.0060770826287046519 0.031844165369704781 0.010374561602606837 0.073801938879946877 -0.0062109787827883817 0.045683605259958619 0.015414535824427531 0.069028808477363465 0.015355046352805208 -0.0034710002081328132 -0.0057952745111319913 -0.0039068918328662326 0.013736679249518886 -0.0498984479538103 -0.024728047917098192 0.02307443738631311 0.0099314261693170761 -0.056516163734330042 -0.014861760773999892 0.016771776900834132 0.051322856011460263 -0.039045998267136325 0.072772424878675079 0.011967055479687787 0.043294701100951995 0.040925964738245287 0.012970937026387665 -0.058942364089184934 0.052000244239874385 0.031726995097112624 -0.02234675322025606 0.016692487039486944 0.043104880622784711 -0.041819327209069862 0.020301126085219182 -0.047986674316262766 -0.063206692828977548 -0.079338955628069127 -0.013883588562194611 -0.0018761694466510406 0.026378600296529997 -0.00906484722386087 0.0093323248989718912 0.004896268127514287 0.046634656606551105 -0.063428021506114804 -0.016115486714411081 0.014364993498881099 -0.076558777075937431 -0.090503748246579377 0.038923479495729836 -0.00075575013299601992
leaf_weight=10578.458066575229 22725.114691838622 17513.322164475918 3369.6084623634815 10.145596876740457 191.83926489949226 22337.72159487009 183.69208115339279 48.501283556222916 9.6749632805585843 12.407012954354284 73.366753980517387 55.400093555450439 13.814502060413362 5.9655201286077491 10.160526901483534 7.6717821210622779 1472.9756702929735 9.6073758602142316 73.317838653922081 295.98390859365463 142.60853783786297 24.724492073059082 25.10208223760128 6.4193290472030631 12.111417084932325 144.832385674119 941.35037687420845 6.4310109168291083 35.636473119258881 760.49925492703915 36.076383128762245 5.4239850193262091 9.0967276990413648 26.363575235009193 6.4030224382877376 48.038218572735786 8.3818520754575747 9.369938910007475 9.1356904059648496 115.34958744049072 18.532568588852882 31.319543614983559 23.434407562017441 5.6759075522422782 112.96036696434021 7.1797390580177298 8.1446676403284055 4.9593299031257621 6.1790400743484524 35.080543920397758 99.562974512577057 36.562228918075562 75.592691600322723 7.6431162357330313 20.269122526049614 5.1875275671482077 12.115018904209139 36.781506225466728 5.6819152981042853 4.9494958221912375 35.461085274815559 21.38842798769474
leaf_count=162155 92096 70150 13639 41 772 89663 741 196 39 50 296 223 56 24 41 31 5976 39 297 1198 576 100 102 26 49 589 3817 26 145 3091 148 22 37 107 26 195 34 38 37 468 75 127 95 23 458 29 33 20 25 142 403 148 306 31 82 21 49 149 23 20 144 86
internal_value=-0.000243935 0.00768583 0.0100415 0.00635978 0.00714583 0.007273 0.000550093 -0.012497 0.00664925 -0.0105713 0.00352859 0.0110968 0.00147864 0.0295038 0.0119146 0.00256179 0.012129 0.0113901 0.00725297 0.00532459 -0.00316729 0.012115 0.0143698 0.0117147 0.0184436 0.0120127 0.0106578 0.00859846 0.00902707 0.0190536 0.0359009 -0.000776742 0.0187285 0.0275656 0.01778 0.0224703 -0.00688678 -0.0249871 0.0208318 0.0243402 0.00989555 0.00217961 0.0281897 0.0112469 0.00953242 0.00629287 0.00735097 -0.000828369 0.0147764 0.00696389 0.014949 -0.0126148 0.00249595 -0.030237 0.0324959 -0.00980558 -0.0091711 -0.00301251 -0.0181429 -0.0376915 0.0177587 0.0227639
internal_weight=81986.8 71408.3 25719.3 45689 22963.9 22529.6 434.356 80.7289 32.2276 22.5526 353.627 169.935 93.1468 19.78 8205.95 183.875 8022.08 6549.1 976.512 825.325 150.28 5572.59 2202.98 1333.73 869.25 1327.31 1182.48 983.418 976.987 857.139 61.1785 336.868 40.8843 35.4603 151.187 127.032 24.1548 17.7518 199.062 174.337 58.9878 49.8521 33.5949 78.9937 488.457 375.496 368.317 177.373 76.3236 66.7162 190.943 101.049 91.3805 15.7878 26.4482 40.2681 96.0902 79.0257 42.2441 17.0645 795.96 76.7885
internal_count=449845 287690 103407 184283 92187 90435 1752 326 130 91 1426 685 376 80 33257 743 32514 26538 3955 3342 607 22583 8944 5410 3534 5384 4795 3988 3962 3485 250 1364 166 144 613 515 98 72 807 707 239 202 136 320 1978 1520 1491 718 309 270 773 409 370 64 107 163 389 320 171 69 3235 309
is_linear=0
shrinkage=0.05


Tree=32
num_leaves=63
num_cat=0
split_feature=22 8 8 8 20 18 36 23 35 10 24 16 10 22 16 35 24 23 23 16 10 18 31 10 23 18 22 30 23 6 3 31 24 20 35 36 8 14 23 10 18 22 18 26 20 16 9 20 31 26 20 2 9 2 20 24 24 18 24 26 24 2
split_gain=13163.2 79.4189 15.427 9.00982 6.19072 7.59328 13.8494 9.1584 6.92767 7.2801 6.55532 7.85261 6.21273 8.14627 6.08209 6.6213 13.6908 8.39513 8.67545 8.18506 6.94682 7.19285 7.59411 6.59426 6.10067 8.31729 6.05224 6.03267 5.96067 8.91436 6.21989 5.90055 14.4341 10.1889 7.75595 5.93234 5.83457 6.9039 10.3537 10.2325 11.3535 10.6124 7.89262 7.87333 7.82674 7.72159 9.44012 7.62058 10.308 7.93012 7.41665 8.8055 9.36151 7.29534 6.53294 9.58787 6.20591 11.5287 6.97699 6.95463 11.232 6.83169
threshold=1.0000000180025095e-35 0.027402402833104137 0.032795699313282974 0.021507862955331806 0.54387500882148754 0.4878289550542832 0.31250000000000006 22.928571701049808 0.68750000000000011 0.16172623634338382 25.46995830535889 0.45442709326744085 0.27149876952171331 1.2071067690849306 0.13828124850988391 0.31250000000000006 32.313676834106452 75.125000000000014 51.062500000000007 0.028869047760963443 0.31072796881198889 0.24650973826646808 28.500000000000004 0.35805861651897436 54.354166030883796 0.31927447021007543 1.2071067690849306 4.5000000000000009 59.535715103149421 71.500000000000014 0.89374998211860668 76.500000000000014 28.947269439697269 0.49289596080780035 0.31250000000000006 0.13750000298023227 0.024695121683180336 0.039230769500136382 35.81666564941407 0.18065268546342853 0.41369317471981054 1.2071067690849306 0.46077381074428564 31.039401054382328 0.21267857402563098 0.50442707538604747 40.500000000000007 0.44211745262146002 63.500000000000007 25.171840667724613 0.47004464268684393 0.21249999850988391 41.500000000000007 0.74375000596046459 0.052293770015239723 26.442863464355472 19.027906417846683 0.24033119529485705 18.658762931823734 8.5024504661560076 25.630537986755375 0.18124999850988391
decision_type=2 2 2 2 2 2 2 2 2 2 2 2 2 2 2 2 2 2 2 2 2 2 2 2 2 2 2 2 2 2 2 2 2 2 2 2 2 2 2 2 2 2 2 2 2 2 2 2 2 2 2 2 2 2 2 2 2 2 2 2 2 2
left_child=-1 3 -3 27 14 6 7 -6 12 -10 -9 -12 -7 -14 15 16 17 18 20 24 -5 22 -22 31 -20 -26 -18 28 -2 -30 -31 36 33 35 -35 -33 37 43 47 41 53 42 -40 54 -43 46 -45 48 -39 -49 51 -44 -53 56 55 -16 57 61 -59 60 -58 -41
right_child=1 2 -4 4 5 8 -8 10 9 -11 11 -13 13 -15 23 -17 26 -19 19 -21 21 -23 -24 -25 25 -27 -28 -29 29 30 -32 32 -34 34 -36 -37 -38 38 39 40 -42 44 50 45 -46 -47 -48 49 -50 -51 -52 52 -54 -55 -56 -57 59 58 -60 -61 -62 -63
leaf_value=-0.053575157447272981 -0.00096584716039358083 0.0083565268664789402 0.010689372161061549 0.0016549808598963819 0.032571123481809072 0.004166985705693598 -0.047331615123957456 -0.015843865952464765 0.043169731410558118 -0.0060684346475851931 -0.019386987436128877 0.062083481575005942 -0.02791006846739056 0.011954971175180391 0.010058806539104084 0.0060649003304248522 -0.033126651684002306 -0.034916056771540825 0.015639704810451047 0.012649748198774799 0.043495514872838023 -0.032846009288110524 -0.016910571515849536 -0.038665439447149112 -0.01601450386551212 0.037381791401459863 0.022383334030750799 0.0048347730527275841 -0.034187925238281854 0.02989892323719669 -0.011866492716364214 -0.017926973120303627 0.034410018436741269 -0.052913557287424577 0.014701604829486962 -0.063198603511365734 0.0078886649404829624 -0.00065754372500663124 0.0086106971547612477 -0.0038751226956015429 -0.010805001990064095 0.0062330365921219122 0.068130488085248062 0.072015227059426187 0.072350184746703405 0.054755678250723853 0.0062609687264539061 0.021545882993869413 0.037643063992267564 -0.036590905456604844 0.0029146173295372603 0.061669152296024467 -0.025826424387873165 0.055391775548594882 0.0064550808316032465 0.03718747853543259 0.070459810303221834 0.015272482397329718 0.058734388014745093 -0.00076697826822224495 -0.020001876643259392 0.011092968016571685
leaf_weight=10121.007847689092 768.76048675179482 16157.032139182091 12623.929819732904 1754.0064181238413 16.092573627829552 787.1854090243578 20.308651879429817 60.250526785850525 21.884710565209389 11.426908537745474 5.4598976820707303 6.4538049846887589 34.746768966317177 20.302655473351479 687.85528372228146 7339.9914045333862 35.675655633211136 14.111898049712179 31.885282769799232 413.37629124522209 26.601054579019547 4.9675914347171775 6.4681555181741706 7.9758637696504584 68.920075312256813 8.1559219211339933 5.6940923631191245 5379.2412724792957 8.1286365985870344 45.88592617213726 11.063703894615172 14.858090713620188 16.131539568305016 5.1993210464715984 23.014660149812698 14.106444969773291 8811.8978523910046 1226.4145097881556 809.98805738985538 185.80144573748112 125.72962728142738 7.1773415803909328 17.121885746717457 6.2385077178478232 11.892701923847197 15.630763694643973 43.654314786195755 67.060791537165642 17.822506457567215 6.4279034435749045 16.349655628204346 5.4737060964107496 6.92458875477314 7.1732111722230902 12807.827555701137 34.187798678874969 8.6630428433418256 210.48517020046711 9.6576965600252134 425.97612512111664 5.6819392144680014 129.26873175799847
leaf_count=162513 3130 64678 51045 7077 65 3176 82 243 88 46 22 26 140 82 2775 29568 144 57 129 1667 107 20 26 32 279 33 23 21854 33 186 45 60 65 21 93 57 35322 4953 3270 750 508 29 69 25 48 63 176 271 72 26 66 22 28 29 51711 138 35 850 39 1721 23 522
internal_value=-0.000206978 0.00734978 0.00937976 0.00598142 0.00628115 0.00236932 -0.0101033 -0.0015367 0.00391588 0.0262795 -0.00914272 0.0247466 0.00303137 -0.0132075 0.00638959 0.00532299 0.00302515 0.0035317 0.00376614 0.00943632 0.00211341 0.0232533 0.0316804 0.00679117 -0.00275475 -0.0103643 -0.0254863 0.00422136 0.000264135 0.0147937 0.0217851 0.00680523 -0.00735975 -0.0191441 0.00224137 -0.0399754 0.00684563 0.00630166 0.00425056 0.00653301 0.00334227 0.0105753 0.00975332 0.00679968 0.0474658 0.0240899 0.0144828 0.000815157 -0.000108924 0.0164608 0.0299303 0.0448928 0.0128019 0.00515231 0.00671595 0.0113433 0.00478289 0.0084001 0.0171792 0.000386156 0.0346286 0.00226607
internal_weight=81598.7 71477.7 28781 42696.7 36483.6 984.112 108.565 88.2568 875.546 33.3116 72.1642 11.9137 842.235 55.0494 35499.5 9709.85 2369.86 2328.49 2314.38 522.338 1792.04 38.0368 33.0692 25789.7 108.961 77.076 41.3697 6213.08 833.839 65.0783 56.9496 25781.7 73.3101 57.1785 28.214 28.9645 25708.4 16896.5 3301.09 1983.36 1108.44 874.928 855.858 13595.4 19.07 65.5236 49.8928 1317.73 1244.24 73.4887 45.8698 29.5202 12.3983 982.707 13529.9 722.043 975.534 535.213 220.143 440.321 14.345 315.07
internal_count=450453 287940 115723 172217 146969 3970 438 356 3532 134 291 48 3398 222 142999 39130 9562 9395 9338 2108 7230 153 133 103869 441 312 167 25248 3394 264 231 103837 296 231 114 117 103541 68219 13331 8009 4477 3532 3455 54888 77 264 201 5322 5025 297 185 119 50 3969 54624 2913 3940 2161 889 1779 58 1272
is_linear=0
shrinkage=0.05


end of trees

feature_importances:
Column_8=183
Column_18=174
Column_16=149
Column_23=140
Column_20=133
Column_26=129
Column_25=106
Column_14=94
Column_24=93
Column_31=83
Column_30=78
Column_2=73
Column_13=67
Column_36=66
Column_3=63
Column_10=63
Column_27=51
Column_1=46
Column_22=38
Column_4=36
Column_35=31
Column_0=29
Column_6=25
Column_34=25
Column_32=19
Column_9=15
Column_29=14
Column_28=12
Column_33=8
Column_7=1
Column_11=1
Column_12=1

parameters:
[boosting: gbdt]
[objective: binary]
[metric: auc,binary_logloss]
[tree_learner: serial]
[device_type: cpu]
[data_sample_strategy: bagging]
[data: ]
[valid: ]
[num_iterations: 400]
[learning_rate: 0.05]
[num_leaves: 63]
[num_threads: 4]
[seed: 42]
[deterministic: 1]
[force_col_wise: 0]
[force_row_wise: 0]
[histogram_pool_size: -1]
[max_depth: -1]
[min_data_in_leaf: 20]
[min_sum_hessian_in_leaf: 0.001]
[bagging_fraction: 0.9]
[pos_bagging_fraction: 1]
[neg_bagging_fraction: 1]
[bagging_freq: 1]
[bagging_seed: 400]
[bagging_by_query: 0]
[feature_fraction: 0.9]
[feature_fraction_bynode: 1]
[feature_fraction_seed: 30056]
[extra_trees: 0]
[extra_seed: 12879]
[early_stopping_round: 0]
[early_stopping_min_delta: 0]
[first_metric_only: 0]
[max_delta_step: 0]
[lambda_l1: 0]
[lambda_l2: 0]
[linear_lambda: 0]
[min_gain_to_split: 0]
[drop_rate: 0.1]
[max_drop: 50]
[skip_drop: 0.5]
[xgboost_dart_mode: 0]
[uniform_drop: 0]
[drop_seed: 17869]
[top_rate: 0.2]
[other_rate: 0.1]
[min_data_per_group: 100]
[max_cat_threshold: 32]
[cat_l2: 10]
[cat_smooth: 10]
[max_cat_to_onehot: 4]
[top_k: 20]
[monotone_constraints: ]
[monotone_constraints_method: basic]
[monotone_penalty: 0]
[feature_contri: ]
[forcedsplits_filename: ]
[refit_decay_rate: 0.9]
[cegb_tradeoff: 1]
[cegb_penalty_split: 0]
[cegb_penalty_feature_lazy: ]
[cegb_penalty_feature_coupled: ]
[path_smooth: 0]
[interaction_constraints: ]
[verbosity: -1]
[saved_feature_importance_type: 0]
[use_quantized_grad: 0]
[num_grad_quant_bins: 4]
[quant_train_renew_leaf: 0]
[stochastic_rounding: 1]
[linear_tree: 0]
[max_bin: 255]
[max_bin_by_feature: ]
[min_data_in_bin: 3]
[bin_construct_sample_cnt: 200000]
[data_random_seed: 175]
[is_enable_sparse: 1]
[enable_bundle: 1]
[use_missing: 1]
[zero_as_missing: 0]
[feature_pre_filter: 1]
[pre_partition: 0]
[two_round: 0]
[header: 0]
[label_column: ]
[weight_column: ]
[group_column: ]
[ignore_column: ]
[categorical_feature: ]
[forcedbins_filename: ]
[precise_float_parser: 0]
[parser_config_file: ]
[objective_seed: 16083]
[num_class: 1]
[is_unbalance: 0]
[scale_pos_weight: 1]
[sigmoid: 1]
[boost_from_average: 1]
[reg_sqrt: 0]
[alpha: 0.9]
[fair_c: 1]
[poisson_max_delta_step: 0.7]
[tweedie_variance_power: 1.5]
[lambdarank_truncation_level: 30]
[lambdarank_norm: 1]
[label_gain: ]
[lambdarank_position_bias_regularization: 0]
[eval_at: ]
[multi_error_top_k: 1]
[auc_mu_weights: ]
[num_machines: 1]
[local_listen_port: 12400]
[time_out: 120]
[machine_list_filename: ]
[machines: ]
[gpu_platform_id: -1]
[gpu_device_id: -1]
[gpu_use_dp: 0]
[num_gpu: 1]

end of parameters

pandas_categorical:null
