tree
version=v4
num_class=1
num_tree_per_iteration=1
label_index=0
max_feature_idx=144
objective=binary sigmoid:1
feature_names=sum_all mean_all std_all min_num max_num span median zone_A_cnt zone_B_cnt zone_C_cnt zone_D_cnt zone_range dominant_zone is_balanced_5_5_5_5 is_single_zone_burst is_double_zone_shake is_extreme_burst small_cnt big_cnt big_minus_small odd_cnt even_cnt odd_minus_even big_odd_cnt big_even_cnt small_odd_cnt small_even_cnt consecutive_pairs max_consecutive_run run_len_ge_3 run_len_ge_4 gap_mean gap_std gap_min gap_max gap_lt_3_cnt gap_ge_8_cnt tail_0_cnt tail_1_cnt tail_2_cnt tail_3_cnt tail_4_cnt tail_5_cnt tail_6_cnt tail_7_cnt tail_8_cnt tail_9_cnt tail_unique_cnt tail_max_cnt same_tail_pair_cnt recent_freq_3 recent_freq_5 recent_freq_10 recent_freq_20 hot_score_mean hot_score_max cold_score_cnt shift_p1_hit_rate shift_p2_hit_rate shift_m1_hit_rate shift_pm1_hit_rate delta_sum_1 delta_sum_3 delta_big_small_1 delta_odd_even_1 delta_zone_A_1 abs_delta_zone_A_1 delta_zone_B_1 abs_delta_zone_B_1 delta_zone_C_1 abs_delta_zone_C_1 delta_zone_D_1 abs_delta_zone_D_1 delta_gap_mean_1 delta_consecutive_pairs_1 roll3_sum_mean roll3_sum_std roll5_sum_mean roll5_sum_std roll5_zone_A_mean roll10_zone_A_std roll5_zone_B_mean roll10_zone_B_std roll5_zone_C_mean roll10_zone_C_std roll5_zone_D_mean roll10_zone_D_std sum_vs_roll3_mean zone_A_vs_roll5_mean zone_B_vs_roll5_mean zone_C_vs_roll5_mean zone_D_vs_roll5_mean big_small_vs_roll5_mean odd_even_vs_roll5_mean sim_top1_score sim_top5_mean_score sim_following_zone_A_mean sim_following_zone_B_mean sim_following_zone_C_mean sim_following_zone_D_mean sim_following_big_small_mean sim_following_odd_even_mean num num_norm num_zone num_is_odd num_is_big cand_in_prev_plus1 cand_in_prev_plus2 cand_in_prev_minus1 cand_in_prev_pm1 freq_last_10 freq_last_20 freq_last_50 freq_last_100 freq_last_200 freq_last_500 freq_last_1000 ema_freq_alpha_0_05 ema_freq_alpha_0_1 ema_freq_alpha_0_2 gap_since_last_seen avg_gap_last_3 avg_gap_last_5 std_gap_last_5 min_gap_last_5 max_gap_last_5 freq_10_minus_50 freq_20_minus_100 recent_trend_up_down ema_short_minus_ema_long cooccur_with_last_draw_sum cooccur_with_last_draw_mean cooccur_with_last_draw_max distance_to_last_draw_min distance_to_last_draw_mean count_close_to_last_draw_within_1 count_close_to_last_draw_within_2 count_close_to_last_draw_within_3 is_adjacent_to_last_draw adjacent_count_vs_last_draw pair_score_with_last_5_draws rank_by_recent_freq rank_by_gap_inverse rank_by_cooccur_score
feature_infos=[453:1154] [22.649999999999999:57.700000000000003] [12.959456007101531:28.886848218523252] [1:23] [59:80] [48:79] [17.5:63.5] [0:12] [0:11] [0:11] [0:12] [0:11] [0:3] [0:1] [0:1] [0:1] [0:1] [4:17] [3:16] [-14:12] [3:17] [3:17] [-14:14] [0:11] [0:10] [0:11] [0:11] [0:11] [1:7] [0:1] [0:1] [2.5263157894736841:4.1578947368421053] [1.4830529266953021:7.067933125770228] [1:2] [6:32] [3:14] [0:6] [0:7] [0:6] [0:7] [0:7] [0:6] [0:7] [0:7] [0:7] [0:6] [0:7] [6:10] [2:7] [10:32] [1.1499999999999999:2] [1.3500000000000001:2.6499999999999999] [2.3500000000000001:4.0499999999999998] [4.5:7.0499999999999998] [4.5:7.0499999999999998] [6:14] [0:11] [0:0.5] [0:0.55000000000000004] [0:0.55000000000000004] [0.10000000000000001:0.75] [-451:464] [-400:477] [-18:18] [-18:18] [-8:8] [0:8] [-9:8] [0:9] [-9:9] [0:9] [-8:8] [0:8] [-1.5789473684210531:1.3684210526315792] [-9:9] [613.33333333333337:999.33333333333337] [0:210.55323950646465] [649.79999999999995:964.20000000000005] [0:180.69310999592651] [2.6000000000000001:7.5999999999999996] [0:3.1685959035509721] [2.6000000000000001:7.7999999999999998] [0:2.8372521918222211] [2.6000000000000001:8] [0:3.1000000000000001] [2.6000000000000001:7.7999999999999998] [0:2.9681644159311658] [-387:360.66666666666657] [-5.5999999999999996:8] [-5.5999999999999996:6.5999999999999996] [-6:5.7999999999999998] [-5.4000000000000004:7.5999999999999996] [-15.199999999999999:15.199999999999999] [-15.199999999999999:14.4] [0:1] [0:0.59880189189727329] [2.3999999999999999:7.4000000000000004] [2.6000000000000001:7.5999999999999996] [2.7999999999999998:8] [2:8] [-5.2000000000000002:6] [-6:4.7999999999999998] [1:80] [0.012500000000000001:1] [0:3] [0:1] [0:1] [0:1] [0:1] [0:1] [0:1] [0:9] [0:14] [1:29] [1:45] [1:75] [1:165] [1:299] [0.023383618119831966:0.57752715738568527] [0.0063251974147857321:0.71379624662267482] [0.00015082455460287836:0.89508362663118146] [0:34] [1:26] [1:26] [0:13.221195104830729] [1:26] [1:36] [-24:0] [-37:0] none [-0.23529900655996244:0.43046140066567684] [2:447] [2:13.5] [2:20] [0:22] [10.35:57.350000000000001] [0:3] [0:5] [0:7] [0:1] [0:2] [0:5] [1:13] [1:18] [1:80]
tree_sizes=3148 3452 3460 3416 3439 3467 3449 3436 3433 3432 3426 3470 3468 3425 3432 3446 3421 3416 3451 3407 3442 3420 3445 3423 3450 3404 3440 3432 3431 3465 3435 3429 3435 3470 3410 3444 3440 3421 3425 3482 3461 3427 3411 3421 3457 3436 3444 3404 3422 3415 3444 3427 3486 3471 3425 3423 3438 3415 3430 3460 3440 3445 3428 3391 3440 3437 3447 3450 3438 3401 3420 3454 3431 3425 3433 3425 3455 3430 3464 3443 3429 3438 3442 3428 3426 3460 3459 3461 3459 3430 3437 3456 3425 3426 3452 3483 3454 3432 3474 3412 3473 3419 3417 3440 3463 3429 3436 3485 3431 3440 3464 3467 3483 3425 3425 3390 3426 3445 3441 3416 3463 3421 3454 3442 3455 3467 3465 3449 3431 3440 3437 3441 3440 3419 3433 3482 3466 3439 3425 3449 3461 3402 3432 3440 3394 3435 3452 3456 3461 3413 3433 3422 3437 3456 3419 3415 3441 3410 3410 3474 3421 3426 3434 3442 3416 3427 3455 3447 3419 3441 3433 3440 3441 3470 3414 3423 3440 3419 3457 3417 3437 3468 3427 3431 3464 3441 3433 3429 3427 3447 3463 3420 3409 3423 3467 3420 3434 3450 3469 3399 3419 3444 3435 3433 3427 3441 3487 3423 3415 3445 3489 3455 3429 3441 3444 3490 3470 3442 3472 3424 3459 3440 3451 3428 3435 3459 3423 3405 3406 3418 3450 3454 3453 3415 3457 3454 3433 3474 3444 3433 3420 3433 3453 3445 3421 3403 3429 3466 3426 3425

Tree=0
num_leaves=31
num_cat=0
split_feature=124 122 142 102 134 128 117 117 143 118 144 111 131 137 130 114 138 116 123 124 121 116 132 131 112 126 124 111 134 135
split_gain=8.33428 9.14392 16.7906 14.2326 12.3309 8.33971 14.0063 9.29838 8.30604 9.51016 9.23934 11.5962 8.25764 7.78247 7.43847 9.66737 10.5093 13.9727 14.8015 11.3542 10.385 13.1491 10.1509 10.375 7.84915 7.09342 7.29164 8.20977 7.00705 6.98331
threshold=0.77416573867739435 3.5000000000000004 7.5000000000000009 12.500000000000002 1.5000000000000002 -20.499999999999996 248.50000000000003 221.50000000000003 12.500000000000002 0.28763362120602315 27.500000000000004 3.5000000000000004 347.50000000000006 3.5000000000000004 -0.081107999680107151 33.500000000000007 2.5000000000000004 121.50000000000001 1.9000000000000001 1.1067395518801137 3.5000000000000004 117.50000000000001 4.6306020066889646 323.50000000000006 10.500000000000002 7.5000000000000009 1.7644583422759912 1.0000000180025095e-35 10.500000000000002 27.425000000000001
decision_type=2 2 2 2 2 2 2 2 2 2 2 2 2 2 2 2 2 2 2 2 2 2 2 2 2 2 2 2 2 2
left_child=1 8 3 -3 5 6 -5 -7 9 10 -1 -12 13 28 15 -2 17 19 -19 -17 -21 -22 -18 -24 29 26 27 -20 -11 -16
right_child=14 2 -4 4 -6 7 -8 -9 -10 12 11 -13 -14 -15 24 16 22 18 25 20 21 -23 23 -25 -26 -27 -28 -29 -30 -31
leaf_value=-1.1209687841363878 -1.0978571747435837 -1.1089826590384801 -1.1231736921768818 -1.1283558784116996 -1.0241024847465412 -0.9986122886681098 -1.0359860260418472 -1.0763900664458876 -1.0661054016157683 -1.0930582810522464 -1.0972329783232821 -1.1284973461393741 -1.1107486145201464 -1.1263900664458875 -1.0985083297224425 -0.99136591185651557 -1.0212789553347765 -1.0505110228453249 -1.0319456220014431 -1.1015621411754843 -1.0271263448930095 -1.1091386044575835 -1.0879456220014432 -1.0128980029538242 -1.1141295300474201 -1.1214786332735849 -1.0807796412058326 -1.1072453821932897 -1.1480746542595077 -1.1000186060625106
leaf_weight=62.0625 9981.9375 16.875 17.8125 12.187500000000002 19.125 6.0000000000000027 6.1874999999999991 10.687499999999998 22.6875 1345.875 326.25 32.625 75.1875 18 19839.5625 4.3124999999999991 9.3749999999999982 14.812499999999998 3.7499999999999991 21.1875 15.562500000000002 7.1249999999999991 37.5 5.2499999999999991 87 38.8125 45.5625 104.25 5.8124999999999991 12461.625
leaf_count=331 53237 90 95 65 102 32 33 57 121 7178 1740 174 401 96 105811 23 50 79 20 113 83 38 200 28 464 207 243 556 31 66462
internal_value=-1.09861 -1.09544 -1.07977 -1.06888 -1.0564 -1.07401 -1.09725 -1.04843 -1.09618 -1.09654 -1.10316 -1.10008 -1.09462 -1.09373 -1.09876 -1.09759 -1.08886 -1.09303 -1.09867 -1.06878 -1.07639 -1.05288 -1.0684 -1.07873 -1.09913 -1.10238 -1.09755 -1.10463 -1.09329 -1.09909
internal_weight=44655 1977.38 88.875 71.0625 54.1875 35.0625 18.375 16.6875 1888.5 1865.81 420.938 358.875 1444.88 1369.69 42677.6 10289.4 307.5 255.375 207.188 48.1875 43.875 22.6875 52.125 42.75 32388.2 192.375 153.562 108 1351.69 32301.2
internal_count=238160 10546 474 379 289 187 98 89 10072 9951 2245 1914 7706 7305 227614 54877 1640 1362 1105 257 234 121 278 228 172737 1026 819 576 7209 172273
is_linear=0
shrinkage=1


Tree=1
num_leaves=31
num_cat=0
split_feature=105 130 120 56 50 131 76 75 2 48 89 8 5 73 99 66 134 102 131 62 94 87 55 84 10 98 80 86 92 138
split_gain=8.472 10.0891 23.753 18.2034 15.0719 9.90235 9.489 9.47542 12.8441 13.6168 11.9704 12.3865 11.2217 16.3328 11.6703 11.2887 12.6789 11.2839 11.7836 10.8381 10.7197 10.1696 13.8414 10.106 9.92268 13.2365 9.57469 12.4059 10.9526 12.1426
threshold=1.0000000180025095e-35 -0.11050429237294765 0.24542399999782025 5.5000000000000009 1.2250000000000003 341.50000000000006 39.351688580221939 795.83333333333337 23.744630968339656 6.5000000000000009 -4.0999999999999988 3.5000000000000004 75.500000000000014 -0.47368421052631565 4.3000000000000016 1.0000000180025095e-35 3.5000000000000004 54.500000000000007 242.50000000000003 80.500000000000014 0.17413594015766512 -138.99999999999997 11.500000000000002 0.96159700515946589 7.5000000000000009 4.9000000000000012 2.1552258940692925 1.3133249580710802 -1.7999999999999998 2.5000000000000004
decision_type=2 2 2 2 2 2 2 2 2 2 2 2 2 2 2 2 2 2 2 2 2 2 2 2 2 2 2 2 2 2
left_child=5 2 4 -4 6 -1 -2 12 9 26 -10 21 13 14 17 16 -14 18 -6 -18 -16 -12 23 -23 -15 -26 -9 -28 -29 -30
right_child=1 -3 3 -5 7 -7 -8 8 10 -11 11 -13 15 24 20 -17 19 -19 -20 -21 -22 22 -24 -25 25 -27 27 28 29 -31
leaf_value=0.00087771966768854411 0.11101033641834793 -0.0010941332935851839 0.11412166402848044 0.0099036158794427523 0.036555561939153089 -0.0051704262909090994 0.02624123390582422 0.0052893836182879416 0.057379149027227877 0.084260455850113852 -0.058748746625585574 0.0016261209408208106 0.013471708562886722 -0.0099434033154210087 0.038809329490602479 0.00061870305627147073 0.11097587764398885 -0.015895657316255717 0.14430983517057375 0.01087522733444771 -0.0050332130449233115 0.060775289541561729 0.078285618548716018 -0.016967887063909677 -0.022868641814249992 0.038640863072979426 0.08078160312755378 0.043136039451625509 -0.0190058752681792 0.072380685562949895
leaf_weight=21629.082678630948 4.5021482706069973 19493.806615769863 8.2893296778202075 8.4723904132843 5.8126388639211637 698.61778557300568 12.377078175544737 1112.8767431527376 8.0617262572050077 5.6305951327085486 12.574909597635267 314.75525604188442 65.489257663488388 614.19224575161934 18.955547705292702 331.32240575551987 6.7543208003044111 3.9385549426078788 4.5024734437465668 4.5094172209501266 52.715638741850853 4.315027028322219 4.1363814622163764 133.75723047554493 13.694161385297773 24.207905024290085 8.8158851861953718 21.395430237054825 23.072614967823032 4.314577490091323
leaf_count=115352 24 103977 44 45 31 3728 66 5932 43 30 67 1678 349 3274 101 1766 36 21 24 24 281 23 22 713 73 129 47 114 123 23
internal_value=-2.12427e-07 -0.000688916 0.00209894 0.0614435 0.00174579 0.000688478 0.0488515 0.0014618 0.00388331 0.00669134 -0.00303154 -0.00406876 -0.00203222 -0.00571118 0.0147798 0.00462133 0.0218996 0.0560999 0.0835895 0.0709008 0.00656223 -0.0156494 -0.0118383 -0.0145383 -0.00841123 0.0164172 0.00631819 0.026196 0.0163314 -0.00460884
internal_weight=44654.9 22327.2 2833.44 16.7617 2816.68 22327.7 16.8792 2799.8 1653.71 1176.11 477.601 469.539 1146.09 738.019 85.9249 408.075 76.753 14.2537 10.3151 11.2637 71.6712 154.784 142.209 138.072 652.094 37.9021 1170.48 57.5985 48.7826 27.3872
internal_count=238160 119080 15103 89 15014 119080 90 14924 8815 6269 2546 2503 6109 3934 458 2175 409 76 55 60 382 825 758 736 3476 202 6239 307 260 146
is_linear=0
shrinkage=0.05


Tree=2
num_leaves=31
num_cat=0
split_feature=105 141 75 94 91 130 76 99 128 68 131 115 98 102 102 71 102 61 69 119 137 144 89 124 76 51 34 100 131 142
split_gain=7.65146 9.29003 10.4677 13.7178 14.5268 11.1205 12.0096 10.847 10.8154 10.5122 10.7836 13.0214 11.9833 13.2736 13.9073 11.3593 13.0965 11.4141 9.79725 9.37821 10.9474 11.8065 12.1252 14.294 9.78796 9.77364 9.51515 9.12296 8.95406 9.23634
threshold=1.0000000180025095e-35 1.5000000000000002 754.83333333333337 0.17102932185637587 -0.49999999999999994 0.0010625105674603732 17.947409054530226 5.9000000000000012 -21.499999999999996 1.0000000180025095e-35 228.50000000000003 46.500000000000007 5.3000000000000016 34.500000000000007 56.500000000000007 1.0000000180025095e-35 24.500000000000004 46.500000000000007 1.5000000000000002 0.27812000712527463 2.5000000000000004 45.500000000000007 -0.8999999999999998 1.2819745848720052 63.191947392575194 2.0250000000000004 9.5000000000000018 1.0000000000000002 341.50000000000006 3.5000000000000004
decision_type=2 2 2 2 2 2 2 2 2 2 2 2 2 2 2 2 2 2 2 2 2 2 2 2 2 2 2 2 2 2
left_child=28 -2 3 -3 9 7 8 -6 18 -5 12 -12 13 -11 -15 19 17 -17 -7 26 21 22 23 -21 -23 -26 -13 -8 29 -1
right_child=1 2 -4 4 5 6 27 -9 -10 10 11 15 -14 14 -16 16 -18 -19 -20 20 -22 24 -24 -25 25 -27 -28 -29 -30 -31
leaf_value=0.0034218121357109128 0.00011010953386159354 -0.01319672866090877 -0.0027745188115562884 -0.01075138930583101 -0.024326958002413118 0.029281978008427679 0.0046853579317528002 0.036502427651266045 0.010254277071017044 0.090875874084522967 -0.017810943149623511 0.042077411381843052 0.0035807683315895299 -0.024516293543374729 0.079743741952907676 0.13157709009701027 0.021465464684249484 0.029394108815376588 0.1060113031639808 0.07879630121709208 -0.019542896501004259 -0.037005545124835428 0.048614756885699544 -0.029109867059311276 0.093405563468138206 -0.018147576279140733 -0.036313023131659392 -0.007725348028710677 -0.0049249890410280432 0.00042118252554938719
leaf_weight=2973.0612763762474 14281.364993616939 128.1628580391407 6827.9210771769285 35.784777119755745 66.155928015708923 11.989274352788927 468.96416036784649 8.2415933907031995 44.215886101126671 15.553296327590944 28.668612599372864 5.0588602721691158 14.240085557103155 7.1206929981708509 5.8068748861551285 6.5582891106605548 19.86157637834549 4.6852947622537613 6.3710023313760749 4.124802932143214 15.924570098519323 11.8065731972456 48.152802556753159 11.990375697612761 3.7485981285572043 4.1232708096504211 16.48687282204628 216.40519721806049 696.80912411212921 18665.511711880565
leaf_count=15845 76181 684 36440 191 353 64 2503 44 236 83 153 27 76 38 31 35 106 25 34 22 85 63 257 64 20 22 88 1155 3728 99507
internal_value=-4.55448e-07 -0.000655186 -0.00201489 0.00227092 0.004103 0.000847329 0.00268112 -0.0175884 0.0236491 0.0144123 0.0184338 0.0131058 0.0410314 0.0597562 0.0223158 0.018917 0.0458759 0.0889966 0.055907 0.0120106 0.0184649 0.025675 0.0360509 -0.00149046 -0.00821184 0.0349742 -0.0179072 0.000766681 0.000653809 0.000833458
internal_weight=44654.9 22319.5 8038.12 1210.2 1082.04 822.343 747.946 74.3975 62.5762 259.696 223.911 181.19 42.7209 28.4809 12.9276 152.522 31.1052 11.2436 18.3603 121.417 99.871 83.9464 64.268 16.1152 19.6784 7.87187 21.5457 685.369 22335.4 21638.6
internal_count=238160 119080 42899 6459 5775 4389 3992 397 334 1386 1195 967 228 152 69 814 166 60 98 648 533 448 343 86 105 42 115 3658 119080 115352
is_linear=0
shrinkage=0.05


Tree=3
num_leaves=31
num_cat=0
split_feature=124 77 3 90 4 98 117 86 51 102 144 111 27 117 120 100 144 83 34 52 54 102 49 88 61 75 74 144 86 83
split_gain=7.3479 13.2969 17.3726 14.2756 12.7753 13.0512 12.6206 11.2231 10.8685 10.7194 13.5258 17.6378 10.5671 13.7466 18.8046 12.5942 12.0185 10.0703 12.1725 10.905 12.0994 9.96896 9.63228 9.11677 11.1109 12.0238 8.76744 14.6323 11.9843 11.2153
threshold=0.77416573867739435 770.90000000000009 1.5000000000000002 -2.2999999999999998 69.500000000000014 6.5000000000000009 249.50000000000003 1.202079728939615 2.4250000000000003 54.500000000000007 59.500000000000007 5.5000000000000009 5.5000000000000009 245.50000000000003 0.43094357592847554 -0.59999999999999998 52.500000000000007 5.9000000000000012 12.500000000000002 3.4250000000000003 5.8750000000000009 70.500000000000014 16.500000000000004 -0.59999999999999976 8.5000000000000018 878.83333333333337 1.5000000000000002 61.500000000000007 1.5636487597155921 5.7000000000000002
decision_type=2 2 2 2 2 2 2 2 2 2 2 2 2 2 2 2 2 2 2 2 2 2 2 2 2 2 2 2 2 2
left_child=1 4 9 12 -1 7 -7 21 -5 -3 11 17 13 14 16 -16 -4 19 -19 23 -21 -6 -22 -11 25 -25 28 -28 29 -9
right_child=-2 2 3 8 5 6 -8 26 -10 10 -12 -13 -14 -15 15 -17 -18 18 -20 20 22 -23 -24 24 -26 -27 27 -29 -30 -31
leaf_value=0.058952854309615027 -0.00013885782417324738 -0.013610367371697161 -0.042097084691860569 0.0060498571091233749 -0.017692375361724768 0.11066346750410527 0.012516683966793569 0.028002983332328479 -0.049677875251931958 -0.039065125026728265 -0.027458914035628158 -0.018789527142147502 -0.03551349368956784 -0.025524827167442771 0.013141862402462283 0.13302207975127089 0.03559767667631062 0.022104566986304003 0.13227344395653057 -0.018300024648487758 0.034441244858785754 0.066660211186679738 0.12763541553878829 -0.016012423198860214 0.057814126490441722 0.062189889852624941 0.0081198887121787574 -0.054096628047489395 0.0079795003707976275 0.10139167137251873
leaf_weight=13.918115094304083 42673.722301214933 270.1256892234087 10.145492672920232 1134.8430584222078 53.076072439551353 6.2003815174102765 6.9433016031980515 66.499745801091194 8.8171714246273023 9.0249028205871564 28.000772669911385 33.399906069040298 36.826297551393509 29.11914150416851 3.756312295794487 5.2569790035486204 9.7712523192167264 5.630279526114462 4.5201890915632248 4.1304442137479773 5.4390486031770688 3.7500967979431143 5.6556974649429321 23.66280193626881 11.643318384885786 6.2038793563842765 46.762068793177605 11.843710914254187 120.44260056316853 5.6480374485254279
leaf_count=74 227614 1438 54 6041 283 33 37 354 47 48 149 178 196 155 20 28 52 30 24 22 29 20 30 126 62 33 249 63 641 30
internal_value=-6.64877e-07 0.00297613 0.00112787 0.00407411 0.012055 0.0100226 0.0588163 0.00794055 0.00562022 -0.00782815 0.00354693 0.0114893 -0.0145632 -0.00127243 0.0231385 0.0830617 -0.00397966 0.0248117 0.0711648 0.0176569 0.0547519 -0.0121257 0.0819482 0.00648085 0.0163832 0.000231689 0.01248 -0.00445352 0.0176329 0.0337482
internal_weight=44654.8 1981.06 1645.97 1238.54 335.084 321.166 13.1437 308.022 1143.66 407.437 137.311 109.31 94.8755 58.0492 28.93 9.01329 19.9167 75.9106 10.1505 65.7601 15.2252 56.8262 11.0947 50.5349 41.51 29.8667 251.196 58.6058 192.59 72.1478
internal_count=238160 10546 8762 6593 1784 1710 70 1640 6088 2169 731 582 505 309 154 48 106 404 54 350 81 303 59 269 221 159 1337 312 1025 384
is_linear=0
shrinkage=0.05


Tree=4
num_leaves=31
num_cat=0
split_feature=123 120 76 50 101 126 42 131 20 130 39 90 97 77 102 84 86 60 61 134 62 2 10 86 119 135 66 61 122 135
split_gain=6.99679 13.0921 14.4765 16.8409 12.0767 13.0335 11.8951 16.4932 15.0446 11.6433 12.0005 10.6181 15.0746 13.8846 12.9215 12.4037 12.3792 11.3671 11.3592 11.0416 10.445 11.0564 10.3557 10.6814 10.3316 15.9277 16.0502 21.3769 16.2936 15.556
threshold=3.4500000000000006 0.0383636702927301 124.18981616025935 1.5250000000000001 2.6000000000000001 7.5000000000000009 2.5000000000000004 249.50000000000003 10.500000000000002 -0.11393459663742285 1.0000000180025095e-35 3.5000000000000004 4.9000000000000012 758.90000000000009 19.500000000000004 1.2668844090561522 2.3505200636411581 0.52500000000000013 72.500000000000014 2.5000000000000004 159.50000000000003 19.035460262668611 6.5000000000000009 1.6340020031478217 0.33752675164064716 23.525000000000002 3.5000000000000004 -43.499999999999993 1.8333333333333337 32.425000000000004
decision_type=2 2 2 2 2 2 2 2 2 2 2 2 2 2 2 2 2 2 2 2 2 2 2 2 2 2 2 2 2 2
left_child=1 2 4 -4 5 11 7 8 -6 10 -7 13 -13 -1 16 -16 -15 19 -14 20 21 -17 -12 -24 -2 -26 27 -27 -29 -30
right_child=24 -3 3 -5 6 9 -8 -9 -10 -11 22 12 18 14 15 17 -18 -19 -20 -21 -22 -23 23 -25 25 26 -28 28 29 -31
leaf_value=-0.024373882013542198 -0.00072995826277065013 0.00049350529883968334 0.0089650228254589473 0.080199325366281965 0.0028805584623884783 0.10267183246262097 -0.0087534569914513079 0.13713642765648998 0.10395880070053871 0.11026290292448067 0.0022651956495994162 -0.018322497621735993 0.031483564051596434 -0.012349976177573111 -0.0081919004770148688 -0.041062647228528773 0.079783896495181833 -0.0083541354695141901 0.14176636836823769 0.0016411323090842933 0.085514092834882843 0.029720925112637211 0.11861852785330979 0.0060945966633572414 -0.00250390749898232 0.029422751494009081 -0.012476461685671755 -0.014347277900026807 0.022231491591396677 -0.0061184448817715722
leaf_weight=50.823096767067909 24860.407442897558 18267.238052129745 19.156629249453545 14.636423289775847 12.210037067532545 4.132259637117385 10.34233447909355 4.901903584599494 5.2703590691089621 3.9531286656856528 36.974304124712944 6.1979098469018927 5.0853577107191068 125.99559216201305 73.452306658029556 5.8319543153047553 3.7544456124305716 39.416860356926918 4.3171317428350449 49.006757900118828 7.8833099305629721 102.08793205022812 4.3168721050024015 4.1235824823379517 425.65376336872578 149.41293267905712 65.55313141644001 72.67565056681633 147.97592134773731 71.898138672113419
leaf_count=271 132618 97398 102 78 65 22 55 26 28 21 197 33 27 671 391 31 20 210 23 261 42 543 23 22 2272 798 350 388 790 384
internal_value=-8.84802e-07 0.000731026 0.00803707 0.039818 0.00611952 0.00429055 0.0355931 0.0560846 0.0333558 0.027684 0.0210954 0.00164933 0.0422148 0.000268347 0.00334224 0.00942896 -0.00968399 0.0157665 0.0821197 0.0215353 0.0299543 0.0258958 0.0136728 0.063645 -0.000536082 0.00462895 0.0106113 0.0140357 0.00617715 0.0129611
internal_weight=44654.7 18861.1 593.87 33.7931 560.077 527.353 32.7246 22.3823 17.4804 53.5001 49.547 473.853 15.6004 458.252 407.429 277.679 129.75 204.227 9.40249 164.81 115.803 107.92 45.4148 8.44045 25793.6 933.17 507.516 441.963 292.55 219.874
internal_count=238160 100560 3162 180 2982 2808 174 119 93 285 264 2523 83 2440 2169 1478 691 1087 50 877 616 574 242 45 137600 4982 2710 2360 1562 1174
is_linear=0
shrinkage=0.05


Tree=5
num_leaves=31
num_cat=0
split_feature=105 141 75 135 95 26 73 6 97 130 118 134 0 115 98 111 55 119 91 85 52 89 116 125 53 108 42 117 114 89
split_gain=6.89725 8.64565 9.39801 12.3532 10.7378 10.1234 9.5559 11.848 11.1422 15.4005 13.8706 16.0216 15.9714 12.6343 12.2407 10.5991 15.0457 10.812 12.459 10.5715 10.5699 11.5837 10.2398 15.6111 10.1961 9.31959 10.6891 10.3888 9.97244 9.30579
threshold=1.0000000180025095e-35 1.5000000000000002 754.83333333333337 15.675000000000002 0.12374863710973867 6.5000000000000009 0.21052631578947367 55.750000000000007 4.3000000000000016 -0.031430747904187255 0.30220516643703949 3.5000000000000004 784.50000000000011 46.500000000000007 6.5000000000000009 2.5000000000000004 9.5000000000000018 0.44898342782229544 2.5000000000000004 4.1000000000000005 3.0250000000000004 -1.3 126.50000000000001 1.5000000000000002 4.8750000000000009 1.0000000180025095e-35 1.5000000000000002 235.50000000000003 27.500000000000004 -0.59999999999999976
decision_type=2 2 2 2 2 2 2 2 2 2 2 2 2 2 2 2 2 2 2 2 2 2 2 2 2 2 2 2 2 2
left_child=-1 -2 3 -3 -5 -6 15 8 9 -8 11 12 13 -11 22 29 17 -17 -19 -20 21 -12 -14 -24 -18 26 28 -28 -9 -4
right_child=1 2 6 4 5 -7 7 25 -10 10 20 -13 14 -15 -16 16 24 18 19 -21 -22 -23 23 -25 -26 -27 27 -29 -30 -31
leaf_value=0.00061986333437768159 0.00011516648935848383 0.057192092489777524 -0.01559205079139161 -0.017559988863022135 0.00067095756971465297 0.013206378098128161 -0.048819922887297501 0.11615948947637417 -0.0020086704292242045 0.016320511110595053 -0.037998947805499061 -0.030937643920383902 0.0032693341816836998 0.058521830279350845 -0.048344559054226889 -0.0063772119986555747 0.071392733635427474 0.0024103337598128799 -0.018171180144709188 0.075844006725975494 -0.0088491019856044347 0.045908988879944865 0.020574597301117784 0.11786851373479142 0.00038468265937498946 -0.018038300935848531 0.07626691945752849 -0.008106986317408733 0.018386692021038917 -0.0049923063809560681
leaf_weight=22342.693110957742 14280.519422918558 10.098475337028502 310.83977243304253 68.529903531074524 938.77460673451424 194.41394767165184 11.233450844883917 7.1127828806638735 1267.118707254529 29.551815763115883 5.2418032884597805 14.02707055211067 49.384911134839058 44.354548618197441 8.2274923622608167 2130.1945768594742 5.0684857964515677 165.80839148163795 4.1238461285829535 10.875689581036566 101.27252973616123 19.104085043072701 17.209167376160625 5.4218283444643012 1963.6019848436117 8.2354947030544263 5.2476854771375683 11.970309093594549 4.1178414076566696 620.20974580943584
leaf_count=119080 76181 54 1662 368 5003 1034 60 38 6771 158 28 75 264 237 44 11382 27 885 22 58 541 102 92 29 10491 44 28 64 22 3316
internal_value=-1.11342e-06 -0.000622947 -0.00193538 0.00212206 0.00165929 0.00282158 -0.00265638 0.000712004 5.65701e-05 0.00863578 0.0108326 0.0202221 0.0248774 0.0416474 0.00943175 -0.00369638 -0.00264457 -0.00538084 0.00635799 0.0499963 -0.00173784 0.0278431 0.0160324 0.0438838 0.000567498 0.0288015 0.042361 0.0176084 0.0803099 -0.00853113
internal_weight=44654.6 22311.9 8031.37 1211.82 1201.72 1133.19 6819.55 1608.83 1572.15 305.029 293.795 168.177 154.15 73.9064 80.2434 5210.72 4279.67 2311 180.808 14.9995 125.618 24.3459 72.0159 22.631 1968.67 36.6841 28.4486 17.218 11.2306 931.05
internal_count=238160 119080 42899 6459 6405 6037 36440 8597 8401 1630 1570 899 824 395 429 27843 22865 12347 965 80 671 130 385 121 10518 196 152 92 60 4978
is_linear=0
shrinkage=0.05


Tree=6
num_leaves=31
num_cat=0
split_feature=135 122 130 50 132 59 144 120 131 76 52 123 73 83 93 93 64 132 144 124 75 86 77 78 115 79 117 36 11 23
split_gain=6.75898 8.77482 8.08956 11.0939 15.9089 8.95589 8.90436 8.89186 11.8303 10.61 8.13161 8.07906 10.6016 16.9328 19.4657 11.1499 16.4958 10.8497 20.9631 12.1603 11.8467 11.2389 10.6385 13.4805 10.9348 10.347 10.2823 10.1819 15.0631 10.1004
threshold=31.825000000000006 14.500000000000002 -0.14018963676629023 1.2250000000000003 4.7731560891938258 0.12500000000000003 20.500000000000004 0.025501612024064185 219.50000000000003 67.135020495211606 3.9750000000000005 7.1000000000000005 -1.0000000180025095e-35 4.7000000000000002 1.0000000180025095e-35 -1.0000000180025095e-35 -2.9999999999999996 4.9468984962406024 34.500000000000007 9.2021610798635063 832.16666666666686 1.6940971508067069 856.10000000000014 65.597863828669702 48.500000000000007 5.9000000000000012 234.50000000000003 1.5000000000000002 2.5000000000000004 7.5000000000000009
decision_type=2 2 2 2 2 2 2 2 2 2 2 2 2 2 2 2 2 2 2 2 2 2 2 2 2 2 2 2 2 2
left_child=2 11 3 4 -1 7 -7 -5 9 -9 -8 -2 13 14 15 16 25 18 21 -19 -20 -14 24 -24 -15 -13 -22 -26 -29 -16
right_child=1 -3 -4 5 -6 6 10 8 -10 -11 -12 12 17 22 29 -17 -18 19 20 -21 26 -23 23 -25 27 -27 -28 28 -30 -31
leaf_value=0.13382057544128742 -0.0013429779060183888 -0.03601966874159139 0.00016882910766851961 -0.066852968747530148 0.00072510834096725738 -0.047956296993770242 0.0045779541150858831 -0.012242880379726259 -0.01403886354114187 0.074679697249406499 0.070202558976383014 0.10156489197154712 0.11656364453138174 -0.010003836115521247 0.019994222052610096 0.13972901069832874 0.0013414455706844723 -0.016809643213133194 -0.009262609027648255 0.04992030195768124 0.044583351583233649 0.0096412629844409448 -0.013213220046807549 0.073679279127313452 0.089802769555001868 0.0095661220682547576 -0.0057251490363661207 0.093546167750877054 -0.024756137185221579 -0.056734029786878054
leaf_weight=3.982142046093939 9998.3306613564491 17.974195718765259 32617.031270831823 6.5950579047203055 5.1473672091960907 8.0452422648668271 1464.7453104406595 6.4091046899557096 83.461143910884857 7.7629626244306564 4.7357072681188574 13.674183711409571 6.5511559247970563 86.531187430024147 28.282341673970222 4.1192240715026847 10.299310728907587 106.38172098994255 74.940221324563026 7.2953913509845725 24.726196572184563 3.9332726001739502 7.4895856529474285 11.047642156481741 5.4332670718431499 3.9359701573848715 17.23668409883976 3.7458702921867362 9.5522422790527326 5.0558850914239875
leaf_count=21 53341 96 173965 35 27 43 7791 34 444 41 25 73 35 462 151 22 55 568 400 39 132 21 40 59 29 21 92 20 51 27
internal_value=-1.29884e-06 -0.00111445 0.00033864 0.00382019 0.0587792 0.00350297 0.00450224 -0.0106625 -0.00686682 0.0353703 0.00478944 -0.00105429 0.0056546 0.0145149 0.0351019 0.0629392 0.0516056 -0.0012982 0.00872221 -0.0125272 0.00264794 0.0764513 0.00364487 0.0385722 -0.00250598 0.0810026 0.0239186 0.032131 0.00856777 0.00835805
internal_weight=44654.5 10446.5 34207.9 1590.88 9.12951 1581.75 1477.53 104.228 97.6332 14.1721 1469.48 10428.6 430.231 189.167 65.3669 32.0287 27.9095 241.065 127.388 113.677 116.903 10.4844 123.8 18.5372 105.263 17.6102 41.9629 18.7314 13.2981 33.3382
internal_count=238160 55734 182426 8461 48 8413 7859 554 519 75 7816 55638 2297 1010 349 171 149 1287 680 607 624 56 661 99 562 94 224 100 71 178
is_linear=0
shrinkage=0.05


Tree=7
num_leaves=31
num_cat=0
split_feature=124 92 84 44 132 127 3 90 77 95 4 118 96 45 46 75 23 127 9 102 91 120 128 131 135 132 46 62 131 0
split_gain=6.36216 23.7024 13.772 10.4839 11.4853 11.0528 9.80929 13.9295 12.9253 10.7218 10.2991 18.5612 11.155 9.4994 9.37607 11.7027 9.25364 12.0068 9.40559 9.00734 10.9139 11.5829 12.3846 9.50565 9.49015 9.34548 9.53996 9.29774 8.98015 12.4291
threshold=0.77416573867739435 6.6000000000000005 1.1509860240645577 1.0000000180025095e-35 4.4296703296703308 -9.4999999999999982 1.5000000000000002 -2.2999999999999998 767.90000000000009 0.41961554625613479 70.500000000000014 0.28505350618559572 4.3000000000000016 2.5000000000000004 3.5000000000000004 783.50000000000011 3.5000000000000004 -10.499999999999998 3.5000000000000004 54.500000000000007 0.70000000000000007 0.35422440666259458 -24.499999999999996 279.50000000000006 29.825000000000006 4.7062745098039231 1.5000000000000002 -88.499999999999986 225.50000000000003 752.50000000000011
decision_type=2 2 2 2 2 2 2 2 2 2 2 2 2 2 2 2 2 2 2 2 2 2 2 2 2 2 2 2 2 2
left_child=1 6 -3 -4 -5 -6 8 -8 16 10 11 -9 -13 -7 19 -16 17 -1 -19 24 21 22 -21 -22 -10 -24 -27 -28 29 -18
right_child=-2 2 3 4 5 13 7 9 14 -11 -12 12 -14 -15 15 -17 28 18 -20 20 23 -23 25 -25 -26 26 27 -29 -30 -31
leaf_value=0.087167386463352703 -0.00013019718386614188 -0.017200445408421781 0.080286906935931823 0.098798120381970111 0.033105484863456602 -0.025448529587854082 -0.014002755302681774 -0.021914049726989734 -0.011638421415688679 0.039073155811927475 0.0032288565966443459 -0.013184400664313124 0.046888618794153854 0.041944592051709265 0.098089929805358758 0.006248622976811097 -0.020832884037824059 0.065113531651857764 -0.038244245695473925 0.08370084271428832 0.0014677606051534545 -0.02642178876076956 -0.037130489966713351 0.054451437919135141 -0.03745875684848643 0.046837417331542008 -0.052843794043340976 0.025335606236299692 -0.0042030196138324897 0.087473348160277908
leaf_weight=8.7464229166507739 42669.443816289306 17.131956607103348 9.8440227657556516 5.1232453286647788 62.437624290585518 18.104282975196842 104.60582262277603 17.76255039870739 204.8909078836441 22.647409915924072 1177.1709348261356 9.2832647264003736 46.117911756038666 7.3523190766572943 3.9431716054677954 28.81816565990448 4.3393059521913511 3.7848825305700284 5.2601325660943985 4.9657565057277671 19.695604428648949 46.022910639643669 11.924527049064634 14.84608146548271 43.066981464624405 13.144283324480059 7.1508264243602726 8.1233174204826355 51.788908377289772 6.8001353740692139
leaf_count=46 227614 91 52 27 330 96 560 94 1097 120 6245 49 244 39 21 154 23 20 28 26 104 246 64 79 231 69 38 43 274 36
internal_value=-1.47581e-06 0.00276566 0.0243057 0.0312187 0.0260258 0.021784 0.00137971 0.00353648 -0.0047173 0.00497775 0.00436017 0.0225626 0.0368225 -0.0059842 -0.00834556 0.0173027 0.0135585 0.0453971 0.00500577 -0.0105933 0.000299845 -0.00875443 0.00919141 0.0242402 -0.0161231 2.01553e-05 0.0156088 -0.0112653 0.00455694 0.0452833
internal_weight=44654.3 1984.89 119.993 102.861 93.0175 87.8942 1864.9 1377.59 487.312 1272.98 1250.33 73.1637 55.4012 25.4566 406.593 32.7613 80.7198 17.7914 9.04502 373.831 125.873 91.3316 45.3087 34.5417 247.958 40.343 28.4184 15.2741 62.9283 11.1394
internal_count=238160 10546 635 544 492 465 9911 7312 2599 6752 6632 387 293 135 2172 175 427 94 48 1997 669 486 240 183 1328 214 150 81 333 59
is_linear=0
shrinkage=0.05


Tree=8
num_leaves=31
num_cat=0
split_feature=135 135 135 116 88 100 73 90 77 76 84 2 133 26 8 84 124 59 78 79 128 66 5 143 41 144 87 99 36 130
split_gain=6.3175 7.3981 11.9735 14.6988 16.3571 14.9519 12.3193 12.8554 14.2486 11.3043 17.2339 10.6053 9.80732 10.1225 9.5911 9.69921 9.49723 9.60716 9.3487 12.7409 18.661 12.8924 10.5814 15.4608 18.3719 13.526 12.0147 11.8644 10.5281 9.94151
threshold=16.925000000000001 27.425000000000001 26.525000000000002 139.50000000000003 -2.2999999999999998 -0.99999999999999989 0.078947368421052863 -1.4999999999999998 818.90000000000009 106.64166226532812 1.4387326679038659 22.139444402629458 9.5000000000000018 4.5000000000000009 1.5000000000000002 1.4159791251244391 1.8438769885407387 0.27500000000000008 46.990633801369249 4.3000000000000016 -22.499999999999996 2.5000000000000004 75.500000000000014 10.500000000000002 2.5000000000000004 1.5000000000000002 -77.8333333333333 6.5000000000000009 3.5000000000000004 -0.091244694569872359
decision_type=2 2 2 2 2 2 2 2 2 2 2 2 2 2 2 2 2 2 2 2 2 2 2 2 2 2 2 2 2 2
left_child=-1 2 -2 14 11 9 7 8 -7 10 12 -5 13 -6 15 -4 -12 -18 19 -16 -21 29 27 25 26 -24 -25 -20 -23 -22
right_child=1 -3 3 4 5 6 -8 -9 -10 -11 16 -13 -14 -15 18 -17 17 -19 22 20 21 28 23 24 -26 -27 -28 -29 -30 -31
leaf_value=-0.0037077204750405666 0.00034352844194417392 -0.00070483484886366403 0.0064007121030205689 0.11811339654281926 0.16361546183693387 0.12648763188200782 -0.016490629182205386 0.0082433594874537792 -0.00015335701657413927 0.11876651608702778 -0.045169573093490956 0.0132884354558346 0.014643325206541172 0.055233958795721655 0.033024209237097139 -0.055702375596913538 -0.019058998600237229 0.074901866779071333 -0.0025422653132588305 -0.022598544925380638 0.040178457376547266 0.054040496001858541 0.079062349922798425 0.090177132135896829 0.099715849685218683 0.0046092505044717184 -0.0061411476489229124 0.039825576510726012 -0.025575833736760947 0.00097857424177280931
leaf_weight=1121.0175501257181 24429.869625657797 17404.462211832404 11.629954382777216 6.762251138687132 4.125309035182001 5.436235234141348 38.83980019390583 34.701418325304985 3.7554260790348053 4.3139417022466651 6.9522626996040371 3.7514478713274002 4.3067296892404547 4.5092068761587143 58.682148650288582 13.685301050543783 5.250536844134329 5.6455902755260468 751.39033359289169 43.118428930640221 19.170427799224854 28.15728971362114 6.1779772192239752 4.1405800580978438 9.606141045689581 484.58384862542152 14.847552761435509 16.895506203174591 4.8705252259969702 103.48573814332485
leaf_count=5976 130249 92880 62 36 22 29 207 185 20 23 37 20 23 24 313 73 28 30 4005 230 102 150 33 22 51 2583 79 90 26 552
internal_value=-1.63462e-06 9.38005e-05 0.000625776 0.00468471 0.0209534 0.0156217 0.00402022 0.0221697 0.0747461 0.0429645 0.0323438 0.0807103 0.0762748 0.107015 0.00335509 -0.0271719 0.000491055 0.0296248 0.00385524 0.0125526 0.00650978 0.0145717 0.00211607 0.00762888 0.0433684 0.00554651 0.0148622 -0.00161055 0.0422997 0.00710528
internal_weight=44654.1 43533.1 26128.7 1698.79 128.35 117.836 82.7329 43.8931 9.19166 35.1036 30.7896 10.5137 12.9412 8.63452 1570.44 25.3153 17.8484 10.8961 1545.13 257.485 198.802 155.684 1287.64 519.356 28.5943 490.762 18.9881 768.286 33.0278 122.656
internal_count=238160 232184 139304 9055 684 628 441 234 49 187 164 56 69 46 8371 135 95 58 8236 1373 1060 830 6863 2768 152 2616 101 4095 176 654
is_linear=0
shrinkage=0.05


Tree=9
num_leaves=31
num_cat=0
split_feature=105 131 118 138 85 97 102 101 94 25 127 72 132 120 72 141 98 73 94 125 77 77 89 84 107 0 24 36 86 74
split_gain=6.21634 8.1797 9.0365 17.8908 9.84125 9.78558 9.66532 11.5846 8.5868 9.32103 8.15788 16.0019 15.685 15.517 12.5565 20.6169 12.195 21.1501 13.8925 10.3374 14.2259 10.1259 14.5145 9.48615 9.4068 16.8361 13.0265 12.2789 15.8291 9.39848
threshold=1.0000000180025095e-35 341.50000000000006 0.21310702217036206 2.5000000000000004 6.3000000000000016 5.3000000000000016 29.500000000000004 -0.59999999999999998 0.13880250997637333 8.5000000000000018 -14.499999999999998 6.5000000000000009 4.733854166666668 0.36317570258524895 4.5000000000000009 2.5000000000000004 5.5000000000000009 0.13157894736842099 0.37377344785321426 1.5000000000000002 832.70000000000016 776.70000000000016 0.70000000000000007 1.6201785615337718 1.0000000180025095e-35 733.50000000000011 4.5000000000000009 3.5000000000000004 1.7102325267042631 1.0000000180025095e-35
decision_type=2 2 2 2 2 2 2 2 2 2 2 2 2 2 2 2 2 2 2 2 2 2 2 2 2 2 2 2 2 2
left_child=1 10 3 -3 8 6 -6 -8 -4 -10 11 13 -13 -1 16 -16 24 18 19 20 21 -18 -23 -19 27 26 -26 29 -29 -15
right_child=-2 2 4 -5 5 -7 7 -9 9 -11 -12 12 -14 14 15 -17 17 23 -20 -21 -22 22 -24 -25 25 -27 -28 28 -30 -31
leaf_value=0.0011529706207907432 -0.00059234045190500128 -0.0079472870211833857 -0.035992058185839386 0.10091840755871979 0.082223491823582906 -0.016238545302312678 0.063406536340868944 -0.027239443125184483 -0.0064876921898635968 0.05534911305188997 0.0005167921224126091 -0.011548831126567615 0.10631468495187762 -0.015641802574776979 0.13083675835673689 -0.011497939941872677 0.023629280329281462 0.013235333421543167 -0.028704251091238725 0.12297834890604238 0.0020045424295893201 0.12751557453315301 0.039602503074032097 -0.054036188362017068 0.033073731820354391 0.011271884159157263 0.15907694356823021 0.092782812954208968 -0.024190173690411612 0.0110429887254429
leaf_weight=981.30935671925545 22304.479360312223 10.251959487795832 24.604434221982956 5.9724065065383902 8.4029423296451586 11.938010260462759 6.5402363538742048 7.644599124789238 613.99109265208244 6.1551990360021582 20384.68558575213 4.5215949118137342 7.5126911550760269 79.195062458515167 5.821049898862837 4.5193693488836288 8.8460805118083972 15.618909955024721 5.2596555948257437 5.2694732993841162 11.641502276062964 10.548223912715914 8.4609136432409269 7.8865027278661719 4.5085651427507383 35.890922725200653 3.763286292552948 7.5213273316621763 4.6991625726222992 56.564099803566933
leaf_count=5219 119080 55 132 32 45 64 35 41 3291 33 108601 24 40 421 31 24 47 83 28 28 62 56 45 42 24 191 20 40 25 301
internal_value=-1.8057e-06 0.000587538 -0.0047498 0.0321276 -0.00563061 0.0203767 0.0397285 0.0145549 -0.00702328 -0.00587394 0.000758967 0.00464807 0.0620303 0.00409884 0.0145723 0.0686282 0.0124683 0.0297849 0.0481662 0.0571978 0.0484217 0.0678208 0.0883857 -0.00933551 0.00584142 0.0260927 0.090399 -0.000202328 0.047803 -0.00452358
internal_weight=44654 22349.5 695.501 16.2244 679.277 34.5258 22.5878 14.1848 644.751 620.146 21654 1269.36 12.0343 1257.32 276.014 10.3404 265.674 73.5313 50.0258 44.7662 39.4967 27.8552 19.0091 23.5054 192.142 44.1628 8.27185 147.98 12.2205 135.759
internal_count=238160 119080 3728 87 3641 185 121 76 3456 3324 115352 6751 64 6687 1468 55 1413 391 266 238 210 148 101 125 1022 235 44 787 65 722
is_linear=0
shrinkage=0.05


Tree=10
num_leaves=31
num_cat=0
split_feature=123 120 76 50 135 34 130 135 60 0 101 118 64 124 122 118 84 132 53 77 96 9 130 115 27 84 63 0 32 4
split_gain=5.99823 11.4584 12.6494 14.19 10.8688 14.5867 17.4758 15.4456 11.9147 14.4585 10.9997 11.8288 12.8708 10.7374 9.72798 19.6429 12.2613 15.1218 10.8784 15.3904 10.1815 10.6521 13.1882 10.0649 9.55617 11.0089 9.43997 9.36912 11.3438 12.7752
threshold=3.4500000000000006 0.0383636702927301 124.18981616025935 1.5250000000000001 23.725000000000005 20.500000000000004 -0.13650473342118655 25.225000000000005 0.52500000000000013 707.50000000000011 1.0000000000000002 0.14887859999571817 1.0000000180025095e-35 2.6161751267091655 2.5000000000000004 0.20935861859822888 1.8627858656638059 4.8514578408195446 6.1250000000000009 750.10000000000014 5.3000000000000016 6.5000000000000009 -0.13830995270295551 45.500000000000007 5.5000000000000009 1.5889866919029754 -1.0000000180025095e-35 718.50000000000011 3.7748252045881072 70.500000000000014
decision_type=2 2 2 2 2 2 2 2 2 2 2 2 2 2 2 2 2 2 2 2 2 2 2 2 2 2 2 2 2 2
left_child=1 2 4 -4 8 7 -7 24 10 -10 13 12 -12 27 15 16 -9 -18 -16 -20 21 22 26 -24 -6 -26 -21 -1 29 -29
right_child=-2 -3 3 -5 5 6 -8 14 9 -11 11 -13 -14 -15 18 -17 17 -19 19 20 -22 -23 23 -25 25 -27 -28 28 -30 -31
leaf_value=-0.020779577626796341 -0.00049773963471597799 0.00045276271203395973 0.0083590296227768254 0.072931243518440866 -0.045101199138477252 0.11706536818858282 -0.018098568837247322 0.0023225624378601195 0.071540865608670443 -0.022077594178777134 0.12894714933247564 0.026266881863206866 0.02060512814152465 0.0629224034217781 -0.009241939039819522 0.10158916270843975 0.10135911072151627 -0.0095403806968389036 -0.066362194810630923 0.047635792128335228 0.079670902929682097 -0.05510359741965272 0.13463185709122605 0.030702649374888522 -0.023767623402729001 0.070813270240365503 -0.049642948008286079 0.096826089546875993 0.060744996512703986 0.0050216355317531623
leaf_weight=21.770064115524292 25783.170935153961 18274.009225204587 19.261976227164268 15.239238172769545 29.928704753518105 5.6987959742546082 4.1205261051654798 77.363514646887779 4.6995932459831229 33.684468343853951 6.8769639730453473 31.017201066017151 4.5582846999168396 9.9679190069437009 161.57421605288982 6.2304119914770117 7.41593289375305 5.2498992085456848 4.4574602246284476 4.3579328805208206 8.5202804505825025 4.3144143372774115 3.9682060778141039 5.6413780897855759 10.492785587906836 4.3530096113681784 5.8303676247596758 3.9685141891241065 12.128331884741781 83.998904585838318
leaf_count=116 137600 97398 102 78 159 30 22 411 25 180 36 163 24 52 859 33 39 28 24 23 45 23 21 30 56 23 31 21 64 444
internal_value=-1.97222e-06 0.000675398 0.00749376 0.0368807 0.0056903 0.000267311 0.0603459 -0.00146932 0.0146028 -0.0106153 0.0201568 0.0422924 0.0857602 0.0130288 0.00268487 0.0157305 0.00978867 0.055392 -0.00363618 0.020784 0.0326878 0.016086 0.0315998 0.0736194 -0.0288324 0.00396491 -0.00803304 0.0089478 0.0154133 0.00916325
internal_weight=44653.9 18870.7 596.689 34.5012 562.188 349.518 9.81932 339.699 212.67 38.3841 174.286 42.4524 11.4352 131.834 294.924 96.2598 90.0293 12.6658 198.664 37.09 32.6326 24.1123 19.7979 9.60958 44.7745 14.8458 10.1883 121.866 100.096 87.9674
internal_count=238160 100560 3162 180 2982 1857 52 1805 1125 205 920 223 60 697 1567 511 478 67 1056 197 173 128 105 51 238 79 54 645 529 465
is_linear=0
shrinkage=0.05


Tree=11
num_leaves=31
num_cat=0
split_feature=135 69 127 59 128 28 137 85 144 87 59 101 77 144 51 2 109 101 120 130 53 102 128 102 85 83 135 122 130 84
split_gain=5.73052 7.75214 8.05776 8.91489 11.1764 11.2615 7.59381 10.4319 9.69536 10.5773 9.61287 9.3519 10.3022 12.3716 7.39447 9.09427 12.8169 9.24415 7.89237 7.73407 13.3946 7.23495 7.21284 7.00841 7.03841 6.82136 6.80175 8.06639 7.35189 9.17826
threshold=16.925000000000001 1.0000000180025095e-35 -4.4999999999999991 0.12500000000000003 -22.499999999999996 3.5000000000000004 1.5000000000000002 5.3000000000000016 64.500000000000014 38.500000000000007 0.17500000000000002 1.0000000000000002 846.30000000000007 21.500000000000004 2.2750000000000004 18.920722557990185 1.0000000180025095e-35 -0.59999999999999998 0.2117602824884596 0.046244482193233606 5.8750000000000009 36.500000000000007 -11.499999999999998 32.500000000000007 4.9000000000000012 5.3000000000000016 31.825000000000006 14.500000000000002 -0.14018963676629023 1.6340020031478217
decision_type=2 2 2 2 2 2 2 2 2 2 2 2 2 2 2 2 2 2 2 2 2 2 2 2 2 2 2 2 2 2
left_child=1 6 3 4 5 -3 11 22 9 10 21 12 14 -14 15 16 17 18 -1 20 -19 -9 -8 -17 -25 -12 28 -28 29 -2
right_child=26 2 -4 -5 -6 -7 7 8 -10 -11 25 -13 13 -15 -16 23 -18 19 -20 -21 -22 -23 -24 24 -26 -27 27 -29 -30 -31
leaf_value=-0.034499437882815322 0.0011350768357435397 -0.017795527522115179 0.040190129977599548 0.00088964715385976816 -0.034005917154866762 0.071140226407883769 -0.019220973778493439 0.040129593209672867 0.059320038174007161 0.05928897654877191 -0.029580718991152791 -0.021617271254154524 0.042457459351638686 -0.050452657759076473 0.07665810183805466 -0.046537923712514008 -0.028633148728394977 0.14858919002959259 0.052624039113542513 0.013216012792109245 0.038337119484177409 -0.024881080646778162 0.044753375311568304 -0.0061781203778305946 0.057829874043049546 0.0056589624692554618 -0.00096709362080094194 -0.03481334042806089 0.00027430434922092795 0.0093467936942452281
leaf_weight=4.6754045635461843 1049.1559293419123 9.1981309801340085 12.17048506438732 601.97495555877686 39.867664307355881 5.8063643574714652 234.26971873641014 14.985304310917856 6.7472807466983786 6.3563035875558844 40.558750689029694 29.979543507099152 5.0453095138072994 12.361623868346213 5.2360637187957755 7.4817849993705776 6.5672137886285773 5.8077050149440748 5.8542643636465073 3.7532526701688775 5.2407544553279877 5.9904322028160086 4.4903462082147589 18.183759421110157 5.6229064166545859 20.762065276503563 10419.068734750152 17.633262798190117 31545.168457537889 503.61711865663528
leaf_count=25 5565 49 65 3214 213 31 1252 80 36 34 217 160 27 66 28 40 35 31 31 20 28 32 24 97 30 111 55638 96 168216 2669
internal_value=-2.12279e-06 -0.00353512 -0.000122085 -0.000869016 -0.0201624 0.0166204 -0.00860965 -0.0124335 0.00154243 -0.00285496 -0.00765475 0.00242386 0.0108212 -0.0235231 0.0195584 0.0148268 0.0336133 0.0497508 0.0139393 0.0752265 0.0962919 0.0215633 -0.0180178 -0.00432608 0.00893995 -0.0176492 8.86872e-05 -0.00102428 0.000439636 0.00379842
internal_weight=44653.6 1118.99 669.018 656.847 54.8722 15.0045 449.97 334.16 95.4001 88.6529 82.2966 115.81 85.83 17.4069 68.4231 63.187 31.8986 25.3314 10.5297 14.8017 11.0485 20.9757 238.76 31.2885 23.8067 61.3208 43534.6 10436.7 33097.9 1552.77
internal_count=238160 5976 3572 3507 293 80 2404 1786 510 474 440 618 458 93 365 337 170 135 56 79 59 112 1276 167 127 328 232184 55734 176450 8234
is_linear=0
shrinkage=0.05


Tree=12
num_leaves=31
num_cat=0
split_feature=105 141 111 113 2 89 135 32 120 99 61 95 96 82 130 94 5 80 128 93 82 124 75 101 89 118 130 138 76 42
split_gain=5.59048 7.71116 8.44974 11.8976 12.8294 10.4616 14.9805 13.0114 9.78835 14.091 18.896 18.7256 11.3182 10.3943 9.77089 9.40997 9.39732 9.36146 9.78053 12.9207 10.2167 9.27003 8.81882 8.78538 10.521 12.0251 9.96168 11.7023 9.36299 9.1516
threshold=1.0000000180025095e-35 1.5000000000000002 2.5000000000000004 6.5000000000000009 20.971617279700251 3.7000000000000006 17.775000000000002 2.5982089914497348 0.2117602824884596 4.3000000000000016 74.500000000000014 0.24469359404909852 5.1000000000000005 1.3133249580710802 0.010074075086905278 0.32117516385414041 60.500000000000007 1.2348275806265252 -26.499999999999996 1.8000000000000003 2.2068029966520615 3.5571519254683368 744.16666666666686 1.0000000180025095e-35 0.40000000000000019 0.22550377577367595 0.25348723992178529 2.5000000000000004 104.36206348799976 2.5000000000000004
decision_type=2 2 2 2 2 2 2 2 2 2 2 2 2 2 2 2 2 2 2 2 2 2 2 2 2 2 2 2 2 2
left_child=-1 -2 3 4 -3 14 -7 -8 9 10 12 -11 -5 -13 -4 -6 -16 18 19 -10 -20 -15 23 24 -18 -26 27 28 -27 -25
right_child=1 2 5 8 15 6 7 -9 17 11 -12 13 -14 21 16 -17 22 -19 20 -21 -22 -23 -24 29 25 26 -28 -29 -30 -31
leaf_value=0.00055652146855632561 0.0001345062722693433 0.10726730021118402 -0.0071021707585871051 0.036220179496397664 -0.0040159905175697402 -0.020056703765433906 0.065204797574306458 0.014227331330392862 0.006865978439043967 -0.015334413544037513 -0.024469753371961684 -0.026075844666756189 0.13073672062318586 0.11814501680325865 -0.018640602983467973 0.080614466907205404 0.00388229553417185 -0.0091569409959817698 -0.0021717222634590207 0.11257074976877801 0.072411443847986964 0.030227420149661417 -0.0011606834385357507 0.0052578598974580976 0.09050805601143154 0.018319286118763958 0.082957287616090905 -0.0089301427446661624 0.065353006626813925 -0.013456499250886987
leaf_weight=22355.984838247299 14277.324038282037 4.3117551207542446 660.88042949140072 6.3314386904239672 16.797513872385029 27.981710389256477 14.41370305418968 95.132549569010735 8.1869984269142133 49.897381439805031 5.9574631154537192 3.7197387218475333 6.338095098733902 5.4146925061941129 71.972488209605217 4.0829050093889228 238.04248815774918 1035.2916986048222 254.18893505632877 4.4689886868000022 4.6761058717966071 6.7184483557939529 5085.0124862939119 177.62445068359375 6.0351411402225486 69.81968192756176 5.6700439155101767 35.406135380268097 12.47125495970249 103.32776194810867
leaf_count=119080 76181 23 3536 34 90 150 77 507 44 268 32 20 34 29 385 22 1269 5553 1363 24 25 36 27197 944 32 370 30 188 66 551
internal_value=-2.20321e-06 -0.000562393 -0.001803 -0.00530734 0.0287467 -0.00105139 0.0125946 0.0209348 -0.005924 0.0105814 0.0489703 -0.000294175 0.0835033 0.0470454 -0.00134162 0.0125324 -0.000685839 -0.00698971 0.00127381 0.0441917 -0.000824461 0.0694627 -0.000460449 0.00503109 0.0101203 0.0215954 0.0182242 0.0151057 0.0254473 -0.00162485
internal_weight=44653.5 22297.5 8020.17 1416.38 25.1922 6603.79 137.528 109.546 1391.19 84.3773 18.627 65.7503 12.6695 15.8529 6466.26 20.8804 5805.38 1306.81 271.521 12.656 258.865 12.1331 5733.41 648.397 367.445 129.402 123.367 117.697 82.2909 280.952
internal_count=238160 119080 42899 7597 135 35302 734 584 7462 453 100 353 68 85 34568 112 31032 7009 1456 68 1388 65 30647 3450 1955 686 654 624 436 1495
is_linear=0
shrinkage=0.05


Tree=13
num_leaves=31
num_cat=0
split_feature=124 92 84 32 86 130 130 114 65 44 132 127 116 116 23 56 45 77 77 70 11 102 111 28 82 102 76 137 2 123
split_gain=5.48665 21.0699 12.1333 10.5186 11.5363 16.8994 16.2829 11.0517 10.4133 8.84543 9.65768 9.71486 8.5967 12.6368 9.418 13.8993 8.56934 8.19074 12.1596 8.00092 10.7867 13.0196 18.1363 10.376 10.2847 10.6446 9.52395 8.62408 8.5704 8.85695
threshold=0.77416573867739435 6.6000000000000005 1.1509860240645577 2.2471889277327919 1.3133249580710802 -0.14663256524020887 0.12539162273276169 31.500000000000004 -3.4999999999999996 1.0000000180025095e-35 4.4296703296703308 -9.4999999999999982 123.50000000000001 136.50000000000003 5.5000000000000009 5.5000000000000009 2.5000000000000004 843.90000000000009 799.90000000000009 2.5000000000000004 2.5000000000000004 72.500000000000014 4.5000000000000009 2.5000000000000004 2.0663921652648147 45.500000000000007 22.303345631580989 1.0000000180025095e-35 17.912216284093272 3.5500000000000003
decision_type=2 2 2 2 2 2 2 2 2 2 2 2 2 2 2 2 2 2 2 2 2 2 2 2 2 2 2 2 2 2
left_child=1 3 -3 4 5 -1 8 17 -6 -4 -11 -12 -7 14 15 -14 -13 18 -8 -5 21 23 -23 27 28 -26 -25 -21 -22 -30
right_child=-2 2 9 19 6 12 7 -9 -10 10 11 16 13 -15 -16 -17 -18 -19 -20 20 24 22 -24 26 25 -27 -28 -29 29 -31
leaf_value=0.088240105059176677 -0.00012197348855533194 -0.016457231544517326 0.073269450783960258 0.0022683821747162634 -0.066923624700022694 -0.041264935956391025 0.064525062109814638 0.13493805427223349 0.016024750712408779 0.089448429579647659 0.030840944272262173 -0.024560172469728234 -0.066870128042097993 -0.052146668059978446 0.07693054219358017 0.059654571596757355 0.039112864464287224 0.093173239050026835 -0.027938605615710439 -0.030667462418027099 0.051481892658243378 0.12709666191478361 -0.0057608990316760965 0.047618178082770073 -0.0023310398140797676 0.070865994160654658 -0.022114623688851767 0.038598190643151231 -0.013033198740566751 0.026103609248974941
leaf_weight=4.1825132817029944 42664.853819310665 16.979430511593819 10.231593281030653 1225.9387269467115 3.9655237793922415 19.572760060429573 7.9745861738920265 3.9633952975273123 82.504452809691429 5.3680832386016837 63.491741627454758 17.889957800507549 4.3377507477998751 6.7870492339134207 6.2511748969554892 4.3446832746267319 7.4992106258869162 5.918750286102294 6.416637122631073 5.4951530992984798 5.4859597086906424 5.3908284008502942 4.9067652374505997 5.6728054136037818 13.177739560604097 7.9714022278785697 35.779062792658806 24.66167226433754 361.21123717725277 15.058850452303885
leaf_count=22 227614 91 52 6506 21 104 42 21 436 27 330 96 23 36 33 23 39 31 34 29 29 28 26 30 70 42 190 131 1924 80
internal_value=-2.32237e-06 0.00256498 0.0227439 0.00125219 0.0136718 -0.00753156 0.0223787 0.058565 0.0122207 0.0291146 0.0243212 0.0203877 -0.017232 0.00442429 0.0301347 -0.00355727 -0.00575304 0.0436612 0.0232981 0.000118084 -0.00531936 0.011222 0.0637905 0.00366243 -0.00868203 0.0252579 -0.0125715 0.0259767 -0.0105623 -0.0114669
internal_weight=44653.3 1988.43 121.46 1866.97 156.219 45.4759 110.743 24.2734 86.47 104.481 94.249 88.8809 41.2934 21.7207 14.9336 8.68243 25.3892 20.31 14.3912 1710.75 484.811 81.9063 10.2976 71.6087 402.905 21.1491 41.4519 30.1568 381.756 376.27
internal_count=238160 10546 635 9911 826 241 585 128 457 544 492 465 219 115 79 46 135 107 76 9085 2579 434 54 380 2145 112 220 160 2033 2004
is_linear=0
shrinkage=0.05


Tree=14
num_leaves=31
num_cat=0
split_feature=123 120 70 79 118 124 87 61 102 68 62 118 77 112 75 113 60 144 2 93 58 50 124 89 144 92 115 28 131 25
split_gain=5.21294 10.0188 11.2982 11.6944 22.3358 16.9203 13.1784 13.4757 13.043 13.564 12.2858 15.1842 11.763 10.7688 12.0123 11.1656 10.3352 10.2101 14.3851 13.3336 11.3329 10.2018 10.0787 9.89659 9.85917 11.9795 9.81578 9.04992 9.04442 11.323
threshold=3.4500000000000006 0.0383636702927301 4.5000000000000009 5.7000000000000002 0.20935861859822888 2.9799026521287098 -201.83333333333329 -272.99999999999994 19.500000000000004 4.5000000000000009 171.50000000000003 0.16001692134744772 760.10000000000014 3.5000000000000004 794.50000000000011 10.500000000000002 0.52500000000000013 66.500000000000014 23.233058287594165 -0.99999999999999989 0.22500000000000003 1.4750000000000003 1.4831784001897421 2.9000000000000004 59.500000000000007 -3.3999999999999999 39.500000000000007 4.5000000000000009 341.50000000000006 8.5000000000000018
decision_type=2 2 2 2 2 2 2 2 2 2 2 2 2 2 2 2 2 2 2 2 2 2 2 2 2 2 2 2 2 2
left_child=1 2 3 6 5 -5 -1 -8 9 23 12 -12 -10 14 -4 -16 17 24 19 -19 -20 -21 -13 -9 26 -26 -14 -28 -3 -30
right_child=-2 28 13 4 -6 -7 7 8 10 -11 11 22 16 -15 15 -17 -18 18 20 21 -22 -23 -24 -25 25 -27 27 -29 29 -31
leaf_value=-0.044693850755401818 -0.00046478957797151875 0.00065052166092136694 0.095760627665698664 -0.020296583881221585 0.092742843765107774 0.086252190363606457 0.10372805452817245 -0.0099230150690357635 -0.03329566785787258 0.065573196149590535 0.10558005256507293 0.060208918158108707 -0.018738415710229935 -0.02912416768822574 -0.023759854789374802 0.059732632005217993 -0.0050094305488435961 -0.016367895071393745 0.15068357255912845 -0.0070194963570116278 0.049173295877619788 0.088199732601343339 -0.023848628562302177 0.052524962939231423 0.046467509553929004 -0.033674914848834572 0.020412862265332229 0.08135260728777037 -0.0057646971021787161 0.041399891245562377
leaf_weight=11.292437374591826 25774.347932472825 17528.16592977941 9.1499088853597694 89.147854879498482 4.9897850006818762 3.8885914683341971 3.8015417903661719 128.496731325984 13.573949754238127 6.7918446362018576 8.0443820506334323 7.3983819186687452 15.527839720249174 5.1916688978672019 6.9649334549903896 9.4202980697154981 55.109440386295319 11.79899300634861 4.5858278870582563 4.1658102273941049 6.8665215969085693 8.6621877104043943 6.8844406008720398 6.6738910526037207 6.1392686516046551 19.389409065246582 138.87371732294559 6.3718579709529868 738.34337675571442 12.948477938771246
leaf_count=60 137600 93371 47 474 26 20 20 685 73 36 41 38 82 27 37 49 294 62 24 22 36 45 36 35 32 102 726 33 3958 69
internal_value=-2.43218e-06 0.000628808 0.00699072 0.00539451 -0.0103159 -0.0158432 0.00866805 0.00998043 0.00919777 -0.0033753 0.0148932 0.0506373 0.0121513 0.0365222 0.0498691 0.0242422 0.0143744 0.0191781 0.0435234 0.0219936 0.0898207 0.0572779 0.0196925 -0.00683972 0.0144633 -0.0144018 0.0190467 0.0230863 0.000420264 -0.00495182
internal_weight=44653 18878.7 599.202 568.475 98.0262 93.0364 470.448 459.156 455.354 141.962 313.392 22.3272 291.065 30.7268 25.5351 16.3852 277.491 222.381 36.0793 24.627 11.4523 12.828 14.2828 135.171 186.302 25.5287 160.773 145.246 18279.5 751.292
internal_count=238160 100560 3162 3002 520 494 2482 2422 2402 756 1646 115 1531 160 133 86 1458 1164 189 129 60 67 74 720 975 134 841 759 97398 4027
is_linear=0
shrinkage=0.05


Tree=15
num_leaves=31
num_cat=0
split_feature=135 122 123 83 73 93 77 2 75 128 95 77 119 101 75 99 132 77 97 5 93 87 124 32 135 113 107 46 4 24
split_gain=5.1931 7.44999 7.33768 9.57144 13.9774 16.5585 10.7247 10.864 15.0327 16.3967 13.5975 9.9593 11.8601 11.1942 10.6785 9.70427 10.4801 9.98527 9.58183 9.28639 13.3049 9.2752 8.46417 9.61901 14.4985 11.7896 10.5922 12.9594 11.7806 9.53912
threshold=31.825000000000006 14.500000000000002 7.1000000000000005 4.7000000000000002 -1.0000000180025095e-35 1.0000000180025095e-35 836.30000000000007 23.47631785341644 879.83333333333337 -15.499999999999998 0.27432965172449758 876.70000000000016 0.18418474772462276 -0.99999999999999989 853.50000000000011 4.9000000000000012 5.0592625109745404 798.30000000000007 4.1000000000000005 65.500000000000014 -1.0000000180025095e-35 -76.499999999999986 4.2047484469108518 2.1242563284220197 36.07500000000001 14.500000000000002 1.0000000180025095e-35 1.5000000000000002 68.500000000000014 2.5000000000000004
decision_type=2 2 2 2 2 2 2 2 2 2 2 2 2 2 2 2 2 2 2 2 2 2 2 2 2 2 2 2 2 2
left_child=-1 2 22 4 5 19 -5 10 9 -9 11 12 -8 -13 -14 -7 17 -17 -6 -4 21 -21 23 24 29 -26 28 -28 -27 -2
right_child=1 -3 3 6 18 15 7 8 -10 -11 -12 13 14 -15 -16 16 -18 -19 -20 20 -22 -23 -24 -25 25 26 27 -29 -30 -31
leaf_value=0.00029516044723712129 0.088851256115864585 -0.033737143829776703 -0.015262438217588879 -0.0058715904648802978 -0.040536013606130468 -0.021170681846538333 -0.013096865549168458 -0.0095950652517780496 -0.053616836910599208 0.093695825022960241 0.093116140485844739 0.13040106203952864 0.095624389794538245 0.022833800102195045 -0.0047145261871601027 0.044606418685999676 0.088165790007604952 -0.047045560468393061 0.0089556075419116466 -0.0068370600610136271 0.154851164709081 0.069383620223294265 -0.0050977129961053873 -0.0010069774407719719 -0.010745063542876371 -0.066774786242068659 -0.0024429692785793169 0.0987732848252377 0.014635489629059615 0.015175488404679045
leaf_weight=34220.965940698981 4.5005256533622733 17.327660217881203 3.829965114593505 205.99786874651909 11.558537885546682 15.37761005759239 24.230196341872215 14.031340047717096 11.447126969695089 5.2909149825572994 7.1832539439201346 3.7968653738498688 5.8456375598907453 6.6632128953933698 4.8529354631900787 7.1732707917690295 5.8122568428516379 5.0737575739622116 63.54632867872715 4.9605579972267178 3.7962059378623989 20.427791655063629 1222.5363110303879 8385.764388859272 132.40551817417145 5.0764664560556403 5.4450409114360792 7.543902263045311 35.653033420443535 184.53903974592686
leaf_count=182426 24 96 20 1103 62 82 129 75 61 28 38 20 31 35 26 38 31 27 340 26 19 106 6540 44799 707 27 29 40 190 985
internal_value=-2.54766e-06 -0.000979174 -0.00092467 0.00546367 0.0161176 0.0328209 0.000251319 0.0153855 -0.00821121 0.0186886 0.0291962 0.0190802 0.00626322 0.0618792 0.0501101 0.00802 0.0328761 0.0066364 0.00133891 0.0579391 0.0675455 0.0544911 -0.0012004 -0.000656549 0.00717632 -0.00272964 0.0170268 0.0563428 0.00448863 0.0169295
internal_weight=44652.7 10431.7 10414.4 430.896 141.556 66.4514 289.339 83.3415 30.7694 19.3223 52.5721 45.3888 34.9288 10.4601 10.6986 33.4369 18.0593 12.247 75.1049 33.0145 29.1846 25.3883 9983.46 8760.93 375.164 186.124 53.7184 12.9889 40.7295 189.04
internal_count=238160 55734 55638 2297 751 349 1546 443 164 103 279 241 186 55 57 178 96 65 402 171 151 132 53341 46801 2002 993 286 69 217 1009
is_linear=0
shrinkage=0.05


Tree=16
num_leaves=31
num_cat=0
split_feature=135 69 79 76 123 68 119 131 62 3 123 76 132 86 17 88 144 52 11 111 120 5 124 117 117 117 83 131 93 120
split_gain=5.18091 7.03705 7.64944 7.84914 8.59953 11.4581 8.45996 8.3612 13.0317 12.8068 9.07038 11.9523 9.18066 10.8616 8.19999 7.99619 11.1352 7.97099 7.94762 7.69873 13.2904 10.5437 8.41946 7.70893 12.7515 10.0818 12.8809 8.89773 8.69479 8.14041
threshold=16.925000000000001 1.0000000180025095e-35 4.3000000000000016 62.507777237019731 2.7750000000000004 3.5000000000000004 0.082285186133389157 283.50000000000006 -192.49999999999997 5.5000000000000009 2.1000000000000005 75.849243092119295 6.024695121951221 1.9811415832724213 11.500000000000002 -4.6999999999999984 43.500000000000007 3.7250000000000005 7.5000000000000009 2.5000000000000004 0.14441402489075536 63.500000000000007 2.3237740692480835 232.50000000000003 240.50000000000003 256.50000000000006 4.7000000000000002 268.50000000000006 1.4000000000000004 0.31772568499336379
decision_type=2 2 2 2 2 2 2 2 2 2 2 2 2 2 2 2 2 2 2 2 2 2 2 2 2 2 2 2 2 2
left_child=1 -1 19 4 5 -4 -5 15 -9 -10 -11 14 13 -13 -12 16 -8 -17 -7 20 21 -3 -23 -21 28 27 -27 29 -25 -26
right_child=-2 2 3 6 -6 18 7 8 9 10 11 12 -14 -15 -16 17 -18 -19 -20 23 -22 22 -24 24 25 26 -28 -29 -30 -31
leaf_value=-0.0082155167575223322 8.3618036396560948e-05 -0.013457188603021473 2.2666795306131681e-05 0.061256516284300802 -0.012653352422049992 0.11197369085285971 -0.011351756323821122 0.10696887552648844 -0.014090102114333151 -0.035791244629236843 0.11611358196245997 -0.010410932234611807 0.082592521929188478 0.079343359935031055 0.029499859426042854 -0.0086871470590157689 0.10219057439151265 0.04534786628065629 0.012036432857314582 0.0012520671645105462 -0.021859142761706356 0.099616405919191339 0.020166640866900631 0.044966339372214448 -0.008357727200394344 -0.018374460837102591 0.087539991983201698 -0.030390228891875232 0.14832873136972438 0.092319030753184483
leaf_weight=447.91007374227047 43535.555881753564 9.385408356785776 50.915138110518456 6.2339550107717505 230.8047838807106 4.1853468269109717 4.5113063007593137 3.7444659024476996 29.532811746001244 4.8660672456026068 6.5645242631435377 18.694634884595878 4.6887715607881537 4.1121536642312995 4.6813260763883591 156.16998185217381 4.1418750137090683 7.1368826627731314 3.7916869521141052 25.800556138157845 34.629963919520378 6.011138051748274 7.4888640195131302 4.4836607277393323 4.296390503644945 4.1335810720920554 9.3953841179609281 11.042488306760786 3.7247962802648544 3.7693824470043182
leaf_count=2404 232184 50 271 33 1234 22 24 20 158 26 35 100 25 22 25 834 22 38 20 138 185 32 40 24 23 22 50 59 20 20
internal_value=-2.64517e-06 -0.00336525 -0.000117587 -0.00267015 -0.00830182 0.00875229 0.00372582 0.00228459 0.0159913 0.0113337 0.0285517 0.0366334 0.0188722 0.00577212 0.0800588 -0.0038438 0.0429957 -0.00632569 0.064471 0.0110821 -0.00232024 0.0272458 0.0555432 0.0226483 0.0361635 0.022153 0.0551794 -0.00123015 0.0918697 0.0386916
internal_weight=44652.4 1116.85 668.937 544.776 289.697 58.8922 255.079 248.845 76.8848 73.1403 43.6075 38.7414 27.4956 22.8068 11.2459 171.96 8.65318 163.307 7.97703 124.162 57.5154 22.8854 13.5 66.6462 40.8457 32.6372 13.529 19.1083 8.20846 8.06577
internal_count=238160 5976 3572 2909 1547 313 1362 1329 411 391 233 207 147 122 60 918 46 872 42 663 307 122 72 356 218 174 72 102 44 43
is_linear=0
shrinkage=0.05


Tree=17
num_leaves=31
num_cat=0
split_feature=138 5 135 56 113 88 114 144 71 51 117 61 32 83 61 96 76 98 9 128 78 93 88 6 47 144 10 124 88 5
split_gain=5.09997 12.581 11.7802 10.6833 9.90176 9.35335 9.33565 9.01618 10.8644 9.35265 8.95889 8.82874 8.78808 9.66966 8.42359 10.6646 7.64641 6.87433 9.79046 7.41136 14.4752 9.68675 9.07202 11.4845 8.33987 6.49853 9.02126 7.07214 6.49271 6.38424
threshold=4.5000000000000009 76.500000000000014 25.025000000000002 3.5000000000000004 19.500000000000004 -4.0999999999999988 34.500000000000007 13.500000000000002 1.0000000180025095e-35 2.0250000000000004 179.50000000000003 55.500000000000007 3.2771347256014365 4.7000000000000002 -272.99999999999994 5.1000000000000005 87.921050386863001 5.1000000000000005 8.5000000000000018 -23.499999999999996 95.667961252149624 1.0000000000000002 -0.59999999999999976 45.250000000000007 9.5000000000000018 42.500000000000007 5.5000000000000009 1.4419537040215014 -1.0000000180025095e-35 74.500000000000014
decision_type=2 2 2 2 2 2 2 2 2 2 2 2 2 2 2 2 2 2 2 2 2 2 2 2 2 2 2 2 2 2
left_child=-1 4 3 -3 5 16 -6 8 -5 -10 -9 -4 -12 -14 15 -7 -2 25 19 20 21 28 -21 -24 -23 -16 27 -27 -19 -25
right_child=1 2 11 7 6 14 -8 10 9 -11 12 -13 13 -15 17 -17 -18 18 -20 22 -22 24 23 29 -26 26 -28 -29 -30 -31
leaf_value=4.8401914045535773e-05 -0.0019107118965180426 0.079335896421651161 0.0042984082799251457 -0.027084649885495193 0.094838766766510235 -0.027198204991581178 -0.013050050014596321 0.098006503606234557 -0.0085894617614691443 0.09796225166768753 0.081781423147359769 -0.066614554526930617 0.053984558628792235 -0.02847834431703803 -0.026077922233341044 0.067842559882115266 0.094161581684322759 0.0065842836914431074 0.061769255695656 -0.031019681199455695 0.10618411809749898 0.081429235971428204 -0.010300437932845718 0.011275237837843684 -0.015664060577428127 0.042091057372598863 0.057793591358684726 -0.032790557544644272 -0.066563530344863633 0.098495412109062305
leaf_weight=44247.432324916124 4.6508287936449033 7.5270150154829016 11.983486831188204 17.740149140357975 4.3283174335956556 5.0649863630533201 3.7355693727731705 4.8608404546976116 4.3074503690004331 3.9462102353572845 4.7097402215003994 6.9260342121124259 5.8040485233068457 9.1739616692066175 129.59133689105511 7.0742026716470718 3.7338600754737854 6.156633689999583 5.060379981994628 47.833632007241249 3.7577088028192511 5.0631530582904798 60.404678001999855 4.4932163655757886 3.9270915240049362 4.133228123188025 5.6243045628070822 13.297059655189512 5.9804612100124386 3.9358367770910263
leaf_count=235996 25 40 64 95 23 27 20 26 23 21 25 37 31 49 693 38 20 33 27 256 20 27 323 24 21 22 30 71 32 21
internal_value=-2.70997e-06 -0.00558924 0.0126012 0.0237628 -0.00986039 -0.0112402 0.0448596 0.0154866 -0.005036 0.0423547 0.0372173 -0.021675 0.0222087 0.00347641 -0.0126434 0.0281875 0.0408721 -0.0142997 -0.00656722 -0.00901019 0.0157621 -0.000320395 -0.0142941 -0.00267123 0.0390172 -0.0217266 0.00273276 -0.0150339 -0.0294587 0.0520016
internal_weight=44652.3 404.825 76.9789 58.0694 327.846 319.783 8.06389 50.5424 25.9938 8.25366 24.5486 18.9095 19.6878 14.978 311.398 12.1392 8.38469 299.259 146.613 141.552 24.885 21.1273 116.667 68.8337 8.99024 152.646 23.0546 17.4303 12.1371 8.42905
internal_count=238160 2164 411 310 1753 1710 43 270 139 44 131 101 105 80 1665 65 45 1600 784 757 133 113 624 368 48 816 123 93 65 45
is_linear=0
shrinkage=0.05


Tree=18
num_leaves=31
num_cat=0
split_feature=105 117 20 88 78 75 101 97 99 76 126 99 86 76 88 46 61 59 81 141 78 39 84 144 128 89 120 117 11 87
split_gain=5.02394 7.44659 7.93417 18.0894 8.9421 8.911 9.628 7.92785 10.0885 11.184 9.74898 9.23077 9.13847 9.23825 8.70433 9.80383 9.24284 8.27762 8.07791 6.97957 8.37451 10.1192 10.018 10.3139 10.837 8.47237 13.722 11.6109 13.7035 11.1224
threshold=1.0000000180025095e-35 280.50000000000006 8.5000000000000018 2.7000000000000006 37.47478915194781 846.16666666666686 -0.59999999999999998 4.1000000000000005 5.7000000000000002 33.289947702708339 8.5000000000000018 5.1000000000000005 2.1035653752852745 27.868647552723512 1.1000000000000003 2.5000000000000004 20.500000000000004 0.32500000000000001 5.1000000000000005 1.5000000000000002 90.131015312250852 4.5000000000000009 1.3341453513210173 44.500000000000007 -22.499999999999996 0.30000000000000004 0.033450796440050924 244.50000000000003 2.5000000000000004 -91.8333333333333
decision_type=2 2 2 2 2 2 2 2 2 2 2 2 2 2 2 2 2 2 2 2 2 2 2 2 2 2 2 2 2 2
left_child=1 -1 3 4 -3 -6 -7 -4 11 -10 -11 12 13 18 16 17 -15 -16 -9 20 -2 25 -23 24 -24 -22 27 29 -29 -27
right_child=19 2 7 -5 5 6 -8 8 9 10 -12 -13 -14 14 15 -17 -18 -19 -20 -21 21 22 23 -25 -26 26 -28 28 -30 -31
leaf_value=0.00061504881316032606 0.00091070326374474329 0.066672835190476648 -0.045206160402599012 0.11098426854473385 -0.020058294672843535 -0.028949992929847557 0.069708693079903919 0.070770420657031347 -0.044855290926417865 0.0062134540517667196 0.088970082769460432 -0.038697243152337274 0.053134593089227834 -0.053393019614248249 -0.03471023834582445 0.078762420660784441 -0.01016271318826757 0.053143263443415849 -0.009096161708200514 -0.001715034210591067 -9.3824479746840752e-05 -0.010322760548097845 0.10842548841785654 0.0062287048516889414 0.032656270748283457 -0.033336230235067883 -0.0057670376747928085 -0.022958344700783329 0.051114984806225318 0.012254611628463322
leaf_weight=22154.412394866347 10076.660205110908 4.4997218400239936 18.58896966278553 3.9393367916345587 33.223605334758759 3.9579960852861404 6.5905958265066129 5.8191294223070127 4.5291201174259212 7.5308160930871946 6.7470744550228119 32.10978889465332 5.8355461806058875 22.527316808700562 9.3792289942502993 4.1254570335149756 27.406551226973534 3.7544524520635596 6.9439369291067123 8012.5407717078924 2316.2679371833801 25.711745157837868 5.9973150491714504 28.764896795153618 22.142735585570335 17.892030447721481 1694.0883797705173 7.94338834285736 29.181155845522881 53.022384852170944
leaf_count=117975 53772 24 99 21 177 21 35 31 24 40 36 171 31 120 50 22 146 20 37 42899 12357 137 32 153 118 95 9040 42 154 281
internal_value=-2.7648e-06 0.000526744 -0.00890096 0.00796079 -0.000446674 -0.00734647 0.0326904 -0.0145699 -0.0104041 0.0236042 0.0453204 -0.015829 -0.00726992 -0.0116785 -0.0190857 0.0115243 -0.0296658 -0.00959605 0.0273178 -0.000533978 0.000128824 -0.00174661 0.0155793 0.0272828 0.0488045 -0.00209418 -0.00466522 0.0126116 0.0352658 0.000751834
internal_weight=44652.1 22361.9 207.509 52.2113 48.2719 43.7722 10.5486 155.297 136.708 18.807 14.2779 117.901 85.7916 79.9561 67.193 17.2591 49.9339 13.1337 12.7631 22290.2 14277.7 4201.01 82.6167 56.9049 28.1401 4118.4 1802.13 108.039 37.1245 70.9144
internal_count=238160 119080 1105 278 257 233 56 827 728 100 76 628 457 426 358 92 266 70 68 119080 76181 22409 440 303 150 21969 9612 572 196 376
is_linear=0
shrinkage=0.05


Tree=19
num_leaves=31
num_cat=0
split_feature=124 92 122 84 114 87 32 86 130 130 65 80 53 119 0 2 120 124 115 63 82 116 116 23 56 93 78 42 98 70
split_gain=4.81958 18.6059 11.5757 12.5905 10.43 9.54506 9.73114 10.8657 14.7836 14.4313 9.75381 9.3301 9.67609 9.3559 9.29035 9.89898 8.81284 8.52418 8.51183 8.60977 10.4865 7.9729 11.4577 8.0057 12.6495 7.82587 9.37271 7.77467 7.67682 7.66713
threshold=0.77416573867739435 6.6000000000000005 3.5000000000000004 1.1509860240645577 24.500000000000004 -263.83333333333326 2.2471889277327919 1.3133249580710802 -0.14663256524020887 0.12539162273276169 -3.4999999999999996 1.6062257748298554 5.3750000000000009 0.46354638273636994 883.50000000000011 21.824154938351608 0.41750142421427044 0.49494897427831791 47.500000000000007 3.0000000000000004 1.524751872307939 123.50000000000001 136.50000000000003 5.5000000000000009 5.5000000000000009 -2.1999999999999997 45.828797583873403 2.5000000000000004 5.7000000000000002 2.5000000000000004
decision_type=2 2 2 2 2 2 2 2 2 2 2 2 2 2 2 2 2 2 2 2 2 2 2 2 2 2 2 2 2 2
left_child=1 5 3 -3 14 -1 7 8 -7 10 -9 25 -13 16 -5 17 -14 -16 -11 20 -20 -10 23 24 -23 -6 -27 -12 -28 -8
right_child=-2 2 -4 4 11 6 29 9 21 18 27 12 13 -15 15 -17 -18 -19 19 -21 -22 22 -24 -25 -26 26 28 -29 -30 -31
leaf_value=-0.053853630275110975 -0.00011505690141504178 -0.022714836389610256 0.10424285992046417 0.060883633635451108 0.015246909001943088 0.08020605050276039 0.0024065446088897807 -0.065833119503490675 -0.040108584789336404 -0.0010624598193852721 0.0078594164405834041 0.072836278200390153 -0.010803602335967803 -0.059073934140075716 0.058253415298581114 -0.056610358995601677 0.069411061033862034 -0.027287912760132711 0.0033280824971557519 0.12892460944866069 0.088817149677403451 -0.065790197456785646 -0.050859910705465639 0.069994853238530996 0.055106192213444233 0.0057197365149951346 0.081482799668706418 0.045607909757110349 0.010387409874624845 -0.0050384966144181864
leaf_weight=7.8507556170225135 42660.760798439384 16.087318509817123 4.062800168991088 4.6532877087593105 14.405412569642065 4.3627861142158499 1221.9813329428434 3.8335401862859717 19.188805311918259 5.2338461726903942 65.218091487884521 4.9436500817537334 10.488582015037538 5.7868425101041785 5.5156581848859805 9.0320111960172635 5.0837664902210227 6.1703376919031143 6.3394391238689449 4.7946196049451819 8.2623688131570798 4.1941376626491564 6.6051862835884085 6.4983307421207419 4.4692174941301346 6.7859214395284644 25.337754443287853 17.247556313872337 4.4662768989801398 482.29672268033028
leaf_count=42 227614 87 21 24 74 22 6477 21 104 27 342 25 54 30 28 47 26 32 33 24 42 23 36 33 23 35 129 90 23 2572
internal_value=-2.82995e-06 0.0024016 0.0212527 0.0184135 0.0248579 0.0011624 0.00139455 0.0133371 -0.00729184 0.0217647 0.0121302 0.0339881 0.00980049 -0.00478934 -0.0029587 -0.0172978 0.0153834 0.0130866 0.055522 0.0707905 0.0517017 -0.0166125 0.00410068 0.0280443 -0.00342264 0.0464638 0.0587538 0.0157545 0.0708288 0.000299659
internal_weight=44652 1991.2 122.82 118.757 102.67 1868.38 1860.53 156.248 45.3185 110.929 86.2992 77.2982 26.3028 21.3592 25.3713 20.718 15.5723 11.686 24.6303 19.3964 14.6018 40.9557 21.7669 15.1617 8.66336 50.9954 36.59 82.4656 29.804 1704.28
internal_count=238160 10546 635 614 527 9911 9869 820 241 579 453 396 135 110 131 107 80 60 126 99 75 219 115 79 46 261 187 432 152 9049
is_linear=0
shrinkage=0.05


Tree=20
num_leaves=31
num_cat=0
split_feature=135 136 75 130 102 2 99 115 76 82 60 73 118 64 124 32 102 115 93 66 25 45 135 131 122 32 44 50 122 123
split_gain=4.78349 7.03783 11.6569 12.0831 9.35702 11.294 8.56959 10.1491 8.52368 11.2117 12.9136 9.37699 10.7984 10.4521 10.242 15.9133 13.5238 12.0823 12.439 12.2049 11.4818 12.5782 12.0301 10.8318 9.58651 9.61714 15.1304 9.38688 9.27589 14.7349
threshold=31.825000000000006 1.5000000000000002 933.00000000000011 0.036521333343618879 43.500000000000007 22.950354019223393 5.1000000000000005 52.500000000000007 68.164830952205804 2.4145357415641779 0.4250000000000001 0.13157894736842099 0.11689168386957813 7.0000000000000009 5.0675376362246087 2.8933009209370115 26.500000000000004 40.500000000000007 -4.9999999999999991 5.5000000000000009 3.5000000000000004 2.5000000000000004 22.125000000000004 244.50000000000003 4.166666666666667 2.413604034476565 1.5000000000000002 1.4750000000000003 10.16666666666667 7.5000000000000009
decision_type=2 2 2 2 2 2 2 2 2 2 2 2 2 2 2 2 2 2 2 2 2 2 2 2 2 2 2 2 2 2
left_child=1 -1 8 -4 -5 6 7 -6 11 -10 -11 28 -13 14 17 16 -16 18 -14 24 -17 22 27 -23 -19 26 -26 -22 -3 -30
right_child=-2 2 3 4 5 -7 -8 -9 9 10 -12 12 13 -15 15 20 -18 19 -20 -21 21 23 -24 -25 25 -27 -28 -29 29 -31
leaf_value=0.00060115047811111553 -0.00094046549344868093 -0.001920198514969996 -0.012799640997436143 0.010017152473414552 -0.013112333482414218 0.13054272057429325 0.09993888853335689 0.077674035816887366 -0.0042568268672195349 0.082335564951196441 -0.0082384186380676256 0.063299393817963387 0.086118748020148878 -0.012517127687118563 0.13840916588846724 0.069863632807279016 0.037050785109116934 0.0072923246011967306 0.017055037216468127 -0.049068298780610503 -0.033437433512694979 0.11174624848871909 -0.051806581941101715 0.008748455027599562 0.096905814070341434 -0.0076160252531726471 -0.0050509205057994114 0.048758824567018091 0.12049149794571171 0.01247864833523701
leaf_weight=28587.620736092329 10427.164244577289 2391.8189699351788 18.560803636908531 18.916316106915474 8.4148541241884285 4.3102169930934897 4.5011472553014746 4.8542217314243308 2218.0018803328276 8.0538987517356855 7.6955067217349997 7.6921252459287635 7.5213245749473563 88.577409192919731 4.8760073482990256 6.9535066187381736 10.123512327671049 460.82675376534462 48.956311270594597 11.410149812698362 6.0076172798872021 3.9256298989057523 13.486371114850042 7.2982995808124542 5.8085589557886115 226.21548284590244 9.7412769198417646 8.2341440320014936 3.7415889799594906 20.224672913551331
leaf_count=152340 55734 12771 99 101 45 23 24 26 11838 43 41 41 40 472 26 37 54 2456 261 61 32 21 72 39 31 1208 52 44 20 108
internal_value=-2.88406e-06 0.00028277 -0.00133195 0.0206713 0.0358249 0.0579343 0.040323 0.0201 -0.00156691 -0.00395833 0.0380791 3.07896e-05 0.00430387 0.00381059 0.00555018 0.0252888 0.0700001 0.00398987 0.0262525 0.0022289 0.0106794 0.000114201 -0.0179628 0.0447725 0.00306197 -0.00500147 0.0330345 0.0140859 -0.00161006 0.0293415
internal_weight=44651.5 34224.4 5636.75 59.5576 40.9968 22.0804 17.7702 13.2691 5577.19 2233.75 15.7494 3343.44 927.654 919.962 831.385 60.9051 14.9995 770.48 56.4776 714.002 45.9056 38.9521 27.7281 11.2239 702.592 241.765 15.5498 14.2418 2415.79 23.9663
internal_count=238160 182426 30086 318 219 118 95 71 29768 11922 84 17846 4947 4906 4434 325 80 4109 301 3808 245 208 148 60 3747 1291 83 76 12899 128
is_linear=0
shrinkage=0.05


Tree=21
num_leaves=31
num_cat=0
split_feature=135 110 123 132 52 87 24 2 82 84 56 121 75 75 95 121 120 2 120 136 80 64 83 102 101 91 34 101 102 84
split_gain=4.62976 6.97628 11.7674 10.1813 16.9002 11.981 10.9285 8.29355 10.2 11.7649 13.7538 10.0244 7.55401 11.5398 8.43512 11.4762 11.3716 8.68272 10.4552 8.26188 19.1638 11.8219 7.93769 7.92117 7.82213 7.78519 8.50995 15.3809 7.31199 7.25624
threshold=16.925000000000001 1.0000000180025095e-35 2.2250000000000005 4.4621125143513209 3.1750000000000003 146.50000000000003 3.5000000000000004 17.185382487711433 1.5508054040544847 1.4764667715445201 4.5000000000000009 1.5000000000000002 842.83333333333337 861.50000000000011 0.15575669192865563 4.5000000000000009 0.2732095429334917 18.772685620118541 0.21767868275792937 1.5000000000000002 1.6867121281243425 -2.9999999999999996 5.1000000000000005 53.500000000000007 0.6000000000000002 2.5000000000000004 8.5000000000000018 1.8000000000000003 37.500000000000007 1.9300046070981933
decision_type=2 2 2 2 2 2 2 2 2 2 2 2 2 2 2 2 2 2 2 2 2 2 2 2 2 2 2 2 2 2
left_child=1 3 7 4 -1 6 -6 -3 9 10 -9 -11 25 19 15 23 17 -16 28 20 22 -21 -14 -15 -23 26 27 -5 -19 -4
right_child=-2 2 29 12 5 -7 -8 8 -10 11 -12 -13 13 14 16 -17 -18 18 -20 21 -22 24 -24 -25 -26 -27 -28 -29 -30 -31
leaf_value=-0.013565179163074202 7.8490953043297345e-05 -0.041671447122617326 -0.0074528754365766024 0.028784858745256367 0.094402495481962723 0.13712550189261247 -0.014859665907507341 0.07918472953292538 -0.00088458434406891984 0.038235484136193397 -0.042137960478516936 0.12603229376456282 0.078535834672783106 0.024303972969236875 -0.05104002009783002 0.10052000270851401 0.01005272199223859 -0.026106958874881649 -0.057886965881437047 0.063945952578291304 0.11257442953490152 0.010684514610615661 -0.0015642611420094276 -0.054086188010946057 -0.066446344503085591 -0.032285479213185538 -0.0054951208851806172 -0.034219393712258614 0.050890205738649635 -0.0247023241807055
leaf_weight=11.266015663743021 43536.876111000776 5.881708711385726 367.77709545195103 45.014746949076653 4.3383442610502225 4.3982267826795569 4.8436472117900848 3.765685975551607 25.083561331033707 7.5776310712099058 6.153111606836319 5.6943042725324631 4.1302160769701066 17.592245340347297 19.648642480373383 4.1750543713569632 41.097955241799355 4.988419026136401 6.0800333470106116 6.1368815004825619 8.0835275501012784 8.4106192737817747 12.315033987164496 3.9453148096799842 5.3959186375141135 23.429786160588264 363.77440820634365 12.342921435832976 8.0739082992076856 73.083194062113762
leaf_count=60 232184 31 1976 240 23 23 26 20 134 40 33 30 22 94 106 22 220 27 33 33 43 45 66 21 29 126 1951 66 43 393
internal_value=-2.96879e-06 -0.00318512 -0.00761046 0.000351087 0.0317094 0.0692687 0.036765 0.0143847 0.0212145 0.0451174 0.00392238 0.0759046 -0.000959187 0.00874026 -0.000257327 0.0246514 -0.0082743 -0.0276913 -0.00372495 0.0301055 0.0495379 0.00620521 0.0185528 0.00994423 -0.01946 -0.00423349 -0.00267282 0.0152268 0.0214855 -0.0103124
internal_weight=44651.4 1114.5 495.016 619.482 24.8462 13.5802 9.18199 54.156 48.2743 23.1907 9.9188 13.2719 594.636 150.074 105.602 25.7126 79.889 38.791 19.1424 44.4722 24.5288 19.9434 16.4453 21.5376 13.8065 444.562 421.132 57.3577 13.0623 440.86
internal_count=238160 5976 2657 3319 132 72 49 288 257 123 53 70 3187 804 566 137 429 209 103 238 131 107 88 115 74 2383 2257 306 70 2369
is_linear=0
shrinkage=0.05


Tree=22
num_leaves=31
num_cat=0
split_feature=135 89 116 120 84 77 83 66 75 137 117 118 101 41 117 75 75 122 123 85 34 86 134 49 37 118 131 76 135 56
split_gain=4.58472 12.3646 9.86523 13.0944 10.3338 10.7718 14.9568 9.8632 13.2866 13.3617 11.0323 11.7368 17.0666 11.1601 9.6227 9.03934 8.85613 8.79648 11.6881 11.0255 12.9928 8.74734 8.63451 8.98818 8.63029 10.8566 9.30456 8.57264 10.6061 8.32895
threshold=41.675000000000004 -2.6999999999999997 119.50000000000001 0.32913021531782366 0.96159700515946589 827.70000000000016 4.5000000000000009 2.5000000000000004 882.50000000000011 1.0000000180025095e-35 206.50000000000003 0.17595033946544603 -1.0000000180025095e-35 1.5000000000000002 217.50000000000003 801.83333333333337 877.50000000000011 4.8333333333333348 6.6333333333333337 4.5000000000000009 11.500000000000002 2.0796464097514549 7.5000000000000009 18.500000000000004 1.5000000000000002 0.17703783806780546 263.50000000000006 45.168816725491119 42.925000000000004 3.5000000000000004
decision_type=2 2 2 2 2 2 2 2 2 2 2 2 2 2 2 2 2 2 2 2 2 2 2 2 2 2 2 2 2 2
left_child=-1 16 3 4 5 6 -3 8 10 -10 11 12 -6 27 -9 -14 -2 19 -19 20 -4 -22 23 -20 25 -16 -26 28 -12 -21
right_child=1 2 17 -5 7 -7 -8 14 9 -11 13 -13 15 -15 24 -17 -18 18 22 29 21 -23 -24 -25 26 -27 -28 -29 -30 -31
leaf_value=8.281430273520638e-05 0.010581123647464896 0.09930907314497972 -0.010053147674172534 -0.016427615684925179 -0.0027145001840100727 0.11959101964837059 -0.023000256582220407 -0.0015614767985319313 -0.00038743002483349553 0.090537114697188836 0.09717577465596762 -0.0029850512447190678 0.14864227209700256 -0.027586793647384825 0.0668040409207694 0.046751809156948182 0.083739209241756304 -0.02265405469095972 0.042475962796951428 0.0063631170919655746 0.016173734698509096 0.080067305201379863 -0.054135097245690655 -0.030489412878900585 0.030522418450754957 -0.013378353328030133 0.10436280330003234 -0.01292704366111622 0.003337713295881525 -0.012869998122027788
leaf_weight=43405.03768736124 97.823720440268517 3.9197394698858243 60.096343860030174 84.715855672955513 10.144989266991617 3.7563573271036139 6.8987400382757187 56.884367614984512 9.0298346430063265 7.3127205073833457 4.8809982240200025 68.411438882350922 3.9460294395685178 76.980064883828163 5.2445755451917675 4.8548449873924255 4.3194087892770758 159.58447593450546 17.408394724130638 69.210790976881981 70.627789467573166 5.7963804900646201 4.0812580138444892 5.5714216083288184 48.405854314565659 21.643320232629776 4.6786171346902838 20.527077317237854 7.8605658262968063 301.51953971385956
leaf_count=231496 523 21 321 453 54 20 37 304 48 39 26 366 21 412 28 26 23 855 93 370 377 31 22 30 259 116 25 110 42 1612
internal_value=-3.03223e-06 -0.00299321 -0.00448145 0.00128365 0.00539013 0.0466434 0.0213147 0.00367619 -0.0030292 0.0402981 -0.00661249 0.00665965 0.0414856 -0.0171289 0.0141588 0.0924362 0.0136748 -0.00822098 -0.0175017 -0.00480611 0.00734145 0.0210197 0.0128831 0.0247856 0.0253406 0.0022615 0.0370304 0.00706962 0.0392849 -0.00927941
internal_weight=44651.2 1246.14 1143.99 450.096 365.38 14.5748 10.8185 350.805 213.949 16.3426 197.606 87.3573 18.9459 110.249 136.857 8.80087 102.143 693.896 186.646 507.251 136.521 76.4242 27.0611 22.9798 79.9724 26.8879 53.0845 33.2686 12.7416 370.73
internal_count=238160 6664 6118 2407 1954 78 58 1876 1144 87 1057 467 101 590 732 47 546 3711 1000 2711 729 408 145 123 428 144 284 178 68 1982
is_linear=0
shrinkage=0.05


Tree=23
num_leaves=31
num_cat=0
split_feature=122 140 53 126 87 66 53 74 90 86 61 20 144 82 90 7 83 53 115 82 118 84 47 75 76 101 89 101 125 50
split_gain=4.55989 10.0944 8.99715 8.88777 11.5258 13.6939 15.8252 17.8974 13.4067 11.4823 11.3619 11.2136 11.2052 11.1653 11.0405 10.445 10.4188 10.4393 11.7519 9.8817 9.68264 9.81423 9.5602 9.30026 8.90129 10.4091 8.81836 10.7892 8.79454 8.77847
threshold=4.166666666666667 1.5000000000000002 6.5750000000000002 12.500000000000002 176.83333333333334 1.5000000000000002 5.8250000000000002 1.0000000180025095e-35 -1.2999999999999998 0.77781081841607447 -88.499999999999986 8.5000000000000018 26.500000000000004 2.1271888302239863 1.1000000000000003 2.5000000000000004 4.1000000000000005 5.5750000000000002 47.500000000000007 2.3717061369364933 0.14508973683467427 1.2348275806265252 8.5000000000000018 745.83333333333337 59.761562915463934 -1.0000000180025095e-35 3.7000000000000006 1.0000000000000002 3.5000000000000004 1.425
decision_type=2 2 2 2 2 2 2 2 2 2 2 2 2 2 2 2 2 2 2 2 2 2 2 2 2 2 2 2 2 2
left_child=-1 -2 3 9 5 6 29 8 -8 12 -10 -12 -3 28 16 -6 17 -11 -19 26 -9 -22 23 -16 25 -13 -18 -28 -7 -5
right_child=1 2 -4 4 15 13 7 20 10 14 11 24 -14 -15 22 -17 19 18 -20 -21 21 -23 -24 -25 -26 -27 27 -29 -30 -31
leaf_value=0.00040346226142202519 -0.00033354174674577727 0.11213026454653224 -0.042171200265808395 0.022656791387927883 -0.0020434681158440454 -0.016808836525646111 -0.05789105485547863 -4.6305285846966144e-05 0.10673117284064591 -0.012437517933851248 0.074556558797118908 -0.016897917009893692 -0.0024848265168447535 0.062149364596855154 -0.066570594724563212 0.090433101633068613 -0.0064806825780069138 0.095508496543823054 0.011336825230380097 -0.060557460375411855 0.021675171089336146 0.11308418774690202 -0.0237137504608671 0.013129821481979068 -0.039982122510465436 0.093084592925270021 0.00081141246508211981 0.092348483592709085 0.043584311405764214 -0.014885096094102705
leaf_weight=27103.339349105954 16530.225606039166 3.9184991270303708 16.42452996969223 22.978497207164764 5.4223524630069715 117.39482600986958 5.7877732068300238 3.7511080503463772 3.7484514564275768 11.061871215701105 5.6561680883169201 5.0382066816091537 4.6784208416938782 5.0487365424633017 4.1129703074693671 6.9889860451221466 479.13028413057327 7.7037711590528515 8.9814063012599927 8.2376750409603101 3.9541337043046942 11.408925846219061 161.03589506447315 33.255767226219177 9.3671367168426496 3.7544794082641619 8.9228679537773115 5.03590103983879 6.3543477207422248 48.305657491087914
leaf_count=144450 88270 21 88 123 29 627 31 20 20 59 30 27 25 27 22 37 2562 41 48 44 21 61 862 178 50 20 48 27 34 258
internal_value=-3.10272e-06 -0.000631064 -0.00546478 -0.00486252 0.00299007 0.00067826 0.0125562 0.0333976 0.0112902 -0.00768916 0.0258163 0.0130809 0.049757 -0.0107342 -0.00836803 0.0500313 -0.00459602 0.0252284 0.0502 -0.00624672 0.0719729 0.0895574 -0.0184266 0.00435764 -0.00606664 0.0300646 -0.00533939 0.0338352 -0.0137077 -0.00278344
internal_weight=44651 17547.7 1017.46 1001.04 264.96 252.548 123.751 52.4664 33.3522 736.075 27.5644 23.816 8.59692 128.798 727.478 12.4113 529.074 27.747 16.6852 501.327 19.1142 15.3631 198.405 37.3687 18.1598 8.79269 493.089 13.9588 123.749 71.2842
internal_count=238160 93710 5440 5352 1415 1349 661 280 178 3937 147 127 46 688 3891 66 2829 148 89 2681 102 82 1062 200 97 47 2637 75 661 381
is_linear=0
shrinkage=0.05


Tree=24
num_leaves=31
num_cat=0
split_feature=105 131 118 24 85 135 64 91 78 76 50 87 63 116 6 132 135 131 77 132 116 132 135 93 135 118 94 41 101 132
split_gain=4.53774 6.93873 8.03465 10.074 8.80144 8.93952 9.5645 8.80481 11.3126 20.3531 11.3894 10.3283 10.5504 9.72696 11.1217 10.9688 12.3595 9.09587 9.78174 9.10141 8.78436 12.1666 13.9825 10.5622 8.27363 10.6309 8.19248 8.03774 7.9287 9.61727
threshold=1.0000000180025095e-35 341.50000000000006 0.21310702217036206 6.5000000000000009 6.3000000000000016 19.875000000000004 -2.9999999999999996 -0.69999999999999984 56.337909056419214 59.159858696181239 1.3750000000000002 129.16666666666671 9.0000000000000018 98.500000000000014 36.750000000000007 5.8521554341226478 30.425000000000001 365.50000000000006 755.50000000000011 6.2869249394673128 138.50000000000003 6.0480030721966216 20.175000000000001 1.0000000000000002 34.525000000000006 0.32642263981471425 0.17102932185637587 3.5000000000000004 -0.59999999999999998 5.4296703296703308
decision_type=2 2 2 2 2 2 2 2 2 2 2 2 2 2 2 2 2 2 2 2 2 2 2 2 2 2 2 2 2 2
left_child=1 -1 3 -3 7 -6 -7 8 9 10 -4 12 13 14 -9 -16 -17 28 -19 -20 23 -22 -23 -10 -13 -26 -12 -28 -15 -30
right_child=-2 2 4 -5 5 6 -8 11 20 -11 26 24 -14 17 15 16 -18 18 19 -21 21 22 -24 -25 25 -27 27 -29 29 -31
leaf_value=0.00065740956348405918 -0.00050816539425645136 0.0037124194274536985 0.079491104385991967 0.088070051294280749 -0.027944380090983857 0.079360342921639113 0.013817033803938453 -0.023710418237703715 -0.041692907447949762 0.10833646326235347 -0.059447710120762144 -0.026103226940355585 0.049807764326290749 -0.019644286609772368 0.0027953845404744193 0.12268541965277602 0.011085659552660301 0.064561113337228512 0.0015848688684934515 0.073552266216799375 -0.019219111231668612 0.10219085649185805 -0.0057321372355994037 -0.007666566844865063 0.080453437460217075 -0.026000966799385912 -0.011258524684861312 0.048746894856252873 0.073044923158047961 -0.0029696034870711156
leaf_weight=21674.17181058228 22283.696231633425 11.323299378156664 3.757384628057479 5.1481699198484412 7.8017785251140586 7.8367392420768764 19.209626421332359 7.044252663850787 69.11536081135273 4.2894576191902152 7.3850369602441779 63.41190031170845 10.762990355491636 90.981948405504227 7.2345796227455166 6.8756597489118558 3.8814676403999329 7.6332628279924384 80.95249006152153 4.6452516615390769 37.04646310210228 5.0374559760093671 7.4246784448623657 34.039079576730728 4.4328186064958555 4.9798701256513596 39.008810341358185 6.5124537646770468 4.2975881695747367 130.92998972535133
leaf_count=115352 119080 60 20 27 42 41 102 38 373 23 40 342 58 490 39 37 21 41 436 25 199 27 40 183 24 27 210 35 23 705
internal_value=-3.17095e-06 0.000499939 -0.00442509 0.0300785 -0.00526515 0.0192071 0.0328083 -0.00659418 -0.0148852 0.00332452 -0.00462491 -0.00245673 0.00105975 -0.000463357 0.0295484 0.0504007 0.0824172 -0.00281551 0.0103268 0.00549042 -0.0221557 -0.00484315 0.0378926 -0.0304648 -0.0196102 0.0241327 -0.0105988 -0.00267391 -0.00823205 -0.00055383
internal_weight=44650.9 22367.2 693 16.4715 676.528 34.8481 27.0464 641.68 213.616 60.9531 56.6637 428.064 355.239 344.476 25.036 17.9917 10.7571 319.441 93.231 85.5977 152.663 49.5086 12.4621 103.154 72.8246 9.41269 52.9063 45.5213 226.21 135.228
internal_count=238160 119080 3728 87 3641 185 143 3456 1150 328 305 2306 1913 1855 135 97 58 1720 502 461 822 266 67 556 393 51 285 245 1218 728
is_linear=0
shrinkage=0.05


Tree=25
num_leaves=31
num_cat=0
split_feature=144 2 95 93 87 88 77 138 5 57 135 43 116 91 86 113 87 8 84 144 68 61 124 114 32 130 2 2 5 97
split_gain=4.5292 7.76979 9.48352 11.0331 6.60125 5.91158 5.50712 4.45991 11.304 11.4925 10.5138 13.2365 15.0654 11.2549 9.81822 9.1894 8.96852 13.2081 14.3491 8.36312 10.6426 8.3394 8.02304 7.84143 7.79795 7.40202 7.30201 6.6725 6.33501 8.05077
threshold=78.500000000000014 25.015770026113049 0.23966649938169982 0.6000000000000002 93.500000000000014 -1.2999999999999998 768.70000000000016 4.5000000000000009 76.500000000000014 0.075000000000000025 25.025000000000002 1.5000000000000002 133.50000000000003 0.70000000000000007 1.3674598796801485 19.500000000000004 -179.83333333333329 5.5000000000000009 1.5508054040544847 13.500000000000002 2.5000000000000004 55.500000000000007 2.7647219385101995 34.500000000000007 3.3249663890826393 0.063108220704913467 21.184752756770298 22.9294025123213 70.500000000000014 5.1000000000000005
decision_type=2 2 2 2 2 2 2 2 2 2 2 2 2 2 2 2 2 2 2 2 2 2 2 2 2 2 2 2 2 2
left_child=7 2 4 -4 6 -6 -2 -1 9 -9 11 12 13 14 -10 16 17 26 -19 25 24 -12 -22 -17 -21 27 -11 -13 -18 -30
right_child=1 -3 3 -5 5 -7 -8 8 10 15 21 19 -14 -15 -16 23 28 18 -20 20 22 -23 -24 -25 -26 -27 -28 -29 29 -31
leaf_value=6.1580320655412328e-05 0.0029559969815252949 0.049376567491810824 -0.031459952016191256 0.055946369554168485 -0.040223292640530178 0.047385721589278063 -0.059248908466695741 0.066991663839107027 0.092384516350116089 0.035829984368470423 0.0042175604087409139 -0.026087172158104768 -0.028397863650059193 0.14576343645313203 -0.012454625191432289 0.085780483329445989 -0.023780349711831576 0.0091090672653204342 0.12327100167406371 0.059383035861652625 0.12675839724274515 -0.065492775734600578 0.024472374539760897 -0.012309536483875621 -0.025879118679066077 -0.039128891673630914 -0.04337828920605169 0.066220696992154021 0.0015661069450406554 -0.019679113948217111
leaf_weight=44196.453893899918 4.3099149912595776 4.3095357716083518 7.1113764792680723 7.3335826098918915 3.7629181295633316 3.9433541595935813 20.396784022450447 4.8621643483638755 5.6162437647581118 4.3677864819765118 11.992776513099672 3.7183526307344463 3.9254110455512992 4.674178645014762 3.7073424458503723 4.5318382233381254 109.31446018815041 6.5836541056632978 4.7299149632453918 3.9158987104892757 3.8556944280862799 6.6798323243856421 3.8129704743623734 3.7016450166702271 8.5084106475114805 12.821382224559782 8.7157565951347333 4.1345988363027573 94.096062153577805 84.75855053961277
leaf_count=235723 23 23 38 39 20 21 109 26 29 23 64 20 21 24 20 23 590 35 25 20 20 37 20 20 45 69 47 22 506 458
internal_value=-3.22293e-06 -0.0148706 -0.0207794 0.0129155 -0.0357957 0.00460686 -0.0483977 1.38339e-05 -0.00522212 -0.00930348 0.0119584 0.0223553 0.0581667 0.0824421 0.0506973 -0.0104598 -0.0118333 0.0172748 0.0568373 0.00661094 0.0295826 -0.0207202 0.0759003 0.0416807 0.000993841 -0.0157147 -0.0169355 0.0225132 -0.0142977 -0.00850193
internal_weight=44650.6 51.1675 46.8579 14.445 32.413 7.70627 24.7067 44599.5 403.025 325.662 77.3631 58.6905 17.9232 13.9978 9.32359 320.8 312.566 24.3971 11.3136 40.7673 20.093 18.6726 7.66866 8.23348 12.4243 20.6743 13.0835 7.85295 288.169 178.855
internal_count=238160 273 250 77 173 41 132 237887 2164 1753 411 310 94 73 49 1727 1684 130 60 216 105 101 40 43 65 111 70 42 1554 964
is_linear=0
shrinkage=0.05


Tree=26
num_leaves=31
num_cat=0
split_feature=121 144 49 95 24 2 78 124 131 97 119 137 92 73 75 66 0 3 118 9 53 57 2 34 102 125 40 127 57 53
split_gain=4.34497 4.59933 7.56161 7.90277 10.174 9.46086 5.78998 4.48116 10.706 10.8035 11.7069 10.6242 10.9534 11.4396 11.3396 10.7281 10.1013 9.58087 10.4819 16.2769 13.2429 12.228 9.7424 12.6563 11.7382 8.98329 8.93752 8.26365 10.2438 10.217
threshold=28.500000000000004 78.500000000000014 16.500000000000004 0.23966649938169982 5.5000000000000009 22.139444402629458 51.857866906868502 0.99979989991591423 332.50000000000006 7.1000000000000005 0.35696455242678427 3.5000000000000004 6.2000000000000011 0.57894736842105254 770.83333333333337 1.0000000180025095e-35 700.50000000000011 8.5000000000000018 0.33070498891998673 6.5000000000000009 5.5750000000000002 0.17500000000000002 23.723695958176908 13.500000000000002 40.500000000000007 1.5000000000000002 1.0000000180025095e-35 -10.499999999999998 0.32500000000000001 6.0250000000000012
decision_type=2 2 2 2 2 2 2 2 2 2 2 2 2 2 2 2 2 2 2 2 2 2 2 2 2 2 2 2 2 2
left_child=1 7 3 4 -3 -6 -4 8 9 11 -11 12 13 -1 27 -16 -13 18 22 20 -20 -22 23 24 -17 -25 -10 28 -14 -29
right_child=-2 2 6 -5 5 -7 -8 -9 26 10 -12 16 14 -15 15 17 -18 -19 19 -21 21 -23 -24 25 -26 -27 -28 29 -30 -31
leaf_value=0.0023066862728215536 0.039113617419571353 -0.043986162068025865 0.01229920197989025 0.047145909119631568 -0.026486927220826052 0.084392253226814901 -0.047830234144933759 -0.0001447295727861051 -0.039902270813852704 0.0024035107387339483 0.12116917740829203 0.039802884169597041 0.033117015439413297 -0.013225194052693585 -0.026789418577251041 0.099297471678268537 -0.035639447216428873 -0.015360992853178887 0.11753556417815342 0.0032288172522651109 0.10755281323473993 0.01608632574277459 -0.036238961533233499 -0.02554579453616948 0.0047065319289826529 0.029010300009465348 -0.0055499034712344769 -0.0045149398122061894 0.11275142242208645 0.048919909447269989
leaf_weight=3102.804108068347 7.0978957563638678 11.257903084158903 5.0620153695344952 7.4298938065767279 3.7373132258653632 3.9647974669933319 19.146132558584213 40820.842408373952 20.678725376725197 4.3321998566389066 3.9822055548429489 5.1824079751968375 45.546900242567062 123.25927382707596 23.519812479615211 6.8911210596561414 30.846517726778984 29.846717938780785 7.2570331990718868 24.07019130885601 4.8428988903760937 14.884885489940642 12.9165131598711 19.18616741895676 6.2583622932434082 12.436546891927717 224.41661131381989 31.813716769218445 4.4311828613281241 12.445127278566359
leaf_count=16472 38 61 27 39 20 21 104 217831 111 23 21 28 236 656 124 36 166 157 37 126 25 77 68 101 33 65 1202 167 23 65
internal_value=-3.24609e-06 -9.46533e-06 -0.0150757 0.00343712 -0.0136911 0.0305901 -0.0352569 7.62987e-06 0.00165654 0.00235878 0.0592866 0.00222425 0.00250372 0.00171325 0.0124515 0.00443364 -0.0247878 0.00973242 0.0166198 0.0331209 0.0597844 0.0385401 0.00201612 0.0130525 0.0542779 -0.00409003 -0.00844822 0.0262442 0.0401776 0.0105104
internal_weight=44650.4 44643.3 50.5981 26.3899 18.96 7.70211 24.2081 44592.7 3771.85 3526.75 8.31441 3518.44 3482.41 3226.06 256.347 162.11 36.0289 138.59 108.744 51.055 26.9848 19.7278 57.6887 44.7722 13.1495 31.6227 245.095 94.2369 49.9781 44.2588
internal_count=238160 238122 272 141 102 41 131 237850 20019 18706 44 18662 18468 17128 1340 849 194 725 568 265 139 102 303 235 69 166 1313 491 259 232
is_linear=0
shrinkage=0.05


Tree=27
num_leaves=31
num_cat=0
split_feature=135 122 123 123 81 83 64 64 135 124 84 81 132 51 53 6 75 80 85 10 135 76 81 102 132 53 86 124 73 73
split_gain=4.30164 6.84292 6.98729 6.42427 9.14494 10.6657 13.1621 12.4461 11.0007 11.2955 9.92745 9.73004 10.4334 9.6647 9.58678 9.71256 13.7398 8.69731 12.7884 10.3748 9.96923 13.4718 9.15914 8.17311 14.5497 8.06232 7.91405 7.70509 9.7436 9.44679
threshold=31.825000000000006 14.500000000000002 10.100000000000001 7.1000000000000005 6.5000000000000009 4.7000000000000002 -6.9999999999999991 -8.9999999999999982 45.225000000000009 9.5812314262155969 2.2858235352772929 6.3000000000000016 4.984250992063493 1.7250000000000003 5.8250000000000002 42.750000000000007 811.50000000000011 1.5716104840279017 4.5000000000000009 6.5000000000000009 38.125000000000007 86.621781881935405 5.3000000000000016 7.5000000000000009 4.7875564152159908 6.2250000000000005 1.5716104840279017 4.9071308882720812 -0.44736842105263158 -0.31578947368421079
decision_type=2 2 2 2 2 2 2 2 2 2 2 2 2 2 2 2 2 2 2 2 2 2 2 2 2 2 2 2 2 2
left_child=-1 3 -3 27 5 6 7 26 9 13 11 12 -7 -8 17 -16 25 18 -15 23 21 22 -19 -20 -25 -17 -5 -2 -29 -30
right_child=1 2 -4 4 -6 10 8 -9 -10 -11 -12 -13 -14 14 15 16 -18 20 19 -21 -22 -23 -24 24 -26 -27 -28 28 29 -31
leaf_value=0.00026752024242982582 -0.00073623724950779717 -0.052650836595486729 0.018627817678795903 -0.022087280032749637 -0.036033313841096891 0.0060935758948511077 -0.057903284787396647 0.11917140041617258 0.093816213081633473 0.072491324391017978 0.061420408953946563 0.063739318172450349 -0.013929972056368374 0.071977734977985125 -0.02592610732839952 -0.06616155103944478 0.090968233288127837 0.090797223656996898 -0.03516793119081417 -0.06649683036592495 0.084127971310151511 -0.047544532107874432 0.0033018989706443077 -0.030358807524485134 0.063860256819354574 0.036016423977930707 0.073873003627619616 -0.027128593184365658 0.021131031075672824 -0.0061416179348275143
leaf_weight=34228.301526486874 9334.9798005372286 12.215549275279047 4.7849702388048163 4.405078321695326 13.085321605205534 162.62462678551674 5.6285337656736365 5.8672623336315146 4.0271574556827536 6.7630678266286841 6.617168888449668 5.7629361301660529 108.43280249834061 6.0998500585556021 28.16298708319664 3.8723495751619321 5.0307296216487885 6.3161589056253487 7.8959582298994127 5.9621633589267722 9.5660039037466031 5.1153703331947318 5.6816314458847046 6.8093884289264706 10.288449689745901 3.8499901741743088 4.1944841146469116 52.140878468751907 33.690136671066284 551.90874446928501
leaf_count=182426 49919 69 27 23 70 866 30 30 21 35 35 31 582 32 150 21 26 33 42 32 50 27 30 36 54 20 21 280 181 2961
internal_value=-3.28321e-06 -0.000892684 -0.0325887 -0.000840896 0.00512809 0.00641364 0.0179501 0.0630251 0.012564 0.0097683 0.000897039 -0.000549724 -0.00191657 0.00592171 0.00935447 -0.00953312 0.026668 0.0214798 0.00580751 -0.00723128 0.0432476 0.0203961 0.0493632 0.00690626 0.0263366 -0.0152205 0.0247179 -0.0010995 -0.00641675 -0.00457259
internal_weight=44650.1 10421.8 17.0005 10404.8 432.059 418.974 135.537 14.4668 121.07 117.043 283.438 276.82 271.057 110.28 104.651 40.9161 12.7531 63.735 37.0558 30.956 26.6792 17.1132 11.9978 24.9938 17.0978 7.72234 8.59956 9972.72 637.74 585.599
internal_count=238160 55734 96 55638 2297 2227 713 74 639 618 1514 1479 1448 583 553 217 67 336 196 164 140 90 63 132 90 41 44 53341 3422 3142
is_linear=0
shrinkage=0.05


Tree=28
num_leaves=31
num_cat=0
split_feature=130 114 101 108 82 4 73 55 116 95 53 87 75 8 121 82 102 82 131 102 31 53 52 73 4 109 52 100 84 50
split_gain=4.14635 13.8795 14.0567 13.8311 12.4175 12.0643 11.8925 9.45722 8.72915 8.8018 8.45542 18.5194 8.52822 9.45426 8.28543 14.5035 7.94161 10.0968 8.33555 8.17209 8.87546 10.6205 7.64456 7.72255 10.9393 10.655 12.3854 12.2764 9.21297 11.1161
threshold=-0.14924589282918135 32.500000000000007 -0.99999999999999989 1.0000000180025095e-35 2.2956439237389605 60.500000000000007 -0.23684210526315791 8.5000000000000018 118.50000000000001 0.16661896972605933 5.4750000000000005 70.500000000000014 757.50000000000011 2.5000000000000004 15.500000000000002 1.4849232860754917 9.5000000000000018 1.0977225575051663 251.50000000000003 1.5000000000000002 3.7105263157894739 5.6750000000000016 2.6750000000000003 -0.60526315789473684 66.500000000000014 1.0000000180025095e-35 3.4250000000000003 -1.0000000180025095e-35 1.4849232860754917 1.4750000000000003
decision_type=2 2 2 2 2 2 2 2 2 2 2 2 2 2 2 2 2 2 2 2 2 2 2 2 2 2 2 2 2 2
left_child=1 5 3 4 6 -1 -3 -8 9 -4 11 -10 -12 -14 16 -16 17 18 -7 20 -19 -22 -18 25 -25 26 28 -27 29 -24
right_child=-2 2 8 -5 -6 14 7 -9 10 -11 12 -13 13 -15 15 -17 22 19 -20 -21 21 -23 23 24 -26 27 -28 -29 -30 -31
leaf_value=0.089645436166368206 -9.0828370860271846e-05 0.1281076281563337 0.0082493827724459349 -0.0070309292975682461 -0.029673027608269998 0.088864212878109652 0.10282911396001843 0.033796941026378348 0.0032740673161649851 0.08816080410262668 -0.04397640146728117 0.11741084432300981 0.076892749002023975 -0.0046017129709183804 -0.013972113294218842 0.089758103574696935 -0.037878673841272553 -0.029709321063888669 -0.0084729235864442823 -0.018103967720803103 -0.0026030531362173301 0.10383480959543126 0.10590696081056737 -0.06011989335969449 0.0017410983613542635 0.0087449844900026226 -0.042945007464531698 0.12027473864441154 -0.0063824946302722856 0.0070936939479357593
leaf_weight=3.8203573673963538 43224.025240927935 5.8895960748195604 7.9024956673383695 12.494931995868681 3.9940507411956778 4.5005064755678159 6.4687019437551561 21.291430354118347 15.66909219324589 6.1101002842187881 13.047040462493895 4.5965492129325858 3.8114517629146567 53.701914742588997 6.5212907940149289 6.9729840755462646 12.06965236365795 5.423338681459426 4.3018391579389572 124.35563276708126 4.6839742064475995 4.6906368136405945 6.0688992738723808 7.1956584602594367 1046.6912000775337 4.5926376134157181 8.3163377791643125 5.3318276405334455 9.8688429594039899 5.3598174154758453
leaf_count=20 230621 31 41 66 21 24 34 112 83 32 69 24 20 284 34 36 64 29 23 662 25 25 32 38 5534 24 44 28 52 28
internal_value=-3.3197e-06 0.00264967 0.0167762 0.0385509 0.0536807 0.000926854 0.0635743 0.0498829 0.00636253 0.0430942 0.000695579 0.029162 -0.00748025 0.000798983 0.000659331 0.0396291 0.000239794 -0.010639 0.0412941 -0.0139241 0.0212013 0.0506537 0.00169578 0.00213262 0.00131873 0.0238268 0.00880082 0.0686633 0.0290067 0.0595657
internal_weight=44649.8 1425.74 154.977 50.1387 37.6438 1270.77 33.6497 27.7601 104.839 14.0126 90.826 20.2656 70.5604 57.5134 1266.95 13.4943 1253.45 147.956 8.80235 139.154 14.7979 9.37461 1105.49 1093.43 1053.89 39.5384 29.6139 9.92447 21.2976 11.4287
internal_count=238160 7539 817 264 198 6722 177 146 553 73 480 107 373 304 6702 70 6632 788 47 741 79 50 5844 5780 5572 208 156 52 112 60
is_linear=0
shrinkage=0.05


Tree=29
num_leaves=31
num_cat=0
split_feature=105 117 70 91 26 132 99 127 126 79 85 141 123 73 36 124 96 119 52 40 88 24 91 98 132 127 77 131 120 85
split_gain=4.08833 6.76505 7.43776 9.69304 7.57466 6.51979 7.43042 6.49475 9.75214 10.0837 9.1773 6.58179 8.72709 10.4403 12.96 16.1434 13.2814 8.92639 8.34293 10.0876 9.50212 9.35378 9.165 10.1627 9.37055 8.43861 8.02084 16.0815 19.171 12.0481
threshold=1.0000000180025095e-35 280.50000000000006 3.5000000000000004 -3.2999999999999998 8.5000000000000018 4.6173341677096378 5.7000000000000002 -2.4999999999999996 27.500000000000004 5.5000000000000009 5.5000000000000009 1.5000000000000002 5.9000000000000012 0.34210526315789491 2.5000000000000004 3.8884308119283246 5.1000000000000005 0.16196229239866786 2.8250000000000006 3.5000000000000004 -0.8999999999999998 5.5000000000000009 -0.49999999999999994 4.7000000000000002 4.8686367558239869 -7.4999999999999991 770.90000000000009 307.50000000000006 0.59705909144890212 3.7000000000000006
decision_type=2 2 2 2 2 2 2 2 2 2 2 2 2 2 2 2 2 2 2 2 2 2 2 2 2 2 2 2 2 2
left_child=1 -1 3 -3 -5 -4 -7 8 11 10 -10 -2 26 17 -15 16 -16 -14 20 -20 -19 22 23 -21 -25 -22 27 28 -13 -30
right_child=7 2 5 4 -6 6 -8 -9 9 -11 -12 12 13 14 15 -17 -18 18 19 21 25 -23 -24 24 -26 -27 -28 -29 29 -31
leaf_value=0.00055800329799667199 0.00015895418390926325 0.060380234250791726 0.026458900590596014 -0.0088292120737930666 0.053907321189697856 -0.060284069596708872 0.013009105213623674 -0.022577561304702936 -0.013638263528766069 0.085737276200622492 0.05738840096978827 -0.0016754159620064513 0.066099195020572696 -0.0097222479737847436 0.028117346121209669 0.013710172779784455 0.15972502173901795 0.061335973143904578 -0.015197841054240841 -0.030309557178256976 0.047269511897349285 0.061853346482875562 -0.028000178260093024 -0.012827120295033285 0.083860940184495775 -0.034154038176448923 -0.001949344548902991 0.013420028487801701 0.086781653488499894 0.0190138374368643
leaf_weight=22165.563088670373 14235.691889747977 5.4927218407392493 3.7546636462211636 171.35052391886711 4.9502961784601203 16.659280568361286 4.3638233691453925 33.210650265216827 12.293512493371969 6.2221518009901038 7.218266323208808 1010.2303613871336 3.7619692534208289 39.58855240046978 3.7071824967861167 26.157399728894234 3.9697897136211395 8.2109634131193179 394.13876891136169 5.55836093425751 4.8373595774173728 7.4131721556186667 15.62071545422077 3.7271044850349409 7.647759273648262 9.299223840236662 6141.253854945302 262.77641062438488 8.7568260133266431 26.127005979418755
leaf_count=117975 75973 29 20 917 26 90 23 180 66 33 38 5401 20 212 20 140 21 44 2118 30 26 40 84 20 41 50 32937 1402 46 138
internal_value=-3.36614e-06 0.000474067 -0.00853244 -0.00502978 -0.00706765 -0.0342313 -0.0450704 -0.00048283 -0.000449842 0.0303122 0.0126376 -0.000485471 -0.00163468 -0.00781139 0.00969784 0.0324207 0.0961721 -0.0106048 -0.011237 -0.0127707 0.018556 0.0111646 -0.000378265 0.0251026 0.05218 -0.00629193 -0.00119219 0.00236305 -0.000417035 0.0360255
internal_weight=44649.6 22372.1 206.571 181.794 176.301 24.7778 21.0231 22277.4 22244.2 25.7339 19.5118 22218.5 7982.78 533.638 73.4229 33.8344 7.67697 460.215 456.453 434.106 22.3475 39.9671 32.5539 16.9332 11.3749 14.1366 7449.14 1307.89 1045.11 34.8838
internal_count=238160 119080 1105 972 943 133 113 119080 118900 137 104 118763 42790 2866 393 181 41 2473 2453 2333 120 215 175 91 61 76 39924 6987 5585 184
is_linear=0
shrinkage=0.05


Tree=30
num_leaves=31
num_cat=0
split_feature=135 69 127 123 87 81 51 79 133 49 115 137 85 11 131 46 3 144 87 65 132 87 78 87 130 124 100 56 136 138
split_gain=4.13465 6.48628 7.13865 8.73785 11.3776 7.46608 7.24129 7.24369 7.65538 14.1192 9.67476 6.84891 8.95006 8.70897 8.61064 16.6226 12.1198 8.26835 9.3044 9.02987 7.90238 6.92805 10.2723 6.8712 6.77959 7.52414 8.33638 10.8602 6.45663 6.32316
threshold=16.925000000000001 1.0000000180025095e-35 -4.4999999999999991 6.6333333333333337 -109.8333333333333 4.9000000000000012 1.675 4.3000000000000016 7.5000000000000009 16.500000000000004 40.500000000000007 1.5000000000000002 5.3000000000000016 5.5000000000000009 241.50000000000003 2.5000000000000004 10.500000000000002 64.500000000000014 30.166666666666689 1.0000000180025095e-35 4.8481554677206864 -128.16666666666666 101.1396980076854 -74.8333333333333 -0.11168784824959173 1.2123724356957948 -1.7999999999999998 3.5000000000000004 1.0000000180025095e-35 4.5000000000000009
decision_type=2 2 2 2 2 2 2 2 2 2 2 2 2 2 2 2 2 2 2 2 2 2 2 2 2 2 2 2 2 2
left_child=1 11 3 6 -5 -4 -3 29 9 -9 -11 13 24 -1 16 -16 20 18 19 -14 23 22 -21 28 -13 26 -26 -28 -15 -8
right_child=-2 2 5 4 -6 -7 7 8 -10 10 -12 12 17 14 15 -17 -18 -19 -20 21 -22 -23 -24 -25 25 -27 27 -29 -30 -31
leaf_value=-0.01011528259631761 7.3501118070839482e-05 0.063211198148755796 0.082249013913256758 0.054420097882949339 -0.039121601568549935 0.003870913886916386 0.014232308689338372 -0.010492361749876541 -0.003715258897472123 0.010181229687326458 0.11167841775882564 -0.045287762667972374 -0.029424498295353926 -0.013868203072223462 -0.027473167492984216 0.058407159102423625 0.10625056302778418 0.053972910346497184 0.048064816477279962 0.0068966605404963775 0.063453841396505548 -0.026676265726570877 0.090897278788455202 -0.036811837429149362 0.064628734176092273 -0.018177276431702024 0.063958969899161847 -0.016986963380278365 0.078658394964530448 -0.036334115323255804
leaf_weight=61.20711362361908 43537.113588094711 4.5907874405384055 5.3472140282392484 3.7226814031600979 25.640892863273621 7.0368590205907822 110.31408315896988 11.579646185040476 482.47044795751572 3.9122641533613187 5.871526300907135 18.937914773821831 30.074837297201157 3.7664756774902379 19.283402591943744 7.9604423493146887 5.1772694140672675 6.9755565524101248 8.2266425490379316 33.2420843988657 7.3001089394092551 12.686295583844183 4.0869513899087897 6.8183514475822466 5.3516918122768393 180.89075802266598 4.992552965879443 24.371232554316521 3.775298535823822 6.5493416488170615
leaf_count=329 232184 24 28 20 138 37 586 62 2590 21 31 102 164 20 104 42 27 36 43 177 39 69 21 37 29 986 27 132 20 35
internal_value=-3.40065e-06 -0.00301383 0.000105423 -0.000606004 -0.0272625 0.0377131 0.000645787 0.000183042 -0.00241835 0.026871 0.0710925 -0.00768814 -0.0113549 0.00280236 0.017422 -0.0023796 0.0375235 0.00156671 -0.00257251 -0.00777384 0.0210962 0.00524497 0.0160934 -0.000436721 -0.0166048 -0.0140854 0.00723592 -0.0032242 0.0324492 0.0113984
internal_weight=44649.3 1112.16 667.036 654.652 29.3636 12.3841 625.288 620.697 503.834 21.3634 9.78379 445.125 329.837 115.288 54.0813 27.2438 26.8375 95.2924 88.3168 80.0902 21.6602 50.0153 37.329 14.3601 234.544 215.606 34.7155 29.3638 7.54177 116.863
internal_count=238160 5976 3572 3507 158 65 3349 3325 2704 114 52 2404 1786 618 289 146 143 510 474 431 116 267 198 77 1276 1174 188 159 40 621
is_linear=0
shrinkage=0.05


Tree=31
num_leaves=31
num_cat=0
split_feature=135 89 116 120 84 75 83 83 122 75 102 100 122 123 53 128 132 63 98 99 132 51 76 134 100 135 61 82 91 87
split_gain=4.11049 11.1162 8.9377 11.8552 9.01707 9.00674 10.3581 8.50368 8.42789 10.5956 8.8598 9.11225 8.01207 10.568 8.80458 11.7428 8.11545 10.2139 9.38118 9.55997 9.57262 9.71821 8.53101 7.79775 8.34123 7.70903 11.39 9.17566 15.3937 10.1698
threshold=41.675000000000004 -2.6999999999999997 119.50000000000001 0.32913021531782366 0.96159700515946589 846.16666666666686 4.5000000000000009 3.5000000000000004 6.8333333333333348 877.50000000000011 79.500000000000014 2.2000000000000006 4.8333333333333348 6.6333333333333337 5.9250000000000016 -29.499999999999996 5.7113247863247869 -4.9999999999999991 4.5000000000000009 5.7000000000000002 5.7961073318216192 1.925 22.303345631580989 7.5000000000000009 -1.3999999999999997 40.675000000000004 -228.49999999999997 1.126907828954975 2.7000000000000006 172.83333333333334
decision_type=2 2 2 2 2 2 2 2 2 2 2 2 2 2 2 2 2 2 2 2 2 2 2 2 2 2 2 2 2 2
left_child=25 8 3 4 5 6 -3 -6 9 10 11 -2 14 -14 15 -4 22 -18 -19 20 -20 -22 -17 24 -15 -1 -27 28 -28 -29
right_child=1 2 12 -5 7 -7 -8 -9 -10 -11 -12 -13 13 23 -16 16 17 18 19 -21 21 -23 -24 -25 -26 26 27 29 -30 -31
leaf_value=8.6578143844936051e-06 0.01632045206350427 0.084984324536935246 0.072919619797641166 -0.015717394832587803 0.070017865490977091 0.10778855300243616 -0.016483823064393052 0.0025849596448608565 -0.03332290363192119 0.097884952741588357 0.069624591679532985 -0.030205909752018402 -0.021707597238760604 0.086706825554873967 0.0048726162106585702 -0.037527381489787334 0.071850277723818301 -0.066138569539672495 0.099395685289323923 -0.054204878077726129 0.058750904103741113 -0.030024927377731644 -0.0098914147262829395 -0.052860370288784757 0.0089788826055190712 -0.030804065607747275 0.018678800488500336 0.0076657904379160676 0.10807205414153842 -0.026272822941881525
leaf_weight=42942.731126502156 70.958841517567635 3.9160187989473325 4.3004296272993079 83.986857235431671 4.7391646802425376 3.9624722748994818 7.030831441283226 346.57259128987789 8.9952917993068677 3.9129286110401145 6.594651296734809 12.356175556778906 157.61322823166847 4.2141398191452089 165.82288680970669 31.097753807902336 6.1456733345985439 4.4253171831369427 3.9177313446998658 4.0932727605104438 5.5899107307195646 6.8731767535209656 273.69522905349731 3.9587173908948889 19.07400007545948 19.595778375864029 42.227415353059769 371.68444700539112 5.4357825368642798 23.466693788766861
leaf_count=229023 377 20 23 453 25 20 38 1851 48 20 35 66 855 22 887 167 33 24 21 22 30 37 1467 22 101 105 226 1988 29 125
internal_value=-3.40871e-06 -0.0028374 -0.00425629 0.00122535 0.00511089 0.0431954 0.0198144 0.00349462 0.0129089 0.0173414 0.0138361 0.00942028 -0.00782868 -0.016737 -0.00457389 -0.00917922 -0.0102305 0.0141233 -0.000124832 0.0141435 0.0312226 0.00979257 -0.0127111 0.012016 0.0230443 7.7804e-05 0.00649922 0.00814999 0.0288737 0.00565029
internal_weight=44649 1243.85 1141.03 450.208 366.221 14.9093 10.9469 351.312 102.818 93.8226 89.9097 83.315 690.821 184.86 505.961 340.138 335.838 31.0451 24.8994 20.4741 16.3808 12.4631 304.793 27.2469 23.2881 43405.1 462.41 442.814 47.6632 395.151
internal_count=238160 6664 6118 2407 1954 78 58 1876 546 498 478 443 3711 1000 2711 1824 1801 167 134 110 88 67 1634 145 123 231496 2473 2368 255 2113
is_linear=0
shrinkage=0.05


Tree=32
num_leaves=31
num_cat=0
split_feature=135 135 75 92 81 131 131 124 43 105 76 124 76 25 117 86 120 73 75 76 2 11 86 119 112 117 135 64 53 79
split_gain=3.97666 11.5242 10.7694 14.7416 10.6294 12.2895 11.0048 10.5081 18.9478 12.0447 9.78058 12.6596 12.1631 11.7915 10.8517 9.74659 9.34979 11.9386 13.9188 10.1013 9.86346 14.6169 17.9596 12.8555 11.2711 13.2886 13.6069 15.6232 14.2933 12.3026
threshold=27.425000000000001 26.525000000000002 816.83333333333337 1.4000000000000001 5.9000000000000012 206.50000000000003 243.50000000000003 0.80824829046386315 2.5000000000000004 1.0000000180025095e-35 42.980604590730259 7.197221149720991 12.360329994614018 1.5000000000000002 281.50000000000006 2.5258630853592012 0.44142415510959321 0.50000000000000011 908.16666666666674 25.610320336273549 22.1729001249081 5.5000000000000009 1.0343628637435078 0.29290014138291431 4.5000000000000009 62.500000000000007 26.825000000000006 3.0000000000000004 5.2250000000000005 4.3000000000000016
decision_type=2 2 2 2 2 2 2 2 2 2 2 2 2 2 2 2 2 2 2 2 2 2 2 2 2 2 2 2 2 2
left_child=1 -1 10 4 15 -6 -7 8 9 -5 11 12 -3 -12 -15 16 19 18 -18 -4 21 22 -21 -23 25 -22 28 -28 -27 -30
right_child=-2 2 3 7 5 6 -8 -9 -10 -11 13 -13 -14 14 -16 -17 17 -19 -20 20 24 23 -24 -25 -26 26 27 -29 29 -31
leaf_value=0.00010794444555555555 -0.00059442142371136074 -0.024702988541925573 -0.011506434457169762 0.15250093106087034 -0.04209682945970028 0.088621382645800204 0.026429436534581248 -0.0049684906885417253 -0.042528777481144135 0.026653614425426991 0.061872478645379606 0.09702106299147123 0.01035912069968694 -0.0042242494182038624 0.051486689806484499 -0.037211300666809451 0.04716271845933611 -0.053371169773119648 -0.053275832723600029 0.1037709103024867 -0.029238762273090548 -0.03780979703969542 0.025585632150153366 0.047910540407625754 -0.0021757436633428827 0.1259249919988408 -0.0072586095589577994 0.040940154845237747 0.070039949504097074 0.012107085067811359
leaf_weight=25562.2293099612 17382.666787654161 27.295777052640915 48.790791943669319 3.858684301376341 3.9855425506830207 11.894234061241152 17.694861426949501 204.68869797885418 4.1308218091726303 3.7480621635913849 6.9863230586051932 3.9647766202688208 263.62449912726879 623.31684912741184 8.8652604222297651 10.15190017223358 43.862131163477898 3.7522217929363242 3.7437824606895438 7.9130256772041312 13.335266202688215 15.573079168796541 102.30584383010864 6.0819714665412894 148.58139100670815 4.9230028390884391 46.223504766821861 26.423722952604294 15.323779746890066 22.797837659716606
leaf_count=136225 92880 145 259 20 21 63 94 1089 22 20 37 21 1400 3314 47 54 233 20 20 42 71 83 544 32 790 26 246 140 81 121
internal_value=-3.43489e-06 0.000373331 0.00435485 0.00873363 0.0130609 0.0403272 0.0514294 -0.00233022 0.043678 0.0904923 0.000746163 0.00827881 0.0070694 -0.00272908 -0.003443 0.0112996 0.012266 0.0324962 0.0392641 0.0099988 0.0125612 0.0238203 0.0311988 -0.0137346 0.00721272 0.018024 0.0234718 0.0102726 0.0457484 0.0353944
internal_weight=44648.7 27266.1 1703.84 769.784 553.358 33.5746 29.5891 216.426 11.7376 7.60675 934.053 294.885 290.92 639.168 632.182 519.783 509.631 51.3581 47.6059 458.273 409.482 131.874 110.219 21.6551 277.609 129.027 115.692 72.6472 43.0446 38.1216
internal_count=238160 145280 9055 4091 2940 178 157 1151 62 40 4964 1566 1545 3398 3361 2762 2708 273 253 2435 2176 701 586 115 1475 685 614 386 228 202
is_linear=0
shrinkage=0.05


Tree=33
num_leaves=31
num_cat=0
split_feature=123 124 118 76 94 9 78 119 135 66 63 42 122 32 4 25 99 95 123 11 53 89 97 87 144 117 93 64 135 9
split_gain=3.95136 9.90295 16.2435 19.4873 14.0071 12.3392 10.2846 9.68321 14.3652 14.3689 16.8807 15.1653 12.8427 14.2568 13.0534 12.8199 12.2513 13.8789 12.2013 15.2645 14.8941 14.0171 11.8196 11.5089 13.7156 11.3659 12.6034 11.1008 16.6574 11.5347
threshold=3.4500000000000006 2.1447407866300323 0.16413783449046224 30.360787917052964 0.13166288453345504 4.5000000000000009 49.069338084268473 0.33752675164064716 23.525000000000002 3.5000000000000004 -1.0000000180025095e-35 2.5000000000000004 1.8333333333333337 2.413604034476565 76.500000000000014 6.5000000000000009 5.5000000000000009 0.21942542447789973 3.6750000000000003 2.5000000000000004 6.1250000000000009 3.9000000000000004 6.7000000000000002 28.166666666666689 38.500000000000007 239.50000000000003 -5.7999999999999989 1.0000000180025095e-35 40.675000000000004 7.5000000000000009
decision_type=2 2 2 2 2 2 2 2 2 2 2 2 2 2 2 2 2 2 2 2 2 2 2 2 2 2 2 2 2 2
left_child=1 -1 3 5 -5 -3 -6 18 -9 10 11 25 13 14 -12 23 -15 -18 19 22 21 -21 -2 24 -13 -10 -27 -22 29 -29
right_child=7 2 -4 4 6 -7 -8 8 9 -11 12 15 -14 16 -16 -17 17 -19 -20 20 27 -23 -24 -25 -26 26 -28 28 -30 -31
leaf_value=-3.3937360522412349e-05 0.0040252002586296538 0.15317286824031684 0.0023711969606402708 0.10422530615423753 -0.057362818012309913 0.046712081462184585 0.015393347248310216 -0.0022014835444354266 0.00098283282653769235 -0.011707241583872654 -0.026341440339176854 0.093621966854718033 0.011823186514651175 -0.037207075685266905 0.096079297325747215 0.0097261906570529806 0.062247983040657706 -0.030529458418325085 -0.00023340976941558001 -0.0089489403754847222 -0.0038846125762653362 0.023936594204031287 -0.055001403185762333 0.00093470980778086936 0.0060471581725588426 -0.035691228470739612 0.038145810694680558 0.0069089329734222556 0.096151743879877599 0.067220849295088703
leaf_weight=15036.57965156436 561.66917291283607 4.2893057167530042 3787.0444174259901 4.0638503432273856 5.4181400686502448 7.4475594162940979 46.919706344604492 424.25609478354454 62.562245965003967 64.963540941476822 3.7321662455797178 24.270568415522579 199.7326889783144 41.196131229400635 5.2271770387887955 14.977224022150038 7.7801347225904491 8.3649142235517484 22444.125705942512 1485.4695139825344 173.73766200244427 33.125856071710587 8.6109981983900052 5.8796285092830649 5.4805011451244345 6.4130938649177542 58.485560461878777 101.94775545597076 6.1489403992891303 8.5960216671228391
leaf_count=80016 2997 22 20189 21 29 39 244 2272 331 350 20 128 1062 222 28 79 42 45 119916 7931 928 177 46 31 29 34 309 544 33 46
internal_value=-3.51304e-06 0.00054571 0.00280654 0.0270024 0.0148047 0.0856188 0.00786145 -0.000406351 0.00459341 0.0102563 0.0134691 0.0253842 0.00549376 -0.0135738 0.0450829 0.0485412 -0.0227387 0.014179 -0.000594334 -0.00399895 -0.00624753 -0.00823159 0.00313392 0.0648569 0.0774896 0.0161899 0.0308495 0.00412667 0.0160542 0.0115989
internal_weight=44648.5 18891.8 3855.18 68.1386 56.4017 11.7369 52.3378 25756.8 933.322 509.066 444.102 178.069 266.033 66.3005 8.95934 50.6079 57.3412 16.145 24823.4 2379.31 1809.03 1518.6 570.28 35.6307 29.7511 127.461 64.8987 290.43 116.693 110.544
internal_count=238160 100560 20544 355 294 61 273 137600 4982 2710 2360 941 1419 357 48 267 309 87 132618 12702 9659 8108 3043 188 157 674 343 1551 623 590
is_linear=0
shrinkage=0.05


Tree=34
num_leaves=31
num_cat=0
split_feature=138 5 75 135 43 116 91 80 113 88 87 8 84 117 114 5 97 59 61 5 126 54 132 17 70 130 83 130 120 48
split_gain=3.84671 10.1819 10.0507 9.67802 8.7611 10.7649 9.84814 8.43087 7.70204 8.56597 8.1526 11.8671 14.5128 6.86202 6.84899 6.48542 7.21983 10.781 11.5774 9.33424 9.76876 7.4019 8.49442 6.87352 8.38989 6.75007 6.66518 10.1562 6.78829 8.37683
threshold=4.5000000000000009 76.500000000000014 883.50000000000011 25.025000000000002 1.5000000000000002 133.50000000000003 0.50000000000000011 1.7958236433584462 19.500000000000004 -4.0999999999999988 -169.99999999999997 5.5000000000000009 1.5508054040544847 245.50000000000003 34.500000000000007 70.500000000000014 5.1000000000000005 0.32500000000000001 -5.4999999999999991 71.500000000000014 9.5000000000000018 5.4750000000000005 4.7731560891938258 10.500000000000002 1.5000000000000002 0.20120247752638051 5.1000000000000005 -0.053703831474206994 0.40023787661605698 4.5000000000000009
decision_type=2 2 2 2 2 2 2 2 2 2 2 2 2 2 2 2 2 2 2 2 2 2 2 2 2 2 2 2 2 2
left_child=-1 8 3 4 5 6 -3 -6 9 -2 11 -11 -13 -9 -10 23 17 21 -19 20 -18 -17 -23 -12 -25 26 27 -21 -29 -30
right_child=1 2 -4 -5 7 -7 -8 13 14 10 15 12 -14 -15 -16 16 19 18 -20 25 -22 22 -24 24 -26 -27 -28 28 29 -31
leaf_value=4.0588242641063734e-05 0.039620558022825991 0.031668565429559807 0.082737889500782258 -0.026714822614479647 -0.0089680538647667288 -0.027356396451051448 0.11834538436038891 0.090579046474043856 0.078499213231865983 -0.014421227089083147 -0.033985327930133258 0.0028897747089315735 0.11048340869354262 0.0020734260043969786 -0.012421140815736528 -0.038378957312768469 -0.014362278456373343 0.0039595060178270322 0.095252746237502267 0.04353823229584633 0.075453341529939308 0.060881959356127419 -0.0042516305818538101 -0.034161318274980895 0.014278132504658007 0.024482134157010629 -0.048575664810861126 -0.045477924187396594 -0.029390915670805665 0.062676702198726675
leaf_weight=44246.98800997436 8.4514540433883649 7.9902119338512438 4.6403127014636985 16.594351828098297 30.217495888471603 3.8680515438318244 5.555687204003334 4.4213634431362134 4.7035352140665037 16.333951577544216 64.379711464047432 7.1629335135221464 5.572299063205719 4.3395289480686188 3.7012176513671875 14.386749267578123 7.7991048842668516 8.5335779637098295 5.8558004647493354 5.917695358395572 4.9482402056455612 5.4722401946783057 58.711765363812447 15.822076752781866 20.548958882689476 6.0686442255973807 28.879418149590492 19.68582649528981 6.8076401203870756 3.8780263811349869
leaf_count=235996 45 41 24 91 161 21 27 23 23 88 353 38 28 23 20 78 43 46 31 32 27 29 316 87 112 33 158 108 37 21
internal_value=-3.60713e-06 -0.00487718 0.0113854 0.006849 0.0167257 0.0462108 0.067218 0.00355295 -0.0087781 -0.0100376 -0.0114057 0.0137875 0.0499674 0.0467396 0.0384604 -0.014043 -0.00827716 0.00132273 0.0411116 -0.018903 0.0205022 -0.00596416 0.00130157 -0.0241692 -0.00679393 -0.0259542 -0.030651 -0.0163863 -0.0280622 0.00402213
internal_weight=44648.2 401.248 77.627 72.9867 56.3923 17.414 13.5459 38.9784 323.621 315.216 306.765 29.0692 12.7352 8.76089 8.40475 277.695 176.945 92.9601 14.3894 83.9846 12.7473 78.5708 64.184 100.751 36.371 71.2373 65.1686 36.2892 30.3715 10.6857
internal_count=238160 2164 411 387 296 89 68 207 1753 1710 1665 154 66 46 43 1511 959 500 77 459 70 423 345 552 199 389 356 198 166 58
is_linear=0
shrinkage=0.05


Tree=35
num_leaves=31
num_cat=0
split_feature=124 92 122 84 87 70 114 61 77 134 93 57 120 130 6 103 119 116 65 0 40 135 62 76 86 144 28 23 118 98
split_gain=3.82405 15.3964 9.6121 10.8358 8.89856 8.76925 12.25 10.5991 10.2229 12.6209 14.5357 10.9527 9.98501 17.9074 17.5333 13.5716 11.6267 9.88123 13.0572 11.3859 11.7912 11.3394 10.7171 9.36718 10.5529 9.26412 9.92571 9.20386 8.84506 8.71268
threshold=0.77416573867739435 6.6000000000000005 3.5000000000000004 1.1509860240645577 -263.83333333333326 1.5000000000000002 37.500000000000007 149.50000000000003 755.50000000000011 4.5000000000000009 6.6000000000000005 0.32500000000000001 0.23216392176935088 -0.097457187007675569 36.750000000000007 0.55625000000000013 0.25584987529737652 117.50000000000001 -1.0000000180025095e-35 896.50000000000011 1.5000000000000002 33.925000000000004 79.500000000000014 112.66518669258603 1.6062257748298554 28.500000000000004 3.5000000000000004 7.5000000000000009 0.24017743893390361 6.9000000000000012
decision_type=2 2 2 2 2 2 2 2 2 2 2 2 2 2 2 2 2 2 2 2 2 2 2 2 2 2 2 2 2 2
left_child=1 4 3 -3 -1 6 12 8 9 10 11 -7 25 14 -14 -16 -15 18 -10 21 -21 22 -20 -9 -25 26 -6 -27 -29 -19
right_child=-2 2 -4 -5 5 7 -8 23 17 -11 -12 -13 13 16 15 -17 -18 29 19 20 -22 -23 -24 24 -26 27 -28 28 -30 -31
leaf_value=-0.052781736425529691 -0.00010369229419343912 -0.021913793288840647 0.09268033243747377 0.022381736233364195 -0.038489965866686265 -0.0053792315075193772 -0.040155949483484332 -0.028586900939672713 -0.0093827456368734165 0.096674757029326153 0.1033640229810894 0.055519717627783065 0.1533386897084352 0.083901811400520915 0.093220180806079564 -0.033589460454227997 0.0070403197894782013 -0.0061336926917831859 0.023850787841742695 0.0032728934775086253 0.11233719858977814 -0.016603661177643152 -0.022027115528790463 0.086443360144582593 -0.0091727499392880787 -0.0012340754518599024 0.028351207403587556 0.10515354330920208 0.0072303369737366403 0.053297757754287356
leaf_weight=7.6590799540281287 42652.338759794831 15.908973217010496 4.2914253920316687 104.46966536343098 30.057831987738609 42.040168777108192 14.914543762803076 61.552222341299057 84.444401144981384 4.8553198873996726 4.0826623737812033 8.955976650118826 4.0673667639493933 4.9594873785972586 4.0407029986381513 4.4155796617269516 620.26491330564022 579.79297722876072 104.70201227068901 4.2959948033094388 5.856646791100502 28.969870656728745 14.491312354803084 3.8781656175851813 11.276147812604902 198.81692457199097 6.813006877899169 4.0489272177219373 5.3572717607021332 6.2330867350101462
leaf_count=42 227614 87 21 527 160 221 79 328 449 25 21 47 21 26 21 23 3277 3083 556 23 31 155 77 20 60 1048 36 21 28 33
internal_value=-3.60307e-06 0.00213572 0.0191491 0.0165277 0.00100197 0.00122306 0.00478023 -0.00208476 -0.000545626 0.0193959 0.0125836 0.00531588 0.00553937 0.0088358 0.0680347 0.0270046 0.00765001 -0.00198771 0.00649479 0.0149637 0.0661877 0.0114537 0.018273 -0.0199172 0.0152965 -0.00303814 -0.026139 0.00105242 0.0493817 -0.00550157
internal_weight=44647.9 1995.51 124.67 120.379 1870.84 1863.18 897.757 965.427 888.72 59.9341 55.0788 50.9961 882.842 637.748 12.5236 8.45628 625.224 828.786 242.76 158.316 10.1526 148.163 119.193 76.7065 15.1543 245.094 36.8708 208.223 9.4062 586.026
internal_count=238160 10546 635 614 9911 9869 4740 5129 4721 314 289 268 4661 3368 65 44 3303 4407 1291 842 54 788 633 408 80 1293 196 1097 49 3116
is_linear=0
shrinkage=0.05


Tree=36
num_leaves=31
num_cat=0
split_feature=121 144 2 95 93 67 135 89 118 53 93 49 118 116 78 24 123 68 77 123 50 49 76 92 89 135 89 52 130 66
split_gain=3.79568 4.22188 7.23391 8.82076 9.32109 5.70505 3.85886 10.0809 8.8235 8.86054 11.144 18.8529 8.83153 10.0384 12.9124 13.8587 15.4019 14.5182 9.31932 8.86362 8.74856 16.8703 8.7368 8.56081 8.71987 11.8082 10.4129 10.2736 8.16426 7.96352
threshold=28.500000000000004 78.500000000000014 25.015770026113049 0.23966649938169982 0.6000000000000002 -2.4999999999999996 41.675000000000004 -2.6999999999999997 0.4029024944025128 5.8750000000000009 3.0000000000000004 13.500000000000002 0.17595033946544603 120.50000000000001 70.835571952612653 5.5000000000000009 5.7750000000000012 1.5000000000000002 869.90000000000009 1.5000000000000002 1.5250000000000001 16.500000000000004 31.508362053790545 -3.3999999999999999 1.3000000000000003 46.725000000000009 2.3000000000000007 3.7250000000000005 -0.077921600041103573 1.0000000180025095e-35
decision_type=2 2 2 2 2 2 2 2 2 2 2 2 2 2 2 2 2 2 2 2 2 2 2 2 2 2 2 2 2 2
left_child=1 6 3 5 -5 -3 -1 29 9 12 23 -12 13 14 20 16 -16 -18 -15 -14 22 -22 -9 24 -11 26 27 28 -26 -8
right_child=-2 2 -4 4 -6 -7 7 8 -10 10 11 -13 19 18 15 -17 17 -19 -20 -21 21 -23 -24 -25 25 -27 -28 -29 -30 -31
leaf_value=8.5450564636718176e-05 0.036174891063756438 0.0085741724236481128 0.046882885414611407 -0.030076379306605634 0.04996282302852393 -0.045745881864548969 -0.022131993860909617 0.032170774877906885 -0.039933766141046011 -0.0060411976483724841 0.1197867512964665 0.012479790994459261 0.051461502682254183 -0.018028585410481714 -0.024077659310739612 0.095273571491131914 0.13418676684256797 -0.00084202758259340957 0.054035796748666147 -0.010173432439253222 -0.033057358227141856 0.098084581928189377 -0.035421735844982774 -0.0078092687937272578 0.019215468467379627 -0.027326911043825865 0.014436007135169744 -0.013072423911269291 0.10198331932056302 0.017807323175439045
leaf_weight=43350.384051173925 7.2486478835344306 5.9771398007869747 4.3808126151561728 6.9615918993949872 7.6178873181343079 25.267264783382416 14.518998071551321 6.5642103850841549 16.927043333649635 52.060628816485405 4.2930705547332755 87.920172676444054 5.8930507600307456 44.626975834369659 9.3778141587972694 9.2032489478588086 4.2142926007509223 3.7728159129619598 4.9876393675804129 573.09327894449234 4.4785403162240964 5.4204181730747223 17.595957666635513 223.9964072406292 4.0886102020740518 10.229944735765455 32.704119294881821 3.7380418479442588 10.982675045728683 88.908568054437637
leaf_count=231197 38 32 23 38 39 140 77 35 91 279 23 471 31 242 50 48 22 20 27 3089 24 28 94 1202 22 55 175 20 59 469
internal_value=-3.6454e-06 -9.52005e-06 -0.0145008 -0.0203691 0.0117447 -0.0353543 6.79594e-06 -0.00274386 -0.0041043 -0.00356242 0.00206978 0.0174756 -0.00707639 0.00589443 0.0195434 0.0456695 0.0193799 0.0704041 -0.0107841 -0.0095461 -0.000836571 0.0387526 -0.0170572 -0.00213571 0.00903136 0.0217402 0.0314843 0.0611265 0.0795297 0.0122007
internal_weight=44647.4 44640.2 50.2047 45.8239 14.5795 31.2444 44590 1239.6 1136.17 1119.24 430.014 92.2132 689.228 110.242 60.6273 26.5682 17.3649 7.98711 49.6146 578.986 34.0591 9.89896 24.1602 337.8 113.804 61.7434 51.5134 18.8093 15.0713 103.428
internal_count=238160 238122 272 249 77 172 237850 6653 6107 6016 2306 494 3710 590 321 140 92 42 269 3120 181 52 129 1812 610 331 276 101 81 546
is_linear=0
shrinkage=0.05


Tree=37
num_leaves=31
num_cat=0
split_feature=127 131 113 49 0 70 74 58 81 115 3 117 122 126 122 73 46 62 97 35 117 100 144 61 135 101 124 123 51 76
split_gain=3.75033 12.7666 8.48485 16.0904 10.552 14.2898 8.83795 7.61555 7.42767 6.9027 9.27735 6.56458 7.64585 6.33458 8.13899 10.1447 7.72518 9.75334 11.9652 9.86415 7.12171 8.80461 6.73411 5.33079 12.8501 8.6678 6.73348 4.56942 7.93724 7.54327
threshold=-2.4999999999999996 257.50000000000006 4.5000000000000009 13.500000000000002 773.50000000000011 1.5000000000000002 -1.4999999999999998 0.22500000000000003 5.7000000000000002 43.500000000000007 4.5000000000000009 237.50000000000003 7.8333333333333348 27.500000000000004 12.500000000000002 -1.0000000180025095e-35 2.5000000000000004 -13.499999999999998 5.1000000000000005 8.5000000000000018 245.50000000000003 1.0000000180025095e-35 47.500000000000007 -36.499999999999993 36.625000000000007 -2.5999999999999992 3.0773326503159661 9.4500000000000011 2.1750000000000003 112.66518669258603
decision_type=2 2 2 2 2 2 2 2 2 2 2 2 2 2 2 2 2 2 2 2 2 2 2 2 2 2 2 2 2 2
left_child=2 23 3 -1 5 7 -7 -5 9 11 -11 12 -6 27 16 -16 17 20 19 -19 21 -15 -18 24 25 26 -2 -4 29 -29
right_child=1 -3 13 4 8 6 -8 -9 -10 10 -12 -13 -14 14 15 -17 22 18 -20 -21 -22 -23 -24 -25 -26 -27 -28 28 -30 -31
leaf_value=0.097876961951531533 -0.03912640484245735 0.074682960233844867 -9.772476581658805e-06 0.032952404829656716 -0.040726146039980433 -0.055211702169937787 0.04404533134356297 0.12020105295020983 0.051398660957520804 0.072629068789333492 -0.025929026528368988 -0.061203611078445422 0.032816791596421251 -0.020158807425953513 -5.0993137322072216e-05 0.10976890808884264 -0.054024669714690034 0.056594655788062345 0.10071558841396229 -0.037141962511689594 -0.045048945698764192 0.067488827848628419 0.019726952351505553 -0.031026936219963542 0.069479991956555007 -0.065974039275982277 0.051215412202643952 -0.0089923244497674779 -0.04369449722436361 0.044412401865728035
leaf_weight=5.7780319154262534 3.69381944835186 3.8970543891191474 44361.95882986486 4.5081838965415972 7.6947594583034533 4.4604285955429077 4.510605260729788 5.6176071614027023 5.0753970593214026 4.6691437661647779 4.8865956217050552 9.1663894504308683 6.5361414700746536 6.4124917984008771 3.7469483017921448 4.7926320135593397 7.7424562573432905 6.4604784995317512 6.5318442285060874 4.9624073058366776 6.9358046948909751 5.179780587553978 5.1564606726169586 34.103175893425941 5.1564094722270957 6.4047675132751474 4.6703391969203949 83.939655378460884 15.309459269046782 7.1774996668100348
leaf_count=31 20 21 236638 24 41 24 24 30 27 25 26 49 35 34 20 25 41 34 34 26 37 27 27 185 28 35 25 447 82 38
internal_value=-3.6669e-06 -0.0127178 1.285e-05 0.0183634 0.0103209 0.0406456 -0.0053056 0.0813564 -0.00490736 -0.0135796 0.0222286 -0.0282041 -0.00694845 -1.30742e-05 0.0165114 0.0615828 0.00871718 0.0204763 0.0467383 0.015873 -0.00497308 0.0190048 -0.0245418 -0.019022 0.00152501 -0.0222007 0.0113182 -3.45978e-05 -0.0103826 -0.00478552
internal_weight=44647.1 57.9256 44589.2 62.9033 57.1253 19.0968 8.97103 10.1258 38.0284 32.953 9.55574 23.3973 14.2309 44526.3 57.9213 8.53958 49.3817 36.4828 17.9547 11.4229 18.5281 11.5923 12.8989 54.0285 19.9253 14.7689 8.36416 44468.4 106.427 91.1172
internal_count=238160 314 237846 336 305 102 48 54 203 176 51 125 76 237510 305 45 260 192 94 60 98 61 68 293 108 80 45 237205 567 485
is_linear=0
shrinkage=0.05


Tree=38
num_leaves=31
num_cat=0
split_feature=135 34 67 112 101 35 117 77 132 133 67 144 135 130 124 23 45 87 98 119 114 124 31 132 88 144 87 132 93 25
split_gain=3.7123 6.18523 7.72463 7.1122 8.15831 9.56207 11.2436 8.08649 7.37399 11.4803 7.30991 7.192 8.41099 7.83562 6.99706 6.90084 7.05463 12.8366 6.86956 8.04841 7.6514 7.03848 6.725 9.40594 14.4476 9.56691 11.9891 7.70034 15.6436 8.86016
threshold=16.925000000000001 8.5000000000000018 -4.4999999999999991 7.5000000000000009 1.0000000000000002 7.5000000000000009 242.50000000000003 876.70000000000016 4.8046129374337232 8.5000000000000018 5.5000000000000009 9.5000000000000018 16.475000000000005 -0.046920139841708647 2.0603394205031154 2.5000000000000004 1.5000000000000002 -83.499999999999986 4.5000000000000009 0.41467608746586926 27.500000000000004 1.054764319301863 3.1842105263157898 5.5461647727272743 -1.2999999999999998 59.500000000000007 -3.1666666666666852 4.6526175687666376 -0.40000000000000008 3.5000000000000004
decision_type=2 2 2 2 2 2 2 2 2 2 2 2 2 2 2 2 2 2 2 2 2 2 2 2 2 2 2 2 2 2
left_child=1 22 -3 7 5 6 -5 10 -7 -10 -4 -9 14 -14 -13 -11 -17 -18 -19 20 -20 -21 23 25 -25 -1 -27 28 -24 -29
right_child=-2 2 3 4 -6 8 -8 11 9 15 -12 12 13 -15 -16 16 17 18 19 21 -22 -23 27 24 -26 26 -28 29 -30 -31
leaf_value=-0.037434602370998916 6.9135458906049616e-05 0.053153120292732919 -0.0060690270617286962 0.12274024858034727 -0.018628523839798374 -0.025288109191085775 0.0063982055608460681 -0.024260075573602911 0.081222803005371561 -0.028007742099765753 -0.027098664473198711 0.094075279683321827 0.047768728423946971 -0.033869664769534333 0.026593352781679815 -0.0084227437537110813 0.098521763205860091 0.06773662756635139 -0.0053276563386954814 0.024736908310817457 0.091252999003599219 -0.048321542298460134 -0.0079244724800684001 -0.0017098886195658096 0.10124846566367246 -0.052834751928655235 0.059292925867241345 0.032631588895052584 0.094291078868722067 -0.0054047081649451038
leaf_weight=25.946080937981606 43536.976585760713 5.8250259011983863 774.54865761101246 4.2028325349092466 24.079301297664642 13.181085392832754 4.1050574332475662 8.3191837221384031 6.0655489414930335 10.397465929388998 43.651545152068138 6.1761990189552369 4.774691253900528 7.6455794721841794 10.161029696464537 18.064125910401344 5.7236025184392849 5.21486259996892 4.0877114683389681 5.4540213495492926 4.1151489764451981 8.334454342722891 6.7798110097646704 14.742248088121416 4.431577429175376 3.7038303166627884 6.6899510920047742 24.564060479402542 8.3573421835899335 40.641407191753387
leaf_count=140 232184 31 4181 22 130 70 22 45 32 56 238 32 25 41 54 97 30 28 22 29 22 45 36 80 23 20 35 130 44 216
internal_value=-3.66342e-06 -0.00285906 -0.00425293 -0.00459827 0.00718952 0.0141789 0.0652538 -0.00615603 0.00891685 0.0156005 -0.00719097 0.0166829 0.0285272 -0.00248564 0.0521045 0.00911693 0.0166865 0.0304606 0.0161419 0.00390716 0.0431242 -0.0194233 0.00713536 -0.00624751 0.0220865 -0.0211973 0.0193362 0.0163824 0.0485095 0.00892424
internal_weight=44647 1109.98 974.127 968.302 113.025 88.9459 8.30789 855.277 80.638 67.4569 818.2 37.0767 28.7575 12.4203 16.3372 61.3914 50.9939 32.9298 27.2062 21.9913 8.20286 13.7885 135.856 55.5137 19.1738 36.3399 10.3938 80.3426 15.1372 65.2055
internal_count=238160 5976 5252 5221 605 475 44 4616 431 361 4419 197 152 66 86 329 273 176 146 118 44 74 724 298 103 195 55 426 80 346
is_linear=0
shrinkage=0.05


Tree=39
num_leaves=31
num_cat=0
split_feature=122 134 107 116 120 84 100 59 117 77 53 130 78 61 91 91 87 90 120 120 61 116 105 0 55 93 131 88 95 32
split_gain=3.72336 7.91835 12.4495 15.4161 13.1693 11.2684 13.3636 11.3555 12.6688 11.1556 14.1287 10.3658 9.82217 12.6761 10.0066 9.54577 11.3295 14.1914 13.6864 12.5108 11.2467 11.1453 12.1066 11.5452 10.6988 9.64936 9.64323 9.2559 13.3611 9.21823
threshold=4.166666666666667 2.5000000000000004 1.0000000180025095e-35 153.50000000000003 0.25726195497370102 1.3133249580710802 3.0000000000000004 0.27500000000000008 248.50000000000003 790.10000000000014 6.5750000000000002 -0.018921313291462512 85.452442860004979 84.500000000000014 0.40000000000000019 -3.8999999999999995 30.166666666666689 -1.6999999999999997 0.23645164612495176 0.22927992835045766 -123.49999999999999 141.50000000000003 1.0000000180025095e-35 856.50000000000011 8.5000000000000018 -4.5999999999999988 231.50000000000003 -2.4999999999999996 0.17859108502818552 3.2652794186062524
decision_type=2 2 2 2 2 2 2 2 2 2 2 2 2 2 2 2 2 2 2 2 2 2 2 2 2 2 2 2 2 2
left_child=1 -1 4 -4 15 6 -6 8 -8 10 11 12 27 14 -14 -3 20 18 19 21 29 22 23 26 -25 -24 -18 28 -7 -17
right_child=-2 2 3 -5 5 9 7 -9 -10 -11 -12 -13 13 -15 -16 16 17 -19 -20 -21 -22 -23 25 24 -26 -27 -28 -29 -30 -31
leaf_value=0.00083451128392843374 -0.00057141335002594985 0.022162740579770607 0.0024464010457595797 0.09324759708393876 -0.0011347445380548674 0.11912110177809115 -0.037008126869307462 0.083509179965709418 0.066570718178800378 -0.010944362339997689 0.090785967250204214 -0.0053326785516393856 0.043351434192683426 0.0023645684640574028 0.14053355501749934 -0.0020182631417274399 0.11610540127444401 0.0012035887238537899 -0.021187461832869032 0.096289030698731126 -0.0054212301788266288 0.10145341382714557 0.044806629185838873 -0.04754620185441473 0.030582520108161704 -0.0078333670526915204 0.040350612875767529 -0.0097203740426392831 -0.0095433715805790763 0.013759354833742691
leaf_weight=20794.783446311951 17535.333474546671 46.746116995811462 1535.0624321997166 4.6887307465076438 550.89821200072765 3.7644949704408628 6.7415866255760211 8.6496337056159955 5.2519047558307648 973.9265004247427 4.1275909692049018 365.72853471338749 6.8003503084182757 9.4009075760841352 4.3389114588499069 230.84211859107018 6.5648220032453564 939.56764051318169 18.712157681584358 5.8263909816741934 1294.046381637454 4.156130537390708 10.743884250521658 5.2419544011354473 26.70406411588192 45.892133995890617 11.666282281279562 31.558935612440109 4.3485226035118103 154.56398414075375
leaf_count=110795 93710 250 8175 25 2940 20 36 46 28 5200 22 1949 36 50 23 1228 35 5002 100 31 6890 22 57 28 142 245 62 168 23 822
internal_value=-3.65738e-06 0.000363561 -0.00118686 0.0027229 -0.00244712 -0.00557332 0.00034525 0.0398415 0.00834866 -0.00798267 -0.00127566 -0.00216779 0.0170558 0.0451212 0.0812053 -0.000242439 -0.000622669 0.00338522 0.0185119 0.0248723 -0.00318825 0.0211226 0.0179969 0.0358808 0.0177625 0.00215247 0.0676291 0.00252487 0.0501578 0.00430922
internal_weight=44646.7 27111.3 6316.56 1539.75 4776.81 1975.54 571.541 20.6431 11.9935 1403.99 430.068 425.941 60.2121 20.5402 11.1393 2801.27 2754.53 1075.08 135.508 116.796 1679.45 110.969 106.813 50.1771 31.946 56.636 18.2311 39.672 8.11302 385.406
internal_count=238160 144450 33655 8200 25455 10541 3050 110 64 7491 2291 2269 320 109 59 14914 14664 5724 722 622 8940 591 569 267 170 302 97 211 43 2050
is_linear=0
shrinkage=0.05


Tree=40
num_leaves=31
num_cat=0
split_feature=105 125 18 92 121 127 132 80 72 115 84 84 46 113 75 120 132 90 76 20 130 96 88 88 75 2 132 78 114 136
split_gain=3.63863 6.74635 9.09748 11.2542 8.66261 7.61529 11.6628 12.4805 12.0021 11.34 9.88169 9.23834 9.03766 11.278 14.932 11.3545 14.5459 14.6494 13.8537 15.7193 15.7591 13.8699 13.1356 15.4274 12.7227 12.6973 12.6026 11.6409 11.2727 12.9697
threshold=1.0000000180025095e-35 1.5000000000000002 4.5000000000000009 -11.799999999999999 20.500000000000004 -14.499999999999998 4.6125740618828184 2.2759570942591929 6.5000000000000009 24.500000000000004 1.3873863542433762 2.2011357772772624 3.5000000000000004 20.500000000000004 717.83333333333337 0.36317570258524895 4.7908712252690044 -3.0999999999999996 89.268632583908669 12.500000000000002 0.15545669154351272 4.9000000000000012 -1.0000000180025095e-35 0.30000000000000004 729.83333333333337 20.39577156756943 4.7875564152159908 132.66106697457113 30.500000000000004 1.5000000000000002
decision_type=2 2 2 2 2 2 2 2 2 2 2 2 2 2 2 2 2 2 2 2 2 2 2 2 2 2 2 2 2 2
left_child=1 5 -3 -4 -5 6 7 11 9 10 -8 -1 13 15 -15 16 17 -11 19 20 22 -21 24 -24 -17 -20 27 28 -19 -30
right_child=-2 2 3 4 -6 -7 8 -9 -10 12 -12 -13 -14 14 -16 18 -18 26 25 21 -22 -23 23 -25 -26 -27 -28 -29 29 -31
leaf_value=-0.0079718880924673496 -0.00045617489063575823 -0.0531216541225773 0.069282159044651542 0.0020004900341704587 0.066168532562989379 -0.00030463026834884869 0.087625199945533611 0.068653042905442441 0.061404004152174979 0.079357442265596712 0.0015485372756936381 -0.06678068317515963 -0.010076067987894212 0.079599207689853166 -0.010554416916110166 0.063019077257645814 -8.5411358721859386e-05 0.022927379636171558 0.11177308342651393 0.0090095145967365037 -0.041946721342966814 0.13639984476241004 0.094089970380671142 0.02069609863212718 -0.0084537844645085746 0.033401927062089241 0.10358855329182018 0.096115924989313081 -0.0079358958878702115 0.068933236683010032
leaf_weight=165.29302589595318 22269.777812585235 7.4552375525236121 6.2356846779584876 4956.8888835906982 5.2651711851358405 16182.778621315956 7.7600582987070066 5.1487112194299689 9.6202177852392179 8.884699806571005 5.8462155908346176 6.9592091590166083 94.048624888062477 4.7643685191869727 127.66206906735897 6.936971351504325 416.49386231601238 82.402061596512794 6.1323237568140021 3.9548183381557447 14.08879669010639 4.6477677524089813 8.3688870072364789 49.567608773708344 60.784512087702751 32.872121125459671 3.8053805232048026 3.9821855276823035 82.176217660307884 5.8800468891859046
leaf_count=875 119080 40 33 26401 28 86123 41 27 49 47 31 37 498 25 677 37 2212 437 32 21 75 24 44 262 323 174 20 21 435 31
internal_value=-3.70919e-06 0.000446594 0.00207012 0.00215293 0.00206858 -1.76584e-05 0.0037949 -0.00805499 0.00581491 0.00529624 0.0506406 -0.0103478 0.00468985 0.00619376 -0.00731092 0.00845473 0.00511724 0.0166967 0.0192076 0.0122359 0.00819774 0.0778354 0.0138199 0.0312978 -0.00113255 0.0457235 0.0135734 0.0116097 0.00963551 -0.00280288
internal_weight=44646.5 22376.7 4975.84 4968.39 4962.15 17400.9 1218.08 177.401 1040.68 1031.06 13.6063 172.252 1017.45 923.405 132.426 790.978 603.624 187.131 187.354 148.349 139.747 8.60259 125.658 57.9365 67.7215 39.0044 178.246 174.441 170.458 88.0563
internal_count=238160 119080 26502 26462 26429 92578 6455 939 5516 5467 72 912 5395 4897 702 4195 3203 991 992 786 741 45 666 306 360 206 944 924 903 466
is_linear=0
shrinkage=0.05


Tree=41
num_leaves=31
num_cat=0
split_feature=135 135 116 2 88 100 73 75 11 130 75 0 97 131 108 76 65 131 144 32 75 84 51 95 4 25 98 80 98 90
split_gain=3.6326 10.2511 12.7022 14.4358 15.1479 14.8991 12.2811 11.4632 12.302 14.1263 15.7176 14.0009 11.458 11.1106 13.3213 10.8587 13.5458 13.3017 12.1751 11.0978 10.3615 10.3588 9.925 9.88051 9.97333 11.2219 10.0281 10.386 10.7984 9.7501
threshold=27.425000000000001 26.525000000000002 139.50000000000003 22.1729001249081 -2.2999999999999998 -0.99999999999999989 0.078947368421052863 816.83333333333337 5.5000000000000009 -0.11877822258070038 829.16666666666686 793.50000000000011 6.5000000000000009 261.50000000000006 1.0000000180025095e-35 42.980604590730259 -2.4999999999999996 216.50000000000003 58.500000000000007 2.9009501122153827 823.83333333333337 1.7334929824293124 2.2250000000000005 0.41961554625613479 75.500000000000014 1.5000000000000002 3.5000000000000004 2.2068029966520615 4.9000000000000012 -1.2999999999999998
decision_type=2 2 2 2 2 2 2 2 2 2 2 2 2 2 2 2 2 2 2 2 2 2 2 2 2 2 2 2 2 2
left_child=1 -1 7 4 -4 21 13 12 9 10 20 -11 15 -7 -15 16 17 19 -19 -3 -9 -5 -12 24 -17 -26 -27 -28 -29 -6
right_child=-2 2 3 5 29 6 -8 8 -10 11 22 -13 -14 14 -16 23 -18 18 -20 -21 -22 -23 -24 -25 25 26 27 28 -30 -31
leaf_value=0.00010570544488838451 -0.00056874002958124726 0.13909035092090302 0.10821139886351781 0.060370495555173112 0.091944958156378487 -0.043168492852155876 -0.028650002133518163 0.047517007642601077 -0.0065657067053228038 0.01815812485356778 0.014285748484918738 0.001456716893019446 0.038384261045317156 0.011901757591609117 0.10131209210063091 -0.01935311285810043 0.0019334249589059859 0.033881009347721924 -0.048868475256530153 0.024905312996945098 0.14660671353876567 -0.0071183914447267727 0.090148724375433947 0.061186623466729533 0.064783984961935742 0.07183001180645382 -0.0064478043359676458 -0.0096439932322517786 0.058803866861112969 0.018439905107216215
leaf_weight=25561.433979079127 17377.185129463673 4.833441957831381 7.3438505083322516 17.89784820377827 5.29829317331314 6.2598552256822613 30.382465213537216 6.5186809599399549 127.09656642377377 205.36270651221275 45.358098387718201 322.61456008255482 18.062769442796707 18.978707507252697 5.3375574350357047 117.30800928175449 228.7616631090641 23.233381971716884 5.4967917352914801 3.801612064242363 4.4317974895238876 8.3328268975019437 4.764161452651023 5.4663425683975211 6.0250137299299231 4.3279608488082877 420.65982913970947 10.51297537982464 12.750671401619909 30.377691090106964
leaf_count=136225 92880 25 37 92 27 33 163 34 677 1084 238 1711 96 100 28 626 1212 122 29 20 23 44 25 29 31 23 2242 56 68 160
internal_value=-3.76205e-06 0.00035627 0.00410703 0.0191165 0.0428175 0.00742223 -0.00613609 0.00286804 0.00754234 0.0105864 0.0333526 0.00795292 -0.00101876 0.0162352 0.0315278 -0.00186287 0.00649243 0.0344041 0.018049 0.08882 0.0876199 0.038931 0.0214966 -0.0057162 -0.00635602 -0.00299978 -0.00391087 -0.00464929 0.0278719 0.0293562
internal_weight=44646.2 27269 1707.6 130.209 43.0198 87.1893 60.9586 1577.39 716.147 589.05 61.0727 527.977 861.24 30.5761 24.3163 843.178 266.127 37.3652 28.7302 8.63505 10.9505 26.2307 50.1223 577.051 571.584 454.276 448.251 443.923 23.2636 35.676
internal_count=238160 145280 9055 684 224 460 324 8371 3792 3115 320 2795 4579 161 128 4483 1408 196 151 45 57 136 263 3075 3046 2420 2389 2366 124 187
is_linear=0
shrinkage=0.05


Tree=42
num_leaves=31
num_cat=0
split_feature=130 114 101 133 32 87 98 4 90 120 124 98 83 101 56 122 77 97 2 132 143 116 102 82 131 73 120 99 89 52
split_gain=3.53801 12.3837 12.3496 12.6869 13.9177 12.7736 10.8258 10.3602 10.0589 8.19299 9.22434 8.68838 12.4634 13.0227 11.6887 10.5631 10.5042 11.0954 9.91257 7.85826 7.70123 7.67013 8.22497 7.43787 8.02558 9.63852 7.92924 7.30829 7.19849 7.10761
threshold=-0.14924589282918135 32.500000000000007 -0.99999999999999989 8.5000000000000018 2.3460935139350081 39.833333333333321 5.7000000000000002 60.500000000000007 0.50000000000000011 0.073571532065951017 2.1447407866300323 4.9000000000000012 4.3000000000000016 0.6000000000000002 5.5000000000000009 2.8333333333333335 833.10000000000014 4.7000000000000002 23.723695958176908 4.984250992063493 10.500000000000002 128.50000000000003 56.500000000000007 0.76467822247272699 198.50000000000003 0.92105263157894746 0.013382243971315993 5.1000000000000005 1.3000000000000003 2.6750000000000003
decision_type=2 2 2 2 2 2 2 2 2 2 2 2 2 2 2 2 2 2 2 2 2 2 2 2 2 2 2 2 2 2
left_child=1 7 3 6 -5 28 21 -1 -7 10 20 12 -11 18 -15 19 17 -17 27 -13 -4 -3 -23 -9 -25 26 -26 -14 -6 -28
right_child=-2 2 9 4 5 8 -8 23 -10 11 -12 15 13 14 -16 16 -18 -19 -20 -21 -22 22 -24 24 25 -27 29 -29 -30 -31
leaf_value=0.081253501662052544 -8.4721885778056241e-05 0.093745147749986754 -0.028100487951923603 0.10150947714068909 -0.040778892701597125 -0.0053566192453686629 0.13948352245650003 -0.047807054812998774 0.10241758318628238 -0.038447726437319807 -0.066679839146401673 -0.03199355844639367 0.059081101289946696 -0.029415046166737353 0.064642794095090716 0.12887300406521582 -0.015915163101908238 0.024485332132627286 0.013175385728442769 0.026795902674139855 0.051421141571356001 0.060114044171826246 -0.031622232185389156 -0.0141434452545291 0.059630152330018116 0.064797039103007298 -0.038831084534200609 0.14110788351718709 0.028863920403671691 0.0016865175175864154
leaf_weight=3.99015288054943 43217.630844801664 5.8633447289466885 7.7298900187015551 4.1184896230697658 13.048478931188589 4.0239690691232664 4.092941850423812 7.8991888314485541 4.6864558011293411 5.2702653110027304 7.4925419986248007 24.143298223614696 5.1439662277698535 7.9618541449308378 5.6448989361524582 3.8210632801055926 7.7975850105285636 7.6259672790765762 4.3602336198091498 7.4345243722200385 5.0230370163917542 5.8467148244380933 4.197587788105011 83.214584812521935 5.8567963838577262 6.0642417818307868 10.926189437508581 5.7518167793750763 5.1848278790712348 1153.9823557734489
leaf_count=20 230621 30 41 21 68 21 21 42 24 28 40 127 27 42 29 20 41 40 23 39 26 30 22 440 30 32 59 30 27 6099
internal_value=-3.80811e-06 0.00244466 0.0157279 0.0359034 0.0159048 0.00281967 0.0669626 0.000812746 0.052629 0.00593508 -0.0226483 0.0127467 0.0322579 0.0451685 0.0096058 -0.000357299 0.0288422 0.0593303 0.0768868 -0.0181525 0.00322096 0.0483034 0.0217768 0.000559603 0.000862812 0.00192392 0.00159825 0.102383 -0.0209752 0.00130649
internal_weight=44645.8 1428.2 156.264 51.0628 31.0622 26.9437 20.0006 1271.93 8.71042 105.201 20.2455 84.9555 34.133 28.8628 13.6068 50.8224 19.2446 11.447 15.256 31.5778 12.7529 15.9076 10.0443 1267.94 1260.04 1176.83 1170.77 10.8958 18.2333 1164.91
internal_count=238160 7539 817 264 161 140 103 6722 45 553 107 446 179 151 71 267 101 60 80 166 67 82 52 6702 6660 6220 6188 57 95 6158
is_linear=0
shrinkage=0.05


Tree=43
num_leaves=31
num_cat=0
split_feature=138 5 57 53 126 7 0 130 101 73 101 82 111 86 56 128 103 132 55 11 118 142 49 0 85 128 115 98 64 57
split_gain=3.50712 9.23457 10.1604 9.77737 8.32208 8.29425 8.04909 15.4781 10.6618 8.95938 7.82364 10.1392 8.07786 9.8876 7.39956 7.15785 6.68628 8.07637 9.78213 10.1096 12.5262 9.65515 9.63667 8.86049 7.90843 7.97025 10.0452 8.97183 7.75671 7.53664
threshold=4.5000000000000009 76.500000000000014 0.075000000000000025 5.8750000000000009 11.500000000000002 2.5000000000000004 851.50000000000011 0.057666612300707153 -0.59999999999999998 0.26315789473684231 1.8000000000000003 1.7262579304887016 1.5000000000000002 1.9300046070981933 4.5000000000000009 -19.499999999999996 0.40625000000000006 6.0480030721966216 9.5000000000000018 4.5000000000000009 0.3003638819131515 2.5000000000000004 17.500000000000004 750.50000000000011 3.9000000000000004 -22.499999999999996 51.500000000000007 4.7000000000000002 7.0000000000000009 0.22500000000000003
decision_type=2 2 2 2 2 2 2 2 2 2 2 2 2 2 2 2 2 2 2 2 2 2 2 2 2 2 2 2 2 2
left_child=-1 2 -2 5 -5 -3 7 9 -9 -7 16 12 -12 -14 15 -13 17 18 19 20 23 -21 28 -4 -18 26 -26 -28 29 -20
right_child=1 3 10 4 -6 6 -8 8 -10 -11 11 14 13 -15 -16 -17 24 -19 22 21 -22 -23 -24 -25 25 -27 27 -29 -30 -31
leaf_value=3.8321034496581686e-05 0.062328312457618898 0.056836537661893373 -0.055344029847099178 0.019827595511365689 0.08519047733150481 0.097620976796296291 -0.035850927440335051 0.034082598251907938 -0.052127661747725977 0.0019011898605461519 0.054769518163194753 -0.023917486666862678 -0.033051307551697183 0.051532314482426116 0.091844094056457173 0.068789908629733318 0.017030041265989896 -0.032804870825656106 0.092236092292727501 0.046626513068153949 0.10058654943931405 -0.036305009691533136 -0.015098349999454539 0.034658808068149159 0.046966683946770123 -0.027762868109315636 -0.051537664681346386 0.0069651860098780619 -0.025321772774544251 0.030028265242248938
leaf_weight=44245.624404042959 4.9983993619680396 5.2015949785709372 4.7504466474056226 22.796606540679935 6.192648082971572 5.7098030745983142 17.79332709312439 5.4417691975831977 10.518316984176634 4.2749466449022293 4.5137961953878429 4.7599627971649161 19.646737575531009 4.1923475712537757 5.330833137035369 3.7008590102195731 14.343763202428816 17.90716964006424 7.8188656121492448 3.9991689026355735 3.8931089639663687 28.670103594660759 10.801734387874601 6.4439282864332199 8.3667909502983075 123.57694830000401 10.654435425996782 17.025678515434265 3.6748062074184409 12.90472202003002
leaf_count=235996 26 27 26 119 32 29 96 29 57 22 24 26 107 22 28 20 77 97 41 22 21 157 59 35 45 680 59 92 20 69
internal_value=-3.80971e-06 -0.00466519 -0.00840319 0.0107789 0.0337903 -0.00285184 -0.00995032 0.00781267 -0.0227333 0.0566388 -0.00951855 0.0105411 -0.00656337 -0.0181764 0.0457045 0.0166338 -0.0125946 -0.00235239 0.00422111 -0.0105195 0.0233322 -0.026153 0.02422 -0.00353481 -0.0185329 -0.0217286 -0.0010419 -0.0155533 0.0416271 0.0534988
internal_weight=44645.5 399.904 321.975 77.929 28.9893 48.9398 43.7382 25.9448 15.9601 9.98475 316.976 42.1445 28.3529 23.8391 13.7917 8.46082 274.832 100.864 82.9569 47.7568 15.0875 32.6693 35.2001 11.1944 173.968 159.624 36.0469 27.6801 24.3984 20.7236
internal_count=238160 2164 1753 411 151 260 233 137 86 51 1727 227 153 129 74 46 1500 547 450 261 82 179 189 61 953 876 196 151 130 110
is_linear=0
shrinkage=0.05


Tree=44
num_leaves=31
num_cat=0
split_feature=133 130 120 17 84 120 122 90 100 77 144 51 11 123 84 132 131 6 117 119 15 23 130 120 97 122 97 83 130 102
split_gain=3.50705 8.12669 7.52353 7.99752 7.2119 8.67311 7.25303 7.01198 6.23062 7.44351 5.99471 6.41177 5.13769 4.99199 4.73959 5.66173 4.05209 9.11947 10.4864 15.105 12.1715 11.7229 10.8208 13.8334 11.9471 12.7266 16.7085 10.6632 10.1421 9.6977
threshold=6.5000000000000009 0.0066769343343459917 0.12952560290382206 10.500000000000002 1.2668844090561522 0.069490296803873905 3.5000000000000004 1.1000000000000003 -1.7999999999999998 781.70000000000016 40.500000000000007 2.0250000000000004 3.5000000000000004 3.9000000000000004 1.5508054040544847 4.3099343185550092 219.50000000000003 46.750000000000007 252.50000000000003 0.28596170340741073 1.0000000180025095e-35 6.5000000000000009 -0.035876323673716772 0.19850068964181364 4.7000000000000002 5.166666666666667 5.3000000000000016 5.1000000000000005 -0.020044418825275908 15.500000000000002
decision_type=2 2 2 2 2 2 2 2 2 2 2 2 2 2 2 2 2 2 2 2 2 2 2 2 2 2 2 2 2 2
left_child=1 2 3 12 6 -6 -5 8 -3 -10 -11 -12 13 -1 -4 -16 17 -2 20 21 29 22 23 -20 -24 26 -26 -28 -27 -19
right_child=16 7 14 4 5 -7 -8 -9 9 10 11 -13 -14 -15 15 -17 -18 18 19 -21 -22 -23 24 -25 25 28 27 -29 -30 -31
leaf_value=0.036188318674306073 0.00013132049673296987 -0.026630535064103563 -0.0532358365540785 0.047667236488154872 0.0087194288658881715 0.10298013718060127 -0.033549908861798115 -0.026480799897580693 0.094106268779636321 0.066740103988282215 0.024675816437576381 -0.03506627195538748 -0.043891105474908855 -0.02334429093038104 0.029364750271355947 -0.046903622605257468 -0.00025050562536816588 -0.0033800847002539089 0.031940769351115041 -0.01471296728049161 -0.00209867300721224 0.0039755484980265269 -0.022183975941314365 0.12167769155547825 0.088539274422897454 -0.066567164715106125 0.050154023972303056 -0.047502991151938977 0.015672541938820485 0.0084853885951498131
leaf_weight=5.3150053024292019 8653.8801280409098 6.3015685230493537 18.708671316504482 3.9355573654174831 5.9766373187303525 4.1244295537471771 9.1170860081911069 11.216596782207487 3.734789893031123 5.2471525073051479 15.337309435009958 6.3508215248584738 15.366128563880919 10.434197247028349 4.6863084733486158 5.0614287704229355 33669.908802971244 218.23661550879478 89.596953928470612 44.328751012682915 847.73288162052631 106.05201302468777 20.231456756591797 4.5108443647623053 12.562742754817011 5.0455989539623287 5.9937267303466779 5.2380824387073517 14.587707310914992 816.36114071309566
leaf_count=28 46179 34 100 21 32 22 49 60 20 28 82 34 82 56 25 27 179598 1168 476 237 4523 565 108 24 67 27 32 28 78 4350
internal_value=-3.80528e-06 -0.00817547 -0.0176834 -0.00676458 0.0154864 0.0472076 -0.00906179 0.00814691 0.0186524 0.0279564 0.0187842 0.00718185 -0.0233221 -0.00325336 -0.0385066 -0.0102369 2.02271e-05 0.000860807 0.00374277 0.0122931 0.00234304 0.0168309 0.0254723 0.0362421 0.00955119 0.0243354 0.0489222 0.00461056 -0.00546239 0.0059825
internal_weight=44645.2 130.914 82.7254 54.269 23.1537 10.1011 13.0526 48.1882 36.9716 30.6701 26.9353 21.6881 31.1153 15.7492 28.4564 9.74774 44514.3 10844.4 2190.48 308.148 1882.33 263.819 157.767 94.1078 63.6593 43.4279 23.7946 11.2318 19.6333 1034.6
internal_count=238160 700 442 290 124 54 70 258 198 164 144 116 166 84 152 52 237460 57862 11683 1642 10041 1405 840 500 340 232 127 60 105 5518
is_linear=0
shrinkage=0.05


Tree=45
num_leaves=31
num_cat=0
split_feature=144 76 117 0 114 130 6 76 116 135 117 128 53 75 49 82 77 83 119 99 80 135 77 60 89 131 74 41 27 114
split_gain=3.56097 11.7385 12.7859 10.5928 9.8931 15.5196 15.6932 11.1503 10.9697 9.20763 12.4767 10.037 10.7404 10.942 10.1821 15.8317 13.0664 10.8758 13.2722 11.592 10.1379 9.24653 9.16864 9.08824 9.23113 9.7219 16.8657 15.38 10.5952 9.74432
threshold=74.500000000000014 44.737503929597985 220.50000000000003 620.50000000000011 19.500000000000004 -0.087133666767000698 39.250000000000007 40.081860464121256 120.50000000000001 25.825000000000006 234.50000000000003 -16.499999999999996 5.7750000000000012 879.83333333333337 16.500000000000004 1.2747413007657611 760.10000000000014 5.5000000000000009 0.19812119145584747 3.9000000000000004 2.1736916028489577 27.025000000000002 896.70000000000016 0.47500000000000003 0.70000000000000007 197.50000000000003 -1.0000000180025095e-35 2.5000000000000004 5.5000000000000009 25.500000000000004
decision_type=2 2 2 2 2 2 2 2 2 2 2 2 2 2 2 2 2 2 2 2 2 2 2 2 2 2 2 2 2 2
left_child=-1 4 -3 -4 5 6 -2 8 -7 10 -5 12 13 14 17 -16 -17 19 -19 -12 -14 -11 -6 24 -23 26 -26 28 -27 -29
right_child=1 2 3 9 22 7 -8 -9 -10 21 11 -13 20 -15 15 16 -18 18 -20 -21 -22 23 -24 -25 25 27 -28 29 -30 -31
leaf_value=6.8218638143098588e-05 0.013006894987549856 -0.016735795763995486 0.04884055646052466 0.030490559074435094 -0.00025545355066804181 -0.016834621945030725 0.12727309537809386 0.065699331510647038 0.044343034019367934 -0.039726511207921318 0.10143825402241183 -0.020515190001022199 -0.012583727632126875 -0.031271055557514117 -0.05551589474794142 0.094150534935730362 0.0065937398580016744 -3.592336314753105e-05 0.11326319384272079 0.012486441004263323 0.063981732483295431 -0.0088813125503469422 0.058517124982345028 -0.021709676320827612 -0.02061646748009513 0.0055755840016001547 0.088942120535671743 0.010300197504581249 -0.060946927435736667 0.11069331099785457
leaf_weight=43513.258287936449 5.6381319612264615 213.46982510387897 9.9453232735395414 36.001498758792877 312.9351669549942 28.092737510800362 6.4334865063428879 7.5359548777341834 9.9129963815212232 23.937131866812706 4.1554044634103766 52.03590153157711 83.110762819647789 11.274101033806799 8.9827930331230146 4.9491810500621787 30.64650496840477 3.7495809048414221 8.3209015578031522 30.883501514792442 4.5606084764003745 103.9502559453249 6.7795959115028372 72.358772233128548 5.4287460297346106 18.049817040562633 9.9532133191823942 5.2112791985273343 8.9554425776004773 4.5077954083681107
leaf_count=232122 30 1141 53 192 1668 150 34 40 53 127 22 278 443 60 48 26 163 20 44 164 24 556 36 387 29 97 53 28 48 24
internal_value=-3.79835e-06 -0.00277265 -0.00637384 -0.00228494 0.00442765 0.0234997 0.0739043 0.010139 -0.000877717 -0.00324245 0.0030229 -0.0010521 0.00426061 0.015212 0.0209277 0.00379904 0.0187675 0.0371361 0.0780679 0.0230356 -0.00860084 -0.0101612 0.000990827 -0.00706288 -0.000271599 0.0169045 0.0502757 0.00292698 -0.0164845 0.0568634
internal_weight=44645 1131.77 754.438 540.969 377.328 57.6133 12.0716 45.5417 38.0057 531.023 278.671 242.669 190.633 102.962 91.6879 44.5785 35.5957 47.1094 12.0705 35.0389 87.6714 252.352 319.715 228.415 156.057 52.1063 15.382 36.7243 27.0053 9.71907
internal_count=238160 6038 4027 2886 2011 307 64 243 203 2833 1484 1292 1014 547 487 237 189 250 64 186 467 1349 1704 1222 835 279 82 197 145 52
is_linear=0
shrinkage=0.05


Tree=46
num_leaves=31
num_cat=0
split_feature=121 144 49 67 32 130 61 81 117 124 85 131 141 78 52 132 98 144 131 63 41 84 95 102 77 130 125 2 118 64
split_gain=3.4951 3.8176 6.85963 7.80726 8.47762 7.35709 12.3599 5.34838 3.68783 3.54001 12.5879 9.77007 9.61078 13.3622 10.1979 9.23125 9.10714 8.77624 16.6668 13.228 13.8141 11.7359 10.9925 8.64836 12.3988 13.6041 12.923 15.1416 11.1519 10.475
threshold=28.500000000000004 78.500000000000014 16.500000000000004 1.5000000000000002 3.3934103727283289 -0.0045336312014726812 59.500000000000007 4.5000000000000009 250.50000000000003 0.99979989991591423 2.9000000000000004 332.50000000000006 3.5000000000000004 31.497931774703158 3.3750000000000004 5.9595918367346945 5.9000000000000012 14.500000000000002 317.50000000000006 -2.9999999999999996 1.5000000000000002 1.4849232860754917 0.26424974390634431 61.500000000000007 798.90000000000009 -0.1738345242322645 1.5000000000000002 17.70500732413041 0.21836778143693192 13.000000000000002
decision_type=2 2 2 2 2 2 2 2 2 2 2 2 2 2 2 2 2 2 2 2 2 2 2 2 2 2 2 2 2 2
left_child=1 9 3 4 5 6 -3 -4 -9 10 -1 12 23 14 -14 17 -17 18 19 20 -15 -20 -21 29 28 -26 27 -27 -25 -12
right_child=-2 2 7 -5 -6 -7 -8 8 -10 -11 11 -13 13 15 -16 16 -18 -19 21 22 -22 -23 -24 24 25 26 -28 -29 -30 -31
leaf_value=0.088720395974767122 0.034506770054913809 0.13647298916320499 0.011208327823284164 -0.043087818495214258 -0.024206983202264002 -0.0087192015168087132 0.013785565877801793 -0.061224605532456115 -0.012580786406437151 -0.00012961527426612847 -0.00028012359405283266 -0.0083027514471511275 0.13275066406765854 0.13472841344648928 0.019896172440750284 -0.020595292102593935 0.055073649295580666 0.0071594764055522208 0.13954858868951339 -0.015263390294138927 0.023486518051419398 0.028588601435492401 0.076604051965204201 -0.020925420009960925 0.059653464000952144 0.071620525212937991 0.01498344890148782 -0.0054731474326198057 0.017307378701912169 0.034728842210530325
leaf_weight=4.1293959617614737 7.3353870660066596 3.9045741260051745 5.2080355733633068 6.6541948020458213 7.0646665692329398 4.3006421625614193 4.3286296874284744 12.639772325754167 5.6326367855072013 40810.265888795257 2533.8205930441618 243.93930450081825 3.9996677935123426 4.2052423655986777 4.0073641836643219 33.506984308362007 4.5117961019277564 92.77269458770752 5.5532001256942731 22.086887583136562 8.2970925867557508 4.174257218837738 3.8192886710166922 20.5942193120718 9.8159589320421201 6.4782592654228202 114.18669980764389 377.86314161121845 258.18998727202415 21.548285126686096
leaf_count=21 38 20 29 37 38 23 23 71 31 217831 13419 1311 21 22 21 178 24 489 29 116 44 22 20 109 51 34 606 2007 1362 113
internal_value=-3.84256e-06 -9.51377e-06 -0.0138547 0.00370683 0.0195948 0.0442836 0.0719697 -0.0334898 -0.0462297 5.9292e-06 0.00147029 0.0013748 0.00204367 0.0130765 0.0762692 0.0102486 -0.0116154 0.0161478 0.0334711 0.0186648 0.0609035 0.0919333 -0.00171958 0.00142664 0.00600917 0.00136196 0.000214203 -0.0041737 0.0144831 1.50914e-05
internal_weight=44644.8 44637.5 49.7332 26.2527 19.5985 12.5338 8.2332 23.4804 18.2724 44587.8 3777.5 3773.37 3529.43 186.934 8.00703 178.927 38.0188 140.909 48.136 38.4085 12.5023 9.72746 25.9062 3342.5 787.128 508.344 498.528 384.341 278.784 2555.37
internal_count=238160 238122 272 141 104 66 43 131 102 237850 20019 19998 18687 986 42 944 202 742 253 202 66 51 136 17701 4169 2698 2647 2041 1471 13532
is_linear=0
shrinkage=0.05


Tree=47
num_leaves=31
num_cat=0
split_feature=127 131 113 49 57 0 58 57 84 70 24 92 126 87 130 4 85 36 117 11 135 88 76 61 135 101 124 123 51 34
split_gain=3.3297 11.2012 7.5435 13.5887 9.57802 8.27111 11.1788 7.271 7.14186 6.41905 5.70408 7.7137 5.66475 7.89729 14.8613 8.77426 7.66373 10.2438 7.77746 7.02678 6.34982 8.72207 10.4792 4.86084 11.3439 8.14569 5.90127 4.1107 7.38208 7.11076
threshold=-2.4999999999999996 257.50000000000006 4.5000000000000009 13.500000000000002 0.32500000000000001 773.50000000000011 0.27500000000000008 0.17500000000000002 1.5572337024036669 1.5000000000000002 6.5000000000000009 2.6000000000000001 27.500000000000004 30.166666666666689 0.10016872888525706 78.500000000000014 5.3000000000000016 2.5000000000000004 233.50000000000003 4.5000000000000009 25.125000000000004 1.9000000000000001 54.165384512813958 -36.499999999999993 36.625000000000007 -2.5999999999999992 3.0773326503159661 9.4500000000000011 2.1750000000000003 10.500000000000002
decision_type=2 2 2 2 2 2 2 2 2 2 2 2 2 2 2 2 2 2 2 2 2 2 2 2 2 2 2 2 2 2
left_child=2 23 3 -1 5 6 9 -7 -6 -5 -9 -12 27 16 19 -16 20 18 -18 -15 -14 22 -22 24 25 26 -2 -4 29 -29
right_child=1 -3 12 4 8 7 -8 10 -10 -11 11 -13 13 14 15 -17 17 -19 -20 -21 21 -23 -24 -25 -26 -27 -28 28 -30 -31
leaf_value=0.088431671062852102 -0.037708303425824458 0.068171362856449425 -9.8553342607911056e-06 0.042706351555371849 0.098429361506124108 0.036162689588501815 0.088080007893320933 -0.042740394626311268 0.010833734932995047 -0.033718352217452625 0.058418063846486783 -0.035533924129475931 -0.058924625430478654 -0.020200513454131735 0.1466828131246681 0.042113704884109524 0.040281482865481458 0.0724136572356016 -0.055585395016499423 0.05530743187033086 0.034541547103312108 0.05992059775698997 -0.066502759133701864 -0.029759735352132024 0.063837541282956059 -0.064943921790690487 0.046937257497049661 -0.024170165135799334 -0.042424136778442874 0.0054384155838779046
leaf_weight=6.0622164011001578 3.6034276336431503 4.0461797416210166 44359.467306807637 4.9860868304967898 4.8168758451938611 5.8215779215097454 5.439788192510604 16.889491856098179 4.5015817582607269 6.1197718679904938 3.9814317375421506 4.8411199152469635 6.5306102186441448 8.4412185996770877 3.9459486156702024 4.0805466324090958 4.1218252629041654 7.1299402415752402 4.3466833233833313 4.8522658497095099 4.404766306281088 4.3351489305496207 6.146379828453064 33.45487354695797 5.333420678973197 6.1821864545345315 4.8045521378517151 30.55104324221611 14.958600401878355 60.303111180663109
leaf_count=31 20 21 236638 26 25 31 28 91 24 33 21 26 35 44 20 21 21 37 23 25 23 23 33 185 28 35 25 163 82 322
internal_value=-3.8507e-06 -0.012036 1.16458e-05 0.0172382 0.00971886 0.000726913 0.0293567 -0.0142951 0.0561135 0.000593286 -0.0257195 0.00686463 -1.29073e-05 0.0155579 0.0397983 0.0935215 0.00159591 0.0282545 -0.0089247 0.0073607 -0.0178202 0.000212339 -0.02432 -0.0181159 0.00143601 -0.0213748 0.0106605 -3.33351e-05 -0.00987666 -0.0045179
internal_weight=44644.5 57.4246 44587.1 63.4599 57.3977 48.0793 16.5456 31.5336 9.31846 11.1059 25.712 8.82255 44523.6 58.3353 21.32 8.0265 37.0154 15.5984 8.46851 13.2935 21.4169 14.8863 10.5511 53.3785 19.9236 14.5902 8.40798 44465.3 105.813 90.8542
internal_count=238160 314 237846 336 305 256 87 169 49 59 138 47 237510 305 110 41 195 81 44 69 114 79 56 293 108 80 45 237205 567 485
is_linear=0
shrinkage=0.05


Tree=48
num_leaves=31
num_cat=0
split_feature=135 122 123 70 121 70 131 117 130 25 102 119 67 46 131 119 123 124 51 124 0 58 135 112 122 0 130 52 123 11
split_gain=3.32117 6.2869 6.13893 5.99591 9.24178 6.80232 9.2258 19.895 15.6251 10.3239 9.74308 8.21233 14.6924 10.4976 10.8127 22.8093 10.1626 13.3524 14.1015 9.0736 8.58821 8.1545 8.12416 8.11131 7.79324 7.43735 7.81483 7.62517 8.67378 7.35723
threshold=31.825000000000006 14.500000000000002 10.100000000000001 8.5000000000000018 1.5000000000000002 3.5000000000000004 187.50000000000003 187.50000000000003 -0.066545994848489484 4.5000000000000009 10.500000000000002 0.14423590462666866 1.0000000180025095e-35 2.5000000000000004 251.50000000000003 0.12821646786935084 3.3250000000000006 4.1569108009327387 1.925 2.9529335430890402 681.50000000000011 0.22500000000000003 32.025000000000006 2.5000000000000004 4.416666666666667 842.50000000000011 -0.061076782740098347 3.1750000000000003 3.9000000000000004 6.5000000000000009
decision_type=2 2 2 2 2 2 2 2 2 2 2 2 2 2 2 2 2 2 2 2 2 2 2 2 2 2 2 2 2 2
left_child=-1 3 -3 5 -5 29 7 -7 24 10 -10 12 13 14 16 19 -8 -18 -19 -16 23 -20 -13 -14 -9 27 -27 -15 -29 -2
right_child=1 2 -4 4 -6 6 11 8 9 -11 -12 22 20 25 15 -17 17 18 21 -21 -22 -23 -24 -25 -26 26 -28 28 -30 -31
leaf_value=0.00023396748418204737 -0.00065687513581040883 -0.051173818545799769 0.015381629804412123 -0.019032890832872729 0.078503104172806634 -0.007101544544733474 0.072802990097158196 0.033267858491370449 0.076474909104902247 0.10467019675295881 -0.027903837136012511 -0.035507333232554943 -0.01561319608016073 -0.025877670614581672 0.070081373003744604 0.16490342514265735 -0.012826831947013593 -0.030486844839193974 0.11649555158605862 -0.029825948757594468 -0.017056378066951077 0.026306268706757386 -0.0062143764665240284 0.064187765084867163 -0.047450059756514062 -0.040640918763902252 0.039849387627196836 0.10545294517859725 0.014533459307707783 0.0051558134222455341
leaf_weight=34235.466411590576 8469.2972668260336 11.718949094414713 4.918999880552291 4.1561298966407758 5.8430949747562408 52.029789805412292 7.475351706147193 6.9826550930738467 5.2384668886661547 10.461043283343313 3.9002602994441986 24.221845611929893 5.9214655160903913 6.1544051468372372 5.1040920019149763 4.3171686381101599 25.074817463755608 4.1335230916738501 6.0009696334600431 4.0966556966304779 73.661541730165482 4.3036652207374573 1038.3079917430878 6.8888077139854431 5.2301239371299744 15.35778032243252 3.7523977756500235 3.7713414579629889 8.616705045104025 581.77174535393715
leaf_count=182426 45347 69 27 22 31 278 39 37 28 55 21 130 32 33 27 23 134 22 32 22 394 23 5562 37 28 82 20 20 46 3113
internal_value=-3.8226e-06 -0.000785942 -0.0314967 -0.000736773 0.0379627 -0.000774046 -0.00411151 0.0119435 0.043092 0.0707528 0.0319278 -0.00519084 0.00454247 0.0177809 0.0306796 0.0700871 0.0193427 0.00922864 0.0475325 0.0255974 -0.0104852 0.0788286 -0.00688215 0.0273003 -0.0012996 -0.00294682 -0.0248362 0.0196127 0.0422124 -0.000283255
internal_weight=44644.2 10408.7 16.6379 10392.1 9.99922 10382.1 1331 83.8423 31.8125 19.5998 9.13873 1247.16 184.631 98.1589 60.5062 13.5179 46.9883 39.513 14.4382 9.20075 86.4718 10.3046 1062.53 12.8103 12.2128 37.6526 19.1102 18.5425 12.388 9051.07
internal_count=238160 55734 96 55638 53 55585 7125 447 169 104 49 6678 986 523 322 72 250 211 77 49 463 55 5692 69 65 201 102 99 66 48460
is_linear=0
shrinkage=0.05


Tree=49
num_leaves=31
num_cat=0
split_feature=134 75 96 113 117 116 122 98 2 21 96 115 115 75 2 144 127 144 61 123 135 39 126 70 135 73 77 144 135 76
split_gain=3.34577 9.84613 7.75672 7.28948 7.4305 7.73161 7.7957 7.62949 6.84549 6.39226 5.82192 5.5935 7.35348 5.25747 5.1752 6.74124 5.05192 5.01044 4.97287 5.99412 4.86299 4.12863 3.47201 15.4724 11.3318 13.2713 10.9924 12.104 13.267 16.6976
threshold=10.500000000000002 712.16666666666686 5.3000000000000016 14.500000000000002 257.50000000000006 122.50000000000001 5.166666666666667 4.5000000000000009 21.000208327554887 10.500000000000002 4.3000000000000016 48.500000000000007 53.500000000000007 829.16666666666686 17.70500732413041 57.500000000000007 -8.4999999999999982 40.500000000000007 128.50000000000003 3.9000000000000004 42.625000000000007 1.5000000000000002 2.5000000000000004 1.0000000180025095e-35 19.075000000000006 0.3157894736842109 837.10000000000014 5.5000000000000009 22.925000000000001 13.457742695021233
decision_type=2 2 2 2 2 2 2 2 2 2 2 2 2 2 2 2 2 2 2 2 2 2 2 2 2 2 2 2 2 2
left_child=22 -2 8 4 5 6 7 -4 14 -9 -10 13 -13 -12 15 20 -7 -5 -16 -20 -3 -17 23 24 -1 -26 27 -25 29 -29
right_child=1 2 3 17 -6 16 -8 9 10 -11 11 12 -14 -15 18 21 -18 -19 19 -21 -22 -23 -24 26 25 -27 -28 28 -30 -31
leaf_value=-0.026012167351577332 0.06488347321727371 -0.050500859570547507 -0.012747383212744818 -0.066196427410369491 0.071311064521871179 0.0014023652715303462 -0.02202574750990214 0.11323416948347041 -0.040321816498217117 0.03229103725259666 0.025475585924680223 0.087425693908709218 -0.0010318535686426912 -0.04578979488695132 -0.04576414012503642 -0.0029832446224709384 -0.066160743860688029 0.0021426552205330153 -0.039535058977340269 0.03922792490102045 0.0045111662749369313 0.067485355388590518 -3.559377946141451e-05 -0.031325815151610523 0.03193299423329584 -0.020586086560111735 -0.010833639206163171 0.10580627491726649 -0.00083301876428211886 0.01461613517246254
leaf_weight=12.049889087677 4.5438952445983878 9.3362804800272041 3.7223031967878404 4.9830727130174619 5.4331150501966468 7.3928452879190445 5.5971199572086325 4.7167286574840528 5.7582126855850246 5.0512343347072601 5.4258516430854815 4.8665950298309308 4.5423105210065842 4.9480476975440979 34.036614745855331 4.6965525299310666 4.4215874671936017 5.8085226714611053 5.5740751773118955 4.2629781514406204 7.0512924641370764 3.7287164330482483 43780.477195858955 22.530567422509193 92.967374980449677 13.816354662179945 163.9315147548914 5.1881815940141669 252.26079617440701 154.80060821771622
leaf_count=63 24 50 20 27 29 40 30 25 31 27 29 26 24 27 184 25 24 31 30 23 38 20 233598 120 485 72 870 27 1329 812
internal_value=-3.8365e-06 -0.00756316 -0.00989199 0.00666994 0.0173868 0.00790588 0.0275823 0.0481647 -0.0181752 0.0713766 0.0039252 0.0168042 0.0447213 -0.00851592 -0.0263932 -0.00814328 -0.0238833 -0.0294133 -0.0367145 -0.00540239 -0.0268301 0.0282036 2.09486e-05 0.00347084 0.0199511 0.0251377 0.000199808 0.00435991 0.00631023 0.0175733
internal_weight=44643.9 145.898 141.354 47.1265 36.3349 30.9018 19.0874 13.4903 94.2275 9.76796 25.541 19.7828 9.40891 10.3739 68.6865 24.8128 11.8144 10.7916 43.8737 9.83705 16.3876 8.42527 44498 717.545 118.834 106.784 598.712 434.78 412.25 159.989
internal_count=238160 784 760 253 195 166 102 72 507 52 137 106 50 56 370 133 64 58 237 53 88 45 237376 3778 620 557 3158 2288 2168 839
is_linear=0
shrinkage=0.05


Tree=50
num_leaves=31
num_cat=0
split_feature=135 110 119 132 87 120 116 130 117 81 78 10 101 75 75 91 34 101 69 102 128 3 131 136 80 64 101 28 138 132
split_gain=3.34627 6.11618 10.1454 8.22847 12.8619 9.23113 7.4982 12.5341 9.62933 7.62687 13.45 10.6271 6.90519 7.14471 8.66359 7.49815 9.58685 8.05439 7.48818 8.65071 9.27739 8.24484 11.2381 7.14907 15.4789 10.1712 7.194 7.14826 6.95234 9.1161
threshold=16.925000000000001 1.0000000180025095e-35 0.35696455242678427 4.4621125143513209 130.83333333333334 0.093251943833992976 103.50000000000001 -0.10709226728153255 101.50000000000001 4.3000000000000016 89.538594689000476 3.5000000000000004 3.0000000000000004 842.83333333333337 861.50000000000011 2.5000000000000004 8.5000000000000018 1.8000000000000003 2.5000000000000004 48.500000000000007 -22.499999999999996 7.5000000000000009 282.50000000000006 1.5000000000000002 1.6867121281243425 -2.9999999999999996 0.6000000000000002 3.5000000000000004 3.5000000000000004 5.9008196721311483
decision_type=2 2 2 2 2 2 2 2 2 2 2 2 2 2 2 2 2 2 2 2 2 2 2 2 2 2 2 2 2 2
left_child=1 3 6 4 5 -1 7 -3 -9 10 -8 -12 13 15 23 16 17 -5 28 20 -20 22 -22 24 27 -25 -27 -15 -16 -30
right_child=-2 2 -4 12 -6 -7 9 8 -10 -11 11 -13 -14 14 18 -17 -18 -19 19 -21 21 -23 -24 25 -26 26 -28 -29 29 -31
leaf_value=0.073846264626029931 6.5249428309410682e-05 0.073325487573432005 0.0079849656081963892 0.026192250536731083 0.083545493171321469 -0.013380112174169978 -0.014797156463088613 -0.0097621597309070132 0.067735012229586819 -0.016251452135116733 0.0045124497904855485 0.076122212492122948 -0.030697613093894811 0.038325831523251995 -0.018762945434629291 -0.030735454814512828 -0.0042930784283193623 -0.030905195458977859 -0.015635443323208709 -0.020436661492979284 -0.0091021524830272697 0.093562134318237497 0.090630591232443602 0.058076104265991246 0.10052957865170296 0.0098114020311035055 -0.065112341613768165 -0.034632981704270323 0.043627741689179385 -0.032214469521964904
leaf_weight=3.8693769127130571 43535.761625722051 6.3606823086738578 92.976655915379524 45.898769453167915 7.4779266417026511 14.035758316516874 36.188278079032898 39.082607835531235 4.4664175808429709 290.43349891901016 12.005574494600298 9.1141017675399763 18.463462263345718 11.87090346217156 46.15531513094902 22.870870336890221 352.35133065283298 7.1368332058191291 6.8012312203645697 9.7171195745468122 7.8320206999778801 7.4527298510074607 4.4179100096225739 6.3531653285026577 8.5534959584474546 8.4685491025447828 5.1535557061433783 4.6811586767435065 11.757638424634935 5.9758792072534552
leaf_count=20 232184 33 498 240 37 75 198 213 24 1577 65 49 101 63 249 126 1906 39 36 52 42 39 23 33 43 45 29 25 63 33
internal_value=-3.80674e-06 -0.00271736 -0.00688439 0.000594597 0.0284712 0.00546988 -0.0103611 0.00776206 -0.001814 -0.0129622 0.00370763 0.0354153 -0.00060084 0.000368193 0.00995333 -0.00288142 -0.00130997 0.0185088 0.00175724 0.0199187 0.0347142 0.0520946 0.0268662 0.0281542 0.0459149 0.00583198 -0.018534 0.017692 -0.00853921 0.0180703
internal_weight=44643.7 1107.92 490.628 617.295 25.3831 17.9051 397.651 49.9097 43.549 347.741 57.308 21.1197 591.912 573.448 145.191 428.258 405.387 53.0356 100.11 36.221 26.5039 19.7027 12.2499 45.0808 25.1056 19.9753 13.6221 16.5521 63.8888 17.7335
internal_count=238160 5976 2657 3319 132 95 2159 270 237 1889 312 114 3187 3086 775 2311 2185 279 537 192 140 104 65 238 131 107 74 88 345 96
is_linear=0
shrinkage=0.05


Tree=51
num_leaves=31
num_cat=0
split_feature=105 117 115 76 26 88 117 100 117 82 56 124 124 10 100 88 64 96 82 69 46 142 18 53 141 6 144 63 90 27
split_gain=3.29551 6.1655 7.30074 10.0398 10.1969 9.0984 9.09939 8.99643 7.80936 10.6335 7.59669 16.1843 8.6191 16.0853 8.12794 7.33907 7.3378 11.5827 8.00081 7.06542 8.25702 6.7366 6.13023 6.09713 5.7679 8.14504 9.65636 13.7679 9.05651 8.2602
threshold=1.0000000180025095e-35 280.50000000000006 48.500000000000007 27.868647552723512 6.5000000000000009 2.9000000000000004 285.50000000000006 -1.0000000180025095e-35 288.50000000000006 1.5508054040544847 3.5000000000000004 3.4992855684535908 1.054764319301863 5.5000000000000009 -2.9999999999999996 -1.4999999999999998 -1.0000000180025095e-35 4.5000000000000009 1.3873863542433762 1.0000000180025095e-35 1.5000000000000002 5.5000000000000009 9.5000000000000018 6.2250000000000005 1.5000000000000002 56.750000000000007 65.500000000000014 9.0000000000000018 1.5000000000000002 8.5000000000000018
decision_type=2 2 2 2 2 2 2 2 2 2 2 2 2 2 2 2 2 2 2 2 2 2 2 2 2 2 2 2 2 2
left_child=1 -1 15 4 7 10 -7 8 9 -4 11 19 13 -12 -14 21 18 -18 -17 20 -5 -3 -20 -22 -2 29 28 -28 -27 -26
right_child=24 2 3 5 -6 6 -8 -9 -10 -11 12 -13 14 -15 -16 16 17 -19 22 -21 23 -23 -24 -25 25 26 27 -29 -30 -31
leaf_value=0.00050461035700530353 0.00016785782844487974 0.09714933698937217 0.11174728276851818 0.055524560443415555 0.078319152843540463 -0.017651759535215091 0.089654431351665578 -0.035767473335626368 -0.029919194395085249 0.0034645118809091026 -0.036905987218877855 0.07979548768743501 0.040398359714244256 0.080620436004466237 -0.034818433859028115 0.089085736361252943 0.038666088232352035 -0.052165451335394769 0.045342540965980782 -0.058752137611768208 -0.06637906685234056 0.0073050202154191406 -0.04180518060189449 0.017953360827052081 -0.0014882789456331811 0.0024091786001386598 0.11104578133003258 -0.012898136017314377 0.060428022576571677 -0.015458010236602518
leaf_weight=22174.089443266392 14269.47222211957 4.2760118246078473 4.1890165507793444 4.9005415290594163 5.1482837051153174 4.0949053466320029 3.8173007220029831 9.8204856961965561 4.1008470505476007 4.9420842379331589 6.824531361460684 5.4545356631278983 3.7374395430088034 5.0774311721324921 92.056520774960518 3.8288372009992608 5.2252812832593927 10.690301626920698 3.9952252209186536 6.8054401725530616 4.4561892598867399 4.074485644698143 4.077301487326622 4.129319816827774 7799.0152015239 70.898356929421425 5.624993681907652 3.7238627523183823 7.4310716092586508 107.27227230370045
leaf_count=117975 76181 23 22 26 27 22 20 53 22 26 37 29 20 27 497 20 28 58 21 37 24 22 22 22 41851 379 30 20 39 580
internal_value=-3.79687e-06 0.000424674 -0.00819138 -0.0125416 0.014698 -0.0179761 0.0341189 0.000489542 0.0273988 0.0531407 -0.0210649 0.00333454 -0.0268979 0.0132313 -0.0318838 0.0122029 -0.000137582 -0.0223443 0.0295593 -0.0172189 0.00374001 0.0533113 0.00132565 -0.0258182 -0.000434507 -0.00150975 0.0136459 0.0616761 0.0079134 -0.00167782
internal_weight=44643.2 22379.8 205.722 169.555 28.2007 141.354 7.91221 23.0524 13.2319 9.1311 133.442 25.746 107.696 11.902 95.794 36.1674 27.8169 15.9156 11.9014 20.2915 13.4861 8.3505 8.07253 8.58551 22263.4 7993.97 87.6783 9.34886 78.3294 7906.29
internal_count=238160 119080 1105 911 150 761 42 123 70 48 719 138 581 64 517 194 149 86 63 109 72 45 43 46 119080 42899 468 50 418 42431
is_linear=0
shrinkage=0.05


Tree=52
num_leaves=31
num_cat=0
split_feature=134 120 6 69 127 99 26 32 61 24 2 17 94 117 114 87 62 76 62 125 99 118 110 94 2 87 144 124 124 99
split_gain=3.3311 10.2335 11.1717 11.9305 11.8562 17.5759 14.2224 10.8038 10.3801 10.3264 10.2274 10.1666 9.02199 8.28666 11.1629 8.10056 8.74888 7.95568 7.94058 7.96143 13.5019 11.3909 8.71581 11.82 10.954 10.0282 15.1128 9.43496 12.3923 10.6262
threshold=2.5000000000000004 0.25726195497370102 42.750000000000007 -1.4999999999999998 -9.4999999999999982 4.9000000000000012 7.5000000000000009 2.1242563284220197 51.500000000000007 9.5000000000000018 21.669881148289193 4.5000000000000009 0.20260654807883635 273.50000000000006 25.500000000000004 -195.49999999999997 -259.49999999999994 59.419410830418173 -222.49999999999997 2.5000000000000004 4.3000000000000016 0.25981330243869555 1.0000000180025095e-35 0.32117516385414041 21.000208327554887 -28.166666666666682 24.500000000000004 4.0859459984052275 2.6457405119694526 6.1000000000000005
decision_type=2 2 2 2 2 2 2 2 2 2 2 2 2 2 2 2 2 2 2 2 2 2 2 2 2 2 2 2 2 2
left_child=-1 15 3 8 5 -4 9 10 12 13 -7 -9 17 -6 -15 -2 -17 -3 -5 22 -21 -22 27 24 25 26 -24 28 -20 -30
right_child=1 2 4 18 6 7 -8 11 -10 -11 -12 -13 -14 14 -16 16 -18 -19 19 20 21 -23 23 -25 -26 -27 -28 -29 29 -31
leaf_value=0.00023436700782603453 0.0095143630342729522 -0.0038335935985182989 -0.0017264372399084515 -0.012604053430975586 -0.0038692782426537776 -0.001062482400409726 0.082642389192882457 0.055341314280836974 -0.024146264758652048 0.057216419789005706 0.089031878091972896 -0.020615645467539686 -0.00070569349322108363 -0.015268317562263004 0.0872955556856682 -0.017104532348582568 0.00010924472265248287 -0.028443490818689576 -0.0027472518382164785 0.099432791865547765 -0.023762124675219116 0.071704732932832305 0.079992189447234616 -0.0078008276499137554 0.017150661668183475 0.016079927451850072 -0.018969607549226525 -0.01812265963053938 0.011746184032288186 0.079078545353396174
leaf_weight=34233.979291796684 227.44878615438938 68.546705037355423 281.88739977777004 87.2088393419981 446.78595279157162 12.930974155664446 5.0299320071935645 4.4569234997034064 73.064555898308754 7.2743913382291785 4.1644670814275733 380.58925910294056 441.00626078248024 4.8653571903705579 5.8341618180274963 74.596101596951485 7042.2505433410406 63.041914984583855 476.62755072116852 5.6982082277536419 9.3410384953021985 4.6950777769088736 4.096823424100875 99.422606721520424 267.87150791287422 50.108351692557335 66.151069700717926 73.380879506468773 114.4160325974226 6.175913229584693
leaf_count=182613 1211 367 1506 468 2394 69 27 23 391 39 22 2036 2360 26 31 398 37544 338 2547 30 50 25 22 531 1430 267 354 394 614 33
internal_value=-3.78941e-06 -0.00078706 -0.00321402 -0.000868206 -0.00709895 -0.0112993 -0.000983053 -0.0180096 -0.00639867 -0.0018881 0.0208846 -0.0197364 -0.00413404 -0.00282791 0.040657 0.000225676 -7.11836e-05 -0.0156238 0.00195413 0.0030319 0.0345229 0.00817152 0.00249536 0.00758164 0.011521 -0.00100873 -0.0131982 -0.00120331 0.000875588 0.0151945
internal_weight=44642.9 10409 3064.67 1910.85 1153.82 684.029 469.79 402.142 645.659 464.76 17.0954 385.046 572.595 457.485 10.6995 7344.3 7116.85 131.589 1265.19 1177.99 19.7343 14.0361 1158.25 487.65 388.228 120.356 70.2479 670.6 597.219 120.592
internal_count=238160 55547 16394 10221 6173 3656 2517 2150 3456 2490 91 2059 3065 2451 57 39153 37942 705 6765 6297 105 75 6192 2604 2073 643 376 3588 3194 647
is_linear=0
shrinkage=0.05


Tree=53
num_leaves=31
num_cat=0
split_feature=122 75 117 24 130 124 132 93 112 124 95 122 43 134 107 116 64 130 120 84 115 100 77 59 77 53 115 61 131 131
split_gain=3.3427 7.54595 8.41094 7.20721 11.0795 9.22689 13.009 14.1064 9.1499 6.87836 8.46808 6.77817 7.01079 6.67055 10.9899 14.3305 17.5154 13.0341 10.7525 10.2851 13.337 12.7784 12.7051 11.8755 9.98102 12.2855 11.6331 12.3712 9.80331 10.6907
threshold=4.166666666666667 942.16666666666686 268.50000000000006 8.5000000000000018 -0.14436240555946392 1.6415600380524462 4.7623083131557715 -5.3999999999999995 5.5000000000000009 2.0603394205031154 0.17789304952426929 11.833333333333334 4.5000000000000009 2.5000000000000004 1.0000000180025095e-35 145.50000000000003 -2.9999999999999996 -0.063286202444009676 0.25726195497370102 1.3133249580710802 61.500000000000007 3.0000000000000004 835.30000000000007 0.27500000000000008 790.10000000000014 6.5750000000000002 39.500000000000007 115.50000000000001 313.50000000000006 294.50000000000006
decision_type=2 2 2 2 2 2 2 2 2 2 2 2 2 2 2 2 2 2 2 2 2 2 2 2 2 2 2 2 2 2
left_child=13 3 9 -2 -5 6 -6 -8 11 10 -3 12 -7 -1 18 -16 17 -17 -15 20 21 -20 28 -23 25 26 27 -21 29 -22
right_child=1 2 -4 4 5 8 7 -9 -10 -11 -12 -13 -14 14 15 16 -18 -19 19 24 22 23 -24 -25 -26 -27 -28 -29 -30 -31
leaf_value=0.00077591713956563617 -0.00079041319446563707 -0.0021916743694589541 0.076702573180152916 0.090598480653404201 -0.01961875870219152 0.0037342814688365992 0.10518912085570664 0.011520971070345479 -0.023780467831493832 0.0044610445388175686 0.075511943915894122 0.069921401256653526 0.060683593354872389 -0.00027806296876406548 0.0018612994351080141 0.036027046801724333 0.013983158244864785 0.15952547523502844 -0.0026033906157409414 0.074227506242640628 0.022405717005829329 0.0043940973252826086 -0.026688692245726387 0.082382860081415044 -0.010233218657514432 0.083030750936972889 -0.0035533726381369885 -0.016719212569926544 0.004212241159252548 0.11471856098508225
leaf_weight=20805.071006774902 16966.39834420383 6.1930570900440207 4.8781729489564887 3.8019108027219763 7.3736072033643749 386.5881230533123 8.4365691691637075 7.6772513091564152 29.266120940446854 90.677875772118568 8.0818533897399885 4.0033917725086203 5.4808015078306189 2801.9177030324936 1507.1581149101257 4.3604091256856918 25.8586046397686 4.1889251917600614 524.49347457289696 9.934864327311514 5.0544416159391465 11.245632171630861 6.2173677533864966 8.6248636692762357 966.01964357495308 4.2990299165248862 408.83178946375847 5.99582415819168 6.3554623275995246 8.26449306309223
leaf_count=110795 90706 33 26 20 39 2066 45 41 157 484 43 21 29 14914 8019 23 136 22 2808 53 27 60 33 44 5200 22 2184 32 34 44
internal_value=-3.81995e-06 -0.000541919 0.0125228 -0.000624295 0.00560252 0.00488253 0.0353902 0.060562 0.00319789 0.00953973 0.0418008 0.00519134 0.00453039 0.000344056 -0.00108013 0.0025897 0.0344955 0.0965377 -0.00226682 -0.00510213 0.000555313 -0.00111232 0.0356166 0.0382454 -0.00741468 -0.00106881 -0.00191998 0.0399979 0.0553059 0.0796865
internal_weight=44642.7 17528.9 109.831 17419 452.628 448.826 23.4874 16.1138 425.338 104.953 14.2749 396.072 392.069 27113.9 6308.82 1541.57 34.4079 8.54933 4767.25 1965.34 570.256 544.364 25.8918 19.8705 1395.08 429.062 424.762 15.9307 19.6744 13.3189
internal_count=238160 93710 586 93124 2418 2398 125 86 2273 560 76 2116 2095 144450 33655 8200 181 45 25455 10541 3050 2912 138 104 7491 2291 2269 85 105 71
is_linear=0
shrinkage=0.05


Tree=54
num_leaves=31
num_cat=0
split_feature=138 5 52 75 135 57 101 82 47 85 53 61 102 100 131 118 130 67 76 10 73 115 4 62 85 128 135 131 77 130
split_gain=3.2448 8.34362 9.18476 10.7951 9.28021 8.86643 7.09125 9.02046 8.49631 6.49456 6.37433 6.20331 6.14795 7.70421 7.77063 8.11763 11.925 11.3789 9.64447 8.75181 8.6893 8.6424 7.73478 8.43358 7.22954 7.37006 9.16575 9.25967 6.74585 8.26987
threshold=4.5000000000000009 76.500000000000014 2.9250000000000003 883.50000000000011 24.625000000000004 0.075000000000000025 1.8000000000000003 1.7262579304887016 9.5000000000000018 5.1000000000000005 5.7750000000000012 55.500000000000007 32.500000000000007 -2.1999999999999997 354.50000000000006 0.31183602226660595 0.034164720068142397 3.5000000000000004 50.290268358653556 5.5000000000000009 -0.2631578947368422 52.500000000000007 77.500000000000014 -140.49999999999997 3.9000000000000004 -22.499999999999996 26.325000000000006 251.50000000000003 807.30000000000007 -1.0000000180025095e-35
decision_type=2 2 2 2 2 2 2 2 2 2 2 2 2 2 2 2 2 2 2 2 2 2 2 2 2 2 2 2 2 2
left_child=-1 5 -3 4 -4 -2 12 8 -8 -10 -9 -6 13 -7 15 18 -17 22 20 21 -15 28 23 -18 -14 26 27 -26 -20 -30
right_child=1 2 3 -5 11 6 7 10 9 -11 -12 -13 24 14 -16 16 17 -19 19 -21 -22 -23 -24 -25 25 -27 -28 -29 29 -31
leaf_value=3.6625050059579748e-05 0.05694930836231004 -0.055957902585773212 0.020022436648460484 0.091286535796417559 9.7256641615025506e-05 -0.048144780257028924 -0.027154339014281548 0.079323165973158125 -0.018193897546287804 0.062617133087790308 0.01177018773538856 -0.063865610204750095 0.016009348112639144 0.02557251826582236 -0.065274562174215275 -0.032740919669340722 0.045053728453558387 0.12498059362438418 -0.020866647600242195 0.072167641758910467 -0.046318086600461938 -0.045945695560898843 0.069688104198490072 -0.054325281475017077 0.057428805536210097 -0.026797153384124379 0.070368997831162683 -0.020685790417160899 0.092097150050140492 0.013227577686626135
leaf_weight=44243.666200503707 5.1591112464666358 4.9250173419713965 52.617351233959198 4.3166032433509818 10.481565386056902 8.3891877681016904 17.952271804213524 6.4259273111820203 4.1864227056503314 6.1221574544906616 7.6486624628305435 5.93806467950344 14.466031745076178 5.4639910310506847 4.1131598204374304 5.9249413311481502 4.469726815819743 3.8725683689117423 8.9018375277519244 5.039238601922988 18.215811848640442 7.4780476540327063 6.5806998312473288 4.0867203027009955 4.3976222872734061 121.81316733360291 3.9939962476491919 27.628656625747681 4.3818916380405417 13.76288551092148
leaf_count=235996 26 27 272 21 56 46 98 33 23 32 41 35 77 30 23 32 24 20 49 27 101 41 35 22 23 680 21 152 23 74
internal_value=-3.84344e-06 -0.00449402 0.0101402 0.0145781 0.00978184 -0.00806856 -0.00913237 0.00990786 -0.00637976 0.0297989 0.0426123 -0.0230345 -0.0120852 -0.00226916 0.00190088 0.00503434 0.0291951 0.0484993 -0.00449135 0.0106143 -0.0297297 0.00162996 0.0289329 -0.00241156 -0.0178211 -0.0209218 -0.00105265 -0.00995965 0.014784 0.0322743
internal_weight=44642.4 398.753 78.2786 73.3536 69.037 320.475 315.316 42.3354 28.2609 10.3086 14.0746 16.4196 272.98 100.681 92.2915 88.1784 24.9347 19.0097 63.2437 39.5639 23.6798 34.5247 15.1371 8.55645 172.299 157.833 36.0203 32.0263 27.0466 18.1448
internal_count=238160 2164 411 384 363 1753 1727 227 153 55 74 91 1500 547 501 478 133 101 345 214 131 187 81 46 953 876 196 175 146 97
is_linear=0
shrinkage=0.05


Tree=55
num_leaves=31
num_cat=0
split_feature=144 76 117 27 85 2 92 66 63 0 0 102 101 75 99 64 77 94 135 117 56 128 131 53 49 77 83 120 80 53
split_gain=3.2236 10.607 11.6471 9.51243 16.7117 11.29 10.7107 14.5604 17.4367 12.3279 9.32849 9.14002 10.0305 9.07874 8.98928 16.2309 14.2349 11.181 7.65316 11.1972 12.1239 9.2271 10.268 10.9127 10.0962 13.22 9.28102 16.2137 10.9625 9.21068
threshold=74.500000000000014 44.737503929597985 220.50000000000003 5.5000000000000009 6.1000000000000005 21.205276412735099 -2.1999999999999997 1.0000000180025095e-35 -4.9999999999999991 705.50000000000011 611.50000000000011 20.500000000000004 1.0000000180025095e-35 888.33333333333337 4.7000000000000002 -1.0000000180025095e-35 807.70000000000016 0.26774788007058664 25.825000000000006 234.50000000000003 6.5000000000000009 -16.499999999999996 174.50000000000003 5.7750000000000012 16.500000000000004 760.10000000000014 5.5000000000000009 0.16262422300482718 1.3873863542433762 5.6750000000000016
decision_type=2 2 2 2 2 2 2 2 2 2 2 2 2 2 2 2 2 2 2 2 2 2 2 2 2 2 2 2 2 2
left_child=-1 3 -3 4 6 -5 7 8 -2 -8 -4 -6 -13 -7 15 17 -17 -11 19 20 -12 22 -21 24 26 -26 28 -28 -24 -30
right_child=1 2 10 5 11 13 9 -9 -10 14 18 12 -14 -15 -16 16 -18 -19 -20 21 -22 -23 23 -25 25 -27 27 -29 29 -31
leaf_value=6.4643844391217928e-05 0.1046527959085754 -0.016020189655247388 0.05801765557759915 -0.029005922896233462 0.11148260368773331 -0.0024660723064374806 0.093120653482893223 -0.02151952290663273 -0.01262896224561688 0.023719291303216782 0.012400739371121662 -0.0078942658108146439 0.082113710593606448 0.049381927530616911 0.0025594992967811359 -0.021110857987301994 0.054631538166026353 0.09278171361601828 -0.0092034216469364105 0.069044115541121859 0.079509349454071648 -0.01986388100025659 0.060029810373590058 -0.011214568228204158 0.070908855235115711 -0.01240487554778049 -0.018636973907968327 0.099913552858597196 -0.013300175619318875 0.064437204924762737
leaf_weight=43512.126312807202 5.523709312081337 211.59014421701431 6.3596480488777152 39.759364515542984 5.3155460655689266 79.215357333421707 4.6911132335662833 55.303557381033897 7.4347625076770765 11.551924601197245 28.282621830701828 6.7817507833242399 5.6942175328731537 9.4503475278615934 106.70122303068638 19.722051486372951 9.0495584309101087 11.895316392183302 253.08500093221664 5.8708220124244681 8.8318107724189741 51.680392816662788 10.22896660864353 85.730667680501938 5.3490769863128653 43.340797767043114 4.1436314284801474 9.4884665459394437 23.187856271862987 4.559694215655326
leaf_count=232122 29 1141 33 212 28 421 25 295 40 61 149 36 30 50 568 105 48 63 1360 31 46 279 54 459 27 232 22 48 122 24
internal_value=-3.82116e-06 -0.00264058 -0.00607638 0.0041906 0.00987866 -0.00686728 0.00629536 -0.0103414 0.0373638 0.0132366 -0.00218107 0.0565791 0.0331867 0.0030601 0.0108785 0.0278772 0.00271246 0.0587562 -0.0028983 0.00278663 0.02837 -0.00111152 0.00393866 0.00188402 0.0130801 -0.00325202 0.0284886 0.0638788 0.0157849 -0.000525762
internal_weight=44641.9 1129.82 751.73 378.09 249.665 128.425 231.873 68.262 12.9585 163.611 540.139 17.7915 12.476 88.6657 158.92 52.2189 28.7716 23.4472 533.78 280.695 37.1144 243.58 191.9 186.029 100.298 48.6899 51.6086 13.6321 37.9765 27.7476
internal_count=238160 6038 4027 2011 1328 683 1234 364 69 870 2886 94 66 471 845 277 153 124 2853 1493 195 1298 1019 988 529 259 270 70 200 146
is_linear=0
shrinkage=0.05


Tree=56
num_leaves=31
num_cat=0
split_feature=133 130 120 135 27 57 90 135 100 123 65 132 124 78 128 128 61 114 121 5 44 132 120 0 120 84 132 123 120 120
split_gain=3.18208 7.43024 6.97702 9.3598 9.35944 7.31601 6.28547 5.76402 5.44609 6.48493 7.56687 8.86899 5.14159 5.10322 4.9276 7.07248 4.71947 4.66359 6.38234 4.65485 4.57985 5.98583 7.19043 5.90089 4.57691 4.50165 5.18522 4.31623 4.31097 4.04907
threshold=6.5000000000000009 0.0066769343343459917 0.12952560290382206 26.725000000000005 4.5000000000000009 0.17500000000000002 1.1000000000000003 20.375000000000004 -1.7999999999999998 5.4500000000000011 -1.4999999999999998 4.2767594108019642 2.0472062365467205 86.757130110555821 -1.0000000180025095e-35 -1.4999999999999998 -16.499999999999996 6.5000000000000009 10.500000000000002 71.500000000000014 1.5000000000000002 5.5954913880445805 0.28482300975971447 812.50000000000011 0.22490743058045601 1.5508054040544847 4.3099343185550092 4.2666666666666675 0.077539762961960954 0.24254457781702385
decision_type=2 2 2 2 2 2 2 2 2 2 2 2 2 2 2 2 2 2 2 2 2 2 2 2 2 2 2 2 2 2
left_child=1 2 3 4 5 -1 8 -6 -3 10 -10 -12 -13 -9 15 17 -7 18 24 -5 -17 29 -23 -24 28 -4 -27 -16 -2 -22
right_child=14 6 25 19 7 16 -8 13 9 -11 11 12 -14 -15 27 20 -18 -19 -20 -21 21 22 23 -25 -26 26 -28 -29 -30 -31
leaf_value=-0.015635671437548172 -0.011216043702128663 -0.025305064505849142 -0.05196239797329183 0.0059578999235133968 0.027937425331148142 0.10092109864458376 -0.02538754607503059 -0.059268197082841284 0.073247411140268365 0.07449833997981925 -0.037074491029898633 0.06428304132116601 -0.00031095006840917513 0.0077230638079581575 -0.053671831317605223 -0.0001282778666279944 0.031576839868524144 2.1752003007420699e-05 0.040483869860701516 -0.044944385948872387 -0.0089738555517643939 0.1124144311808099 0.07146759107602145 -0.014017427135142348 0.018360312758285476 0.027500417760046022 -0.045646924213881841 0.0063224088570254973 -0.058332880542105683 0.053240819966251865
leaf_weight=3.9221813082695034 8.0925198793411344 6.1832421272993079 18.186234131455425 6.1801558285951641 5.8084140717983272 4.7553483545780173 11.046058520674704 7.2017525881528837 4.6140069067478207 5.6562953293323508 8.4346463680267387 5.701555669307707 6.70204196870327 4.6968363374471664 7.9490675926208478 15.760476171970366 5.0692790895700446 44430.046405628324 3.7363350540399543 16.435257792472839 8.6421656757593137 4.1754672080278405 4.3354374766349775 3.777794286608696 4.1159885674715033 4.7541675865650159 4.9404468685388565 4.8132580518722534 12.133755683898924 3.7500395476818094
leaf_count=21 43 34 100 33 31 25 60 39 24 30 45 30 35 25 43 84 27 237026 20 89 46 22 23 20 22 25 27 26 65 20
internal_value=-3.85814e-06 -0.00780645 -0.0169769 -0.00650055 0.0111393 0.0420942 0.00774069 -0.0128926 0.0175535 0.0260722 0.0153104 0.00248193 0.0293809 -0.0328241 1.89806e-05 2.78899e-05 0.0651411 8.87828e-06 -0.0203618 -0.0310342 0.0209278 0.0343736 0.0591007 0.0316629 -0.0297011 -0.0372935 -0.00977601 -0.0310453 -0.0394815 0.0098531
internal_weight=44641.6 130.288 81.9501 54.0692 31.4538 13.7468 48.3378 17.707 37.2918 31.1085 25.4523 20.8382 12.4036 11.8986 44511.3 44498.6 9.82463 44458.1 28.0786 22.6154 40.4414 24.6809 12.2887 8.11323 24.3423 27.8808 9.69461 12.7623 20.2263 12.3922
internal_count=238160 700 442 290 168 73 258 95 198 164 134 110 65 64 237460 237391 52 237176 150 122 215 131 65 43 130 152 52 69 108 66
is_linear=0
shrinkage=0.05


Tree=57
num_leaves=31
num_cat=0
split_feature=115 75 92 61 78 94 78 60 61 116 52 93 43 97 105 31 60 34 116 2 32 62 61 102 23 132 32 76 130 81
split_gain=3.13442 14.9163 11.64 10.24 8.93575 8.92341 8.78817 8.50088 12.5435 12.5154 10.1073 9.55989 10.9565 10.3491 13.2808 10.6048 11.1276 11.8359 10.5033 9.90167 13.4364 9.7582 9.62194 10.6814 12.224 11.3563 10.5975 11.3138 15.6039 9.72078
threshold=63.500000000000007 888.33333333333337 6.2000000000000011 57.500000000000007 25.620015021135611 0.16267562917006018 72.978626921224432 0.4250000000000001 -248.49999999999997 150.50000000000003 3.4250000000000003 7.4000000000000012 2.5000000000000004 3.9000000000000004 1.0000000180025095e-35 3.7631578947368425 0.47500000000000003 11.500000000000002 147.50000000000003 20.499969363428118 4.070704687894203 -12.499999999999998 6.5000000000000009 61.500000000000007 5.5000000000000009 4.6396721311475417 2.5448876416886734 32.266252705859792 0.01792121622699289 4.7000000000000002
decision_type=2 2 2 2 2 2 2 2 2 2 2 2 2 2 2 2 2 2 2 2 2 2 2 2 2 2 2 2 2 2
left_child=-1 2 4 6 -2 -3 -4 9 -9 -6 -11 12 13 14 -10 16 -15 18 -18 -17 22 -14 23 25 -25 29 -27 28 -28 -21
right_child=1 5 3 -5 7 -7 -8 8 11 10 -12 -13 21 15 -16 19 17 -19 -20 20 -22 -23 -24 24 -26 26 27 -29 -30 -31
leaf_value=-5.7116827700955857e-05 -0.031841570906718422 0.046816386547663291 0.085936174736639545 -0.028216197969601699 0.018160650118304051 -0.031879262247481797 -0.0080076155895404972 0.088722612507044427 0.090962572220243315 -0.031790520637792911 0.040999648157782426 -0.042026279298111563 -0.028069335794892705 -0.0045314555329307865 0.0014890109337717342 -0.059409477567891993 0.0018651668068587692 0.074292600058473518 0.079996299560875506 -0.003418068267020838 0.089901317850136969 0.0035256687490749293 -0.015188985771052904 0.01465978493731156 0.12566149360134837 0.056341274498429628 0.1047277868095947 -0.037177286441911282 -0.039507069408477563 0.10296143705435126
leaf_weight=43929.704399168491 14.388051986694334 3.956218644976615 3.9313679337501508 42.673366650938988 245.96859660744667 40.256930157542229 6.787394717335701 4.1693629771471015 8.5384944379329681 22.881168022751812 6.0247593373060218 12.172219544649122 44.114945143461227 23.356682479381561 8.0645407885313034 7.0741005688905707 20.42254346609116 14.876361384987829 5.4492314755916587 3.946550175547598 4.1463102847337714 54.79107229411602 62.165436610579491 6.15704597532749 4.1533176153898239 5.2738186866044989 3.7841096669435528 23.766973465681076 3.7170167863368988 4.7107481360435486
leaf_count=234367 77 21 21 227 1309 215 36 22 45 122 32 65 236 125 43 38 109 79 29 21 22 292 332 33 22 28 20 127 20 25
internal_value=-3.78894e-06 0.00328779 0.00515071 -0.0172419 0.00709757 -0.0248375 0.0264486 0.00803176 0.00255591 0.0145032 -0.0166191 0.00143561 0.0031504 0.00962308 0.0475029 0.00636444 0.0229838 0.0387555 0.0183215 -0.00190104 0.00143844 -0.0105666 -0.00167857 0.0134518 0.0593745 0.0029764 -0.00922242 -0.0202807 0.0332554 0.0544669
internal_weight=44641.4 711.719 667.506 53.3921 614.113 44.2131 10.7188 599.725 324.851 274.875 28.9059 320.682 308.509 209.603 16.603 193 64.1048 40.7481 25.8718 128.895 121.821 98.906 117.675 55.5096 10.3104 45.1992 36.5419 31.2681 7.50113 8.6573
internal_count=238160 3793 3557 284 3273 236 57 3196 1733 1463 154 1711 1646 1118 88 1030 342 217 138 688 650 528 628 296 55 241 195 167 40 46
is_linear=0
shrinkage=0.05


Tree=58
num_leaves=31
num_cat=0
split_feature=131 6 117 119 15 23 124 132 32 83 80 49 118 138 102 132 123 23 142 131 85 123 124 7 132 91 75 124 60 61
split_gain=3.13469 7.61893 9.57589 13.7355 10.9839 10.4242 10.021 10.1502 10.6043 9.44527 9.41861 17.6594 14.4232 10.8901 8.81013 13.7036 14.2445 13.3681 12.0663 11.9838 20.1499 13.8102 14.883 23.3425 11.8623 11.7274 11.7631 10.7487 9.98414 9.09454
threshold=219.50000000000003 46.750000000000007 252.50000000000003 0.28596170340741073 1.0000000180025095e-35 6.5000000000000009 5.3103658834016061 5.0916083916083918 2.1404942832777576 4.1000000000000005 1.5636487597155921 13.500000000000002 0.26503308644225715 1.5000000000000002 15.500000000000002 4.471143174250833 4.7750000000000012 4.5000000000000009 7.5000000000000009 217.50000000000003 5.5000000000000009 5.1000000000000005 2.7202841663236401 4.5000000000000009 4.580322580645162 1.7000000000000002 852.16666666666686 1.5745966692414839 0.4250000000000001 120.50000000000001
decision_type=2 2 2 2 2 2 2 2 2 2 2 2 2 2 2 2 2 2 2 2 2 2 2 2 2 2 2 2 2 2
left_child=1 -1 4 5 14 6 7 8 -4 -5 12 -12 13 -10 15 16 27 24 -18 -16 21 22 23 -21 -17 -19 -27 28 -3 -26
right_child=-2 2 3 9 -6 -7 -8 -9 10 -11 11 -13 -14 -15 19 17 18 25 -20 20 -22 -23 -24 -25 29 26 -28 -29 -30 -31
leaf_value=6.5803374774015363e-05 -0.00024305012565434167 0.09561677378873526 0.10202058776121709 0.048956515573238851 -0.0021910291066728339 0.003652746669656131 -0.012060167777417908 0.10296378752132117 0.022290751101677511 -0.022770246777858626 -0.030085271373125118 0.049306340548743624 0.10281710191855226 -0.017736938341037328 0.0061760028522263432 0.092160270050878235 0.12524975431876287 -0.029599740167622277 0.027445407963994441 0.0064722912603581949 -0.019652954559060559 0.0070961457182050873 0.12769745858579143 0.1220027541867863 0.023308913640275711 -0.01039147102268701 0.043278783724246449 -0.025020948479631794 -0.014190079230248993 -0.037020757681387254
leaf_weight=8750.8288574665785 33665.993057489395 4.5904181748628634 4.421179771423339 5.2022272348403922 855.57526688277721 106.42551201581955 17.319328978657722 4.4016741365194312 42.499886840581894 38.98623763024807 8.1304053664207441 50.571215093135834 4.0933606326580039 28.312055930495262 781.73229292035103 4.7126737534999839 5.2157592326402646 74.624364480376244 7.9758438616991043 12.893548101186758 14.855998083949087 13.537050753831862 7.7115810364484778 6.6153855323791495 23.35497543215752 61.547081992030144 12.239462628960608 14.573255211114882 3.7704126238822937 8.5277571976184827
leaf_count=46706 179607 24 23 28 4571 566 92 23 224 210 43 265 21 149 4150 25 28 401 43 68 79 72 41 35 125 331 65 79 20 46
internal_value=-3.82275e-06 0.000729995 0.00334292 0.0114898 0.0020219 0.0157756 0.0238519 0.0282188 0.0258352 -0.014326 0.0233141 0.0383103 0.011562 0.00628687 0.00542723 -0.00344937 0.024718 -0.00894954 0.0661158 0.00777143 0.0301975 0.0483679 0.0688927 0.0456481 0.0181169 -0.0156236 -0.00148883 0.000906156 0.0460981 0.00717238
internal_weight=44641.2 10975.2 2224.42 310.363 1914.05 266.175 159.749 142.43 138.028 44.1885 133.607 58.7016 74.9053 70.8119 1058.48 221.132 36.1257 185.006 13.1916 837.346 55.6136 40.7576 27.2205 19.5089 36.5954 148.411 73.7865 22.9341 8.36083 31.8827
internal_count=238160 58553 11847 1644 10203 1406 840 748 725 238 702 308 394 373 5632 1187 194 993 71 4445 295 216 144 103 196 797 396 123 44 171
is_linear=0
shrinkage=0.05


Tree=59
num_leaves=31
num_cat=0
split_feature=123 124 118 76 94 9 78 39 132 117 40 80 65 78 86 91 119 123 11 53 89 97 20 124 53 81 51 73 90 77
split_gain=3.11655 9.35395 14.154 16.6027 11.7033 9.81183 9.46255 8.77166 10.075 11.144 17.7356 15.8711 9.84783 9.72885 9.17294 9.98515 8.69564 11.1351 13.7684 13.3993 12.7149 10.953 10.8393 11.1297 10.4886 9.96246 9.33657 12.3289 9.23588 8.93923
threshold=3.4500000000000006 2.1447407866300323 0.16413783449046224 30.360787917052964 0.13166288453345504 4.5000000000000009 49.069338084268473 3.5000000000000004 5.2177865612648224 257.50000000000006 1.5000000000000002 2.2068029966520615 -2.4999999999999996 111.0749296317817 0.98989794855663571 2.9000000000000004 0.33752675164064716 3.6750000000000003 2.5000000000000004 6.1250000000000009 3.9000000000000004 6.7000000000000002 5.5000000000000009 4.2331915517539311 5.9250000000000016 3.5000000000000004 2.1750000000000003 0.57894736842105299 3.3000000000000007 803.90000000000009
decision_type=2 2 2 2 2 2 2 2 2 2 2 2 2 2 2 2 2 2 2 2 2 2 2 2 2 2 2 2 2 2
left_child=1 -1 3 5 -5 -3 -6 -4 9 10 13 12 -12 -9 -14 -16 17 18 21 20 -20 -2 -18 25 -19 -24 27 28 -21 -30
right_child=16 2 7 4 6 -7 -8 8 -10 -11 11 -13 14 -15 15 -17 22 24 19 26 -22 -23 23 -25 -26 -27 -28 -29 29 -31
leaf_value=-7.978576682664863e-05 0.0038130502781199404 0.1357985971147489 0.0031384515732101569 0.093262239662833216 -0.05625439705726263 0.043241744180912645 0.014361288835209747 -0.012609672951294513 -0.015930119338057422 -0.017284431078877633 -0.032148461395328141 0.1068953955117654 -0.03708380579510466 0.048515187791177188 0.019390431010297506 0.088865292009886757 -0.054023272984909415 0.00053244296515277763 -0.0085213501894548047 0.010841391687214964 0.022644272474629148 -0.053792849483370986 0.051625057068218107 -0.005971076704639389 -0.001801094437058895 0.0068700269458961127 -0.0078551046602951275 -0.045212312933340278 0.00865484746805909 0.10247316286762578
leaf_weight=15040.25761128962 562.77516722679138 4.5865510702133161 3353.8729191720486 4.2797946929931632 5.2726319879293433 7.6211502999067307 47.318270534276962 104.39509861171246 132.06476086378098 67.67847765982151 10.12719005346298 4.8935172706842414 6.7546620666980735 6.9426998049020758 98.086229994893074 5.4596368372440329 7.8798336535692206 15433.175959974527 1478.2619369775057 164.39080141484737 33.467668697237968 8.3743918538093549 12.651074841618536 188.64571295678616 6999.2250570207834 725.83330015838146 107.06765219569206 9.3529536724090558 4.6587575525045377 5.5802149772644043
leaf_count=80016 2997 22 17864 21 29 39 244 556 705 360 54 26 36 37 522 29 42 82500 7931 876 177 46 67 1008 37416 3865 571 50 25 29
internal_value=-3.87765e-06 0.000483684 0.00267958 0.0251089 0.013752 0.0780162 0.00728154 0.0022708 -0.00439735 0.000607198 0.00572375 0.0186252 0.0150384 -0.00879811 0.0193709 0.0230536 -0.000361851 -0.000540267 -0.00379668 -0.00593997 -0.00783139 0.00296841 0.00437161 0.00486791 -0.000195654 0.00763673 0.00388411 0.0107157 0.0137111 0.0597856
internal_weight=44641 18899.6 3859.35 69.0784 56.8707 12.2077 52.5909 3790.28 436.402 304.338 236.659 125.321 120.428 111.338 110.301 103.546 25741.3 24806.3 2373.93 1802.78 1511.73 571.15 935.01 927.13 22432.4 738.484 291.05 183.983 174.63 10.239
internal_count=238160 100560 20544 355 294 61 273 20189 2325 1620 1260 667 641 593 587 551 137600 132618 12702 9659 8108 3043 4982 4940 119916 3932 1551 980 930 54
is_linear=0
shrinkage=0.05


Tree=60
num_leaves=31
num_cat=0
split_feature=135 89 128 3 122 101 61 134 87 135 17 90 144 85 0 123 80 130 97 121 57 130 10 24 2 120 43 68 117 58
split_gain=3.07141 8.76336 8.41011 9.43078 9.85468 8.77989 8.68159 9.34211 8.62051 15.4223 15.5581 12.074 10.9778 10.6833 13.5532 10.5639 10.0592 10.0007 10.5737 11.0378 8.71475 8.55541 8.32733 9.27233 12.0268 8.3084 8.02092 15.0218 8.04151 7.96793
threshold=41.675000000000004 -2.6999999999999997 -21.499999999999996 8.5000000000000018 8.8333333333333339 1.8000000000000003 -84.499999999999986 7.5000000000000009 -70.499999999999986 44.275000000000006 14.500000000000002 -2.6999999999999997 7.5000000000000009 4.3000000000000016 693.50000000000011 4.5500000000000007 2.1083165307717238 -0.067616104555668369 4.7000000000000002 7.5000000000000009 0.22500000000000003 -0.11877822258070038 3.5000000000000004 4.5000000000000009 21.865612271027942 0.40286169042360592 3.5000000000000004 1.5000000000000002 242.50000000000003 0.27500000000000008
decision_type=2 2 2 2 2 2 2 2 2 2 2 2 2 2 2 2 2 2 2 2 2 2 2 2 2 2 2 2 2 2
left_child=-1 -2 3 4 25 8 7 -7 9 10 -4 -10 -11 14 -13 16 26 18 21 20 -20 -16 -19 -24 29 -3 -15 28 -28 -25
right_child=1 2 5 -5 -6 6 -8 -9 11 12 -12 13 -14 15 17 -17 -18 22 19 -21 -22 -23 23 24 -26 -27 27 -29 -30 -31
leaf_value=6.6142260326762715e-05 0.011423938638973815 -0.0052341830590722366 -0.019916764418124112 -0.030663778845183842 0.059709183893012885 0.013126479128169938 -0.026555994290811888 -0.05698121366302298 0.057756359938710235 0.080032923383337048 0.057397925738818904 -0.038618636207510916 0.0048861217974370671 -0.0070707962180057973 0.067515577028320062 0.012379485071772809 -0.046237857066538754 0.063611309539750652 0.060565296901078397 0.028365107049512929 0.15802970242511244 -0.025747957705031594 -0.039101285599085323 0.013395086945738875 0.045780140430538213 -0.032066697274307158 0.12960586268845611 -0.015152323141379332 0.033227808454409889 -0.052166368285749366
leaf_weight=43402.437349975109 104.10569371283054 274.17350971698761 142.1196812838316 48.067743316292763 5.4603449106216422 34.506238892674446 60.403052225708961 5.5105974078178397 10.849449068307875 5.1005796194076529 6.8190995454788199 9.0526870936155301 103.03570862114429 170.54304264485836 4.1016120165586472 110.87152746319771 14.977065175771711 7.2916997224092475 4.31792099773884 6.8055457919836035 4.8919447809457779 6.1400862783193606 9.1243980377912504 13.1004576086998 18.72532394528389 32.241828262805939 3.8068102747201937 9.7873087227344495 5.016252264380455 7.1711763441562644
leaf_count=231496 546 1481 767 262 28 185 327 30 58 27 36 49 555 922 22 597 81 39 23 36 26 33 49 70 101 175 20 53 27 39
internal_value=-3.90611e-06 -0.00245946 -0.003734 -0.0100484 -0.0068711 -0.000797776 -0.0145899 0.00347216 0.0012582 -0.00594185 -0.0163769 0.00570147 0.00843065 0.00430948 0.0194278 -4.47189e-05 -0.00679281 0.025862 0.0512797 0.076653 0.112335 0.0116024 0.0138179 0.00627289 0.0168894 -0.00805757 -0.00366957 0.0274988 0.0748112 -0.00979756
internal_weight=44640.6 1238.12 1134.01 359.943 311.876 774.069 100.42 40.0168 673.649 257.075 148.939 416.574 108.136 405.725 90.7229 315.002 204.13 81.6702 26.2571 16.0154 9.20987 10.2417 55.4131 48.1214 38.997 306.415 189.153 18.6104 8.82306 20.2716
internal_count=238160 6664 6118 1946 1684 4172 542 215 3630 1385 803 2245 582 2187 487 1700 1103 438 140 85 49 55 298 259 210 1656 1022 100 47 109
is_linear=0
shrinkage=0.05


Tree=61
num_leaves=31
num_cat=0
split_feature=135 69 79 124 120 95 132 84 132 124 124 80 132 115 125 130 144 120 125 144 89 131 122 120 85 91 132 54 120 27
split_gain=3.06176 5.87369 8.05459 8.99671 8.93862 13.8565 8.4193 9.93229 7.98173 7.48425 13.1433 19.8719 10.8474 7.40641 8.20725 13.3358 9.24264 8.19773 7.4366 11.4771 7.13483 8.43394 6.9377 6.89591 6.79164 6.65824 7.39854 17.7962 10.091 6.60297
threshold=16.925000000000001 1.5000000000000002 4.3000000000000016 2.6457405119694526 0.34126517528035033 0.19656725575706427 4.6434624697336568 1.7832466327314751 6.0068493150684938 7.2525852215217839 5.3962899342827564 1.2922616289332567 4.6789083557951487 61.500000000000007 1.5000000000000002 0.15545669154351272 2.5000000000000004 0.18890382241984369 2.5000000000000004 26.500000000000004 1.9000000000000001 245.50000000000003 2.8333333333333335 0.15783704068170482 5.1000000000000005 1.7000000000000002 4.526794258373207 5.8750000000000009 0.29827280819946705 8.5000000000000018
decision_type=2 2 2 2 2 2 2 2 2 2 2 2 2 2 2 2 2 2 2 2 2 2 2 2 2 2 2 2 2 2
left_child=1 9 3 6 -5 -6 -3 8 -8 10 23 -12 -13 14 16 17 -4 -16 22 24 -14 -22 -19 -1 -20 26 27 28 -25 -18
right_child=-2 2 13 4 5 -7 7 -9 -10 -11 11 12 20 -15 15 -17 29 18 19 -21 21 -23 -24 25 -26 -27 -28 -29 -30 -31
leaf_value=-0.018087808551191346 6.2081065120835743e-05 -0.021695419153655263 -0.038426202116697582 -0.018083826692073666 -0.012810084899887705 0.10979254127168131 0.033310672341358004 0.078591341002553897 -0.027846973282500295 -0.066113830615168498 0.10191838649856078 0.073020366169736575 -0.051752092571606359 -0.034162586905095126 -0.038226194435568905 0.07905173183942156 0.0066588065154363635 0.028712528041017094 -0.046778974695115827 0.083033246171242914 0.054730958774039995 -0.030815790313278187 -0.024273800940466234 0.089432798079082942 0.042051039961787849 -0.026753808199756392 -0.0042091470405318026 -0.048299889325518042 0.0038875587656404804 -0.037653367262378647
leaf_weight=115.87386158108711 43534.284733772278 7.6288313567638388 12.550682276487349 28.853829845786095 5.5807818472385389 3.9257481247186661 32.186315730214119 10.228766500949858 6.3950090110301963 5.1362643986940375 6.7960752695798901 4.6534271836280849 7.099980533123019 16.840790674090385 30.310280874371529 3.765267699956893 289.92861524224281 7.3182892054319373 5.154582276940344 5.3569210320711127 5.763428181409834 5.7611124962568283 39.638096824288368 8.8721110820770281 3.6936894059181213 30.868780419230461 385.84290815889835 5.6656048595905295 5.6379798352718344 8.6578899919986707
leaf_count=627 232184 40 68 155 30 20 168 53 34 28 36 25 39 90 164 20 1563 39 28 29 31 32 217 46 20 171 2095 31 30 47
internal_value=-3.92e-06 -0.00260188 0.00128014 0.0144536 -0.00422989 0.037819 0.0271523 0.034787 0.0231735 -0.00602202 -0.00549246 0.0266977 0.00473671 -0.00167068 -0.000324163 -0.0131675 0.00360711 -0.0169635 -0.00642627 0.0252724 -0.0123243 0.0119662 -0.0160157 -0.00724382 -0.0096971 -0.00436771 -0.00266574 0.0268505 0.0561937 0.00537392
internal_weight=44640.3 1105.99 518.014 94.7993 38.3604 9.50653 56.4389 48.8101 38.5813 587.972 582.835 30.074 23.2779 423.215 406.374 95.2371 311.137 91.4719 61.1616 14.2052 18.6245 11.5245 46.9564 552.761 8.84827 436.887 406.019 20.1757 14.5101 298.587
internal_count=238160 5976 2785 500 205 50 295 255 202 3191 3163 163 127 2285 2195 517 1678 497 333 77 102 63 256 3000 48 2373 2202 107 76 1610
is_linear=0
shrinkage=0.05


Tree=62
num_leaves=31
num_cat=0
split_feature=144 81 93 49 49 94 90 124 85 132 85 25 87 84 80 67 52 27 47 135 77 86 45 76 141 119 45 115 115 88
split_gain=3.04153 6.86933 9.02343 6.45281 7.36195 5.40252 4.50734 3.03122 10.8963 9.09885 14.6555 13.4753 17.5682 10.9969 12.3131 10.3097 13.9204 9.98141 9.21317 11.9367 8.95139 9.6777 8.70899 8.19099 8.18902 11.5773 10.2571 8.4571 10.7419 7.97946
threshold=78.500000000000014 4.5000000000000009 0.6000000000000002 16.500000000000004 15.500000000000002 0.2820949168670337 -0.49999999999999994 0.99979989991591423 2.9000000000000004 5.8759615384615396 4.3000000000000016 2.5000000000000004 43.500000000000007 2.0062367818371292 1.3674598796801485 2.5000000000000004 3.6250000000000004 4.5000000000000009 8.5000000000000018 26.225000000000005 824.70000000000016 2.3334521319619359 1.5000000000000002 123.40628314129773 3.5000000000000004 0.51352285128573849 1.0000000180025095e-35 59.500000000000007 63.500000000000007 -2.0999999999999996
decision_type=2 2 2 2 2 2 2 2 2 2 2 2 2 2 2 2 2 2 2 2 2 2 2 2 2 2 2 2 2 2
left_child=7 2 -2 4 5 -3 -5 8 -1 24 13 12 17 -11 -15 20 18 -12 19 -17 21 -13 -16 -22 25 -10 -27 -26 -29 -14
right_child=1 3 -4 6 -6 -7 -8 -9 9 10 11 15 29 14 22 16 -18 -19 -20 -21 23 -23 -24 -25 27 26 -28 28 -30 -31
leaf_value=0.080974916276085218 -0.024877615726713508 -0.047291816342670309 0.05901467804125337 -0.012220198577602533 0.047695326046607915 0.017464582681548071 -0.064334859288123533 -0.00011565020891175109 0.0020948910428672603 0.0051840280890344936 0.025364419412670692 -0.011077282295142937 0.045219412692207986 -0.011373772699628032 0.040894848472202608 0.015009072716314556 -0.049967521662363165 0.13598793929735081 0.0065611055600215745 0.13036789794996526 -0.031196880480081179 0.06655979897323494 0.1440661406601047 0.017328019991886188 0.018374664051321234 0.042145246256360611 -0.024097302855245237 -0.041484306177232852 0.030424366734398491 -0.026147347242262933
leaf_weight=4.2932052165269843 6.1218098402023298 8.3576942384243029 6.7279416620731354 6.5901927649974832 5.1831110417842856 5.2403677701950064 11.200328409671783 40809.83995141089 3100.0483378916979 87.380857899785042 3.7860488295555133 147.38795219361782 5.7578124701976803 4.5071491450071326 4.1670410335063917 5.4799818098545057 9.1079980731010419 4.4191724061965942 37.50449837744236 3.7956365048885345 108.80878132581711 4.1263456642627707 4.0175125747919083 9.4520052522420865 130.12925980985165 6.4156951904296866 65.546303853392601 14.073373287916185 8.2309121638536435 12.249008625745772
leaf_count=21 34 47 36 37 27 27 65 217868 16408 464 20 787 30 24 22 29 49 23 200 20 583 22 21 50 678 34 349 76 44 65
internal_value=-3.91439e-06 -0.012401 0.0190472 -0.0234505 -0.00300937 -0.0223362 -0.0450299 9.82575e-06 0.00136425 0.00127374 -0.00538266 -0.0101843 0.0243045 0.0115009 0.0549914 -0.0129602 0.0065854 0.0849441 0.0175961 0.0622146 -0.0170094 -0.00896291 0.091538 -0.0273185 0.00217866 0.00163466 -0.0181915 0.0134989 -0.014948 -0.0033273
internal_weight=44639.9 49.4214 12.8498 36.5717 18.7812 13.5981 17.7905 44590.5 3780.68 3776.39 451.948 351.875 26.212 100.073 12.6917 325.663 55.8881 8.20522 46.7801 9.27562 269.775 151.514 8.18455 118.261 3324.44 3172.01 71.962 152.434 22.3043 18.0068
internal_count=238160 273 70 203 101 74 102 237887 20019 19998 2409 1878 138 531 67 1740 298 43 249 49 1442 809 43 633 17589 16791 383 798 120 95
is_linear=0
shrinkage=0.05


Tree=63
num_leaves=31
num_cat=0
split_feature=127 131 113 49 57 0 70 122 57 71 42 50 32 126 96 124 91 11 31 134 87 50 135 122 119 102 32 87 123 2
split_gain=2.99824 9.85635 6.73196 11.6232 8.36488 7.4131 9.58857 8.90218 6.50812 6.25421 6.13107 5.51776 5.34505 5.107 7.07891 13.1222 10.8928 8.42526 7.25363 11.4803 6.86497 8.00126 6.43735 4.52812 6.21115 12.3735 5.26469 4.44212 3.96499 4.94655
threshold=-2.4999999999999996 257.50000000000006 4.5000000000000009 13.500000000000002 0.32500000000000001 773.50000000000011 1.5000000000000002 9.8333333333333339 0.17500000000000002 -2.4999999999999996 2.5000000000000004 1.5750000000000004 2.991678172835234 27.500000000000004 4.9000000000000012 11.764350970504493 1.7000000000000002 5.5000000000000009 3.9210526315789482 1.5000000000000002 43.500000000000007 1.425 32.32500000000001 10.833333333333334 0.27812000712527463 44.500000000000007 2.2971732713262152 8.1666666666666874 11.300000000000002 22.020303118093672
decision_type=2 2 2 2 2 2 2 2 2 2 2 2 2 2 2 2 2 2 2 2 2 2 2 2 2 2 2 2 2 2
left_child=2 9 3 -1 5 6 7 -5 -7 -2 -6 -10 -8 28 15 16 18 20 19 -15 21 -16 -23 24 25 26 -11 -13 -4 -30
right_child=1 -3 13 4 10 8 12 -9 11 23 -12 27 -14 14 17 -17 -18 -19 -20 -21 -22 22 -24 -25 -26 -27 -28 -29 29 -31
leaf_value=0.080690914433884625 0.047148853002236465 0.062401804814375211 -2.4906070557584228e-05 0.11513763692588314 0.089606169148854817 0.03341061932743368 -0.052949456543364061 0.013353460974536971 -0.040313835509146627 0.031318410649502207 0.0093877956887078937 -0.027747886064241889 0.028062063074343599 -0.021077450553956961 0.052283813697049021 0.116894332464092 0.085718085972976699 -0.066551932636293026 -0.035254718266460143 0.08482977957260722 0.051309338585961962 -0.043853379206148131 0.025483294273665098 -0.044746372320475902 -0.057843463943478439 0.059503038082212911 -0.031682933772208953 0.047690610935949972 0.014278516634994487 -0.058450354167023356
leaf_weight=6.3031746745109549 3.5103261321783057 4.183395028114318 44450.079019099474 4.3070362806320208 5.0649672597646695 5.9381155669689205 3.96329717338085 4.2858358323574066 17.532517284154896 4.0812452137470308 4.4965429306030273 3.876918524503707 4.1872460097074509 5.4411913752555936 4.5893614590168097 4.0216936767101279 4.8228582441806784 4.2754210829734793 7.7884930968284598 4.8304865807294846 7.082715615630149 10.980597287416456 4.815552443265914 15.082100093364714 6.0419887900352469 6.3403632491827002 17.684689685702324 3.9289832711219788 3.7158590555191022 6.3045690655708313
leaf_count=31 19 21 237151 21 26 31 22 22 96 22 23 21 22 29 24 20 24 23 41 24 36 59 25 87 33 34 98 21 20 34
internal_value=-3.91286e-06 -0.0114716 1.07294e-05 0.01623 0.00917376 0.000670002 0.0275201 0.0643711 -0.0137038 -0.0173313 0.0518814 -0.0247452 -0.0113307 -1.25453e-05 0.0147322 0.0336008 0.018962 -0.00126006 0.00113518 0.0287278 0.0089026 -0.00583114 -0.0227157 -0.021929 -0.0118514 -0.00196447 -0.0198698 0.0102229 -3.19955e-05 -0.0314804
internal_weight=44639.6 56.9241 44582.6 63.8846 57.5815 48.0199 16.7434 8.59287 31.2765 52.7407 9.56151 25.3384 8.15054 44518.7 58.6484 26.9047 22.883 31.7436 18.0602 10.2717 27.4682 20.3855 15.7961 49.2304 34.1483 28.1063 21.7659 7.8059 44460.1 10.0204
internal_count=238160 314 237846 336 305 256 87 43 169 293 49 138 44 237510 305 138 118 167 94 53 144 108 84 274 187 154 120 42 237205 54
is_linear=0
shrinkage=0.05


Tree=64
num_leaves=31
num_cat=0
split_feature=142 70 86 132 81 114 0 88 84 53 84 116 76 132 130 116 119 5 95 77 130 119 77 95 86 87 88 75 79 116
split_gain=2.96669 14.223 11.6817 11.2905 10.2487 10.115 10.8793 10.1274 9.80132 15.4312 12.543 12.8394 11.0138 10.9294 17.4424 10.8852 11.0273 10.2122 12.4161 11.3714 9.39545 9.38139 9.68552 9.17319 8.53829 8.46467 8.32692 8.22077 12.3866 9.95384
threshold=2.5000000000000004 1.0000000180025095e-35 2.5739058858907566 4.8375235700817099 5.5000000000000009 19.500000000000004 652.50000000000011 3.7000000000000006 1.5572337024036669 5.8250000000000002 1.7677392332939066 117.50000000000001 134.68068497079534 4.6789083557951487 -0.050298125291299019 89.500000000000014 0.44898342782229544 71.500000000000014 0.26593863656291933 806.70000000000016 0.12772530984987196 0.29290014138291431 800.70000000000016 0.27644960509675659 1.7677392332939066 -175.16666666666666 2.7000000000000006 900.50000000000011 4.7000000000000002 146.50000000000003
decision_type=2 2 2 2 2 2 2 2 2 2 2 2 2 2 2 2 2 2 2 2 2 2 2 2 2 2 2 2 2 2
left_child=1 5 4 -4 -3 20 26 21 9 -6 11 15 23 -12 24 16 -10 19 -19 -16 -1 22 -8 -13 -15 -23 -7 28 -27 -30
right_child=-2 2 3 -5 8 6 7 -9 10 -11 13 12 -14 14 17 -17 -18 18 -20 -21 -22 25 -24 -25 -26 27 -28 -29 29 -31
leaf_value=0.01231208806998452 -0.00010833295324836667 -0.0023506240982989249 0.11389200362628722 0.017414754675260696 -0.0096275057615253599 0.071128564521001011 0.089353174565660998 0.072966320240618637 0.063367995611641734 0.011736959469936432 -0.025229281210958396 0.023719965481724534 0.11704677628210079 0.08575579810623371 0.04937423918947615 -0.02860113627762384 -0.021333954373320193 -0.0012823547020272999 -0.066557192329412443 -0.0073776297102907231 0.11001713985901479 -0.037098854134921831 0.010084203936620814 0.071558919041900246 0.0019771373876508814 -0.0080979344833949796 0.0081298294783323753 0.045681893226556212 0.012618524830958395 -0.050839029870611022
leaf_weight=5.0621211081743223 41887.574147164822 1661.6777925640345 4.1477996706962577 11.277971550822256 196.75639794766903 11.935507401823999 6.6944195479154578 5.7068589925765982 9.2174562066793424 148.16596126556396 28.798866808414459 76.13549368083477 3.792510285973548 10.115050181746481 19.728696569800377 18.280597820878029 6.5896482169628134 64.152650997042656 8.2183605879545194 15.972712859511374 4.7875373065471649 11.914898052811621 9.0805483758449537 11.539460986852644 4.3486631214618674 130.27830368280411 9.3573876768350583 12.43627046048641 239.04060426354408 6.3436442613601676
leaf_count=27 223529 8847 22 60 1047 63 35 30 49 787 153 404 20 53 104 97 35 342 44 85 25 64 48 61 23 693 50 66 1263 34
internal_value=-3.8622e-06 0.00158652 -8.58931e-06 0.0433563 -0.000301534 0.00968797 0.00857319 0.00681165 0.00517428 -0.000450117 0.0121806 0.023864 0.0336249 0.00248745 0.00900153 -0.00232745 0.0280575 0.00210036 -0.00869488 0.0239836 0.0598027 0.00590365 0.0437236 0.0300164 0.0605669 0.00441218 0.0434431 0.0056866 0.00436256 0.010978
internal_weight=44639.1 2751.55 2298.92 15.4258 2283.49 452.638 442.788 421.496 621.813 344.922 276.89 125.555 91.4675 151.335 122.536 34.0877 15.8071 108.072 72.371 35.7014 9.84966 415.789 15.775 87.675 14.4637 400.014 21.2929 388.099 375.663 245.384
internal_count=238160 14631 12233 82 12151 2398 2346 2233 3304 1834 1470 666 485 804 651 181 84 575 386 189 52 2203 83 465 76 2120 113 2056 1990 1297
is_linear=0
shrinkage=0.05


Tree=65
num_leaves=31
num_cat=0
split_feature=105 131 91 131 122 132 74 135 92 32 34 69 6 135 85 99 61 116 69 83 62 5 45 2 47 61 41 100 59 84
split_gain=2.9518 6.16461 7.45004 7.6704 12.9229 11.1015 10.9673 13.8143 10.6652 10.35 9.60012 8.93121 8.30924 8.26215 8.56114 7.9861 7.69619 11.8834 9.71989 7.87966 9.85849 7.56227 7.44937 7.23501 7.17972 12.139 8.22169 7.14804 7.10352 6.98396
threshold=1.0000000180025095e-35 341.50000000000006 3.7000000000000006 348.50000000000006 5.8333333333333348 6.227671451355663 2.5000000000000004 28.825000000000006 2.2000000000000006 2.7740380080530831 21.500000000000004 -4.4999999999999991 44.250000000000007 17.325000000000006 6.3000000000000016 4.9000000000000012 -132.49999999999997 98.500000000000014 -2.4999999999999996 4.3000000000000016 69.500000000000014 73.500000000000014 1.5000000000000002 22.888971111793413 8.5000000000000018 154.50000000000003 2.5000000000000004 -1.7999999999999998 0.17500000000000002 1.7392473673530084
decision_type=2 2 2 2 2 2 2 2 2 2 2 2 2 2 2 2 2 2 2 2 2 2 2 2 2 2 2 2 2 2
left_child=1 -1 3 11 5 10 7 8 -7 -6 13 -3 -11 28 16 23 18 19 22 -18 -21 -17 -15 -16 25 26 27 -13 -5 -19
right_child=-2 2 -4 4 9 6 -8 -9 -10 12 -12 24 -14 14 15 21 17 29 -20 20 -22 -23 -24 -25 -26 -27 -28 -29 -30 -31
leaf_value=0.00054967103444152315 -0.00041163244017575331 0.05400599044488389 -0.037891684255165536 0.010544302467855654 0.081570034587995929 0.078400283799150414 -0.035212769471560761 -0.018554794668307041 0.002612294953469773 -0.012332609050483978 0.065195658774757359 -0.041179868336683391 0.063640795563719696 0.054410730804076414 -0.040449629402975654 0.097311427437974399 -0.028741384687056355 -0.00073486150686303403 -0.03927217067796248 0.02868610103190088 0.12076834381978296 0.010557187782487874 -0.02489628644691776 0.041635304778107098 -0.018522381673771734 0.07706375354417673 -0.037292521980992713 0.035208439800805923 -0.047688441775294771 -0.018512027798947565
leaf_weight=21691.527831852436 22256.183926492929 4.9879810661077491 16.071209296584129 7.1590953320264843 8.086138382554056 16.175295650959022 6.457098811864852 8.3551608920097333 6.5103697180747977 11.039663478732111 4.9109633266925803 4.0315261036157635 5.3397416025400153 5.7845828086137754 5.7658065557479876 5.7565561681985837 4.0271217077970531 235.49516731500626 31.648917406797409 13.101827859878542 3.7354019731283179 4.4566769450902939 6.0660490095615387 5.0230582356452942 149.48195827007294 5.221883922815322 12.050808832049368 12.740857079625131 19.505329489707947 72.182276517152786
leaf_count=115352 119080 27 88 39 43 86 35 45 35 59 26 22 28 31 31 30 22 1271 172 70 20 23 33 26 807 28 65 68 108 390
internal_value=-3.88832e-06 0.000401551 -0.00424702 -0.00344608 -0.000128739 -0.00200362 0.0240748 0.0364077 0.0566505 0.0352849 -0.00430659 -0.0120086 0.012435 -0.00511983 -0.00329262 0.0277658 -0.0050459 -0.00242917 -0.0248095 0.0340875 0.0491149 0.0594551 0.0138154 -0.00223269 -0.0138028 0.00691968 -0.00578829 0.0168472 -0.0320536 -0.00490545
internal_weight=44638.9 22382.7 691.169 675.097 486.582 462.117 37.4979 31.0408 22.6857 24.4655 424.619 188.515 16.3794 419.708 393.043 21.0021 372.041 328.542 43.4995 20.8644 16.8372 10.2132 11.8506 10.7889 183.527 34.0451 28.8232 16.7724 26.6644 307.677
internal_count=238160 119080 3728 3640 2623 2493 201 166 121 130 2292 1017 87 2266 2119 110 2009 1773 236 112 90 53 64 57 990 183 155 90 147 1661
is_linear=0
shrinkage=0.05


Tree=66
num_leaves=31
num_cat=0
split_feature=102 114 82 131 102 116 4 130 77 124 65 130 96 77 119 123 4 90 116 86 75 2 26 27 58 123 75 62 102 88
split_gain=2.9367 11.3851 12.5338 12.6864 11.1055 10.4724 13.4091 12.2613 10.6697 9.63608 10.8909 10.9999 10.2044 9.77487 20.939 12.6145 11.0597 11.7423 14.734 10.7846 12.5116 11.6222 10.8116 10.0163 9.97757 10.9084 11.319 11.2874 10.5372 10.5363
threshold=63.500000000000007 18.500000000000004 2.1271888302239863 220.50000000000003 72.500000000000014 130.50000000000003 77.500000000000014 -0.12684992290673044 731.30000000000007 1.1830951894845305 -5.4999999999999991 -0.026851728636286442 6.3000000000000016 798.90000000000009 0.11053682196539118 2.5500000000000003 77.500000000000014 -0.8999999999999998 111.50000000000001 1.5889866919029754 848.83333333333337 20.62046885125719 5.5000000000000009 1.5000000000000002 0.22500000000000003 3.1000000000000005 813.50000000000011 230.00000000000003 69.500000000000014 -0.29999999999999993
decision_type=2 2 2 2 2 2 2 2 2 2 2 2 2 2 2 2 2 2 2 2 2 2 2 2 2 2 2 2 2 2
left_child=-1 2 5 -4 -5 7 -7 -2 -9 12 11 -11 13 24 -15 23 17 -17 -19 20 -20 -21 -23 -16 25 27 -27 -3 -29 -26
right_child=1 9 3 4 -6 6 -8 8 -10 10 -12 -13 -14 14 15 16 -18 18 19 21 -22 22 -24 -25 29 26 -28 28 -30 -31
leaf_value=0.00020661638597343929 0.07996146149443735 0.019532838703300491 0.011123688733054563 0.12193545297515251 0.031417363116662544 0.09179667915008502 -0.0037564666996888988 -0.037103898075976492 0.003139260000293056 -0.040043867058131261 -0.0017893532847593934 -0.0035722063013998301 -0.02178320590734481 0.085253502807868434 -0.056008918900242712 -0.0053322748124324621 0.00024718083711711413 -0.0083713613861444817 0.051164287798674518 0.013817976547427472 -0.01628340891193206 0.065431493026436888 0.15138985877372912 -0.0038543599342318394 0.012188722447059293 -0.024829964815103484 0.064812962542782834 0.00363948877987221 0.10007378501982006 -0.0079554148633069113
leaf_weight=35165.174733459949 5.1041240096092215 141.31951688230038 23.774103388190269 6.0793583840131742 7.6554408520460129 7.5573400259017927 7.1406422257423401 16.868564382195473 698.01392804086208 37.508938431739807 7333.7035673558712 46.060944333672523 41.201084107160568 7.1718409210443488 9.3650342971086484 27.710122391581535 144.76551751792431 16.22093191742897 18.639164283871654 6.201265603303912 10.894627317786215 10.951223373413088 5.492873638868331 541.37907852232456 146.08146081864834 22.688078835606579 4.1683693081140509 4.2137985229492179 8.6427620500326139 116.82496884465218
leaf_count=187551 27 745 127 32 41 40 38 90 3728 200 39221 247 220 37 50 148 771 86 99 33 58 58 29 2887 769 121 22 22 45 618
internal_value=-3.87842e-06 -0.000785233 0.00503328 0.0332257 0.0714829 0.00359393 0.0453746 0.00274101 0.00218967 -0.0013016 -0.00199388 -0.0199419 0.00269768 0.00350931 0.00020347 -0.000567058 0.00897683 0.0221258 0.0332496 0.0461883 0.0262837 0.0721476 0.0941444 -0.00474121 0.0094576 0.0184908 -0.0109166 0.0236134 0.068467 0.00323748
internal_weight=44638.6 9473.4 772.194 37.5089 13.7348 734.685 14.698 719.987 714.882 8701.21 7417.27 83.5699 1283.93 1242.73 798.792 791.62 240.876 96.1102 68.4001 52.1792 29.5338 22.6454 16.4441 550.744 443.939 181.033 26.8564 154.176 12.8566 262.906
internal_count=238160 50609 4123 200 73 3923 78 3845 3818 46486 39668 447 6818 6598 4256 4219 1282 511 363 277 157 120 87 2937 2342 955 143 812 67 1387
is_linear=0
shrinkage=0.05


Tree=67
num_leaves=31
num_cat=0
split_feature=133 130 120 135 27 57 130 135 49 66 64 32 80 5 84 132 78 135 8 131 6 117 120 15 98 88 102 132 123 2
split_gain=2.9314 6.77271 6.49625 8.49075 8.31375 6.2862 6.01062 5.29816 4.68864 4.64058 4.5661 5.9636 5.38383 4.37748 4.26734 4.76358 4.11503 3.90349 3.90305 3.35833 7.3254 8.27136 10.3106 9.89282 8.34845 8.08603 7.83005 14.3137 13.5157 11.4231
threshold=6.5000000000000009 0.0066769343343459917 0.12952560290382206 26.725000000000005 4.5000000000000009 0.17500000000000002 0.020195774064088973 20.175000000000001 14.500000000000002 1.0000000180025095e-35 1.0000000180025095e-35 2.720090385903569 1.5508054040544847 71.500000000000014 1.5508054040544847 4.3099343185550092 86.757130110555821 22.225000000000005 4.5000000000000009 219.50000000000003 46.750000000000007 252.50000000000003 0.29480854507339405 1.0000000180025095e-35 6.7000000000000002 -4.4999999999999991 15.500000000000002 4.471143174250833 4.7750000000000012 23.658824968358221
decision_type=2 2 2 2 2 2 2 2 2 2 2 2 2 2 2 2 2 2 2 2 2 2 2 2 2 2 2 2 2 2
left_child=1 2 3 4 5 -1 -3 -6 -8 -10 11 18 -12 -5 -4 -16 -9 -7 -11 20 -2 23 -23 24 25 -22 27 28 29 -27
right_child=19 6 14 13 7 17 8 16 9 10 12 -13 -14 -15 15 -17 -18 -19 -20 -21 21 22 -24 -25 -26 26 -28 -29 -30 -31
leaf_value=-0.014937200509704951 0.00012815394407289973 0.050925813218206731 -0.050780348736640148 0.0057875600466521359 0.030311576551550409 0.035434359400888668 0.054012018175831879 -0.052545777812475283 -0.043215278269054268 -0.043072042028008684 -0.057336430122126525 0.049104046146037514 0.0095787684860819521 -0.0437179678349148 0.025726160044988251 -0.044532034124925512 0.0065937393573315406 0.099294602219778219 0.018202615333899354 -0.00022864000781181251 0.07020080730480717 0.014584968185994231 -0.011567268564886407 -0.0019019909057736641 0.059489619649870408 -0.025843781820420589 0.0069471007936113384 -0.0093822238934770999 0.065850553623351391 0.052500332239184745
leaf_weight=3.889325991272929 8652.6710252612829 6.7830186039209357 17.689351096749309 6.1869850903749493 5.1241838335990932 6.2619667351245862 3.6869729310274115 7.7394293099641782 6.5834137052297583 4.3869111537933403 5.5563933998346311 8.5833770334720594 6.5487667173147202 16.047153025865555 4.819327771663664 4.8309560865163803 4.7446600943803787 3.8729462921619415 6.3761602938175201 33658.15976279974 4.7346316576004019 267.87613885104656 43.859086260199547 845.86828215420246 7.0797608196735373 13.617807760834696 813.99025245010853 180.56628824770451 13.086495101451872 7.0674617439508429
leaf_count=21 46179 36 100 33 27 32 19 43 36 24 30 45 35 89 25 27 25 20 33 179598 25 1405 237 4523 37 74 4304 973 68 37
internal_value=-3.91663e-06 -0.00750954 -0.0163395 -0.0062646 0.0103782 0.0391006 0.0072735 -0.0124979 0.000176652 -0.00504195 0.00294845 0.0180182 -0.021136 -0.0299423 -0.03619 -0.00944527 -0.0300694 0.0598379 -0.00677227 1.7957e-05 0.000782905 0.0033607 0.0109055 0.00211363 0.00537923 0.0050084 0.00470824 -0.00379425 0.0260828 0.00092377
internal_weight=44638.3 129.711 81.2063 53.8667 31.6325 14.0242 48.505 17.6083 41.722 38.035 31.4516 19.3464 12.1052 22.2341 27.3396 9.65028 12.4841 10.1349 10.7631 44508.6 10850.4 2197.75 311.735 1886.01 1040.14 1033.06 1028.33 214.338 33.7718 20.6853
internal_count=238160 700 442 290 168 73 258 95 222 203 167 102 65 122 152 52 68 52 57 237460 57862 11683 1642 10041 5518 5481 5456 1152 179 111
is_linear=0
shrinkage=0.05


Tree=68
num_leaves=31
num_cat=0
split_feature=144 116 120 69 98 91 96 114 113 34 73 131 135 135 57 75 0 120 134 87 49 38 102 85 61 88 94 97 93 15
split_gain=2.98916 9.68757 10.7253 11.0201 9.14129 10.6197 9.26469 12.4727 14.2624 14.8049 8.83944 8.84281 9.85025 13.8646 14.2915 13.4601 12.2709 12.2521 11.6019 9.71681 9.33525 10.3814 9.23912 8.54325 8.23611 11.7888 8.38916 7.75114 8.07102 8.10133
threshold=74.500000000000014 71.500000000000014 0.067398576184190997 3.5000000000000004 3.9000000000000004 -0.59999999999999976 4.9000000000000012 19.500000000000004 8.5000000000000018 10.500000000000002 0.78947368421052644 232.50000000000003 24.925000000000001 24.425000000000001 0.12500000000000003 781.83333333333337 728.50000000000011 0.2102887054133567 3.5000000000000004 161.50000000000003 25.500000000000004 3.5000000000000004 42.500000000000007 6.1000000000000005 -76.499999999999986 0.70000000000000007 0.29945747146579155 5.3000000000000016 6.6000000000000005 1.0000000180025095e-35
decision_type=2 2 2 2 2 2 2 2 2 2 2 2 2 2 2 2 2 2 2 2 2 2 2 2 2 2 2 2 2 2
left_child=-1 -2 3 4 5 -3 7 8 9 -6 11 20 13 14 -13 -14 17 -17 19 23 21 -4 -20 -16 25 -9 -26 28 29 -23
right_child=1 2 10 -5 6 -7 -8 24 -10 -11 -12 12 15 -15 18 16 -18 -19 22 -21 -22 27 -24 -25 26 -27 -28 -29 -30 -31
leaf_value=6.2020500882626573e-05 -0.020204294590558187 -0.0023186534281302469 -0.0050379826443381218 0.064321731956264963 0.092968248931229971 0.11034418600140941 -0.0072149326729583924 0.10412275577462796 0.12789838056461739 -0.018909688828968055 0.043438892105689249 0.094656776595323178 -0.033364628537909925 0.090170743848585339 -0.0092493454086799275 0.10112776553840122 -0.0032308792681990453 0.00082343641903889807 0.012938268738044359 0.070165393355014552 0.049729920714436521 -0.037003916388719714 0.1070665260709965 0.057047687494655733 0.0046370386000372287 0.0031308770848022071 -0.05941534269108148 -0.047980582471244732 0.040701836721141284 0.010093458742031063
leaf_weight=43509.789694547653 72.659155085682869 3.8971849977970123 622.14096096158028 9.1190939396619779 4.9818686991930026 4.5147670358419401 74.798953652381897 4.3715095221996298 4.8445419371128073 7.2754054516553879 9.9700580984354001 4.9398072808980933 30.262848749756813 6.045035481452941 65.230003774166107 6.2394553571939451 55.439610332250595 5.9454722702503204 5.6386349946260435 4.6697484552860251 7.2993068844079962 27.260912820696831 4.8486296534538269 5.25044922530651 20.926522821187977 8.5239744484424573 6.7643824964761725 24.466985151171684 6.0353908389806739 13.729041054844854
leaf_count=232122 393 21 3330 48 26 24 400 23 25 39 53 26 163 32 348 33 299 32 30 24 39 147 25 28 111 45 36 132 32 74
internal_value=-3.86222e-06 -0.00254492 -0.0013292 0.0110534 0.00760581 0.0581485 0.00439673 0.0194525 0.0552683 0.0265622 -0.00338087 -0.00390217 0.00553005 0.0168553 0.0119623 -0.00564883 0.00675434 0.0521856 0.00719225 0.00031731 -0.00651962 -0.00711155 0.0564571 -0.00431054 0.00436082 0.0373667 -0.0110098 -0.0251562 -0.0132808 -0.0212293
internal_weight=44637.9 1128.09 1055.43 150.018 140.899 8.41195 132.487 57.6882 17.1018 12.2573 905.412 895.442 194.51 96.6223 90.5773 97.8874 67.6245 12.1849 85.6375 75.1502 700.933 693.633 10.4873 70.4805 40.5864 12.8955 27.6909 71.4923 47.0253 40.99
internal_count=238160 6038 5645 798 750 45 705 305 90 65 4847 4794 1040 513 481 527 364 65 455 400 3754 3715 55 376 215 68 147 385 253 221
is_linear=0
shrinkage=0.05


Tree=69
num_leaves=31
num_cat=0
split_feature=115 75 92 73 61 26 56 48 86 122 58 117 5 74 92 32 124 34 128 59 59 122 132 70 128 144 118 2 52 122
split_gain=2.92207 13.5976 10.4322 11.7842 9.2357 8.63805 8.2686 8.05183 11.2873 9.26546 8.32144 9.69651 10.8263 11.3764 9.79146 9.68321 19.6879 9.83393 13.865 9.22196 8.61358 9.15206 12.5759 9.07203 8.43614 12.3239 9.02388 13.1231 8.62418 12.643
threshold=63.500000000000007 888.33333333333337 6.2000000000000011 0.84210526315789502 57.500000000000007 1.5000000000000002 9.5000000000000018 5.5000000000000009 1.3873863542433762 3.5000000000000004 0.27500000000000008 159.50000000000003 73.500000000000014 -3.4999999999999996 5.0000000000000009 4.0649163166656779 2.0472062365467205 14.500000000000002 -22.499999999999996 0.27500000000000008 0.12500000000000003 1.5000000000000002 4.7403703703703712 1.5000000000000002 -28.499999999999996 64.500000000000014 0.25054555435985187 22.139444402629458 3.5750000000000006 2.5000000000000004
decision_type=2 2 2 2 2 2 2 2 2 2 2 2 2 2 2 2 2 2 2 2 2 2 2 2 2 2 2 2 2 2
left_child=-1 2 3 5 -4 -2 7 10 -9 -10 11 -7 14 19 24 17 -17 20 -19 -14 -12 22 -22 -24 25 -13 27 -26 -28 -30
right_child=1 -3 4 -5 -6 6 -8 8 9 -11 15 12 13 -15 -16 16 -18 18 -20 -21 21 -23 23 -25 26 -27 28 -29 29 -31
leaf_value=-5.5392641881529978e-05 -0.066432307628553747 -0.023874040250133257 0.024708050510802139 0.079974969054388514 -0.027023539169650793 -0.018049869775869542 0.062574092791056635 0.11616007008851673 -0.01510476553084357 0.077523350968028981 0.059648063715687732 -0.019280224425334874 0.078702705365080589 -0.0075777404599949878 0.070988981440536142 0.0080896524635833116 0.13780996333150916 -0.030676596341069836 0.064027822036689039 -0.0086844768841212658 -0.026389788555943025 0.008403504381453342 0.030436285647361207 0.1271464549239506 0.021244263557408133 0.0753610861357739 0.0080092707986929076 0.13393400920162285 0.10418515191159464 -0.013426223974550684
leaf_weight=43925.377108007669 4.0758778899908057 43.622518882155418 10.860929012298582 5.4483385682106009 41.960886389017105 58.442281007766724 6.5270318984985343 3.8151181638240805 7.7176046073436719 4.1522581875324249 10.24972167611122 32.634283781051636 7.2012914270162565 166.4100906252861 7.2305437177419654 7.970849394798277 4.6205253899097443 25.040503233671192 4.5700786709785453 5.1983746439218521 3.734881415963172 136.80785974860191 4.5890723317861539 5.1421009302139282 7.365946412086485 3.8450144827365866 79.415780961513519 3.979100227355957 5.8432508409023267 3.7524348050355911
leaf_count=234367 22 236 57 29 227 311 34 20 41 22 54 174 38 887 38 42 24 134 24 28 20 727 24 27 39 20 422 21 31 20
internal_value=-3.87978e-06 0.0031731 0.00493777 0.006767 -0.0163868 0.00611348 0.00660121 0.00599204 0.0413446 0.017298 0.00504262 0.000690938 0.00408312 -0.0041351 0.0142833 0.0132279 0.0556918 0.0104158 -0.01606 0.0420669 0.0152996 0.0122748 0.0516047 0.0815394 0.0112869 -0.00930478 0.0187719 0.0607685 0.0134192 0.0581927
internal_weight=44637.6 712.225 668.602 615.78 52.8218 610.332 606.256 599.729 15.685 11.8699 584.044 381.318 322.876 178.81 144.066 202.726 12.5914 190.134 29.6106 12.3997 160.524 150.274 13.4661 9.73117 136.836 36.4793 100.357 11.345 89.0115 9.59569
internal_count=238160 3793 3557 3273 284 3244 3222 3188 83 63 3105 2029 1718 953 765 1076 66 1010 158 66 852 798 71 51 727 194 533 60 473 51
is_linear=0
shrinkage=0.05


Tree=70
num_leaves=31
num_cat=0
split_feature=138 74 5 6 88 112 135 122 127 32 57 118 77 0 86 117 116 115 80 37 59 40 53 76 100 128 73 100 130 118
split_gain=2.90086 7.58648 8.21328 9.21239 8.13109 8.13918 8.01589 7.85746 7.6548 8.84591 7.36263 7.26325 7.00932 6.62348 8.62022 7.10985 10.9254 17.0183 7.88511 9.69805 10.7879 8.44461 9.84556 8.33518 7.66479 8.19582 7.27311 7.03829 7.037 6.32435
threshold=4.5000000000000009 -3.4999999999999996 70.500000000000014 40.250000000000007 -3.0999999999999996 5.5000000000000009 19.575000000000006 4.416666666666667 -14.499999999999998 3.4048195685882301 0.12500000000000003 0.31183602226660595 830.50000000000011 662.50000000000011 1.1509860240645577 247.50000000000003 128.50000000000003 49.500000000000007 1.6940971508067069 2.5000000000000004 0.32500000000000001 1.5000000000000002 5.7250000000000005 87.161404653042368 -1.0000000180025095e-35 -21.499999999999996 0.23684210526315796 -1.0000000180025095e-35 -0.095377707473360177 0.34001961806431102
decision_type=2 2 2 2 2 2 2 2 2 2 2 2 2 2 2 2 2 2 2 2 2 2 2 2 2 2 2 2 2 2
left_child=-1 -2 3 6 5 7 11 -4 9 -6 -5 -3 -11 14 -10 16 18 -18 19 -15 26 27 -23 -24 -19 -26 -21 -20 -17 -13
right_child=1 2 4 10 8 -7 -8 -9 13 12 -12 29 -14 15 -16 28 17 24 21 20 -22 22 23 -25 25 -27 -28 -29 -30 -31
leaf_value=3.4294911960358582e-05 0.04408091472252329 -0.0022411901830270415 0.11072396744387743 0.037678817556324566 0.0812441627631737 -0.0090893898757817924 -0.02164314401857971 0.023222610630446977 0.080319942977559081 0.03675998494258919 -0.033683213708560367 0.096318200560617143 -0.052212178412270133 -0.026030071132764739 0.0038613972419836717 0.04584015617004774 0.11867108473885846 -0.027260788872368737 0.026179826062796431 -0.022183171228181389 0.07891797993932681 -0.0034463626246490258 0.10895652303266601 0.013450640817469628 0.083907811196300461 -0.014134649627405344 0.040862283081227496 -0.046263172384358925 -0.022343693107600458 0.017874645693936167
leaf_weight=44240.17544876039 7.954280197620391 18.842183321714405 4.457891061902048 3.8498470187187186 5.6616116166114798 7.049652472138404 25.965354070067406 6.0442077368497849 4.9007303863763836 5.6604460626840574 59.104885533452034 4.2912066429853422 3.6353102177381516 57.26106184720993 14.87790337204933 3.9768503010272971 4.5264747291803387 7.6788367480039641 5.9799645096063614 16.047162696719177 4.7242078185081473 7.8584424257278469 5.9000975638627988 3.7280047237873077 4.907786905765537 3.7682519257068563 6.398673102259635 7.6319361031055468 78.081736341118813 6.4040040373802185
leaf_count=235996 41 104 23 21 29 39 143 32 23 29 335 23 20 313 80 21 23 42 33 89 24 42 30 20 25 20 33 42 431 34
internal_value=-3.89631e-06 -0.00425797 -0.00524586 -0.0162269 -0.000441617 0.0324686 -0.00137669 0.0603649 -0.00272289 0.0319738 -0.0293192 0.0164389 0.00196546 -0.00490117 0.0228062 -0.0074096 -0.00041372 0.03287 -0.00642957 -0.0143572 0.0102434 0.0150937 0.0380816 0.0719766 0.00912313 0.0413252 -0.00421069 -0.0144376 -0.0190393 0.0493483
internal_weight=44637.3 397.169 389.215 118.457 270.757 17.5518 55.5027 10.5021 253.205 14.9574 62.9547 29.5374 9.29576 238.248 19.7786 218.469 136.411 20.8814 115.53 84.4311 27.17 31.0984 17.4865 9.6281 16.3549 8.67604 22.4458 13.6119 82.0586 10.6952
internal_count=238160 2164 2123 660 1463 94 304 55 1369 78 356 161 49 1291 103 1188 736 110 626 459 146 167 92 50 87 45 122 75 452 57
is_linear=0
shrinkage=0.05


Tree=71
num_leaves=31
num_cat=0
split_feature=121 144 53 76 76 73 0 37 135 135 78 85 108 122 132 130 89 144 66 73 69 59 86 125 50 96 123 124 2 53
split_gain=2.89481 3.10096 6.4693 6.60717 10.9768 7.07656 6.13589 5.71286 6.20873 2.88659 8.20207 10.4506 11.7533 14.5262 9.53937 14.2567 8.70486 10.7458 8.94664 9.71563 8.12299 7.64171 9.14056 7.63733 13.4791 8.81084 9.29013 8.25683 8.09805 8.12506
threshold=28.500000000000004 78.500000000000014 5.9750000000000005 47.848137699635629 38.145905212793821 -1.0000000180025095e-35 736.50000000000011 1.5000000000000002 26.725000000000005 41.675000000000004 41.351960894304462 4.1000000000000005 1.0000000180025095e-35 4.8333333333333348 4.8514578408195446 0.011274869050043769 -2.6999999999999997 47.500000000000007 1.5000000000000002 -0.052631578947368744 1.5000000000000002 0.12500000000000003 1.6940971508067069 2.5000000000000004 1.3250000000000004 4.7000000000000002 7.5000000000000009 1.1067395518801137 26.175131170444384 5.8750000000000009
decision_type=2 2 2 2 2 2 2 2 2 2 2 2 2 2 2 2 2 2 2 2 2 2 2 2 2 2 2 2 2 2
left_child=1 9 3 4 5 -3 -5 8 -8 -1 11 12 13 14 -11 -16 17 21 -19 20 -20 -12 -23 25 -25 -18 28 -26 29 -27
right_child=-2 2 -4 6 -6 -7 7 -9 -10 10 16 -13 -14 -15 15 -17 23 18 19 -21 -22 22 -24 24 27 26 -28 -29 -30 -31
leaf_value=7.257583535581603e-05 0.031026360793404859 0.037349987162877671 -0.04437299578733192 0.040677446366794712 0.085809314917593027 -0.053129037058441256 0.032502175557934526 -0.055148297432056341 -0.051409597099065667 0.0083019004012101286 -0.067310929123823346 -0.020096291421307852 -0.055557431862749786 -0.04451436094014799 0.15630799279180219 0.029650454398159422 -0.009839000155189662 -0.00091400206620064362 -0.013810835710390091 0.083685388591813376 0.060121705374045091 -0.010152883457325436 0.035706059605922942 0.10822489245361262 0.072850160176790274 -0.0045881574852511906 0.040119577563941029 0.0024784002032440218 -0.048754508867213178 0.0074630063145375881
leaf_weight=43346.603718072176 7.5148008018732062 4.2978708893060675 12.065207228064535 3.6995645314455059 4.8545306026935569 4.3466320037841788 5.5338822454214114 10.293608501553534 3.6639954596757889 5.9929901063442292 4.0028097182512274 114.9604583978653 4.6260689198970786 4.6064639985561362 4.2367998212575895 4.6714476943016052 334.13740140199661 12.789305970072745 7.4611065834760648 11.860550343990328 7.4000331163406372 34.039294496178627 15.960829734802244 3.717964604496955 4.6194525361061087 367.45922170579433 14.268431648612021 42.677887752652168 8.6415523737668973 225.81663884222507
leaf_count=231197 38 23 69 20 25 25 30 59 21 32 21 624 25 25 22 25 1811 67 39 61 38 178 83 20 24 1993 74 229 47 1215
internal_value=-3.86525e-06 -9.0902e-06 -0.012612 -0.00216763 0.0256431 -0.00814471 -0.0183557 -0.0295604 -0.00092427 4.69287e-06 -0.00237993 -0.0138168 0.0160954 0.0330872 0.0570764 0.0898893 -0.000926946 0.0136621 0.0334774 0.0499375 0.0230035 -0.000835723 0.00448602 -0.0022894 0.0165573 -0.00330113 0.000244146 0.00935149 -0.0007011 -1.16266e-06
internal_weight=44636.8 44629.3 48.7553 36.6901 13.499 8.6445 23.1911 19.4915 9.19788 44580.6 1233.95 139.094 24.1338 19.5077 14.9012 8.90825 1094.85 93.5139 39.511 26.7217 14.8611 54.0029 50.0001 1001.34 51.0153 950.323 616.186 47.2973 601.917 593.276
internal_count=238160 238122 272 203 73 48 130 110 51 237850 6653 753 129 104 79 47 5900 487 205 138 77 282 261 5413 273 5140 3329 253 3255 3208
is_linear=0
shrinkage=0.05


Tree=72
num_leaves=31
num_cat=0
split_feature=131 121 124 77 69 114 73 114 121 123 92 76 83 78 117 95 130 95 119 86 2 144 86 119 135 96 91 32 130 55
split_gain=2.84514 14.5316 10.3228 8.91196 8.8009 11.1424 11.5447 10.6254 13.9361 16.8396 13.3048 11.4154 13.4792 11.1858 10.9383 10.5801 10.575 14.6266 10.7491 10.0601 10.7251 9.52456 12.5073 11.5146 13.4596 14.5949 11.6417 11.0986 9.06983 8.90675
threshold=274.50000000000006 15.500000000000002 1.6124038404635963 821.10000000000014 -3.4999999999999996 35.500000000000007 -0.13157894736842093 31.500000000000004 2.5000000000000004 2.7750000000000004 -5.7999999999999989 36.067794693618104 4.9000000000000012 78.757856744379538 265.50000000000006 0.21645593779513009 0.07297907884657899 0.20804077551549127 0.35696455242678427 1.7102325267042631 24.219310475405873 12.500000000000002 1.202079728939615 0.32240800773769523 24.925000000000001 5.7000000000000002 3.5000000000000004 3.418622594741183 -0.09439614936698637 8.5000000000000018
decision_type=2 2 2 2 2 2 2 2 2 2 2 2 2 2 2 2 2 2 2 2 2 2 2 2 2 2 2 2 2 2
left_child=-1 4 -3 -4 5 7 -7 11 -9 -10 -11 -2 13 14 -13 -12 28 -18 -19 20 -8 22 27 24 25 29 -25 -14 -15 -23
right_child=1 2 3 -5 -6 6 19 8 9 10 15 12 21 16 -16 -17 17 18 -20 -21 -22 23 -24 26 -26 -27 -28 -29 -30 -31
leaf_value=-0.00024690776047061496 0.02213781601020633 0.12066515082756953 0.067958276554791114 -0.030578814242153071 0.00024105680091026936 -0.034594252922742097 0.10844147784004823 -0.019558343805314529 -0.021880084584811652 0.12067892839025698 0.065853091753505039 -0.0082287342970297113 0.0063207316721037732 0.083220064782141334 0.061959731665880362 -0.041041835334750948 0.022906704508838773 0.16410298148690994 0.062784151303874353 0.0095984692036723638 0.019133585183092328 -0.034599122667727418 -0.013639692360628564 0.017486066095891865 -0.014245411145807144 0.055690538377779909 0.097090939238592938 0.082241478258639977 0.0040408099506891214 0.012523179839901991
leaf_weight=32563.498428419232 105.19438782334328 3.9532376378774634 5.1678302735090238 4.1272119283676147 11287.855057120323 4.7685781717300442 9.3718149214983004 85.002369582653046 12.225994408130648 5.3221491277217856 5.6509115397930128 35.063310921192169 23.891993746161464 4.3317103981971767 6.594862923026084 3.9210007339715958 10.617407739162447 4.5412961244583112 6.1804281771183014 9.1712214201688749 5.2421173602342597 12.513763457536696 157.91047365963459 77.200478211045265 87.065526604652405 16.737259581685066 4.8833191990852347 6.028413012623786 21.912058770656586 50.477887541055679
leaf_count=173725 561 20 27 22 60242 26 49 455 65 28 30 187 127 23 35 21 57 24 33 49 28 67 847 412 467 89 26 32 117 269
internal_value=-3.8455e-06 0.00065175 0.0529887 0.0242055 0.000594255 0.00575977 0.0364106 0.00458227 -0.00960143 0.0216065 0.0573031 0.00710199 0.0040947 0.0218016 0.00288273 0.0220651 0.0383648 0.0645051 0.105699 0.050646 0.0764061 0.000476313 -0.00802344 0.00689116 -0.000653492 0.0141891 0.0222219 0.0216174 0.0171099 0.00316198
internal_weight=44636.4 12072.9 13.2483 9.29504 12059.7 771.821 28.5537 743.267 112.122 27.1201 14.8941 631.145 525.95 89.2411 41.6582 9.57191 47.5829 21.3391 10.7217 23.7852 14.6139 436.709 187.831 248.878 166.794 79.7289 82.0838 29.9204 26.2438 62.9917
internal_count=238160 64435 69 49 64366 4124 152 3972 599 144 79 3373 2812 476 222 51 254 114 57 126 77 2336 1006 1330 892 425 438 159 140 336
is_linear=0
shrinkage=0.05


Tree=73
num_leaves=31
num_cat=0
split_feature=134 81 127 96 132 114 120 118 81 6 61 85 134 100 132 132 77 144 31 128 3 74 94 118 28 91 142 131 84 84
split_gain=2.80335 7.79463 8.21938 7.29722 6.87587 8.02281 7.52433 7.14627 6.77355 6.61783 8.53826 6.49542 6.5782 8.52772 5.52693 5.42857 5.15378 10.2212 5.0495 4.80843 5.40891 4.73175 3.837 2.92386 8.34905 12.4111 10.0242 8.44294 7.93876 8.637
threshold=10.500000000000002 6.1000000000000005 -10.499999999999998 4.7000000000000002 4.9390847247990113 20.500000000000004 0.25726195497370102 0.15712068834880041 4.5000000000000009 53.250000000000007 172.50000000000003 5.1000000000000005 11.500000000000002 -1.0000000180025095e-35 4.7802439024390253 4.8759615384615396 810.30000000000007 27.500000000000004 3.0263157894736845 -22.499999999999996 13.500000000000002 1.5000000000000002 0.25560193748187077 0.34928583322414036 4.5000000000000009 1.5000000000000002 1.5000000000000002 323.50000000000006 2.6047988350699893 2.1610133240277776
decision_type=2 2 2 2 2 2 2 2 2 2 2 2 2 2 2 2 2 2 2 2 2 2 2 2 2 2 2 2 2 2
left_child=23 3 -3 14 6 -6 7 -5 21 10 11 15 -13 -14 -2 18 17 -7 -9 -16 -21 -8 -20 -1 28 27 -27 -26 29 -25
right_child=1 2 -4 4 5 16 8 9 -10 -11 -12 12 13 -15 19 -17 -18 -19 22 20 -22 -23 -24 24 25 26 -28 -29 -30 -31
leaf_value=-0.00010305067410844987 -0.050413516248075711 0.090231576027424223 -0.0033681109725768703 -0.034141976525691162 0.039624259319210341 0.049426146286191124 0.0547738651279642 0.034692987769410912 -0.047271078843687586 -0.040070561833774394 0.083947378903530254 -0.0015467115531486398 0.027877200180953896 0.12120322161557054 0.02616073386913207 0.049577404172368514 -0.057608258481651457 -0.050268947254324507 -0.058017222380408656 -0.047093635132336588 0.013288452548086672 -0.025294715684136757 0.00041659687428641706 0.0021973675642143154 -0.010533586153802264 0.066894009792256376 0.0020245598357627073 -0.041982809685717472 0.040225847290156096 -0.011026412148483088
leaf_weight=40808.633710563183 16.395344868302345 4.0948357284069061 5.4901838004589063 6.3395056128501883 4.1950135082006481 4.3013260066509265 3.7078289091587093 3.9402243047952679 10.755315557122229 3.8511573970317832 5.9330192208290091 5.3206637501716605 5.8059834241867057 4.231870472431182 5.984262406826022 4.2975817471742621 12.317376106977461 6.3908045589923859 6.0847446471452695 10.720866248011591 5.670447811484336 3.6730418801307678 5.2189115434885025 3389.1365080624819 85.0754174888134 7.3613765537738791 31.181081250309944 28.48678232729435 13.433686986565588 128.14752309024334
leaf_count=217801 91 21 29 35 22 23 20 21 59 21 31 28 31 22 33 23 68 35 33 59 31 20 28 18013 452 38 166 154 70 682
internal_value=-3.88427e-06 -0.00695155 0.0366188 -0.0100419 -0.00267209 -0.0239673 0.00570454 0.015537 -0.0219579 0.0225852 0.0284946 0.0190675 0.0433988 0.0672226 -0.0283596 -5.55076e-05 -0.0355611 -0.0101627 -0.0140481 -0.0121999 -0.0262049 0.0149283 -0.0310383 1.87149e-05 0.00136797 -0.0101019 0.0144142 -0.0184225 0.0018621 0.00171558
internal_weight=44636.2 144.72 9.58502 135.135 96.3644 27.2045 69.1598 51.0237 18.1362 44.6842 40.833 34.9 15.3585 10.0379 38.7709 19.5415 23.0095 10.6921 15.2439 22.3756 16.3913 7.38087 11.3037 44491.5 3682.82 152.105 38.5425 113.562 3530.72 3517.28
internal_count=238160 784 50 734 520 148 372 273 99 238 217 186 81 53 214 105 126 58 82 123 90 40 61 237376 19575 810 204 606 18765 18695
is_linear=0
shrinkage=0.05


Tree=74
num_leaves=31
num_cat=0
split_feature=123 100 102 37 132 100 101 144 118 73 113 119 86 6 117 44 61 61 92 76 50 121 61 100 3 121 71 82 57 124
split_gain=2.83252 8.92037 8.29794 8.17083 10.4859 9.29318 10.7314 13.9458 14.0153 13.4025 9.55166 11.8574 13.9496 8.92113 8.42094 8.22886 12.631 8.32278 13.5176 12.8533 18.4529 9.66465 10.1539 9.44032 10.8122 13.5522 12.9973 11.083 11.0997 13.8542
threshold=7.1000000000000005 4.2000000000000011 33.500000000000007 1.0000000180025095e-35 6.1856158484065471 2.2000000000000006 -3.3999999999999999 57.500000000000007 0.12472454513894081 0.28947368421052638 7.5000000000000009 0.19598784227722529 1.5716104840279017 50.750000000000007 237.50000000000003 3.5000000000000004 4.5000000000000009 120.50000000000001 8.6000000000000032 102.43261631507183 1.5250000000000001 6.5000000000000009 -43.499999999999993 1.0000000180025095e-35 1.5000000000000002 2.5000000000000004 3.5000000000000004 1.2668844090561522 0.27500000000000008 5.4589363961467052
decision_type=2 2 2 2 2 2 2 2 2 2 2 2 2 2 2 2 2 2 2 2 2 2 2 2 2 2 2 2 2 2
left_child=-1 3 -3 4 13 6 7 8 14 10 -10 12 -12 -2 -5 17 -17 18 19 21 -21 -8 -23 24 -19 27 -27 -26 -29 -30
right_child=1 2 -4 5 -6 -7 15 -9 9 -11 11 -13 -14 -15 -16 16 -18 23 -20 20 -22 22 -24 -25 25 26 -28 28 29 -31
leaf_value=-8.5722950348938369e-05 -0.015974645312812463 -0.010064642620887888 0.06807362715303826 0.13892454853745986 0.050847256392075504 -0.0089440201690231796 0.005379272971190183 -0.01554520338014849 0.0012979503939761503 -0.041515657979621229 0.17022735300625452 0.01462142419008766 0.041113942981783794 0.038147587697119976 0.040139829980645296 -0.024747550540046015 0.0051153411713775673 -0.027136318934012568 0.072881761739503143 0.034721726149262749 -0.0016414872631816569 0.0069152765581129098 -0.022923303076689508 -0.016894923206520671 0.038658503575384598 0.014739342074714258 0.075428400834832821 -0.03080998207168538 -0.041564331741422808 0.054830604853762122
leaf_weight=42825.694405004382 129.42807218432426 5.2513606250286093 9.6254132688045484 5.093418359756468 6.7928240150213233 157.40886226296425 812.85551518201828 14.623034462332724 8.8134489506483131 5.9831808805465689 4.2073938995599729 6.158913552761077 4.1608166098594666 8.0898312479257566 3.7425247132778168 64.550423368811607 78.433887109160423 22.606709077954292 7.5180047750473014 83.522675812244415 59.91565977036953 50.184964060783386 66.016956314444542 91.319792374968529 12.278565555810927 29.442757949233055 12.596448063850401 33.473888739943504 5.8632439076900509 10.23272794485092
leaf_count=228506 694 28 51 27 36 840 4335 78 47 32 22 33 22 43 20 346 417 120 40 443 320 268 352 488 65 157 66 179 31 54
internal_value=-3.83423e-06 0.0019335 0.0404916 0.00161399 -0.00979528 0.00261125 0.00382905 0.0259722 0.0418819 0.0252484 0.0423628 0.0672764 0.10603 -0.0127908 0.0970836 0.00301786 -0.00836629 0.00427207 0.00607021 0.00560188 0.0195324 0.00345112 -0.0100367 -0.00464387 0.0042005 0.0110196 0.032924 -0.00386904 -0.0144032 0.019717
internal_weight=44635.9 1810.19 14.8768 1795.31 144.311 1651 1493.59 52.7827 38.1597 29.3238 23.3406 14.5271 8.36821 137.518 8.83594 1440.81 142.984 1297.83 1080.01 1072.5 143.438 929.057 116.202 217.814 126.494 103.888 42.0392 61.8484 49.5699 16.096
internal_count=238160 9654 79 9575 773 8802 7962 281 203 156 124 77 44 737 47 7681 763 6918 5758 5718 763 4955 620 1160 672 552 223 329 264 85
is_linear=0
shrinkage=0.05


Tree=75
num_leaves=31
num_cat=0
split_feature=127 131 113 78 83 53 100 32 142 70 56 131 71 126 4 87 128 62 85 2 101 144 50 73 132 144 102 113 123 99
split_gain=2.85615 8.8223 5.87289 8.52494 12.3625 10.6508 12.1987 6.35969 6.7791 7.92662 8.81244 6.04849 5.58262 4.40211 6.50962 13.5437 10.9343 6.76664 6.67701 6.33455 5.75546 5.63188 4.23557 4.32295 6.06924 12.0484 9.4224 5.53448 3.72183 6.83468
threshold=-2.4999999999999996 257.50000000000006 4.5000000000000009 79.4881070522963 4.7000000000000002 5.9750000000000005 0.6000000000000002 3.5711987059252963 8.5000000000000018 1.5000000000000002 5.5000000000000009 206.50000000000003 -2.4999999999999996 27.500000000000004 78.500000000000014 49.833333333333321 -13.499999999999998 -147.49999999999997 5.5000000000000009 24.31331939406277 -1.0000000180025095e-35 33.500000000000007 1.6250000000000002 0.21052631578947367 4.8345771144278613 22.500000000000004 34.500000000000007 3.5000000000000004 9.4500000000000011 4.7000000000000002
decision_type=2 2 2 2 2 2 2 2 2 2 2 2 2 2 2 2 2 2 2 2 2 2 2 2 2 2 2 2 2 2
left_child=2 12 3 7 -5 6 -6 8 -1 10 -10 -9 -2 28 15 16 17 -15 19 -16 -19 -17 23 24 27 -26 -27 -14 -4 -30
right_child=1 -3 13 4 5 -7 -8 11 9 -11 -12 -13 22 14 18 21 -18 20 -20 -21 -22 -23 -24 -25 25 26 -28 -29 29 -31
leaf_value=0.034384494967516908 0.043159774433883899 0.057633270529309735 -7.2681503738939768e-06 0.097355333314775694 -0.059053074205599243 0.068371292760551816 0.051770888636292159 -0.0038004863371605617 -0.032030824701337605 -0.049601171831120817 0.048581676241810909 0.082140380143441771 0.019373204430874747 0.049601354653644444 -0.045271701733297094 0.11995830885253796 0.066270330437716948 0.0072726730535085495 0.03377220513242684 0.019292658669233839 -0.053830562856006806 0.042063534251768751 -0.057453619269923872 -0.047082239993818914 -0.03773289522481954 0.0069904022849075964 0.10243995695722821 -0.048065426395936264 -0.027579219821784014 -0.00047845321112912031
leaf_weight=7.2617710828781119 3.6054230332374564 4.2989310324192038 44350.376787662506 6.584879711270335 6.2012412995100039 6.1599062532186499 4.1412447243928909 3.9363941699266416 7.2007468938827532 12.182579979300497 6.4065961390733719 4.2661770731210709 4.1544723957777014 3.8226157873868969 11.233982861042028 4.4268848299980146 6.2230779826641109 7.3654901236295727 7.2906264513730994 5.7401661723852149 8.0831478387117333 4.876768559217453 6.9524412900209418 8.5213773399591428 7.08890572190285 6.2679283767938596 4.4009878039360046 11.364129424095152 34.724125951528549 70.495107859373093
leaf_count=37 19 21 236638 33 33 31 21 21 39 67 33 21 24 20 59 21 31 39 37 30 44 24 40 49 39 36 23 63 187 380
internal_value=-3.86812e-06 -0.0112232 1.03903e-05 0.0151055 0.0394342 0.0163221 -0.0146779 0.00149038 -0.00828946 -0.0203053 0.00592308 0.0408976 -0.016877 -1.14282e-05 0.0136299 0.0274911 0.00864736 -0.00996026 -0.00624848 -0.0234379 -0.0246982 0.0791276 -0.0213172 -0.0153064 -0.00716931 0.0127925 0.0463639 -0.0300115 -2.95517e-05 -0.00942216
internal_weight=44635.7 56.6546 44579 64.3415 23.0873 16.5024 10.3425 41.2543 33.0517 25.7899 13.6073 8.20257 52.3557 44514.7 59.0628 34.798 25.4943 19.2713 24.2648 16.9741 15.4486 9.30365 48.7502 41.7978 33.2764 17.7578 10.6689 15.5186 44455.6 105.219
internal_count=238160 314 237846 336 118 85 54 218 176 139 72 42 293 237510 305 179 134 103 126 89 83 45 274 234 185 98 59 87 237205 567
is_linear=0
shrinkage=0.05


Tree=76
num_leaves=31
num_cat=0
split_feature=135 127 123 117 25 98 38 143 86 116 117 131 116 56 131 120 46 108 76 56 116 114 45 124 114 15 118 74 120 100
split_gain=2.77379 7.40462 8.63788 7.06981 12.1499 9.70554 12.2928 9.54458 9.48661 8.70881 12.2512 10.6632 9.80058 9.81488 8.22814 16.1076 8.11197 7.98237 10.3084 10.0557 9.35476 8.73157 8.46546 10.004 7.63372 7.30099 13.5273 11.3546 10.7548 9.11445
threshold=17.325000000000006 -4.4999999999999991 7.5000000000000009 238.50000000000003 2.5000000000000004 4.9000000000000012 3.5000000000000004 11.500000000000002 1.3509142006662127 134.50000000000003 204.50000000000003 335.50000000000006 131.50000000000003 7.5000000000000009 288.50000000000006 0.33101471753889244 1.0000000180025095e-35 1.0000000180025095e-35 112.00396498100056 3.5000000000000004 128.50000000000003 21.500000000000004 2.5000000000000004 3.1495775442200027 24.500000000000004 1.0000000180025095e-35 0.24833992873681046 -1.0000000180025095e-35 0.085548316492547447 -1.0000000180025095e-35
decision_type=2 2 2 2 2 2 2 2 2 2 2 2 2 2 2 2 2 2 2 2 2 2 2 2 2 2 2 2 2 2
left_child=1 2 3 5 -5 8 7 -7 16 11 -11 12 13 17 15 -8 -1 18 20 -19 25 -20 23 24 -21 28 -27 -28 -10 -30
right_child=-2 -3 -4 4 -6 6 14 -9 9 10 -12 -13 -14 -15 -16 -17 -18 19 21 22 -22 -23 -24 -25 -26 26 27 -29 29 -31
leaf_value=0.059977845611289209 7.0845280905215121e-05 0.025013395564159713 -0.029181929466802415 0.013543960165121353 -0.0068214829615324841 -0.0066218143572895063 0.023546370382345205 0.049838070039364128 0.11080255841268045 0.0081721907484542319 0.11804009282592678 -0.050637923054266287 -0.043785674342977567 0.066772752785531686 -0.019303113581860275 0.13639263200119781 -0.010754002495785047 -0.058782974275078975 -0.066232790318782098 -0.024681438466463826 0.095690732188325994 0.0095341436886290237 -0.030363454057741858 0.089145870257317267 0.048966530867488478 -0.014633617846423783 0.097974314147161137 0.017167931300081325 0.045872270617994648 -0.011952532841304622
leaf_weight=4.3327288478612891 43089.040985882282 24.805272623896599 29.797700941562653 80.772989273071289 784.84231425821781 346.39424568414688 16.062907665967948 7.6507630348205558 4.767327517271041 5.2991739660501462 4.8684099763631821 6.3105433434247962 6.6585634499788275 9.7327428013086301 6.4182698875665656 3.9373833239078513 62.910586223006248 7.1027076393365851 5.3467272371053722 8.4463499337434786 4.9133554697036734 13.166155949234961 9.7608998417854327 4.8225718587636939 6.0306468904018393 24.125308528542519 6.0499409139156368 15.447095558047293 26.147592455148697 9.2166985571384412
leaf_count=23 229824 130 163 431 4238 1873 86 40 25 28 26 34 36 52 35 21 340 39 29 46 26 71 53 26 32 130 32 82 139 50
internal_value=-3.81831e-06 -0.0020846 -0.00252644 -0.00199392 -0.00492113 0.00205427 -0.00294666 -0.00540174 0.00980585 0.0158439 0.0607788 0.0131251 0.015613 0.0181634 0.0299547 0.045762 -0.00619649 0.0149083 0.021652 -0.00545164 0.0285944 -0.0123482 0.00758314 0.0267749 0.00599791 0.02475 0.0110668 0.0399094 0.0403053 0.0308019
internal_weight=44635.2 1546.14 1521.33 1491.54 865.615 625.92 380.464 354.045 245.456 178.213 10.1676 168.045 161.735 155.076 26.4186 20.0003 67.2433 145.343 109.18 36.1632 90.6673 18.5129 29.0605 19.2996 14.477 85.754 45.6223 21.497 40.1316 35.3643
internal_count=238160 8336 8206 8043 4669 3374 2055 1913 1319 956 54 902 868 832 142 107 363 780 584 196 484 100 157 104 78 458 244 114 214 189
is_linear=0
shrinkage=0.05


Tree=77
num_leaves=31
num_cat=0
split_feature=130 114 101 108 82 4 73 48 77 118 53 131 73 82 74 120 10 118 132 77 133 53 99 118 77 4 131 97 94 143
split_gain=2.73553 10.8712 10.7019 11.3541 9.94347 8.77701 8.71975 7.94598 7.93754 7.59297 9.33792 7.52778 8.46125 8.29561 7.67679 7.41353 8.97483 7.80427 9.27615 8.93888 9.45779 8.91968 7.21228 7.44112 7.21696 7.10896 7.12196 9.6622 9.06836 9.95005
threshold=-0.14924589282918135 32.500000000000007 -0.99999999999999989 1.0000000180025095e-35 2.2956439237389605 60.500000000000007 -0.23684210526315791 6.5000000000000009 815.50000000000011 0.31864939307177698 5.6750000000000016 198.50000000000003 0.92105263157894746 0.76467822247272699 1.0000000180025095e-35 0.073571532065951017 6.5000000000000009 0.28029185207052049 5.1038074712643686 835.90000000000009 8.5000000000000018 5.5750000000000002 4.9000000000000012 0.24628874367473644 826.50000000000011 66.500000000000014 213.50000000000003 5.9000000000000012 0.15550005881055859 9.5000000000000018
decision_type=2 2 2 2 2 2 2 2 2 2 2 2 2 2 2 2 2 2 2 2 2 2 2 2 2 2 2 2 2 2
left_child=1 5 3 4 6 -1 -3 11 9 10 -8 14 13 -13 -7 16 -4 19 21 20 -17 -19 -16 24 -24 -15 27 28 -27 -30
right_child=-2 2 15 -5 -6 7 8 -9 -10 -11 -12 12 -14 25 22 17 -18 18 -20 -21 -22 -23 23 -25 -26 26 -28 -29 29 -31
leaf_value=0.073111737067225166 -7.5080347761325561e-05 0.10732504862256997 -0.038707260765775665 -0.0081649849457307664 -0.028928221393652077 -0.026470064384104503 0.14077423506961129 0.071363995959810134 0.013549872004537953 0.0062337119056547641 0.05108104887422471 -0.052225027161396168 0.059093348875050127 -0.037359825276274967 -0.018991010842069781 0.011858596937007556 0.045001747869204356 0.026161056774087005 0.061308296753243265 -0.0063070177786060085 0.096011111030205973 -0.016205156735201631 -0.044541334605408739 0.072182987618610223 0.04256125135470909 0.073435195308960616 0.00058556973954951503 0.074026970331166522 -0.016531608325071664 0.02455392676741093
leaf_weight=4.1612122058868399 43203.273796573281 6.4434079080820039 16.032396987080578 12.623732328414915 3.9493716210126868 50.85453437268734 4.7303239107132047 3.9298859238624564 12.77822785079479 3.9779273867607108 7.5070158541202545 7.3127831667661658 6.2717562764883033 11.83504271507263 15.647928610444071 5.6262438148260143 4.0011077225208274 18.001866459846497 6.1901720762252799 7.391255408525466 8.2124098092317563 40.093551695346832 4.5030077099800092 6.0943987071514121 5.0396126955747604 5.3300411999225608 1087.1766154915094 6.7061683982610694 27.676819503307343 31.517429530620575
leaf_count=20 230621 31 86 66 21 271 23 20 65 20 38 40 32 63 83 29 21 93 32 39 42 211 24 32 27 28 5736 35 146 165
internal_value=-3.82649e-06 0.00214647 0.0145364 0.0331 0.0463259 0.000614245 0.0547128 0.000376684 0.0430205 0.0662444 0.0857518 0.000156321 0.00117192 0.00086343 -0.014481 0.00538903 -0.0219888 0.0118028 0.00312254 0.0380871 0.0617981 -0.00307726 0.00500765 0.0290231 0.00145895 0.00119518 0.00158908 0.0169055 0.0109687 0.005344
internal_weight=44634.9 1431.62 157.559 52.01 39.3863 1274.06 35.4369 1269.9 28.9935 16.2153 12.2373 1265.97 1183.83 1177.55 82.1395 105.549 20.0335 85.5155 64.2856 21.2299 13.8387 58.0954 31.2849 15.637 9.54262 1170.24 1158.41 71.2305 64.5243 59.1942
internal_count=238160 7539 817 264 198 6722 177 6702 146 81 61 6682 6245 6213 437 553 107 446 336 110 71 304 166 83 51 6173 6110 374 339 311
is_linear=0
shrinkage=0.05


Tree=78
num_leaves=31
num_cat=0
split_feature=131 95 96 135 135 34 8 113 144 88 5 132 40 118 128 135 122 32 80 121 61 73 84 32 89 131 116 5 77 82
split_gain=2.7328 7.50897 7.77596 13.6159 8.13032 9.1356 6.747 6.17081 12.5849 9.42792 10.6415 13.7854 22.8155 12.0599 11.1873 9.9314 9.21168 11.6285 8.76104 8.61289 8.41006 8.37326 9.79568 9.22936 9.38248 9.17142 11.9497 10.599 11.2608 8.34231
threshold=219.50000000000003 0.41961554625613479 5.3000000000000016 29.625000000000004 22.325000000000006 11.500000000000002 5.5000000000000009 11.500000000000002 74.500000000000014 -3.4999999999999996 71.500000000000014 4.8375235700817099 1.5000000000000002 0.21764340823178793 -21.499999999999996 24.825000000000006 8.5833333333333339 2.8995175439869816 2.2956439237389605 1.5000000000000002 10.500000000000002 -0.55263157894736825 2.7395071148823704 2.3109970338988952 -1.4999999999999998 212.50000000000003 93.500000000000014 63.500000000000007 851.4000000000002 2.1271888302239863
decision_type=2 2 2 2 2 2 2 2 2 2 2 2 2 2 2 2 2 2 2 2 2 2 2 2 2 2 2 2 2 2
left_child=1 7 -3 4 5 -4 -6 21 9 10 11 14 -13 -12 -9 -14 18 -18 -11 -15 -19 25 23 24 -23 -1 -27 28 -28 -26
right_child=-2 2 3 -5 6 -7 -8 8 -10 16 13 12 15 19 -16 -17 17 20 -20 -21 -22 22 -24 -25 29 26 27 -29 -30 -31
leaf_value=-0.012596902934599696 -0.00022724041906715844 -0.017583192558109813 -0.033374777546819896 -0.033835191413437306 0.12078278556153557 0.056894863773861493 0.029692969096605105 -0.0099226559260496144 -0.0074620092296502731 0.0028581958927771764 0.054532380363283089 0.10454177701461759 -0.039569348303301888 0.017494786475354587 0.064154252139271339 0.021806398350140428 -0.015989389820858246 0.02672004671902449 -0.017316335871198966 -0.036469139394113635 0.12897555777501102 -0.022210665266591795 0.043368560922979242 0.00078522425437369751 -0.0014587843349278676 0.083350110370043917 0.007096989037993229 -0.019724435821121912 0.08217253442904919 -0.025295185554942753
leaf_weight=242.51348085701466 33656.385252133012 103.74406057596207 6.0027225464582497 10.764265492558478 3.9903708100318891 5.2577972859144211 4.1440355330705643 6.1689445972442618 302.78007523715496 3644.2625837922096 7.3977172076702109 4.9458437263965633 14.872558042407038 11.779314383864405 29.326735645532608 11.836813703179358 4.9066546559333792 3.7478989064693433 54.619763240218163 19.861166700720787 4.3383610248565674 76.051062107086182 13.161387786269186 5829.5057392865419 460.13878987729549 4.9643042832612982 23.034432381391529 27.694713488221169 6.3776826858520499 39.888725966215134
leaf_count=1299 179607 553 32 58 21 28 22 33 1627 19421 39 26 80 62 155 63 26 20 291 106 23 404 70 31098 2452 26 123 148 34 213
internal_value=-3.79678e-06 0.000681233 -0.0110867 0.0112605 0.0362888 0.00877421 0.0743775 0.000826542 0.00235004 0.00312815 0.0178179 0.0298863 0.00589692 -0.00294143 0.0512801 -0.0123694 0.00270791 0.0447345 0.00256029 -0.0163791 0.0815812 -0.000107236 0.000277138 0.000188599 -0.00584882 -0.00820744 0.00894229 0.00247401 0.0233763 -0.00336029
internal_weight=44634.5 10978.1 133.903 30.1592 19.3949 11.2605 8.13441 10844.2 4120.84 3818.06 106.189 67.1509 31.6552 39.0382 35.4957 26.7094 3711.88 12.9929 3698.88 31.6405 8.08626 6723.33 6418.75 6405.58 576.079 304.585 62.0711 57.1068 29.4121 500.028
internal_count=238160 58553 714 161 103 60 43 57839 21972 20345 564 357 169 207 188 143 19781 69 19712 168 43 35867 34237 34167 3069 1630 331 305 157 2665
is_linear=0
shrinkage=0.05


Tree=79
num_leaves=31
num_cat=0
split_feature=134 120 107 59 32 102 116 115 115 76 96 63 89 102 86 127 56 120 77 52 76 102 66 96 75 71 73 80 124 62
split_gain=2.68715 8.5082 12.6696 16.2832 11.4031 15.99 11.1422 15.5925 10.8294 10.586 8.86899 11.9262 14.2519 13.5103 12.9135 12.0231 10.9276 9.99978 11.0867 10.2648 10.9791 10.7255 11.7648 10.8683 10.1858 9.87586 9.67426 13.498 9.76045 13.4485
threshold=2.5000000000000004 0.25726195497370102 1.0000000180025095e-35 0.12500000000000003 4.1542288434673074 23.500000000000004 145.50000000000003 57.500000000000007 63.500000000000007 7.9152198424542481 4.5000000000000009 -10.999999999999998 0.59999999999999998 61.500000000000007 1.4300338960181029 -8.4999999999999982 7.5000000000000009 0.28647182970612878 783.50000000000011 3.0750000000000006 29.884963707827946 39.500000000000007 1.5000000000000002 5.3000000000000016 861.50000000000011 1.5000000000000002 -0.28947368421052627 0.91923479236022854 1.2123724356957948 85.500000000000014
decision_type=2 2 2 2 2 2 2 2 2 2 2 2 2 2 2 2 2 2 2 2 2 2 2 2 2 2 2 2 2 2
left_child=-1 -2 3 4 8 -6 9 -8 -3 -4 -11 13 14 -12 16 -14 26 -16 -19 20 -20 24 -23 -24 25 -22 -13 -28 -29 -30
right_child=1 2 6 -5 5 -7 7 -9 -10 10 11 12 15 -15 17 -17 -18 18 19 -21 21 22 23 -25 -26 -27 27 28 29 -31
leaf_value=0.00020999253636899427 0.0002146650646236108 0.0042165528273709341 0.065822663715189342 -0.0058976922780527852 0.14099685858537919 0.020426934403477474 0.11531167019357398 0.011387412228722655 0.085251430324232477 -0.0087032235607769435 0.010767180932408233 -0.0094325192138807312 -0.016310606995820133 0.098932902713015608 -0.019217386343382516 0.011258391779979776 -0.014026542719856675 0.028727966254919225 -0.047645431829400585 -0.011527693296223968 0.069261472797297635 0.013995113772981944 0.14625385539732313 0.039887074056381533 -0.057017971594443356 -0.025721742873787881 -0.046881141634614598 0.062015889441261685 0.041104928172088627 -0.0081142964649920119
leaf_weight=34236.049365326762 7343.585744202137 143.02415804564953 6.4023668617010108 2151.1954466253519 3.8303405046463004 9.7482724040746671 5.1540415287017849 12.042442128062246 4.2452718168497077 170.84882041811943 11.618205547332765 15.789646133780478 132.20902392268181 6.9410758614540091 46.4045330286026 56.425366774201393 18.970034688711166 43.37691542506218 5.2506377696990958 77.042791724205017 6.2389376312494296 8.6576725542545336 4.9216593801975232 4.6900585740804672 5.2303136736154547 4.8750752806663513 5.0578813403844824 27.532572984695435 47.243533462285995 19.651528567075729
leaf_count=182613 39153 770 34 11571 20 52 26 63 22 913 62 85 707 37 248 301 101 230 28 411 33 46 26 25 28 26 27 146 251 105
internal_value=-3.81292e-06 -0.000707767 -0.00292538 -0.0047503 0.010595 0.0544381 0.00275662 0.0425351 0.00655251 0.0018136 0.00124361 0.00434399 0.00296329 0.0437407 0.00906456 -0.00806401 0.0211389 0.00122219 0.00713974 -0.000870301 0.0197264 0.0299462 0.0562717 0.094352 0.000520101 0.0275978 0.0269259 0.0326964 0.0369589 0.026646
internal_weight=44634.3 10398.2 3054.62 2312.04 160.848 13.5786 742.575 17.1965 147.269 725.379 718.976 548.127 529.568 18.5593 340.934 188.634 134.245 206.689 160.284 116.907 39.8644 34.6137 18.2694 9.61172 16.3443 11.114 115.275 99.4855 94.4276 66.8951
internal_count=238160 55547 16394 12435 864 72 3959 89 792 3870 3836 2923 2824 99 1816 1008 715 1101 853 623 212 184 97 51 87 59 614 529 502 356
is_linear=0
shrinkage=0.05


Tree=80
num_leaves=31
num_cat=0
split_feature=131 123 32 32 94 102 25 93 118 90 130 25 102 127 125 124 50 120 118 97 116 101 84 84 99 77 135 38 144 101
split_gain=2.70335 8.84145 15.1826 13.3767 12.6638 13.4244 10.1217 11.2952 9.42598 12.168 12.4998 10.7899 9.16526 9.74505 9.11949 11.5777 9.1153 8.90908 8.89731 8.83048 8.1173 9.43019 8.04375 9.674 14.1483 10.2257 10.9965 9.58759 9.33605 10.4158
threshold=340.50000000000006 4.5500000000000007 2.828916726132634 3.1354462480748158 0.26774788007058664 10.500000000000002 8.5000000000000018 5.8000000000000007 0.23672936640934025 -1.0999999999999999 0.12539162273276169 5.5000000000000009 33.500000000000007 -11.499999999999998 1.5000000000000002 3.4175814565408653 1.5250000000000001 0.36994197690161396 0.21087834969444433 5.1000000000000005 133.50000000000003 0.6000000000000002 1.6062257748298554 1.3509142006662127 3.7000000000000006 789.30000000000007 18.075000000000006 4.5000000000000009 18.500000000000004 0.6000000000000002
decision_type=2 2 2 2 2 2 2 2 2 2 2 2 2 2 2 2 2 2 2 2 2 2 2 2 2 2 2 2 2 2
left_child=-1 6 8 -4 18 -6 7 22 20 16 11 12 -11 -14 15 -7 -10 -17 -5 -8 -3 -22 23 25 -25 -2 -27 28 -24 -30
right_child=1 2 3 4 5 14 19 -9 9 10 -12 -13 13 -15 -16 17 -18 -19 -20 -21 21 -23 27 24 -26 26 -28 -29 29 -31
leaf_value=6.3325598718343425e-05 0.0060270135914363776 -0.028536048845978247 -0.030066647830856587 0.046172522139510591 0.11988746427826334 0.093272006974362373 0.054507064889973512 -0.023512092042996806 0.050005256944590418 -0.024689616872378452 -0.019127342862689883 0.10072059605720032 0.0047642287054795165 0.097230548047235493 -0.013567985770883827 -0.020301029591670097 0.14776475242891648 0.072259324126519961 -0.018587702949345135 -0.015437978196865144 -0.0035454050957221431 0.086855834874104365 -0.012667695257608727 0.05490643929143442 0.0041505559376159512 -0.047830139668773523 -0.0086957904352476991 0.054954812716642709 -0.0043389008090760073 0.052907073773980809
leaf_weight=43342.030876010656 117.72318570315838 11.6970781236887 33.023856684565544 6.145358905196189 3.7492410540580741 6.885611027479178 13.47743594646454 73.462326064705849 5.9970932155847532 5.9714332669973436 10.580396011471747 6.5686295032501212 5.6045438945293427 5.796380013227461 12.350631684064863 7.5998128950595838 3.958331361413002 3.9513494968414307 38.726924046874046 6.7837050110101691 7.896329537034033 4.5453199744224548 332.47943469882011 14.392578735947607 298.24059030413628 19.799853622913361 192.19598318636417 5.7642188817262641 24.858769178390503 11.6789623349905
leaf_count=231205 631 62 178 32 20 37 70 396 32 32 57 35 30 31 67 41 21 21 209 36 42 24 1796 77 1607 110 1035 31 133 62
internal_value=-3.85578e-06 -0.00225772 0.00798814 -0.00332312 0.00779873 0.0305585 -0.0039276 -0.00457813 0.0265227 0.0401752 0.0261309 0.0461322 0.0254919 0.0517753 0.0196801 0.0419527 0.088875 0.0113614 -0.00971865 0.0310885 0.00136724 0.029481 -0.00321062 0.000185728 0.00648719 -0.00578919 -0.0123508 -0.00903176 -0.0100313 0.0139593
internal_weight=44633.9 1291.91 181.048 112.433 79.4089 34.5366 1110.86 1090.6 68.6155 44.4768 34.5214 23.941 17.3724 11.4009 30.7874 18.4368 9.95542 11.5512 44.8723 20.2611 24.1387 12.4416 1017.13 642.352 312.633 329.719 211.996 374.781 369.017 36.5377
internal_count=238160 6955 971 605 427 186 5984 5878 366 238 185 128 93 61 166 99 53 62 241 106 128 66 5482 3460 1684 1776 1145 2022 1991 195
is_linear=0
shrinkage=0.05


Tree=81
num_leaves=31
num_cat=0
split_feature=122 140 78 77 120 77 102 74 102 89 131 75 78 52 119 123 67 102 75 43 4 47 93 92 67 73 76 62 77 65
split_gain=2.7157 8.7209 8.94127 11.1793 16.0249 15.5286 11.3081 11.5048 11.0631 10.6428 11.8981 10.1547 11.629 9.81338 9.16912 12.0544 10.669 9.01274 10.5115 12.4582 9.11543 8.85963 9.43257 8.37597 8.7647 8.53464 11.7243 12.09 11.0512 11.305
threshold=4.166666666666667 1.5000000000000002 93.615167510816391 834.30000000000007 0.077539762961960954 829.90000000000009 16.500000000000004 1.0000000180025095e-35 78.500000000000014 1.0000000180025095e-35 237.50000000000003 754.83333333333337 117.67633420173954 2.8750000000000004 0.19917225996680385 5.7750000000000012 -1.0000000180025095e-35 55.500000000000007 887.50000000000011 1.5000000000000002 78.500000000000014 9.5000000000000018 0.6000000000000002 -8.1999999999999975 1.5000000000000002 0.36842105263157904 43.376898452336981 66.500000000000014 797.90000000000009 1.5000000000000002
decision_type=2 2 2 2 2 2 2 2 2 2 2 2 2 2 2 2 2 2 2 2 2 2 2 2 2 2 2 2 2 2
left_child=-1 -2 3 5 6 8 -5 9 23 -8 -11 -4 -13 -14 15 21 -17 18 -6 -20 -21 22 -15 24 -3 28 -27 -28 29 -25
right_child=1 2 11 4 17 -7 7 -9 -10 10 -12 12 13 14 -16 16 -18 -19 19 20 -22 -23 -24 25 -26 26 27 -29 -30 -31
leaf_value=0.000309578762659743 -0.0002129575259900958 0.097525694748397493 -0.033590073186668151 -0.016812233626718406 0.0011096051040432014 -0.041201744517136298 0.017830636231121477 0.0063669651888732144 0.05959162899085596 0.12768526977250041 0.03262924671939918 -0.015169888096765338 -0.066451366834330991 0.053559329734037597 -0.0066377873199279687 -0.056592108219826243 0.0385409270690793 -0.015841016667348818 0.07824935618115024 0.051615262288309462 -0.02870623898288599 0.01724234765129529 0.15280011581590697 0.0030389447391635277 0.0057573145187121769 0.05113981537866083 0.021737546925787332 -0.039875775068723904 -0.017822131162752997 -0.024615713924755346
leaf_weight=27117.399676501751 16504.784299120307 3.9530131816863996 48.741362005472183 8.018026724457739 98.998940914869308 29.82077357172966 6.5205275416374269 10.277246057987211 6.7330112159252158 9.491552069783209 5.0400635153055182 155.19915336370468 3.7210436314344397 5.8186620473861712 21.735166445374489 5.0280448496341705 7.1211486756801587 55.343824133276939 10.684806898236276 6.3447711467742902 7.9684950709342957 5.9659007936716071 4.068564772605896 218.64574114978313 7.612521231174469 14.770938873291014 20.367695868015289 13.071704074740408 175.95965500175953 44.471785947680473
leaf_count=144450 88270 21 263 43 531 161 35 55 36 50 27 837 20 31 117 27 38 298 57 34 43 32 21 1176 41 78 109 70 948 241
internal_value=-3.87726e-06 -0.000489147 -0.00499579 -0.0022493 0.00727635 -0.00614007 0.0361722 0.0497324 -0.00407204 0.0709025 0.0947166 -0.0130421 -0.00824221 0.01187 0.0177295 0.0366432 -0.000830671 0.000936586 0.00842496 0.0373957 0.0068986 0.0653617 0.0943966 -0.00493131 0.0371231 -0.00592945 0.0140402 -0.00234755 -0.0081221 -0.00163521
internal_weight=44633.7 17516.3 1011.49 754.095 218.688 535.407 39.3474 31.3294 505.586 21.0521 14.5316 257.399 208.658 53.4585 49.7375 28.0023 12.1492 179.341 123.997 24.9981 14.3133 15.8531 9.88723 498.853 11.5655 487.288 48.2103 33.4394 439.077 263.118
internal_count=238160 93710 5440 4054 1173 2881 210 167 2720 112 77 1386 1123 286 266 149 65 963 665 134 77 84 52 2684 62 2622 257 179 2365 1417
is_linear=0
shrinkage=0.05


Tree=82
num_leaves=31
num_cat=0
split_feature=131 130 95 118 69 78 87 71 56 56 66 124 82 95 85 122 89 61 75 0 127 97 123 23 75 131 117 98 132 122
split_gain=2.64939 8.90485 11.5327 17.5521 11.1034 18.8648 14.2653 12.8793 12.5002 10.4484 10.323 10.0862 10.0213 12.0533 13.9793 14.1021 9.82054 9.57305 10.6922 9.93293 10.4059 9.59753 9.1641 9.35932 9.09089 8.84124 9.12977 8.51584 11.1701 8.84653
threshold=274.50000000000006 -0.075927706367828265 0.19320226846018182 0.39141967053483678 -1.4999999999999998 61.097626787262435 -116.8333333333333 -2.4999999999999996 9.5000000000000018 6.5000000000000009 4.5000000000000009 1.4831784001897421 1.6340020031478217 0.20466550782656576 5.7000000000000002 2.8333333333333335 3.1000000000000005 35.500000000000007 830.50000000000011 750.50000000000011 -11.499999999999998 5.5000000000000009 2.1000000000000005 3.5000000000000004 808.16666666666686 287.50000000000006 257.50000000000006 5.9000000000000012 4.7964532328939118 2.8333333333333335
decision_type=2 2 2 2 2 2 2 2 2 2 2 2 2 2 2 2 2 2 2 2 2 2 2 2 2 2 2 2 2 2
left_child=-1 2 27 4 5 -4 16 -7 -8 25 -3 22 13 -13 -15 -16 -6 19 -19 20 -14 -21 23 -9 -25 -5 -27 -2 -29 -30
right_child=1 10 3 9 6 7 8 11 -10 -11 -12 12 17 14 15 -17 -18 18 -20 21 -22 -23 -24 24 -26 26 -28 28 29 -31
leaf_value=-0.00023849336856665562 0.011917322061769056 0.00045390939336895211 -0.0095376382413482914 0.13444692424064061 -0.031287509796229629 0.090091850332405493 -0.0014590848303154941 -0.033489528945083218 0.057163310760154087 -0.011282549413503418 -0.0066144651234024514 -0.021320341101898607 -0.00013201411608405604 0.059883441333414278 0.084381556105064592 -0.02569596532785633 0.030604218521867801 0.012266493037668415 0.11647180190743089 -0.043539121177521983 0.09420664560984511 0.023472798026722655 -0.01344409005454404 0.097904281295467119 0.014045432646796245 0.086843918387647323 -0.009497848212119242 0.032578699051608602 -0.045759205956714524 -0.001996617993365367
leaf_weight=32558.75310279429 508.71206106245518 9852.3272030800581 91.473452121019363 3.9369806647300747 60.424857184290886 6.045625001192092 738.60321146249771 4.4064442217350033 9.2068570703268033 5.3399301916360846 545.12568773329258 7.7023730278015128 8.9394020736217481 42.547117993235588 3.9648761153221121 10.931417673826216 7.1697940379381171 6.9559521824121457 3.8099731206893921 17.25726076960564 4.3432519882917395 7.7393591403961173 42.137901470065117 5.7440690696239454 7.3893626630306244 5.8122303932905179 4.2624430656433105 13.507341638207434 18.742805823683739 30.083085492253304
leaf_count=173725 2693 52630 485 20 321 32 3917 23 48 28 2920 41 47 225 21 58 38 37 20 92 23 41 224 30 39 30 22 71 99 160
internal_value=-3.89993e-06 0.000628671 0.00400946 0.00103044 0.000189985 0.00895022 -0.00272565 0.01835 -0.00073734 0.0482307 8.33232e-05 0.0158554 0.0245613 0.0374133 0.0452887 0.00360285 -0.0247226 0.00749026 0.0491439 -0.0042247 0.0307155 -0.0227911 -0.000802975 0.0295661 0.0507221 0.0709115 0.0460832 0.00977999 -0.00766315 -0.0187958
internal_weight=44633.4 12074.6 1677.19 1106.14 1086.79 271.388 815.405 179.914 747.81 19.3516 10397.5 173.869 114.191 65.1458 57.4434 14.8963 67.5947 49.0452 10.7659 38.2793 13.2827 24.9966 59.6778 17.5399 13.1334 14.0117 10.0747 571.045 62.3332 48.8259
internal_count=238160 64435 8885 5862 5762 1438 4324 953 3965 100 55550 921 605 345 304 79 359 260 57 203 70 133 316 92 69 72 52 3023 330 259
is_linear=0
shrinkage=0.05


Tree=83
num_leaves=31
num_cat=0
split_feature=123 100 117 75 119 117 135 128 144 75 74 126 124 124 118 74 83 75 98 67 125 86 131 50 0 83 118 98 87 132
split_gain=2.64013 7.87211 7.47501 11.0546 9.2507 7.81461 10.299 9.29775 14.2285 13.0254 10.2772 9.97216 8.93513 11.9732 13.8831 11.2785 9.74399 9.57467 11.9146 8.82255 9.02051 9.4725 10.4856 9.21843 10.22 8.23656 8.19524 8.00778 16.1561 19.5473
threshold=7.1000000000000005 4.2000000000000011 270.50000000000006 820.50000000000011 0.15272710355986974 163.50000000000003 21.625000000000004 -12.499999999999998 5.5000000000000009 807.50000000000011 1.0000000180025095e-35 17.500000000000004 2.7928388277184126 4.2331915517539311 0.14094893594765887 -2.4999999999999996 4.7000000000000002 855.16666666666686 5.3000000000000016 -4.4999999999999991 1.5000000000000002 1.4916349147207137 239.50000000000003 1.5250000000000001 829.50000000000011 5.1000000000000005 0.21010670898886355 5.1000000000000005 -6.8333333333333135 5.8602325581395354
decision_type=2 2 2 2 2 2 2 2 2 2 2 2 2 2 2 2 2 2 2 2 2 2 2 2 2 2 2 2 2 2
left_child=-1 2 5 -4 -5 6 -2 12 11 10 -10 -9 -8 14 -14 -16 -15 18 25 20 21 -7 -23 -22 -25 -17 27 -21 29 -29
right_child=1 -3 3 4 -6 19 7 8 9 -11 -12 -13 13 16 15 17 -18 -19 -20 26 23 22 -24 24 -26 -27 -28 28 -30 -31
leaf_value=-8.3001183912280154e-05 -0.015396186646834016 0.03774367553966055 -0.038813756662180093 -0.0132478734240924 0.060650359396352105 0.012450420062215216 -0.032086858432667634 0.12985889273712384 0.012160647772005782 -0.019053343940416998 0.087162315222011177 0.02419213474685368 0.1005459856752299 0.012484478169456406 -0.06644344316765953 0.1233313731315494 -0.0097469732591375126 -0.034645589216287048 -0.0086530859056587316 0.007969259628018829 -0.014547510036299364 0.038974717878940662 0.1566599573566827 -0.004208145941813804 0.10926573927150292 0.031491137259678219 -0.019191094168434789 0.014401219382070271 -0.0082453202905282373 -0.024421456483547193
leaf_weight=42822.426892369986 129.69091425836086 15.161252021789549 27.138498276472092 13.098697215318682 6.258296236395835 5.6550736576318723 23.156090140342712 4.5648756921291334 13.896397531032564 21.0379828363657 6.8036762773990622 4.3705985844135284 5.670040592551234 68.895162597298622 3.7217206209898057 5.2593657076358777 173.18706016242504 4.6827261149883261 6.0180925279855719 641.21581472456455 14.395018815994264 3.7749743908643723 3.7960410863161087 3.9657417088747016 3.9713188856840134 4.5561807602643967 38.796721071004868 224.73773935437202 295.33980572223663 37.889525145292282
leaf_count=228506 694 79 146 70 33 30 124 24 74 113 36 23 30 363 20 28 928 25 32 3414 77 20 20 21 21 24 207 1199 1576 203
internal_value=-3.92562e-06 0.00186618 0.00156324 -0.0182235 0.0106441 0.00208923 -0.00338028 0.00112598 0.0209122 0.00865324 0.0368121 0.0781742 -0.0022711 0.000267288 0.0301132 0.0136368 -0.00342003 0.0281635 0.046739 0.00413143 0.0286869 0.0614108 0.0979811 0.0093063 0.0525687 0.080701 0.00342612 0.00415785 -0.00022222 0.00880023
internal_weight=44633.1 1810.71 1795.54 46.4955 19.357 1749.05 475.511 345.82 50.6735 41.7381 20.7001 8.93547 295.146 271.99 29.9081 24.2381 242.082 20.5164 15.8336 1273.54 35.5582 13.2261 7.57102 22.3321 7.93706 9.81555 1237.98 1199.18 557.967 262.627
internal_count=238160 9654 9575 249 103 9326 2538 1844 270 223 110 47 1574 1450 159 129 1291 109 84 6788 189 70 40 119 42 52 6599 6392 2978 1402
is_linear=0
shrinkage=0.05


Tree=84
num_leaves=31
num_cat=0
split_feature=127 131 113 78 54 63 62 32 142 70 62 120 98 6 71 122 119 102 32 126 122 73 5 73 68 78 69 90 123 2
split_gain=2.64772 7.90888 5.16143 7.50278 10.5891 11.2611 6.18208 7.6636 8.65393 6.5863 7.53162 5.57853 5.47535 5.41326 5.01484 4.17869 5.67932 10.477 4.44777 3.92807 6.35296 7.22428 6.31785 6.97378 11.4993 10.6877 5.50899 4.50439 3.61977 4.64618
threshold=-2.4999999999999996 257.50000000000006 4.5000000000000009 79.4881070522963 5.9750000000000005 1.0000000180025095e-35 113.50000000000001 3.5711987059252963 8.5000000000000018 1.5000000000000002 -60.499999999999993 0.025501612024064185 5.1000000000000005 38.250000000000007 -2.4999999999999996 10.833333333333334 0.27812000712527463 44.500000000000007 2.2971732713262152 27.500000000000004 12.500000000000002 -1.0000000180025095e-35 75.500000000000014 -0.052631578947368744 1.5000000000000002 80.16780875137529 1.0000000180025095e-35 -1.6999999999999997 11.300000000000002 22.020303118093672
decision_type=2 2 2 2 2 2 2 2 2 2 2 2 2 2 2 2 2 2 2 2 2 2 2 2 2 2 2 2 2 2
left_child=2 14 3 6 5 13 7 8 -1 10 -10 -6 -12 -5 -2 16 17 18 -16 28 22 -22 23 25 -25 -21 -27 -24 -4 -30
right_child=1 -3 19 4 11 -7 -8 -9 9 -11 12 -13 -14 -15 15 -17 -18 -19 -20 20 21 -23 27 24 -26 26 -28 -29 29 -31
leaf_value=0.049069996870749942 0.039915386310169193 0.05352596527224443 -2.1216100035566976e-05 0.010520710854756362 0.12014158338865032 0.069137591653374436 -0.048101855439910017 0.054965653847159374 0.062348478584818651 -0.046238971269058446 0.018945308710445967 0.039078609338850621 -0.065809367615089195 -0.06577778643437919 0.02759300137359998 -0.043026615003337765 -0.056131488585513339 0.053653641086833515 -0.029861394967425861 -0.042662721330797126 -0.0013472118094012687 0.089362745968282142 0.029314333797741038 0.093088986247392216 0.0033136468441106906 -0.0063650714761214148 0.072462061015884219 -0.030038166150870085 0.013546106236742206 -0.057222774936685351
leaf_weight=6.2827971130609539 3.6852851361036292 4.3990598767995825 44442.730920523405 5.5936779975891131 4.4231614321470243 5.3958284407854071 5.4940565675497046 7.1999195814132682 4.1625009775161752 10.471872881054876 4.0189516693353662 4.0800366997718811 3.6237524449825287 3.9778807163238525 4.1910382956266465 14.514610990881918 5.7613012492656699 6.5614112615585318 17.163164287805557 8.3096506148576754 3.7692395746707916 5.2552472501993162 4.0891840606927898 6.7077139616012591 7.6179126501083374 4.1100760549306852 4.8108119964599609 14.645996168255804 3.7398180365562421 6.1058623492717743
leaf_count=31 19 21 237151 28 21 27 30 36 21 59 21 20 20 22 22 87 33 34 98 45 20 25 21 33 39 22 23 77 20 34
internal_value=-3.94095e-06 -0.0108425 9.74221e-06 0.014119 0.0366883 0.0113746 0.0012787 0.00886542 -0.00275641 -0.017373 0.00823273 0.0812456 -0.0212407 -0.0211885 -0.0163008 -0.0205998 -0.0109339 -0.00160588 -0.0185852 -1.0774e-05 0.0128476 0.0514761 0.0059159 0.019571 0.0453493 -0.00186134 0.0361444 -0.0170838 -2.79317e-05 -0.0303417
internal_weight=44632.9 56.2759 44576.6 64.7244 23.4706 14.9674 41.2539 35.7598 28.5599 22.2771 11.8052 8.5032 7.6427 9.57156 51.8768 48.1915 33.6769 27.9156 21.3542 44511.9 59.3158 9.02449 50.2913 31.5562 14.3256 17.2305 8.92089 18.7352 44452.6 9.84568
internal_count=238160 314 237846 336 118 77 218 188 152 121 62 41 41 50 293 274 187 154 120 237510 305 45 260 162 72 90 45 98 237205 54
is_linear=0
shrinkage=0.05


Tree=85
num_leaves=31
num_cat=0
split_feature=102 114 82 131 87 73 116 43 130 124 61 124 65 130 131 96 77 119 123 32 97 94 78 52 2 114 122 108 75 4
split_gain=2.65052 9.76775 10.9598 12.5816 10.1239 9.66037 11.0802 11.0196 9.43822 9.03669 9.04343 8.50106 9.83626 10.3615 9.50077 9.30896 8.72797 18.2669 11.3294 11.044 9.3965 9.69032 9.63751 9.20242 10.4529 12.0153 11.655 10.4887 12.0807 12.772
threshold=63.500000000000007 18.500000000000004 2.0988088481701523 220.50000000000003 -201.83333333333329 0.39473684210526311 130.50000000000003 2.5000000000000004 -0.12684992290673044 6.4031234756093953 33.500000000000007 1.1830951894845305 -5.4999999999999991 -0.026851728636286442 256.50000000000006 6.3000000000000016 798.90000000000009 0.11698101700701632 2.5500000000000003 2.0880874127830649 6.7000000000000002 0.11228992307159597 74.025377182397918 3.3250000000000006 22.778388880426871 21.500000000000004 2.5000000000000004 1.0000000180025095e-35 834.83333333333337 78.500000000000014
decision_type=2 2 2 2 2 2 2 2 2 2 2 2 2 2 2 2 2 2 2 2 2 2 2 2 2 2 2 2 2 2
left_child=-1 2 4 -4 -2 6 8 -8 -6 -7 -11 15 13 -13 -15 16 23 -18 20 -20 21 22 -19 24 25 26 -3 28 29 -27
right_child=1 11 3 -5 5 9 7 -9 -10 10 -12 12 -14 14 -16 -17 17 18 19 -21 -22 -23 -24 -25 -26 27 -28 -29 -30 -31
leaf_value=0.00019606459746008225 0.044152440948135634 -0.055409329281323576 0.0087457704301195632 0.063619173830928771 0.075150105996018762 -0.024154687640597403 0.087802959496823985 -0.0075341734367405482 0.0026846772232655392 0.087823335323519117 -0.012176563166703916 -0.038820928088929639 -0.0016837470322055891 0.024159712241518166 -0.022120887883937068 -0.020982717521729422 0.066192213860165688 0.00538625103817722 0.068840713325146269 0.0064553009798207165 0.060424448027984745 -0.006442132018586501 0.090363045767922964 7.0480613927835452e-05 0.0047104560912690089 0.02121989735846332 0.033289223760472518 0.00080298470784291056 0.1232628311576103 0.06159129870197412
leaf_weight=35164.35454672575 14.750246122479437 8.6778289377689344 29.04531218111515 16.3129922747612 4.5254066139459601 54.114750891923904 7.7153335958719236 4.9921555072069168 633.89673718810081 3.8526014238595945 5.4721340388059616 36.73800602555275 7324.9695386886597 18.767003372311592 27.10565659403801 40.77012836933136 10.340757384896277 9.7090400755405408 7.3168861269950858 233.0163372606039 5.4892060458660117 527.90246398746967 5.0836389362812033 177.59895117580891 131.99950318038464 64.246402159333229 6.4610047191381446 24.961064383387566 3.9095255434513083 28.185389503836632
leaf_count=187551 77 46 154 84 23 289 40 26 3381 20 29 200 39221 101 146 220 52 52 38 1236 29 2822 27 935 694 336 34 131 20 146
internal_value=-3.8696e-06 -0.000746435 0.00463342 0.0284808 0.00315028 0.00230391 0.00411855 0.0503496 0.00319834 -0.0163212 0.0291393 -0.00122585 -0.00187724 -0.0190339 -0.00318699 0.00252724 0.00329719 0.000168867 -0.000696974 0.00835461 -0.00466534 -0.00532371 0.0345893 0.00890002 0.0147416 0.0244462 -0.0175542 0.029688 0.0371718 0.0335304
internal_weight=44632.3 9467.93 774.678 45.3583 729.319 714.569 651.13 12.7075 638.422 63.4395 9.32474 8693.25 7407.58 82.6107 45.8727 1285.67 1244.9 798.858 788.518 240.333 548.184 542.695 14.7927 446.04 268.441 136.441 15.1388 121.302 96.3413 92.4318
internal_count=238160 50609 4123 238 3885 3808 3470 66 3404 338 49 46486 39668 447 247 6818 6598 4256 4204 1274 2930 2901 79 2342 1407 713 80 633 502 482
is_linear=0
shrinkage=0.05


Tree=86
num_leaves=31
num_cat=0
split_feature=133 130 120 135 27 135 130 52 124 94 77 86 123 128 128 108 77 105 60 114 121 123 135 120 120 102 84 132 5 119
split_gain=2.66121 6.2815 6.01048 7.7951 7.39695 5.63461 5.29111 5.33698 6.09078 5.05578 4.72507 5.93217 7.20693 4.20186 6.14146 7.59786 17.0569 4.42607 7.98902 4.36763 5.68473 4.20869 4.19839 4.09148 4.10368 4.0916 4.05027 4.35071 4.03124 3.25274
threshold=6.5000000000000009 0.0066769343343459917 0.12952560290382206 26.725000000000005 4.5000000000000009 22.025000000000002 0.020195774064088973 2.9750000000000005 1.5229281465962721 0.089311959583578709 837.10000000000014 1.4159791251244391 5.4500000000000011 -1.0000000180025095e-35 -1.4999999999999998 1.0000000180025095e-35 818.90000000000009 1.0000000180025095e-35 0.4250000000000001 6.5000000000000009 10.500000000000002 4.2666666666666675 21.025000000000002 0.22490743058045601 0.077539762961960954 35.500000000000007 1.5508054040544847 4.3099343185550092 72.500000000000014 0.25368811472436259
decision_type=2 2 2 2 2 2 2 2 2 2 2 2 2 2 2 2 2 2 2 2 2 2 2 2 2 2 2 2 2 2
left_child=1 2 3 4 5 -1 -3 -8 -9 -6 11 12 22 14 19 17 -17 18 -16 20 23 -15 -10 24 25 -2 29 -28 -5 -4
right_child=13 6 26 28 9 -7 7 8 10 -11 -12 -13 -14 21 15 16 -18 -19 -20 -21 -22 -23 -24 -25 -26 -27 27 -29 -30 -31
leaf_value=0.0041479461554986734 0.027624684155175463 0.047453438011548527 -0.060509365875800296 -0.0021643477734002688 0.02529714330908275 0.067017718407816687 -0.038314562251536816 0.053586826706546235 0.024155104589788135 -0.031399203789077075 -0.052866813858381462 0.059960017806722034 0.049797281816648192 -0.052074800538298022 -0.0046385100416622615 0.10917914881033251 -0.020335044663608769 -0.010476776115691344 0.073010783927219908 1.9585962852311167e-05 0.03674026182109584 0.0080071732155108672 -0.036397203741505922 0.016083414774021944 -0.057153893625285668 -0.043884800831296478 0.024005934512732321 -0.043337773290319098 -0.046175624508213123 -0.0061813417213077131
leaf_weight=6.9359150826931018 3.7215180695057004 6.9371487945318213 13.743602290749555 8.5174873024225253 5.9678513556718853 7.3304145485162735 7.3686665892601004 6.1670456677675238 3.8167131394147971 11.526558190584181 3.8340929150581351 4.3231196999549857 4.656742811203002 7.6366865634918195 7.9035600721836108 6.1965172290801984 4.3106750547885895 16.766383230686188 5.702561154961586 44421.778514444828 3.8335356116294852 4.7139060497283936 11.451204240322111 4.1857015192508689 11.757268384099005 4.3251659423112869 4.883141100406645 4.7131308019161224 13.370289519429205 3.4459093809127799
leaf_count=36 20 36 80 46 32 37 41 32 20 63 21 23 24 43 41 32 23 89 30 237026 20 26 61 22 65 23 25 27 76 20
internal_value=-3.88362e-06 -0.00717529 -0.015748 -0.00609027 0.00973158 0.0364521 0.00702608 0.000287322 0.00859253 -0.0120584 -0.00128864 0.00686697 -0.00465281 1.69023e-05 2.49971e-05 0.019396 0.0560447 0.00671759 0.0279057 7.18188e-06 -0.0197968 -0.029143 -0.0212602 -0.0288315 -0.0383245 -0.0108123 -0.0350913 -0.00906938 -0.0290489 -0.0496185
internal_weight=44631.8 128.989 80.4343 53.6485 31.7607 14.2663 48.5547 41.6176 34.2489 17.4944 28.0819 24.2478 19.9247 44502.8 44490.5 40.8797 10.5072 30.3725 13.6061 44449.6 27.8232 12.3506 15.2679 23.9897 19.804 8.04668 26.7858 9.59627 21.8878 17.1895
internal_count=238160 700 442 290 168 73 258 222 181 95 149 128 105 237460 237391 215 55 160 71 237176 150 69 81 130 108 43 152 52 122 100
is_linear=0
shrinkage=0.05


Tree=87
num_leaves=31
num_cat=0
split_feature=105 125 18 92 121 73 124 82 64 91 135 114 5 89 68 116 70 89 93 86 71 81 64 75 89 3 34 130 108 82
split_gain=2.61759 6.06337 8.48487 9.44088 7.5291 7.18619 12.0247 13.6991 11.0419 10.8641 10.6302 13.4667 14.1694 13.1082 11.1011 10.7615 17.5246 12.9177 13.3226 12.8757 11.171 9.97738 12.7612 9.2607 18.9047 9.14602 9.73728 8.75993 8.74603 15.6542
threshold=1.0000000180025095e-35 1.5000000000000002 4.5000000000000009 -11.799999999999999 20.500000000000004 0.13157894736842099 0.44494897427831792 1.3674598796801485 -2.9999999999999996 -0.29999999999999993 42.925000000000004 27.500000000000004 70.500000000000014 -0.8999999999999998 2.5000000000000004 142.50000000000003 4.5000000000000009 -1.0000000180025095e-35 -1.3999999999999997 1.11579343065795 1.5000000000000002 5.1000000000000005 3.0000000000000004 704.50000000000011 2.1000000000000005 9.5000000000000018 11.500000000000002 -0.13650473342118655 1.0000000180025095e-35 1.0343628637435078
decision_type=2 2 2 2 2 2 2 2 2 2 2 2 2 2 2 2 2 2 2 2 2 2 2 2 2 2 2 2 2 2
left_child=1 -1 -3 -4 5 6 7 -5 -9 25 15 12 -12 -14 -15 23 17 18 -17 -20 -19 22 -21 24 -8 26 27 -7 -25 -30
right_child=-2 2 3 4 -6 9 10 8 -10 -11 11 -13 13 14 -16 16 -18 20 19 21 -22 -23 -24 28 -26 -27 -28 -29 29 -31
leaf_value=-6.2348958317240809e-05 -0.00038789550930562266 -0.05204616538733782 0.062258619388652459 0.10380800749987523 0.060753163017049319 0.056835669683230852 -0.027890785353858517 0.077674559413298858 -0.014069195982411027 0.0022402362730891954 -0.022431476911404364 0.079990009658967076 -0.020690483987547453 0.074178830109206548 -0.017744697545787693 -0.04146796070365779 0.10588586275160483 0.022521139954747933 0.094881887520207875 0.076629964773122547 0.092165008771807097 -0.027255038989899855 -0.026788264574043208 0.00089622706015846001 0.074876345330134084 0.056899649722353764 -0.0122148529261469 -0.00060942300865583115 0.03246317360044234 0.0050237030336054856
leaf_weight=17402.559493929148 22247.39684151113 7.2739644497632971 6.4904376417398444 6.1138533949852016 5.4313438683748236 6.8468288034200659 48.946531802415848 4.8095279186964044 10.310495406389233 985.50856584310532 17.023918032646179 9.1914205253124219 7.6359369158744839 16.579272463917736 4.0957435220479956 15.88759073615074 5.4925495088100424 35.170803561806679 4.3275736123323467 7.3213572055101412 6.8851011246442786 13.902343288064001 5.0337589234113693 2381.4992980957031 4.9253919124603263 5.6523502916097632 350.15989610552788 215.96448493003845 55.921304419636726 737.13042417168617
leaf_count=92578 119080 40 33 32 28 36 261 25 54 5241 92 49 41 87 22 85 29 186 23 39 36 74 27 12674 26 30 1865 1148 298 3921
internal_value=-3.80783e-06 0.000377934 0.00191603 0.00199494 0.0019162 0.0018518 0.00314269 0.0406513 0.0151136 -0.000952754 0.00290684 0.0248048 0.0136162 0.0352924 0.0559687 0.00254746 0.0192223 0.0138454 -0.00432377 0.014971 0.0339228 0.00180066 0.034495 0.00206185 -0.018495 -0.00639104 -0.0070154 0.00115582 0.00241069 0.00695857
internal_weight=44631.5 22384.1 4981.53 4974.26 4967.77 4962.34 3398.2 21.2339 15.12 1564.13 3376.97 54.5263 45.3349 28.311 20.675 3322.44 94.0211 88.5285 46.4726 30.585 42.0559 26.2575 12.3551 3228.42 53.8719 578.624 572.971 222.811 3174.55 793.052
internal_count=238160 119080 26502 26462 26429 26401 18081 111 79 8320 17970 291 242 150 109 17679 499 470 248 163 222 140 66 17180 287 3079 3049 1184 16893 4219
is_linear=0
shrinkage=0.05


Tree=88
num_leaves=31
num_cat=0
split_feature=118 28 0 131 116 84 84 55 67 81 120 117 3 127 43 86 130 44 119 94 61 117 82 94 117 118 128 18 0 103
split_gain=2.58073 7.89186 11.5788 8.03626 7.83377 7.48377 7.27895 7.18411 7.09696 9.2908 9.30598 13.2088 8.12827 10.8988 7.86262 7.68348 7.51953 11.2632 12.4355 12.4211 10.5374 9.63403 8.34867 9.17721 8.29931 8.24474 13.6914 13.9487 13.6774 18.7088
threshold=0.34928583322414036 4.5000000000000009 718.50000000000011 327.50000000000006 153.50000000000003 2.6124685181321916 2.1610133240277776 8.5000000000000018 -3.4999999999999996 5.7000000000000002 0.49615585179203842 267.50000000000006 6.5000000000000009 -13.499999999999998 2.5000000000000004 2.4859573243979596 -0.11050429237294765 2.5000000000000004 0.34938947440152518 0.15332295044460945 42.500000000000007 243.50000000000003 2.0062367818371292 0.22783585838766798 272.50000000000006 0.35553189879181452 -15.499999999999998 8.5000000000000018 838.50000000000011 0.34375000000000006
decision_type=2 2 2 2 2 2 2 2 2 2 2 2 2 2 2 2 2 2 2 2 2 2 2 2 2 2 2 2 2 2
left_child=-1 4 -3 7 5 6 8 -4 9 15 14 12 13 -12 -11 -2 17 18 19 -10 -20 -21 23 -23 25 26 28 -28 29 -18
right_child=1 2 3 -5 -6 -7 -8 -9 16 10 11 -13 -14 -15 -16 -17 24 -19 20 21 -22 22 -24 -25 -26 -27 27 -29 -30 -31
leaf_value=-0.0001180432747794266 -0.019291612789166263 -0.037869462617774324 0.050018549509925236 -0.028336173820848423 -0.02733849303116688 0.039923574194009506 -0.009881402483528038 -0.0005423858901372554 0.10030109631626845 -0.02298622630208174 0.057094806517359042 0.095381172407097772 0.064802573517691794 -0.011543660122644963 0.015473508751657645 0.049171654975638079 0.033433014427543033 -0.0072201817056489568 0.089683436482917184 -0.025248668232024721 0.015304164939262939 0.10245389541900707 -0.042699069879772698 0.020971543521740008 -0.0076614595084015377 0.0019888881067762396 -0.011092891895958169 0.062641499178975532 -0.0057317889008323616 0.0037087051883270329
leaf_weight=40937.96546214819 106.36133854091167 29.749940291047096 7.6239327043294898 25.050611928105354 23.009803041815758 12.914111867547033 128.66173607110977 89.518862277269363 3.8614869415760031 37.4328223913908 7.2339444458484605 5.2421441525220862 6.0598735213279715 28.841643780469898 20.603582695126534 4.2623279541730872 82.782917335629463 34.736110121011734 12.284490764141085 15.42360697686672 7.7759929597377768 4.0986185222864213 4.1360356658697119 22.026169568300247 192.63461022078991 2469.8699140995741 8.995620936155321 22.350331336259842 132.84931929409504 146.83220280706882
leaf_count=218535 567 161 40 137 124 66 689 476 20 198 38 28 32 153 109 22 440 181 62 81 40 21 22 115 1026 13120 48 118 709 782
internal_value=-3.84436e-06 0.00126201 -0.00989624 -0.00308572 0.00174077 0.00193095 0.00179098 0.00342572 0.00223573 -0.00653194 0.00409007 0.0205325 0.0112204 0.00221985 -0.00933258 -0.0166537 0.00283502 0.0160341 0.0276389 0.0141913 0.060852 0.0069129 0.0233053 0.033755 0.0023844 0.00306017 0.00977894 0.0414813 0.00703731 0.0144252
internal_weight=44631.2 3693.22 151.943 122.193 3541.28 3518.27 3505.36 97.1428 3376.7 216.038 105.414 47.3776 42.1355 36.0756 58.0364 110.624 3160.66 104.343 69.6064 49.5459 20.0605 45.6844 30.2608 26.1248 3056.31 2863.68 393.81 31.346 362.464 229.615
internal_count=238160 19625 814 653 18811 18687 18621 516 17932 1147 558 251 223 191 307 589 16785 542 361 259 102 239 158 136 16243 15217 2097 166 1931 1222
is_linear=0
shrinkage=0.05


Tree=89
num_leaves=31
num_cat=0
split_feature=135 78 85 108 123 120 89 144 123 81 119 69 44 49 135 49 115 120 8 127 79 142 83 115 76 94 5 144 89 141
split_gain=2.57379 7.60968 9.2733 10.6753 9.5638 10.7733 7.71445 9.45641 7.79568 8.20102 9.08609 8.45895 7.39734 7.50046 7.33018 16.0803 13.3841 12.1408 14.4612 10.8611 9.4254 9.3445 10.517 11.9207 10.0236 13.7085 12.3171 11.7138 10.383 10.287
threshold=41.675000000000004 41.351960894304462 4.1000000000000005 1.0000000180025095e-35 5.1000000000000005 0.31772568499336379 -2.6999999999999997 47.500000000000007 3.5500000000000003 5.1000000000000005 0.20650496106773744 1.0000000180025095e-35 1.5000000000000002 15.500000000000002 40.675000000000004 18.500000000000004 45.500000000000007 0.071529866857106147 5.5000000000000009 -8.4999999999999982 3.7000000000000006 8.5000000000000018 4.7000000000000002 60.500000000000007 52.80677481065667 0.32117516385414041 73.500000000000014 30.500000000000004 -0.8999999999999998 1.5000000000000002
decision_type=2 2 2 2 2 2 2 2 2 2 2 2 2 2 2 2 2 2 2 2 2 2 2 2 2 2 2 2 2 2
left_child=14 2 3 4 5 -2 7 -3 12 -10 11 -11 -9 -14 -1 20 17 -17 -19 -18 -16 22 -22 24 25 -24 28 -27 29 -26
right_child=1 6 -4 -5 -6 -7 -8 8 9 10 -12 -13 13 -15 15 16 19 18 -20 -21 21 -23 23 -25 26 27 -28 -29 -30 -31
leaf_value=-7.2922904719990816e-06 0.074510586267602943 -0.00083994987098325437 -0.019311294933549564 -0.054642517263867312 -0.040263893152750543 -0.014828328066835553 -0.0021470709929439307 0.013143418615212286 0.067916816439259065 -0.025017037908569531 -0.042502459121026154 0.062311221543240917 0.036369854589118081 0.12491621539922507 -0.03866467502062778 -0.016156825404556274 0.021208342300599044 0.091449165774158514 0.018209190272503877 -0.02351188639494449 -0.0081314549426133396 -0.023740742218474317 -0.0084208609242122593 -0.047962508908289937 0.073980845835076442 0.11105493390385009 0.038746440163802714 0.016482354908703652 -0.0077618533893633245 -0.025417292953648668
leaf_weight=42933.546227023005 11.161142960190778 53.984889328479767 113.75879122316837 4.5236428678035727 3.8514651209115973 4.836906984448432 1002.1056725680828 5.504916548728942 5.4978814572095898 4.6480668932199496 7.913314849138259 6.8738235980272293 4.2912101894617063 5.4025614708662033 14.356049582362173 5.9342121034860602 61.948546916246414 17.066376611590389 11.138738468289374 17.387951552867889 98.16525000333786 30.369773700833321 69.493042945861816 8.0343298614025098 8.8665191084146482 4.5010260343551662 62.640949279069901 12.01271605491638 37.368990495800972 3.6847215890884391
leaf_count=229023 57 282 624 25 21 26 5424 28 28 24 41 35 22 27 77 32 330 91 59 93 524 163 371 43 47 24 335 64 200 20
internal_value=-3.84891e-06 -0.00225521 -0.0133147 0.0146736 0.0304705 0.0474995 -0.000861637 0.012825 0.031207 0.0140014 -0.0012503 0.027082 0.0594322 0.0857188 6.01881e-05 0.006318 0.0226714 0.0488485 0.0625253 0.0114071 0.00100826 0.0027077 0.00534326 0.0117457 0.0141615 0.00130999 0.0239813 0.0422593 0.00545359 0.0448001
internal_weight=44630.9 1234.35 138.132 24.3732 19.8495 15.998 1096.22 94.1167 40.1318 24.9331 19.4352 11.5219 15.1987 9.69377 43396.5 462.969 113.476 34.1393 28.2051 79.3365 349.493 335.137 304.768 206.602 198.568 86.0068 112.561 16.5137 49.9202 12.5512
internal_count=238160 6664 753 129 104 83 5911 487 205 128 100 59 77 49 231496 2473 605 182 150 423 1868 1791 1628 1104 1061 459 602 88 267 67
is_linear=0
shrinkage=0.05


Tree=90
num_leaves=31
num_cat=0
split_feature=132 32 75 130 75 24 52 135 100 67 75 95 93 123 38 119 130 83 92 78 124 130 130 32 75 136 65 76 117 130
split_gain=2.52051 11.3392 11.9067 9.27604 15.1318 16.979 12.7018 9.10102 14.6027 12.9106 14.7106 17.9308 11.1883 9.11821 9.18529 9.02486 9.00073 9.18766 8.96315 9.17979 9.66592 8.90913 8.90621 12.8316 10.1179 13.9023 11.3581 10.8113 11.1094 8.87061
threshold=5.924764150943397 5.1296098133661037 682.83333333333337 0.20761950051528241 704.50000000000011 5.5000000000000009 3.2250000000000005 21.525000000000002 -0.99999999999999989 3.5000000000000004 832.83333333333337 0.19271823602736349 7.8000000000000007 1.3 1.5000000000000002 0.3531347036427373 0.085813451733806848 4.9000000000000012 -7.7999999999999989 75.038923221379363 5.5569729337510338 0.26972891236480273 0.1853515857871475 2.5448876416886734 747.16666666666686 1.5000000000000002 2.5000000000000004 100.75437661787159 241.50000000000003 0.26972891236480273
decision_type=2 2 2 2 2 2 2 2 2 2 2 2 2 2 2 2 2 2 2 2 2 2 2 2 2 2 2 2 2 2
left_child=3 2 15 22 5 6 -5 9 12 13 -11 -12 18 14 -6 16 -2 -18 -9 -20 21 -21 -1 24 25 -24 27 -26 -29 -4
right_child=1 -3 29 4 7 -7 -8 8 -10 10 11 -13 -14 -15 -16 -17 17 -19 19 20 -22 -23 23 -25 26 -27 -28 28 -30 -31
leaf_value=9.1965374702291565e-05 0.019084783955973048 -0.033292708623320767 -0.00074931147302456039 0.13084530693823213 0.085272853860311845 -0.02661043223077264 0.028829761620158864 0.056992909758348621 0.013204392999021475 -0.00068165651619147855 0.14281547305596645 -0.00049180876248876174 0.061039094099884131 -0.0088941834597400776 0.0029895563846542642 -0.0067177369308034883 0.02997865460113799 0.12558572082158523 -0.02137433564958291 0.0079647733804174316 0.058388241723748846 -0.034206716172188428 0.016070150211232301 -0.011305683589554642 -0.011359990963183873 0.13142834957223273 0.050186944057789465 0.10978761209465558 -0.00095029541994275926 -0.013247939175048212
leaf_weight=38841.76648016274 13.423647835850717 27.233373194932938 4280.670654669404 6.5405912846326846 5.1695599257946006 4.93115510046482 5.7192686349153519 5.2540460228919974 393.72248044610023 12.808908283710482 5.2134772688150388 3.7547818124294281 6.2444670796394339 232.35501371324062 9.8616688996553403 12.448169797658919 4.6590791493654233 5.4548993408679962 78.045607045292854 49.456181421875954 7.1734441071748725 16.770687609910965 8.4505834430456144 358.33593778312206 64.112342685461044 3.7799959629774085 11.106325149536131 3.9605662077665311 5.2897644490003586 146.83022478222847
leaf_count=207228 72 147 22904 34 26 26 30 28 2090 68 27 20 33 1238 51 66 25 29 415 263 38 89 45 1913 342 20 59 21 28 785
internal_value=-3.8598e-06 -0.00112724 -0.00093099 0.000121821 0.00531129 0.0517404 0.0832547 0.00434479 0.00799468 -0.00320369 0.0337044 0.0828164 -0.00459354 -0.00645267 0.0312885 0.0277136 0.045923 0.0815436 -0.00720899 -0.00943631 0.00325723 -0.00271435 1.04929e-05 -0.00694399 0.00921898 0.0517229 0.00306469 -0.00406912 0.0464626 -0.00116381
internal_weight=44630.5 4490.72 4463.49 40139.8 843.021 17.191 12.2599 825.83 556.667 269.163 21.7772 8.96826 162.944 247.386 15.0312 35.9858 23.5376 10.114 156.7 151.446 73.4003 66.2269 39296.8 455.036 96.6996 12.2306 84.469 73.3627 9.25033 4427.5
internal_count=238160 24028 23881 214132 4476 90 64 4386 2956 1430 115 47 866 1315 77 192 126 54 833 805 390 352 209656 2428 515 65 450 391 49 23689
is_linear=0
shrinkage=0.05


Tree=91
num_leaves=31
num_cat=0
split_feature=135 135 75 88 52 124 86 32 73 76 56 115 6 91 130 73 101 78 132 27 87 39 120 118 71 100 1 52 99 143
split_gain=2.51935 9.3888 8.98345 11.5653 13.3005 10.1077 9.15276 9.68611 9.63454 9.70644 10.6602 9.03168 8.90222 8.76275 12.3081 11.9206 10.5715 10.079 12.6026 10.5962 9.00864 12.2112 8.70267 8.41144 8.37538 10.13 7.9891 7.90291 19.0192 7.83852
threshold=27.425000000000001 26.525000000000002 764.16666666666686 -2.2999999999999998 2.9750000000000005 1.1067395518801137 1.9039392014169458 4.6219870735236741 0.78947368421052644 51.856639813500806 7.5000000000000009 61.500000000000007 47.750000000000007 -0.29999999999999993 -0.12539269660659333 1.0000000180025095e-35 -1.7999999999999998 101.61830481830698 4.3358974358974365 8.5000000000000018 92.1666666666667 1.5000000000000002 0.098912577426167256 0.34555924240937264 1.0000000180025095e-35 -2.5999999999999992 38.525000000000006 3.1750000000000003 4.9000000000000012 9.5000000000000018
decision_type=2 2 2 2 2 2 2 2 2 2 2 2 2 2 2 2 2 2 2 2 2 2 2 2 2 2 2 2 2 2
left_child=1 -1 3 5 -5 -3 7 8 9 10 12 -11 -6 17 15 -15 -17 18 -4 24 21 -18 29 27 -20 -26 -27 28 -8 -23
right_child=-2 2 13 4 6 -7 23 -9 -10 11 -12 -13 -14 14 -16 16 20 -19 19 -21 -22 22 -24 -25 25 26 -28 -29 -30 -31
leaf_value=5.5815269627578003e-05 -0.00047485868188240757 0.079974943145764643 -0.044833384094737007 -0.037392504399993289 0.01190620680058631 0.010621965496828624 0.074643509715785969 0.072142234863611751 0.078478616594953698 -0.014474492393470418 0.072074160174529972 0.063836856795803171 -0.035853920390531008 0.00089767147967751706 0.00030617892118909521 -0.015897347427200829 0.11932953215385707 -0.0035702751725963213 0.015495246974572774 0.08218109453878597 -0.0084425044787842761 -0.041545898383710318 0.089061836987404774 0.045563253806801297 0.058976655348471886 0.01003227883243047 -0.040197617937541869 -0.044451277089759031 -0.051934821902901163 0.058101295037039702
leaf_weight=25565.826964318752 17354.048167645931 6.0098052322864524 9.1591953784227353 32.408508732914925 71.553492844104767 41.757440596818924 5.2907074242830259 4.6768786311149588 3.7786794155836096 109.24529476463795 6.4613661915063849 3.8102028667926779 11.297249674797056 30.002735689282417 712.93111209571362 5.8631816953420666 8.2473608255386406 108.55076336860657 438.43573515117168 5.693123370409011 4.2255593538284293 3.9543884843587858 5.7482089847326279 3.9903513491153708 4.7546367198228827 13.62158043682575 18.899571776390076 29.339160829782486 6.7588107883930206 3.9397658407688141
leaf_count=136225 92880 30 49 173 378 220 28 25 20 584 34 20 60 157 3787 31 42 573 2309 30 22 21 30 21 25 72 101 157 36 20
internal_value=-3.8905e-06 0.000295755 0.00388219 -0.00344143 -0.00721318 0.0193476 -0.00339562 0.000988908 -0.000625361 -0.00210242 0.0102178 -0.0118352 0.0053938 0.0056751 0.00216418 0.0235356 0.0447749 0.0102162 0.0132669 0.0143723 0.0583965 0.0712991 0.0422627 -0.0237654 0.0135608 -0.00919229 -0.0191587 -0.0304495 0.00364324 0.00818541
internal_weight=44630.3 27276.2 1710.4 336.378 288.611 47.7672 256.202 210.823 206.146 202.368 89.3121 113.055 82.8507 1374.03 774.912 61.9812 31.9785 599.115 490.564 481.405 26.1153 21.8897 13.6424 45.379 475.712 37.2758 32.5212 41.3887 12.0495 7.89415
internal_count=238160 145280 9055 1786 1536 250 1363 1121 1096 1076 472 604 438 7269 4110 323 166 3159 2586 2537 135 113 71 242 2507 198 173 221 64 41
is_linear=0
shrinkage=0.05


Tree=92
num_leaves=31
num_cat=0
split_feature=134 75 118 96 114 115 132 121 80 60 57 118 122 124 32 122 114 89 77 77 72 130 55 122 142 70 86 132 81 56
split_gain=2.51258 8.18614 6.5315 6.24557 6.14109 17.3654 6.0019 7.63882 10.7236 8.91682 11.7297 9.3351 8.58125 8.23866 10.4169 9.30141 6.76606 6.55679 5.27119 7.48067 5.1769 3.32714 4.85999 3.72372 2.58832 13.0586 10.0064 9.28474 9.05303 9.18398
threshold=10.500000000000002 712.16666666666686 0.36854814540611691 4.7000000000000002 27.500000000000004 52.500000000000007 4.9390847247990113 1.5000000000000002 1.5889866919029754 0.32500000000000001 0.17500000000000002 0.15712068834880041 2.5000000000000004 1.7644583422759912 2.356105705794048 4.8333333333333348 20.500000000000004 1.3000000000000003 810.30000000000007 782.10000000000014 3.5000000000000004 -0.042472142040473844 8.5000000000000018 4.8333333333333348 2.5000000000000004 1.0000000180025095e-35 2.5739058858907566 4.8375235700817099 5.5000000000000009 7.5000000000000009
decision_type=2 2 2 2 2 2 2 2 2 2 2 2 2 2 2 2 2 2 2 2 2 2 2 2 2 2 2 2 2 2
left_child=24 -2 3 4 21 -6 7 8 -5 -9 -11 -12 17 -14 -15 20 -8 -13 19 -18 -16 -3 -23 -24 25 -1 28 -28 -27 -30
right_child=1 2 -4 6 5 -7 16 9 -10 10 11 12 13 14 15 -17 18 -19 -20 -21 -22 22 23 -25 -26 26 27 -29 29 -31
leaf_value=0.0092532147868911035 0.058150696295406916 -0.053683173947164167 -0.065163422177489119 -0.055142921068420642 0.080802364690900019 -0.048479049129870354 0.036772496723385457 -0.037207623656756526 0.041360262417534155 0.10531600891781207 -0.0460209244515071 -0.048898778293747218 0.089595471951855465 0.08673211277122371 -0.057484131321471538 0.050334252893753477 -0.046650492096186949 0.028088968914453883 -0.05591036931602137 0.040444327098192637 0.016153562901844692 0.03134482555686903 -0.058081797361944493 -0.0037583817776808831 -8.0441582696435805e-05 -0.0022355262894724888 0.10132560386845305 0.015833037297634495 0.006611642082099853 -0.015942445402464991
leaf_weight=453.84166592359543 4.7210273891687384 13.129845961928369 4.9563599824905387 9.4221062362194044 4.7161528021097165 5.7819587886333466 4.2784825265407589 6.8464997708797446 4.1451397389173499 4.0402882099151602 5.2880633026361457 5.8449417203664762 6.3447548300027874 5.1763051599264172 5.5588823854923266 6.8001222610473624 5.2437020242214221 5.2494006305932999 11.078715503215788 4.6533065736293793 4.182614803314209 3.6076273322105434 7.2201125025749189 5.602339431643486 41737.016640156507 1656.8198539763689 4.398073434829711 11.427376151084898 573.53473471105099 48.99123315513134
leaf_count=2392 24 74 28 52 25 32 22 37 22 21 30 32 33 27 30 36 29 28 63 25 22 20 41 31 222780 8826 22 60 3036 260
internal_value=-3.8977e-06 -0.00660042 -0.00879699 -0.00671541 -0.0232516 0.0095991 0.000319985 0.00796286 -0.0256587 0.0162068 0.0237493 0.0163345 0.0247554 0.0394727 0.0248296 0.0054587 -0.0205315 -0.0124712 -0.0322199 -0.00570086 -0.025867 -0.0349184 -0.0199228 -0.034347 1.74386e-05 0.00150351 -2.89e-05 0.0395924 -0.00030399 0.00483669
internal_weight=44629.9 143.889 139.168 134.211 40.058 10.4981 94.1533 68.8991 13.5672 55.3319 48.4854 44.4451 39.157 28.0627 21.7179 16.5416 25.2542 11.0943 20.9757 9.89701 9.7415 29.5599 16.4301 12.8225 44486 2749.01 2295.17 15.8254 2279.35 622.526
internal_count=238160 784 760 732 223 57 509 370 74 296 259 238 208 148 115 88 139 60 117 54 52 166 92 72 237376 14596 12204 82 12122 3296
is_linear=0
shrinkage=0.05


Tree=93
num_leaves=31
num_cat=0
split_feature=127 102 132 73 32 126 46 73 5 52 94 52 116 89 102 72 116 128 130 50 124 102 144 108 122 118 32 133 130 75
split_gain=2.49712 7.13608 6.77981 6.60123 5.16896 3.94027 6.71556 10.134 9.67162 10.3889 8.97466 8.78541 7.53487 7.52416 7.4332 6.35175 4.67497 3.84462 7.69855 4.79711 4.37747 4.68324 4.85347 6.17299 3.29251 3.1792 3.13632 2.73282 7.19787 8.19404
threshold=-2.4999999999999996 51.500000000000007 4.8345771144278613 0.052631578947368307 2.2971732713262152 27.500000000000004 2.5000000000000004 -0.36842105263157893 75.500000000000014 3.0750000000000006 0.23595777619379107 2.9750000000000005 111.50000000000001 -0.49999999999999994 26.500000000000004 1.5000000000000002 114.50000000000001 -1.4999999999999998 0.20120247752638051 1.425 0.93711154405659369 51.500000000000007 46.500000000000007 1.0000000180025095e-35 14.833333333333334 0.16001692134744772 2.7519822290520004 6.5000000000000009 0.0066769343343459917 778.16666666666686
decision_type=2 2 2 2 2 2 2 2 2 2 2 2 2 2 2 2 2 2 2 2 2 2 2 2 2 2 2 2 2 2
left_child=5 4 -3 -4 -2 17 7 -7 11 -10 -8 -9 -11 16 -12 -15 -13 24 19 -19 -21 22 23 25 27 -22 -23 28 -1 -30
right_child=1 2 3 -5 -6 6 10 8 9 12 14 13 -14 15 -16 -17 -18 18 -20 20 21 26 -24 -25 -26 -27 -28 -29 29 -31
leaf_value=-0.017432679366460428 0.019207148255082341 -0.025223564281674295 0.068713842336573835 -0.002690957063244544 -0.032480349055943068 -0.046017008729380637 -0.059915056334669196 0.115198232784766 -0.066684465991768888 -0.031266136095871686 -0.030740394319705239 0.03362119700073618 0.053076991354861824 0.024152375956571839 0.061446581008141633 0.094134435554596635 -0.042679930378042963 0.045153013720694149 0.063086671801340366 0.04987673831706526 0.0022370406318821764 -0.066320792830892636 0.057917246658881566 0.047907446943946712 -0.038636347164067469 -0.049296651973964871 -0.013633663961831409 2.8440130480425762e-07 0.054177054624496623 -0.0025568293004349474
leaf_weight=70.170120134949684 5.7752013057470313 7.3803509324789074 6.8142703175544721 6.1652060151100159 29.773038566112518 4.8739898949861518 6.618722826242446 4.2340957373380688 4.2958969771862057 4.0285060554742795 4.2024623900651914 4.3461994677782076 7.7271343469619751 6.3565718084573728 4.5585639327764511 6.6180987358093262 3.7307332307100296 6.6649760901927939 6.8369382470846167 3.814789041876792 6.3684194684028679 4.0551802217960349 3.9910170137882224 4.2869400680065146 5.5202352255582801 5.6461364775896072 9.3076246380805951 44347.70351664722 8.1120964139699918 29.539589270949364
leaf_count=390 31 41 34 33 175 27 35 20 23 21 23 22 39 32 23 32 19 35 35 20 33 22 21 22 31 30 49 236643 41 158
internal_value=-3.86521e-06 -0.0105643 0.0130397 0.0347968 -0.0240831 9.38057e-06 0.0126473 0.022172 0.030212 -0.000142813 -0.0159715 0.0494815 0.0241737 0.036264 0.0172266 0.0598487 -0.00162228 -8.10639e-06 0.0137159 0.00606794 -0.000884297 -0.006638 0.00849751 -0.00360169 -2.38402e-05 -0.0219808 -0.0296225 -1.90455e-05 -0.00796955 0.00966655
internal_weight=44629.5 55.9081 20.3598 12.9795 35.5482 44573.6 61.591 46.2112 41.3372 16.0515 15.3797 25.2857 11.7556 21.0516 8.76103 12.9747 8.07693 44512 50.972 44.1351 37.4701 33.6553 20.2925 16.3015 44461 12.0146 13.3628 44455.5 107.822 37.6517
internal_count=238160 314 108 67 206 237846 316 235 208 83 81 125 60 105 46 64 41 237530 267 232 197 177 106 85 237263 63 71 237232 589 199
is_linear=0
shrinkage=0.05


Tree=94
num_leaves=31
num_cat=0
split_feature=131 95 96 102 102 124 0 117 107 80 144 131 132 102 102 6 119 25 75 32 95 3 84 85 132 91 67 75 118 89
split_gain=2.50361 6.86136 7.03392 6.04948 9.2778 5.66894 10.4125 11.4213 11.4873 13.8137 10.9436 10.7794 10.8825 12.2845 13.4679 11.1919 10.4208 9.36425 9.25294 9.18092 9.12744 10.9006 10.871 13.0298 12.342 12.2109 12.1796 10.4003 15.9941 14.2428
threshold=219.50000000000003 0.41961554625613479 5.3000000000000016 64.500000000000014 46.500000000000007 4.2047484469108518 921.50000000000011 237.50000000000003 1.0000000180025095e-35 1.6867121281243425 68.500000000000014 201.50000000000003 4.471143174250833 61.500000000000007 67.500000000000014 46.250000000000007 0.092500468411490469 4.5000000000000009 779.50000000000011 3.7490533626654456 0.23177731959597428 11.500000000000002 1.8774751978191311 4.3000000000000016 4.391730605285594 -1.0000000180025095e-35 -5.4999999999999991 813.16666666666686 0.10646577434472455 -0.49999999999999994
decision_type=2 2 2 2 2 2 2 2 2 2 2 2 2 2 2 2 2 2 2 2 2 2 2 2 2 2 2 2 2 2
left_child=1 5 -3 4 -4 -1 20 8 9 11 -11 12 -8 15 -15 -14 19 18 -17 -9 21 22 26 24 -24 -26 -7 29 -29 -22
right_child=-2 2 3 -5 -6 6 7 16 -10 10 -12 -13 13 14 -16 17 -18 -19 -20 -21 27 -23 23 -25 25 -27 -28 28 -30 -31
leaf_value=0.0013926602171906775 -0.00021770325854120624 -0.016869970278229653 0.0054387844899886281 -0.03029531537005652 0.080156337117330195 0.047827682182741943 -0.021542112122774248 0.036549999290493837 -0.022165003682414232 -0.037764862352242863 0.04916745912123166 -0.0057386371431057152 0.10232591927675319 0.14614747042441034 0.03953034198760888 0.056969745245143144 0.014485805365215425 0.068569612693573534 -0.013063308293693721 0.12610684589306931 0.0078453877181289509 -0.033222309338848482 0.11275836160071827 -0.00073657973905728966 0.05670836013132672 0.00034581631601806646 -0.0064371678276690693 0.04438119620094793 0.0051055121300159741 -0.011728274195527334
leaf_weight=8489.0438014864922 33649.750072613358 102.82932510972023 17.936396792531021 6.9839056134223929 5.407197728753089 10.433293446898459 8.822829142212866 11.051335990428923 43.689805924892426 22.543294310569767 4.3128250688314429 33.583023577928543 4.1336672753095618 4.9201645553112012 7.4424838125705719 6.0470239371061352 86.532009690999985 6.6251675635576239 21.434399008750916 3.8617188781499854 158.41521801054478 33.277583956718445 4.1680370569229117 122.56282556056976 15.779940471053122 24.575653523206711 1161.0044053941965 28.296974495053291 308.70673187077045 224.85129433870316
leaf_count=45247 179607 553 95 38 28 55 47 58 233 121 23 179 22 26 39 32 459 35 115 20 847 180 22 654 84 131 6210 152 1645 1203
internal_value=-3.78852e-06 0.000651827 -0.0106291 0.0105315 0.022746 0.000790321 -0.00137902 0.0079584 -0.000216615 0.0077834 -0.0238044 0.0169043 0.0297004 0.0386348 0.0819625 0.0246274 0.0211385 0.0152105 0.00234679 0.0597406 -0.00256177 -0.00495486 -0.00425209 0.007679 0.0308451 0.0223848 -0.00595386 0.00199602 0.00840335 -0.00363791
internal_weight=44629 10979.3 133.157 30.3275 23.3436 10846.1 2357.07 265 163.555 119.865 26.8561 93.0088 59.4257 50.6029 12.3626 38.2403 101.445 34.1066 27.4814 14.9131 2092.07 1371.8 1338.52 167.086 44.5236 40.3556 1171.44 720.27 337.004 383.267
internal_count=238160 58553 714 161 123 57839 12592 1409 872 639 144 495 316 269 65 204 537 182 147 78 11183 7336 7156 891 237 215 6265 3847 1797 2050
is_linear=0
shrinkage=0.05


Tree=95
num_leaves=31
num_cat=0
split_feature=134 84 120 107 60 117 120 57 86 117 116 117 26 63 91 119 130 44 76 38 115 32 47 56 73 32 132 119 63 62
split_gain=2.47434 8.14695 11.3211 11.2998 11.2598 12.2661 28.4472 13.1648 11.0541 10.1563 10.0933 10.5082 12.3243 11.7727 11.1738 12.4412 10.8671 15.0494 11.1065 10.9622 10.4176 11.5282 11.9398 10.6805 12.1679 15.4944 12.7439 10.6335 10.5814 15.9524
threshold=2.5000000000000004 1.3133249580710802 0.25284931371327907 1.0000000180025095e-35 0.4250000000000001 272.50000000000006 0.29321671243129416 0.47500000000000003 2.2192200919408038 276.50000000000006 155.50000000000003 255.50000000000003 9.5000000000000018 7.0000000000000009 3.3000000000000007 0.16196229239866786 -0.020044418825275908 1.5000000000000002 32.266252705859792 1.5000000000000002 59.500000000000007 3.5878372354748724 8.5000000000000018 6.5000000000000009 -0.42105263157894751 2.5120207187568302 5.1438923395445144 0.21359222891456428 -1.0000000180025095e-35 213.50000000000003
decision_type=2 2 2 2 2 2 2 2 2 2 2 2 2 2 2 2 2 2 2 2 2 2 2 2 2 2 2 2 2 2
left_child=-1 -2 10 4 8 7 9 -6 -4 -7 11 20 13 -13 16 -16 18 -18 19 -15 28 23 -23 24 27 -26 -27 -22 29 -3
right_child=1 2 3 -5 5 6 -8 -9 -10 -11 -12 12 -14 14 15 -17 17 -19 -20 -21 21 22 -24 -25 25 26 -28 -29 -30 -31
leaf_value=0.00020131866635635161 0.0015026478104261675 0.0029400436990512937 -0.0009088933642378915 0.0017256485181731563 -0.012164695948588319 0.13826250422384517 -0.0081943632872935896 0.063641512258235097 -0.029515153612648112 0.042459141305471022 0.067020918542454427 -0.0066065514526322091 0.070390870219856697 -0.0098322392870763553 0.097452573268824463 0.016214035357936828 0.10471799867486681 0.0024347385780992027 -0.010959205197619223 0.099841412630911799 0.025021358301239412 0.048688200974610761 -0.03060399255816303 -0.0055276085648273653 -0.028109847499105018 0.028662631483693909 0.12163894855898283 0.12936606957553992 -0.0018349499769953451 0.048404430002427196
leaf_weight=34235.299580678344 3030.2128809392452 1586.399880617857 755.63620775938034 545.01714339852333 858.20908851921558 4.8771870434284192 32.704361036419868 5.765688180923461 35.350797817111015 6.3919471800327301 5.5650112628936759 1034.148676559329 5.4613924026489249 4.3549844175577146 6.9920514225959804 14.457292735576628 5.8280286490917197 9.3911255002021772 72.532685458660126 4.7783448696136475 4.345628157258032 6.0506392866373089 22.046240359544754 25.245359182357788 11.640753984451292 50.723364964127541 3.9742887914180747 5.5725472718477249 2220.2478409558535 19.531638905405998
leaf_count=182613 16175 8463 4078 2903 4640 26 177 31 191 34 29 5504 29 23 37 77 31 50 386 25 23 32 117 134 62 269 21 29 11847 104
internal_value=-3.81404e-06 -0.000679507 -0.00157753 -0.0045388 -0.00654843 -0.0103477 0.0154124 -0.0116588 -0.00218736 0.083922 -0.000279515 -0.000352754 -0.00454201 -0.0048971 0.0100421 0.0426962 0.00281283 0.0416031 -0.00441607 0.0475465 0.000873535 0.0148153 -0.0135285 0.0226612 0.0319934 0.0242706 0.0354182 0.0836476 0.000401303 0.00349299
internal_weight=44628.8 10393.5 7363.24 2243.95 1698.94 907.948 43.9735 863.975 790.987 11.2691 5119.29 5113.72 1157.94 1152.48 118.335 21.4493 96.8852 15.2192 81.666 9.13333 3955.78 129.599 28.0969 101.502 76.2566 66.3384 54.6977 9.91818 3826.18 1605.93
internal_count=238160 55547 39372 12080 9177 4908 237 4671 4269 60 27292 27263 6162 6133 629 114 515 81 434 48 21101 687 149 538 404 352 290 52 20414 8567
is_linear=0
shrinkage=0.05


Tree=96
num_leaves=31
num_cat=0
split_feature=135 32 123 112 41 113 24 5 76 120 123 73 132 102 124 127 79 59 64 122 64 102 123 73 114 37 130 120 81 115
split_gain=2.49082 5.47841 6.68819 6.5209 8.6639 8.68993 7.35212 6.24311 6.22356 8.43815 7.92499 9.35349 12.2026 11.6792 9.58147 7.86564 9.08028 7.67451 9.87318 8.21482 7.37344 7.31672 8.94283 6.93746 10.077 8.25079 6.57616 6.92593 8.04923 12.2218
threshold=16.925000000000001 3.1354462480748158 7.5000000000000009 8.5000000000000018 3.5000000000000004 19.500000000000004 3.5000000000000004 59.500000000000007 52.429833432452675 0.01651121940145206 2.9000000000000004 -0.68421052631578949 5.8365491651205943 44.500000000000007 1.4419537040215014 -5.4999999999999991 5.1000000000000005 0.17500000000000002 -2.9999999999999996 1.8333333333333337 1.0000000180025095e-35 42.500000000000007 3.1000000000000005 -1.0000000180025095e-35 22.500000000000004 1.5000000000000002 -0.023427617511854831 0.44527443239344072 5.5000000000000009 46.500000000000007
decision_type=2 2 2 2 2 2 2 2 2 2 2 2 2 2 2 2 2 2 2 2 2 2 2 2 2 2 2 2 2 2
left_child=1 2 8 -3 5 6 -5 -4 10 -10 11 12 13 14 -1 26 -17 18 -11 -20 -21 22 -22 24 -13 -25 -12 28 -28 -30
right_child=-2 3 7 4 -6 -7 -8 -9 9 17 15 23 -14 -15 -16 16 -18 -19 19 20 21 -23 -24 25 -26 -27 27 -29 29 -31
leaf_value=-0.012981220745459363 5.5568037620642855e-05 -0.007882288041430768 0.026682179071521678 0.040823103283077256 0.087409727027362091 0.064230749802679329 -0.034388142562514899 -0.046628347264589892 0.077230546978699577 0.060251815562472832 -0.023418275721506475 0.047814506141830769 -0.039213161590197519 0.12574426132223626 0.090676190686406491 -0.0081365454404775037 0.09217285374438966 0.0017155897354509697 0.078268145632398839 -0.032219835371712253 -0.016590317315318293 -0.016412329585381132 0.056560471884842589 0.083897234387254868 -0.017531127982937929 -0.0046481636112583489 -0.0062166600698739501 -0.035123699074053334 0.087310636480186804 0.0026433387042192023
leaf_weight=5.3986709266901034 43526.378586500883 439.54154275357723 3.7285871803760555 4.5970742553472581 3.8594977408647528 4.8523951619863501 11.082689464092253 13.132807224988936 4.1161015480756751 12.91690883040428 70.161473423242569 6.9059371650218955 3.6936181187629691 4.8454220145940772 3.7974100559949875 5.0902617126703245 4.0519995987415314 275.66841162741184 4.0931513011455527 10.480591773986815 5.9857019037008348 10.978640764951704 13.835191458463667 4.9453049302101117 40.494990468025208 5.6215567588806152 92.196518987417221 16.025647848844528 6.1678032130003002 13.796310335397719
leaf_count=28 232184 2404 20 24 20 25 61 73 21 68 382 36 20 24 20 27 21 1484 21 58 32 59 75 26 216 30 506 87 33 75
internal_value=-3.86971e-06 -0.00235139 0.000654466 -0.00648587 0.0186779 0.00575812 -0.0123373 -0.0304171 0.00149776 0.00607796 -0.00397008 0.00987739 0.0416518 0.0629233 0.0298228 -0.00902234 0.0363222 0.00520099 0.0216843 0.0107049 0.00400561 0.0163326 0.0344697 0.000156097 -0.00801079 0.0367912 -0.0111124 -0.00437684 1.63045e-05 0.0288008
internal_weight=44628.4 1102.06 638.129 463.933 24.3917 20.5322 15.6798 16.8614 621.268 338.075 283.193 75.7029 17.7351 14.0415 9.19608 207.49 9.14226 333.959 58.2902 45.3733 41.2801 30.7995 19.8209 57.9678 47.4009 10.5669 198.348 128.186 112.161 19.9641
internal_count=238160 5976 3442 2534 130 110 85 93 3349 1818 1531 400 92 72 48 1131 48 1797 313 245 224 166 107 308 252 56 1083 701 614 108
is_linear=0
shrinkage=0.05


Tree=97
num_leaves=31
num_cat=0
split_feature=144 2 49 62 65 135 108 69 131 86 88 135 35 32 60 102 98 5 83 2 119 90 130 142 116 77 75 43 130 25
split_gain=2.47441 6.0786 5.52801 7.33755 9.15566 4.43632 4.15198 3.88033 2.4805 8.42629 15.4523 10.1054 10.4166 8.60909 12.2674 9.2628 12.5129 10.1738 8.3247 11.215 10.8672 9.11682 9.27781 9.16546 14.1346 10.1282 14.9572 14.491 10.0582 9.83504
threshold=78.500000000000014 25.015770026113049 16.500000000000004 22.500000000000004 -1.4999999999999998 21.375000000000004 1.0000000180025095e-35 1.0000000180025095e-35 340.50000000000006 2.263833086427903 -0.59999999999999976 19.375000000000004 7.5000000000000009 2.5741090930847776 0.32500000000000001 45.500000000000007 5.3000000000000016 69.500000000000014 4.3000000000000016 22.637220453738902 0.29532112127203664 3.7000000000000006 0.12539162273276169 6.5000000000000009 149.50000000000003 757.70000000000016 761.83333333333337 2.5000000000000004 0.041406756574343208 8.5000000000000018
decision_type=2 2 2 2 2 2 2 2 2 2 2 2 2 2 2 2 2 2 2 2 2 2 2 2 2 2 2 2 2 2
left_child=8 2 3 6 -5 7 -2 -4 -1 13 11 -11 -13 14 15 16 -10 -17 19 -15 -21 23 -23 29 25 -25 27 -27 -28 -20
right_child=1 -3 5 4 -6 -7 -8 -9 9 10 -12 12 -14 18 -16 17 -18 -19 21 20 -22 22 -24 24 -26 26 28 -29 -30 -31
leaf_value=7.2826324355207634e-05 -0.051745326973860029 0.044542900060635715 0.033454990350054191 -0.020764913362192605 0.066201653570398464 -0.052618625907443234 0.013366364467027256 -0.038893184398916467 -0.020134379654395143 -0.0058007899324428527 -0.0017660923939173641 0.028025068433695528 0.11781624258595894 -0.03116435423718188 0.001522499065135678 0.13013116388336307 0.082024617253864673 0.031484124384170802 -0.006651676172593976 -0.040364420241375529 0.0068658785150916366 0.074150839591776305 -0.018641062851126013 -0.04768916051440443 0.085595134771629666 0.014546546075600573 -0.019144216296948846 0.1304767488589868 0.018598151963410886 0.037628262716442144
leaf_weight=43289.508529186249 7.2575383931398409 4.4295999258756629 3.5318961590528515 5.5572684854269019 6.6453141421079627 13.490347951650618 3.6948513686656952 3.8996281921863556 9.612017750740053 4.9661366790533092 35.972887769341469 5.8066861331462842 7.2788397818803787 67.393451675772667 244.50743716955185 4.5585467368364316 4.3556582629680625 6.1262271702289581 703.88319386541843 15.379238992929457 58.530043452978134 7.450477868318556 4.2193504869937897 8.1076914072036725 5.8862551301717749 6.1562006920576078 30.634369656443596 4.7951310724020004 41.654827907681465 12.767597168684004
leaf_count=230932 41 23 20 31 34 81 20 23 51 27 191 31 38 368 1313 24 23 33 3808 83 314 40 23 44 31 33 165 25 224 66
internal_value=-3.83936e-06 -0.0112906 -0.0169017 -7.00662e-05 0.0265956 -0.0355299 -0.0297795 -0.00450909 8.44165e-06 -0.00215209 0.0171766 0.0549252 0.0779715 -0.00299692 0.00491191 0.0385287 0.0117227 0.0735708 -0.00519863 -0.0164129 -0.00296193 -0.00327919 0.0406009 -0.00390836 0.0104965 0.00565733 0.0108533 0.0653075 0.00260387 -0.0058628
internal_weight=44628.1 48.5064 44.0768 23.155 12.2026 20.9219 10.9524 7.43152 44579.6 1290.04 54.0246 18.0517 13.0855 1236.02 269.16 24.6524 13.9677 10.6848 966.858 141.303 73.9093 825.555 11.6698 813.885 97.2345 91.3482 83.2405 10.9513 72.2892 716.651
internal_count=238160 273 250 126 65 124 61 43 237887 6955 287 96 69 6668 1444 131 74 57 5224 765 397 4459 63 4396 522 491 447 58 389 3874
is_linear=0
shrinkage=0.05


Tree=98
num_leaves=31
num_cat=0
split_feature=114 113 91 133 62 0 118 65 55 73 100 117 116 93 98 142 76 113 92 115 85 121 80 131 124 114 24 101 12 119
split_gain=2.50399 10.8451 11.9377 14.2255 16.611 12.239 12.9076 11.8611 10.8173 12.0028 10.7319 11.6646 10.515 10.3169 14.0745 11.7711 10.2149 10.1491 9.6647 9.54598 8.92782 9.23038 8.84143 10.1824 12.0866 10.7733 17.0701 10.5825 9.85904 9.17493
threshold=27.500000000000004 12.500000000000002 1.7000000000000002 7.5000000000000009 -26.499999999999996 781.50000000000011 0.24225125970794473 6.5000000000000009 9.5000000000000018 0.7368421052631583 3.4000000000000008 290.50000000000006 124.50000000000001 -6.5999999999999988 4.1000000000000005 4.5000000000000009 26.036298659986169 11.500000000000002 1.4000000000000001 57.500000000000007 5.3000000000000016 14.500000000000002 1.4849232860754917 344.50000000000006 4.5254747678781708 38.500000000000007 6.5000000000000009 -3.3999999999999999 1.0000000180025095e-35 0.16064968579564626
decision_type=2 2 2 2 2 2 2 2 2 2 2 2 2 2 2 2 2 2 2 2 2 2 2 2 2 2 2 2 2 2
left_child=-1 2 3 4 12 6 -4 20 -7 -10 11 13 -2 14 -5 -16 18 -17 -15 -9 21 22 23 24 25 27 28 -3 -27 -26
right_child=1 7 5 10 -6 8 -8 19 9 -11 -12 -13 -14 16 15 17 -18 -19 -20 -21 -22 -23 -24 -25 29 26 -28 -29 -30 -31
leaf_value=-0.00023328700850765808 -0.027222693532627903 0.018996724941126975 0.0053020631065280877 0.09173397805813957 0.0581396698069939 -0.016301898425403187 0.10604983964238868 0.010982415710533093 0.00050371404467697972 0.081860084339887729 -0.022207459266269013 0.073160871915472409 0.033122461659629239 -0.015919953954638241 0.066174949949207293 0.027970351567934315 0.0062307720200007327 -0.015484030260500381 0.010920936971146473 0.065671992678199745 -0.0021341123369312568 0.056206220120326583 0.002557697704672973 -0.010657168607292525 0.025743281326417563 0.01140392330610576 -0.054055888015031472 -0.00040749040771639384 0.099680334360556067 -0.026141080736298818
leaf_weight=32448.808130189776 13.900997146964075 72.092200830578804 9.013998866081236 6.9423010647296897 28.008282408118248 150.00572891533375 4.9113838225603095 25.163199722766876 122.75706163048744 4.7074021697044364 34.846976399421692 6.4153496176004401 15.017290890216826 106.5417179018259 10.151876777410505 28.503296539187431 1087.0094243586063 25.420515477657318 48.945002481341362 11.683936208486555 3542.8321338742971 7.5506493896245948 3697.1821443736553 253.11518342792988 9.7394991964101774 5.0971561968326595 3.7832995057106009 2771.11789727211 8.3348817527294141 68.082428902387619
leaf_count=173254 74 382 48 37 149 802 26 135 655 25 186 34 80 570 54 152 5805 136 261 62 18908 38 19674 1369 52 27 20 14737 43 365
internal_value=-3.83678e-06 0.000607499 0.00430797 0.00620984 0.0306953 -0.00490588 0.0408351 5.89616e-06 -0.00720148 0.00350829 0.00518098 0.00590405 0.0041146 0.00557556 0.0241105 0.0167838 0.00451615 0.00748529 -0.00747082 0.028324 -9.40607e-05 0.000954005 0.000893442 -0.00103459 -0.000205656 0.000323292 0.0397577 8.45213e-05 0.0661814 -0.0196477
internal_weight=44627.7 12178.9 1703.1 1411.7 56.9266 291.396 13.9254 10475.8 277.47 127.464 1354.78 1319.93 28.9183 1313.51 71.018 64.0757 1242.5 53.9238 155.487 36.8471 10438.9 6896.1 6888.54 3191.36 2938.25 2860.43 17.2153 2843.21 13.432 77.8219
internal_count=238160 64906 9094 7538 303 1556 74 55812 1482 680 7235 7049 154 7015 379 342 6636 288 831 197 55615 36707 36669 16995 15626 15209 90 15119 70 417
is_linear=0
shrinkage=0.05


Tree=99
num_leaves=31
num_cat=0
split_feature=117 26 75 51 60 126 75 128 2 66 55 118 118 85 32 80 100 49 77 135 144 97 2 83 116 95 122 83 53 126
split_gain=2.44776 9.6402 16.7395 17.2462 12.2556 10.0071 8.76309 12.1007 9.20624 9.55638 12.7295 10.4927 14.8725 9.4316 8.46495 8.00045 7.73628 7.96726 8.87585 9.41941 7.42329 7.16125 8.52406 9.81476 11.2794 12.9928 8.56478 8.31981 8.45994 10.3374
threshold=280.50000000000006 7.5000000000000009 778.83333333333337 1.9750000000000003 0.47500000000000003 6.5000000000000009 911.16666666666686 -21.499999999999996 23.087307113118289 1.0000000180025095e-35 8.5000000000000018 0.32642263981471425 0.28269340709980989 5.3000000000000016 3.1279278658120844 1.5427112440283446 -1.7999999999999998 19.500000000000004 815.90000000000009 25.125000000000004 62.500000000000007 4.1000000000000005 24.90549636583366 5.7000000000000002 145.50000000000003 0.25799690017191074 3.1666666666666674 5.3000000000000016 5.6750000000000016 8.5000000000000018
decision_type=2 2 2 2 2 2 2 2 2 2 2 2 2 2 2 2 2 2 2 2 2 2 2 2 2 2 2 2 2 2
left_child=-1 6 -3 4 -4 -5 8 14 9 11 20 12 13 -2 -8 -15 -12 -18 19 -19 -11 -10 23 -23 25 26 -25 28 -24 -30
right_child=1 2 3 5 -6 -7 7 -9 21 10 16 -13 -14 15 -16 -17 17 18 -20 -21 -22 22 27 24 -26 -27 -28 -29 29 -31
leaf_value=3.1682835313356427e-05 -0.020422509770183044 -0.031149063013501174 0.042486790567279692 0.058391282929781886 0.15509136920449357 -0.035332591079303227 0.012679949944622633 -0.039653447804595704 -0.044170026113808811 -0.046014233827439431 -0.026350752196281482 -0.030628421572236525 0.095206862189330346 0.097069162769891401 0.1132091353829156 0.0022202508231303217 0.00060117354198181098 0.049267111616372081 0.090714532664569178 -0.043993857273887688 0.02478839578747347 -0.02775250840130547 -0.0053364175394869547 0.051547186433793704 -0.048016168723003058 0.10945553890975886 -0.044572303704472474 -0.030846649481849682 0.019820982407673098 0.11389686353046913
leaf_weight=44219.717975229025 9.7100407928228432 9.7824646383523959 4.9782083779573458 5.1531762778758985 4.6955334395170212 6.3668684065341949 3.7659777551889402 3.7129356414079657 20.554337710142136 24.813719883561138 22.354695051908493 7.0046744793653479 7.9911936521530142 4.5612661540508253 4.7166280895471573 4.3373933583498001 107.27840988337994 6.8996357023715991 5.3639894872903815 4.4560655206441879 4.3511739224195471 79.874946713447571 13.057247295975687 4.655873581767084 5.5176823735237113 4.2293579578399649 4.6145954728126526 9.8285701125860196 8.6498608440160734 4.4082429111003867
leaf_count=235974 52 52 26 27 24 34 20 20 112 135 120 38 42 24 25 23 577 37 28 24 23 429 70 25 30 22 25 53 46 23
internal_value=-3.87273e-06 -0.00386042 0.0229522 0.0479238 0.0971439 0.00659222 -0.00606519 0.0356267 -0.00746008 -0.000610452 -0.00528732 0.023817 0.0381543 0.0136541 0.0685777 0.0508378 0.000723644 0.00560469 0.0377087 0.0126708 -0.035451 -0.0166782 -0.0124874 -0.0200665 0.0122152 0.0368331 0.00370143 0.00836515 0.0231226 0.0515798
internal_weight=44627.4 407.685 30.9763 21.1938 9.67374 11.52 376.709 12.1955 364.513 209.122 175.518 33.6046 26.5999 18.6087 8.48261 8.89866 146.353 123.998 16.7197 11.3557 29.1649 155.391 134.836 98.8925 19.0175 13.4998 9.27047 35.9439 26.1154 13.0581
internal_count=238160 2186 163 111 50 61 2023 65 1958 1123 944 179 141 99 45 47 786 666 89 61 158 835 723 531 102 72 50 192 139 69
is_linear=0
shrinkage=0.05


Tree=100
num_leaves=31
num_cat=0
split_feature=131 121 132 134 117 26 62 130 95 118 83 120 53 128 63 93 82 132 41 52 38 73 49 117 83 92 137 50 73 66
split_gain=2.44933 12.4066 11.4433 8.32925 7.85982 10.0607 15.2057 8.1029 10.4896 14.0717 11.0217 14.4699 16.8541 13.6465 12.8326 15.9457 10.696 10.1861 14.0472 11.2605 9.40309 11.8008 10.7806 13.0075 12.5651 10.2123 12.8931 10.1261 9.52765 9.36194
threshold=274.50000000000006 15.500000000000002 5.0692049808429127 8.5000000000000018 280.50000000000006 7.5000000000000009 -76.499999999999986 -0.077921600041103573 0.19320226846018182 0.39141967053483678 4.3000000000000016 0.23645164612495176 5.8250000000000002 -24.499999999999996 1.0000000180025095e-35 1.0000000180025095e-35 1.5572337024036671 4.5857863751051307 1.5000000000000002 3.0750000000000006 2.5000000000000004 -0.078947368421052835 17.500000000000004 274.50000000000006 4.7000000000000002 -1.3999999999999997 1.5000000000000002 1.7250000000000003 0.73684210526315785 4.5000000000000009
decision_type=2 2 2 2 2 2 2 2 2 2 2 2 2 2 2 2 2 2 2 2 2 2 2 2 2 2 2 2 2 2
left_child=-1 3 -3 4 7 -6 -7 8 -2 10 11 13 -13 -10 -15 -16 -17 18 -12 -20 21 27 23 -22 25 -24 -27 -19 -23 -9
right_child=1 2 -4 -5 5 6 -8 29 9 -11 17 12 -14 14 15 16 -18 20 19 -21 22 28 24 -25 -26 26 -28 -29 -30 -31
leaf_value=-0.0002294930773262487 0.009815800686884521 0.084266229420984107 -0.010095983060381904 -0.020931466262753266 -0.011855599468827228 0.085996932193698361 -0.018288994300371005 0.00064219024421994521 -0.031548227896113605 0.043886919215060473 -0.021831046023494297 -0.011282244662505977 0.12246250203433884 -0.023066592934260055 -0.010394732742585601 0.0052909315434578694 0.084758030926131531 0.0095401808448012486 0.12812766954021976 0.03555801958981402 0.01332087076405844 -0.0084105185502950392 -0.019054217270187551 0.073086495244833932 -0.015122872912157257 0.084963161027966846 -0.01973637427590241 -0.05206051470945075 0.060829578422582145 -0.0061650501415851863
leaf_weight=32551.596590340137 536.68355603516102 8.4287275373935682 5.1919560581445685 44.955108627676964 196.70965227484703 6.752497985959053 7.2464749962091428 9698.3044686019421 70.736199840903282 18.959643363952637 8.774317070841791 5.3453484326601011 4.2114039063453674 34.350302889943123 21.265338912606239 6.9436294883489635 10.8521371781826 200.50152114033699 4.0735983401536968 16.974018335342407 164.90835206210613 358.99255961179733 7.3325396776199367 9.6359435468912107 68.570892378687859 9.8599212765693647 4.1899237036705008 6.9009464234113684 5.0380548536777487 532.8340271115303
leaf_count=173725 2824 42 27 243 1061 34 39 51805 376 95 46 28 22 183 113 37 57 1061 21 89 872 1905 39 51 364 52 22 37 26 2864
internal_value=-3.88186e-06 0.000604291 0.0482971 0.000550435 0.000630798 -0.00894101 0.032014 0.000801628 0.00414006 0.00120667 0.000412913 -0.0119256 0.0476555 -0.0158757 -0.000774374 0.0188294 0.0537512 0.00260348 0.0313176 0.0534741 0.0015791 -0.00202875 0.00937367 0.0166203 -0.00468764 0.028777 0.0537398 0.00749053 -0.00745226 0.000287672
internal_weight=44627.1 12075.5 13.6207 12061.9 12016.9 210.709 13.999 11806.2 1575.1 1038.42 1019.46 153.704 9.55675 144.148 73.4114 39.0611 17.7958 865.753 29.8219 21.0476 835.931 571.433 264.498 174.544 89.9533 21.3824 14.0498 207.402 364.031 10231.1
internal_count=238160 64435 69 64366 64123 1134 73 62989 8320 5496 5401 816 50 766 390 207 94 4585 156 110 4429 3029 1400 923 477 113 74 1098 1931 54669
is_linear=0
shrinkage=0.05


Tree=101
num_leaves=31
num_cat=0
split_feature=138 5 53 57 75 124 103 123 120 61 15 9 6 115 103 7 100 91 144 82 109 81 68 87 78 131 95 91 87 83
split_gain=2.44466 7.07386 8.22066 7.4045 7.33954 7.67963 7.13741 7.85642 10.9445 6.60541 7.58149 6.7041 9.6965 11.2248 10.4908 8.92712 6.78682 8.73105 7.28253 6.61386 6.5401 6.14144 7.6192 7.07505 10.9408 6.86733 6.74833 6.54683 6.45704 6.34338
threshold=4.5000000000000009 76.500000000000014 5.8750000000000009 0.075000000000000025 793.83333333333337 2.7928388277184126 0.20625000000000002 2.9000000000000004 0.4143456927482419 -272.99999999999994 1.0000000180025095e-35 3.5000000000000004 40.750000000000007 49.500000000000007 0.43125000000000008 8.5000000000000018 2.6000000000000001 1.7000000000000002 5.5000000000000009 1.3509142006662127 1.0000000180025095e-35 4.7000000000000002 2.5000000000000004 70.500000000000014 76.552726925479149 185.50000000000003 0.21546825391586596 3.1000000000000005 30.166666666666689 5.3000000000000016
decision_type=2 2 2 2 2 2 2 2 2 2 2 2 2 2 2 2 2 2 2 2 2 2 2 2 2 2 2 2 2 2
left_child=-1 3 4 -2 -3 -6 -4 -8 -9 10 -5 12 14 -14 15 19 18 20 -13 -11 -18 -20 25 24 26 -23 28 -25 29 -24
right_child=1 2 6 9 5 -7 7 8 -10 11 -12 16 13 -15 -16 -17 17 -19 21 -21 -22 22 23 27 -26 -27 -28 -29 -30 -31
leaf_value=3.1051687189993011e-05 0.051185093185929481 -0.028164029782820146 -0.020993674750584043 -0.012006587222539443 0.038314732870798549 -0.01192166183444162 -0.0059830128624695474 0.037203623048317744 0.12945305268199603 0.056316504684941482 0.063855578675535304 -0.035087540300510006 0.088062732176207956 -0.0023281331809762306 -0.047503155541723581 -0.064310236443485519 0.013653433589114106 -0.051921588812384949 -0.02553065881608766 0.0031491684960899056 0.090621252296001709 0.049645826545094807 0.036027787757948126 -0.047938970962005806 -0.015410866578027736 -0.018780756288858579 0.10461808881932733 0.018752850545042964 0.081662896371013927 -0.039475122193125198
leaf_weight=44231.76730710268 5.329523801803588 18.267127767205238 5.5217968523502376 6.5065361112356168 14.473352923989298 16.036869391798973 6.2979760617017773 13.619749501347544 4.208742529153823 7.931392356753352 6.6690632104873657 40.476523190736771 6.7527886033058149 6.989464744925499 11.339017480611799 3.7891271710395804 10.521159961819651 3.7470043301582328 55.109047293663025 22.282263725996017 3.741463989019393 3.861349791288375 9.2080122083425575 8.3874013125896436 12.109480157494543 72.748212784528732 3.781626269221305 6.556237429380416 4.6637372374534598 3.9860897660255423
leaf_count=235996 26 100 30 36 75 85 32 69 20 40 33 232 36 38 64 22 56 21 310 122 19 21 49 47 69 408 20 37 24 23
internal_value=-3.91584e-06 -0.00392042 0.0095226 -0.00725161 -0.00309815 0.0119093 0.0302863 0.0420226 0.0589808 -0.00825252 0.0263924 -0.00978439 0.00529613 0.0420889 -0.00585508 0.00803344 -0.0135141 0.0160001 -0.0159205 0.0171061 0.0338441 -0.0116202 -0.00550227 0.00996293 0.0226453 -0.0153319 0.0439416 -0.0186792 0.0310926 0.0132175
internal_weight=44626.7 394.912 78.4256 316.487 48.7774 30.5102 29.6483 24.1265 17.8285 311.157 13.1756 297.981 59.0841 13.7423 45.3418 34.0028 238.897 18.0096 220.888 30.2137 14.2626 180.411 125.302 48.6926 33.7489 76.6096 21.6395 14.9436 17.8578 13.1941
internal_count=238160 2164 411 1753 260 160 151 121 89 1727 69 1658 322 74 248 184 1336 96 1240 162 75 1008 698 269 185 429 116 84 96 72
is_linear=0
shrinkage=0.05


Tree=102
num_leaves=31
num_cat=0
split_feature=144 76 117 27 85 2 35 39 131 131 75 75 126 82 0 73 67 123 126 61 132 124 32 39 80 71 60 88 23 89
split_gain=2.4291 9.646 10.1973 8.52718 13.9719 10.3459 9.49537 8.63006 10.1627 11.6176 11.6514 10.407 10.2646 9.88385 8.15725 8.02945 16.3053 10.2412 14.1329 10.1675 9.22297 10.2056 8.16643 7.74417 15.6171 11.5378 10.1647 7.65593 8.10336 7.64927
threshold=74.500000000000014 44.737503929597985 220.50000000000003 5.5000000000000009 6.1000000000000005 21.205276412735099 10.500000000000002 3.5000000000000004 195.50000000000003 219.50000000000003 806.50000000000011 832.83333333333337 10.500000000000002 1.6140004959000309 624.50000000000011 -0.18421052631578952 1.5000000000000002 5.1000000000000005 5.5000000000000009 -120.49999999999999 4.5857863751051307 5.603569153775239 2.7740380080530831 1.5000000000000002 1.0605318061589781 -1.4999999999999998 0.57500000000000007 -0.8999999999999998 4.5000000000000009 -1.0999999999999999
decision_type=2 2 2 2 2 2 2 2 2 2 2 2 2 2 2 2 2 2 2 2 2 2 2 2 2 2 2 2 2 2
left_child=-1 3 -3 4 6 -5 15 8 12 13 -11 -12 27 -10 -4 16 17 18 -2 -17 21 23 -18 24 -21 -25 -27 -7 -29 -9
right_child=1 2 14 5 -6 7 -8 29 9 10 11 -13 -14 -15 -16 19 22 -19 -20 20 -22 -23 -24 25 -26 26 -28 28 -30 -31
leaf_value=5.5433857709264177e-05 -0.031186928135763983 -0.014971971794977319 0.036617164339141466 -0.027756847513631625 0.051595500962385125 0.010301520581347501 -0.033875155809975847 0.022022013791650051 -0.055551021277265071 -0.023448393584040828 0.09878950617307726 0.015987240778219145 -0.0030598390101667858 0.007511738145534021 -0.0029348908432009937 -0.033215105302401661 0.03599632161723066 -0.038246884384509516 0.057840029991468367 0.061074080194811191 -0.03223236093226084 0.067277817697454778 0.11268961648117314 0.061878518601541255 -0.019744194389079574 0.0044444306968863352 0.069314148218648619 0.034819164133432209 0.12843695200612326 -0.05641386027700495
leaf_weight=43501.735036998987 6.8524385392665925 208.728660389781 13.368130311369894 39.013669803738594 18.337645560503006 4.4439039677381507 13.85741977393627 4.5060647130012503 13.598109096288683 9.3018303811550158 6.0339122414588955 10.225531861186026 9.4041483998298627 11.440844163298605 524.74673233926296 16.53749118745327 7.2496125400066358 8.7791441082954389 12.756955608725546 7.0077697783708564 13.085986420512198 7.7870685905218116 6.6595102399587631 12.383522406220434 40.659149408340454 71.440726161003113 6.5963596403598777 3.9382953643798846 5.5957136750221252 10.021013393998144
leaf_count=232122 36 1141 69 212 94 23 75 24 73 50 32 54 50 61 2817 89 38 47 67 37 70 41 35 65 219 380 35 21 29 54
internal_value=-3.87199e-06 -0.00229843 -0.00559107 0.00421545 0.00958254 -0.00630596 0.00625679 0.00314928 0.0100677 -0.00252955 0.0211825 0.0467153 0.037329 -0.0267363 -0.00195232 0.00881022 0.0283656 0.00663582 0.0267299 0.00409708 0.00797886 0.0115861 0.0727161 0.00844551 -0.00786267 0.0170427 0.00992777 0.064502 0.0897654 -0.0320843
internal_weight=44626.1 1124.36 746.844 377.514 249.991 127.523 231.653 88.5094 73.9823 50.6002 25.5613 16.2594 23.3821 25.039 538.115 217.796 42.2977 28.3885 19.6094 175.498 158.961 145.875 13.9091 138.088 47.6669 90.4206 78.0371 13.9779 9.53401 14.5271
internal_count=238160 6038 4027 2011 1328 683 1234 471 393 270 136 86 123 134 2886 1159 223 150 103 936 847 777 73 736 256 480 415 73 50 78
is_linear=0
shrinkage=0.05


Tree=103
num_leaves=31
num_cat=0
split_feature=131 95 96 135 135 51 7 43 135 50 94 128 45 118 132 118 132 53 144 119 74 35 131 32 102 120 100 45 95 114
split_gain=2.36091 6.24323 6.38981 11.32 6.64487 7.96474 5.61198 5.59122 10.4029 7.56973 10.9648 7.80801 8.64176 7.25989 12.0523 11.0679 9.0188 11.2913 11.9561 9.11278 10.0403 8.15735 7.32499 9.86266 11.3697 9.76271 8.0158 6.71286 8.96008 12.5003
threshold=219.50000000000003 0.41961554625613479 5.3000000000000016 29.625000000000004 22.325000000000006 2.0250000000000004 5.5000000000000009 2.5000000000000004 16.125000000000004 1.5250000000000001 0.15123995845833443 -18.499999999999996 1.5000000000000002 0.34928583322414036 4.417288557213932 0.38255705189922135 4.7731560891938258 5.8750000000000009 57.500000000000007 0.39783456567984754 -1.0000000180025095e-35 8.5000000000000018 201.50000000000003 1.8277580663798942 39.500000000000007 0.14928820183115796 -3.3999999999999999 3.5000000000000004 0.11288005542989842 25.500000000000004
decision_type=2 2 2 2 2 2 2 2 2 2 2 2 2 2 2 2 2 2 2 2 2 2 2 2 2 2 2 2 2 2
left_child=1 7 -3 4 5 -4 -6 -1 9 10 -9 -11 -13 22 -15 16 17 18 -16 -18 -21 -17 27 24 25 -24 -25 -10 -29 -30
right_child=-2 2 3 -5 6 -7 -8 8 13 11 -12 12 -14 14 15 21 19 -19 -20 20 -22 -23 23 26 -26 -27 -28 28 29 -31
leaf_value=-2.4773952446792064e-05 -0.00021164493167720344 -0.016163883287205263 0.050620223549201718 -0.032151893173898459 0.028357760771132147 -0.032926616604411652 0.10967655197734383 0.0034997609120304739 0.00050503925821453795 -0.045869290639661248 0.087480325158146466 -0.016717795072541512 0.088005242637321235 -0.034673597856482816 0.02894213444889028 -0.026244497396108957 -0.021536952725005516 -0.0022643127103827939 0.13478521485291764 -0.010254039663139614 0.075241836582605387 0.035826381296767094 0.14182118003521005 -0.019298951479754599 0.0064142523075689717 0.035191478885153581 0.0042852631863172707 0.0054354756460157699 -0.024864151898022567 0.049682140483529036
leaf_weight=7313.0446581095457 33645.250044941902 101.93964643776417 5.4710700213909202 10.482599422335623 4.667751193046568 5.9605710357427597 3.8896179795265198 6.3737299442291322 1608.1855738461018 4.9439752548933029 9.9609193652868253 4.0453459769487363 3.8398540467023849 9.3603373616933805 4.165255278348921 13.441578671336176 7.7230787426233318 3.8321391940116873 7.4230341911315918 5.2893619984388325 9.7894938886165619 8.7314997464418393 3.8232460618019122 36.846354097127914 11.622212857007979 4.8949506133794785 1622.8323424309492 54.711118429899216 87.180541127920151 6.011298179626464
leaf_count=38991 179607 553 28 58 24 32 19 34 8584 27 52 22 20 50 22 71 41 20 39 28 51 46 20 196 62 26 8647 293 465 32
internal_value=-3.883e-06 0.000632719 -0.0101587 0.00993111 0.0320002 0.00705807 0.0653199 0.000764439 0.00239711 0.0321361 0.0547114 0.00339238 0.0342792 0.00214973 0.0181188 0.0263008 0.0426033 0.0721374 0.0967413 0.0226301 0.0452516 -0.00180171 0.00182554 0.00418578 0.038791 0.0819525 0.00376167 -0.00043246 -0.0106261 -0.0200556
internal_weight=44625.7 10980.5 132.411 30.4716 19.989 11.4316 8.55737 10848.1 3535.03 29.1638 16.3346 12.8292 7.8852 3505.86 69.7558 60.3954 38.2224 15.4204 11.5883 22.8019 15.0789 22.1731 3436.11 1680.02 20.3404 8.7182 1659.68 1756.09 147.903 93.1918
internal_count=238160 58553 714 161 103 60 43 57839 18848 155 86 69 42 18693 368 318 201 81 61 120 79 117 18325 8951 108 46 8843 9374 790 497
is_linear=0
shrinkage=0.05


Tree=104
num_leaves=31
num_cat=0
split_feature=121 144 53 135 93 74 2 72 97 123 100 37 114 86 72 100 44 61 131 101 144 118 73 82 135 117 61 92 130 132
split_gain=2.38761 2.52401 5.9478 5.76704 11.6375 8.83198 6.31634 2.91908 2.48202 2.3866 6.88818 7.11206 9.43401 8.50309 10.9652 8.28965 8.84533 10.3421 10.3137 9.57136 12.6251 10.4558 12.4209 8.23813 8.00192 7.83446 7.68716 10.9293 9.69066 15.1735
threshold=28.500000000000004 78.500000000000014 5.9750000000000005 21.125000000000004 0.6000000000000002 -2.4999999999999996 24.90549636583366 2.5000000000000004 4.7000000000000002 7.1000000000000005 4.2000000000000011 1.0000000180025095e-35 21.500000000000004 1.4071067811865479 2.5000000000000004 2.2000000000000006 3.5000000000000004 4.5000000000000009 195.50000000000003 -3.3999999999999999 57.500000000000007 0.13372361913004219 0.28947368421052638 0.98989794855663571 23.325000000000006 238.50000000000003 120.50000000000001 9.0000000000000018 -0.063286202444009676 4.9708013640238713
decision_type=2 2 2 2 2 2 2 2 2 2 2 2 2 2 2 2 2 2 2 2 2 2 2 2 2 2 2 2 2 2
left_child=1 9 3 4 -3 -5 7 -7 -4 -1 11 12 23 14 -14 16 19 -18 24 20 21 25 -23 -11 -19 -13 27 -21 29 -28
right_child=-2 2 8 5 -6 6 -8 -9 -10 10 -12 15 13 -15 -16 -17 17 18 -20 26 -22 22 -24 -25 -26 -27 28 -29 -30 -31
leaf_value=-7.1584900857397154e-05 0.027886842040472898 -0.018043864407527026 -0.0069832712577686173 0.051413248473797107 0.082580186076482126 -0.052903944548256324 0.032958126618275657 -0.0046548565336940904 -0.057658990653835042 0.069496935016294559 0.035031818453268658 0.11340560940455265 -0.024135294275965728 -0.044886811129682777 0.073618424134534372 -0.0085232575326098983 -0.023186902702508855 -0.007614577814990019 -0.0069046390798573817 0.0053256803625269487 -0.016250289068432781 0.040785287386003899 -0.046250904957610917 -0.0037304718723977452 0.056536053263317801 0.027286373078587525 0.058019022880675265 0.068328181933106205 -0.0078760969968565808 -0.039829492829636236
leaf_weight=42761.520854830742 7.6720075011253348 6.3397322595119459 3.4322769194841376 4.1393261551856986 5.2553196102380753 12.888821274042138 3.4571101218461981 4.1422456949949256 8.1625943630933744 4.0003169924020758 15.444092676043509 7.0738050490617734 10.68110817670822 28.197481900453568 3.9221180975437155 156.52502790093422 63.992032274603844 7.5522782802581814 59.93179389834404 1074.4395957142115 12.935488924384115 20.72408211231232 5.1098351627588263 96.315535172820091 13.641576796770094 4.2141602784395218 13.538719281554224 6.9280002266168585 197.65563350915909 5.6011537611484519
leaf_count=228212 38 36 20 22 27 76 18 24 49 21 79 35 58 153 21 840 348 40 319 5712 70 108 28 519 71 22 71 35 1058 30
internal_value=-3.86451e-06 -8.66031e-06 -0.0114899 -0.00151295 0.0275628 -0.0152023 -0.028661 -0.0411689 -0.0426581 3.65751e-06 0.00178282 0.00149642 -0.00919558 -0.0288487 0.00211929 0.0024239 0.00357133 -0.00815787 0.00369706 0.00483382 0.0262878 0.0411106 0.0235699 -0.000810367 0.0336764 0.0812545 0.00400655 0.00572932 -0.00458655 0.0293843
internal_weight=44625.4 44617.8 47.8174 36.2226 11.5951 24.6275 20.4882 17.0311 11.5949 44569.9 1808.42 1792.98 143.117 42.8007 14.6032 1649.86 1493.34 145.118 81.1256 1348.22 50.0574 37.1219 25.8339 100.316 21.1939 11.288 1298.16 1081.37 216.796 19.1399
internal_count=238160 238122 272 203 63 140 118 100 69 237850 9638 9559 772 232 79 8787 7947 778 430 7169 263 193 136 540 111 57 6906 5747 1159 101
is_linear=0
shrinkage=0.05


Tree=105
num_leaves=31
num_cat=0
split_feature=127 132 73 115 118 103 5 113 49 0 101 122 81 77 115 3 0 126 32 46 73 118 91 85 130 132 94 123 76 61
split_gain=2.38251 6.6776 9.08261 10.8051 8.46896 7.18856 6.40851 4.30381 8.71802 7.05048 8.43224 9.98938 6.18631 5.98568 5.71102 6.76639 4.54662 3.02845 5.95932 8.91401 6.69355 8.07646 6.4691 6.17785 5.60552 8.61905 3.41603 3.38895 6.89289 8.10132
threshold=-2.4999999999999996 4.8345771144278613 0.18421052631578957 44.500000000000007 0.17376044085036715 0.43125000000000008 71.500000000000014 4.5000000000000009 13.500000000000002 773.50000000000011 -1.0000000180025095e-35 9.4166666666666696 5.7000000000000002 812.90000000000009 43.500000000000007 4.5000000000000009 901.50000000000011 27.500000000000004 3.4935634416563048 1.5000000000000002 0.052631578947368758 0.15859360671547604 1.7000000000000002 5.5000000000000009 0.11212981389604858 4.8046129374337232 0.24512653667602108 9.4500000000000011 115.03079857513269 79.500000000000014
decision_type=2 2 2 2 2 2 2 2 2 2 2 2 2 2 2 2 2 2 2 2 2 2 2 2 2 2 2 2 2 2
left_child=7 -2 3 4 5 6 -3 8 -1 10 13 -12 14 -10 16 -16 -11 27 19 20 21 -19 24 -20 25 -21 -26 -9 29 -29
right_child=1 2 -4 -5 -6 -7 -8 17 9 12 11 -13 -14 -15 15 -17 -18 18 23 22 -22 -23 -24 -25 26 -27 -28 28 -30 -31
leaf_value=0.066739780452895289 -0.030646178989921242 0.039120246962850248 -0.048818178526887641 0.085878857041159426 -0.049225432903305916 0.064958123024648137 -0.043948362655961554 -3.6309207369332415e-06 0.026419429643341902 -0.042068688938346338 0.045436392061515611 -0.056184465840174051 0.044127009407541724 0.10178775262349776 0.058183931679370041 -0.024955697826124709 0.0067921179846647571 0.065536170261225143 -0.037959031251993555 0.020660377906289541 0.090563969366722286 -0.020335281094174276 0.060824989009742182 0.033888045591669642 -0.0091657833171609835 -0.056234981659368577 0.05285311786915884 -0.0044031312903645824 0.038715109915207019 -0.038211595469558317
leaf_weight=6.7304576486349097 23.438683211803436 4.3244968354702049 6.4112770706415168 4.7403455823659888 5.7799223214387885 5.9178802520036689 5.0135024935007095 44339.804366916418 5.6961989700794238 16.257817730307583 5.0466616451740247 4.6433779448270798 5.2909444719552985 4.9009370058774948 5.0418137460947019 4.7556000500917435 6.7328064292669287 5.8437911272048968 10.153871327638624 6.0716643333435121 6.1125737875699988 5.1524387747049332 4.1154170632362357 4.241927742958068 4.101553872227667 9.1148540526628476 4.84081070125103 74.342165261507034 7.0552272945642462 23.264181092381477
leaf_count=31 136 25 38 23 32 30 30 236638 29 89 24 25 27 24 25 26 36 29 54 31 29 27 20 21 21 49 24 403 37 127
internal_value=-3.83597e-06 -0.0103452 0.00443788 0.0176842 0.00231678 0.0218443 -0.00547867 9.07086e-06 0.012856 0.00664244 0.0304509 -0.00325939 -0.00604187 0.0612756 -0.0141375 0.0178285 -0.0277598 -9.72045e-06 0.0112395 0.020136 0.0486172 0.0252999 0.00288368 -0.0167883 -0.00699878 -0.0254917 0.0244072 -2.48434e-05 -0.00901148 -0.0124613
internal_weight=44624.9 55.6261 32.1874 25.7761 21.0358 15.2559 9.338 44569.3 65.0966 58.3662 20.2872 9.69004 38.079 10.5971 32.788 9.79741 22.9906 44504.2 59.7489 45.3531 17.1088 10.9962 28.2443 14.3958 24.1289 15.1865 8.94236 44444.5 104.662 97.6063
internal_count=238160 314 178 140 117 85 55 237846 336 305 102 49 203 53 176 51 125 237510 305 230 85 56 145 75 125 80 45 237205 567 530
is_linear=0
shrinkage=0.05


Tree=106
num_leaves=31
num_cat=0
split_feature=105 132 28 61 119 91 76 127 116 99 127 38 11 118 132 118 117 41 39 123 89 132 131 61 133 80 102 82 116 124
split_gain=2.35379 5.58726 9.15938 13.5681 10.1592 9.04976 10.1501 8.35816 7.81664 8.63319 9.15027 14.1223 7.08752 7.03697 8.94166 8.78133 11.786 12.3074 6.75621 12.5904 9.93703 11.522 16.1429 10.5674 9.58407 10.416 8.94096 8.41202 12.6023 6.66405
threshold=1.0000000180025095e-35 4.5320864790665762 4.5000000000000009 -73.499999999999986 0.19384617028578449 -1.8999999999999997 73.551191157758709 -9.4999999999999982 143.50000000000003 4.7000000000000002 -9.4999999999999982 2.5000000000000004 3.5000000000000004 0.15859360671547604 4.391730605285594 0.21461858031781036 223.50000000000003 1.5000000000000002 4.5000000000000009 5.1000000000000005 1.0000000180025095e-35 4.7596296296296305 263.50000000000006 -144.49999999999997 8.5000000000000018 1.6507233596346442 66.500000000000014 1.6507233596346442 121.50000000000001 5.0119792802415883
decision_type=2 2 2 2 2 2 2 2 2 2 2 2 2 2 2 2 2 2 2 2 2 2 2 2 2 2 2 2 2 2
left_child=-1 2 8 4 7 -6 -7 -4 -2 12 11 -11 -10 14 -5 -15 17 -17 -3 -20 26 27 23 -23 -25 -26 29 28 -22 -21
right_child=1 18 3 13 5 6 -8 -9 9 10 -12 -13 -14 15 -16 16 -18 -19 19 20 21 22 -24 24 25 -27 -28 -29 -30 -31
leaf_value=0.00035818927666853766 0.00095790664089133524 -0.00076135570907583366 0.12181648228009212 -0.0082214837406258574 -0.016448366625309265 0.098226614999363082 -0.0058617836301188874 0.0425525862185583 0.036680226038962468 -0.012852076999156126 0.09500496086677164 0.093822012875754757 -0.032869455414758643 -0.034765860521437451 0.091566074995517888 0.11786010189275316 -0.010563569592110182 0.012133767023392054 0.00097508939815991894 0.0038456996889763596 0.084506356631998597 -0.0030335074954434505 -0.0014254625471779186 0.029272990636401999 0.075500236427544429 0.15990570142423011 0.04867567777311145 -0.049655010970467511 -0.03305984547157198 -0.048739502893947004
leaf_weight=22384.64958165586 2007.4768507778645 19677.746466264129 5.8288780897855759 4.2742074877023679 8.9617600589990598 5.449777767062189 4.1072378903627396 7.744901314377783 6.2590411752462378 9.2273390442132932 6.4678213149309185 4.6743180453777304 8.8318092674016935 15.767329007387159 4.7284921556711197 4.3298132568597776 23.241352409124374 7.556407630443573 331.0750966668129 20.57223474979401 4.6395694315433484 4.7034457176923743 12.281180784106253 7.2983479946851793 14.775074213743212 4.8565261214971533 7.8172167837619773 5.9553002268075934 4.4808699786663055 8.5201961696147901
leaf_count=119080 10755 105363 31 23 48 29 22 41 33 49 34 25 47 85 25 23 125 40 1768 110 25 25 66 39 79 26 42 32 24 46
internal_value=-3.76781e-06 -0.000368085 0.00206391 0.0174976 0.0437313 0.0196466 0.0534934 0.0765902 0.00136896 0.0246395 0.0458744 0.0230162 -0.00402321 0.00344175 0.04419 -0.00376612 0.0101484 0.0506469 -0.000626339 0.00559607 0.0215491 0.0342803 0.0472276 0.0661163 0.0781937 0.0963807 0.00120166 -0.00343428 0.0267461 -0.0115547
internal_weight=44624.3 22239.6 2134.93 91.9902 32.0926 18.5188 9.55702 13.5738 2042.94 35.4603 20.3695 13.9017 15.0909 59.8976 9.0027 50.8949 35.1276 11.8862 20104.7 426.975 95.9 58.9903 43.9146 31.6334 26.9299 19.6316 36.9096 15.0757 9.12044 29.0924
internal_count=238160 119080 11435 492 171 99 51 72 10943 188 108 74 80 321 48 273 188 63 107645 2282 514 316 235 169 144 105 198 81 49 156
is_linear=0
shrinkage=0.05


Tree=107
num_leaves=31
num_cat=0
split_feature=102 53 124 24 89 27 85 80 118 99 123 95 82 101 132 89 119 62 124 58 80 131 135 77 5 116 101 116 77 72
split_gain=2.3633 9.53018 10.8531 12.5291 12.6073 11.9614 12.3844 9.07047 8.50212 7.95799 8.62356 15.9188 8.93918 7.67991 7.89098 8.97228 7.59228 7.60235 12.8774 12.5471 13.3279 11.8872 11.4126 13.5827 10.4843 10.5184 10.199 9.9683 13.7335 12.7314
threshold=63.500000000000007 5.9750000000000005 0.77416573867739435 6.5000000000000009 2.9000000000000004 4.5000000000000009 4.7000000000000002 1.5508054040544847 0.43118000158081998 5.7000000000000002 2.5500000000000003 0.23729908269980202 1.0977225575051663 2.6000000000000001 4.6601886792452838 -1.4999999999999998 0.54125186154202376 -1.0000000180025095e-35 0.99979989991591423 0.22500000000000003 2.1083165307717238 203.50000000000003 38.275000000000006 874.30000000000007 72.500000000000014 123.50000000000001 1.0000000180025095e-35 126.50000000000001 810.30000000000007 1.0000000180025095e-35
decision_type=2 2 2 2 2 2 2 2 2 2 2 2 2 2 2 2 2 2 2 2 2 2 2 2 2 2 2 2 2 2
left_child=-1 8 3 4 9 6 -5 -8 16 10 12 -12 -3 -4 15 -15 17 -2 19 20 24 -20 27 -24 -19 -26 -27 28 -23 -30
right_child=1 2 13 5 -6 -7 7 -9 -10 -11 11 -13 -14 14 -16 -17 -18 18 21 -21 -22 22 23 -25 25 26 -28 -29 29 -31
leaf_value=0.00018497258255461332 -0.0031606916804841965 -0.057784470486409556 0.00058591689856207492 0.094415902757334122 0.074286017329142015 0.092664541767250017 -0.056262233543222143 0.040399150310991165 -0.024808037859313872 -0.036015159235535929 0.095040421985749357 -0.029875474032375834 0.0081863144954829586 0.044375648095985168 0.019000059270582837 -0.037081338251782871 -0.066607395206714978 0.053584411729876935 0.0066412135094573435 0.0024305788776710635 -0.044111604742937842 -0.0087697823791942804 0.0079578627647078539 0.09445096241029094 -0.00013043762880877408 0.072760159481815051 0.0079133307193816668 0.0016134949410071845 -0.014663642622714329 0.0035688013278408477
leaf_weight=35162.398841962218 3430.0377414673567 5.7354193478822699 2337.2051818221807 3.9626415669918087 6.6928306370973578 9.6106496900320035 5.1191994994878751 4.6148074418306351 39.484085440635681 11.301268473267553 7.0313510596752149 4.0021030902862549 49.044954434037209 4.4985989928245571 101.49660082161427 13.601854458451269 4.48017294704914 31.209051132202148 468.63253454864025 163.33427245914936 6.4737688153982154 1007.0572927743196 174.43923658132553 4.6603014916181555 34.304087102413177 13.131084933876993 11.265425354242323 834.37319952249527 115.52070647478104 559.36555096507072
leaf_count=187551 18386 31 12500 20 35 49 28 24 212 60 36 21 259 24 542 73 24 161 2502 858 34 5389 935 25 181 68 59 4461 618 2994
internal_value=-3.77881e-06 -0.000705234 0.00189755 0.0174771 0.00845915 0.0499037 0.0198993 -0.0104359 -0.0016727 0.00274603 0.00940193 0.0497304 0.00127928 0.00121829 0.0135764 -0.0168364 -0.0015395 -0.00149697 0.0001698 0.0108727 0.025179 -0.000708739 -0.00198662 0.0102085 0.0301682 0.0177186 0.0428162 -0.00285461 -0.00507114 0.000447942
internal_weight=44624.1 9461.69 2563.92 107.115 83.8079 23.3073 13.6966 9.73401 6897.77 77.1151 65.8138 11.0335 54.7804 2456.8 119.597 18.1005 6858.28 6853.8 3423.77 259.718 96.3834 3164.05 2695.42 179.1 89.9096 58.7006 24.3965 2516.32 1681.94 674.886
internal_count=238160 50609 13702 563 442 121 72 52 36907 407 347 57 290 13139 639 97 36695 36671 18285 1361 503 16924 14422 960 469 308 127 13462 9001 3612
is_linear=0
shrinkage=0.05


Tree=108
num_leaves=31
num_cat=0
split_feature=131 121 132 69 128 114 132 53 132 116 96 96 53 114 115 125 86 77 4 132 123 73 83 69 135 87 74 52 66 135
split_gain=2.34116 10.9644 9.79012 7.66622 15.709 16.9803 11.2844 13.5381 11.1919 12.145 13.5578 10.0232 9.63139 13.9603 9.47949 11.584 9.97362 9.71227 9.34898 9.9717 9.22721 9.33715 9.46754 9.0604 12.9746 9.63284 8.88229 9.13191 8.24406 8.09209
threshold=274.50000000000006 15.500000000000002 5.0692049808429127 -3.4999999999999996 -28.499999999999996 31.500000000000004 4.6125740618828184 5.5750000000000002 6.2869249394673128 130.50000000000003 5.3000000000000016 4.7000000000000002 4.9250000000000016 28.500000000000004 46.500000000000007 2.5000000000000004 1.7902508343583621 827.70000000000016 78.500000000000014 4.7964532328939118 4.2666666666666675 -0.052631578947368293 5.3000000000000016 1.0000000180025095e-35 40.125000000000007 172.83333333333334 2.5000000000000004 3.1250000000000004 2.5000000000000004 25.925000000000001
decision_type=2 2 2 2 2 2 2 2 2 2 2 2 2 2 2 2 2 2 2 2 2 2 2 2 2 2 2 2 2 2
left_child=-1 3 -3 4 20 6 7 -6 12 10 11 -10 13 -8 15 16 23 -17 19 -14 21 -2 29 26 25 -25 -5 -28 -24 -23
right_child=1 2 -4 14 5 -7 8 -9 9 -11 -12 -13 18 -15 -16 17 -18 -19 -20 -21 -22 22 28 24 -26 -27 27 -29 -30 -31
leaf_value=-0.00022440254649688167 0.0067665808433528922 0.077275105091879626 -0.0095831976677590441 -0.01958798930633155 -0.00072652066208924023 -0.015400074233612285 0.017143346020673047 0.11978078361912006 0.078204463157687781 -0.030383802538028987 0.12609144640400502 -0.0299280619439132 -0.028103578870455982 0.1251649686433487 0.00046044996635626832 0.007069123766460933 -0.02579821669503456 0.084117655043551107 -0.0032245849051777509 0.011518425382450058 -0.0081892049120383618 0.071112731496375439 0.12707011998727052 -0.0020781813589393415 0.093222478260877678 0.059953920548470742 0.076909255412315677 -0.0035962722356439897 0.045674276409824729 -0.021814312528623092
leaf_weight=32547.55169147253 9.5053363889455813 8.7272253036499006 5.1636875122785559 108.4070151001215 4.5293442308902723 100.7433277964592 13.059388011693956 4.8010468780994415 4.4877820461988467 4.2141059339046469 5.6879282891750327 4.1018221974372864 16.760998532176018 3.8794891983270636 10959.256444647908 14.92706446349621 79.796141922473907 5.6337521374225608 268.91344346106052 301.92756207287312 9.3739864081144315 5.0318187326192874 7.6152204722166044 91.596675202250481 4.0737077146768561 6.717337802052497 4.8742270320653942 12.701814010739325 5.2592489570379257 4.3836083263158798
leaf_count=173725 51 42 27 580 24 542 69 25 24 23 30 22 89 20 58480 80 428 30 1432 1609 50 26 38 492 22 36 26 68 27 23
internal_value=-3.80157e-06 0.000590761 0.0449872 0.000539634 0.00535253 0.00366482 0.00670209 0.0612817 0.00588472 0.0442018 0.0662162 0.0265676 0.00471268 0.0418834 0.000209503 -0.00815667 -0.0105811 0.0281808 0.00364116 0.00943456 0.0354059 0.0482588 0.0659528 -0.005264 0.00578328 0.00216018 -0.0142422 0.0187297 0.0938197 0.027848
internal_weight=44623.7 12076.2 13.8909 12062.3 774.275 733.106 632.363 9.33039 623.033 18.4916 14.2775 8.5896 604.541 16.9389 11288 328.728 308.167 20.5608 587.602 318.689 41.1692 31.7952 22.2899 228.371 102.388 98.314 125.983 17.576 12.8745 9.41543
internal_count=238160 64435 69 64366 4124 3909 3367 49 3318 99 76 46 3219 89 60242 1762 1652 110 3130 1698 215 165 114 1224 550 528 674 94 65 49
is_linear=0
shrinkage=0.05


Tree=109
num_leaves=31
num_cat=0
split_feature=140 122 20 58 61 89 118 122 133 80 60 91 81 75 78 82 38 96 117 40 132 78 127 51 56 102 130 44 27 91
split_gain=2.33225 10.1523 11.5076 11.0555 11.5544 10.8114 9.91299 9.35833 14.4865 19.8959 9.22628 11.7941 10.4832 8.91746 8.36273 10.0406 13.3445 9.60198 17.1916 8.17904 12.0803 10.7118 9.3263 9.6553 9.14264 10.9211 13.7635 8.99721 8.65553 8.31905
threshold=1.5000000000000002 3.5000000000000004 6.5000000000000009 0.32500000000000001 -57.499999999999993 -1.0000000180025095e-35 0.24155767012856871 5.166666666666667 8.5000000000000018 1.5247518723079387 0.4250000000000001 -3.0999999999999996 6.3000000000000016 863.83333333333337 54.55089263206208 1.6867121281243425 1.5000000000000002 4.7000000000000002 248.50000000000003 1.5000000000000002 4.7875564152159908 115.05892344184856 -9.4999999999999982 1.9750000000000003 3.5000000000000004 29.500000000000004 0.027086229319317121 1.0000000180025095e-35 4.5000000000000009 -1.0999999999999999
decision_type=2 2 2 2 2 2 2 2 2 2 2 2 2 2 2 2 2 2 2 2 2 2 2 2 2 2 2 2 2 2
left_child=-1 2 -2 6 -5 -6 13 -7 9 -9 11 -8 -13 -3 15 16 -12 18 -18 -15 21 22 23 -21 -22 26 28 -27 -26 -29
right_child=1 3 -4 4 5 7 10 8 -10 -11 14 12 -14 19 -16 -17 17 -19 -20 20 24 -23 -24 -25 25 27 -28 29 -30 -31
leaf_value=8.607651255870168e-05 0.024766960694508403 -0.0016205731781776219 0.00081746002364695776 -0.030252387571514824 -0.018868067513911051 -0.00779843620137044 0.064487578984381108 0.1505069051237059 0.003286453054634804 0.014724624410943025 0.066152807646694567 0.00018897988117895243 -0.066125931025382556 -0.0037918937707581441 -0.02249821176150188 -0.028873296453006309 0.11993616517250527 -0.024382218923674041 -0.028817804934058239 0.087986998697548502 -0.0039900092954767838 0.076349441549143318 -0.033589303931704409 -0.016908468854687487 0.065084333030974703 -0.040074005894649233 0.0093889714252139121 0.079160245320880715 0.16558936350403702 0.017691734583116611
leaf_weight=42024.28909856081 52.386019870638847 662.50559815764427 1178.8145862519741 76.328370451927185 85.270689845085144 44.297164171934128 6.8198933601379386 4.8070295602083224 20.844318374991417 6.1486894488334656 9.7708472311496717 126.68798114359379 6.2537216097116461 46.915473356842995 147.40136805176735 18.607110545039177 3.7501329779624966 16.669782131910324 4.029122531414032 3.8878438323736244 10.397174730896948 3.8187152147293082 18.228961139917374 5.0346580892801285 3.7824424505233747 3.853874325752261 3.9380327463150016 9.2319201678037643 4.9399198442697525 13.632594794034958
leaf_count=224234 279 3564 6281 413 461 238 36 25 113 33 52 682 34 252 799 100 20 90 22 21 56 20 98 27 20 21 21 49 26 73
internal_value=-3.81822e-06 -0.00145733 0.00183648 -0.00442208 -0.0142237 -0.00664203 -0.00236059 0.00705786 0.0277526 0.0743017 -0.00949946 0.000359231 -0.00293055 0.000711094 -0.0163809 0.000687909 0.0167619 -0.00297681 0.0428918 0.0128114 0.0224583 -0.00205972 -0.0130876 0.0287981 0.0377132 0.0487241 0.086976 0.0305986 0.122005 0.0425106
internal_weight=44623.3 2599.05 1231.2 1367.85 237.696 161.368 1130.16 76.0972 31.8 10.9557 339.99 139.762 132.942 790.167 200.228 52.827 34.2199 24.449 7.77926 127.662 80.7461 30.9702 27.1515 8.9225 49.776 39.3788 12.6604 26.7184 8.72236 22.8645
internal_count=238160 13926 6560 7366 1283 870 6083 409 171 58 1835 752 716 4248 1083 284 184 132 42 684 432 166 146 48 266 210 67 143 46 122
is_linear=0
shrinkage=0.05


Tree=110
num_leaves=31
num_cat=0
split_feature=134 45 102 91 144 126 126 135 68 0 44 34 119 84 120 116 96 79 4 120 110 90 131 67 130 78 128 99 61 65
split_gain=2.30392 7.98758 11.6671 11.3116 11.2758 10.1353 9.30249 11.3816 10.9622 10.151 8.36974 7.90638 9.92224 7.46177 8.92804 10.5652 10.0607 11.7367 13.2189 12.389 11.902 12.9741 14.5185 13.8641 11.1214 10.9629 9.46441 10.2257 9.39433 10.4314
threshold=2.5000000000000004 4.5000000000000009 28.500000000000004 -0.49999999999999994 63.500000000000007 5.5000000000000009 12.500000000000002 27.225000000000005 1.5000000000000002 840.50000000000011 1.5000000000000002 13.500000000000002 0.28137852046943113 1.3133249580710802 0.25726195497370102 155.50000000000003 4.3000000000000016 5.7000000000000002 76.500000000000014 0.26038156515426597 1.0000000180025095e-35 1.3000000000000003 268.50000000000006 -2.4999999999999996 0.13527751314278649 34.244415359093928 -16.499999999999996 4.3000000000000016 117.50000000000001 -3.4999999999999996
decision_type=2 2 2 2 2 2 2 2 2 2 2 2 2 2 2 2 2 2 2 2 2 2 2 2 2 2 2 2 2 2
left_child=-1 13 3 11 -4 -6 7 8 -5 -9 -7 12 -3 -2 15 -15 28 -18 26 -20 21 23 -23 -21 25 -25 27 -19 29 -16
right_child=1 2 4 6 5 10 -8 9 -10 -11 -12 -13 -14 14 16 -17 17 18 19 20 -22 22 -24 24 -26 -27 -28 -29 -30 -31
leaf_value=0.00019407747725779632 0.0012390242246322874 0.048333047148293999 -0.0070955492784280181 0.12345061305777763 -0.020127734900456069 0.08062773993813542 -0.031908592772089871 -0.038415851298525448 0.018563875558008081 0.022845348361991372 0.019566715544341598 -0.0052520642301219656 0.13696006807313771 -0.00067985897254003698 0.06354887649926505 0.066128739414950385 -0.004697978042189581 0.011990238648538678 -0.066022871908947803 0.10320321235955479 0.029731503665220489 -0.047786459251757729 0.050518526538599208 0.060711935762148367 0.069545608470896192 -0.0032736926930501727 0.025717474126503517 -0.031636514414769168 -0.028128921875624342 -0.0093274796281283597
leaf_weight=34233.366161718965 2979.3490546345711 16.089443951845176 115.83371806144714 4.7256511151790601 8.6044540852308256 9.1680002659559268 10.175705641508101 8.9259551614522916 5.2683153301477432 27.892900973558426 14.469264596700667 4.8793895393609992 3.9292771965265265 5069.1758875697851 5.0022462457418433 5.9245915710926047 1485.0709028989077 19.00791522860527 4.7707411944866172 4.1201719194650641 83.260547265410423 18.882340580224994 4.6884441673755637 7.4643656015396109 6.950041636824607 64.88240472972393 14.605763286352156 45.783681556582451 73.537432506680489 267.24781814217567
leaf_count=182613 15891 86 619 25 46 49 55 48 28 149 77 26 21 27033 27 30 8021 101 26 22 442 102 25 40 37 349 78 246 399 1449
internal_value=-3.84755e-06 -0.000655998 0.00855887 0.0237035 0.000183819 0.0263362 0.0114201 0.0208385 0.0681596 0.00799386 0.04325 0.0518184 0.0657288 -0.000864574 -0.00173742 -0.000601868 -0.00447484 -0.00294255 0.00655735 0.0135594 0.0155551 0.00452261 -0.0282327 0.0137781 0.00913172 0.00332801 -0.0106415 -0.0188377 -0.0122717 -0.00798847
internal_weight=44623.1 10389.7 229.962 81.8866 148.075 32.2417 56.9885 46.8128 9.99397 36.8189 23.6373 24.8981 20.0187 10159.7 7180.38 5075.1 2105.27 1759.49 274.416 195.019 190.248 106.988 23.5708 83.417 79.2968 72.3468 79.3974 64.7916 345.787 272.25
internal_count=238160 55547 1229 438 791 172 305 250 53 197 126 133 107 54318 38427 27063 11364 9489 1468 1043 1017 575 127 448 426 389 425 347 1875 1476
is_linear=0
shrinkage=0.05


Tree=111
num_leaves=31
num_cat=0
split_feature=135 110 84 123 84 92 118 101 87 116 101 52 56 65 116 38 116 65 123 41 98 79 128 0 130 83 130 87 115 132
split_gain=2.30751 5.41493 8.96296 9.42645 11.243 8.26169 8.66859 9.72763 9.67134 7.24978 6.93353 6.92362 6.72854 10.4241 7.6946 6.72738 6.65124 6.84361 8.21749 6.55935 8.38562 8.59084 6.62548 6.5944 10.1708 10.6215 7.65528 8.62905 8.28475 6.58789
threshold=16.925000000000001 1.0000000180025095e-35 1.8506711151805402 2.2250000000000005 1.4764667715445201 3.8000000000000003 0.35336975428517498 -1.0000000180025095e-35 -37.166666666666679 144.50000000000003 3.0000000000000004 2.9750000000000005 2.5000000000000004 -2.4999999999999996 116.50000000000001 1.0000000180025095e-35 113.50000000000001 -1.0000000180025095e-35 3.5500000000000003 3.5000000000000004 3.7000000000000006 6.5000000000000009 -14.499999999999998 866.50000000000011 -0.10709226728153255 5.3000000000000016 -0.11168784824959173 9.5000000000000018 45.500000000000007 4.7731560891938258
decision_type=2 2 2 2 2 2 2 2 2 2 2 2 2 2 2 2 2 2 2 2 2 2 2 2 2 2 2 2 2 2
left_child=1 10 3 4 -3 6 7 -6 -8 15 12 -4 13 14 -1 -5 -15 18 -18 20 -17 22 23 26 25 -25 -22 -28 -29 -21
right_child=-2 2 11 9 5 -7 8 -9 -10 -11 -12 -13 -14 16 -16 19 17 -19 -20 29 21 -23 -24 24 -26 -27 27 28 -30 -31
leaf_value=0.1089096177254819 5.3299056915699454e-05 -0.0062623633519954397 0.027874175000339736 0.016270076694148261 0.13990419012535191 -0.019415828934473571 -0.021140681923660368 0.034528398284092258 0.083115832387962912 0.05426596602966588 -0.029546412118156447 -0.023909462077301557 0.00020363976936558305 -0.031529245414870871 0.031746746876072068 0.059559173955671965 0.09690399544532402 -0.011280661813887578 0.0061651209962939827 -0.065539336934724871 -0.046121482911907423 0.047290083695780083 -0.03472919879423679 0.086233360745593388 -0.0017648313913128438 -0.015679929932424373 -0.0023937136310492411 0.017919645760764474 -0.045296425744616918 -0.016053465400665722
leaf_weight=4.1852991282939938 43522.349651306868 22.257938146591187 6.9717098176479331 29.580651864409447 5.0086894929409027 4.1590746790170661 5.1008801162242916 3.8918751329183632 3.9446593523025468 4.9760756194591513 18.199008926749229 87.071746230125427 547.68107748031616 10.104756712913515 14.166345372796057 4.7740462571382514 4.5618398785591143 9.892446815967558 5.5074617564678192 9.1868835985660535 15.110687509179114 7.0267413556575766 22.425555109977722 7.1167427301406843 72.384442806243896 3.9899659603834152 114.75997956097126 6.5595133900642422 24.694019138813019 25.102199614048004
leaf_count=21 232184 119 39 160 25 22 26 20 20 27 102 482 2959 55 75 26 24 53 30 51 83 38 123 37 397 22 629 36 137 138
internal_value=-3.87266e-06 -0.00226511 -0.00620807 -0.00288278 0.0188221 0.0440798 0.0587952 0.0938274 0.0243244 -0.00565221 0.000854951 -0.0200706 0.00178311 0.0196493 0.0493446 -0.0065222 0.00152415 0.018256 0.0472739 -0.00867533 -0.00613765 -0.00728204 -0.00871801 -0.00633339 0.0050711 0.0496221 -0.012243 -0.00873693 -0.0320286 -0.0293119
internal_weight=44622.7 1100.39 486.094 392.051 44.3631 22.1052 17.9461 8.90056 9.04554 347.688 614.298 94.0435 596.099 48.4181 18.3516 342.711 30.0665 19.9617 10.0693 313.131 278.842 274.068 267.041 244.615 83.4912 11.1067 161.124 146.014 31.2535 34.2891
internal_count=238160 5976 2657 2136 232 113 91 45 46 1904 3319 521 3217 258 96 1877 162 107 54 1717 1528 1502 1464 1341 456 59 885 802 173 189
is_linear=0
shrinkage=0.05


Tree=112
num_leaves=31
num_cat=0
split_feature=122 140 53 32 117 2 119 75 90 135 74 72 132 74 53 118 55 128 122 47 82 144 132 104 95 52 60 127 96 75
split_gain=2.27718 7.23514 8.20246 7.78287 13.1094 10.827 13.5139 11.4478 11.9692 8.93765 12.5776 11.4835 8.45271 12.1807 8.17867 9.32038 13.2395 13.1108 13.9175 11.5858 11.2162 16.4715 12.0873 11.7365 10.801 11.0985 10.2242 10.7595 14.5503 10.1883
threshold=4.166666666666667 1.5000000000000002 6.5750000000000002 2.1111758054474898 252.50000000000003 21.155850190030133 0.15670334768053476 806.50000000000011 0.50000000000000011 29.625000000000004 -1.4999999999999998 1.5000000000000002 4.7403703703703712 -1.4999999999999998 5.9250000000000016 0.20476538993447146 12.500000000000002 -28.499999999999996 5.166666666666667 9.5000000000000018 1.0605318061589781 4.5000000000000009 4.7153518123667384 1.5000000000000002 0.33161549591659922 3.5250000000000004 0.47500000000000003 -8.4999999999999982 4.1000000000000005 796.16666666666686
decision_type=2 2 2 2 2 2 2 2 2 2 2 2 2 2 2 2 2 2 2 2 2 2 2 2 2 2 2 2 2 2
left_child=-1 3 -3 4 -2 6 -6 -8 -9 12 11 -11 13 -7 -5 16 29 19 20 -17 21 -19 -23 -22 -25 -26 27 -20 -29 -16
right_child=1 2 -4 14 5 9 7 8 -10 10 -12 -13 -14 -15 15 17 -18 18 26 -21 23 22 -24 24 25 -27 -28 28 -30 -31
leaf_value=0.0002831305465321458 -0.0093710047412807456 -0.0039937550250887166 -0.040254141869587506 0.00080326816940446983 -0.01302411159873712 0.046062063076714406 0.013343353926503338 0.10869935056241341 0.034378157176182561 0.0052250753623090881 -0.018249751774865468 0.10998357322404997 -0.024502045854310924 -0.031927824509039429 0.0045864764311950744 0.035776446538263534 -0.021810502105553027 0.057584968091145085 -0.016257474027681143 -0.009856779920689597 -0.0047970198096438368 0.011353032150953943 -0.031950351291955892 0.0036206994672726973 0.058315600310758657 -0.018927493185386734 -0.0019952266523807914 0.062585104567104047 -0.0042694781667854719 -0.0017362154988205384
leaf_weight=27118.021846607327 521.49219451844692 990.24498541653156 15.845783755183218 10819.108239397407 24.259164124727249 11.935009837150576 38.13271401822567 7.6936983764171627 18.308936402201653 4.8688240200281161 9.3208371102809888 5.6536286473274231 52.21863254904747 8.6242486685514432 1095.9507759660482 38.029331490397453 65.723148748278618 6.859298273921012 494.6833568662405 21.930132493376732 627.32650211453438 20.532949864864349 74.893880054354668 574.18696027994156 17.603201448917392 6.3199268877506247 308.45418119430542 8.9167479723691923 93.26185131072998 1521.9587739408016
leaf_count=144450 2792 5352 88 57873 130 63 204 41 98 26 50 30 279 46 5864 203 351 37 2655 117 3360 110 400 3075 94 34 1655 48 501 8134
internal_value=-3.83943e-06 -0.000448418 -0.00456485 -0.000197391 -0.0053469 0.00624625 0.0187635 0.0307872 0.0563684 -0.0056998 0.0240456 0.061511 -0.01381 0.0133467 3.16304e-05 -0.0016459 0.00035424 -0.00398677 -0.00460631 0.0190861 -0.00134682 -0.0172534 -0.0226328 -1.91102e-05 0.00499219 0.0379098 -0.00938662 -0.0132064 0.00156467 0.00091069
internal_weight=44622.4 17504.3 1006.09 16498.2 702.508 181.016 88.3945 64.1353 26.0026 92.6212 19.8433 10.5225 72.7779 20.5593 15795.7 4976.63 2683.63 2293 2233.04 59.9595 1327.72 102.286 95.4268 1225.44 598.11 23.9231 905.316 596.862 102.179 2617.91
internal_count=238160 93710 5440 88270 3759 967 473 343 139 494 106 56 388 109 84511 26638 14349 12289 11969 320 7110 547 510 6563 3203 128 4859 3204 549 13998
is_linear=0
shrinkage=0.05


Tree=113
num_leaves=31
num_cat=0
split_feature=144 76 117 89 123 0 102 38 117 69 23 84 51 130 119 69 57 78 61 122 128 6 88 97 20 84 53 117 114 130
split_gain=2.27242 8.66396 9.31696 8.01818 15 14.8375 7.98716 10.2683 10.3503 14.032 15.7416 12.3469 11.9309 10.7615 10.484 12.0234 11.2697 10.534 11.329 20.3144 13.2828 10.1528 10.7444 8.4375 9.08349 8.09836 8.25277 8.26762 7.75475 12.0791
threshold=74.500000000000014 44.737503929597985 220.50000000000003 3.1000000000000005 4.1000000000000005 770.50000000000011 65.500000000000014 1.0000000180025095e-35 233.50000000000003 -1.0000000180025095e-35 4.5000000000000009 1.2124075097263003 1.8750000000000002 -0.024564426515841922 0.13002573967281375 -1.4999999999999998 0.17500000000000002 96.369081990944196 -58.499999999999993 4.166666666666667 -22.499999999999996 36.750000000000007 1.1000000000000003 4.1000000000000005 7.5000000000000009 1.1853250826618578 5.6750000000000016 243.50000000000003 19.500000000000004 -0.087133666767000698
decision_type=2 2 2 2 2 2 2 2 2 2 2 2 2 2 2 2 2 2 2 2 2 2 2 2 2 2 2 2 2 2
left_child=-1 28 -3 6 5 -5 7 -4 9 11 13 -9 -12 -11 15 -10 17 18 19 -16 -20 22 -17 -8 -25 -23 27 -27 29 -2
right_child=1 2 3 4 -6 -7 23 8 14 10 12 -13 -14 -15 16 21 -18 -19 20 -21 -22 25 -24 24 -26 26 -28 -29 -30 -31
leaf_value=5.3449788327289267e-05 0.063702426937582643 -0.014364115049908921 -0.02430465894497312 0.018161343881405025 -0.011096156469253134 0.11850779550800797 0.023145298062466908 0.063827517251488664 -0.023747443600617736 0.044283008583904153 0.0861259813560485 -0.025288846804652199 -0.0048240412158626015 0.14798448604089925 0.014540256844145689 0.1404301667953077 -0.0098960263998061956 -0.020684285711474345 0.07965430865027523 0.15415253157404468 -0.0062141889734625378 0.072217089173671839 0.03143604773532465 0.032202018900382261 -0.027226730621553716 0.098000333760201189 -0.017547303434315254 -0.0044072367771839536 0.00086845938046825003 0.0086976607554027953
leaf_weight=43499.255178108811 12.748002946376799 207.1340104341507 40.507621988654137 9.3103069216012972 16.152655467391014 6.0957069694995871 11.731905668973921 4.9541329592466381 11.772788703441618 4.9280585944652557 4.8962334841489819 18.039353907108307 13.682224139571188 5.0812171548604983 6.1575658619403821 4.074272543191908 219.91889375448227 14.053417205810545 5.7639487236738196 4.5167871564626694 20.597107619047168 5.7149284929037121 5.0807110667228699 7.0279203653335562 75.554691001772881 3.9078021645545986 14.071649894118307 3.9762447476387024 319.43291120231152 45.98372645676136
leaf_count=232122 64 1141 220 49 87 31 64 26 64 26 26 96 73 26 33 21 1185 75 30 24 110 30 27 37 410 20 75 21 1704 243
internal_value=-3.8776e-06 -0.00222471 -0.00535449 -0.00188292 0.0225689 0.0578655 -0.00340793 -0.00040124 0.00220734 0.0229904 0.0463786 -0.006088 0.0191453 0.0969271 -0.00114685 0.020238 -0.00498167 0.0161728 0.0301586 0.0736163 0.0125613 0.0342997 0.0799421 -0.0165325 -0.0221692 0.0191986 0.00539824 0.046352 0.00393861 0.0206367
internal_weight=44622.1 1122.87 744.702 537.568 31.5587 15.406 506.009 411.695 371.187 51.5812 28.5877 22.9935 18.5785 10.0093 319.606 48.5984 271.008 51.0888 37.0354 10.6744 26.3611 36.8256 9.15498 94.3145 82.5826 27.6706 21.9557 7.88405 378.165 58.7317
internal_count=238160 6038 4027 2886 167 80 2719 2208 1988 273 151 122 99 52 1715 258 1457 272 197 57 140 194 48 511 447 146 116 41 2011 307
is_linear=0
shrinkage=0.05


Tree=114
num_leaves=31
num_cat=0
split_feature=122 32 116 8 126 99 95 47 2 101 120 118 124 102 75 79 135 52 53 118 116 95 94 82 32 119 80 142 4 2
split_gain=2.26462 7.66583 6.09313 7.9015 2.56942 11.9387 13.1641 10.9851 10.1177 10.9175 8.32879 11.3973 9.66382 8.39127 10.2999 10.1228 7.85219 8.67787 7.7849 6.68822 6.2634 9.0471 9.90334 9.15459 8.32653 9.06934 9.73419 16.3975 11.777 7.3557
threshold=14.500000000000002 3.6059353145847917 124.50000000000001 5.5000000000000009 22.500000000000004 5.5000000000000009 0.28891849515103496 8.5000000000000018 26.614728063739502 -3.3999999999999999 0.23645164612495176 0.14508973683467427 8.9106674812954569 55.500000000000007 785.50000000000011 5.1000000000000005 40.475000000000009 3.6750000000000003 6.0250000000000012 0.15712068834880041 80.500000000000014 0.18907737967963037 0.22783585838766798 1.1067764362830024 3.4048195685882301 0.0782098075194156 1.8013878188659975 7.5000000000000009 77.500000000000014 24.425550143904349
decision_type=2 2 2 2 2 2 2 2 2 2 2 2 2 2 2 2 2 2 2 2 2 2 2 2 2 2 2 2 2 2
left_child=4 2 3 -2 -1 8 7 19 9 -6 11 13 -13 14 -9 -15 17 20 -12 -7 -11 23 -23 -22 25 -24 -27 -28 -29 -25
right_child=1 -3 -4 -5 5 6 -8 10 -10 16 18 12 -14 15 -16 -17 -18 -19 -20 -21 21 22 24 29 -26 26 27 28 -30 -31
leaf_value=-2.8126967095659246e-05 -0.037496402956224292 0.048761983019630036 -0.06447551557456592 0.046085819593402036 0.056940637041818259 -0.066493550232480783 0.094377880946808407 -0.012434482992550988 0.077116508907806636 -0.029089551681973469 -0.014467666661437865 0.12544200990204946 0.034742984634355815 -0.058252474598057692 0.082820893452268049 0.046539444431955138 0.047875910858377446 -0.048833098823564139 0.058171019793677316 0.0093820169085357674 0.083764674720279098 -0.060030820755723982 0.067817772258364703 0.018520672694466334 -0.026749674890878712 -0.011022879214761788 -0.014543702940234311 0.015149426215594817 0.10420311356356654 -0.032022518308585567
leaf_weight=44276.213045552373 7.6668379008770042 3.8615245819091788 7.2975866496562949 4.4798502773046494 7.6026675105094901 5.7513624429702741 5.8260070830583564 4.5393331199884432 4.1043285727500907 21.337369501590729 17.053347587585453 5.9463251829147321 5.8028740435838699 5.658114627003668 7.5712290108203888 3.8882262408733368 7.0970575213432303 11.012060672044752 4.7065694183111182 5.867136612534523 4.6071486175060263 8.4007273465394956 5.1038904488086692 44.076311230659485 30.971545219421387 67.389876410365105 14.373580932617189 7.3113841116428357 7.5423194169998169 8.6035603135824186
leaf_count=236319 47 21 43 26 40 31 30 24 21 116 91 31 30 30 39 20 35 59 24 31 24 46 26 232 165 358 77 39 39 46
internal_value=-3.89777e-06 -0.0155859 -0.028365 -0.00667024 4.24492e-06 0.00445351 0.0222974 0.0160094 -0.000738784 -0.00204076 0.0253156 0.0409954 0.0806462 0.0194842 0.0471169 -0.0155707 -0.00392623 -0.00551963 0.00124375 -0.0281777 -0.00334879 -0.00058017 -0.00738395 0.016177 -0.00405089 0.00286033 -0.000571111 0.0235277 0.0603685 0.0102661
internal_weight=44621.7 23.3058 19.4443 12.1467 44598.4 322.144 72.6105 66.7845 249.534 245.429 55.166 33.4061 11.7492 21.6569 12.1106 9.54634 237.827 230.73 21.7599 11.6185 219.718 198.38 141.093 57.287 132.693 101.721 96.6172 29.2273 14.8537 52.6799
internal_count=238160 137 116 73 238023 1704 381 351 1323 1302 289 174 61 113 63 50 1262 1227 115 62 1168 1052 750 302 704 539 513 155 78 278
is_linear=0
shrinkage=0.05


Tree=115
num_leaves=31
num_cat=0
split_feature=120 132 132 82 88 3 75 52 90 86 72 90 9 77 131 131 92 63 116 41 76 35 24 70 90 34 144 76 102 0
split_gain=2.23563 10.8104 10.6593 8.80923 10.9103 10.7735 8.86968 15.8574 14.1802 19.2407 13.61 11.088 10.0529 9.87454 9.98028 8.58101 8.74103 10.4949 8.23836 7.76019 7.31977 6.83309 9.81201 8.36821 5.97034 5.54062 4.84397 4.39829 4.00894 3.83811
threshold=0.67958604297255509 6.2869249394673128 5.4036774628879902 1.4849232860754917 0.50000000000000011 9.5000000000000018 821.50000000000011 3.5250000000000004 0.30000000000000004 1.2668844090561522 2.5000000000000004 -1.4999999999999998 4.5000000000000009 768.70000000000016 302.50000000000006 309.50000000000006 2.2000000000000006 -2.9999999999999996 104.50000000000001 2.5000000000000004 32.266252705859792 8.5000000000000018 4.5000000000000009 1.5000000000000002 0.30000000000000004 10.500000000000002 11.500000000000002 44.353359666025689 54.500000000000007 924.50000000000011
decision_type=2 2 2 2 2 2 2 2 2 2 2 2 2 2 2 2 2 2 2 2 2 2 2 2 2 2 2 2 2 2
left_child=-1 2 -2 4 18 6 7 8 9 -5 11 -11 -9 -10 -15 25 17 28 -4 -14 -20 22 -22 -24 26 -8 -23 -6 -17 -7
right_child=1 -3 3 5 27 29 15 12 13 10 -12 -13 19 14 -16 16 -18 -19 20 -21 21 24 23 -25 -26 -27 -28 -29 -30 -31
leaf_value=-2.6116977830802042e-05 0.075999140132599008 0.064148761683165828 0.059141188845761618 0.16485226236750555 0.0013607845856753169 -0.066602127341999981 0.011932149989811083 -0.059320367697736125 0.076309558887048545 0.010651604996978419 -0.014528740474951111 0.11488470455499154 0.068496800661318843 0.052383459498624212 -0.04724214191473327 0.074616641240325118 0.074864478143395072 -0.045732710837581049 -0.053062895279104606 -0.023867187592244505 -0.026365945345777575 0.051259465061318524 0.0079906411811856443 0.10573410052943862 -0.044978349868508134 -0.056113768061683444 -0.026863550514583792 -0.050850973497121157 0.0016356507691233113 -0.0014683143715660549
leaf_weight=44445.852035209537 4.8556509464979163 7.5522325336933127 5.5139509141445151 4.4990527927875545 5.1100042015314129 5.596171095967291 4.3974064588546744 6.7413900494575492 4.1269447654485694 3.8318556696176511 5.6908102929592124 7.6354744136333501 4.4444168210029584 3.7702297717332822 7.5438168346881866 3.8508116900920859 4.9166863411664954 7.11442703008652 6.8455898463726035 4.6568900644779205 4.9129976034164455 4.2094031721353558 3.9809655100107175 4.8667739927768707 9.0161285549402219 9.3572003692388517 3.7534661740064621 19.147425770759583 3.6798717528581619 3.7959029972553253
leaf_count=237234 25 39 29 23 27 30 23 36 21 20 30 39 24 20 40 20 26 38 36 25 26 22 21 25 48 50 20 103 20 20
internal_value=-3.88311e-06 0.00562967 0.00299685 0.000822243 -0.013029 0.0105763 0.0161135 0.0288327 0.0467152 0.0728171 0.0486844 0.0800548 -0.013042 0.0101054 -0.0140435 -0.0040977 0.0171803 -0.0021856 0.00206786 0.0212367 -0.00630508 0.00410766 0.0302933 0.0617553 -0.0171147 -0.0343592 0.0144345 -0.0398522 0.0389544 -0.0402776
internal_weight=44621.3 175.414 167.862 163.006 67.3567 95.6494 86.2573 52.9409 37.0982 21.6572 17.1581 11.4673 15.8427 15.441 11.314 33.3164 19.5618 14.6451 43.0993 9.10131 37.5853 30.7397 13.7607 8.84774 16.979 13.7546 7.96287 24.2574 7.53068 9.39207
internal_count=238160 926 887 862 357 505 455 278 193 112 89 59 85 81 60 177 104 78 227 49 198 162 72 46 90 73 42 130 40 50
is_linear=0
shrinkage=0.05


Tree=116
num_leaves=31
num_cat=0
split_feature=130 77 132 69 15 138 53 27 131 142 116 42 116 78 144 95 116 63 6 95 132 95 60 3 91 117 132 80 75 117
split_gain=2.24916 11.9964 12.1374 9.80021 10.2282 13.3459 13.6717 11.3469 12.1691 10.0565 9.59437 12.1489 9.97696 8.69956 8.61893 10.5183 13.5322 10.5632 10.1915 13.2019 9.45767 8.58675 8.3703 8.35808 10.3224 8.62571 8.18079 7.52553 7.39269 7.36753
threshold=0.26972891236480273 832.30000000000007 5.7395652173913048 2.5000000000000004 1.0000000180025095e-35 1.5000000000000002 5.6250000000000009 4.5000000000000009 352.50000000000006 1.5000000000000002 112.50000000000001 2.5000000000000004 82.500000000000014 35.644293936813121 5.5000000000000009 0.23102988766202412 61.500000000000007 -1.0000000180025095e-35 36.250000000000007 0.25902931669928347 5.8434436274509816 0.27208472617711255 0.37500000000000006 1.5000000000000002 1.0000000180025095e-35 227.50000000000003 5.6691542288557226 1.5889866919029754 849.50000000000011 245.50000000000003
decision_type=2 2 2 2 2 2 2 2 2 2 2 2 2 2 2 2 2 2 2 2 2 2 2 2 2 2 2 2 2 2
left_child=-1 3 23 4 7 6 -6 14 10 -5 12 -12 22 -7 27 16 -16 20 -17 -20 -18 -21 -9 -3 25 -25 -27 -2 -4 -30
right_child=1 2 28 9 5 13 -8 8 -10 -11 11 -13 -14 -15 15 18 17 -19 19 21 -22 -23 -24 24 -26 26 -28 -29 29 -31
leaf_value=2.7879697654530682e-05 -0.051196333618037188 -0.038485658762455792 -0.050120596130348818 0.039909144025159812 0.1130202566409035 0.031835296976184153 -0.00030910464393030815 -0.032098183389713965 0.10952967169303325 -0.033813619065288229 -0.0035756618117019504 0.05107385622451021 0.099022050598944922 -0.025319666165134931 0.057917553661342797 -0.021994970871694539 -0.03160639580477783 -0.055830740383214797 0.11015846612620178 -0.040123469289232015 0.065905357010197022 0.057665669100712282 0.05774747051121485 0.062116993328145964 0.085664598278017229 -0.053145348184818586 0.034114572465529069 0.011194765991808622 0.0010738763991293403 -0.041190407946467909
leaf_weight=44266.906056880951 13.015143990516664 6.9915945380926159 27.638778492808342 5.4590967595577231 4.1198685765266401 7.5653968751430503 7.5163249224424362 4.2035301178693789 4.2206936180591574 30.303132295608521 37.812598988413811 13.910977944731711 7.2129473388195029 55.495454236865044 5.9632511883974102 5.5048030316829708 5.5415205210447365 13.241983234882349 6.7398216426372555 3.7553604394197446 4.5106855630874634 5.5810557305812836 6.7631041705608368 4.6196218729019192 5.2105001360177985 6.8644734025001508 4.4126072227954865 7.6881626546382895 24.305071100592613 17.909269511699677
leaf_count=236280 70 37 149 28 21 40 40 22 22 162 201 73 38 297 31 29 29 70 35 20 24 29 35 24 27 36 23 41 130 97
internal_value=-3.86852e-06 -0.00397305 -0.0188552 0.00171846 0.00565854 -0.00938423 0.0398159 0.0133724 0.0270823 -0.0225599 0.0221041 0.0111222 0.0533493 -0.0184628 -0.000832168 0.0102427 -0.00929001 -0.026495 0.0367233 0.0568296 0.0121497 0.0183322 0.0233095 0.0088956 0.0245903 0.00457179 -0.0190014 -0.0280274 -0.0300182 -0.0168566
internal_weight=44621 354.077 97.9519 256.125 220.363 74.697 11.6362 145.666 74.1239 35.7622 69.9032 51.7236 18.1796 63.0609 71.5418 50.8385 29.2574 23.2942 21.581 16.0762 10.0522 9.33642 10.9666 28.0988 21.1072 15.8967 11.2771 20.7033 69.8531 42.2143
internal_count=238160 1880 523 1357 1167 398 61 769 391 190 369 274 95 337 378 267 154 123 113 84 53 49 57 147 110 83 59 111 376 227
is_linear=0
shrinkage=0.05


Tree=117
num_leaves=31
num_cat=0
split_feature=133 130 120 135 27 57 124 105 100 119 89 84 93 52 131 84 132 128 128 108 77 114 120 120 105 60 123 5 130 120
split_gain=2.21529 5.39162 5.58651 7.17405 6.69896 5.20899 4.9444 5.88422 4.78671 7.4657 5.95579 5.7923 4.96312 4.32925 3.93793 3.90153 4.02116 3.84774 5.02587 6.00116 13.7426 4.00245 5.1864 4.00645 3.87666 6.67976 3.854 3.84114 3.81898 3.47152
threshold=6.5000000000000009 0.0066769343343459917 0.12952560290382206 26.725000000000005 4.5000000000000009 0.17500000000000002 2.2613014134252203 1.0000000180025095e-35 -1.0000000180025095e-35 0.28137852046943113 -0.59999999999999976 1.506637297521078 1.8000000000000003 3.2250000000000005 45.500000000000007 1.5508054040544847 4.3099343185550092 -1.0000000180025095e-35 -1.4999999999999998 1.0000000180025095e-35 818.90000000000009 6.5000000000000009 0.035883020729487521 0.22490743058045601 1.0000000180025095e-35 0.4250000000000001 4.2666666666666675 72.500000000000014 0.044995582976472527 0.077539762961960954
decision_type=2 2 2 2 2 2 2 2 2 2 2 2 2 2 2 2 2 2 2 2 2 2 2 2 2 2 2 2 2 2
left_child=1 2 3 4 5 -1 -6 -8 9 11 14 -3 28 -7 -10 -4 -17 18 21 24 -21 22 -2 29 25 -20 -19 -5 -12 -24
right_child=17 8 15 27 6 13 7 -9 10 -11 12 -13 -14 -15 -16 16 -18 26 19 20 -22 -23 23 -25 -26 -27 -28 -29 -30 -31
leaf_value=-0.014640908759235219 0.02916447722884008 -0.059362217910366104 -0.04822754543868106 -0.0014494641632602596 -0.04411785523711903 0.016885955721472796 -0.039255706398450413 0.038861118916095116 0.017012363768130853 0.034381992176171765 0.094584243228973575 0.016665784874410738 0.0060177184707631377 0.081507472490841407 -0.040013102067392614 0.02343973646896012 -0.041790914414899655 -0.050774188986762496 -0.0045592613723026741 0.09445825767543943 -0.020312474853590667 1.8250015239692927e-05 -0.01180285101133563 0.015218944506059571 -0.010180366096293445 0.065642835636746 0.0071309908312035819 -0.04479727125488079 0.034082285363672672 -0.056009534329496839
leaf_weight=3.8694528937339809 4.6363982111215618 8.3676145374774951 16.574003294110302 8.4393967390060443 6.873884558677676 4.6122041344642621 3.7842565923929197 6.641525536775589 6.5991820544004458 5.3699143528938285 4.2527018934488314 3.5757693350315085 8.1635639816522581 5.916512057185173 5.593388557434082 4.9037739485502225 4.5591313689947128 7.3707923591136915 7.8814608156681079 6.6187620013952237 4.3045098334550858 44411.880577385426 7.2806345075368943 4.2119439095258704 16.685653209686279 5.9438738375902176 4.7096044570207596 12.956271976232527 6.7451627552509308 11.386669367551802
leaf_count=21 24 47 100 46 38 23 21 36 36 28 21 19 43 29 30 25 27 43 41 32 23 237026 39 22 89 30 26 76 34 65
internal_value=-3.87638e-06 -0.00657744 -0.0146315 -0.00532809 0.00977201 0.0349676 -0.0111978 0.010507 0.00651804 -0.0145841 0.0181704 -0.0365999 0.0355535 0.0531994 -0.00914829 -0.0336027 -0.00798773 1.5005e-05 2.26677e-05 0.0174284 0.0492308 6.43894e-06 -0.0190573 -0.0288293 0.00604284 0.0256225 -0.0281996 -0.027699 0.0574774 -0.038768
internal_weight=44620.7 127.798 79.1304 53.0935 31.6978 14.3982 17.2997 10.4258 48.6673 17.3133 31.354 11.9434 19.1614 10.5287 12.1926 26.0369 9.46291 44492.9 44480.8 41.4343 10.9233 44439.4 27.5156 22.8792 30.511 13.8253 12.0804 21.3957 10.9979 18.6673
internal_count=238160 700 442 290 168 73 95 57 258 94 164 66 98 52 66 152 52 237460 237391 215 55 237176 150 126 160 71 69 122 55 104
is_linear=0
shrinkage=0.05


Tree=118
num_leaves=31
num_cat=0
split_feature=131 123 43 46 89 128 80 32 62 124 86 131 87 77 56 35 52 118 117 131 88 84 84 84 144 39 95 118 70 64
split_gain=2.20011 7.69628 13.0944 11.8834 11.3774 10.7187 9.21427 9.97536 9.06659 11.2077 10.2374 9.75636 9.74339 8.49944 12.0583 12.1865 12.5956 12.2313 9.91943 9.46513 10.4711 11.0174 10.6893 9.29557 11.8162 11.1542 18.8878 13.2101 9.25805 8.68009
threshold=340.50000000000006 4.5500000000000007 2.5000000000000004 2.5000000000000004 1.0000000180025095e-35 -24.499999999999996 1.2922616289332567 2.6183875115062842 -123.49999999999999 5.6991184176889638 1.4764667715445201 351.50000000000006 -3.1666666666666852 788.30000000000007 3.5000000000000004 7.5000000000000009 3.7250000000000005 0.26727733393682718 265.50000000000006 348.50000000000006 4.1000000000000005 1.5508054040544847 1.3509142006662127 1.5636487597155921 3.5000000000000004 1.5000000000000002 0.26040920863682532 0.35553189879181452 1.5000000000000002 -6.9999999999999991
decision_type=2 2 2 2 2 2 2 2 2 2 2 2 2 2 2 2 2 2 2 2 2 2 2 2 2 2 2 2 2 2
left_child=-1 13 3 5 -5 -3 7 -7 10 11 -4 -10 -13 14 -2 17 -17 -16 -19 -15 22 -22 -21 24 25 -24 27 -27 -20 -26
right_child=1 2 8 4 -6 6 -8 -9 9 -11 -12 12 -14 19 15 16 -18 18 28 20 21 -23 23 -25 29 26 -28 -29 -30 -31
leaf_value=5.6741546898462407e-05 -0.014202107902472123 -0.029475395808012624 0.12453600011934435 -0.00032996968419731013 0.056343293728226357 0.10254490258927691 -0.009013983542833174 0.0088108881730563499 -0.012619500140411575 0.095513124567766367 0.0218597903911084 -0.012517047703493534 0.057767084293770692 -0.014935639908066043 0.11119038453223062 -0.00046187070962254754 0.087031980345821658 0.010953130469034648 0.0070308397033829809 -0.014723676949125976 0.11521348424368859 -0.0035035484329006212 -0.016277942215659886 -0.0056221684394425478 0.04381450874510865 -0.019788641441630152 0.15952800198955261 0.098506269023892423 0.090539260659250678 0.00087630370164296252
leaf_weight=43332.279516384006 79.403864994645119 43.321183666586876 4.6617194861173612 22.59256549179554 14.564879715442656 4.4065485894680005 30.340526506304741 7.9760170131921768 22.269774824380875 4.2751102298498145 5.0657106935977936 7.4108846336603191 14.735857859253882 233.68123885989189 3.9348098933696738 189.18777903914452 4.2048399597406378 54.768623739480972 5.4225359112024298 154.71235466003418 3.8262595087289801 3.9945777654647827 4.9964580535888699 217.0387537330389 13.102512598037718 5.3678979277610761 4.1868048012256613 4.2116834223270416 8.5553688555955869 115.73411107063293
leaf_count=231205 428 234 24 121 77 23 163 43 120 22 27 40 77 1267 21 1019 22 293 29 844 20 22 27 1181 70 29 22 22 45 623
internal_value=-3.78837e-06 -0.00204028 0.00749911 -0.00174571 0.0218847 -0.0119503 0.00582018 0.0421677 0.0269958 0.0181916 0.0710658 0.0107494 0.0342482 -0.00360631 0.00289742 0.0080004 0.00144046 0.0254553 0.0205481 -0.00655944 -0.00284649 0.0545775 -0.00371123 0.000961239 0.0106419 0.0477131 0.0709385 0.03222 0.0581433 0.00524306
internal_weight=44620.2 1287.95 181.621 123.202 37.1574 86.0443 42.7231 12.3826 58.4191 48.6916 9.72743 44.4165 22.1467 1106.33 345.478 266.074 193.393 72.6813 68.7465 760.853 527.171 7.82084 519.351 364.638 147.599 18.7628 13.7664 9.57958 13.9779 128.837
internal_count=238160 6955 971 661 198 463 229 66 310 259 51 237 117 5984 1857 1429 1041 388 367 4127 2860 42 2818 1974 793 100 73 51 74 693
is_linear=0
shrinkage=0.05


Tree=119
num_leaves=31
num_cat=0
split_feature=135 78 85 108 122 120 132 56 86 34 59 135 49 90 61 118 38 34 82 25 78 40 114 54 115 77 38 118 7 95
split_gain=2.19244 6.92603 8.4537 9.76869 11.9728 11.179 12.9967 7.46686 8.44872 7.16848 7.52341 6.54283 14.0683 11.596 11.5886 11.289 11.0675 10.1473 12.522 9.80787 10.9295 14.2684 10.2466 21.7121 9.7452 10.37 10.7766 9.45529 9.32414 9.19731
threshold=41.675000000000004 41.351960894304462 4.1000000000000005 1.0000000180025095e-35 4.8333333333333348 0.31772568499336379 4.8514578408195446 1.5000000000000002 1.4159791251244391 8.5000000000000018 0.47500000000000003 40.675000000000004 18.500000000000004 1.3000000000000003 24.500000000000004 0.13622691697597306 1.5000000000000002 10.500000000000002 1.1747031677944919 7.5000000000000009 38.066783243060833 1.5000000000000002 20.500000000000004 5.7250000000000005 45.500000000000007 826.90000000000009 2.5000000000000004 0.1801052405697596 5.5000000000000009 0.20041228454400192
decision_type=2 2 2 2 2 2 2 2 2 2 2 2 2 2 2 2 2 2 2 2 2 2 2 2 2 2 2 2 2 2
left_child=11 2 3 4 5 6 -2 8 -3 -9 -11 -1 15 24 -15 -13 -16 -17 27 20 21 -20 23 -22 25 -14 -27 -19 -23 -29
right_child=1 7 -4 -5 -6 -7 -8 9 -10 10 -12 12 13 14 16 17 -18 18 19 -21 22 28 -24 -25 -26 26 -28 29 -30 -31
leaf_value=-8.626609690771231e-06 0.019641158195726597 0.069031530844436292 -0.018479437572930673 -0.053573488357060231 -0.0432551191552972 -0.014079620462460328 0.12955312228657459 -0.016020195168430423 0.0036627717616582798 -0.00053983890843808263 0.054860131670446989 -0.042042373342750128 0.01204978563507505 0.018913797538572794 0.033747416619284973 -0.010876494194691923 0.13405870945182427 -0.027426560989192592 -0.019874519145613254 -0.035818297090232785 0.074038776484643604 0.034562872844337886 -0.0020993152454494295 -0.015874995446802119 0.0022952739261665371 0.11140100519007033 0.012130139222717301 0.076666182652965306 0.12869491489610022 0.020546020870718058
leaf_weight=42924.141866952181 5.0941085070371681 8.0447735488414782 112.47306390106678 4.3942072540521613 4.4851432889699927 4.7947170287370673 5.6980077177286148 77.117378041148186 12.82018907368183 990.3301956653595 6.1663935035467139 14.616925328969954 16.354107469320301 12.179878652095796 4.9488444328308088 96.05461797118187 6.187943771481514 4.9685242325067511 5.3784845471382132 14.593328654766081 14.173716992139818 5.4237443506717664 147.12231163680553 12.757317051291464 63.537607565522194 7.2223255932331067 4.3990629464387894 13.891347691416742 5.1085458397865295 15.387833327054976
leaf_count=229023 26 42 624 25 25 26 27 425 69 5342 33 80 86 64 26 515 32 26 29 78 75 29 787 68 337 37 23 73 27 81
internal_value=-3.81363e-06 -0.00208425 -0.0126853 0.0139508 0.0287334 0.0494482 0.0776723 -0.000757863 0.0288666 -0.00133359 -0.00019702 5.52317e-05 0.00595879 0.0211423 0.0526201 0.000969865 0.0894835 0.00284739 0.00836755 0.00368272 0.00671724 0.0463842 0.00309116 0.0314463 0.013122 0.0377115 0.0738238 0.0363495 0.0802204 0.0471719
internal_weight=44619.9 1231.42 136.939 24.4662 20.072 15.5868 10.7921 1094.48 20.865 1073.61 996.497 43388.4 464.306 114.83 23.3167 349.477 11.1368 334.86 238.805 204.557 189.964 15.9108 174.053 26.931 91.5131 27.9755 11.6214 34.2477 10.5323 29.2792
internal_count=238160 6664 753 129 104 79 53 5911 111 5800 5375 231496 2473 605 122 1868 58 1788 1273 1093 1015 85 930 143 483 146 60 180 56 154
is_linear=0
shrinkage=0.05


Tree=120
num_leaves=31
num_cat=0
split_feature=114 127 42 74 76 65 86 80 130 118 72 117 86 11 144 40 122 77 123 116 102 81 75 84 118 86 66 64 75 80
split_gain=2.15568 10.1007 14.9479 10.701 15.4189 10.3094 9.4738 10.4594 16.8129 14.1805 13.6717 10.3059 11.1206 9.37604 16.1706 11.4353 9.09519 12.2063 9.49564 9.25054 10.7863 17.7135 14.3219 10.9675 10.1427 13.4639 9.1368 9.08377 8.85521 8.84779
threshold=27.500000000000004 -10.499999999999998 5.5000000000000009 -2.4999999999999996 104.36206348799976 6.5000000000000009 2.1505784891060955 1.7262579304887016 -0.076957413835618743 0.25775659031073545 4.5000000000000009 236.50000000000003 2.3291607139303614 1.0000000180025095e-35 31.500000000000004 2.5000000000000004 4.166666666666667 829.90000000000009 5.1000000000000005 116.50000000000001 55.500000000000007 6.1000000000000005 909.83333333333337 1.7902508343583621 0.21310702217036206 1.3435015956036227 1.5000000000000002 -2.9999999999999996 767.16666666666686 1.5572337024036671
decision_type=2 2 2 2 2 2 2 2 2 2 2 2 2 2 2 2 2 2 2 2 2 2 2 2 2 2 2 2 2 2
left_child=-1 3 6 4 16 -5 13 8 -8 10 27 12 -9 14 15 -3 18 -18 19 20 22 26 23 29 25 -21 -22 -10 -28 -2
right_child=1 2 -4 5 -6 -7 7 11 9 -11 -12 -13 -14 -15 -16 -17 17 -19 -20 24 21 -23 -24 -25 -26 -27 28 -29 -30 -31
leaf_value=-0.0002168014030843677 0.013404743529564717 0.024290091522030557 0.088227277509957874 -0.0010798810577456464 0.016048874845344174 0.029340874408090013 -0.030758387711690441 0.059513867569165213 0.036254826351809301 0.018304299229072101 -0.011390884293742473 -0.017053754168615327 -0.0042751618857885306 0.0017353573102467758 -0.00083001764893179508 0.09222966589503645 0.0008842249443215543 -0.022704261116166302 0.066636264127298117 -0.021499691130758478 -0.036144875890108764 0.084322869574256443 0.10185186294184408 -0.014053279209603715 -0.00014479623127414644 0.076476018820506392 0.060850828930694871 0.10310615027532827 -0.010942045519170983 0.044346426038808881
leaf_weight=32437.766533017159 60.809388503432274 15.382100388407709 5.1423762589693061 7787.2560759335756 218.07242333889008 27.95048101246357 13.794460669159887 11.472773104906084 8.2518543452024495 93.359256356954575 5.4285375028848639 44.42046058177948 16.892443731427193 2782.3787293583155 34.149643763899803 10.368473097681997 165.19010488688946 82.100859493017197 5.9988011717796317 5.4828370362520209 24.538288682699203 4.9481766521930686 5.3223802149295798 21.792703792452812 649.02240641415119 9.7279763817787153 5.8655083179473904 13.225769191980362 16.042657747864723 37.260955587029457
leaf_count=173254 321 82 27 41489 1158 147 73 61 44 497 29 238 91 14847 182 55 884 440 32 29 131 26 28 116 3445 51 31 70 85 197
internal_value=-3.82663e-06 0.000563291 0.00305222 -0.000269572 0.00390857 -0.000971084 0.00290857 0.0132399 0.0215245 0.0275214 0.0595028 -0.00201914 0.0215253 0.00215672 0.0217289 0.051646 0.00148882 -0.00694718 0.00395234 0.00350512 0.0136768 -0.00560968 0.0215948 0.0180311 0.000801076 0.04116 -0.0151907 0.0774214 0.00827918 0.0251608
internal_weight=44619.4 12181.6 3054.27 9127.38 1312.18 7815.21 3049.12 206.846 134.06 120.265 26.9062 72.7857 28.3652 2842.28 59.9002 25.7506 1094.1 247.291 846.812 840.813 176.58 51.3946 125.185 119.863 664.233 15.2108 46.4465 21.4776 21.9082 98.0703
internal_count=238160 64906 16296 48610 6974 41636 16269 1103 713 640 143 390 152 15166 319 137 5816 1324 4492 4460 935 273 662 634 3525 80 247 114 116 518
is_linear=0
shrinkage=0.05


Tree=121
num_leaves=31
num_cat=0
split_feature=127 102 39 93 93 63 0 144 113 49 0 101 92 86 64 43 52 5 55 83 126 96 124 80 94 75 101 117 83 18
split_gain=2.13664 6.30612 5.67208 5.70815 11.0811 4.67636 5.95471 8.2648 3.79929 7.62227 6.54525 8.92417 7.28397 6.07295 4.87926 6.6896 6.55599 6.42185 4.46687 3.42628 2.65652 5.33059 9.40762 7.90852 7.02563 7.67931 6.68861 6.6232 5.67434 3.67444
threshold=-2.4999999999999996 51.500000000000007 2.5000000000000004 1.0000000000000002 -1.3999999999999997 1.0000000180025095e-35 783.50000000000011 38.500000000000007 4.5000000000000009 13.500000000000002 795.50000000000011 -1.0000000180025095e-35 -0.59999999999999976 1.1937171043518962 1.0000000180025095e-35 1.5000000000000002 3.3250000000000006 73.500000000000014 9.5000000000000018 4.9000000000000012 27.500000000000004 4.9000000000000012 11.764350970504493 1.3133249580710806 0.2820949168670337 782.50000000000011 -0.59999999999999998 231.50000000000003 5.1000000000000005 10.500000000000002
decision_type=2 2 2 2 2 2 2 2 2 2 2 2 2 2 2 2 2 2 2 2 2 2 2 2 2 2 2 2 2 2
left_child=8 5 3 4 -3 6 -2 -8 9 -1 11 13 19 -11 15 -12 -16 -17 -15 -13 -10 22 23 -22 25 -23 -25 -26 -29 -28
right_child=1 2 -4 -5 -6 -7 7 -9 20 10 14 12 -14 18 16 17 -18 -19 -20 -21 21 24 -24 26 27 -27 29 28 -30 -31
leaf_value=0.061858209707476353 -0.034723028865423833 -0.0019879846038553446 -0.040935302128028553 -0.012250744760691755 0.10293117849081886 -0.045362909632039317 0.078358067875793247 -0.014319356137536741 -2.3567232281671843e-05 -0.00063667715949729514 0.050397877544388382 0.0055680527083468816 0.051700830704178302 0.11292560580583066 -0.059763809636543368 -0.055221958165993235 0.0097301824678577547 0.018423737657966215 0.043836968937114709 -0.056551723727380487 0.062682981784699304 0.024690126671750634 0.093452706318519874 0.04076101069307117 0.080500260553501526 -0.041792876592892235 -0.050862346977821583 -0.042553144172176913 0.042616492723051229 0.005879949662331861
leaf_weight=6.8756966590881339 10.375748425722124 5.2162439674139058 4.0199376344680777 6.2297964394092551 4.8625519275665301 13.824469104409216 3.7370656877756101 6.7519178986549377 44439.063166499138 3.6740696132183102 6.1936264038085964 3.9415794163942319 3.991946652531623 4.2763442844152433 8.220841705799101 5.2300402969121915 5.7798638194799414 6.8201753199100494 5.1655569970607758 5.0813782066106796 6.1291787922382417 6.2950718849897411 4.4180748611688605 5.7213402837514939 3.9152267724275571 14.010688930749891 6.3496708124875969 3.8380123376846313 3.9873470067977905 5.1811552941799164
leaf_count=31 63 28 23 33 24 85 20 38 237205 20 31 20 19 20 46 30 31 35 25 28 29 32 20 28 19 76 35 20 20 26
internal_value=-3.86878e-06 -0.00985115 0.0122617 0.0253743 0.0486306 -0.0228097 -0.00786645 0.0187002 8.28842e-06 0.0120645 0.00619955 0.0247977 -0.00453532 0.0539047 -0.00887232 0.00816635 -0.0310748 -0.01354 0.075128 -0.0294154 -9.39018e-06 0.0105179 0.0265397 0.0138961 -0.00338063 -0.0211822 -0.00343647 0.0274078 0.000844339 -0.0253663
internal_weight=44619.2 55.0177 20.3285 16.3086 10.0788 34.6892 20.8647 10.489 44564.2 65.2511 58.3754 26.1309 13.0149 13.116 32.2445 18.2438 14.0007 12.0502 9.4419 9.02296 44498.9 59.8458 27.7994 23.3813 32.0463 20.3058 17.2522 11.7406 7.82536 11.5308
internal_count=238160 314 108 85 52 206 121 58 237846 336 305 132 67 65 173 96 77 65 45 48 237510 305 138 118 167 108 89 59 40 61
is_linear=0
shrinkage=0.05


Tree=122
num_leaves=31
num_cat=0
split_feature=134 75 122 3 62 130 135 118 99 124 101 2 123 97 96 123 90 132 3 119 119 23 123 46 100 117 107 138 102 59
split_gain=2.10683 7.2983 8.59405 8.39638 7.92994 8.28914 19.1618 14.6074 11.3113 9.98907 13.5998 7.94401 7.92722 13.2336 10.933 10.553 12.1065 7.82776 10.2622 18.6721 10.9805 10.1496 11.1016 10.2285 8.79824 11.3003 9.41036 10.055 9.80412 9.20141
threshold=2.5000000000000004 742.83333333333337 1.1666666666666667 8.5000000000000018 -19.499999999999996 -0.090222922966689281 17.625000000000004 0.28938940015422748 5.7000000000000002 7.5418811891059976 1.0000000180025095e-35 19.403091982591636 4.7750000000000012 4.3000000000000016 5.3000000000000016 5.366666666666668 0.50000000000000011 4.9587585034013619 13.500000000000002 0.27484934750914758 0.21458409555378313 3.5000000000000004 4.5500000000000007 1.0000000180025095e-35 -2.5999999999999992 232.50000000000003 1.0000000180025095e-35 1.0000000180025095e-35 32.500000000000007 0.27500000000000008
decision_type=2 2 2 2 2 2 2 2 2 2 2 2 2 2 2 2 2 2 2 2 2 2 2 2 2 2 2 2 2 2
left_child=-1 2 -2 -3 -5 6 -6 12 11 -7 -11 -9 -8 -14 15 16 -15 18 24 20 -20 22 23 -19 25 -4 27 28 -27 -29
right_child=1 3 17 4 5 9 7 8 -10 10 -12 -13 13 14 -16 -17 -18 21 19 -21 -22 -23 -24 -25 -26 26 -28 29 -30 -31
leaf_value=0.00018545758334807431 -0.03104548393357337 -0.00057555557322522093 -0.0090919621873774316 -0.015409440602668648 0.091148206573572768 -0.0075101610438742892 -0.0073534681873438056 0.076089218184779178 0.099989453020877528 0.090567143366997338 -0.028621873310907337 0.00287119971792819 -0.049163770445395404 0.12733898851479272 -0.02142866097381128 0.0006626776046555179 0.03375606641660029 -0.041239197599333172 0.041975336687818929 -0.03179250931413867 0.13841221438634854 -0.0076008878277014427 -0.015066233229260427 0.044735827073543399 0.0040803343401155153 0.087614926165715729 -0.0026904820353475128 0.058978322191142921 -0.00322308391952647 0.15190876590470001
leaf_weight=34232.906973950565 18.004782497882843 8327.2110365331173 15.666653946042059 167.38402491807938 6.244249388575553 556.97721928358078 154.51968292891979 4.8412499427795472 5.6363714933395377 5.9925612211227399 3.9847281873226166 15.779080495238302 5.7709033191204062 6.4299965053796821 6.6765790730714789 6.7030699104070655 7.4718228727579117 3.9335289001464835 8.209463760256769 5.7502123415470114 4.6088612079620352 237.52886717021465 17.411859855055809 28.704140469431877 730.65057983994484 4.5289151668548593 8.6035780757665616 7.5413449704647064 8.63164274394512 4.1182543486356735
leaf_count=182613 95 44530 84 900 32 3005 823 25 29 32 22 84 31 34 36 36 40 21 43 31 24 1267 93 153 3899 24 46 40 46 22
internal_value=-3.78519e-06 -0.00062757 0.00321583 -0.00108468 -0.00552675 -0.00342492 0.00481116 0.00228994 0.0372191 -0.00662189 0.0429655 0.0200614 -0.00259951 0.0196253 0.0341763 0.052194 0.0770409 0.0037839 0.00633184 0.0430677 0.0766495 -0.0032891 0.0171741 0.034374 0.00545702 0.0259474 0.0423713 0.0579914 0.0280368 0.091802
internal_weight=44618.4 10385.5 1103.89 9281.62 954.412 787.028 220.073 213.829 26.2567 566.955 9.97729 20.6203 187.572 33.0524 27.2815 20.6049 13.9018 1085.89 798.31 18.5685 12.8183 287.578 50.0495 32.6377 779.741 49.0904 33.4237 24.8202 13.1606 11.6596
internal_count=238160 55547 5888 49659 5129 4229 1170 1138 138 3059 54 109 1000 177 146 110 74 5793 4259 98 67 1534 267 174 4161 262 178 132 70 62
is_linear=0
shrinkage=0.05


Tree=123
num_leaves=31
num_cat=0
split_feature=135 127 123 66 142 100 117 25 98 38 56 0 108 84 135 62 126 28 34 124 94 124 95 144 131 143 86 123 102 119
split_gain=2.10814 6.36761 7.52286 6.90987 6.3405 6.18312 6.16549 11.3626 8.11405 11.5857 7.94257 8.56657 9.58835 8.389 8.25283 8.04323 8.39268 11.3444 10.487 7.8313 12.8407 11.2625 9.93862 7.63669 12.5905 7.63295 7.07486 6.73804 10.7158 8.83505
threshold=17.325000000000006 -4.4999999999999991 7.5000000000000009 3.5000000000000004 10.500000000000002 -4.5999999999999988 238.50000000000003 2.5000000000000004 4.9000000000000012 3.5000000000000004 7.5000000000000009 789.50000000000011 1.0000000180025095e-35 1.5508054040544847 16.125000000000004 19.500000000000004 11.500000000000002 3.5000000000000004 13.500000000000002 3.5284486391322702 0.24512653667602108 1.3415579563836071 0.11817638467227622 58.500000000000007 288.50000000000006 11.500000000000002 1.3873863542433762 2.4500000000000006 29.500000000000004 0.3531347036427373
decision_type=2 2 2 2 2 2 2 2 2 2 2 2 2 2 2 2 2 2 2 2 2 2 2 2 2 2 2 2 2 2
left_child=1 2 4 -4 5 -1 8 -8 10 25 11 15 13 -13 -12 16 26 18 -18 20 21 -15 -23 24 -11 27 -7 28 -10 -30
right_child=-2 -3 3 -5 -6 6 7 -9 9 23 14 12 -14 19 -16 -17 17 -19 -20 -21 -22 22 -24 -25 -26 -27 -28 -29 29 -31
leaf_value=0.060772607744493556 6.1177130843320689e-05 0.023175801547659223 -0.040745441983626132 0.017376175216777916 0.062535533489987458 -0.027343415145172262 0.012970599781890619 -0.0066976831001673539 -0.05659981111494751 0.06969526456222444 0.0022822602393194982 0.0092083803853924354 -0.010754648498909426 -0.01400098660191303 0.077523559792852581 -0.039984431195464583 0.086838446113570555 -0.041475972368483022 -0.0049465306058587765 -0.0041643676130881328 0.11533021301867129 0.1147709387977246 0.035548197686283485 -0.019321803828298192 -0.016220182138933933 0.044706120696336428 0.0055272214358255481 -0.0092764875678085727 0.048343107241788197 0.002019402034362198
leaf_weight=3.923910677433013 43078.0517295748 25.061370983719826 22.367532745003704 6.6292864084243766 3.8266076147556296 25.796199545264244 81.129253774881363 773.99290600419044 5.3148262202739707 14.18343916535378 6.5230661034584037 55.187780320644379 28.057747915387154 8.4025409817695635 8.2584087252616865 13.685302928090094 8.7075563073158282 4.0347044467926017 4.8429252952337256 8.7832596004009229 5.9940116405487052 5.1584256291389492 17.023424372076988 6.2571322172880164 6.0973971188068381 7.4703336656093589 44.796921044588089 293.63388301432133 15.965570852160452 28.969941154122353
leaf_count=21 229824 130 126 37 20 141 431 4208 29 74 35 295 154 44 43 76 45 22 26 47 31 26 90 33 34 38 239 1602 84 155
internal_value=-3.807e-06 -0.0018215 -0.00223501 -0.0274576 -0.00174284 -0.00190879 -0.00207517 -0.00483167 0.00170749 -0.0028889 0.00878975 0.00651101 0.0150901 0.022302 0.0443196 -0.00432049 0.00121456 0.0321209 0.0540346 0.0382318 0.0484121 0.0352973 0.0539716 0.0289667 0.0438649 -0.00529497 -0.0064844 -0.00638117 0.0105374 0.0184782
internal_weight=44618.1 1540.08 1515.01 28.9968 1486.02 1482.19 1478.27 855.122 623.145 377.893 245.252 230.471 128.607 100.549 14.7815 101.864 88.1783 17.5852 13.5505 45.3617 36.5784 30.5844 22.1819 26.538 20.2808 351.355 70.5931 343.884 50.2503 44.9355
internal_count=238160 8336 8206 163 8043 8023 8002 4639 3363 2049 1314 1236 687 533 78 549 473 93 71 238 191 160 116 141 108 1908 380 1870 268 239
is_linear=0
shrinkage=0.05


Tree=124
num_leaves=31
num_cat=0
split_feature=105 125 17 92 78 78 134 102 84 80 135 78 77 114 132 97 118 118 2 17 135 122 86 130 58 75 85 55 93 131
split_gain=2.11502 5.46464 7.86996 8.37308 6.75047 9.95082 9.88787 12.1331 13.3952 9.85461 9.67313 10.5183 11.7907 9.77469 9.75196 9.63782 9.34119 11.4213 11.18 9.69952 9.33812 9.9255 9.32353 9.32856 9.01415 8.7028 11.3265 8.67665 8.01526 9.37075
threshold=1.0000000180025095e-35 1.5000000000000002 15.500000000000002 -11.799999999999999 43.326664737364716 52.145564605820887 5.5000000000000009 59.500000000000007 2.1083165307717238 1.0024937810560448 43.57500000000001 54.85435217018459 786.30000000000007 20.500000000000004 4.6898980087421087 6.9000000000000012 0.23118214930914474 0.20237931348170565 22.35704586813705 9.5000000000000018 19.975000000000005 2.8333333333333335 1.0024937810560448 -0.14018963676629023 0.17500000000000002 704.50000000000011 4.5000000000000009 9.5000000000000018 1.4000000000000004 355.50000000000006
decision_type=2 2 2 2 2 2 2 2 2 2 2 2 2 2 2 2 2 2 2 2 2 2 2 2 2 2 2 2 2 2
left_child=1 -1 3 -3 22 28 10 8 9 -8 11 12 20 -12 -15 25 17 19 -19 -11 -7 -22 -5 27 -16 26 -13 -24 29 -6
right_child=-2 2 -4 4 5 6 7 -9 -10 16 13 15 -14 14 24 -17 -18 18 -20 -21 21 -23 23 -25 -26 -27 -28 -29 -30 -31
leaf_value=-7.8883905146527307e-05 -0.00034922607127751818 0.057921221988531807 -0.050900169728470258 -0.0079788455924642739 -0.011543355267739724 0.086085798432288183 0.099607567904808972 -0.0030646311495280722 0.11826377473338015 -0.0053747339499934654 0.085572260703366029 -0.024981071973585525 0.0055848020686136337 -0.041228254037521991 0.096917611432005682 0.035711248648601042 -0.0061462214376845001 0.12140274762088588 0.0326503726506088 0.043260283523618256 -0.044622157527459419 0.034537631832258171 0.10044741246154838 0.0083948120231890754 0.014156900492432511 0.00080882523626458255 0.025372193604435794 0.0043736712989295972 0.0024223985759208762 0.06377777142504884
leaf_weight=17400.097158119082 22232.066650852561 6.654722034931182 7.0744499564170829 91.732887521386147 304.17584705352783 7.5186926275491706 3.9131106883287421 58.942396864295006 3.7771337181329718 22.881515175104141 6.1769462078809765 63.744552329182625 131.76618564128876 5.8379644751548794 4.2395106554031399 19.467151552438736 26.384117528796196 5.8399916291236869 9.0422389656305295 18.572761178016663 4.5006122291088095 32.959429502487183 5.3555676341056806 510.37250822782516 14.692758098244665 3402.5428909063339 13.540436819195746 4.187674880027771 195.40913145244122 4.1861703693866721
leaf_count=92578 119080 33 40 490 1620 40 21 316 20 123 32 342 700 31 22 103 141 31 48 98 24 174 28 2709 77 18085 72 22 1038 22
internal_value=-3.78946e-06 0.000339278 0.00179873 0.00187361 0.00179859 0.00110854 0.00197187 0.0145854 0.0260922 0.0220736 0.00146368 0.00122933 0.01313 0.0293007 0.0152682 0.000628241 0.0184058 0.0299043 0.067478 0.0164152 0.0352337 0.025027 0.00671763 0.00931064 0.0326895 0.000431977 -0.0161591 0.0582892 -0.00550025 -0.0105208
internal_weight=44617.7 22385.6 4985.49 4978.41 4971.76 4360.11 3856.34 149.353 90.4109 86.6337 3706.99 3676.04 176.745 30.9472 24.7702 3499.3 82.7206 56.3365 14.8822 41.4543 44.9787 37.46 611.649 519.916 18.9323 3479.83 77.285 9.54324 503.771 308.362
internal_count=238160 119080 26502 26462 26429 23180 20500 798 482 462 19702 19540 938 162 130 18602 441 300 79 221 238 198 3249 2759 99 18499 414 50 2680 1642
is_linear=0
shrinkage=0.05


Tree=125
num_leaves=31
num_cat=0
split_feature=132 34 75 120 99 46 86 93 63 82 50 84 130 132 69 135 5 93 127 119 45 69 82 73 144 124 62 101 119 76
split_gain=2.11017 10.4804 10.4872 8.04042 10.2478 10.3708 9.83651 9.17231 9.09732 8.43297 9.5453 8.22611 8.13376 14.2667 9.60694 9.76909 8.11032 9.92129 10.2564 9.85287 12.0705 9.79692 9.36227 9.66215 13.132 12.4971 10.8357 8.04728 7.98416 7.97029
threshold=5.924764150943397 23.500000000000004 682.83333333333337 0.55745683317377703 3.3000000000000003 2.5000000000000004 2.2858235352772929 -5.3999999999999995 -8.9999999999999982 2.0796464097514549 1.2250000000000003 1.8986832980505139 0.18073575478606324 5.9658094681472837 1.0000000180025095e-35 21.775000000000002 73.500000000000014 3.0000000000000004 -7.4999999999999991 0.49597067254976646 1.5000000000000002 -2.4999999999999996 1.8774751978191311 -0.052631578947368744 2.5000000000000004 0.99979989991591423 51.500000000000007 -0.59999999999999998 0.3531347036427373 28.778840935611772
decision_type=2 2 2 2 2 2 2 2 2 2 2 2 2 2 2 2 2 2 2 2 2 2 2 2 2 2 2 2 2 2
left_child=-1 2 28 9 -5 6 16 -7 -9 10 -4 -12 -11 -14 15 -15 17 22 -19 -18 -21 -22 23 -6 -25 -26 27 -27 -2 -23
right_child=1 -3 3 4 5 7 -8 8 -10 12 11 -13 13 14 -16 -17 19 18 -20 20 21 29 -24 24 25 26 -28 -29 -30 -31
leaf_value=0.00011115218875541338 0.04265581359617291 -0.034198915933236471 -0.032642878495596821 0.060806305754254546 -0.0069953643450407308 0.046717985577308538 0.046002570681502673 0.037814047303381858 -0.026996380918549352 0.0051492784042976658 -0.0017150636821783489 0.0051231555117674825 0.11648392204741989 0.10670114064027098 -0.020499147673134623 0.018717815359814902 -0.021904991236499347 0.047959038423092036 -0.034395690317637999 -0.028444411928758101 -0.039597634997434225 -0.025505949728143785 -0.03373904888786626 0.11380352729180132 -0.027768586168896926 0.025625776113314871 -0.016903970947074555 0.11381749633493417 -0.0066846327788712169 0.043979977756575465
leaf_weight=40132.781580448151 24.053958207368851 23.692822188138962 23.649928823113441 5.4097727984189978 62.793634712696075 4.8081268370151511 9.6947338134050351 5.6977941393852225 108.92611557245255 225.77614291012287 3205.5170510709286 509.72744861245155 4.3577428907156017 4.3227217942476335 9.7386150360107404 11.678733348846434 103.96707811951637 20.034365251660351 4.6599330753087989 18.450907751917839 5.5646105110645285 4.934378087520602 19.852801144123077 3.8485023975372341 10.332896694540979 4.8695659190416354 5.035217508673667 5.5173250883817637 12.439013451337813 25.217538326978683
leaf_count=214132 126 130 127 28 337 25 51 30 587 1210 17171 2735 23 23 52 62 557 107 25 100 30 27 107 20 56 26 27 29 66 134
internal_value=-3.79208e-06 -0.00103244 -0.000856282 -0.00107646 -0.00757609 -0.00844815 -0.00355419 -0.0209368 -0.0237747 -0.000377458 -0.000978432 -0.000776868 0.00840413 0.0328201 0.018656 0.0424861 -0.00518237 0.00372525 0.0324183 -0.0128963 0.00439452 0.0213589 -0.00258705 0.00410638 0.0276549 0.014782 0.0432911 0.0724716 0.0258376 0.0326086
internal_weight=44617.4 4484.57 4460.88 4424.38 429.615 424.206 304.773 119.432 114.624 3994.77 3738.89 3715.24 255.874 30.0978 25.7401 16.0015 295.079 136.944 24.6943 158.135 54.1674 35.7165 112.25 92.3971 29.6035 25.755 15.4221 10.3869 36.493 30.1519
internal_count=238160 24028 23898 23706 2303 2275 1633 642 617 21403 20033 19906 1370 160 137 85 1582 734 132 848 291 191 602 495 158 138 82 55 192 161
is_linear=0
shrinkage=0.05


Tree=126
num_leaves=31
num_cat=0
split_feature=118 28 91 142 56 131 82 116 139 86 132 32 76 57 132 80 144 74 73 84 86 77 84 2 85 44 2 131 131 57
split_gain=2.17725 7.04354 10.6691 8.63698 7.45041 7.14791 7.66012 7.01927 6.9531 9.51012 8.76982 8.67998 11.9474 17.661 14.6125 10.6803 10.6589 10.593 10.0687 9.72363 10.9813 9.31909 9.28375 9.20246 12.891 13.3771 12.5947 12.2542 9.8157 8.90004
threshold=0.34928583322414036 4.5000000000000009 1.5000000000000002 1.5000000000000002 4.5000000000000009 323.50000000000006 2.0554772405328605 153.50000000000003 1.0000000180025095e-35 2.307583690279023 5.9658094681472837 2.3777575842712761 69.071620769541184 0.22500000000000003 6.1679487179487191 1.3873863542433762 10.500000000000002 -4.4999999999999991 -0.49999999999999994 1.7392473673530084 0.85122108749997116 789.70000000000016 1.7521322513909965 24.786664722723192 4.1000000000000005 1.5000000000000002 24.267416422647763 264.50000000000006 388.50000000000006 0.12500000000000003
decision_type=2 2 2 2 2 2 2 2 2 2 2 2 2 2 2 2 2 2 2 2 2 2 2 2 2 2 2 2 2 2
left_child=-1 7 5 -4 -5 6 -3 8 11 -10 -11 12 -2 14 21 16 -15 -17 -19 23 -21 -14 -22 26 25 -25 28 -27 -13 -24
right_child=1 2 3 4 -6 -7 -8 -9 9 10 -12 19 13 15 -16 17 -18 18 -20 20 22 -23 29 24 -26 27 -28 -29 -30 -31
leaf_value=-0.00010874951661053415 -0.00060494860348778504 -0.015868766023259304 0.061048755733196063 0.03548892514671842 -0.015954216919342894 -0.039565411117574806 0.029090086557246955 -0.026158833946636192 0.0035938180206161671 0.033613876380837571 -0.02329363583708062 0.0011538767111514594 0.065705969207560194 0.044722717789167858 0.13617025242250613 -0.048996966322726293 -0.046936964059663203 -0.044891730176278323 0.033166185315779993 0.062860110701640701 -0.04089750696773204 0.017959058385869461 0.020333867515248249 -0.062394201767871554 0.015396217662644845 0.060969646104652123 -0.017190890009133316 -0.022154282501341601 -0.050009372458000571 -0.0091291407121340592
leaf_weight=40922.444402836263 165.46170337498188 73.902624413371086 7.5733283162116996 10.668954983353617 20.682193353772163 27.19455161690712 10.867463305592535 22.613315925002098 1455.9024301469326 45.289323136210442 7.9599253535270682 965.39872424304485 16.049527317285538 4.0118616819381741 3.9082556068897238 5.4948400557041159 15.146050900220869 4.6312662810087195 38.263450190424919 5.4091624915599814 21.440372735261917 28.132163062691689 27.486143738031387 11.448876336216928 180.29763036966324 6.6282364726066616 109.99725139141083 13.391706600785254 9.4663538485765439 379.91464439034462
leaf_count=218535 877 398 38 56 111 154 57 124 7717 235 42 5127 83 21 20 29 81 25 201 29 115 148 146 61 957 35 587 71 52 2028
internal_value=-3.80043e-06 0.00115864 -0.00942127 0.0131281 0.00155215 -0.0172606 -0.0101051 0.00160912 0.00178745 0.0043529 0.0251071 -0.000136853 0.00801247 0.0203428 0.0435011 0.00385549 -0.0277425 0.0163654 0.0247384 -0.00146032 -0.00793605 0.0353037 -0.00882903 0.000708445 0.0102424 -0.0192859 -0.00115259 0.00536653 0.00065706 -0.00714136
internal_weight=44617.1 3694.63 150.889 38.9245 31.3511 111.965 84.7701 3543.74 3521.13 1509.15 53.2492 2011.98 281.099 115.637 48.0899 67.5475 19.1579 48.3896 42.8947 1730.88 434.25 44.1817 428.841 1296.63 211.766 31.4688 1084.86 20.0199 974.865 407.401
internal_count=238160 19625 814 205 167 609 455 18811 18687 7994 277 10693 1485 608 251 357 102 255 226 9208 2318 231 2289 6890 1124 167 5766 106 5179 2174
is_linear=0
shrinkage=0.05


Tree=127
num_leaves=31
num_cat=0
split_feature=131 121 132 134 117 75 124 66 88 128 63 55 125 91 132 76 124 121 94 76 124 72 37 71 82 77 86 66 76 52
split_gain=2.1135 9.72364 8.41621 7.4908 7.14783 15.6364 14.6068 7.47143 9.57607 8.38051 7.64255 9.22749 7.64032 18.009 9.40978 9.39895 7.5596 7.23523 13.7055 10.6088 12.2648 11.3639 10.2599 11.9658 13.984 11.9615 11.498 9.57897 9.32189 11.842
threshold=274.50000000000006 15.500000000000002 5.0692049808429127 8.5000000000000018 280.50000000000006 905.83333333333348 1.9182192695337799 3.5000000000000004 3.1000000000000005 -26.499999999999996 -6.9999999999999991 9.5000000000000018 1.5000000000000002 0.59999999999999998 5.8365491651205943 61.154630907736298 2.4881864935237332 3.5000000000000004 0.20805490910860328 123.40628314129773 1.6968925532383385 2.5000000000000004 1.5000000000000002 -1.4999999999999998 1.9039392014169458 833.70000000000016 1.7392473673530084 4.5000000000000009 73.551191157758709 2.8250000000000006
decision_type=2 2 2 2 2 2 2 2 2 2 2 2 2 2 2 2 2 2 2 2 2 2 2 2 2 2 2 2 2 2
left_child=-1 3 -3 4 17 7 -7 8 9 -6 11 -11 14 15 -12 -14 -15 27 19 20 -19 -21 23 26 -25 -24 -22 -2 -20 -30
right_child=1 2 -4 -5 5 6 -8 -9 -10 10 12 -13 13 16 -16 -17 -18 18 28 21 22 -23 25 24 -26 -27 -28 -29 29 -31
leaf_value=-0.00021346494060174009 0.00064664338245684714 0.071187738411242971 -0.0090552409949899611 -0.019990263685992257 -0.039785468963322024 -0.00071003046813598099 0.12481802496976094 -0.039010858475135309 0.06386939870903674 -0.018957678874979959 -0.0063329778154292962 0.067527939273180723 -0.053291227584193759 0.027773219886649714 -0.039315215330896415 0.039235851136418018 0.12231837131318427 0.022739225201274599 -0.0018356624440237588 0.086743353992325023 -0.0081020968713211641 -0.00066031103863416164 0.020253818382595552 -0.040406937549273644 0.05225439824365033 -0.017632847908816685 0.072195327783099048 -0.0062031072412190467 0.056568401247217716 0.006240250766140024
leaf_weight=32539.477460354567 9841.0820361226797 8.9906438291072828 5.1335051208734503 44.385631948709488 20.783408924937248 5.2755538672208768 4.1330356597900391 22.003454804420471 4.5016407966613761 5.312562167644499 91.549534842371941 7.352663666009903 7.7362871319055575 4.2491954714059812 28.313046842813492 4.2537124902009964 4.2080788016319275 130.28818720579147 732.9118850082159 9.6918752342462522 14.410167142748834 6.0342465490102759 88.142774134874344 35.842116847634315 4.5935171991586676 27.281124547123909 6.4553222060203543 538.31782677769661 12.078204080462454 361.86544212698936
leaf_count=173725 52548 42 27 243 113 28 21 120 23 29 496 38 42 23 156 23 22 676 3877 50 76 32 465 190 24 144 34 2899 63 1911
internal_value=-3.81259e-06 0.000561053 0.042023 0.000512507 0.000588225 -0.0085627 0.0544323 -0.0115223 -0.00812923 -0.00999453 -0.0059471 0.0312506 -0.00930479 0.0189444 -0.0141238 -0.0204652 0.074816 0.000750702 0.0040855 0.0131518 0.0111001 0.0532058 0.00251938 -0.0140119 -0.0298805 0.0112991 0.0167402 0.000291387 0.00144192 0.00786583
internal_weight=44616.7 12077.2 14.1241 12063.1 12018.7 209.672 9.40859 200.264 178.26 173.758 152.975 12.6652 140.31 20.4473 119.863 11.99 8.45727 11809 1429.59 322.739 307.013 15.7261 176.725 61.3011 40.4356 115.424 20.8655 10379.4 1106.86 373.944
internal_count=238160 64435 69 64366 64123 1134 49 1085 965 942 829 67 762 110 652 65 45 62989 7542 1691 1609 82 933 324 214 609 110 55447 5851 1974
is_linear=0
shrinkage=0.05


Tree=128
num_leaves=31
num_cat=0
split_feature=131 6 117 15 98 116 73 20 76 128 0 144 35 127 78 132 132 62 62 130 144 86 95 88 130 97 88 62 95 32
split_gain=2.15392 5.6909 7.50823 9.40404 9.24939 8.90637 9.54397 13.4218 13.7746 10.0458 9.39263 10.1156 11.8011 8.74626 15.4732 10.3842 8.63273 8.51298 18.8563 9.71308 10.4305 9.89775 9.2389 9.08848 14.7206 8.19751 7.87878 7.86323 8.4446 7.76461
threshold=219.50000000000003 46.750000000000007 254.50000000000003 1.0000000180025095e-35 6.7000000000000002 121.50000000000001 -0.052631578947368293 9.5000000000000018 41.298369156289901 -13.499999999999998 909.50000000000011 69.500000000000014 7.5000000000000009 -10.499999999999998 53.413480970506036 4.6643192488262919 4.8624070317782291 69.500000000000014 6.5000000000000009 -0.097457187007675569 73.500000000000014 1.11579343065795 0.23418001991128704 -3.2999999999999998 -0.027998123328764331 4.7000000000000002 -4.4999999999999991 51.500000000000007 0.25321230608447526 3.0353410955005828
decision_type=2 2 2 2 2 2 2 2 2 2 2 2 2 2 2 2 2 2 2 2 2 2 2 2 2 2 2 2 2 2
left_child=1 -1 3 4 26 17 7 8 -7 13 11 12 -9 14 -8 -16 27 18 22 -19 21 -21 -4 -23 -25 -20 -3 28 -15 -10
right_child=-2 2 5 -5 -6 6 9 10 29 -11 -12 -13 -14 16 15 -17 -18 19 25 20 -22 23 -24 24 -26 -27 -28 -29 -30 -31
leaf_value=2.9157886561913213e-05 -0.00020231570164122811 0.066043808260514314 0.047309647505539676 -0.0020165412326480464 0.059045785294253798 -0.0030627901488014695 0.074287000578045756 -0.020312482928427397 0.038297948038127229 0.050471554433516919 -0.016363910664360902 -0.034659793823235356 0.079012823331093163 0.039769126104125967 -0.038301794420475245 0.036104014892383705 -0.061988911598660171 -0.027413156816733009 0.046429878541552422 0.10389894641033337 -0.044739595235276729 0.093465440494883881 -0.035179795659288179 0.060709221980531504 -0.023295561267150568 0.13177625333313478 0.0042302300109424559 -0.024827172987774811 -0.029960596712293765 0.10359325674938991
leaf_weight=8747.5268292799592 33636.051967561245 5.1794921457767478 7.4192183315753955 881.32420344650745 7.8338472843170157 9.3308026194572466 7.7346624583005932 4.2279350161552456 8.9160895645618456 7.5728581845760337 27.5390984416008 4.6771762669086447 10.21764589846134 12.092209920287134 11.979849651455881 7.7052347511053076 10.010256037116049 11.15415099263191 4.8176636695861799 4.6525485217571285 4.504178673028945 4.0328203141689327 6.2571386992931366 8.9310879856348091 12.533765837550158 6.7633581459522247 1091.4877051562071 37.592292815446854 6.7744102776050559 9.3040851056575757
leaf_count=46706 179607 26 39 4714 40 49 40 22 46 39 145 25 53 63 63 40 53 58 25 24 24 21 33 46 66 35 5777 197 36 48
internal_value=-3.82544e-06 0.000604223 0.00285741 0.00183533 0.00490889 0.0110834 0.00504144 0.0186682 0.0463406 -0.00492565 0.00232927 0.0292497 0.0499423 -0.00939386 0.0143665 -0.0091775 -0.0191954 0.026019 0.0493246 0.0131691 0.0262312 0.0368336 0.00956949 0.0245963 0.0116571 0.0962725 0.00452217 -0.0116081 0.0147314 0.0716408
internal_weight=44616.1 10980.1 2232.57 1985.83 1104.5 246.741 175.675 74.2128 27.551 101.462 46.6619 19.1228 14.4456 93.8889 27.4197 19.6851 66.4692 71.0659 25.2574 45.8086 34.6544 30.1502 13.6764 25.4977 21.4649 11.581 1096.67 56.4589 18.8666 18.2202
internal_count=238160 58553 11847 10557 5843 1290 919 388 143 531 245 100 75 492 143 103 349 371 132 239 181 157 72 133 112 60 5803 296 99 94
is_linear=0
shrinkage=0.05


Tree=129
num_leaves=31
num_cat=0
split_feature=144 116 132 128 3 27 125 71 126 124 99 53 120 127 80 89 77 111 60 78 112 59 117 83 73 6 144 47 74 86
split_gain=2.0874 8.40486 8.68892 10.4664 10.0944 12.9071 11.3305 19.16 10.4431 13.1019 9.86216 10.8717 10.3249 9.38651 9.22266 8.50889 7.79735 10.4827 7.43159 12.3869 8.91675 8.3857 7.93126 8.04744 10.681 9.59449 9.26646 7.75641 7.22596 9.52895
threshold=74.500000000000014 35.500000000000007 4.2323504983388718 -12.499999999999998 4.5000000000000009 5.5000000000000009 1.5000000000000002 -1.0000000180025095e-35 7.5000000000000009 4.8497352476802655 4.9000000000000012 5.4750000000000005 0.22061772689650835 -7.4999999999999991 1.4071067811865479 -0.8999999999999998 896.70000000000016 1.5000000000000002 0.47500000000000003 31.497931774703158 5.5000000000000009 0.22500000000000003 204.50000000000003 3.9000000000000004 0.10526315789473691 40.750000000000007 75.500000000000014 7.5000000000000009 1.0000000180025095e-35 1.8986832980505139
decision_type=2 2 2 2 2 2 2 2 2 2 2 2 2 2 2 2 2 2 2 2 2 2 2 2 2 2 2 2 2 2
left_child=-1 -2 3 4 8 6 7 -6 -3 10 12 -12 -10 -13 -7 -9 18 -18 22 20 -20 -21 -4 24 26 -26 -24 -25 29 -29
right_child=1 2 16 -5 5 14 -8 15 9 -11 11 13 -14 -15 -16 -17 17 -19 19 21 -22 -23 23 27 25 -27 -28 28 -30 -31
leaf_value=5.1080046327420489e-05 -0.046492242425347184 -0.018011618292713135 -0.010960680845132756 0.076707639410211331 0.0011636084102041526 -0.039524802555891247 -0.0043045195423984982 0.042109087042943243 -0.022966509946068841 -0.040308536446069299 0.097443371736937956 0.045229840802730771 0.053752791434239139 -0.041855478711645973 0.027575512492895311 0.13315461518404167 0.081146466840812934 -0.0083219861994353588 0.062325929736554021 -0.030959061236928639 -0.027550165312313021 -0.0086790835674076285 0.10583483992012002 -0.051692326495986964 0.051188410157268882 -0.050322987645972789 0.025723423043414753 0.011173315652698048 -0.00570192295171882 -0.016367240533672691
leaf_weight=43494.64008770138 10.57803228497505 51.457953929901123 149.75969940423965 5.5290989577770224 6.6611570119857832 9.5578575134277362 7.1523306965827933 3.6361846029758498 14.94935165345669 9.4207888543605787 7.2647711187601116 12.907537966966631 6.2060674726963034 4.0698896646499625 11.031219422817228 8.7212161272764153 6.3163800537586194 6.7970506995916367 9.607644394040106 50.958435624837875 3.8718049228191367 246.64292433857918 5.7619202286005047 6.95730997622013 3.795182600617407 6.0200594812631607 9.6635252088308317 213.84789282083511 195.19230304658413 36.814997747540474
leaf_count=232122 59 278 820 29 36 53 38 19 81 51 38 69 33 22 58 46 32 36 50 277 21 1335 30 38 20 32 51 1143 1045 198
internal_value=-3.82881e-06 -0.002134 -0.00171149 0.00912517 0.00668346 0.026043 0.049343 0.0695183 -0.00183444 0.0133511 0.0244863 0.0462566 -0.000460449 0.0243534 -0.00357378 0.106364 -0.00351644 0.0347725 -0.00405121 -0.0103707 0.0365101 -0.0124941 -0.000919918 0.00222555 0.0297026 -0.0110724 0.0556477 0.000693928 0.00151138 0.00712842
internal_weight=44615.8 1121.15 1110.57 158.565 153.036 46.76 26.1709 19.0186 106.276 54.8184 45.3976 24.2422 21.1554 16.9774 20.5891 12.3574 952.007 13.1134 938.894 311.081 13.4794 297.601 627.813 478.053 25.2407 9.81524 15.4254 452.813 445.855 250.663
internal_count=238160 6038 5979 851 822 250 139 101 572 294 243 129 114 91 111 65 5128 68 5060 1683 71 1612 3377 2557 133 52 81 2424 2386 1341
is_linear=0
shrinkage=0.05


Tree=130
num_leaves=31
num_cat=0
split_feature=135 135 116 2 61 89 124 117 75 75 101 92 124 43 61 78 132 59 79 116 138 70 144 58 75 88 35 84 24 116
split_gain=2.07501 8.37154 10.7206 13.8237 12.7642 16.872 12.3836 11.6449 11.078 9.93506 9.59988 9.44828 9.79471 17.0162 10.4323 9.78718 9.67186 9.53371 10.195 9.26434 11.5605 12.6577 12.3698 12.4062 10.1493 10.0667 9.80914 9.08258 8.82454 8.57221
threshold=27.425000000000001 26.525000000000002 141.50000000000003 21.392463624963153 -132.49999999999997 1.9000000000000001 1.7320123154123976 281.50000000000006 851.50000000000011 816.83333333333337 -1.3999999999999997 1.4000000000000001 0.80824829046386315 2.5000000000000004 13.500000000000002 50.328918001570869 4.6736912156166825 0.37500000000000006 4.1000000000000005 130.50000000000003 2.5000000000000004 2.5000000000000004 57.500000000000007 0.32500000000000001 833.50000000000011 -2.2999999999999998 9.5000000000000018 0.90825756949558412 5.5000000000000009 125.50000000000001
decision_type=2 2 2 2 2 2 2 2 2 2 2 2 2 2 2 2 2 2 2 2 2 2 2 2 2 2 2 2 2 2
left_child=1 -1 7 4 -4 -6 -5 9 10 -3 -8 15 13 -13 -14 16 -11 27 -19 20 22 24 29 -24 -22 -21 -26 28 -17 -16
right_child=-2 2 3 6 5 -7 8 -9 -10 11 -12 12 14 -15 19 17 -18 18 -20 25 21 -23 23 -25 26 -27 -28 -29 -30 -31
leaf_value=4.1265067216320142e-05 -0.00043148269467218155 -0.0012338366265651057 -0.021173659065589243 -0.013240101277501515 0.040010218864153471 0.14684801298815359 -0.0076885261845051388 0.055167700673963718 -0.021793319869249834 -0.0029901695336544349 0.056676436020962062 0.092190826250087288 -0.01930043982366066 -0.039801662585176589 -0.019372753790946093 0.095414818340192137 0.032300064664638618 0.025131599982983779 -0.044362421199903662 0.040950656535394446 -0.0295026030241143 0.11996430526119919 0.016345434995455748 0.11189280031904425 0.11195225955625805 -0.037509257947723584 0.00044942904522595161 0.007476009150130589 -0.0023019549813000765 0.034594367351045256
leaf_weight=25561.488671720028 17340.618572928011 877.22413368523121 4.2658682763576534 32.45715406537056 11.030753448605539 5.5569705963134757 7.5640526115894309 10.505338177084921 8.7579784840345365 25.590478286147118 24.742331594228745 6.7491170763969404 76.915859401226044 3.8259489238262177 43.306785389780998 5.8152064532041532 80.456281319260597 7.5870981812477138 17.337361663579941 5.0890895575284985 5.4047178775072116 4.543148696422576 18.036649331450466 4.185795620083808 4.1834355890750885 20.786597445607185 3.7319873869419098 384.97785107791424 3.8335307389497757 8.8643889874219877
leaf_count=136225 92880 4663 22 172 56 28 40 54 46 134 127 33 410 21 231 30 418 40 91 27 29 24 96 22 22 112 20 2020 20 47
internal_value=-3.83496e-06 0.000268052 0.00365154 0.0200328 0.0559639 0.0758014 0.00984133 0.00269661 0.0280848 0.00235391 0.0416064 0.00665801 -0.00242882 0.0444373 -0.00496979 0.0102129 0.0237841 0.00678268 -0.0232082 0.00436086 0.0117763 0.0478963 0.00310327 0.0343426 0.0233158 -0.0220782 0.0593806 0.00867689 0.0565911 -0.0102032
internal_weight=44615.4 27274.8 1713.33 94.3751 20.8536 16.5877 73.5215 1618.95 41.0644 1608.45 32.3064 731.221 205.624 10.5751 195.048 525.598 106.047 419.551 24.9245 118.133 92.2569 17.8633 74.3936 22.2224 13.3201 25.8757 7.91542 394.627 9.64874 52.1712
internal_count=238160 145280 9055 491 106 84 385 8564 213 8510 167 3847 1094 54 1040 2753 552 2201 131 630 491 95 396 118 71 139 42 2070 50 278
is_linear=0
shrinkage=0.05


Tree=131
num_leaves=31
num_cat=0
split_feature=132 132 64 113 44 96 25 2 61 2 89 96 20 101 57 119 81 124 120 45 26 72 123 74 25 123 108 62 127 80
split_gain=2.07242 10.6922 14.0343 11.6327 15.1424 13.9301 10.8496 10.1262 16.9289 8.7733 8.45593 8.35639 8.49281 8.06313 8.23882 13.8421 11.5393 15.6486 15.122 12.7271 11.8213 13.3698 11.7439 9.70594 10.8561 17.0131 13.3564 13.2016 13.8159 9.70928
threshold=4.4891252955082752 4.4512966476913354 7.0000000000000009 12.500000000000002 2.5000000000000004 5.5000000000000009 7.5000000000000009 26.175131170444384 42.500000000000007 17.447168712188315 4.3000000000000016 3.3000000000000003 12.500000000000002 -0.99999999999999989 0.37500000000000006 0.25990678495038883 5.1000000000000005 1.9493318685965375 0.43443969541715655 3.5000000000000004 6.5000000000000009 1.0000000180025095e-35 6.1000000000000005 -2.4999999999999996 4.5000000000000009 3.5500000000000003 1.0000000180025095e-35 -30.499999999999996 -10.499999999999998 1.4576885375750017
decision_type=2 2 2 2 2 2 2 2 2 2 2 2 2 2 2 2 2 2 2 2 2 2 2 2 2 2 2 2 2 2
left_child=1 -1 6 4 5 -4 7 9 -9 -3 11 -11 13 -13 16 -16 18 19 -15 -18 22 -22 23 -19 25 -25 27 28 -26 -29
right_child=-2 2 3 -5 -6 -7 -8 8 -10 10 -12 12 -14 14 15 -17 17 20 -20 -21 21 -23 -24 24 26 -27 -28 29 -30 -31
leaf_value=-0.00039738435245617078 -9.6407249798002704e-05 0.058002895334310446 -0.0058788396608621812 0.0038785245089797979 0.077304133662687513 0.080218889351224829 -0.022451925834300272 0.0080990972632787143 0.10309966675336908 0.069411470363005059 0.078409710036241739 -0.0051329683132738738 -0.02492316263025722 -0.0038348362121643368 0.0095223767933630323 0.090540764765617676 -0.013880860665595095 -0.00098001472331235031 0.071835719300947648 0.062273633638986831 0.069519263571272694 -0.025348725359279164 -0.0099454436737563944 0.095735995234203758 -0.055059700057852982 0.0031462455460256004 0.12632729748448454 0.025603641563801224 0.056783557419024168 0.11676053970228915
leaf_weight=2337.0047217607498 41549.970750778913 7.5825234800577155 17.320491120219234 30.993863850831985 19.053452327847481 6.4465334713459006 36.053447410464287 14.044275760650637 7.040072798728942 4.7544489055871955 3.7808662652969351 164.04533362388611 26.273998856544495 204.21446301043034 15.731599539518358 7.9292203038930884 47.948641523718834 9.9038851857185346 6.8228904902935019 6.1951510459184638 4.7536864429712322 16.978375613689423 11.425986170768736 6.7687557935714748 4.4449010044336319 18.580155253410339 8.2827744483947736 4.3262638747692153 7.2895525246858561 8.9936798661947233
leaf_count=12499 221782 40 93 164 101 34 192 75 37 25 20 877 140 1089 84 42 254 53 36 33 25 91 61 36 24 99 44 23 39 48
internal_value=-3.85276e-06 0.00125085 0.0065421 0.0272092 0.0440962 0.0174742 0.00421008 0.00576523 0.0398198 0.00456257 0.00387513 0.00339395 0.00285363 0.00416947 0.00807643 0.0366733 0.00623241 0.016549 -0.00138839 -0.00516724 0.028105 -0.00459724 0.0369868 0.044805 0.0525317 0.0278699 0.071284 0.0530872 0.0144184 0.0871531
internal_weight=44615 3064.98 727.979 73.8143 42.8205 23.767 654.165 618.112 21.0843 597.027 589.445 585.664 580.909 554.635 390.59 23.6608 366.929 155.892 211.037 54.1438 101.748 21.7321 80.016 68.59 58.6861 25.3489 33.3372 25.0544 11.7345 13.3199
internal_count=238160 16378 3879 392 228 127 3487 3295 112 3183 3143 3123 3098 2958 2081 126 1955 830 1125 287 543 116 427 366 313 135 178 134 63 71
is_linear=0
shrinkage=0.05


Tree=132
num_leaves=31
num_cat=0
split_feature=138 43 130 124 37 84 61 127 73 91 15 89 85 135 85 32 87 119 9 66 85 32 82 130 88 131 78 2 116 86
split_gain=2.04503 6.56988 9.55315 8.08934 8.98814 8.76512 7.61536 7.38681 9.48676 7.36739 11.5722 8.8334 6.78336 9.4925 8.01198 7.63246 7.52687 7.29141 9.99531 11.334 8.94671 9.35318 7.87275 7.00505 11.4147 9.90324 7.65797 7.97127 10.2238 11.3504
threshold=4.5000000000000009 2.5000000000000004 -0.12539269660659333 4.6989283390996794 2.5000000000000004 1.4230151867921765 -272.99999999999994 -14.499999999999998 -1.0000000180025095e-35 -2.2999999999999998 1.0000000180025095e-35 2.1000000000000005 3.9000000000000004 24.025000000000002 4.3000000000000016 3.1780060150871656 255.50000000000003 0.30640610258449946 4.5000000000000009 3.5000000000000004 4.9000000000000012 4.070704687894203 1.4576885375750017 0.059039096292352732 -2.8999999999999995 197.50000000000003 76.793489207996188 20.720490744168881 126.50000000000001 1.1509860240645577
decision_type=2 2 2 2 2 2 2 2 2 2 2 2 2 2 2 2 2 2 2 2 2 2 2 2 2 2 2 2 2 2
left_child=-1 2 -2 9 5 -5 -4 8 -8 10 -3 -12 13 15 -14 -9 17 23 19 20 22 -22 -19 24 -16 -26 27 -27 29 -29
right_child=1 3 6 4 -6 -7 7 12 -10 -11 11 -13 14 -15 16 -17 -18 18 -20 -21 21 -23 -24 -25 25 26 -28 28 -30 -31
leaf_value=2.7999211090085015e-05 0.063066911025885894 -0.026686209678478019 0.040872185407893197 -0.011840096231148792 -0.039722399404223764 0.086203438990173922 0.069389363923860636 -0.0034901813564161481 -0.012682771734453275 -0.022552596986254017 0.098936723029014267 -0.0027175616621794179 -0.034895799324080871 -0.04316478449692579 0.065903909180399747 0.062670054087506685 0.063632574773881068 0.044307596300213269 -0.0084040384662855787 -0.038085963322031915 0.081515780378283872 -0.0094700980571623683 -0.044949224943973388 -0.031893874775362534 0.039902485848058514 -0.044646696816192148 -0.041025292488839252 0.062105142430562248 0.064871145641634584 -0.039865782872995539
leaf_weight=44222.0750092417 6.0439862310886374 9.1932578235864639 10.648598000407217 3.6494107693433744 3.9896286576986304 6.0732956230640411 7.8643845766782761 7.0694219619035783 6.3753446936607343 97.567914023995399 4.8195537477731705 3.8395903557538986 23.343821793794632 4.5736501514911643 5.2954674363136283 11.370922833681105 4.0457053780555716 5.3177480548620242 49.623846918344498 5.5123862624168387 13.522955536842348 3.5702975392341605 4.6140811443328857 36.359966695308685 8.2779019773006421 7.7826867848634746 22.225067719817162 3.8318619430065182 6.7915813475847235 9.4814192503690702
leaf_count=235996 31 53 52 20 23 31 40 38 34 549 26 20 134 26 29 58 20 28 278 31 68 20 25 209 43 46 124 20 36 52
internal_value=-3.89985e-06 -0.00359629 0.000930856 -0.0128356 0.0234717 0.0494029 -0.000527594 -0.00231349 0.0326444 -0.017149 0.0123828 0.0538617 -0.00445351 0.0213141 -0.00728282 0.0373064 -0.00382198 -0.00531973 0.00571747 0.0272546 0.0405823 0.0625114 0.00284109 -0.0143839 -0.00438697 -0.0107617 -0.0191307 -0.00168173 0.0149502 -0.0105163
internal_weight=44614.8 392.676 263.543 129.133 13.7123 9.72271 257.499 246.851 14.2397 115.42 17.8524 8.65914 232.611 23.014 209.597 18.4403 186.253 182.207 82.1613 32.5375 27.0251 17.0933 9.93183 100.046 63.686 58.3905 50.1126 27.8875 20.1049 13.3133
internal_count=238160 2164 1442 722 74 51 1411 1359 74 648 99 46 1285 122 1163 96 1029 1009 450 172 141 88 53 559 350 321 278 154 108 72
is_linear=0
shrinkage=0.05


Tree=133
num_leaves=31
num_cat=0
split_feature=121 144 53 51 39 114 32 88 9 87 49 143 123 10 15 95 78 135 61 73 94 53 74 127 6 52 135 7 2 130
split_gain=2.04979 2.3123 5.49295 5.03387 7.83495 8.67644 8.12918 7.21046 3.15695 2.81274 2.48045 2.33369 9.86631 11.9727 9.86259 11.7704 9.45411 10.0085 9.7269 9.59358 8.60998 9.42836 14.6175 12.5477 12.6012 7.89052 6.89699 6.61011 8.00243 9.83804
threshold=28.500000000000004 78.500000000000014 5.9750000000000005 1.8750000000000002 1.5000000000000002 20.500000000000004 3.3934103727283289 -0.29999999999999993 5.5000000000000009 -6.8333333333333135 16.500000000000004 13.500000000000002 3.1000000000000005 5.5000000000000009 1.0000000180025095e-35 0.21942542447789973 82.078986312347965 22.625000000000004 -61.499999999999993 -0.47368421052631565 0.10575717606561581 5.4250000000000016 -2.4999999999999996 -8.4999999999999982 38.750000000000007 3.7750000000000004 23.725000000000005 3.5000000000000004 23.975821131146709 -0.076957413835618743
decision_type=2 2 2 2 2 2 2 2 2 2 2 2 2 2 2 2 2 2 2 2 2 2 2 2 2 2 2 2 2 2
left_child=1 11 3 8 9 -6 7 -7 -3 -5 -4 -1 13 16 15 -15 19 -18 -19 -13 -14 22 -22 -24 -25 27 -26 -23 -29 -30
right_child=-2 2 10 4 5 6 -8 -9 -10 -11 -12 12 20 14 -16 -17 17 18 -20 -21 21 25 23 24 26 -27 -28 28 29 -31
leaf_value=3.4014336322042383e-05 0.025664579341129076 -0.0072193609530465212 -0.014823774436410066 0.0040712700549784065 -0.039034897168281485 0.026702884109545574 -0.013949444971496777 0.11230292006501273 -0.063266238531563795 -0.054452958215179495 -0.062088321517590431 0.057036162849270114 0.053404069943045987 0.1221006447402605 0.004041359938001656 0.026354220718282518 -0.026445893103669984 0.11841917432736103 0.016620466666643071 -0.025791640463842941 -0.066866475069649586 0.0031028267417280795 -0.014593103753748449 0.12418433506787684 -0.010417415485183459 0.030054126361494717 0.07796204882314689 -0.027588283749842402 -0.013547858658416817 0.045527463804070502
leaf_weight=44241.874049589038 7.7763244658708564 5.8939574509859067 4.9203443080186826 3.5893568247556686 3.6524377465248135 4.6773557364940626 3.8486917316913596 5.1897027194499969 4.3793153017759323 4.796636104583742 6.3690713495016098 3.9545884430408469 5.4046718776226035 5.9944758266210556 9.668400913476944 6.9098450839519501 4.8211458623409262 4.2346940934658042 5.262797698378562 30.145487517118454 4.3299228101968792 36.940780162811279 8.5389740467071569 5.1897237598896 5.2841216474771482 9.7294330149888975 3.7913362383842468 115.37405616044998 43.105359688401222 8.4249617308378202
leaf_count=236177 38 33 28 21 21 25 22 26 27 28 41 20 29 30 50 36 25 21 27 159 23 195 45 27 28 51 20 613 229 45
internal_value=-3.87619e-06 -8.35103e-06 -0.0110556 -0.00151921 0.0102849 0.029448 0.0476846 0.0717253 -0.0311112 -0.0294035 -0.0414887 3.37996e-06 -0.00427067 0.0121507 0.0422238 0.0708315 -0.00186926 0.0322265 0.06201 -0.0161861 -0.00900743 -0.0104088 0.0173538 0.033345 0.0620403 -0.0139359 0.0265037 -0.0160356 -0.0202714 -0.00388933
internal_weight=44614.1 44606.3 47.3169 36.0275 25.7542 17.3682 13.7158 9.86706 10.2733 8.38599 11.2894 44559 317.105 70.9914 22.5727 12.9043 48.4187 14.3186 9.49749 34.1001 246.113 240.709 27.1341 22.8042 14.2652 213.575 9.07546 203.845 166.904 51.5303
internal_count=238160 238122 272 203 143 94 73 51 60 49 69 237850 1673 368 116 66 252 73 48 179 1305 1276 143 120 75 1133 48 1082 887 274
is_linear=0
shrinkage=0.05


Tree=134
num_leaves=31
num_cat=0
split_feature=122 32 116 71 99 123 135 55 132 85 95 112 130 38 100 133 125 86 9 77 82 65 124 93 135 93 102 23 135 77
split_gain=2.02668 6.97275 5.79228 6.79339 3.36539 2.47677 7.29357 11.7682 10.5786 10.3548 9.4973 8.92012 9.24297 8.02777 11.8159 8.73786 13.3397 11.8092 12.5769 10.581 9.82937 9.40341 8.68256 8.6456 9.18766 8.54931 10.0977 13.4645 9.62509 10.8131
threshold=14.500000000000002 3.6059353145847917 124.50000000000001 -1.4999999999999998 4.9000000000000012 7.1000000000000005 38.275000000000006 10.500000000000002 5.1438923395445144 6.3000000000000016 0.26693597568629501 1.5000000000000002 -0.029178113502799623 3.5000000000000004 -1.7999999999999998 8.5000000000000018 1.5000000000000002 1.2825740526765415 6.5000000000000009 779.50000000000011 1.6867121281243425 -1.0000000180025095e-35 4.8497352476802655 7.0000000000000009 25.225000000000005 1.0000000180025095e-35 14.500000000000002 2.5000000000000004 19.275000000000002 803.30000000000007
decision_type=2 2 2 2 2 2 2 2 2 2 2 2 2 2 2 2 2 2 2 2 2 2 2 2 2 2 2 2 2 2
left_child=5 2 3 -2 -5 -1 13 8 9 10 11 12 -8 25 -15 16 20 18 19 -17 21 -16 -21 -19 -25 -7 27 -27 29 -28
right_child=1 -3 -4 4 -6 6 7 -9 -10 -11 -12 -13 -14 14 15 17 -18 23 -20 22 -22 -23 -24 24 -26 26 28 -29 -30 -31
leaf_value=-7.236504661662369e-05 0.047944824190735591 0.045799854625445495 -0.063527230872188728 0.0024966640225367329 -0.061989261232321007 0.003227019810009675 0.11456198518027896 -0.017062584999809866 -0.0075768434236463574 0.10278716964488287 0.074444727960079712 0.011412751038043565 0.012824257685590888 -0.02403510048573405 -0.0076140468508668043 0.08143591897845659 0.010967062951512152 -0.0093182313222932665 0.11468478317641158 0.049794152873158797 0.10570832770249466 0.068673461732203553 -0.035519697263374526 -0.0027005198467569009 0.10171056507558292 0.066577629800005797 -0.037752353085345601 -0.022433632270146289 0.0008663433514275766 -0.0013997011741668621
leaf_weight=42802.070157214999 3.898173555731776 3.9284450113773337 7.0013065934181204 3.7476494908332842 4.3970657736063004 803.45560611784458 4.5980137884616852 25.655266091227531 25.003902718424797 4.5714958310127249 8.6654394119977933 56.57763959467411 4.3393881469964963 21.15298730134964 6.8148037344217345 5.0183594822883668 34.689248219132423 65.26912222802639 4.3505340963602057 4.7128575146198264 7.75291883945465 9.9185616672039032 8.1216082870960218 4.6852799355983716 3.8286560922861099 4.436339244246482 36.819416418671608 100.3651210963726 491.80979259312153 46.027672424912453
leaf_count=228506 21 21 43 23 29 4271 23 135 132 22 44 296 23 114 37 26 185 349 22 25 40 52 44 25 20 23 200 538 2622 249
internal_value=-3.83795e-06 -0.0148511 -0.0273622 -0.0063371 -0.0323172 3.81118e-06 0.0018267 0.0132593 0.0207569 0.0297529 0.0252521 0.0187455 0.0651651 0.00093502 0.0110212 0.0158004 0.0309121 0.00648404 0.0384541 0.0198775 0.0591679 0.0376047 -0.00419217 -0.00313664 0.0442524 -0.000264206 -0.00439256 -0.0186657 -0.00178953 -0.0175558
internal_weight=44613.7 22.9726 19.0442 12.0429 8.14472 44590.7 1788.64 129.411 103.756 78.752 74.1805 65.515 8.9374 1659.23 176.315 155.162 59.1755 95.9864 22.2034 17.8528 24.4863 16.7334 12.8345 73.7831 8.51394 1482.91 679.458 104.801 574.657 82.8471
internal_count=238160 137 116 73 52 238023 9517 675 540 408 386 342 46 8842 939 825 314 511 117 95 129 89 69 394 45 7903 3632 561 3071 449
is_linear=0
shrinkage=0.05


Tree=135
num_leaves=31
num_cat=0
split_feature=122 117 116 128 81 5 120 49 75 124 45 32 130 6 94 93 123 6 95 122 116 105 84 132 85 137 18 115 143 130
split_gain=2.036 6.82975 19.7532 10.9043 11.6611 9.15081 9.85973 13.1216 8.30908 10.4428 9.43132 8.94769 8.21406 8.04617 8.95106 8.01218 7.90142 8.75527 8.50134 9.34549 7.87308 7.82251 7.74363 7.62778 9.6358 7.56949 7.59855 7.49866 7.43334 7.92405
threshold=4.166666666666667 132.50000000000003 98.500000000000014 -28.499999999999996 4.9000000000000012 68.500000000000014 0.091271186244922656 17.500000000000004 876.83333333333337 4.0305086050356271 1.0000000180025095e-35 3.9234362077052656 -0.13650473342118655 35.250000000000007 0.32117516385414041 1.8000000000000003 8.7750000000000021 41.750000000000007 0.16947391916124643 7.8333333333333348 106.50000000000001 1.0000000180025095e-35 1.1509860240645577 5.1781746031746048 5.7000000000000002 1.5000000000000002 10.500000000000002 56.500000000000007 13.500000000000002 -0.099635400131901433
decision_type=2 2 2 2 2 2 2 2 2 2 2 2 2 2 2 2 2 2 2 2 2 2 2 2 2 2 2 2 2 2
left_child=-1 3 -3 4 25 6 7 15 28 12 23 -12 -10 14 20 -5 -7 22 19 -19 -14 -17 -18 -11 -25 26 -2 -6 -4 -30
right_child=1 2 8 5 27 16 -8 -9 9 10 11 -13 13 -15 -16 21 17 18 -20 -21 -22 -23 -24 24 -26 -27 -28 -29 29 -31
leaf_value=0.00026749335711550676 0.081822137612093018 0.10222848628548825 -0.00030905542155331415 -0.024641741674188276 -0.021890812239563785 -0.0022511811786671047 -0.014211644183534287 0.034131580187123679 -0.026337106849467468 -0.030516581293942548 0.014424483266430499 -0.0086017285753658256 0.086076436049238744 -0.00043459737078590063 -0.013934416553647293 -0.020064934176660734 0.060570702035570093 0.084709217374238047 0.084454635142190954 -0.00035714286150288343 0.014341804089471706 0.047961197224554185 -0.0094832386128869788 0.061845040778676225 -0.023605342738289656 0.10256315803174837 -0.0095577904969341484 0.040873675010114088 -0.032457383432961694 -0.00361569799311847
leaf_weight=27117.028407655656 4.0148009955883008 4.7271458208560935 12692.825887218118 31.120914459228516 13.339494779706003 2652.5806477218866 301.07957702875137 26.757482662796974 27.211275771260262 24.763344347476959 378.63695734739304 47.480101898312569 3.929665431380271 901.78133845329285 29.461368039250374 7.5663610398769388 4.5489208102226248 4.2509052604436937 7.2305131256580344 13.426588013768194 143.55128055810928 9.5727014392614365 29.70068085193634 6.2156905978918058 7.0310273915529251 5.8832601606845847 5.2494904547929764 7.3979586511850348 36.574813157320023 68.261425033211708
leaf_count=144450 21 25 67989 168 71 14219 1621 143 145 132 2018 255 21 4824 158 41 23 22 38 72 765 51 161 33 38 31 28 39 196 362
internal_value=-3.82382e-06 -0.000424334 3.62107e-05 -0.00254333 0.02486 -0.0028618 -0.0101706 0.00604794 2.58827e-06 0.00343548 0.00973005 0.0118588 0.000793836 0.00147823 0.0112269 -0.00952288 -0.00184812 0.0162248 0.0387805 0.0200988 0.0162532 0.0179298 -0.000178902 -0.0141345 0.0164901 0.0582095 0.0300429 0.000500032 -0.00041857 -0.0136779
internal_weight=44613.2 17496.2 14372.5 3123.72 35.885 3087.84 376.097 75.0175 14367.7 1570.06 464.127 426.117 1105.93 1078.72 176.942 48.26 2711.74 59.1576 24.908 17.6775 147.481 17.1391 34.2496 38.0101 13.2467 15.1476 9.26429 20.7375 12797.7 104.836
internal_count=238160 93710 76961 16749 190 16559 2024 403 76936 8389 2476 2273 5913 5768 944 260 14535 316 132 94 786 92 184 203 71 80 49 110 68547 558
is_linear=0
shrinkage=0.05


Tree=136
num_leaves=31
num_cat=0
split_feature=126 0 121 6 144 5 85 115 117 123 122 113 124 11 130 57 107 62 136 119 123 17 99 75 95 2 143 80 138 57
split_gain=2.03893 8.76722 8.96734 8.66983 11.2496 8.00336 8.36248 7.9512 7.84148 9.93198 9.72364 9.24064 10.1185 8.4618 10.4048 9.51762 8.18031 7.83238 8.2204 7.79394 7.54782 10.6387 12.3086 10.3919 12.0815 14.1625 11.0354 10.0686 9.94162 11.4259
threshold=10.500000000000002 639.50000000000011 22.500000000000004 21.250000000000004 66.500000000000014 66.500000000000014 4.5000000000000009 42.500000000000007 244.50000000000003 4.5500000000000007 4.416666666666667 13.500000000000002 6.1806140090441621 5.5000000000000009 0.11623817219811571 0.27500000000000008 1.0000000180025095e-35 -211.99999999999997 1.0000000180025095e-35 0.17049777643016709 4.5500000000000007 5.5000000000000009 5.5000000000000009 877.50000000000011 0.18733772684965713 24.677064242541416 14.500000000000002 1.6263448702685814 1.5000000000000002 0.32500000000000001
decision_type=2 2 2 2 2 2 2 2 2 2 2 2 2 2 2 2 2 2 2 2 2 2 2 2 2 2 2 2 2 2
left_child=-1 3 20 4 -2 -5 7 -7 9 10 -8 12 13 -11 15 -15 -10 -18 -19 -14 21 22 -3 26 27 -26 -22 28 29 -25
right_child=1 2 -4 5 -6 6 8 -9 16 11 -12 -13 19 14 -16 -17 17 18 -20 -21 23 -23 -24 24 25 -27 -28 -29 -30 -31
leaf_value=0.00019268782307663555 -0.045911043116919577 0.0020500231392808744 0.047987093006303327 -0.0076728266098155381 0.044971456135866589 0.07303181278964431 -0.060047735957621452 0.022256670203867745 0.0062297912679660367 0.069732694007084969 0.010930753013468594 -0.039009175211558882 0.023364441706891302 0.033762223836957567 0.086304393908874844 -0.012093320866996956 -0.057896853840510458 0.056277509319511365 -0.042985291863643027 -0.050812531219527925 -0.00092124719462452227 -0.0040459651050377132 0.087786864952000276 -0.0069767549468956001 0.01145815470620697 -0.0078613848332160421 0.040360926377070047 0.0077309321925177719 -0.023169052006037874 0.046447021785161906
leaf_weight=33344.08240288496 14.736315831542017 10.932955965399744 9.4026453867554647 53.576182633638382 4.4281727969646445 9.2788466960191709 7.4865540564060238 45.610253289341927 50.625014275312424 14.252523511648176 13.573608458042143 5.5237371474504462 7.667203947901724 36.217038258910179 6.5394600182771674 16.45796374976635 11.703420013189318 4.0771203041076642 4.2703000903129578 6.5807198137044907 8034.8655874803662 1923.3918450921774 6.7834922522306433 63.503990307450294 568.35374511778355 113.86508239805698 16.221002608537674 106.98169556260109 90.034425690770149 11.880683109164236
leaf_count=177824 80 59 49 289 23 49 40 245 270 76 73 30 40 192 35 88 63 22 23 36 43028 10311 36 339 3024 608 86 574 485 63
internal_value=-3.81577e-06 -0.000585264 -0.000820838 0.00767121 -0.0249116 0.00979918 0.0137017 0.0308401 0.00861615 0.0167113 -0.014301 0.0237162 0.0276663 0.0351449 0.0268198 0.019435 -0.00447561 -0.031505 0.00549752 -0.0108958 -0.000862762 -0.00369071 0.034878 -0.00025322 0.00467932 0.00823365 -0.000838074 -0.00422236 -0.0119529 0.00144287
internal_weight=44612.9 11268.8 10956.2 312.604 19.1645 293.44 239.864 54.8891 184.975 114.299 21.0602 93.2386 87.7149 73.467 59.2145 52.675 70.6759 20.0508 8.34742 14.2479 10946.8 1941.11 17.7164 9005.71 954.62 682.219 8051.09 272.401 165.419 75.3847
internal_count=238160 60336 58662 1674 103 1571 1282 294 988 610 113 497 467 391 315 280 378 108 45 76 58613 10406 95 48207 5093 3632 43114 1461 887 402
is_linear=0
shrinkage=0.05


Tree=137
num_leaves=31
num_cat=0
split_feature=135 71 122 62 51 81 131 117 87 101 135 53 4 35 69 121 98 121 3 130 87 1 1 118 82 73 80 91 61 78
split_gain=2.05011 6.41543 9.53535 10.5555 9.80592 8.91886 7.93688 7.11275 6.82751 11.2735 9.6911 11.8858 11.3947 9.48888 9.44503 8.75139 17.355 9.27482 9.05455 13.3751 8.3934 12.4715 13.6669 14.7388 8.65971 8.04265 8.026 7.56806 7.2809 10.3843
threshold=41.675000000000004 -4.4999999999999991 2.1666666666666674 -151.49999999999997 1.7250000000000003 4.5000000000000009 220.50000000000003 227.50000000000003 -70.499999999999986 1.8000000000000003 44.275000000000006 5.9250000000000016 78.500000000000014 5.5000000000000009 -4.4999999999999991 4.5000000000000009 4.5000000000000009 2.5000000000000004 1.5000000000000002 0.04022720443319381 -54.833333333333307 34.675000000000004 36.875000000000007 0.28505350618559572 0.76467822247272699 -0.13157894736842093 1.3509142006662127 -0.49999999999999994 -85.499999999999986 128.14110250812962
decision_type=2 2 2 2 2 2 2 2 2 2 2 2 2 2 2 2 2 2 2 2 2 2 2 2 2 2 2 2 2 2
left_child=-1 2 3 -2 -4 7 -7 -6 10 14 11 -3 15 -12 -10 16 -13 18 -18 -20 25 -22 23 26 -24 -16 -23 -14 29 -15
right_child=1 8 4 -5 5 6 -8 -9 9 -11 13 12 27 28 20 -17 17 -19 19 -21 21 22 24 -25 -26 -27 -28 -29 -30 -31
leaf_value=5.3248733054794589e-05 0.10492550297495047 -0.021885457380157351 0.066542992276925977 0.0069047257260656664 -0.019957689171941535 0.020473748977964352 -0.035308873760712976 0.059038267014975755 0.057506207058601648 -0.017776246581601155 0.079677249327354191 -0.039277242144046542 -0.043236275051324387 0.0017210213947498462 -0.010737849657880889 -0.016088174226883623 -0.01460073739645691 0.089492615617541404 0.0038218973814708201 0.10801556716133226 -0.045274678831396659 0.061226873290920317 0.074852278220870691 0.078514010098934175 -0.00096573106557469818 0.046888357063594469 -0.0055396968797143042 0.027790983904257591 -0.023419702476097443 0.084314525066100349
leaf_weight=43382.756850846112 5.5101253986358643 166.71676014363766 5.6235378235578528 5.4760965555906278 4.3595063090324393 9.1454510092735308 21.062210217118263 8.2266752719879133 7.6026413440704337 79.835142731666565 3.7527610957622519 7.497913345694541 17.351630568504337 136.03780624270439 8.9209023118019122 15.824109628796576 7.804794490337378 8.6322108805179578 6.3682403117418271 5.9650700986385345 14.670741140842436 5.8485312759876278 3.7905078381299964 11.287740811705588 586.2692262083292 18.845819070935249 19.537529557943344 4.784488931298255 29.193107426166534 3.9151642620563498
leaf_count=231496 29 915 30 30 24 49 115 43 40 439 20 41 94 734 48 85 43 46 34 31 81 31 19 59 3175 100 104 26 159 20
internal_value=-3.82005e-06 -0.0020169 0.0140128 0.0560669 0.00447048 -0.00368647 -0.0184205 0.0316762 -0.00283045 -6.17782e-06 -0.00799392 -0.0144754 0.0021675 0.00103844 0.00209006 0.0149378 0.0284747 0.0461317 0.027545 0.0542157 0.00146046 0.000295348 0.00136206 0.0309785 -0.000478681 0.0283742 0.00984222 -0.0278845 -0.000706281 0.00403156
internal_weight=44612.6 1229.86 59.4036 10.9862 48.4174 42.7938 30.2077 12.5862 1170.45 756.609 413.844 240.945 74.2285 172.899 676.774 52.0923 36.2682 28.7703 20.1381 12.3333 669.171 641.404 626.734 36.6738 590.06 27.7667 25.3861 22.1361 169.146 139.953
internal_count=238160 6664 320 59 261 231 164 67 6344 4096 2248 1315 400 933 3657 280 195 154 108 65 3617 3469 3388 194 3194 148 135 120 913 754
is_linear=0
shrinkage=0.05


Tree=138
num_leaves=31
num_cat=0
split_feature=131 86 88 65 127 78 23 58 66 83 119 32 43 32 89 0 58 87 91 118 52 91 141 115 75 52 69 62 117 131
split_gain=2.00669 7.25978 13.3072 8.98334 7.75132 11.6777 14.6466 8.64262 9.30613 7.7388 9.28671 13.0161 12.5171 10.8581 8.9242 8.43113 14.5585 11.0356 10.4288 15.1115 10.3617 9.20375 9.60745 9.85282 11.0674 9.11183 8.36186 7.93915 11.0707 9.50126
threshold=340.50000000000006 2.263833086427903 -0.59999999999999976 -2.4999999999999996 -16.499999999999996 87.907905908804665 4.5000000000000009 0.22500000000000003 1.5000000000000002 4.3000000000000016 0.28484846409017822 2.2971732713262152 1.5000000000000002 2.1111758054474898 -2.6999999999999997 881.50000000000011 0.27500000000000008 58.500000000000007 2.1000000000000005 0.36854814540611691 3.0250000000000004 1.1000000000000003 2.5000000000000004 59.500000000000007 762.83333333333337 3.2750000000000004 3.5000000000000004 -180.49999999999997 122.50000000000001 361.50000000000006
decision_type=2 2 2 2 2 2 2 2 2 2 2 2 2 2 2 2 2 2 2 2 2 2 2 2 2 2 2 2 2 2
left_child=-1 4 3 -3 5 -2 -7 -8 -9 -6 11 12 -11 -14 -13 17 -17 18 27 -20 -19 22 25 -24 -25 -22 -16 28 -12 -30
right_child=1 2 -4 -5 9 6 7 8 -10 10 15 14 13 -15 26 16 -18 20 19 -21 21 -23 23 24 -26 -27 -28 -29 29 -31
leaf_value=5.3945120279605075e-05 -0.033407329560249339 0.0025644427967386114 -0.0018499944311000311 0.07562439308108887 -0.0116072022625421 -0.050386359342200315 0.087761767816699476 0.064996199822292752 -0.042378001513128004 0.13050947594113457 -0.044206142266622346 -0.031634293056571103 -0.040643867978675086 0.067980461413968477 0.0066549168204291 -0.02340807182205119 0.0075006408518167207 -0.018695439075272966 0.0083979589520075826 0.12283563679609069 0.067705221015814332 0.0049946452375751122 0.12520697276610912 0.083164113812897886 -0.025772661755863787 -0.0043546297342326274 0.056358914370659076 -0.0055491634302410947 0.0067732536447940228 0.054022512529894255
leaf_weight=43326.258564867079 45.748387336730957 6.4429284781217602 35.947255462408066 12.126411899924276 171.43714006245136 6.4036688357591656 5.7757616192102423 3.7833651453256589 4.3245361149311066 4.035371482372283 6.9223772287368766 14.483409777283667 3.7677662819623929 5.9080760031938553 163.23463425040245 108.12358841300011 58.823902249336243 15.627454251050947 10.70432488620281 3.9489944726228705 6.6634488850832012 27.222735270857811 5.7097189873456946 6.3066497743129712 3.6989822089672089 12.840552881360052 8.9243749976158124 480.59213924407959 29.921307235956192 16.510857850313187
leaf_count=231205 249 34 191 62 935 35 30 20 24 21 38 79 20 31 874 593 318 84 58 21 35 146 30 33 20 69 48 2608 161 88
internal_value=-3.82742e-06 -0.00195029 0.0159048 0.0502751 -0.00274074 -0.0194055 0.0121688 0.0410216 0.00772569 -0.00179646 -0.000104327 0.00951448 0.0565341 0.0256822 0.0060603 -0.00253266 -0.0125174 0.000127323 -0.00237569 0.0392383 0.0177161 0.0268289 0.0437057 0.0727983 0.0428913 0.0202643 0.00923147 -0.00351772 0.0147806 0.0235747
internal_weight=44612.2 1285.96 54.5166 18.5693 1231.44 66.0357 20.2873 13.8837 8.1079 1165.41 993.971 200.354 13.7112 9.67584 186.642 793.617 166.947 626.67 548.6 14.6533 78.0695 62.4421 35.2194 15.7154 10.0056 19.504 172.159 533.947 53.3545 46.4322
internal_count=238160 6955 287 96 6668 358 109 74 44 6310 5375 1073 72 51 1001 4302 911 3391 2974 79 417 333 187 83 53 104 922 2895 287 249
is_linear=0
shrinkage=0.05


Tree=139
num_leaves=31
num_cat=0
split_feature=102 53 124 24 89 107 53 78 118 67 99 44 123 100 144 47 60 119 75 131 91 117 142 47 61 50 132 136 128 100
split_gain=2.00706 8.51639 9.38647 10.694 10.4917 8.6038 10.1968 8.03072 7.80498 7.53265 7.20037 8.27631 12.8696 7.26129 8.49216 8.46108 7.56491 7.00011 6.88351 6.79366 17.3189 12.0229 9.49609 12.6876 10.4484 8.31249 8.23656 10.1532 9.64162 9.32382
threshold=63.500000000000007 5.9750000000000005 0.77416573867739435 6.5000000000000009 2.9000000000000004 1.0000000180025095e-35 6.1750000000000016 75.038923221379363 0.43118000158081998 -6.4999999999999991 5.7000000000000002 1.5000000000000002 2.5500000000000003 0.6000000000000002 59.500000000000007 9.5000000000000018 0.47500000000000003 0.54125186154202376 928.66666666666686 203.50000000000003 1.7000000000000002 232.50000000000003 8.5000000000000018 8.5000000000000018 -5.4999999999999991 1.675 6.227671451355663 1.5000000000000002 -12.499999999999998 -1.0000000180025095e-35
decision_type=2 2 2 2 2 2 2 2 2 2 2 2 2 2 2 2 2 2 2 2 2 2 2 2 2 2 2 2 2 2
left_child=-1 8 3 4 10 6 -5 -8 17 -4 11 -3 13 14 15 16 -13 18 19 20 -2 -21 23 24 -22 -23 27 28 -25 -30
right_child=1 2 9 5 -6 -7 7 -9 -10 -11 -12 12 -14 -15 -16 -17 -18 -19 -20 21 22 25 -24 26 -26 -27 -28 -29 29 -31
leaf_value=0.00017005914131230224 -0.00027715744196124933 -0.013234826429200347 -0.044285940054536434 0.019877874376045615 0.066552983610434102 -0.0019085625656921812 0.049574488442309245 0.14027991354605904 -0.023883516082345475 0.0013431208544874465 -0.034752651780578819 -0.015428546713410317 0.083680861656976802 -0.026147611883302408 -0.04164611051713199 0.08766203087711158 0.061735451267287425 -0.065326014429402154 -0.015316155683806643 -0.0045229100219394717 0.044585168143444931 0.00068125294754050355 -0.0082474368257156785 0.01945929893882235 -0.031182637082766768 -0.010810207429720262 -0.022656598289847833 0.071383508753754016 0.10234322445056253 0.025382669758205578
leaf_weight=35158.509714625776 856.08642636239529 25.90721832215786 9.0784609466791135 7.2869081795215669 6.9812580049037924 6.7745832353830329 4.5736584961414319 5.2313118726015091 38.955899760127068 2447.995177462697 11.081558272242544 7.7312754690647179 7.1787636131048194 9.8492140024900419 3.9506468176841727 6.0705809295177451 5.391066774725914 4.2850389629602423 87.715927734971046 2465.9001012742519 6.2615210562944439 3109.0385544896126 29.054721742868423 70.50212050974369 16.647167801856995 165.75987215340137 6.8347278460860243 15.443098470568655 7.6444998681545249 8.1112452745437604
leaf_count=187551 4579 137 49 37 35 35 23 26 212 13090 60 41 36 53 21 31 28 24 470 13232 33 16650 156 373 88 889 37 81 40 43
internal_value=-3.84209e-06 -0.00065061 0.00180868 0.0162349 0.00785571 0.0457757 0.0646759 0.0979692 -0.00156641 0.00117453 0.00254494 0.00879983 0.0230103 0.00980925 0.0251114 0.0388527 0.0162728 -0.00143948 -0.00139949 -0.00121884 0.0025486 -0.00188599 0.0176209 0.0233389 -0.0104734 9.95918e-05 0.0304757 0.0340464 0.0273618 0.062723
internal_weight=44611.8 9453.32 2565.08 108.008 84.1416 23.8665 17.0919 9.80497 6888.24 2457.07 77.1603 66.0788 40.1715 32.9928 23.1436 19.1929 13.1223 6849.29 6845 6757.28 1016.59 5740.7 160.499 131.444 22.9087 3274.8 108.536 101.701 86.2579 15.7557
internal_count=238160 50609 13702 563 442 121 86 49 36907 13139 407 347 210 174 121 100 69 36695 36671 36201 5430 30771 851 695 121 17539 574 537 456 83
is_linear=0
shrinkage=0.05


Tree=140
num_leaves=31
num_cat=0
split_feature=133 130 120 135 53 53 91 130 2 91 84 132 41 112 144 135 78 27 84 128 128 108 77 122 114 120 120 102 119 77
split_gain=2.02661 4.89248 5.25619 6.69288 6.37505 7.26997 5.07081 4.41613 3.93996 4.7441 3.71051 3.66017 3.65319 3.47757 3.47069 4.78731 4.72154 5.43184 3.5204 3.38992 4.33061 5.21923 11.5232 3.76502 3.66264 4.72023 3.66412 3.46977 5.38344 3.255
threshold=6.5000000000000009 0.0066769343343459917 0.12952560290382206 26.725000000000005 5.9250000000000016 5.7250000000000005 -0.29999999999999993 0.020195774064088973 21.532243263210606 -0.59999999999999976 1.5508054040544847 4.3099343185550092 1.5000000000000002 3.5000000000000004 58.500000000000007 32.925000000000004 51.447059322681277 4.5000000000000009 1.3583065237492993 -1.0000000180025095e-35 -1.4999999999999998 1.0000000180025095e-35 818.90000000000009 4.166666666666667 6.5000000000000009 0.035883020729487521 0.22490743058045601 51.500000000000007 0.13174057190780461 821.90000000000009
decision_type=2 2 2 2 2 2 2 2 2 2 2 2 2 2 2 2 2 2 2 2 2 2 2 2 2 2 2 2 2 2
left_child=1 2 3 4 5 6 -1 -3 9 -9 -4 -12 -5 -8 15 16 -10 -18 -16 20 24 29 -23 -21 25 -2 27 28 -27 -22
right_child=19 7 10 12 -6 -7 13 8 14 -11 11 -13 -14 -15 18 -17 17 -19 -20 23 21 22 -24 -25 -26 26 -28 -29 -30 -31
leaf_value=0.043872346377935051 0.0272279419415207 0.042418382575038494 -0.047228958066868575 -0.0046242922110946091 -0.022987472296126996 0.06719541745289867 0.0089711906162122362 -0.001984113097694036 -0.011783079564583965 0.070240739402101904 0.021780994775019661 -0.040668983486589719 -0.046371278196246694 -0.053008778866824591 -0.00035388709468590684 -0.044270483484641215 -0.0056060741994741125 0.071117436847316431 -0.065900526492533959 -0.054949558691926984 -0.0035994386944820066 0.085383164903844483 -0.019320765747056087 0.0015994355445196656 1.7396030463589273e-05 0.014884425635423623 0.013915523730689595 -0.064485627374014629 -0.055050958384430838 0.034816074043017647
leaf_weight=5.3085626214742687 4.7020652294158962 7.1526990532875052 16.128038778901104 9.8244755715131777 10.242329493165014 6.9083902239799491 5.3135160207748431 5.3828255087137222 9.9530699551105553 3.9362492412328702 4.9659411609172803 4.4476402103900909 11.230990722775458 3.942235916852951 3.7338707298040372 4.6561422348022452 4.0911681056022626 5.2895517647266388 4.5382674783468246 5.9153623878955823 23.395989477634433 6.8864326030015928 4.2491942942142487 5.8587275296449661 44403.629896357656 5.5296969264745766 4.2570849806070319 7.2391720712184897 5.4774644672870636 7.2145181447267523
leaf_count=27 24 36 100 56 56 34 29 29 54 20 25 27 66 22 20 26 22 26 25 36 123 32 23 33 237026 30 22 42 32 37
internal_value=-3.82869e-06 -0.00630986 -0.0140501 -0.00503814 0.00947063 0.0249529 0.00491575 0.00612822 -0.000114335 0.0285227 -0.0326694 -0.00772478 -0.0268921 -0.0174275 -0.00838629 0.00124371 0.0122049 0.0376564 -0.0363141 1.41811e-05 2.12831e-05 0.0161178 0.0454297 -0.0268111 6.15919e-06 -0.0183341 -0.0278543 -0.0375997 -0.0199173 0.00545462
internal_weight=44611.4 127.046 78.3121 52.7705 31.715 21.4727 14.5643 48.7338 41.5811 9.31907 25.5416 9.41358 21.0555 9.25575 32.2621 23.9899 19.3338 9.38072 8.27214 44484.4 44472.6 41.7461 11.1356 11.7741 44430.8 27.2055 22.5034 18.2463 11.0072 30.6105
internal_count=238160 700 442 290 168 112 78 258 222 49 152 52 122 51 173 128 102 48 45 237460 237391 215 55 69 237176 150 126 104 62 160
is_linear=0
shrinkage=0.05


Tree=141
num_leaves=31
num_cat=0
split_feature=115 75 92 73 132 46 94 5 59 128 58 11 34 2 34 124 0 38 53 32 102 39 82 123 88 123 86 84 41 119
split_gain=2.00027 11.9206 9.14933 9.4781 9.05245 8.24607 8.11737 7.59319 11.7896 12.3038 11.7564 10.1372 9.67258 9.57429 9.30167 9.27365 8.79605 12.894 10.4407 15.2457 9.42019 8.46209 8.86842 8.43165 8.21413 8.16784 7.56927 10.624 9.07728 7.49593
threshold=63.500000000000007 888.33333333333337 6.2000000000000011 0.84210526315789502 6.2048368298368306 1.5000000000000002 0.16267562917006018 73.500000000000014 0.27500000000000008 -22.499999999999996 0.17500000000000002 1.0000000180025095e-35 17.500000000000004 21.496511242939672 9.5000000000000018 2.1165166733732832 830.50000000000011 3.5000000000000004 5.3250000000000002 2.9810108569586702 61.500000000000007 2.5000000000000004 1.7392473673530084 1.3 1.3000000000000003 3.1000000000000005 1.7958236433584462 2.0174180106827397 1.5000000000000002 0.23665331730807607
decision_type=2 2 2 2 2 2 2 2 2 2 2 2 2 2 2 2 2 2 2 2 2 2 2 2 2 2 2 2 2 2
left_child=-1 2 3 4 7 -4 -3 23 9 14 -11 -10 26 -12 -9 -14 17 18 19 -16 29 22 24 -2 -15 -19 27 -13 -28 -18
right_child=1 6 5 -5 -6 -7 -8 8 11 10 13 12 15 21 16 -17 20 25 -20 -21 -22 -23 -24 -25 -26 -27 28 -29 -30 -31
leaf_value=-4.6452330758881406e-05 0.076790609071680602 0.044925750747376071 0.015124138014153136 0.069878280186952441 0.083647265164809789 -0.02855849090087665 -0.029857644719737238 -0.02751344497280378 0.062507047044383535 -0.026483766802119137 -0.019092968304198873 -0.036739602502124456 -0.0095917404922111239 0.094663584125987271 0.10752931242489353 0.087351085690089314 0.048442067741709553 0.081569920101598206 -0.01395986471246718 -0.012107332487871264 0.064781357076665977 0.01874602583682132 0.14696364183423438 0.0098248805757567368 0.0011830601401948094 -0.00079210127422597485 -0.037122048887775559 0.029288880123883355 0.021907491399496867 0.00023962557640643369
leaf_weight=43896.196971781552 4.7828284651041022 4.0008675903081885 15.248332455754278 5.7442093640565863 3.669665038585662 37.063678681850433 39.003215163946152 23.898371621966362 4.2237399965524665 6.1913987696170834 4.1562098562717464 62.1367047727108 6.0735130906105024 6.4389118254184741 4.5702404230833036 4.154368981719017 10.703255966305731 6.9944241940975171 87.662800431251526 6.3808383643627167 10.55582809448242 6.9878664612770072 4.1980676501989356 273.19622033834457 3.7004906982183456 5.2844472378492355 10.219392374157907 6.7542821019887915 17.955100029706955 32.726313218474388
leaf_count=234367 24 21 82 29 20 202 215 126 22 33 22 335 32 33 24 21 55 36 466 34 55 37 22 1439 20 28 55 36 95 174
internal_value=-3.73194e-06 0.0026202 0.00425416 0.00595012 0.00535167 -0.0158255 -0.0229002 0.00488061 -0.000224381 0.00647737 0.0353153 -0.0134725 -0.0164636 0.050331 0.00163893 0.0297846 0.00586444 -0.0021934 -0.0082096 0.0378209 0.0224163 0.0638614 0.08585 0.0109771 0.0605468 0.0461238 -0.0213368 -0.030266 0.000496421 0.0121192
internal_weight=44610.9 714.676 671.672 619.359 613.615 52.312 43.0041 609.946 331.967 220.449 31.6729 111.517 107.293 25.4815 188.777 10.2279 164.878 110.893 98.6139 10.9511 53.9854 21.3253 14.3375 277.979 10.1394 12.2789 97.0655 68.891 28.1745 43.4296
internal_count=238160 3793 3557 3273 3244 284 236 3224 1761 1165 167 596 574 134 998 53 872 588 524 58 284 112 75 1463 53 64 521 371 150 229
is_linear=0
shrinkage=0.05


Tree=142
num_leaves=31
num_cat=0
split_feature=127 131 71 50 132 144 102 119 2 144 113 78 83 53 100 62 118 116 69 55 130 53 138 123 2 135 130 77 81 84
split_gain=1.97822 6.00292 3.87066 3.98942 3.51821 6.42195 4.39988 4.2736 4.10136 3.38864 3.09807 5.58611 8.70621 7.41733 9.81407 5.39498 7.37532 5.47135 5.76204 4.77068 4.11456 5.89985 2.85466 2.64802 4.00515 2.61218 2.30824 11.4967 10.6651 16.7904
threshold=-2.4999999999999996 257.50000000000006 -2.4999999999999996 1.6250000000000002 4.7153518123667384 22.500000000000004 34.500000000000007 0.15407759373165456 22.95852235292422 52.500000000000007 4.5000000000000009 79.4881070522963 4.7000000000000002 5.9750000000000005 0.6000000000000002 27.500000000000004 0.10646577434472455 123.50000000000001 -2.4999999999999996 9.5000000000000018 -0.042472142040473844 5.8250000000000002 2.5000000000000004 11.300000000000002 22.679699067239099 29.525000000000002 0.26972891236480273 832.30000000000007 5.1000000000000005 1.8384695847204569
decision_type=2 2 2 2 2 2 2 2 2 2 2 2 2 2 2 2 2 2 2 2 2 2 2 2 2 2 2 2 2 2
left_child=10 2 -2 4 9 22 7 -7 -8 -4 11 15 -13 14 -14 16 17 18 -1 -20 21 -17 -6 26 -25 -11 -12 28 29 -28
right_child=1 -3 3 -5 5 6 8 -9 -10 25 23 12 13 -15 -16 20 -18 -19 19 -21 -22 -23 -24 24 -26 -27 27 -29 -30 -31
leaf_value=-0.038809733599575451 0.033979814751784458 0.045347874229453043 -0.063871794746874683 -0.055490105172356807 -0.063754590679074699 0.021803893057617069 0.006173309659156169 -0.042034287168012212 0.077922071755802791 0.018675601531946785 2.9748140245550962e-05 0.075951539881981819 -0.058156387951292909 0.051434446573365634 0.040538027187946593 0.03050380806553829 0.072683580012758875 -0.045917889004503651 0.064694428457720249 0.0030093943109616127 -0.058293833844143043 -0.045551313822808664 -0.003021428167175749 0.0086613159494298344 -0.055118198829124776 -0.039483963684504547 0.019805025090083014 -0.018752426589865295 -0.0090081993436887439 -0.027302487722762947
leaf_weight=3.7916084080934587 3.7979222834110251 4.5669565498828879 5.4748958349227888 6.3045354858040801 4.8371744006872195 5.7812419235706347 3.9828951954841605 4.7969152629375458 3.9841822385787964 3.6012143939733505 44130.694177865982 7.2173509299755123 5.925210081040861 6.681490644812583 4.3814542293548584 5.518155634403227 4.4119039326906195 4.7068569809198371 5.822130352258684 6.789922222495079 5.4833461344242087 4.7404275834560394 3.2246788218617439 4.5493115931749326 5.363467663526535 4.1618344634771347 107.39736160635948 96.325508043169975 123.22168926894665 22.959403485059738
leaf_count=22 19 21 33 40 29 35 21 30 20 21 235588 33 33 31 21 29 21 26 29 35 30 26 19 24 31 26 564 521 658 124
internal_value=-3.73529e-06 -0.00952262 -0.0145397 -0.0185327 -0.012685 -0.00220517 0.0139908 -0.00714504 0.0420535 -0.0337486 7.91111e-06 0.0108766 0.0299458 0.0104005 -0.0162005 -0.000309408 0.0138892 0.0016017 0.0152369 0.0314852 -0.0233296 -0.00464079 -0.0394618 -8.08261e-06 -0.0258476 -0.0125042 -2.32411e-06 -0.00404735 0.00153859 0.0115081
internal_weight=44610.5 54.5144 49.9475 46.1496 39.845 26.6071 18.5452 10.5782 7.96708 13.2379 44556 65.4699 24.2055 16.9882 10.3067 41.2644 25.5224 21.1105 16.4037 12.6121 15.7419 10.2586 8.06185 44490.5 9.91278 7.76305 44480.6 349.904 253.578 130.357
internal_count=238160 314 293 274 234 154 106 65 41 80 237846 336 118 85 54 218 133 112 86 64 85 55 48 237510 55 47 237455 1867 1346 688
is_linear=0
shrinkage=0.05


Tree=143
num_leaves=31
num_cat=0
split_feature=134 86 114 128 52 40 97 84 114 102 66 34 117 0 84 126 125 75 127 135 76 117 11 11 133 127 122 124 130 66
split_gain=1.98831 8.07262 12.5957 7.38058 12.3956 9.60983 9.55728 9.35175 15.3892 16.5494 11.6748 10.8453 13.7015 9.80497 9.43249 10.364 9.95217 9.25004 9.52793 9.82214 13.1511 8.34437 8.2958 8.12888 10.568 7.87817 7.85801 14.2096 7.55348 7.51369
threshold=1.5000000000000002 2.0988088481701523 30.500000000000004 -22.499999999999996 3.3750000000000004 1.5000000000000002 4.7000000000000002 1.2922616289332567 24.500000000000004 77.500000000000014 4.5000000000000009 10.500000000000002 250.50000000000003 798.50000000000011 1.8627858656638059 9.5000000000000018 1.5000000000000002 918.33333333333337 -10.499999999999998 23.325000000000006 80.138075286536051 255.50000000000003 6.5000000000000009 3.5000000000000004 8.5000000000000018 -8.4999999999999982 3.5000000000000004 1.4419537040215014 -0.020044418825275908 1.5000000000000002
decision_type=2 2 2 2 2 2 2 2 2 2 2 2 2 2 2 2 2 2 2 2 2 2 2 2 2 2 2 2 2 2
left_child=-1 -2 3 4 5 6 -3 8 10 11 13 26 -13 -5 -9 21 -17 18 22 20 -20 -16 29 24 -23 -14 27 -10 -12 -7
right_child=1 2 -4 7 -6 17 -8 14 9 -11 28 12 25 -15 15 16 -18 -19 19 -21 -22 23 -24 -25 -26 -27 -28 -29 -30 -31
leaf_value=0.00028022344983011751 -8.9639595107904768e-05 -0.0028801774452554513 -0.018395584201179743 0.0053375623977238058 -0.01134219158776438 0.006466624378533666 0.041126167876508669 -0.010017533499482617 0.0165786938881941 0.11432373490389165 0.012878303898503616 -0.0073713478234531549 0.024511029114048032 -0.018113833429242443 0.0017709553455274711 0.028336619537618686 -0.010800488797932297 0.08176993012611744 0.12411689185790629 0.0047100173013498673 0.01778922056545159 -0.037858509613485081 0.040621035108572762 -0.040676782141939608 0.064136554979695407 0.099059592352710016 -0.0019675237848924051 0.11890035953748773 0.10413588577744935 -0.028726192355347742
leaf_weight=25887.26955729723 17221.392841257155 17.221476748585701 136.47641959786415 81.242879465222359 78.523869663476944 24.581740990281105 43.509336069226265 618.14184509217739 6.5908863693475741 4.4265118539333335 5.6458920389413834 51.4426658898592 16.402533859014515 98.740931808948517 90.62231856584549 54.753700211644173 23.095007464289665 3.7123112827539435 4.6766519844531995 28.750942543148994 7.6900516748428345 5.2196848392486555 7.412109598517417 27.046966329216957 4.9462910145521164 4.5206830352544776 5.4172685146331778 6.9931007325649261 3.7894213050603849 39.597355335950851
leaf_count=138208 91931 92 729 434 419 131 231 3307 35 24 30 275 87 527 485 293 123 20 24 154 41 28 39 145 26 24 29 37 20 212
internal_value=-3.65763e-06 -0.000396173 -0.00391267 -0.00246433 0.0051938 0.0125235 0.0286473 -0.00422982 0.00357344 0.0199053 -0.00468598 0.015331 0.00650387 -0.00752811 -0.00693135 0.00234355 0.016726 0.00411258 0.00155477 0.0207373 0.0579986 -0.00641503 -0.00946251 -0.0263498 0.0117675 0.040618 0.048949 0.0692544 0.0495293 -0.0152467
internal_weight=44609.9 18722.6 1501.19 1364.71 255.676 177.152 60.7308 1109.04 285.213 95.7937 189.419 91.3671 72.3659 179.984 823.826 205.684 77.8487 116.421 112.709 41.1176 12.3667 127.835 71.5912 37.2129 10.166 20.9232 19.0013 13.584 9.43531 64.1791
internal_count=238160 99952 8021 7292 1363 944 323 5929 1522 511 1011 487 386 961 4407 1100 416 621 601 219 65 684 382 199 54 111 101 72 50 343
is_linear=0
shrinkage=0.05


Tree=144
num_leaves=31
num_cat=0
split_feature=120 132 132 82 88 3 45 25 7 75 52 61 74 24 51 35 24 117 51 86 130 138 23 93 117 88 93 123 83 38
split_gain=2.02299 8.62175 8.91728 7.8487 9.80939 9.45853 7.47658 8.33465 11.5916 11.8587 17.4741 8.87408 7.69339 9.6925 7.43753 8.3431 8.37302 9.34194 7.15194 8.56415 6.0714 11.2781 11.2307 8.90483 8.73843 11.1898 8.14308 7.98648 10.0622 8.27628
threshold=0.67958604297255509 6.2869249394673128 5.4036774628879902 1.4849232860754917 0.50000000000000011 9.5000000000000018 3.5000000000000004 2.5000000000000004 3.5000000000000004 821.50000000000011 3.5250000000000004 -26.499999999999996 1.0000000180025095e-35 4.5000000000000009 1.925 8.5000000000000018 4.5000000000000009 244.50000000000003 1.9750000000000003 1.4983314773547884 0.26972891236480273 1.5000000000000002 3.5000000000000004 1.4000000000000004 252.50000000000003 0.50000000000000011 -4.9999999999999991 2.7750000000000004 4.7000000000000002 1.5000000000000002
decision_type=2 2 2 2 2 2 2 2 2 2 2 2 2 2 2 2 2 2 2 2 2 2 2 2 2 2 2 2 2 2
left_child=20 2 -2 4 14 6 7 -5 -9 10 12 -12 18 -14 -4 16 -16 -18 -10 -20 -1 23 24 26 27 -26 -22 28 -23 -30
right_child=1 -3 3 5 -6 -7 -8 8 9 -11 11 -13 13 -15 15 -17 17 -19 19 -21 21 22 -24 -25 25 -27 -28 -29 29 -31
leaf_value=1.7087000712762349e-05 0.068384976477918857 0.056537234470714709 0.05272460371681701 0.078082839434645446 -0.038209600063926992 -0.038444063806433067 0.06825565444892788 -0.048507609682576808 -0.012534100782924091 -0.013754672395142754 0.029850775341729942 -0.052591571239002592 0.033245460792546193 0.12124396521854708 -0.03180709035055674 -0.029755041238378029 0.088281087698501848 0.00047344363065315268 0.099684518840045963 0.011144332524405153 0.055334265561751854 -0.038747178579400618 -0.020056724215892802 0.04319100992549503 -0.0022557341162032364 0.099583348223809154 -0.015793060841103941 -0.036230840308547625 0.089534260876822314 0.0030226772541186047
leaf_weight=44207.155993551016 5.0501598119735709 7.8600336462259284 6.1734336614608756 4.3923519402742377 23.548346906900406 9.0862603485584241 6.1628123968839637 8.3046460449695569 6.4058555662632051 24.457432463765144 5.6567004472017288 7.7170986682176572 5.7951411008834821 6.8018825799226761 5.7617873400449779 18.90268936753273 5.6677886545658094 6.5063383132219315 5.2926134020090085 5.6431722640991211 4.9008758664131191 5.2839280217886033 144.4161671847105 16.776351362466812 5.4139604419469816 5.3755213618278503 22.489585340023041 11.596898794174193 5.3850726783275586 5.6811004728078842
leaf_count=236012 25 39 32 22 130 50 31 45 34 132 30 43 29 34 31 102 28 34 26 29 26 28 781 89 29 28 120 63 28 30
internal_value=-3.68202e-06 0.00535875 0.00295468 0.000918445 -0.0122679 0.0100882 0.0151785 0.0111135 0.00724682 0.0140791 0.0297961 -0.017721 0.0510223 0.0807611 0.00193469 -0.00657672 0.017851 0.0413532 0.0294199 0.0539953 -2.48239e-05 -0.00817529 -0.0136443 0.014504 0.0102621 0.0484824 -0.00306651 -0.00449358 0.0180172 0.0451213
internal_weight=44609.7 175.187 167.327 162.276 66.5604 95.716 86.6297 80.4669 76.0745 67.7699 43.3125 13.3738 29.9387 12.597 43.012 36.8386 17.9359 12.1741 17.3416 10.9358 44434.5 227.319 183.153 44.1668 38.7365 10.7895 27.3905 27.947 16.3501 11.0662
internal_count=238160 926 887 862 357 505 455 424 402 357 225 73 152 63 227 195 93 62 89 55 237234 1222 987 235 206 57 146 149 86 58
is_linear=0
shrinkage=0.05


Tree=145
num_leaves=31
num_cat=0
split_feature=131 114 118 32 80 7 60 126 117 120 102 43 94 80 88 25 20 127 132 102 71 6 120 80 81 90 127 11 80 11
split_gain=1.9371 8.5111 8.51205 11.842 13.188 11.2531 10.2675 14.8387 9.71745 9.68063 9.24515 10.1253 8.82682 8.47191 14.0325 11.9612 8.94994 8.82115 8.4513 10.9369 10.6563 15.0912 10.4054 9.82227 8.28391 9.43486 10.3415 8.00128 8.5804 7.993
threshold=341.50000000000006 23.500000000000004 0.26945622748770653 2.828916726132634 1.8506711151805402 2.5000000000000004 0.37500000000000006 11.500000000000002 254.50000000000003 0.30544931663860697 39.500000000000007 3.5000000000000004 0.29945747146579155 1.3583065237492993 4.1000000000000005 8.5000000000000018 12.500000000000002 -16.499999999999996 6.1856158484065471 19.500000000000004 1.5000000000000002 53.250000000000007 0.67958604297255509 1.2922616289332567 4.5000000000000009 -0.8999999999999998 -9.4999999999999982 4.5000000000000009 1.1067764362830024 6.5000000000000009
decision_type=2 2 2 2 2 2 2 2 2 2 2 2 2 2 2 2 2 2 2 2 2 2 2 2 2 2 2 2 2 2
left_child=-1 -2 3 5 10 -3 7 12 9 -8 29 -12 -7 14 17 16 -15 -4 20 -20 21 22 23 -19 -10 -26 -27 28 -21 -5
right_child=1 2 13 4 -6 6 8 -9 24 -11 11 -13 -14 15 -16 -17 -18 18 19 27 -22 -23 -24 -25 25 26 -28 -29 -30 -31
leaf_value=5.1702659356576392e-05 -0.031879586194926049 0.095462314684333527 -0.041021262153992939 0.031433156790802379 -0.041032949859401195 0.10965059873935626 -0.038673164054613754 -0.017008206780120966 -0.021828936487739033 0.023302074992598999 -0.019219119363233055 0.048457349920656451 0.027242400031624092 0.00070483249306887161 0.084630292598647017 0.05127874409828681 -0.023130011270015946 -0.0038561725371950373 -0.038180250191281739 0.062753335785252926 -0.028139022662593473 0.094027163591208759 0.049986309419920813 -0.030845757731048765 0.11202648434892398 0.060456741389945529 -0.040440200449534849 0.072126409982005465 -0.01471721632462737 -0.041727029736316895
leaf_weight=43383.69696290046 23.32317428290844 5.1641818135976783 22.34670352935791 35.495485246181488 17.94499734044075 8.4135853350162524 15.830584764480593 5.9007237851619712 5.3987014591693905 10.467151552438734 38.206716552376747 6.4614315927028647 5.2939869761466971 634.58489918708801 3.9076148569583884 11.219226643443106 41.991611167788506 157.98194949328899 7.1602896153926876 5.4018277078866985 70.139834463596344 3.7299005985260001 7.6000321060419074 42.854267999529839 4.405177354812623 7.3731487244367599 3.8739421814680064 8.2543658018112165 10.56373919546604 4.1721849590539923
leaf_count=231524 127 26 124 189 98 43 84 31 28 55 208 34 28 3440 20 57 230 860 39 29 385 20 40 236 22 38 21 44 57 23
internal_value=-3.67314e-06 -0.00196408 -0.00138368 0.00882983 -0.00211075 0.0243455 0.0188605 0.049286 0.00626057 -0.0140055 0.00617112 -0.00942944 0.0778238 -0.00311686 -0.00957412 7.46115e-05 -0.000774473 -0.0106696 -0.00850737 0.0161086 -0.0112436 -0.00565815 -0.00744199 -0.00961519 0.0315777 0.0499985 0.0257039 0.0321583 0.0114944 0.0237383
internal_weight=44609.2 1225.46 1202.14 174.402 102.281 72.1212 66.957 19.6083 47.3487 26.2977 84.3358 44.6681 13.7076 1027.74 339.941 687.796 676.577 336.033 313.686 31.3802 282.306 212.166 208.436 200.836 21.051 15.6523 11.2471 24.2199 15.9656 39.6677
internal_count=238160 6636 6509 928 552 376 350 102 248 139 454 242 71 5581 1854 3727 3670 1834 1710 169 1541 1156 1136 1096 109 81 59 130 86 212
is_linear=0
shrinkage=0.05


Tree=146
num_leaves=31
num_cat=0
split_feature=131 121 126 76 134 115 113 87 142 130 78 102 25 82 26 4 5 95 77 86 117 75 26 62 117 93 66 66 116 117
split_gain=1.9795 8.65696 7.98948 8.19674 6.76715 6.72611 10.9289 11.9693 9.89677 10.4459 11.3336 10.2979 10.1092 13.1218 11.8123 9.92372 10.2966 10.181 7.66967 7.56042 7.04595 13.9201 9.35416 14.3317 8.77955 6.92056 6.67425 6.5835 10.2699 10.7032
threshold=274.50000000000006 15.500000000000002 5.5000000000000009 61.54582749102962 8.5000000000000018 46.500000000000007 10.500000000000002 -143.16666666666666 4.5000000000000009 0.064416957690854412 93.615167510816391 47.500000000000007 5.5000000000000009 1.2825740526765415 5.5000000000000009 76.500000000000014 76.500000000000014 0.23866610441813482 807.30000000000007 2.2416486803121525 280.50000000000006 905.83333333333348 7.5000000000000009 -76.499999999999986 286.50000000000006 1.0000000180025095e-35 3.5000000000000004 4.5000000000000009 69.500000000000014 257.50000000000006
decision_type=2 2 2 2 2 2 2 2 2 2 2 2 2 2 2 2 2 2 2 2 2 2 2 2 2 2 2 2 2 2
left_child=-1 4 -3 -4 5 6 7 -2 -9 10 11 18 13 14 -11 17 -17 -15 -10 -8 27 22 26 -24 -23 -18 -22 -7 -29 -30
right_child=1 2 3 -5 -6 20 19 8 9 12 -12 -13 -14 15 -16 16 25 -19 -20 -21 21 24 23 -25 -26 -27 -28 28 29 -31
leaf_value=-0.00020661973492803079 0.077348366703001201 0.092253142891734197 -0.030747935399504357 0.062154702492725124 -0.019105591847828129 0.0012179887385388051 -0.0096280661507222032 0.068148113770420446 0.13744704222217186 0.11667002477588051 -0.034410463879666085 -0.00024587405070104464 -0.039426950009523093 -0.0085411817311298755 -0.0029663216504780565 -0.052915279010786589 0.040937443867865089 0.094063430002996301 0.043400497375111244 -0.047874565805143238 -0.010915677985625148 0.0036773209221928563 0.079496483625982217 -0.022418233433392928 0.099144375329976886 -0.041350545408302984 -0.042005655231401512 -0.046058050843457439 0.0012892310173706783 -0.013580666017786076
leaf_weight=32532.524248674512 5.8715349584817877 4.7695646882057181 5.0438318252563459 4.485817015171051 43.867309868335724 10869.872159451246 240.19260948896408 5.5738964676856986 4.1573163419961947 4.3534262776374799 4.7551040798425666 5.2586378157138816 20.282161831855774 6.0766217261552793 3.9220189899206161 15.094451338052751 6.953627333045004 4.0151840597391129 4.5301137715578079 13.655804485082625 165.43252694606781 4.9273063540458661 6.8962938636541367 6.9019442945718747 4.7106487601995468 4.0393635332584381 19.273556351661682 14.299064084887503 404.24270647764206 172.72129742801189
leaf_count=173725 31 22 25 22 243 57932 1293 30 22 23 26 28 109 33 21 82 37 21 24 74 903 26 33 38 23 22 108 76 2178 930
internal_value=-3.69095e-06 0.000542988 0.0394242 0.0129834 0.000496894 0.000568446 -0.00627401 0.00820385 0.00364284 -0.000666297 0.0322494 0.054978 -0.010175 0.00317104 0.0599702 -0.0098209 -0.0261081 0.0322817 0.0884059 -0.0116855 0.00077293 -0.00834406 -0.0111932 0.0285183 0.0503378 0.0107008 -0.0141598 0.000938501 -0.00419965 -0.00316226
internal_weight=44608.7 12076.2 14.2992 9.52965 12061.9 12018 348.732 94.8835 89.0119 83.438 18.7012 13.9461 64.7369 44.4547 8.27545 36.1792 26.0874 10.0918 8.68743 253.848 11669.3 208.142 198.504 13.7982 9.63796 10.993 184.706 11461.1 591.263 576.964
internal_count=238160 64435 69 47 64366 64123 1876 509 478 448 100 74 348 239 44 195 141 54 46 1367 62247 1131 1082 71 49 59 1011 61116 3184 3108
is_linear=0
shrinkage=0.05


Tree=147
num_leaves=31
num_cat=0
split_feature=131 95 96 135 135 34 144 96 74 86 103 32 2 103 2 23 113 141 144 88 5 76 144 118 144 80 2 32 112 73
split_gain=1.93985 5.64958 5.69235 10.0607 5.71616 6.98546 5.68859 10.7153 11.1127 9.81973 7.27298 6.95299 6.82859 6.37945 6.24657 7.28356 5.62544 12.7248 10.2638 8.68774 9.69699 11.1755 15.9029 10.2981 9.53602 8.42703 8.54747 8.38952 14.1846 11.6043
threshold=219.50000000000003 0.41961554625613479 5.3000000000000016 29.625000000000004 22.325000000000006 11.500000000000002 2.5000000000000004 4.5000000000000009 1.5000000000000002 1.3583065237492995 0.38125000000000003 3.530633561507734 23.140197646187264 0.34375000000000006 22.37763949822364 4.5000000000000009 11.500000000000002 2.5000000000000004 74.500000000000014 -3.4999999999999996 71.500000000000014 59.159858696181239 48.500000000000007 0.21764340823178793 33.500000000000007 2.2956439237389605 23.381830455017671 2.3109970338988952 5.5000000000000009 -0.55263157894736825
decision_type=2 2 2 2 2 2 2 2 2 2 2 2 2 2 2 2 2 2 2 2 2 2 2 2 2 2 2 2 2 2
left_child=1 6 -3 4 5 -4 7 9 12 -1 -11 -10 14 -14 15 -9 17 27 19 20 21 22 -18 -22 -23 -21 -27 28 -8 -29
right_child=-2 2 3 -5 -6 -7 16 8 11 10 -12 -13 13 -15 -16 -17 18 -19 -20 25 23 24 -24 -25 -26 26 -28 29 -30 -31
leaf_value=-0.012630870535122074 -0.00019210435954302688 -0.01544648419166225 -0.031840952500824318 -0.03107513488466351 0.05988523980352356 0.046149518792681969 -0.0028613356531965103 0.032751096083691013 0.081628748903331119 0.13478839206231261 0.045337314271708368 0.0036512229612093213 -0.0031620265935030155 -0.066404750740115481 0.045661230542039452 -0.035823518141164648 -0.017827104399759538 -0.014302505265488957 -0.0068383656759400868 0.0026523185062004 0.048901980220265283 0.12548113867007088 0.045354789935714068 -0.015772241126815637 0.040864820520358391 -0.037763390128495271 0.0018286846437569244 -0.011778142005539345 -0.027428765123201332 0.0010580315463297448
leaf_weight=3.717553809285163 33627.72503528744 101.01848521828651 5.8624111711978966 10.302316918969153 8.8120273202657682 5.6269034892320633 601.82650960981846 6.4630381017923417 6.6733231395482999 3.9655026942491514 5.3222087174654007 5.0011083334684372 8.5994990170002001 7.4351182430982581 8.0213045179843885 9.6594576239585859 21.539261341094971 158.10590738803148 300.09597270935774 3649.1094181537628 7.6628343164920798 3.8713781535625484 18.524950847029686 31.282023757696152 23.795042484998703 26.161096125841141 28.464161798357964 181.71767894923687 65.110681012272835 5666.7394308671355
leaf_count=20 179607 553 32 58 43 28 3223 34 35 21 28 27 46 40 43 52 116 846 1627 19403 39 20 96 167 122 141 152 979 349 30213
internal_value=-3.69206e-06 0.00057332 -0.0097233 0.00916814 0.0295904 0.00635496 0.000698243 0.0154617 0.00528369 0.0560421 0.0835296 0.0482246 -0.00719343 -0.0324872 0.00960489 -0.00833396 0.000609451 -0.000286799 0.00206453 0.0027657 0.0168335 0.0282646 0.011387 -0.00304687 0.0527052 0.00236051 -0.0171327 5.33136e-05 -0.00525977 0.000659198
internal_weight=44608.2 10980.5 131.622 30.6037 20.3013 11.4893 10848.9 64.8581 51.8528 13.0053 9.28771 11.6744 40.1784 16.0346 24.1438 16.1225 10784 6673.5 4110.51 3810.41 106.675 67.7306 40.0642 38.9449 27.6664 3703.73 54.6253 6515.39 666.937 5848.46
internal_count=238160 58553 714 161 103 60 57839 346 277 69 49 62 215 86 129 86 57493 35610 21883 20256 560 354 212 206 142 19696 293 34764 3572 31192
is_linear=0
shrinkage=0.05


Tree=148
num_leaves=31
num_cat=0
split_feature=118 53 119 124 76 124 74 142 75 5 80 77 84 112 84 70 80 119 79 127 2 95 120 123 53 124 130 86 95 127
split_gain=1.94161 6.59942 11.0067 9.49321 12.9789 12.2212 15.5859 12.3227 12.2397 11.4545 10.8836 10.8188 13.4904 10.7128 12.9675 13.3099 11.9278 11.7761 10.9964 11.8673 10.6836 10.4413 10.3555 10.1817 9.54852 10.0988 9.4678 16.3343 10.1287 9.41875
threshold=0.34928583322414036 5.2750000000000012 0.35502546053070116 1.7644583422759912 86.38929927979504 1.1830951894845305 -1.4999999999999998 4.5000000000000009 729.83333333333337 78.500000000000014 2.2416486803121525 757.70000000000016 1.1853250826618578 7.5000000000000009 2.0174180106827397 1.0000000180025095e-35 1.0977225575051663 0.47228300986288707 4.9000000000000012 -11.499999999999998 22.478628722790837 0.17162142288681204 0.30370977379437253 3.1000000000000005 5.3250000000000002 2.2613014134252203 -0.056912758964946734 1.7262579304887016 0.14638529527100172 -13.499999999999998
decision_type=2 2 2 2 2 2 2 2 2 2 2 2 2 2 2 2 2 2 2 2 2 2 2 2 2 2 2 2 2 2
left_child=-1 2 -2 5 10 7 13 -3 -8 20 24 12 -10 14 15 -7 -15 26 -19 -20 22 -14 -6 -17 25 -5 27 -18 -28 -24
right_child=1 3 -4 4 9 6 8 -9 11 -11 -12 -13 21 16 -16 23 17 18 19 -21 -22 -23 29 -25 -26 -27 28 -29 -30 -31
leaf_value=-0.00010281862426177651 -0.03670380329745089 0.0034515942883838351 -0.0029761031782862503 0.0048446018786284864 -0.04476519060412458 -0.026810258163646041 -0.033911265494861231 -0.021130939266139393 -0.040814785693025789 0.071617271296736604 0.048137355503906798 -0.0084081513584153625 0.080485345429569671 -0.037308039423133807 -0.037977508478355744 0.054122202860586534 0.083471393749441167 0.0050961163072438462 0.10814891090696127 0.0073142039003716896 0.0032575514818046943 0.015768637381964167 0.051190315361659834 -0.024063790300088091 0.00072580796277023872 0.11350880350024245 0.033869267082879052 -0.034936588666039603 -0.010946875851739609 0.015917960361754548
leaf_weight=40912.712626494467 26.311355233192444 1787.2858788520098 299.92273654043674 4.7475985139608365 4.5177157968282691 7.5084797590970984 44.06459604203701 52.475922018289566 7.7026295959949485 9.7112720012664777 12.960849344730375 553.18286174535751 8.4728462696075422 18.612381085753441 7.0408503562211981 37.504706293344498 7.9628204405307752 13.960053265094759 7.6764196753501892 4.707175135612486 83.913942560553551 23.571082293987274 37.024855390191078 4.6839322149753562 464.15317337214947 3.890088215470314 14.349443778395651 4.5923385769128799 103.85081404447556 38.717925786972046
leaf_count=218535 139 9463 1593 25 24 40 235 280 41 51 68 2959 45 99 38 198 42 75 40 25 444 125 194 25 2476 21 76 24 553 207
internal_value=-3.68342e-06 0.00109396 -0.0056963 0.00175152 0.00713056 0.000441836 -0.00444318 0.00275042 -0.00848719 0.0188528 0.00293431 -0.00659775 0.0185989 0.00663883 0.0255283 0.0345255 0.00053933 0.00502331 0.0355216 0.0698202 0.0157317 0.0328806 0.0287737 0.0454417 0.00169514 0.0537829 -0.00112125 0.0401609 -0.00550622 0.0331599
internal_weight=44607.8 3695.08 326.234 3368.84 659.637 2709.21 869.443 1839.76 636.994 173.886 485.752 592.929 39.7466 232.449 56.738 49.6971 175.711 157.099 26.3436 12.3836 164.174 32.0439 80.2605 42.1886 472.791 8.63769 130.755 12.5552 118.2 75.7428
internal_count=238160 19625 1732 17893 3510 14383 4640 9743 3405 920 2590 3170 211 1235 301 263 934 835 140 65 869 170 425 223 2522 46 695 66 629 401
is_linear=0
shrinkage=0.05


Tree=149
num_leaves=31
num_cat=0
split_feature=136 135 94 117 2 49 128 66 96 118 90 75 83 88 82 119 27 52 26 75 130 102 48 37 87 83 47 0 52 76
split_gain=1.92351 9.63128 11.5246 14.6479 16.2906 16.0353 11.0948 12.4733 11.8028 10.9526 11.2018 15.0207 10.2613 14.717 9.42449 9.38859 9.82227 11.9527 9.54791 9.1187 9.73878 9.47413 8.94625 9.25703 10.027 8.70129 8.62168 10.4149 8.60913 8.59016
threshold=1.5000000000000002 35.225000000000009 0.32117516385414041 253.50000000000003 23.195904809977474 18.500000000000004 -19.499999999999996 1.5000000000000002 5.5000000000000009 0.28677117596918184 -2.8999999999999995 785.50000000000011 4.3000000000000016 -1.0999999999999999 2.0554772405328605 0.19384617028578449 3.5000000000000004 3.4250000000000003 4.5000000000000009 933.00000000000011 0.036521333343618879 43.500000000000007 3.5000000000000004 1.5000000000000002 -39.166666666666679 5.7000000000000002 9.5000000000000018 826.50000000000011 3.2750000000000004 62.368082369356479
decision_type=2 2 2 2 2 2 2 2 2 2 2 2 2 2 2 2 2 2 2 2 2 2 2 2 2 2 2 2 2 2
left_child=-1 19 9 4 5 -4 -6 8 -8 15 11 -11 13 -12 29 16 -3 18 -18 -2 -21 -22 -20 -24 -25 -13 -5 -28 -16 -14
right_child=1 2 3 26 6 -7 7 -9 -10 10 12 25 14 -15 28 -17 17 -19 22 20 21 -23 23 24 -26 -27 27 -29 -30 -31
leaf_value=0.00013375666077107071 -0.0015165934147356092 -0.02507104119587716 0.045832702152938998 -0.028720418968002034 -0.0084567120594423156 0.14837508422802351 -0.016361410793125208 0.081310760994439624 0.080554539646657375 -0.028146104440475384 0.11936781186482799 0.035028945910626892 -0.01589706403893484 0.018831194286684966 0.0003797218584997933 -0.010608380510016877 0.0052998690349013167 -0.033130170402154838 0.11632053892624422 -0.011485977463945678 0.0059463019117046633 0.052553363825518062 0.083777724363417433 0.069836481290279931 -0.032652427823729624 0.1286910107666539 -0.014471058416679259 0.089347768955635343 0.096297100192273666 0.01200458007868261
leaf_weight=37953.010689035058 6107.259119540453 13.307316303253172 15.061374247074129 18.562073469161987 21.479042515158653 5.1046697348356238 11.045750170946123 10.771326482295988 4.3900355249643317 3.9030731767415991 4.5547088384628323 4.4336702674627286 54.391943097114563 18.127027496695518 4.4798368513584119 172.78811214864254 15.288535490632055 7.6295018047094336 4.9005041271448162 19.917621895670891 20.541448086500168 23.239874795079231 6.9639085382223156 3.9927334934473029 5.9322073459625235 5.6264922916889191 5.7676044553518313 4.1566677242517471 4.8962635099887848 55.972875356674194
leaf_count=202482 32744 72 80 100 115 27 60 57 23 21 24 24 293 97 24 931 82 42 26 107 109 121 37 21 32 30 31 22 26 300
internal_value=-3.72567e-06 -0.000787839 0.00600765 0.0214828 0.0341154 0.0717895 0.0181834 0.0400173 0.0112021 0.0021572 0.0123734 0.0551111 0.00818335 0.0390199 0.00234219 -0.00476503 0.0126385 0.0238629 0.0355903 -0.0013203 0.0174996 0.0306861 0.0568437 0.0395858 0.00857814 0.0874127 -0.0086071 0.0290123 0.0504684 -0.0017464
internal_weight=44607.5 6654.49 483.527 96.3385 67.8522 20.166 47.6862 26.2071 15.4358 387.189 156.386 13.9632 142.423 22.6817 119.741 230.803 58.0147 44.7074 37.0779 6170.96 63.6989 43.7813 21.7894 16.8888 9.92494 10.0602 28.4863 9.92427 9.3761 110.365
internal_count=238160 35678 2597 515 362 107 255 140 83 2082 839 75 764 121 643 1243 312 240 198 33081 337 230 116 90 53 54 153 53 50 593
is_linear=0
shrinkage=0.05


Tree=150
num_leaves=31
num_cat=0
split_feature=122 32 116 71 126 99 95 59 2 101 52 116 94 52 130 118 78 32 5 3 96 78 132 92 120 34 2 72 124 81
split_gain=1.92507 6.25521 5.41174 6.12505 2.02794 10.2569 10.7596 8.96902 8.65621 9.43904 7.32724 7.22579 7.01815 10.5953 8.51164 22.2957 6.4143 6.22467 6.16745 6.96723 6.82936 12.7003 7.24286 6.11524 6.05018 6.00494 5.77125 5.327 5.25208 8.75223
threshold=14.500000000000002 3.6059353145847917 124.50000000000001 -1.0000000180025095e-35 22.500000000000004 5.5000000000000009 0.28891849515103496 0.37500000000000006 26.614728063739502 -3.3999999999999999 3.6750000000000003 134.50000000000003 0.23595777619379107 3.5250000000000004 0.080930855118543962 0.14094893594765887 68.361977172750287 3.1039246501827691 67.500000000000014 3.5000000000000004 4.3000000000000016 46.990633801369249 5.1523581429624175 -6.5999999999999988 0.21612436062248239 11.500000000000002 22.911541849900136 3.5000000000000004 7.904427518283339 6.1000000000000005
decision_type=2 2 2 2 2 2 2 2 2 2 2 2 2 2 2 2 2 2 2 2 2 2 2 2 2 2 2 2 2 2
left_child=4 2 3 -2 28 8 7 11 9 -6 18 12 13 27 15 17 -17 -14 19 -11 21 -20 26 24 -22 -16 -23 -7 -1 -30
right_child=1 -3 -4 -5 5 6 -8 -9 -10 10 -12 -13 14 -15 25 16 -18 -19 20 -21 23 22 -24 -25 -26 -27 -28 -29 29 -31
leaf_value=-3.7396389216020496e-06 0.032041030228599353 0.042069541599647771 -0.062653143595869334 -0.039607435727716168 0.05190085329311922 -0.033772511611491494 0.083846239018828483 0.073402194897903381 0.069737663880249864 0.034304079873366498 -0.04377132663032729 -0.047976828670410088 0.037712936361355587 0.06398540487455194 -0.040429401503508572 0.15021049335620951 0.0653952865120557 -0.038516306044993689 0.092712079927115679 -0.038559464858572277 0.072147689046643718 0.013032762053324454 0.045171492688190054 -0.0048094257788152189 -0.0081047794850362797 0.031089066092431224 -0.056564422877930891 0.029843253532675112 -0.019015434198254105 0.048768145151562886
leaf_weight=44193.673547022045 5.5315286293625867 4.0163516849279395 6.7125411033630362 6.4739796072244662 7.8284518122673026 16.329013392329223 6.1199684441089621 5.9158148467540732 4.2643086165189734 3.9464506953954723 10.989386379718779 5.1120873242616645 5.6249625682830864 4.474996179342269 5.7372087538242322 4.5204223096370679 4.3979077488183975 5.1116402596235275 5.4610951244831112 19.450859233736992 5.2735538780689222 6.8078683614730853 7.4775907248258582 168.13648138940334 4.234111100435257 6.0092001259326935 5.2958227694034576 4.1212892085313788 63.016857743263245 5.1515253186225882
leaf_count=235953 31 21 43 42 40 87 30 30 21 21 60 27 29 23 31 22 22 27 27 105 27 36 39 895 23 31 29 22 339 27
internal_value=-3.75733e-06 -0.0145497 -0.0266985 -0.00659546 3.65988e-06 0.00395333 0.0203704 0.0146028 -0.000887751 -0.0021175 -0.00390126 0.00894113 0.0141069 -0.00570283 0.0298312 0.0499554 0.108385 0.00142059 -0.00196327 -0.0262695 0.000842542 0.0252873 0.00648293 -0.00260342 0.0364083 -0.00384215 -0.0174186 -0.0209522 -2.51307e-05 -0.013893
internal_weight=44607.2 22.7344 18.718 12.0055 44584.5 322.64 73.4745 67.3545 249.166 244.902 237.073 61.4387 56.3266 24.9253 31.4013 19.6549 8.91833 10.7366 226.084 23.3973 202.687 25.0424 19.5813 177.644 9.50766 11.7464 12.1037 20.4503 44261.8 68.1684
internal_count=238160 137 116 73 238023 1704 381 351 1323 1302 1262 321 294 132 162 100 44 56 1202 126 1076 131 104 945 50 62 65 109 236319 366
is_linear=0
shrinkage=0.05


Tree=151
num_leaves=31
num_cat=0
split_feature=132 132 11 89 102 57 126 48 84 114 130 57 100 82 77 84 115 93 53 80 119 131 80 91 122 74 119 114 130 96
split_gain=1.88297 9.41436 9.86794 15.618 12.4738 10.5196 9.76272 9.98952 10.4716 9.61083 16.3136 14.9293 13.7141 12.366 12.0664 9.80282 9.49401 9.30009 9.18418 8.43875 7.92714 10.5502 13.1659 15.7447 11.3904 10.755 11.5833 12.4958 11.0894 12.2885
threshold=4.4891252955082752 4.4512966476913354 2.5000000000000004 0.40000000000000019 30.500000000000004 0.12500000000000003 10.500000000000002 3.5000000000000004 1.7392473673530084 17.500000000000004 -0.020044418825275908 0.27500000000000008 1.0000000180025095e-35 1.0222494896572587 792.50000000000011 1.7521322513909965 49.500000000000007 1.0000000000000002 5.6250000000000009 1.5636487597155921 0.22477465067661326 266.50000000000006 1.7392473673530084 -0.59999999999999976 2.8333333333333335 -3.4999999999999996 0.21359222891456428 14.500000000000002 -0.10388981269973065 4.7000000000000002
decision_type=2 2 2 2 2 2 2 2 2 2 2 2 2 2 2 2 2 2 2 2 2 2 2 2 2 2 2 2 2 2
left_child=1 20 3 4 6 -6 7 -3 16 10 14 12 -12 15 -4 18 -9 -8 -11 -20 21 24 23 -23 25 -1 27 -27 -28 -30
right_child=-2 2 9 -5 5 -7 17 8 -10 13 11 -13 -14 -15 -16 -17 -18 -19 19 -21 -22 22 -24 -25 -26 26 28 -29 29 -31
leaf_value=-0.032512191190674403 -9.1966046456040437e-05 -0.038157963614560191 0.058525192389640907 -0.022670285345703655 0.069384224014596027 -0.010708152041559463 0.031688497734737163 0.012379856401407929 -0.025307119931293028 0.023241986383876947 0.047213628286288264 0.018441000542845445 0.17321510598902923 0.0058067825728612219 -0.024094990327574062 -0.0049182427562587359 0.090701403485809115 0.12201803975669188 0.045152416763941605 0.13364705651833295 -0.0035612957316164535 0.14212694124392103 -0.03952152789909933 0.024275708594209092 -4.4495432724260043e-05 0.074187527631570799 0.096740988528932217 0.0086263927444869739 0.085034006879910431 -0.025621874967099219
leaf_weight=11.487538754940031 41540.914758376777 6.9659361094236401 6.720601603388789 69.199550867080688 4.3878702968358985 62.43750661611557 7.116301015019415 7.558026075363161 6.0048316121101371 9.9265482127666527 3.9413832426071149 7.0611811131238928 4.7767333537340164 489.06655238568783 12.905205368995665 8.8550356179475767 7.9278227984905243 4.7524656653404236 5.3273891955614072 5.4496680349111557 1056.9078152924776 4.5073697417974463 3.7167814970016471 7.6339371502399436 1099.8946806266904 7.7178760021924964 8.4819413125515002 124.66731660068035 4.2473410815000516 6.1298827677965164
leaf_count=61 221782 37 35 369 23 333 38 40 32 52 21 38 25 2597 69 47 42 25 28 28 5662 23 20 40 5894 40 44 660 22 33
internal_value=-3.7142e-06 0.00119209 0.0061466 -0.00415459 0.00780313 -0.00544915 0.0297642 0.0138759 0.030742 0.00942551 0.03463 0.0724813 0.116251 0.00770487 0.00419721 0.03911 0.0524758 0.0678581 0.0579411 0.0899018 -0.000357405 0.00229121 0.0428201 0.0680271 0.00178219 0.0141286 0.0176711 0.0124485 0.0543322 0.019669
internal_weight=44606.7 3065.77 730.381 176.35 107.151 66.8254 40.3254 28.4566 21.4907 554.03 35.4051 15.7793 8.71812 518.625 19.6258 29.5586 15.4858 11.8688 20.7036 10.7771 2335.39 1278.48 15.8581 12.1413 1262.63 162.732 151.244 132.385 18.8592 10.3772
internal_count=238160 16378 3879 939 570 356 214 151 114 2940 188 84 46 2752 104 155 82 63 108 56 12499 6837 83 63 6754 860 799 700 99 55
is_linear=0
shrinkage=0.05


Tree=152
num_leaves=31
num_cat=0
split_feature=135 70 131 117 92 120 60 26 135 76 100 55 124 0 130 24 62 135 82 23 11 131 80 116 124 122 57 123 96 118
split_gain=1.87876 5.50758 8.36913 17.4366 12.4256 9.56609 11.144 9.14811 7.37204 6.92269 6.64498 9.00074 10.4178 8.73917 6.44993 9.1475 12.0529 7.07987 7.01415 6.497 6.33614 9.02623 10.0579 7.38461 6.70408 11.9485 9.77435 14.5559 9.74176 9.31509
threshold=31.825000000000006 3.5000000000000004 187.50000000000003 187.50000000000003 7.0000000000000009 0.2059465056493324 0.37500000000000006 4.5000000000000009 37.375000000000007 57.848452874824595 1.4000000000000001 10.500000000000002 2.7422230449076084 854.50000000000011 -0.071806221450299107 4.5000000000000009 -101.49999999999999 32.525000000000006 1.6673224128258834 8.5000000000000018 6.5000000000000009 316.50000000000006 1.1937171043518962 142.50000000000003 3.3166193083083004 3.8333333333333335 0.22500000000000003 4.2666666666666675 5.7000000000000002 0.16908619446736806
decision_type=2 2 2 2 2 2 2 2 2 2 2 2 2 2 2 2 2 2 2 2 2 2 2 2 2 2 2 2 2 2
left_child=-1 20 3 -3 5 6 9 -8 -9 -5 -4 14 -13 -14 15 18 -17 -16 -12 -19 -2 23 -23 24 -22 -26 28 -28 29 -27
right_child=1 2 10 4 -6 -7 7 8 -10 -11 11 12 13 -15 17 16 -18 19 -20 -21 21 22 -24 -25 25 26 27 -29 -30 -31
leaf_value=0.00017492340691977476 -0.00049727128597418051 -0.0067060676086086431 -0.0026968446796723582 0.03681109794076147 -0.042163099086356744 0.095805843025966703 0.1227302449983273 -0.007401058536285806 0.08445187934733267 -0.055085014854528172 -0.045603478233984571 -0.0081139429371211089 0.10707705565125669 0.01810576888131819 -0.052903721840031892 0.088410274200111272 0.0024527507771048406 -0.019374953385279163 0.0057068840593566816 0.031152485941101871 0.00091780412711093575 0.091190226481967229 0.016308354118720537 -0.034580785949122193 0.037654733846495259 0.061695186052775679 0.051108403224216684 -0.016072068506464032 -0.024213381983214533 0.013696976579185303
leaf_weight=34228.863491497934 8456.8810869082808 51.725998796522617 979.49668260663748 3.8093688637018257 4.0968033075332633 8.4289498627185804 4.1688636839389792 4.9752997159957868 3.8942521661520004 4.4356914460659027 16.949623778462414 21.32271671295166 4.3147896379232389 7.6595024317502975 15.235308945178984 4.5088509768247595 42.69448034465313 142.86212229728699 10.971981048583983 6.6585932821035376 386.98840306699276 5.9658025503158596 18.057383269071579 12.381180584430693 37.803442448377609 16.234194487333298 9.3295853137969953 59.388610914349556 9.4675440341234189 26.787735670804977
leaf_count=182426 45424 279 5267 20 22 42 21 26 20 24 92 114 23 41 83 24 229 774 58 36 2068 31 97 66 202 86 50 320 51 144
internal_value=-3.74881e-06 -0.000593077 -0.00358678 0.0115452 0.0394684 0.0507239 0.03287 0.0616409 0.0329278 -0.0126273 -0.00462002 -0.0115157 0.0128445 0.0501655 -0.014897 -0.00275539 0.0106634 -0.0204334 -0.0254407 -0.0171248 -0.000149877 0.00489451 0.0349042 0.0036034 0.00446927 0.0131126 0.0054581 -0.00695125 0.0217042 0.031809
internal_weight=44606.4 10377.5 1338.21 85.5352 33.8092 29.7124 21.2835 13.0384 8.86955 8.24506 1252.67 273.178 33.297 11.9743 239.881 75.1249 47.2033 164.756 27.9216 149.521 9039.28 582.404 24.0232 558.381 546 159.011 121.208 68.7182 52.4895 43.0219
internal_count=238160 55734 7195 454 175 153 111 67 46 44 6741 1474 178 64 1296 403 253 893 150 810 48539 3115 128 2987 2921 853 651 370 281 230
is_linear=0
shrinkage=0.05


Tree=153
num_leaves=31
num_cat=0
split_feature=126 0 118 91 131 116 128 126 112 86 135 132 121 123 39 17 99 75 135 116 135 32 62 32 0 143 116 131 121 128
split_gain=1.90223 7.99595 14.2346 12.7614 15.7888 11.5737 9.38371 9.83199 10.1253 7.99641 9.38947 7.78226 7.74302 7.37496 9.46142 9.29485 10.4829 8.8431 10.4462 10.0991 9.83393 15.7452 13.9127 11.3478 9.88931 9.6727 9.21789 9.04291 8.60198 12.5867
threshold=10.500000000000002 620.50000000000011 0.22693286643585828 -3.0999999999999996 225.50000000000003 131.50000000000003 -22.499999999999996 16.500000000000004 4.5000000000000009 1.1937171043518962 21.125000000000004 4.6347680097680106 22.500000000000004 4.5500000000000007 5.5000000000000009 5.5000000000000009 5.5000000000000009 877.50000000000011 18.075000000000006 38.500000000000007 19.575000000000006 3.2918937389979512 -99.499999999999986 2.6836942823401588 826.50000000000011 14.500000000000002 119.50000000000001 179.50000000000003 2.5000000000000004 -20.499999999999996
decision_type=2 2 2 2 2 2 2 2 2 2 2 2 2 2 2 2 2 2 2 2 2 2 2 2 2 2 2 2 2 2
left_child=-1 2 3 4 -2 -6 -5 8 -8 -4 -11 -9 13 15 17 16 -3 25 -19 -20 21 23 -23 26 -24 -15 -21 -22 29 -16
right_child=1 12 9 6 5 -7 7 11 -10 10 -12 -13 -14 14 28 -17 -18 18 19 20 27 22 24 -25 -26 -27 -28 -29 -30 -31
leaf_value=0.00018604240362200857 -0.031269321730741775 0.0015480199982268795 -0.06599931168146829 -0.0073076099720368569 0.037980546743099503 -0.03619147392557312 0.055045085548231024 0.061386784685410645 -0.023084084475743883 0.02611939250052956 -0.024410280540599953 -0.022129536131761746 0.044114024757513866 -0.00085634198380890787 0.078772670890709495 -0.0038895893526509993 0.079551953537787032 -0.018240135412395688 -0.013949294204454116 0.089202259797162564 0.031068162743748847 0.015616999462689934 0.15367990956647518 -0.0097488177195602186 0.059332160009718464 0.037415790096675554 0.011617064199783013 0.0042527894804443031 0.083960965061215892 -0.039491983940767278
leaf_weight=33341.858235120773 23.758166551589966 10.983084812760355 6.4149687737226477 13.466492414474486 25.294641777873043 6.6399176418781272 48.178487405180931 3.8615049272775641 4.5374360382556906 14.54660129547119 24.983723476529121 10.046220690011976 9.6149310320615751 8121.4942722097039 3.7748073190450659 1941.9082355946302 7.0859337449073783 48.798539087176323 62.152268372476101 6.406789928674697 32.815221473574638 9.0705134123563784 4.7522618919610959 28.841029971837997 6.6836410164833069 16.54269677400589 9.5126379877328855 750.1227113455534 6.2788342833518973 5.5687835961580268
leaf_count=177824 127 59 35 72 135 36 253 20 24 78 135 54 49 43515 20 10432 36 265 338 34 172 48 25 153 35 86 50 3987 33 30
internal_value=-3.74139e-06 -0.000565502 0.00983758 0.0179777 -0.000404107 0.0225585 0.0307599 0.0384544 0.0483202 -0.014219 -0.00581607 0.00105892 -0.00073609 -0.000775035 -0.000176596 -0.00355745 0.032138 -0.00024336 0.00429746 0.00550556 0.00693111 0.0255777 0.0618605 0.0089553 0.098539 -0.000778544 0.0428413 0.0053767 0.0387012 0.00828689
internal_weight=44606 11264.1 181.728 135.783 55.6927 31.9346 80.0901 66.6236 52.7159 45.9453 39.5303 13.9077 11082.4 11072.8 9112.82 1959.98 18.069 9097.19 959.156 910.357 848.205 65.2669 20.5064 44.7605 11.4359 8138.04 15.9194 782.938 15.6224 9.34359
internal_count=238160 60336 969 721 298 171 423 351 277 248 213 74 59367 59318 48791 10527 95 48708 5107 4842 4504 345 108 237 60 43601 84 4159 83 50
is_linear=0
shrinkage=0.05


Tree=154
num_leaves=31
num_cat=0
split_feature=143 123 10 119 78 15 95 53 74 77 113 40 135 71 116 2 73 4 62 117 79 52 120 93 76 41 96 120 34 12
split_gain=1.9275 8.37175 10.4906 8.87293 11.7969 8.36247 9.49186 8.06601 13.2229 11.5111 12.6492 9.54596 8.05543 7.48046 7.24583 10.3038 7.34214 11.28 9.48415 8.79363 9.61843 9.40001 7.31358 7.17846 6.4589 7.93128 7.34728 15.549 6.95262 6.52377
threshold=13.500000000000002 3.1000000000000005 5.5000000000000009 0.049460379280420845 82.078986312347965 1.0000000180025095e-35 0.21942542447789973 5.4250000000000016 -2.4999999999999996 769.50000000000011 8.5000000000000018 1.5000000000000002 22.625000000000004 -1.0000000180025095e-35 46.500000000000007 22.279895333687524 -0.23684210526315791 67.500000000000014 -74.499999999999986 266.50000000000006 3.9000000000000004 3.7750000000000004 0.01651121940145206 -1.0000000180025095e-35 78.45239178811768 1.5000000000000002 5.3000000000000016 0.0096895741184565825 16.500000000000004 2.5000000000000004
decision_type=2 2 2 2 2 2 2 2 2 2 2 2 2 2 2 2 2 2 2 2 2 2 2 2 2 2 2 2 2 2
left_child=-1 2 3 -2 -5 6 -4 8 -3 -10 11 -11 -6 -14 15 -9 17 -16 22 20 -20 24 -18 -13 25 -22 28 -28 -27 -26
right_child=1 7 5 4 12 -7 -8 14 9 10 -12 23 13 -15 16 -17 18 -19 19 -21 21 -23 -24 -25 29 26 27 -29 -30 -31
leaf_value=2.4276970057687812e-05 0.06450747952513855 -0.065653946181281383 0.10910043283641979 -0.026182804207027788 -0.02969875513489495 0.0036880843246015504 0.024608183798681307 0.08106261710425279 0.10905226295320397 -0.019845143187607144 -0.038380501089088505 0.12109285800404108 0.10069636348671532 0.012045024738312966 0.043166564654966856 -0.01621655159925638 -0.036919055144080372 -0.040144008927268993 0.049171662851961832 0.057060655215594926 -0.042844316230407381 0.057690454621431408 0.029463672999477844 0.033499212061616677 -0.0046490849213069365 -0.028992782509175436 0.078480319999304465 -0.033287705901141822 0.032066188647544284 0.050230128284308832
leaf_weight=44283.375140182674 4.547519475221633 4.1669522821903255 6.3292796015739441 30.323843359947205 3.9858701080083838 9.6904823482036591 7.0004114508628845 5.012178570032118 3.934364557266238 4.1003458797931698 7.0946202278137198 4.122465327382093 4.6117489188909522 4.9162487983703604 4.5278510004281989 5.9575597047805786 36.698470041155815 39.577920705080032 7.7253362238407126 6.0379519015550605 24.996571034193039 5.1159892529249182 4.67806252837181 5.4064524620771337 26.443235099315643 30.426554039120674 6.4922377020120603 5.9761656671762466 5.505831539630889 6.8098969757556906
leaf_count=236458 24 23 30 160 21 50 36 26 20 21 38 20 22 25 24 32 196 213 41 32 134 26 25 28 141 163 34 32 29 36
internal_value=-3.75953e-06 -0.00385697 0.0112477 -0.00197141 -0.00886762 0.0390325 0.0647273 -0.0081573 0.0167257 0.0306468 0.0157618 0.0439452 0.029986 0.0549541 -0.0113885 0.0282312 -0.0134481 -0.0315914 -0.00865368 -0.00181084 -0.00478563 -0.00851518 -0.0294138 0.0713946 -0.011691 -0.0199732 -0.00816142 0.0249094 -0.0196369 0.00658961
internal_weight=44605.6 322.212 71.4054 48.3852 43.8377 23.0202 13.3297 250.807 28.8252 24.6582 20.7239 13.6293 13.5139 9.528 221.982 10.9697 211.012 44.1058 166.906 125.53 119.492 111.766 41.3765 9.52892 106.65 73.3974 48.4008 12.4684 35.9324 33.2531
internal_count=238160 1702 368 252 228 116 66 1334 150 127 107 69 68 47 1184 58 1126 237 889 668 636 595 221 48 569 392 258 66 192 177
is_linear=0
shrinkage=0.05


Tree=155
num_leaves=31
num_cat=0
split_feature=134 75 118 96 60 77 135 121 118 126 112 24 61 6 124 34 130 40 135 59 86 114 92 131 46 135 108 124 37 86
split_gain=1.88691 6.84475 6.08556 5.78547 5.81278 4.77577 7.80156 7.22985 6.51834 5.28811 11.7556 11.1896 6.92106 7.50444 6.71048 6.61431 5.75293 5.50101 5.07664 4.82355 4.45273 4.77262 4.02905 3.29162 3.25815 2.0021 11.322 10.8825 11.291 8.60891
threshold=10.500000000000002 712.16666666666686 0.36854814540611691 4.5000000000000009 0.27500000000000008 782.10000000000014 40.475000000000009 1.5000000000000002 0.24765555722777402 5.5000000000000009 4.5000000000000009 3.5000000000000004 -187.49999999999997 46.250000000000007 4.544593621151086 12.500000000000002 -0.077921600041103573 1.5000000000000002 42.625000000000007 0.27500000000000008 1.4387326679038659 27.500000000000004 3.0000000000000004 219.50000000000003 1.5000000000000002 48.025000000000006 1.0000000180025095e-35 3.7682849986339995 2.5000000000000004 1.4764667715445201
decision_type=2 2 2 2 2 2 2 2 2 2 2 2 2 2 2 2 2 2 2 2 2 2 2 2 2 2 2 2 2 2
left_child=25 -2 3 20 -5 6 -6 8 -7 15 12 -12 -11 14 17 16 -9 -14 -10 -19 -3 24 -8 -15 -22 -1 27 -27 -29 -28
right_child=1 2 -4 4 5 7 22 9 18 10 11 -13 13 23 -16 -17 -18 19 -20 -21 21 -23 -24 -25 -26 26 29 28 -30 -31
leaf_value=2.0510512611904243e-06 0.052459698419707712 -0.050536639043779363 -0.063854130410413823 -0.044014645419211296 0.028254209790123615 -0.064184832763621802 -0.055178996313292997 0.056338853064527288 0.035167651945287468 -0.027092766997153479 0.037398871287689893 -0.059832530700723197 0.10717714787352667 0.027961560865003801 -0.0033405066831961477 0.099555316123954116 -0.020016540991336942 0.0014695260184372867 -0.039249708548228901 0.07895185653321167 -0.00037091035199556091 0.030947131554637675 -0.0045073028953238016 -0.038617559940515543 -0.051006645038683567 -0.012697747825207606 0.015133203341307562 0.085846096262491373 -0.019327518552931078 0.10377448589555308
leaf_weight=44400.724519759417 4.8753559887409201 11.074361473321916 4.6814541965723029 7.0942575782537451 6.7917560487985638 5.6493099033832541 10.060392782092096 5.5824924856424323 5.4329847693443281 5.10246522724628 4.2958231270313254 9.5083962678909284 5.8999531418085231 3.6884646266698828 3.9499203562736502 3.8731405436992636 4.4201366156339637 3.6848996430635435 3.9637512564659119 4.4155504405498505 6.161144822835924 5.0560675710439673 6.43042068183422 3.7374967932701111 6.5586748421192169 40.71884236484766 6.1202288269996625 6.4224549978971464 4.2342951744794846 4.9582576304674149
leaf_count=237042 24 65 28 40 36 33 57 29 30 28 23 54 29 20 22 20 25 20 23 23 35 27 35 21 37 219 33 33 23 26
internal_value=-3.74277e-06 -0.0057585 -0.00782857 -0.00584807 -0.000332677 0.00287905 -0.0168457 0.00915244 -0.0217406 0.0171447 0.00870507 -0.0295745 0.0260424 0.0367264 0.054215 0.0440788 0.0225976 0.0704531 0.00377676 0.0437051 -0.0256501 -0.0101458 -0.0354201 -0.0055478 -0.02648 1.46344e-05 0.0089606 -0.000925212 0.044057 0.0548053
internal_weight=44605.2 141.989 137.113 132.432 103.582 96.4874 23.2826 73.2048 15.046 58.1587 44.283 13.8042 30.4788 25.3763 17.9503 13.8758 10.0026 14.0004 9.39674 8.10045 28.8502 17.7759 16.4908 7.42596 12.7198 44463.2 62.4541 51.3756 10.6568 11.0785
internal_count=238160 784 760 732 568 528 128 400 86 314 240 77 163 135 94 74 54 72 53 43 164 99 92 41 72 237376 334 275 56 59
is_linear=0
shrinkage=0.05


Tree=156
num_leaves=31
num_cat=0
split_feature=124 32 76 88 10 68 132 73 116 80 24 25 132 2 117 84 87 86 87 17 114 131 76 122 132 78 125 82 24 144
split_gain=1.87544 11.8268 9.34932 17.4284 15.7995 10.7165 9.39836 8.96053 12.1656 13.472 12.5039 10.1465 12.2127 9.53437 8.63765 9.24903 8.34084 10.3724 11.674 10.2988 10.0925 9.99393 9.48309 9.22759 12.6923 9.17742 11.3305 9.67757 10.3184 9.14385
threshold=4.7116856836982839 2.0465425325938553 33.750693022325279 -1.8999999999999997 7.5000000000000009 4.5000000000000009 4.8481554677206864 0.15789473684210509 121.50000000000001 1.9557569619104282 7.5000000000000009 5.5000000000000009 4.6898980087421087 25.54344327772753 266.50000000000006 1.9608667406307008 -130.49999999999997 1.1067764362830024 -109.8333333333333 12.500000000000002 15.500000000000002 224.50000000000003 12.360329994614018 10.833333333333334 5.2441734417344188 91.781915227198638 1.5000000000000002 1.8506711151805402 2.5000000000000004 40.500000000000007
decision_type=2 2 2 2 2 2 2 2 2 2 2 2 2 2 2 2 2 2 2 2 2 2 2 2 2 2 2 2 2 2
left_child=-1 -2 3 4 5 14 7 8 9 10 -5 13 -13 -9 15 -3 19 18 -18 -8 -20 -22 -19 25 -25 27 -27 -24 -29 -23
right_child=1 2 -4 6 -6 -7 16 11 -10 -11 -12 12 -14 -15 -16 -17 17 22 20 -21 21 29 23 24 -26 26 -28 28 -30 -31
leaf_value=0.00010336607560445684 -0.014915846853735282 0.006481976845677688 -0.0016739254534802927 -0.0096019239052932675 0.057979420099423584 0.057762801009767606 0.05028570428585688 0.031710870217752776 -0.02493237825869209 0.058754726379997062 0.047401368501605839 0.015705217829703747 -0.045970316336088335 -0.038791248326934667 -0.056390484296006106 0.085113120239847975 -0.043254395506497199 -0.018637823665103328 0.10108677379307621 0.00053159488936836772 -0.015229656644094744 0.025547168256816102 -0.0081544463938961111 0.082585835197348342 -0.0039839726263989836 0.012069952969894139 0.097528436317572437 0.06813498514335796 0.0072792655169628493 0.096165888105517308
leaf_weight=40219.627986133099 147.24934633076191 72.410686075687408 3392.4390290528536 124.42949184775352 24.305711343884468 11.558571994304655 22.609215661883354 42.497405707836151 87.58824422955513 8.7713286578655225 10.426338419318197 17.556814260780811 14.786541879177092 5.4053788483142844 5.1447906345129004 3.9434577524662009 6.3702581822872153 56.310537427663803 4.3682262152433387 19.261872947216034 13.625116646289824 40.188350349664688 154.08125787973404 8.5491125285625476 8.3882163763046247 15.7949735224247 5.1410934180021277 8.1306212842464429 48.607109278440475 5.1739779561758033
leaf_count=214672 795 389 18171 668 128 61 120 225 470 47 55 94 80 29 28 21 34 302 22 103 73 216 828 44 44 84 27 43 260 27
internal_value=-3.68772e-06 -0.00098557 -0.000501547 0.00420286 0.0220834 0.0127077 0.00132053 -0.00524953 -0.0102457 -0.00128933 -0.00519473 0.00914611 -0.0124912 0.0237554 0.00631772 0.010543 0.00623249 0.00386759 0.0212658 0.0273974 0.0277532 0.0223226 -0.000109785 0.00408545 0.0397121 0.00148175 0.0330553 -0.00165376 0.016 0.0336019
internal_weight=44604.7 4385.11 4237.86 845.425 117.363 93.0575 728.061 311.462 231.215 143.627 134.856 80.2461 32.3434 47.9028 81.4989 76.3541 416.6 374.729 69.7259 41.8711 63.3557 58.9874 305.003 248.692 16.9373 231.755 20.9361 210.819 56.7377 45.3623
internal_count=238160 23488 22693 4522 627 499 3895 1668 1240 770 723 428 174 254 438 410 2227 2004 372 223 338 316 1632 1330 88 1242 111 1131 303 243
is_linear=0
shrinkage=0.05


Tree=157
num_leaves=31
num_cat=0
split_feature=127 132 73 115 118 102 135 135 2 82 128 120 35 50 123 60 144 53 125 126 46 73 94 32 97 11 100 4 110 101
split_gain=1.93037 5.42465 7.52588 7.8957 7.50127 5.73772 5.47411 2.91065 4.083 3.37634 2.66519 5.058 3.53927 2.86515 3.34869 4.29207 3.10923 4.02541 2.79135 2.50876 5.75236 8.14119 7.58381 7.4714 9.4011 8.7853 6.56607 6.55587 6.59964 6.00365
threshold=-2.4999999999999996 4.8345771144278613 0.18421052631578957 44.500000000000007 0.17376044085036715 13.500000000000002 24.525000000000002 35.57500000000001 23.31327411236548 1.2825740526765415 -1.4999999999999998 0.36994197690161396 7.5000000000000009 1.425 4.1000000000000005 0.32500000000000001 46.500000000000007 5.9250000000000016 7.5000000000000009 27.500000000000004 2.5000000000000004 -0.36842105263157893 0.23595777619379107 3.4327733491790737 5.5000000000000009 4.5000000000000009 1.0000000180025095e-35 76.500000000000014 1.0000000180025095e-35 -1.0000000180025095e-35
decision_type=2 2 2 2 2 2 2 2 2 2 2 2 2 2 2 2 2 2 2 2 2 2 2 2 2 2 2 2 2 2
left_child=10 7 3 4 5 -3 -7 8 -2 -9 18 13 -13 -12 16 -16 17 -15 19 -1 21 -21 -22 24 25 27 -25 -23 -29 -24
right_child=1 2 -4 -5 -6 6 -8 9 -10 -11 11 12 -14 14 15 -17 -18 -19 -20 20 22 23 29 26 -26 -27 -28 28 -30 -31
leaf_value=-1.5253634245730443e-05 -0.058609012768590867 -0.028454904544862821 -0.046573422218276789 0.072007071296507116 -0.04793032213191304 0.0042677408835375165 0.07519013208993397 0.03226162183491376 -0.0033101913463417358 -0.036703304220296516 0.033743003773053518 0.0029539941471105895 0.06040077564328529 -0.037042876224903924 0.060382486955001084 -0.0070065005598526535 0.022225084454249124 0.01371036706194316 -0.037451022543289969 -0.044140428718849781 -0.058480474354385505 0.047905070088341162 0.051379973793678826 -0.039008373172153207 0.086101966361738336 0.073966103057882274 0.033910411418191268 -0.051587966828076794 0.030873004623016887 -0.030658310684722551
leaf_weight=44431.828296422958 10.283330351114275 4.3476906716823676 6.0046193897724143 4.997670665383338 5.5208451226353636 5.4775024056434614 5.4059181362390518 3.5836157351732245 4.9422995820641509 3.5159096866846085 6.3194363564252845 4.1370356380939466 7.6187790632247925 13.400235772132879 4.137945428490637 5.50784070789814 4.9613870978355399 5.5145793557167044 4.9762780219316474 4.6306372433900824 6.3253997862339011 5.2940322756767335 4.7706444412469855 6.9607920497655851 7.9039967358112326 5.9697256386280051 5.5476931631565094 6.4401663243770582 3.893224373459816 4.187658578157424
leaf_count=237236 63 28 38 23 32 30 27 21 30 22 32 21 38 73 20 28 26 29 27 27 35 25 23 38 36 28 27 35 19 23
internal_value=-3.71669e-06 -0.00944457 0.00383354 0.0155881 0.00200074 0.0200993 0.0394957 -0.0283307 -0.0406588 -0.00189199 7.74351e-06 0.0113649 0.0401844 0.00286125 -0.00296046 0.0219027 -0.013005 -0.0222459 -5.42535e-06 -1.23736e-06 0.0100558 0.0187794 -0.0165656 0.0257149 0.0394452 0.02237 -0.00666784 0.00266016 -0.0205198 0.0130303
internal_weight=44604.4 54.0794 31.7542 25.7496 20.752 15.2311 10.8834 22.3252 15.2256 7.09953 44550.3 51.5972 11.7558 39.8414 33.522 9.64579 23.8762 18.9148 44498.7 44493.8 61.924 46.6403 15.2837 42.0096 29.5011 21.5971 12.5085 15.6274 10.3334 8.9583
internal_count=238160 314 178 140 117 85 57 136 93 43 237846 267 59 208 176 48 128 102 237579 237552 316 235 81 208 143 107 65 79 54 46
is_linear=0
shrinkage=0.05


Tree=158
num_leaves=31
num_cat=0
split_feature=131 114 142 69 89 25 93 127 114 86 132 132 3 80 132 100 23 62 3 98 61 124 32 131 40 23 137 119 118 50
split_gain=1.88306 7.79124 8.09678 9.43743 10.5924 8.41185 9.52327 8.24266 8.0427 7.21125 6.68537 9.54944 10.258 6.89408 6.56965 10.2065 9.3157 9.09068 11.5891 9.60745 8.10066 9.95855 9.97953 9.65255 7.48466 8.92564 7.61133 10.3189 7.46001 7.05662
threshold=341.50000000000006 23.500000000000004 6.5000000000000009 4.5000000000000009 -2.4999999999999996 8.5000000000000018 6.2000000000000011 -13.499999999999998 28.500000000000004 2.6804809742357212 5.0859605911330057 5.3504385964912293 4.5000000000000009 1.5636487597155921 5.8041346973572043 2.6000000000000001 7.5000000000000009 77.500000000000014 1.5000000000000002 4.1000000000000005 59.500000000000007 3.0773326503159661 2.6614098185438251 344.50000000000006 1.5000000000000002 6.5000000000000009 1.5000000000000002 0.25888827944681087 0.26945622748770653 1.5250000000000001
decision_type=2 2 2 2 2 2 2 2 2 2 2 2 2 2 2 2 2 2 2 2 2 2 2 2 2 2 2 2 2 2
left_child=-1 -2 5 4 -4 6 9 -7 -9 10 -3 12 13 -12 24 16 17 19 -19 -16 21 22 -21 -23 29 26 -26 -28 -20 -6
right_child=1 2 3 -5 14 7 -8 8 -10 -11 11 -13 -14 -15 15 -17 -18 18 28 20 -22 23 -24 -25 25 -27 27 -29 -30 -31
leaf_value=5.0957847786960765e-05 -0.03080365982382785 -0.037345190711685829 -0.041059696499032489 0.087635648099482266 -0.066253119680499115 0.07261418674864864 -0.023918702804655061 0.06616681965508274 -0.016642946327131918 0.056345805989151468 -0.039966199752685908 -0.002709519355852761 0.10773493056027511 0.054145432113644677 0.062576005372521976 0.088795749890223152 0.092311556304508463 0.1162462697208546 0.044489130907374386 0.10246367855949462 -0.046351738021367349 0.052035185084687387 0.010961295012568531 -0.03216893263354717 -0.0093240864672749554 -0.046911705509917627 0.10240053959542972 0.00022473046370234258 -0.033085197803323946 0.013410799861479958
leaf_weight=43379.182653009892 22.937683075666428 13.692127883434294 10.096754059195517 3.8391803354024878 7.7342917025089246 7.0170938372612026 53.901458501815796 4.0771397799253455 10.440337836742399 5.2070635408163062 3.7254393845796567 965.67835491895676 3.9929014891386032 4.0738914161920547 5.6697459220886222 5.0781186521053305 3.7585474997758856 4.0658950209617641 10.152208000421522 4.0935183316469184 9.9700038880109769 4.1733518391847637 10.952212661504744 18.447945550084114 7.7553263604641023 5.1516088396310797 5.5230312794446927 4.4716619551181793 4.4609435945749274 4.3394509553909302
leaf_count=231524 127 74 56 20 42 35 299 21 53 27 20 5250 21 21 29 26 20 21 52 21 54 22 59 98 41 28 28 24 24 23
internal_value=-3.62442e-06 -0.00193729 -0.00138623 0.0104112 0.00805626 -0.00281422 -0.00344849 0.0281201 0.00661364 -0.0023411 -0.00264941 -0.0021634 0.042559 0.00919194 0.0123388 0.0201732 0.0155726 0.0115659 0.0415823 0.00104791 -0.00627514 0.00433264 0.0358565 -0.0166343 -0.00576524 0.0110291 0.0278453 0.0566867 0.0208081 -0.0376209
internal_weight=44603.7 1224.48 1201.54 129.734 125.895 1071.81 1050.27 21.5346 14.5175 996.37 991.163 977.471 11.7922 7.79933 115.798 80.8225 75.7444 71.9858 18.679 53.3068 47.637 37.667 15.0457 22.6213 34.9754 22.9016 17.75 9.99469 14.6132 12.0737
internal_count=238160 6636 6509 688 668 5821 5712 109 74 5413 5386 5312 62 41 612 426 400 380 97 283 254 200 80 120 186 121 93 52 76 65
is_linear=0
shrinkage=0.05


Tree=159
num_leaves=31
num_cat=0
split_feature=105 61 102 119 82 130 83 116 45 95 131 61 144 84 69 130 131 92 127 83 126 32 75 53 132 124 102 107 50 116
split_gain=1.88373 5.08336 8.32394 9.66194 15.3903 10.1131 10.0932 8.78444 8.67039 9.05767 8.6604 8.47938 15.1328 8.25866 8.88433 7.79311 7.61192 10.5984 9.63344 8.53927 8.85717 8.48746 7.58801 9.23761 7.57474 7.51681 7.41543 8.26547 11.6066 10.164
threshold=1.0000000180025095e-35 -192.49999999999997 34.500000000000007 0.14992578736227519 1.9442154059641628 -0.038070763216036814 3.9000000000000004 113.50000000000001 1.0000000180025095e-35 0.25447108563979598 226.50000000000003 -259.49999999999994 2.5000000000000004 1.9039392014169458 -3.4999999999999996 -0.13474452322699079 248.50000000000003 -9.7999999999999989 -14.499999999999998 5.3000000000000016 3.5000000000000004 4.0006915021652176 826.50000000000011 6.4250000000000016 4.5461647727272743 6.5574378150061348 76.500000000000014 1.0000000180025095e-35 1.425 137.50000000000003
decision_type=2 2 2 2 2 2 2 2 2 2 2 2 2 2 2 2 2 2 2 2 2 2 2 2 2 2 2 2 2 2
left_child=-1 2 3 4 8 6 -5 -6 -2 25 -11 12 -4 -7 -15 -13 19 -18 -19 -17 -21 26 24 -24 -8 -10 27 -20 -29 -30
right_child=1 -3 11 5 7 13 22 -9 9 10 -12 15 -14 14 -16 16 17 18 21 20 -22 -23 23 -25 -26 -27 -28 28 29 -31
leaf_value=0.00032015034876766183 0.067582261473459873 -0.00013837089565702505 0.10201523617877253 0.050232409876514686 0.027129094803506493 -0.0023978307509051723 0.0019876567207365312 0.12378684715611321 -0.017077116606907718 -0.015661934304531198 0.062715343244491711 -0.029506474642764714 0.0057173318707840958 0.019956460086556146 -0.032719243484541853 -0.015058391265221537 0.069313933041906861 -0.042983968631522117 -0.0015386890224268366 -0.066205152518873545 0.0059796468972382931 0.043146099398661299 -0.020764460834562376 0.047242597566416494 -0.054935139446537412 0.042083932657272186 -0.035965456509161858 0.069464380286079236 -0.0046863663851633751 0.065659649939016698
leaf_weight=22382.213103167713 4.4745183736085883 20883.94457437098 4.1429945081472388 4.7001003324985495 5.8336374014615995 272.87976165115833 7.2798716574907294 3.9369788318872452 60.282314822077751 5.8497097939252845 8.8668626099824888 27.837510198354721 266.92309617996216 9.6944874972105008 45.923079714179039 161.17911687493324 6.2311807870864859 10.728094965219496 113.91517552733421 4.429226040840148 104.75914715230465 14.021424770355223 97.886729747056961 5.2617559283971778 29.637771889567375 5.8940693438053122 11.57328614592552 10.650828346610067 25.878306731581688 6.4059301614761344
leaf_count=119080 24 111920 22 25 31 1466 39 21 321 31 47 147 1427 51 248 865 33 58 612 24 562 74 522 28 158 31 63 57 139 34
internal_value=-3.61249e-06 -0.000329724 -0.00331849 -0.00790624 0.00663324 -0.010829 -0.0218392 0.0660764 -0.000170251 -0.00391792 0.0315611 7.39565e-05 0.00718916 -0.00597697 -0.0235375 -0.00380196 -0.00227877 0.00513235 0.00306204 -0.00774469 0.00305147 0.00576963 -0.0242576 -0.0172953 -0.0437104 -0.0118079 0.002658 0.00550786 0.0242037 0.00927189
internal_weight=44603.2 22221 1337.08 568.402 95.1381 473.264 144.766 9.77062 85.3675 80.893 14.7166 768.675 271.066 328.497 55.6176 497.609 469.772 199.404 193.173 270.367 109.188 182.445 140.066 103.148 36.9176 66.1764 168.424 156.85 42.9351 32.2842
internal_count=238160 119080 7160 3043 506 2537 772 52 454 430 78 4117 1449 1765 299 2668 2521 1070 1037 1451 586 979 747 550 197 352 905 842 230 173
is_linear=0
shrinkage=0.05


Tree=160
num_leaves=31
num_cat=0
split_feature=135 78 85 108 122 120 132 89 81 114 118 135 90 121 113 117 85 118 103 52 116 118 122 114 27 72 89 3 118 80
split_gain=1.87087 6.17289 7.3019 8.99211 10.6942 9.58213 10.6169 6.76351 8.29028 11.1254 8.43986 7.99067 13.0106 12.274 17.4618 8.41421 7.60727 6.86713 6.58198 6.30792 6.22499 11.0337 10.3964 11.0956 12.4045 17.9314 10.6737 10.2898 10.1785 10.4143
threshold=41.675000000000004 41.351960894304462 4.1000000000000005 1.0000000180025095e-35 4.8333333333333348 0.31772568499336379 4.8514578408195446 -2.6999999999999997 5.3000000000000016 26.500000000000004 0.27472717854511747 43.225000000000009 -0.29999999999999993 1.5000000000000002 12.500000000000002 237.50000000000003 4.5000000000000009 0.4029024944025128 0.043750000000000004 3.0250000000000004 121.50000000000001 0.32507825628489267 1.1666666666666667 27.500000000000004 4.5000000000000009 1.5000000000000002 0.40000000000000019 5.5000000000000009 0.17595033946544603 1.9091878601440861
decision_type=2 2 2 2 2 2 2 2 2 2 2 2 2 2 2 2 2 2 2 2 2 2 2 2 2 2 2 2 2 2
left_child=-1 2 3 4 5 6 -2 8 9 19 -11 15 -13 -14 18 16 -10 20 -15 -3 28 -22 -23 24 -24 -26 -27 -25 29 -9
right_child=1 7 -4 -5 -6 -7 -8 17 11 10 -12 12 13 14 -16 -17 -18 -19 -20 -21 21 22 23 27 25 26 -28 -29 -30 -31
leaf_value=5.0858191806739952e-05 0.018369138461366282 -0.032401736606272241 -0.01746497869965245 -0.053101550078179183 -0.042369796577183975 -0.013648566063924292 0.11632015485976036 0.0093366511433549213 -0.026058269410460834 0.13088307381131614 0.037521379783086117 -0.035249385635383455 -0.010846700135609434 -0.024253242003296763 0.10736622160899859 -0.043686587980596603 0.054402705746818991 -0.035523712218878921 0.05506332288379754 0.030940294822435419 -0.0083226569359961637 -0.065690937861515877 0.0058149140626443906 0.015432041960477948 0.1569503669838421 -0.026512174754276509 0.092204227616685577 -0.043748350550311281 -0.0011659671546981267 0.051349466443845339
leaf_weight=43375.478701300919 5.1426592916250282 5.6182477623224321 110.85238219797611 4.2926965057849875 4.4072742313146582 4.7688439488410941 5.9871391803026199 87.645861066877842 6.0726613104343432 4.232585132122038 5.6546925902366638 9.2195027321577054 10.528684869408609 5.6542506664991397 8.9782594889402372 14.921418607234953 5.6903199851512909 14.949789747595785 4.8669924885034561 13.083435937762259 428.28687243908644 3.968973144888877 10.356988102197649 35.265564262866974 4.6908992081880552 3.805701807141304 3.7679063677787781 9.2772043496370298 377.82939161360264 17.73519629240036
leaf_count=231496 26 29 624 25 25 26 27 466 32 21 29 48 55 29 44 79 29 84 25 67 2343 22 56 190 25 21 20 52 2055 90
internal_value=-3.61807e-06 -0.00192853 -0.0119963 0.0126478 0.0265473 0.0456519 0.0710607 -0.000679845 0.0121032 0.0345906 0.077488 0.00235238 0.0167051 0.0326566 0.0561461 -0.0187578 0.0128646 -0.00189104 0.0124376 0.0119115 -0.00137935 -0.00529388 0.0129421 0.0175888 0.0461058 0.0801302 0.0325498 0.00310617 0.00266649 0.0164072
internal_weight=44603 1227.55 135.451 24.5986 20.3059 15.8986 11.1298 1092.1 94.5211 28.589 9.88728 65.9321 39.2477 30.0282 19.4995 26.6844 11.763 997.58 10.5212 18.7017 982.631 499.42 71.1332 67.1643 22.6215 12.2645 7.57361 44.5428 483.21 105.381
internal_count=238160 6664 753 129 104 79 53 5911 487 146 50 341 201 153 98 140 61 5424 54 96 5340 2729 386 364 122 66 41 242 2611 556
is_linear=0
shrinkage=0.05


Tree=161
num_leaves=31
num_cat=0
split_feature=132 32 75 130 75 24 82 80 24 95 81 144 100 73 122 73 101 95 80 90 93 116 118 144 9 101 80 6 62 86
split_gain=1.85796 9.68006 9.44932 7.86421 12.758 14.2645 9.1326 8.47067 8.26247 12.4105 10.7975 11.6354 11.0228 10.1982 13.5126 12.3497 11.065 12.1561 10.6297 12.0499 11.0003 10.6614 10.5398 10.9713 10.181 10.1236 10.4496 10.0724 10.9207 9.77336
threshold=5.924764150943397 5.1296098133661037 682.83333333333337 0.20761950051528241 704.50000000000011 5.5000000000000009 1.9300046070981933 2.3291607139303614 5.5000000000000009 0.38168631864894415 5.5000000000000009 35.500000000000007 -2.5999999999999992 0.15789473684210553 2.1666666666666674 -1.0000000180025095e-35 1.8000000000000003 0.16525513198996683 1.8627858656638059 0.70000000000000007 1.0000000000000002 126.50000000000001 0.28269340709980989 15.500000000000002 3.5000000000000004 -2.5999999999999992 1.6673224128258834 47.250000000000007 -151.49999999999997 1.4159791251244391
decision_type=2 2 2 2 2 2 2 2 2 2 2 2 2 2 2 2 2 2 2 2 2 2 2 2 2 2 2 2 2 2
left_child=3 2 -2 -1 5 6 -5 8 10 -10 11 12 -6 15 16 18 17 -15 19 -14 21 -20 -16 -24 -22 26 -12 28 -21 -27
right_child=1 -3 -4 4 7 -7 -8 -9 9 -11 25 -13 13 14 22 -17 -18 -19 20 27 24 -23 23 -25 -26 29 -28 -29 -30 -31
leaf_value=1.5323081778072409e-06 0.024417010097370365 -0.031213051320702036 -0.00100131180547433 0.0438055209873136 -0.017869346860873193 -0.025913291788733351 0.13248125557877607 -0.041639677046610396 -0.003768175778660743 0.056295857216654477 0.081718618178876948 -0.029260356401774174 0.0052112045871070649 0.077185182320844092 0.030335520518332444 -0.003017858078731958 -0.035107010503828993 0.017528883548670167 0.047330240489523112 -0.021316189848159767 0.091078451900116181 0.14006185344482047 0.063616424197161583 0.16946957155410103 -0.0025022849034030074 0.01057002840089526 -0.01492280999816762 -0.025681809547911973 0.064972470008548874 -0.018925797467781297
leaf_weight=39278.51584893465 36.86869540810585 26.302333995699883 4415.7433069720864 8.361081540584566 24.557652279734612 4.8725203871726981 4.4482412785291663 10.052393630146979 294.03951932489872 8.859184190630911 6.6381072402000409 15.85924196243286 99.295517310500145 10.344484180212019 10.246623858809473 91.073979541659355 7.8850854784250251 48.932491362094879 8.7234379947185534 4.3359039723873165 3.7877543717622784 4.8078057020902625 6.8706618547439557 3.8027403950691223 12.490717217326162 44.257173359394073 4.8340666890144348 4.9521238356828681 23.759917020797729 76.852537855505943
leaf_count=209656 192 147 23689 42 132 26 22 54 1565 46 34 84 524 54 54 482 42 258 46 23 20 25 36 20 67 233 26 27 125 409
internal_value=-3.61916e-06 -0.000969496 -0.000790842 0.0001042 0.00487688 0.0469016 0.0745996 0.00397865 0.00453979 -0.00201142 0.00839809 0.0126677 0.0144851 0.0168131 0.0314675 0.0117157 0.0205377 0.0279396 0.0199909 0.0139152 0.0469646 0.0802788 0.0665569 0.10133 0.0192725 -0.00389478 0.0409965 0.0400671 0.0516559 -0.00814713
internal_weight=44602.4 4478.91 4452.61 40123.5 844.941 17.6818 12.8093 827.259 817.207 302.899 514.308 381.726 365.867 341.309 88.0821 253.227 67.1621 59.277 162.153 132.343 29.8097 13.5312 20.92 10.6734 16.2785 132.582 11.4722 33.0479 28.0958 121.11
internal_count=238160 24028 23881 214132 4476 90 64 4386 4332 1611 2721 2019 1935 1803 464 1339 354 312 857 699 158 71 110 56 87 702 60 175 148 642
is_linear=0
shrinkage=0.05


Tree=162
num_leaves=31
num_cat=0
split_feature=135 69 124 124 80 132 89 131 120 122 35 73 53 118 125 4 124 53 141 51 45 91 87 138 76 102 75 136 38 124
split_gain=1.8591 5.03207 6.55258 11.3996 15.5506 8.76249 6.43942 7.02696 6.42568 6.17436 8.55664 8.91215 7.2671 10.6399 11.3833 7.07418 6.80232 6.72731 11.4986 5.89245 5.88096 5.84404 6.72669 9.20579 8.13669 7.64988 10.1363 10.0432 8.71592 7.56078
threshold=16.925000000000001 1.5000000000000002 7.2525852215217839 5.3962899342827564 1.2922616289332567 4.6789083557951487 1.9000000000000001 245.50000000000003 0.15783704068170482 5.8333333333333348 7.5000000000000009 -0.10526315789473688 5.9750000000000005 0.19830113168908928 1.5000000000000002 64.500000000000014 6.2449971772281101 5.1250000000000009 1.5000000000000002 2.3750000000000004 2.5000000000000004 1.7000000000000002 38.500000000000007 1.5000000000000002 46.571326240759113 40.500000000000007 773.16666666666686 1.5000000000000002 1.0000000180025095e-35 3.1937377450509237
decision_type=2 2 2 2 2 2 2 2 2 2 2 2 2 2 2 2 2 2 2 2 2 2 2 2 2 2 2 2 2 2
left_child=1 2 3 8 -5 -6 -7 -8 -1 12 -11 15 17 14 20 -12 -17 18 -3 -15 -14 22 29 -24 -25 26 -26 28 -27 -10
right_child=-2 9 -4 4 5 6 7 -9 21 10 11 -13 13 19 -16 16 -18 -19 -20 -21 -22 -23 23 24 25 27 -28 -29 -30 -31
leaf_value=-0.016965117655195577 4.7595149428229678e-05 -0.029016675199330995 -0.063980828406881296 0.089413135136504257 0.064901027466844521 -0.049579949458641179 0.04978183043954474 -0.028491646132843475 -0.0095148068510852533 0.047793293857648383 0.033657651572298955 0.011530501527135681 0.1028062597807685 0.011028969762549801 -0.015014112088032256 -0.038231066932490544 0.027884721238794569 -0.0015139645539890521 0.078304234588192287 -0.040548880113588502 0.034585970711921328 -0.024915698630326936 0.06334029751090739 -0.017969547343907443 0.022398767756461598 0.088976744673422731 0.11949417864762167 -0.030318354048319077 0.0092961355338775382 0.0082637603079228471
leaf_weight=113.93166182935238 43505.743969723582 3.951038330793379 4.707038775086402 7.1765721887350109 4.8443809747695949 6.7336932122707394 5.9410585612058622 5.5421321392059326 245.71298837661743 5.6983341723680487 4.4277622103691092 21.257603719830513 7.5750758647918719 98.511658325791359 4.9092061370611182 43.957982689142227 4.2680577039718619 302.55912612378597 6.7764663994312286 5.8672547191381446 5.4190037548542023 29.973481565713882 7.6341184228658667 24.14051878452301 9.4586597681045514 4.4012689590454128 3.7550752162933341 12.484220385551451 15.584190130233763 79.037943229079247
leaf_count=627 232184 21 28 36 25 39 31 32 1346 31 23 117 39 526 27 245 24 1637 34 32 29 171 40 134 50 22 20 68 83 439
internal_value=-3.64655e-06 -0.00203725 -0.00522702 -0.00474718 0.0251368 0.00513421 -0.0107595 0.0120047 -0.00640183 0.00156043 -0.0112432 -0.0157947 0.00390057 0.014238 0.04985 -0.0268265 -0.0323797 -0.00013433 0.038777 0.00812972 0.0743559 -0.00361714 -0.00202992 0.01121 0.00551043 0.017918 0.0499913 0.00486553 0.0268437 -0.00518786
internal_weight=44602 1096.24 581.059 576.352 30.2378 23.0613 18.2169 11.4832 546.114 515.179 79.6097 73.9114 435.569 122.282 17.9033 52.6538 48.226 313.287 10.7275 104.379 12.9941 432.182 402.209 77.4581 69.8239 45.6834 13.2137 32.4697 19.9855 324.751
internal_count=238160 5976 3191 3163 163 127 102 63 3000 2785 440 409 2345 653 95 292 269 1692 55 558 68 2373 2202 417 377 243 70 173 105 1785
is_linear=0
shrinkage=0.05


Tree=163
num_leaves=31
num_cat=0
split_feature=131 121 137 69 128 114 76 83 124 123 144 120 86 2 117 70 130 122 32 124 128 142 91 102 73 132 59 119 74 125
split_gain=1.85573 7.70758 7.20622 6.64094 13.6497 15.3928 9.83921 11.6731 9.51768 8.17311 8.10195 15.5259 10.87 9.93873 14.8744 13.6819 13.7346 11.1417 9.69883 8.51676 8.31346 8.16041 8.06447 8.02024 7.96109 7.90078 8.37704 9.65937 10.5722 9.28578
threshold=274.50000000000006 15.500000000000002 1.0000000180025095e-35 -3.4999999999999996 -28.499999999999996 31.500000000000004 36.067794693618104 4.9000000000000012 5.4589363961467052 4.2666666666666675 12.500000000000002 0.3677956010808629 1.202079728939615 25.097360241063047 250.50000000000003 4.5000000000000009 0.17256424648597332 1.5000000000000002 3.418622594741183 4.9315245320639294 -22.499999999999996 4.5000000000000009 0.50000000000000011 53.500000000000007 0.28947368421052638 5.9425824175824191 0.27500000000000008 0.36510888130273628 -2.4999999999999996 1.5000000000000002
decision_type=2 2 2 2 2 2 2 2 2 2 2 2 2 2 2 2 2 2 2 2 2 2 2 2 2 2 2 2 2 2
left_child=-1 3 -3 4 9 6 -6 8 -8 -2 12 19 18 14 15 16 21 -16 20 -12 -9 22 -13 -22 -15 -14 27 28 -27 -30
right_child=1 2 -4 -5 5 -7 7 10 -10 -11 11 13 25 24 17 -17 -18 -19 -20 -21 23 -23 -24 -25 -26 26 -28 -29 29 -31
leaf_value=-0.00020014482485182278 0.044611477277132543 0.072926282469639711 0.0023055830983850015 0.00017423672476273185 0.020083759789557419 -0.014863876568906354 0.016322165923455683 -0.048913117097731079 0.095782661136970773 -0.0083864889645164711 2.4378549400416043e-05 0.17737471452397133 -0.026270357259097668 0.091259435437553535 0.061725185219731298 0.0048717440826733733 0.0023086275000543869 -0.022496254925349804 0.075537805506270983 -0.049790262576249161 -0.0022885850079742446 0.041282681557206713 0.079943528132227271 0.067080825295499705 0.01460168990867001 -0.033327580865025096 -0.024506904748708414 -0.023650149005887387 0.05050891164092032 -0.0046948724165363507
leaf_weight=32525.46502187103 32.46123418211937 7.1040112376213056 7.349336177110672 11285.273317545652 106.82947896420956 99.960471928119659 86.671043053269386 5.467432960867888 3.9398034363985053 9.3757083564996702 160.58069026470184 3.8669933378696459 66.023752197623253 8.8144019544124586 4.6278060078620937 16.724967867136002 5.725587770342826 25.925842478871346 6.1735969036817542 9.0646054893732053 12.294051915407183 4.593343347311019 4.7114557027816772 6.3028445839881888 5.5003775656223288 7.4844262897968283 31.214523881673813 17.558474540710449 23.023000136017799 11.384415179491041
leaf_count=173725 165 33 36 60242 561 542 456 29 20 50 853 20 356 46 24 89 30 138 31 49 65 24 24 33 29 40 170 95 123 62
internal_value=-3.62662e-06 0.000525674 0.0370166 0.000481947 0.00495521 0.00337282 0.00624586 0.00344432 0.0197771 0.0327346 5.82347e-05 0.00594315 -0.00781668 0.0240277 0.0158562 0.03781 0.0669617 -0.00973966 0.0196301 -0.00263735 0.00528728 0.0950655 0.123864 0.021222 0.0618041 -0.0131134 -0.00353226 0.00748053 0.0205286 0.0322436
internal_weight=44601.5 12076 14.4533 12061.6 776.3 734.463 634.503 527.673 90.6108 41.8369 437.063 250.136 186.927 80.4908 66.176 35.6223 18.8974 30.5536 30.2379 169.645 24.0643 13.1718 8.57845 18.5969 14.3148 156.689 90.6648 59.4503 41.8918 34.4074
internal_count=238160 64435 69 64366 4124 3909 3367 2806 476 215 2330 1326 1004 424 349 187 98 162 158 902 127 68 44 98 75 846 490 320 225 185
is_linear=0
shrinkage=0.05


Tree=164
num_leaves=31
num_cat=0
split_feature=130 77 132 69 95 34 138 102 38 76 117 66 53 118 102 142 95 47 95 142 111 128 89 117 64 99 77 117 132 32
split_gain=1.85524 9.73462 10.3966 8.79786 9.14362 15.9787 13.9567 15.1365 14.7283 10.7967 11.6852 11.207 9.52482 10.8915 9.84545 8.59485 8.22152 14.8973 14.3388 8.96634 8.14272 7.80187 7.41855 7.38119 7.83688 7.16704 7.15754 7.00768 7.00574 7.14404
threshold=0.26972891236480273 832.30000000000007 5.7785947712418304 2.5000000000000004 0.23102988766202412 10.500000000000002 1.5000000000000002 35.500000000000007 1.5000000000000002 85.446536958689066 254.50000000000003 1.5000000000000002 5.9250000000000016 0.37485919212081725 50.500000000000007 1.5000000000000002 0.15971604966697159 9.5000000000000018 0.12374863710973867 3.5000000000000004 6.5000000000000009 -18.499999999999996 1.7000000000000002 262.50000000000006 -4.9999999999999991 4.7000000000000002 820.10000000000014 241.50000000000003 6.1074175824175834 3.4828427681523757
decision_type=2 2 2 2 2 2 2 2 2 2 2 2 2 2 2 2 2 2 2 2 2 2 2 2 2 2 2 2 2 2
left_child=-1 3 22 4 6 12 7 21 -9 10 28 -12 14 -14 25 -5 17 20 19 -19 26 -2 23 24 -3 -6 -8 -26 29 -7
right_child=1 2 -4 15 5 9 16 8 -10 -11 11 -13 13 -15 -16 -17 -18 18 -20 -21 -22 -23 -24 -25 27 -27 -28 -29 -30 -31
leaf_value=2.5098120248466338e-05 -0.050735058410019164 0.042584263090346158 -0.029334404944793099 0.035047446127417371 0.036944810203486493 -0.012867101480143368 -0.035394461354619544 -0.015566757679948499 0.10012436737531374 -0.043584318823069512 0.0062684831830383848 0.10356912761016318 -0.020284514339800136 0.066606755099343745 0.011611018489913097 -0.032490463704651668 -0.019674697996329964 0.053737800059772169 0.099651218322660884 -0.053219719629160958 0.052451812659257906 0.030170605421426407 0.050652518650379022 0.046312185675247655 -0.0025003474652852894 0.11902613332013362 0.03955646891126751 -0.066384533009079205 -0.058448452091185849 0.059892536544871124
leaf_weight=44249.612214460969 5.893994078040123 4.0406617224216523 62.144751474261284 5.6021475791931143 3.8130502998828915 11.833375990390783 21.062415108084686 3.8361070305109015 9.7255343049764615 10.913700938224791 6.0811239778995496 5.7647796720266342 8.5952955782413465 6.213413566350936 5.057369887828826 29.602515041828156 74.191382944583893 4.0171605199575406 7.0990481525659561 3.8253032341599464 4.0441429018974295 6.0265027731657046 7.0846191048622122 5.21809197962284 8.4880776703357714 8.790368586778639 3.752839818596839 8.6848696768283826 5.2424189150333396 4.7190720885992041
leaf_count=236280 31 21 347 28 20 62 115 20 49 59 32 29 46 31 27 162 400 20 36 21 20 31 36 27 45 45 20 47 28 25
internal_value=-3.63757e-06 -0.00362251 -0.0172292 0.00146787 0.00517372 0.0190701 -0.00228651 0.0312705 0.0673995 -0.000370982 0.0136482 0.0536196 0.045747 0.0161732 0.0705448 -0.0217431 -0.00953362 0.00764366 0.0481692 0.00156734 -0.0133378 -0.00983255 0.00521595 -0.00696264 -0.0200671 0.0941932 -0.0240595 -0.0348085 -0.00807692 0.00787654
internal_weight=44601 351.364 95.6611 255.703 220.498 77.024 143.474 25.4821 13.5616 44.5545 33.6408 11.8459 32.4695 14.8087 17.6608 35.2047 117.992 43.8009 14.9415 7.84246 28.8594 11.9205 33.5163 26.4317 21.2136 12.6034 24.8153 17.1729 21.7949 16.5524
internal_count=238160 1880 523 1357 1167 404 763 131 69 235 176 61 169 77 92 190 632 232 77 41 155 62 176 140 113 65 135 92 115 87
is_linear=0
shrinkage=0.05


Tree=165
num_leaves=31
num_cat=0
split_feature=144 81 93 49 62 49 79 90 143 81 5 97 144 50 69 122 73 62 144 100 144 52 56 117 117 67 52 36 34 135
split_gain=1.83862 5.77191 6.58354 4.87907 6.07435 5.89193 6.09652 4.248 1.94474 8.33469 7.69609 7.86513 10.1166 13.1475 11.218 10.3709 10.0665 9.80612 8.94168 8.73297 8.72379 8.51984 7.55184 7.29578 7.15939 7.32432 6.7855 7.29764 6.27158 10.2456
threshold=78.500000000000014 4.5000000000000009 0.6000000000000002 16.500000000000004 -67.499999999999986 15.500000000000002 5.1000000000000005 -0.49999999999999994 13.500000000000002 6.7000000000000002 58.500000000000007 5.9000000000000012 73.500000000000014 1.5250000000000001 1.5000000000000002 1.8333333333333337 -0.31578947368421034 -73.499999999999986 62.500000000000007 -2.1999999999999997 58.500000000000007 3.1250000000000004 7.5000000000000009 87.500000000000014 39.500000000000007 3.5000000000000004 3.2750000000000004 2.5000000000000004 14.500000000000002 27.225000000000005
decision_type=2 2 2 2 2 2 2 2 2 2 2 2 2 2 2 2 2 2 2 2 2 2 2 2 2 2 2 2 2 2
left_child=8 2 -2 4 -3 6 -6 -5 -1 10 -10 12 14 -14 16 -16 21 22 20 -19 26 -12 23 -18 -21 28 -13 -28 -26 -30
right_child=1 3 -4 7 5 -7 -8 -9 9 -11 11 18 13 -15 15 -17 17 19 -20 24 -22 -23 -24 -25 25 -27 27 -29 29 -31
leaf_value=3.4872944932982969e-05 -0.020718643443929267 -0.053255262427715659 0.051776548301262486 -0.0085471953981826627 0.026077635333781452 0.064825865582879838 -0.053163160888086973 -0.061409783364976767 0.062498647965051404 0.051239750164733006 0.015629655585296717 0.046726765253077923 0.077830633297596666 -0.013226097338077201 0.038910782770048363 -0.035587831353437592 0.021328299732636224 0.083130493320921081 -0.023392169996456436 0.055916464566678536 0.10234740210520983 -0.049678006628050747 0.041670595772345775 -0.035133744325950282 -0.0085793177622752511 0.047423371769120252 -0.042995969151339741 0.042612786939072243 0.054720935201884757 -0.014346662283999887
leaf_weight=44233.688193008304 5.7141360193490964 4.5361138135194805 6.9295150339603424 6.2408566027879671 5.7849116623401624 3.9748975187540045 4.1820657551288605 9.7184766530990618 4.159294828772544 6.7144911885261527 6.6182304471731213 11.252290159463888 7.5227718949317923 8.3804444968700391 5.081354856491088 57.924076765775681 6.784586325287818 3.6449697017669669 10.216656640172003 6.4033215641975394 3.7550892531871787 20.347986847162247 4.5145688503980628 36.508365392684937 79.86029951274395 8.0514118075370771 6.317338824272154 4.1081805676221848 11.275049880146982 10.251382097601889
leaf_count=236194 34 27 36 37 31 19 24 65 21 35 35 58 39 45 26 312 36 19 54 33 19 110 23 197 423 41 34 22 57 54
internal_value=-3.64634e-06 -0.00987925 0.0190133 -0.0204871 -0.00299658 0.0133555 -0.00717118 -0.040738 6.78953e-06 -0.00387893 -0.00506142 -0.00597135 -0.00885394 0.0298469 -0.0112463 -0.0295796 -0.00530015 -0.00073046 0.0161168 0.00692669 0.031988 -0.0336498 -0.0198682 -0.0262854 0.00452893 0.0015222 0.0198002 -0.0092618 -0.00212295 0.0218294
internal_weight=44600.5 47.081 12.6437 34.4373 18.478 13.9419 9.96698 15.9593 44553.4 319.692 312.978 308.818 273.169 15.9032 257.266 63.0054 194.26 167.294 35.6496 119.486 25.4329 26.9662 47.8075 43.293 115.841 109.438 21.6778 10.4255 101.387 21.5264
internal_count=238160 273 70 203 101 74 55 102 237887 1693 1658 1637 1450 84 1366 338 1028 883 187 627 133 145 256 233 608 575 114 56 534 111
is_linear=0
shrinkage=0.05


Tree=166
num_leaves=31
num_cat=0
split_feature=133 63 110 2 93 122 135 37 144 122 114 119 50 144 130 130 130 132 128 128 108 77 122 114 121 105 135 76 92 135
split_gain=1.82571 4.88841 5.40383 9.43733 6.01391 4.89867 4.68628 7.19407 6.91533 4.43026 4.33953 5.92904 4.28226 4.1849 3.87275 3.63119 3.49432 3.32294 2.97822 3.57583 4.45163 9.49265 3.46668 3.39943 4.22828 3.37531 5.68321 3.53688 3.3327 5.18528
threshold=6.5000000000000009 -2.9999999999999996 1.0000000180025095e-35 25.279438005570345 -2.4499999999999997 2.1666666666666674 25.925000000000001 1.5000000000000002 40.500000000000007 3.5000000000000004 7.5000000000000009 0.13828111494797393 1.5250000000000001 58.500000000000007 0.0089479682955039292 -0.072833706915425608 0.0054935346391810922 4.3760245901639356 -1.0000000180025095e-35 -1.4999999999999998 1.0000000180025095e-35 818.90000000000009 4.166666666666667 6.5000000000000009 10.500000000000002 1.0000000180025095e-35 27.525000000000002 31.508362053790545 -1.7999999999999998 23.325000000000006
decision_type=2 2 2 2 2 2 2 2 2 2 2 2 2 2 2 2 2 2 2 2 2 2 2 2 2 2 2 2 2 2
left_child=1 6 3 4 14 -4 7 -1 -9 -10 11 -7 -6 -14 15 -3 -8 -18 19 23 25 -22 -20 24 28 26 27 -21 -2 -30
right_child=18 2 5 -5 12 10 16 8 9 -11 -12 -13 13 -15 -16 -17 17 -19 22 20 21 -23 -24 -25 -26 -27 -28 -29 29 -31
leaf_value=0.069726829266376578 -0.057184472700094108 0.033387461415815674 0.01949615144816387 0.074495239301778871 -0.035349777047424827 -0.04677538818055943 -0.030433333106969319 0.061561603192855231 0.028777127343654799 -0.035364013740047433 -0.045927362442435643 0.022726515389223198 -0.024604710184776162 0.043626628675737987 0.052448108132167284 -0.03147025858287985 -0.014876075965225624 0.047355403024762988 -0.053523527379633631 0.028268489394159491 0.076490640025924456 -0.018350919650591099 0.0015532917781145041 1.6955359318566986e-05 0.029472076897468946 -0.010504352650347727 0.06764919096268833 -0.033463186448873965 0.029849263843404084 -0.032025599850121024
leaf_weight=6.1456970572471645 6.2579230666160646 3.9818315282464019 5.1163145750761023 3.7942526638507834 18.392295166850094 5.6571030318737012 9.9883497357368487 4.1686686128377941 4.1080689281225187 7.8106758743524551 22.578206777572632 6.7060173898935318 4.90463078022003 4.1477689445018768 5.3043553829193106 4.711717687547206 4.7990145087242109 3.878855973482132 5.6159787103533727 5.1112699955701846 7.1309600919485074 4.187721848487854 5.8156547844409943 44393.424491494894 4.0275215208530417 16.661399647593498 4.6961247324943534 4.2493014484643936 4.7380663007497814 11.865334436297415
leaf_count=32 36 22 27 19 106 33 58 21 22 42 127 37 28 24 27 29 26 20 36 26 32 23 33 237026 20 89 23 22 27 67
internal_value=-3.61703e-06 -0.00600914 -0.0128236 -0.000980748 -0.00789091 -0.0261977 0.00820226 0.0237102 0.00613097 -0.0132563 -0.0328885 -0.00907609 -0.0214937 0.00665858 0.0187791 -0.00176404 -0.0102691 0.0129403 1.34236e-05 1.99843e-05 0.014596 0.0414009 -0.0255041 6.19048e-06 -0.0177666 0.00471919 0.0227637 0.000244933 -0.0260887 -0.0143685
internal_weight=44600 126.194 85.2945 45.2369 41.4426 40.0576 40.8993 22.2331 16.0874 11.9187 34.9413 12.3631 27.4447 9.0524 13.9979 8.69355 18.6662 8.67787 44473.8 44462.4 42.0368 11.3187 11.4316 44420.3 26.8888 30.7181 14.0567 9.36057 22.8613 16.6034
internal_count=238160 700 479 255 236 224 221 117 85 64 197 70 158 52 78 51 104 46 237460 237391 215 55 69 237176 150 160 71 48 130 94
is_linear=0
shrinkage=0.05


Tree=167
num_leaves=31
num_cat=0
split_feature=134 113 53 20 76 138 38 49 86 132 142 120 84 102 130 80 91 135 78 64 130 65 102 86 114 144 128 99 53 40
split_gain=1.82025 7.63252 10.204 10.6288 8.73283 8.45586 17.2971 9.53494 15.4406 9.63432 8.50883 9.11705 7.90406 8.25723 7.70315 6.70912 8.27197 8.11367 6.52621 10.7936 6.89827 8.38906 6.81298 6.4343 8.14397 7.77657 7.32779 12.6545 11.1669 8.83854
threshold=1.5000000000000002 19.500000000000004 5.7250000000000005 9.5000000000000018 17.074819409500382 1.5000000000000002 2.5000000000000004 19.500000000000004 1.7677392332939066 4.8086670838548189 4.5000000000000009 0.45294230244607953 1.11579343065795 65.500000000000014 -0.14924589282918135 1.3509142006662127 0.59999999999999998 25.825000000000006 63.565388179846146 3.0000000000000004 -0.1623801261260083 -1.4999999999999998 37.500000000000007 2.0928394990612076 30.500000000000004 24.500000000000004 -22.499999999999996 3.3000000000000003 5.6750000000000016 1.5000000000000002
decision_type=2 2 2 2 2 2 2 2 2 2 2 2 2 2 2 2 2 2 2 2 2 2 2 2 2 2 2 2 2 2
left_child=-1 23 3 -3 -4 10 7 8 9 -7 11 12 -6 14 -14 -16 -17 -18 19 -5 -20 -22 -21 -2 26 -26 27 -25 29 -29
right_child=1 2 4 18 5 6 -8 -9 -10 -11 -12 -13 13 -15 15 16 17 -19 20 22 21 -23 -24 24 25 -27 -28 28 -30 -31
leaf_value=0.00026808733035529073 7.6001517964777771e-06 -0.039091567740737632 0.060611007325981042 0.0476704295776917 0.056697158294415267 -0.0011546019268768013 0.083602312141301094 -0.058396167374857727 -0.04938753999389691 0.096128040113452606 -0.055990736552413933 -0.042891494454260271 0.043878668770138934 0.049799909475508705 -0.056030499107106661 -0.028602852531270928 0.0866979657188513 -0.015417749397757292 0.043827873463961345 0.029192383438102282 -0.062288592020592407 -0.010694538456087227 -0.051924385270523898 0.070373389033228054 -0.060746376351119347 -0.012196722960506872 -0.0040534264644777711 0.03767169225571998 -0.0044912486567215103 0.0053911512032882303
leaf_weight=25883.966507323086 16994.660871736705 44.946577653288841 5.8644438534975043 11.671822667121889 6.4001591205596915 4.5408728569746071 7.9144511073827735 5.6824878454208365 5.657912164926528 5.7902912050485611 9.3210970312356931 12.52910330891609 5.3072684556245724 6.3603007197380057 9.6294034719467252 14.287121653556826 3.8774677962064734 3.903557687997818 3.9546380937099448 4.1562360972166044 11.0554151982069 27.418857708573341 6.8627101480960846 7.2564636617898932 8.8838740438222867 115.26125812530518 1120.4426768124104 33.839146241545677 161.27010270953178 56.795457169413567
leaf_count=138208 90750 240 31 61 33 24 41 30 30 30 50 67 27 33 52 76 20 21 20 22 59 145 37 38 48 622 6004 178 860 303
internal_value=-3.52959e-06 -0.000379181 -0.00969901 -0.0203893 0.00129089 -0.0021466 0.0203396 -0.00276396 0.0170076 0.0533692 -0.0114362 -0.00476947 0.00482828 -0.00282693 -0.0118723 -0.0212069 -0.00601174 0.0354689 -0.00748077 0.0141639 -0.0190562 -0.0255199 -0.021328 -0.000269786 -0.00340467 -0.015671 -0.00230088 0.00527598 0.00340076 0.0174433
internal_weight=44599.5 18715.5 217.132 110.066 107.066 101.201 29.586 21.6716 15.9891 10.3312 71.6155 62.2944 49.7653 43.3651 37.0048 31.6976 22.0681 7.78103 65.1197 22.6908 42.4289 38.4743 11.0189 18498.4 1503.75 124.145 1379.6 259.161 251.905 90.6346
internal_count=238160 99952 1149 584 565 534 155 114 84 54 379 329 262 229 196 169 117 41 344 120 224 204 59 98803 8053 670 7383 1379 1341 481
is_linear=0
shrinkage=0.05


Tree=168
num_leaves=31
num_cat=0
split_feature=131 102 2 79 74 4 92 90 78 35 20 56 28 117 85 78 81 101 2 26 0 81 62 60 130 58 84 125 77 53
split_gain=1.81268 5.5399 10.0553 9.89475 8.24906 10.0215 7.94346 8.33475 14.1544 8.4234 8.4914 7.40895 7.37397 7.24931 7.19309 6.96616 8.08894 6.92557 6.86676 11.3768 10.0492 12.1535 9.25354 7.39961 9.37129 8.25979 11.5829 11.6604 9.90632 16.2908
threshold=219.50000000000003 4.5000000000000009 19.282602245116923 5.9000000000000012 2.5000000000000004 76.500000000000014 -8.9999999999999982 -2.2999999999999998 98.64542325610671 8.5000000000000018 9.5000000000000018 5.5000000000000009 4.5000000000000009 232.50000000000003 3.7000000000000006 82.606050173025622 4.7000000000000002 -1.0000000180025095e-35 21.031969670284397 3.5000000000000004 930.50000000000011 5.1000000000000005 162.50000000000003 0.37500000000000006 0.18073575478606324 0.22500000000000003 1.7521322513909965 2.5000000000000004 800.70000000000016 5.2750000000000012
decision_type=2 2 2 2 2 2 2 2 2 2 2 2 2 2 2 2 2 2 2 2 2 2 2 2 2 2 2 2 2 2
left_child=1 2 3 4 5 15 -4 8 9 11 -11 -8 18 -7 -3 16 -1 -14 19 20 21 -9 23 -20 25 -25 27 28 -27 -30
right_child=-2 14 6 -5 -6 13 7 12 -10 10 -12 -13 17 -15 -16 -17 -18 -19 22 -21 -22 -23 -24 24 -26 26 -28 -29 29 -31
leaf_value=-0.022495615809826688 -0.00018569384155871032 -0.0054871047099115293 -0.057390405927126791 0.086538845419576182 -0.03799809271365126 0.026859598797684899 -0.037492650487925695 -0.047655783584961177 0.091555740267457386 0.080251099976945073 0.0024437165307136643 0.037618747486025644 0.013681738237147698 0.12226262381753122 0.00060492469346902652 -0.03369146657914953 0.060976925367612594 -0.056165408394955867 -0.0036651256614154007 -0.018184323174308351 0.086876406112489521 0.069876866779858132 -0.020548343535347541 0.024116366747834059 0.079178681159598446 0.013884241447138363 0.036332237752195962 0.071040585492757186 0.041952324150401954 -0.030611311759041016
leaf_weight=4.501313313841826 33620.083652220666 509.29529483616352 5.2698107659816733 6.487013414502143 5.3255957812070838 3.784572258591651 10.36388808488846 5.4747132509946805 6.9432982802391043 6.7851675227284414 7.2568020820617676 4.8053623139858237 5.4922856986522666 4.201994314789772 9969.4750043526292 6.1047266572713843 8.1702537685632688 10.029988117516039 78.473371602594852 66.009367696940899 5.1500071436166754 3.6765986680984497 28.042961865663528 89.744256183505058 5.4175159186124793 35.360348291695118 22.791296355426311 5.0282611697912207 9.1315651535987836 50.563346296548843
leaf_count=24 179607 2721 28 34 29 21 56 30 37 36 39 26 29 22 53140 33 43 55 422 357 27 20 151 483 28 190 123 26 48 275
internal_value=-3.53434e-06 0.00055427 0.00569399 0.030218 0.0188322 0.030141 0.00364547 0.00435 0.0273867 0.0121341 0.0400407 -0.0136986 0.00236877 0.0770543 0.000308836 0.0101862 0.031325 -0.0314512 0.00366541 -0.00942482 0.0310056 -0.000436282 0.0069046 0.00950101 0.0142396 0.012585 0.00416278 -0.00316294 -0.00708818 -0.0195112
internal_weight=44599.2 10979.2 500.386 38.5755 32.0885 26.7629 461.81 456.54 36.1545 29.2112 14.042 15.1693 420.386 7.98657 10478.8 18.7763 12.6716 15.5223 404.864 80.3107 14.3013 9.15131 324.553 296.51 218.037 212.619 122.875 100.084 95.0553 59.6949
internal_count=238160 58553 2692 206 172 143 2486 2458 194 157 75 82 2264 43 55861 100 67 84 2180 434 77 50 1746 1595 1173 1145 662 539 513 323
is_linear=0
shrinkage=0.05


Tree=169
num_leaves=31
num_cat=0
split_feature=114 127 42 74 76 65 39 128 144 49 122 110 95 99 86 86 124 24 0 122 57 41 144 75 77 130 121 127 73 135
split_gain=1.8209 9.11148 12.6671 9.38902 13.51 8.91357 8.4755 9.20515 11.4356 10.1418 8.32625 9.96403 11.3754 10.1599 14.1282 15.2865 9.73514 10.5848 9.44743 11.3551 14.6565 11.4384 9.70595 9.40402 9.27166 9.1811 9.14214 8.89301 8.49484 8.25007
threshold=27.500000000000004 -10.499999999999998 5.5000000000000009 -2.4999999999999996 104.36206348799976 6.5000000000000009 4.5000000000000009 -31.499999999999996 27.500000000000004 16.500000000000004 4.166666666666667 1.0000000180025095e-35 0.17023803279705688 5.5000000000000009 1.8013878188659975 1.3133249580710802 3.8366510531380347 4.5000000000000009 760.50000000000011 1.8333333333333337 0.27500000000000008 2.5000000000000004 30.500000000000004 773.83333333333337 829.90000000000009 -0.14018963676629023 3.5000000000000004 -16.499999999999996 0.73684210526315785 34.82500000000001
decision_type=2 2 2 2 2 2 2 2 2 2 2 2 2 2 2 2 2 2 2 2 2 2 2 2 2 2 2 2 2 2
left_child=-1 3 -3 4 6 -5 7 8 -2 -10 11 16 27 14 15 18 -9 -18 26 21 23 -20 -22 -21 25 -12 -14 -13 -27 -16
right_child=1 2 -4 5 -6 -7 -8 10 9 -11 24 12 13 -15 29 -17 17 -19 19 20 22 -23 -24 -25 -26 28 -28 -29 -30 -31
leaf_value=-0.00019937973887854639 -0.028840403387554881 0.0027445517833203908 0.079530277201784294 -0.0010343750699360209 0.014940668649892755 0.027021896163448907 -0.026257426591058466 -0.0021403284365535094 0.11915544136024868 0.015145178940260795 -0.05361914519909914 0.087886358565228473 0.033057449483236821 -0.012619390217598498 0.026262443210618491 -0.0073888824861345877 0.11301649996277754 -0.0034195773710055284 0.092848787410700739 0.022660242194124231 0.084999726450270596 -0.013968564871485076 0.0028027500525659305 -0.043479243717370969 -0.020802374116196509 0.00045087281807626179 0.12000201326043623 0.021825930927970295 0.059571462784150792 0.08848070817356872
leaf_weight=32418.064303733408 3.8980172723531714 3052.5428110361099 5.3804967552423468 7779.7412070930004 220.01775486767292 28.412848547101021 27.087707579135895 435.46290083229542 5.267671123147009 4.2223145663738251 7.5329948365688315 5.4462411403655997 10.457306206226347 62.538675084710121 42.372043862938881 114.10762791335583 3.8631573319435111 3.9450906664133072 7.4758763015270215 7.7882962226867702 6.5847345888614637 3.770156130194664 7.9004663228988647 17.340435266494751 78.266347452998161 143.91697385907173 4.2531279623508444 78.893729522824287 6.343829318881034 6.0942814052104941
leaf_count=173254 21 16269 27 41489 1158 147 144 2309 26 22 40 28 55 332 225 605 20 21 39 41 35 20 42 93 425 771 22 414 34 32
internal_value=-3.54152e-06 0.000517658 0.00287966 -0.000274056 0.00363478 -0.000932282 0.00136274 0.00206344 0.0432625 0.0728789 0.0015403 0.00392678 0.00992523 0.0052346 0.0101287 0.0036665 -0.00114811 0.0541876 0.0229054 0.0126984 0.00011055 0.057039 0.0401681 -0.0229802 -0.00673235 0.00024644 0.0581951 0.0260918 0.00294687 0.0340859
internal_weight=44599 12180.9 3057.92 9123 1314.85 7808.15 1094.83 1067.74 13.388 9.48999 1054.35 818.294 375.023 290.683 228.144 179.678 443.271 7.80825 65.5704 50.86 39.6139 11.246 14.4852 25.1287 236.06 157.794 14.7104 84.34 150.261 48.4663
internal_count=238160 64906 16296 48610 6974 41636 5816 5672 69 48 5603 4333 1983 1541 1209 952 2350 41 347 270 211 59 77 134 1270 845 77 442 805 257
is_linear=0
shrinkage=0.05


Tree=170
num_leaves=31
num_cat=0
split_feature=138 5 52 75 135 43 71 80 57 61 98 132 9 102 79 128 78 124 88 83 93 65 80 61 66 116 95 2 53 75
split_gain=1.79965 6.15766 7.5446 8.21729 7.53636 8.40088 9.36902 6.95106 6.03204 5.61002 6.92143 8.25727 10.7868 9.71651 8.6709 7.69657 14.0879 6.98249 10.2485 6.65684 6.41354 6.47971 6.12829 5.60613 5.33975 5.16697 7.95951 6.14319 5.41851 4.80579
threshold=4.5000000000000009 76.500000000000014 2.9250000000000003 883.50000000000011 24.625000000000004 1.5000000000000002 -1.0000000180025095e-35 1.7958236433584462 0.075000000000000025 -272.99999999999994 5.1000000000000005 6.1338308457711452 8.5000000000000018 7.5000000000000009 6.3000000000000016 -23.499999999999996 94.710506039916638 4.5694554786501973 -1.0000000180025095e-35 3.9000000000000004 1.0000000000000002 -1.0000000180025095e-35 1.2747413007657611 55.500000000000007 1.0000000180025095e-35 109.50000000000001 0.14530582378853563 25.051447062203202 5.8250000000000002 893.16666666666686
decision_type=2 2 2 2 2 2 2 2 2 2 2 2 2 2 2 2 2 2 2 2 2 2 2 2 2 2 2 2 2 2
left_child=-1 8 -3 4 5 6 -4 -7 -2 22 19 12 13 -12 15 16 20 25 -19 -11 21 -15 -10 -6 -13 26 28 -27 -17 -21
right_child=1 2 3 -5 23 7 -8 -9 9 10 11 24 -14 14 -16 17 -18 18 -20 29 -22 -23 -24 -25 -26 27 -28 -29 -30 -31
leaf_value=2.629474187958507e-05 0.045464433900867941 -0.053189713172986999 0.0098735692289060525 0.077999321262758159 0.00010670586575003193 -0.0074561954739107488 0.086096809371818073 0.043292132915470134 0.076794516349093789 0.03075908567473052 0.075179761665921829 0.018940170398092329 0.077473541129562187 0.016302009056348789 0.071246314296224009 -0.04706966857143785 0.10326769637033993 -0.026800888330162639 0.082264659319379943 -0.016392185766481032 0.034763640172077198 -0.064678501433553651 0.0023685937025042236 -0.062281254966383849 -0.045148108803616138 -0.027358769362025692 0.071062290546904369 0.019261889476188565 0.021364465089932859 -0.053333495259008767
leaf_weight=44207.850772298872 5.4815819114446631 4.5691717863082877 8.0828742086887377 4.564286768436431 10.423494488000868 28.246168434619904 8.0429481714963895 8.8653800487518293 3.9214483499526969 7.0995233952999106 4.2206633985042563 4.1294483244419125 4.7483414262533179 4.8660487234592464 3.9011856615543357 5.4399918615818006 4.2771134078502646 4.0211539268493652 4.638441398739813 131.88480691611767 8.3234523087739927 5.0171219110488918 9.3859191834926587 5.5012419223785392 15.263717934489248 58.176719531416893 4.0043699890375128 8.0429355651140195 6.176772341132164 9.4337584227323514
leaf_count=235996 26 27 40 21 56 150 37 45 18 38 23 23 24 27 20 32 21 24 24 755 45 29 51 35 88 331 22 43 33 56
internal_value=-3.56617e-06 -0.00338191 0.00915681 0.0130207 0.00873252 0.0177595 0.0478908 0.0046668 -0.00652389 -0.00745224 -0.00889111 -0.00113166 0.00354811 0.000649627 -0.00204161 -0.00457215 0.0216097 -0.0110767 0.0316192 -0.0164848 0.00242659 -0.0248072 0.0243006 -0.0214454 -0.0315016 -0.0155944 0.0102723 -0.0216963 -0.0106824 -0.0188582
internal_weight=44598.6 390.75 78.2956 73.7264 69.1621 53.2374 16.1258 37.1115 312.455 306.973 293.666 145.247 125.854 121.106 116.885 112.984 22.4837 90.5004 8.6596 148.418 18.2066 9.88317 13.3074 15.9247 19.3932 81.8408 15.6211 66.2197 11.6168 141.319
internal_count=238160 2164 411 384 363 272 77 195 1753 1727 1658 809 698 674 651 631 122 509 48 849 101 56 69 91 111 461 87 374 65 811
is_linear=0
shrinkage=0.05


Tree=171
num_leaves=31
num_cat=0
split_feature=122 32 116 8 71 123 38 133 64 116 66 94 28 115 32 101 86 86 93 50 90 119 32 135 99 2 93 102 23 124
split_gain=1.80264 5.72378 5.04547 6.58747 2.29124 2.02804 6.41647 10.9855 12.9036 10.5884 11.8064 9.18761 10.6581 8.34262 12.2109 12.6149 7.89664 11.9287 8.07628 11.5179 8.07046 7.80197 7.10486 7.04145 8.64649 10.1907 7.76155 9.26381 11.8161 9.49675
threshold=14.500000000000002 3.6059353145847917 124.50000000000001 5.5000000000000009 -1.0000000180025095e-35 7.1000000000000005 3.5000000000000004 8.5000000000000018 -4.9999999999999991 121.50000000000001 2.5000000000000004 0.32117516385414041 3.5000000000000004 44.500000000000007 2.9190366086641384 0.6000000000000002 1.2747413007657611 1.2348275806265252 7.0000000000000009 1.4750000000000003 1.7000000000000002 0.13662872785120814 3.1526270632131701 38.275000000000006 4.1000000000000005 21.155850190030133 1.0000000180025095e-35 14.500000000000002 2.5000000000000004 2.8142135623730957
decision_type=2 2 2 2 2 2 2 2 2 2 2 2 2 2 2 2 2 2 2 2 2 2 2 2 2 2 2 2 2 2
left_child=5 2 3 4 -2 -1 23 8 -8 10 11 12 -10 -11 -15 -16 17 20 19 -18 -9 -20 -12 26 25 -25 -7 28 -28 -29
right_child=1 -3 -4 -5 -6 6 7 16 9 13 22 -13 -14 14 15 -17 18 -19 21 -21 -22 -23 -24 24 -26 -27 27 29 -30 -31
leaf_value=-6.5362546654846703e-05 -0.0049021479091006315 0.039453836705431677 -0.061847745000212707 0.040000585872725966 -0.061149362557208646 0.0030099869809821224 -0.0429854295447199 -0.0087103066198657448 -7.9880435302983588e-05 -0.036813436726169331 0.05589811774058099 0.073009322060927903 0.091956507054974324 -0.023471517155725961 0.12539618768513197 0.0039584208781583757 -0.033307968286569685 0.091933030000507704 0.088810693403003391 0.0049949188459241407 0.065318717465075879 -0.0005508199928959506 0.1347961746662612 -0.016009889594059044 0.0076519670439979676 0.080520968345697178 0.060435210863808403 -0.030915831621293667 -0.021629895768612618 -0.00034827398662196475
leaf_weight=42786.233712911606 3.2456373125314748 4.0722724050283423 6.4121802374720565 4.6066290438175201 4.0947373136878031 804.29656217992306 6.3370316326618186 16.372004628181465 20.199497744441036 8.0602727681398409 6.8050169199705106 9.2158939540386182 3.7257801443338385 6.919601008296012 4.3616005182266218 4.1957560330629349 34.77249413728714 5.2842815518379203 4.1099607795476896 45.060759752988815 4.7496302574872962 6.0205810368061066 4.9137957990169525 3.9341524094343177 103.17110136151314 8.9629749506711942 4.589226007461547 26.646588608622551 99.188713118433952 547.24673610180616
leaf_count=228506 19 21 43 26 28 4271 34 88 108 42 35 48 19 37 22 22 188 27 21 241 23 32 25 21 536 45 23 144 538 2927
internal_value=-3.52825e-06 -0.0141741 -0.0260694 -0.00686643 -0.036279 3.60273e-06 0.00165287 0.0103116 0.0252707 0.0315947 0.0458447 0.0305916 0.0142525 0.00443539 0.0259174 0.0658541 0.000704655 0.0247458 -0.00635182 -0.0116884 0.00793663 0.0357031 0.0889807 0.000617397 0.012477 0.0510751 -0.000311452 -0.00425351 -0.0180008 -0.00176756
internal_weight=44597.8 22.4315 18.3592 11.947 7.34037 44575.4 1789.14 191.104 74.7342 68.3972 44.86 33.1412 23.9253 23.5372 15.477 8.55736 116.37 26.4059 89.9638 79.8333 21.1216 10.1305 11.7188 1598.04 116.068 12.8971 1481.97 677.671 103.778 573.893
internal_count=238160 137 116 73 47 238023 9517 1012 392 358 235 175 127 123 81 44 620 138 482 429 111 53 60 8505 602 66 7903 3632 561 3071
is_linear=0
shrinkage=0.05


Tree=172
num_leaves=31
num_cat=0
split_feature=121 144 95 91 115 128 81 38 41 126 121 123 144 144 8 135 2 37 10 97 87 70 60 130 131 100 101 73 81 97
split_gain=1.77917 1.92456 5.13225 6.95815 6.92611 8.99555 6.29387 5.19937 3.61354 2.46658 1.96471 14.3975 8.80516 10.6654 9.27184 8.81724 10.5473 11.1481 9.49444 8.51361 8.44492 7.68042 7.67444 7.58585 7.35719 9.67237 6.95701 7.71079 7.08562 6.92222
threshold=28.500000000000004 78.500000000000014 0.23966649938169982 -0.29999999999999993 47.500000000000007 -17.499999999999996 4.7000000000000002 1.5000000000000002 2.5000000000000004 9.5000000000000018 14.500000000000002 3.1000000000000005 29.500000000000004 53.500000000000007 6.5000000000000009 23.425000000000001 24.597637065562264 1.5000000000000002 3.5000000000000004 6.1000000000000005 199.16666666666671 4.5000000000000009 0.47500000000000003 -0.097457187007675569 230.50000000000003 -1.0000000180025095e-35 2.2000000000000006 -1.0000000180025095e-35 6.5000000000000009 5.3000000000000016
decision_type=2 2 2 2 2 2 2 2 2 2 2 2 2 2 2 2 2 2 2 2 2 2 2 2 2 2 2 2 2 2
left_child=1 10 3 8 5 -4 -5 -8 -3 -9 -1 21 14 20 19 16 17 18 -15 -13 -14 26 29 -16 25 -20 28 -28 -12 -19
right_child=-2 2 4 6 -6 -7 7 9 -10 -11 11 12 13 15 23 -17 -18 22 24 -21 -22 -23 -24 -25 -26 -27 27 -29 -30 -31
leaf_value=4.0652039549432485e-05 0.023793216809382831 -0.061697703021115019 0.088478774938116747 0.049312650768368771 -0.03486129891394054 -0.0081267179577099915 0.022678169777103619 -0.063344982747027143 -0.00036707275075196675 -0.0086114652166952819 0.0020047925352711638 -0.0067541874910642639 -0.021786931187194145 0.090702302652023212 0.078723697077354757 -0.010367161198165747 0.082280130248115479 -0.013094604989895628 0.073460377723446407 0.061482571226413318 0.041631805334487085 0.058642105226594778 -0.037303763468484859 0.0091703468788314219 -0.042392834249097754 -0.0142128455417498 0.0049500680414241664 0.081242245491247839 0.070192643784103462 0.04437918073500019
leaf_weight=43974.439188472927 7.8531938940286627 10.764859333634375 4.700102135539054 4.6348516494035747 4.7402183264493933 4.9449350237846366 4.9435722082853308 5.1964264661073667 3.0914045274257651 3.40860615670681 112.5721165984869 53.370651930570602 164.12978993356228 5.6271314322948482 7.4981470853090277 122.08201450109482 4.9891251027584067 13.820004001259806 7.0749974697828328 4.9992309659719458 5.4227190166711798 8.0179369300603849 15.303739875555037 8.2153976559638959 4.1191834658384314 5.6645779460668546 6.7205808758735657 6.5298195332288724 3.9432699531316748 8.4375154078006727
leaf_count=234842 38 71 24 25 27 27 28 32 19 19 585 287 879 29 39 654 26 73 37 26 28 39 82 42 22 30 34 32 20 44
internal_value=-3.51972e-06 -7.71086e-06 -0.0101827 -0.0213221 0.0146277 0.0389499 -0.000981807 -0.0181871 -0.0480145 -0.0416641 2.89403e-06 -0.00291756 -0.00741761 -0.0106756 0.00826784 -0.00244525 0.0124253 0.00662126 0.0344657 -0.000909884 -0.0197586 0.011151 -0.0100477 0.0423596 0.015695 0.034477 0.00821663 0.042547 0.0043125 0.00869291
internal_weight=44597.3 44589.4 46.425 32.0397 14.3853 9.64504 18.1835 13.5486 13.8563 8.60503 44543 568.538 430.754 356.671 74.0834 187.118 65.0363 60.0471 22.4859 58.3699 169.553 137.784 37.5613 15.7135 16.8588 12.7396 129.766 13.2504 116.515 22.2575
internal_count=238160 238122 272 194 78 51 104 79 90 51 237850 3008 2298 1904 394 997 343 317 118 313 907 710 199 81 89 67 671 66 605 117
is_linear=0
shrinkage=0.05


Tree=173
num_leaves=31
num_cat=0
split_feature=124 32 67 117 3 130 118 83 128 81 3 135 135 132 135 80 90 81 66 21 117 58 5 62 132 83 63 73 128 82
split_gain=1.86594 10.7969 8.53183 8.87354 12.2352 9.77488 10.069 8.91273 9.65639 10.8881 13.5735 9.57434 11.3229 11.8694 11.9357 10.0924 9.56159 12.9032 13.9802 9.12825 9.97608 10.9174 10.6341 8.56698 8.46259 13.4658 13.4229 8.45714 10.2745 9.39351
threshold=4.7116856836982839 2.0465425325938553 7.5000000000000009 231.50000000000003 10.500000000000002 -0.10816400610071812 0.19492477426356378 7.1000000000000005 -24.499999999999996 4.5000000000000009 12.500000000000002 39.175000000000004 36.525000000000006 5.8289198606271784 20.675000000000001 1.0862390382186167 3.7000000000000006 5.3000000000000016 3.5000000000000004 11.500000000000002 241.50000000000003 0.27500000000000008 73.500000000000014 49.500000000000007 5.9338797814207664 5.1000000000000005 -1.0000000180025095e-35 -0.13157894736842093 -12.499999999999998 2.1083165307717238
decision_type=2 2 2 2 2 2 2 2 2 2 2 2 2 2 2 2 2 2 2 2 2 2 2 2 2 2 2 2 2 2
left_child=-1 -2 3 4 5 6 -3 8 24 10 11 12 13 -10 -15 -16 -11 18 -18 20 22 -22 -13 -21 -5 26 -26 -7 -29 -30
right_child=1 2 -4 7 -6 27 -8 -9 9 16 -12 19 -14 14 15 -17 17 -19 -20 23 21 -23 -24 -25 25 -27 -28 28 29 -31
leaf_value=0.00010328262990141929 -0.014343865521316274 -0.041080140940203541 -0.053385074057983331 -0.012233322526863284 -0.023279412181465915 0.0039712188700851397 0.037170129477675055 0.067057114760012623 0.010579803814331268 -0.00033068315097578262 0.064004141354812388 0.11430296857403335 -0.029053935023665087 -0.040558496783039931 0.044881463563918367 -0.0079253018107679069 0.028154974973846177 -0.00030355219557672204 0.12344801093526259 0.030953196352551216 -0.052098703702377729 0.038735798453024536 0.010348476057185448 0.13103012696113378 0.11578568724799441 -0.029307571139649682 0.010122458012263903 -0.0055932208690102174 0.0065768674544667742 0.070467645114340061
leaf_weight=40213.858403347433 146.16694563627243 27.656883165240288 7.6190186738967887 188.53621259331703 72.436019569635391 463.18482767790556 4.8288328498601905 5.1723902374505988 420.93070155382156 1654.8564646840096 10.7218000292778 4.3323349207639748 22.562322720885277 23.140579268336296 11.037661164999006 50.196383491158485 14.729976139962675 26.240156173706055 5.2102529257535926 4.5613987445831281 7.2650242894887906 6.0731854736804962 5.692699670791626 4.0258209556341171 5.1721892803907403 7.8697008937597266 7.1753687262535104 1053.9589098766446 115.48740521818399 6.0545708984136573
leaf_count=214672 795 149 41 1012 397 2489 26 27 2242 8851 58 22 121 125 58 269 79 140 27 24 40 32 30 21 27 42 39 5656 618 31
internal_value=-3.49011e-06 -0.000983149 -0.000522205 -0.000426969 -0.00316146 -0.00228946 -0.0294486 0.00149131 0.00135458 0.00230033 0.00827751 0.00721022 0.00560151 0.00714891 -0.00996724 0.00159331 0.000295537 0.0227359 0.0530544 0.0337884 0.0175858 -0.0107397 0.0552726 0.0778708 -0.00893671 0.0218059 0.054383 -0.00175105 -0.00400581 0.00975956
internal_weight=44596.8 4382.9 4236.73 4229.11 1743.61 1671.17 32.4857 2485.5 2480.33 2271.58 570.54 559.818 527.868 505.305 84.3746 61.234 1701.04 46.1804 19.9402 31.9505 23.3632 13.3382 10.025 8.58722 208.753 20.2173 12.3476 1638.69 1175.5 121.542
internal_count=238160 23488 22693 22652 9366 8969 175 13286 13259 12139 3042 2984 2815 2694 452 327 9097 246 106 169 124 72 52 45 1120 108 66 8794 6305 649
is_linear=0
shrinkage=0.05


Tree=174
num_leaves=31
num_cat=0
split_feature=135 135 49 118 90 61 77 79 34 25 78 36 82 123 118 86 23 120 80 70 118 119 95 80 78 76 115 76 70 76
split_gain=1.80093 5.80958 12.1772 10.3531 9.93495 9.63177 9.64397 9.08913 10.1327 10.8804 11.4506 14.1704 12.3579 8.62811 12.2168 10.4678 9.27006 10.2627 12.3611 9.04097 8.56886 13.2325 9.04141 8.41972 7.69112 9.95323 11.7664 9.25317 15.6049 15.3084
threshold=41.675000000000004 40.675000000000004 18.500000000000004 0.13622691697597306 1.3000000000000003 24.500000000000004 809.30000000000007 3.7000000000000006 10.500000000000002 7.5000000000000009 38.066783243060833 2.5000000000000004 1.1067764362830024 2.1000000000000005 0.32791300515865812 1.506637297521078 6.5000000000000009 0.11167878230856991 1.3509142006662127 1.5000000000000002 0.18592548384794461 0.29776245769645121 0.20466550782656576 1.6140004959000309 126.30754993028222 52.80677481065667 60.500000000000007 67.605057155049067 1.0000000180025095e-35 63.191947392575194
decision_type=2 2 2 2 2 2 2 2 2 2 2 2 2 2 2 2 2 2 2 2 2 2 2 2 2 2 2 2 2 2
left_child=1 -1 3 -3 13 -6 -7 -5 -9 10 11 -10 20 -4 15 23 17 19 -19 -17 -12 22 -22 -15 25 -14 27 28 -27 -30
right_child=-2 2 4 7 5 6 -8 8 9 -11 12 -13 24 14 -16 16 -18 18 -20 -21 21 -23 -24 -25 -26 26 -28 -29 29 -31
leaf_value=-1.036313737064002e-05 -0.0018932720181211336 -0.040803730563118167 -0.034328791071362871 -0.036944909242543574 0.017516042837836705 0.039853963053970015 0.13142575787942543 -0.0096331999742637325 0.009967214411744689 -0.029385527816630855 -0.01786977245908444 0.098746049615609607 -0.0080624795265527762 -0.026616536284276904 0.087237909393074908 0.020414682122304989 0.094018493410327295 0.066092289664302514 -0.014122457312798768 0.1248579333077252 0.15695637263916773 0.0094377870802418631 0.056604607218359776 0.021157697428211941 -0.045620590141022703 0.12033009022247265 -0.065563608538404303 0.0096621362840249771 0.0023173056340422753 0.08207602072028361
leaf_weight=42905.015579245985 1226.0903502106667 14.244674719870089 8.9966657459735853 13.846048399806021 12.304263859987261 6.4002601206302625 5.2204412966966629 91.567071333527565 9.697116285562517 16.260999336838722 4.0033405721187618 8.378022760152815 63.948707178235054 22.187151476740837 5.7952001988887778 4.4386497139930707 4.9499039500951758 6.3481812626123455 19.72778232395649 3.8861081600189209 4.1964249312877637 6.4361446797847739 4.8255804181098938 15.783084481954573 7.1063346415758124 5.3257952928543082 4.1471789926290503 67.093473210930824 19.441505715250972 8.7119136899709684
leaf_count=229023 6664 80 47 76 64 32 26 494 51 88 21 43 342 117 30 23 26 33 104 20 21 33 25 83 38 28 23 356 103 46
internal_value=-3.52481e-06 4.98989e-05 0.005607 0.000944326 0.0196399 0.0483469 0.0809913 0.00271959 0.00442974 0.0100389 0.0130442 0.0511172 0.00951942 0.0121837 0.0172183 0.0119703 0.0300419 0.0208364 0.00540579 0.0691702 0.0473247 0.0642088 0.103281 -0.00675822 0.00533368 0.00748048 0.016972 0.0203754 0.0418452 0.0269982
internal_weight=44596.4 43370.3 465.268 349.23 116.038 23.925 11.6207 334.986 321.14 229.573 213.312 18.0751 195.236 92.1127 83.1161 77.3209 39.3506 34.4007 26.076 8.32476 19.4615 15.4582 9.02201 37.9702 175.775 168.669 104.72 100.573 33.4792 28.1534
internal_count=238160 231496 2473 1868 605 122 58 1788 1712 1218 1130 94 1036 483 436 406 206 180 137 43 100 79 46 200 936 898 556 533 177 149
is_linear=0
shrinkage=0.05


Tree=175
num_leaves=31
num_cat=0
split_feature=131 114 142 48 42 25 93 45 122 10 32 76 26 27 62 6 89 127 84 114 86 77 116 132 134 5 65 23 84 144
split_gain=1.77976 7.1826 7.21457 9.90184 8.98643 7.37755 8.74442 7.25715 13.2789 11.6425 10.6366 7.66403 9.52026 7.8722 9.56523 11.1163 7.60854 7.15303 7.07873 7.00305 6.36882 6.24701 6.98186 6.24048 8.60112 10.7668 5.98042 5.80959 5.76128 10.3603
threshold=341.50000000000006 23.500000000000004 6.5000000000000009 4.5000000000000009 1.0000000180025095e-35 8.5000000000000018 6.2000000000000011 1.5000000000000002 3.8333333333333335 2.5000000000000004 2.7740380080530831 30.360787917052964 3.5000000000000004 4.5000000000000009 -12.499999999999998 40.750000000000007 -1.0000000180025095e-35 -13.499999999999998 1.5636487597155921 28.500000000000004 2.6804809742357212 791.90000000000009 135.50000000000003 5.0859605911330057 1.5000000000000002 74.500000000000014 1.5000000000000002 4.5000000000000009 1.6062257748298554 18.500000000000004
decision_type=2 2 2 2 2 2 2 2 2 2 2 2 2 2 2 2 2 2 2 2 2 2 2 2 2 2 2 2 2 2
left_child=-1 26 5 4 27 6 20 8 -6 -9 18 16 -13 14 -14 -16 -11 -7 -10 -19 23 -12 -23 -3 28 -26 -2 -4 -25 -30
right_child=1 2 3 -5 7 17 -8 9 10 11 21 12 13 -15 15 -17 -18 19 -20 -21 -22 22 -24 24 25 -27 -28 -29 29 -31
leaf_value=4.9491262164390597e-05 -0.046375867323889597 -0.036370788803820053 0.10730837483965235 -0.020449832153687168 0.088882708406798558 0.066685584491164726 -0.02305335079701305 0.086130638055014308 0.012217790476131668 -0.0033895849428361539 -0.049775643149913965 -0.059601514533704082 -0.017928208233337625 -0.021471089234553212 0.11023999050603722 0.011951968778737145 0.089730027031641429 0.060270137699858777 0.096042319706348758 -0.01617631404824137 0.052205830840113578 -0.028560167152529937 0.053100858332824054 0.00044793083464084453 0.10260293223276806 -0.013131587801178983 0.010169216507449945 0.022332730848814861 -0.0099162614067768873 0.02282456216922029
leaf_weight=43372.901324890554 15.971543565392496 13.452190101146696 4.2210926264524442 22.459042340517044 7.594485491514205 7.2405627667903927 53.236199513077736 3.88097921013832 4.9812473058700579 4.7101289033889771 6.292780444025996 8.2824527174234372 9.1402685642242449 23.01445497572422 4.6764779537916166 7.4749143123626709 4.1057344973087293 4.2117585539817801 5.0942768752574921 10.376632899045942 5.3396002054214469 5.111907944083212 5.3640340715646744 609.56400644779205 4.3605193048715574 3.727274477481842 6.6118720322847357 3.8422734886407852 332.671182975173 26.054251745343208
leaf_count=231524 90 74 21 120 39 35 299 20 26 25 35 46 49 124 23 39 21 21 25 53 27 27 28 3309 22 20 37 20 1823 138
internal_value=-3.55058e-06 -0.00188455 -0.00135901 0.00975201 0.016045 -0.00271121 -0.00331023 0.0119398 0.0305109 0.00214332 0.0139969 -0.00316498 -0.0103974 -0.00119937 0.0207126 0.0497782 0.0399782 0.0260585 0.0546002 0.00589425 -0.00225408 -0.0103997 0.013253 -0.00254786 -0.00208186 0.0492665 -0.0298208 0.0668166 -0.00251075 -0.00753829
internal_weight=44596 1223.06 1200.48 130.247 107.788 1070.23 1048.41 99.7241 34.4387 65.2854 26.8442 61.4044 52.5886 44.3061 21.2917 12.1514 8.81586 21.829 10.0755 14.5884 995.169 16.7687 10.4759 989.829 976.377 8.08779 22.5834 8.06337 968.289 358.725
internal_count=238160 6636 6509 688 568 5821 5712 527 180 347 141 327 281 235 111 62 46 109 51 74 5413 90 55 5386 5312 42 127 41 5270 1961
is_linear=0
shrinkage=0.05


Tree=176
num_leaves=31
num_cat=0
split_feature=142 70 0 114 88 119 120 120 81 84 53 3 109 70 60 6 74 128 132 82 23 135 103 84 128 76 135 67 72 131
split_gain=1.79262 11.3733 8.28143 8.16925 8.46936 8.04131 9.86632 10.3424 8.03029 9.16544 13.0752 11.4748 13.0851 18.8657 11.0019 10.7073 9.90601 8.87352 9.29664 10.4889 8.57394 10.1455 9.60909 8.45679 9.61412 11.9565 12.2171 8.96248 8.33948 11.8526
threshold=2.5000000000000004 1.0000000180025095e-35 652.50000000000011 19.500000000000004 3.7000000000000006 0.29290014138291431 0.18135947235541669 0.14760656471398886 5.5000000000000009 1.5572337024036669 5.8250000000000002 2.5000000000000004 1.0000000180025095e-35 2.5000000000000004 0.32500000000000001 46.750000000000007 -1.0000000180025095e-35 -19.499999999999996 4.9611613876319769 1.6201785615337718 3.5000000000000004 25.125000000000004 0.46875000000000006 1.8013878188659975 -17.499999999999996 124.18981616025935 32.32500000000001 1.5000000000000002 1.5000000000000002 284.50000000000006
decision_type=2 2 2 2 2 2 2 2 2 2 2 2 2 2 2 2 2 2 2 2 2 2 2 2 2 2 2 2 2 2
left_child=1 2 -1 -4 5 6 7 -5 -3 10 -10 15 23 14 -14 16 17 18 -11 -20 -16 22 -22 24 25 26 28 -26 29 -13
right_child=-2 8 3 4 -6 -7 -8 -9 9 11 -12 12 13 -15 20 -17 -18 -19 19 -21 21 -23 -24 -25 27 -27 -28 -29 -30 -31
leaf_value=0.038332328530985255 -8.4893547880882943e-05 -0.0020065491565740105 0.051011952868127146 0.063201920491355548 0.065013018974809808 0.0036213472796988375 0.087710215970888086 -0.039768966359127106 -0.009316576226841615 0.0028101919197439425 0.010308447672900133 0.0633793967259796 0.089776842084802924 0.09326656730665589 -0.056226934375012083 -0.037202152355384398 -0.0082660294238889199 -0.00063107860098948298 0.10619858494413825 0.025442078016114162 0.00048003224872771928 -0.036311149486957288 0.10315136645106687 -0.0011084296653107121 -0.023282156244263358 0.111604159173675 -0.031194056489615953 0.051566538647574447 0.073685449298910896 -0.018760911856468786
leaf_weight=22.047206118702888 41839.141831040382 1673.803726606071 10.257862851023672 4.5467825680971163 5.9652832150459281 402.40025597810745 6.4197611808776847 5.2592040151357651 195.87922112643719 9.2102925330400485 149.76442365348339 8.4077399671077782 4.4342032521963146 13.538969233632086 4.7035623341798809 16.861164316534996 57.07487764954567 21.854930207133293 8.0388601571321505 8.0444317460060102 4.459268704056738 4.8904327750205985 4.660750687122345 59.766333490610123 14.806886896491052 4.9776241034269324 6.8547849208116522 5.4794921725988379 12.657739311456679 9.1946269571781141
leaf_count=114 223529 8924 51 23 30 2120 33 27 1047 48 787 44 23 69 25 90 304 116 42 42 24 26 24 317 78 25 36 29 65 48
internal_value=-3.5284e-06 0.00123157 0.00843679 0.00692106 0.00585585 0.00501288 0.039523 0.00797597 -0.000200149 0.00463321 -0.000813222 0.0113585 0.0201975 0.0463835 0.0189625 -0.000236042 0.0057443 0.0227043 0.0428672 0.0658063 0.00218335 0.0217927 0.0529498 0.0123324 0.0252102 0.0388374 0.0290784 -0.003065 0.0427318 0.0204733
internal_weight=44595.4 2756.26 456.896 434.849 424.591 418.626 16.2257 9.80599 2299.36 625.561 345.644 279.917 158.832 36.6872 23.1482 121.085 104.223 47.1485 25.2936 16.0833 18.714 14.0105 9.12002 122.145 62.3789 42.0925 37.1149 20.2864 30.2601 17.6024
internal_count=238160 14631 2398 2284 2233 2203 83 50 12233 3309 1834 1475 833 191 122 642 552 248 132 84 99 74 48 642 325 218 193 107 157 92
is_linear=0
shrinkage=0.05


Tree=177
num_leaves=31
num_cat=0
split_feature=130 77 132 89 62 69 27 131 32 73 80 93 132 59 99 4 144 87 79 87 87 130 5 75 0 92 88 56 92 53
split_gain=1.75864 8.77478 9.66379 8.31724 11.0789 8.07007 8.64705 9.35725 8.75364 8.43042 10.4945 9.5076 8.63013 8.18846 8.00878 8.70592 7.82855 8.52655 7.65393 7.56216 10.087 9.30894 7.49707 7.14009 7.47016 13.9407 7.03127 6.98884 6.94325 6.79334
threshold=0.26972891236480273 832.30000000000007 5.7395652173913048 1.5000000000000002 75.500000000000014 2.5000000000000004 4.5000000000000009 352.50000000000006 2.8894687317640249 -0.15789473684210503 1.4576885375750017 1.0000000000000002 6.024695121951221 0.17500000000000002 4.7000000000000002 73.500000000000014 7.5000000000000009 84.500000000000014 5.5000000000000009 47.833333333333321 28.166666666666689 0.29488299368320653 76.500000000000014 849.50000000000011 853.50000000000011 -0.89999999999999991 -1.8999999999999997 4.5000000000000009 2.6000000000000001 5.9250000000000016
decision_type=2 2 2 2 2 2 2 2 2 2 2 2 2 2 2 2 2 2 2 2 2 2 2 2 2 2 2 2 2 2
left_child=-1 5 3 4 -3 6 13 8 26 -10 11 27 -12 -2 -7 -16 -15 19 -17 20 21 22 -18 -4 25 -25 -8 -11 29 -28
right_child=1 2 23 -5 -6 14 7 -9 9 10 12 -13 -14 16 15 18 17 -19 -20 -21 -22 -23 -24 24 -26 -27 28 -29 -30 -31
leaf_value=2.4395108117884667e-05 -0.034325512008599103 -0.025621002089513678 -0.047384716985676256 0.054225007760787161 0.066943951859356823 -0.051431181698202169 -0.022837961258982752 0.071776114618109538 -0.02482613896273277 -0.031840808128102034 0.0085339805664796375 0.074323980748669888 -0.048556119541143423 -0.018976995260659005 0.068386262300158873 -0.043015351742792668 -0.027267395738108449 -0.02643142274138054 0.024034266793390338 0.071911183441790275 -0.048782520038949562 0.054887476284028652 0.044409578372465057 -0.018706973192768876 -0.043518304554315379 0.065806614141907777 0.057897747880162713 0.039182210112682053 0.10226297645672928 -0.00039494213787251951
leaf_weight=44244.578882649541 20.149256229400635 16.940344899892814 25.985941290855408 7.236170455813407 3.9948296993970862 13.385251134634016 4.5688129961490658 6.6358942389488211 21.274535432457924 5.7388256490230587 26.888136684894562 10.051775872707365 8.7816407382488233 30.502038657665253 3.6340736746788052 10.775886535644533 9.9970385432243329 10.958729729056357 7.0350133776664725 6.6728062927722922 5.4347510039806357 14.041483700275421 5.7444172650575647 20.220959320664406 13.907820299267767 6.4314208179712322 11.452695667743688 8.7372603267431241 4.3196275234222403 8.8680011183023435
leaf_count=236280 109 91 149 36 20 74 25 33 114 31 142 51 49 167 19 60 53 58 37 33 29 71 30 113 79 35 59 45 21 47
internal_value=-3.54614e-06 -0.003532 -0.0165317 0.00801461 -0.00795785 0.00128438 0.00481255 0.014106 0.0106484 0.00222898 0.0117906 0.0369663 -0.00552119 -0.00572153 -0.0210836 -0.00214159 0.00119317 0.0128344 -0.0165319 0.0231065 0.0138594 0.0252902 -0.00111083 -0.026923 -0.0138137 0.00168679 0.0341324 0.0110262 0.0446959 0.0324587
internal_weight=44594.9 350.365 94.7175 28.1713 20.9352 255.648 220.818 117.317 110.681 81.4722 60.1976 24.5279 35.6698 103.501 34.8302 21.445 83.3513 52.8492 17.8109 41.8905 35.2177 29.7829 15.7415 66.5461 40.5602 26.6524 29.2091 14.4761 24.6403 20.3207
internal_count=238160 1880 523 147 111 1357 1167 617 584 432 318 127 191 550 190 116 441 274 97 216 183 154 83 376 227 148 152 76 127 106
is_linear=0
shrinkage=0.05


Tree=178
num_leaves=31
num_cat=0
split_feature=127 132 73 115 118 102 136 24 108 135 128 130 90 144 132 108 58 135 125 114 121 135 118 85 142 116 124 94 86 144
split_gain=1.72873 5.04157 6.90807 6.71274 6.86191 5.11297 4.83345 2.6174 2.54263 2.84107 2.21975 5.35032 4.21232 6.4199 3.22501 3.88472 5.6757 4.04688 2.54275 2.3409 5.31451 2.60009 2.46781 8.45068 13.2734 10.6579 10.3791 10.4649 9.86631 9.39655
threshold=-2.4999999999999996 4.8345771144278613 0.18421052631578957 44.500000000000007 0.17376044085036715 13.500000000000002 1.0000000180025095e-35 3.5000000000000004 1.0000000180025095e-35 36.625000000000007 -1.4999999999999998 0.20120247752638051 1.0000000180025095e-35 46.500000000000007 4.6643192488262919 1.0000000180025095e-35 0.27500000000000008 21.925000000000001 7.5000000000000009 5.5000000000000009 10.500000000000002 24.725000000000005 0.098948351945433596 5.9000000000000012 10.500000000000002 107.50000000000001 4.9879791189571066 0.11111948489401602 2.2192200919408038 38.500000000000007
decision_type=2 2 2 2 2 2 2 2 2 2 2 2 2 2 2 2 2 2 2 2 2 2 2 2 2 2 2 2 2 2
left_child=10 7 3 4 5 -3 -7 -2 9 -9 18 12 13 14 -12 16 17 -16 19 20 21 -1 23 26 29 -26 28 -28 -21 -25
right_child=1 2 -4 -5 -6 6 -8 8 -10 -11 11 -13 -14 -15 15 -17 -18 -19 -20 22 -22 -23 -24 24 25 -27 27 -29 -30 -31
leaf_value=-0.010178772181473316 0.0092175410201626087 -0.02729105067860756 -0.045442192893965207 0.066339092066268424 -0.046581112913345032 0.076324775388277741 0.0091558222132465585 -0.062148370265228403 -0.0061384975954068824 -0.0091180247313998736 -0.047329948422363578 0.050121610861868407 0.052895669752378693 0.0421240148535343 -0.029922000318412939 0.029140636092215118 -0.04136559415557562 0.032130559970267578 -0.036145888556370846 -0.0075881613465413281 0.023099119247776141 -0.057009888305601643 -2.5577467685497442e-05 0.057203814359672936 0.0027574975054642866 0.10021234272658884 0.094275109619505443 0.01115868572559049 0.055433208206922657 -0.017248290145105299
leaf_weight=5.2296461164951342 3.9867722541093853 4.2469435036182501 5.804677188396453 5.094813644886016 5.3333041220903388 4.6094943433999997 6.3927760720252991 9.2283415272831935 5.2032722085714331 3.4773467406630507 4.9675981849431983 7.2702655792236319 3.986904263496398 7.1236605495214453 4.0817408263683372 6.8497102707624427 10.119391322135924 7.3747370094060898 4.8662385195493689 180.65064197778702 5.3625315874814978 6.8409285545349121 44142.881785184145 5.8881585896015194 4.1712200343608847 8.5682471394538862 3.9372642338275901 99.274123914539814 6.4314969182014456 15.121412992477415
leaf_count=28 23 28 38 23 32 22 35 60 32 21 27 35 19 36 22 34 56 38 27 964 27 41 235737 30 22 44 20 524 33 82
internal_value=-3.53459e-06 -0.0089963 0.00381878 0.0149548 0.00223563 0.0193089 0.0372968 -0.027422 -0.0355785 -0.0476348 7.2423e-06 0.0103542 0.00385769 -0.000967699 -0.0101603 -0.00366463 -0.0140793 0.0100223 -4.79891e-06 -8.45363e-07 -0.0183193 -0.03672 6.33632e-06 0.00435381 0.028035 0.0683032 0.00160068 0.0143294 -0.00542162 0.00361771
internal_weight=44594.4 53.3777 31.482 25.6773 20.5825 15.2492 11.0023 21.8957 17.909 12.7057 44541 51.774 44.5037 40.5168 33.3932 28.4256 21.5759 11.4565 44489.2 44484.4 17.4331 12.0706 44466.9 324.043 33.749 12.7395 290.294 103.211 187.082 21.0096
internal_count=238160 314 178 140 117 85 57 136 113 81 237846 267 232 213 177 150 116 60 237579 237552 96 69 237456 1719 178 66 1541 544 997 112
is_linear=0
shrinkage=0.05


Tree=179
num_leaves=31
num_cat=0
split_feature=124 32 76 61 84 75 85 28 124 46 118 86 132 89 59 32 51 124 38 123 73 86 27 76 124 132 60 102 132 131
split_gain=1.73199 9.81261 8.36618 11.3957 13.0038 10.6843 10.1418 9.42136 9.25955 12.3292 15.6036 11.9429 11.6964 10.8551 10.3115 9.84969 8.70334 9.27256 8.61722 8.51241 8.14518 8.12689 8.12476 14.4077 11.2502 12.9309 10.202 10.7864 8.40907 8.03966
threshold=4.7116856836982839 2.0465425325938553 33.750693022325279 100.50000000000001 1.1937171043518962 885.83333333333337 5.9000000000000012 2.5000000000000004 5.0675376362246087 1.5000000000000002 0.19059112363840977 1.1937171043518962 4.7024151811385861 -2.2999999999999994 0.32500000000000001 2.6614098185438251 1.925 5.5208647426350961 3.5000000000000004 4.7750000000000012 0.28947368421052638 1.5572337024036669 7.5000000000000009 104.36206348799976 4.9315245320639294 4.8375235700817099 0.4250000000000001 52.500000000000007 5.1226279985678493 269.50000000000006
decision_type=2 2 2 2 2 2 2 2 2 2 2 2 2 2 2 2 2 2 2 2 2 2 2 2 2 2 2 2 2 2
left_child=-1 -2 3 4 6 21 8 16 14 10 11 -10 -13 -11 15 -3 17 -5 -9 -17 -7 -6 -4 -24 -25 -26 27 28 -27 -28
right_child=1 2 22 7 5 20 -8 18 9 13 -12 12 -14 -15 -16 19 -18 -19 -20 -21 -22 -23 23 24 25 26 29 -29 -30 -31
leaf_value=9.9378874653102627e-05 -0.013733587224951362 -0.012881037051046233 -0.0010202114283177585 0.067119815942131317 0.0013648046320060771 0.026253719259574537 0.052876452404154207 0.020188398566352416 -0.012336791757887849 0.047806555322773503 -0.015815601719392402 0.13225179147728536 0.041781279027783044 -0.026473535582971205 -0.039391653308690919 0.0071943941767313169 -0.023995458590485436 -0.0099162835504492917 0.067904492544568804 0.090862264285024891 -0.024578150373534391 -0.0111642927761089 -0.019337599708893115 0.077326765251498897 -0.032135084773164554 0.077879053585183655 -0.036030626386534946 0.11823450587721002 -0.022798372653483459 0.052157268106295888
leaf_weight=40213.281931959093 145.08673638105392 4.6541406959295335 3196.5245003700256 7.0554439276456824 307.8788854777813 50.69733689725399 16.489838510751724 87.96783559024334 5.5141703635454205 5.6964136511087409 14.819293692708014 5.4685106128454199 10.304316863417624 36.014153078198433 3.7034141719341269 4.0687162280082729 22.377642497420311 8.7511510103940946 10.602267533540724 12.023770615458487 9.3312992602586728 223.29738423228264 145.67972385883331 5.8725603669881812 15.759089484810827 3.7873913943767565 8.0508372634649259 4.5726472437381736 4.5848554223775864 3.8062454462051383
leaf_count=214672 795 25 17137 37 1649 268 86 466 30 31 80 28 53 194 20 22 121 47 54 64 49 1198 785 31 85 20 43 24 25 21
internal_value=-3.4654e-06 -0.000947596 -0.000509597 0.00393602 0.00139022 -0.0016426 0.0164885 0.0171526 0.0106212 0.00218781 0.0235788 0.0510039 0.0731478 -0.0163291 0.0374619 0.0511808 -0.00393305 0.0244696 0.0253208 0.0697082 0.018352 -0.00390221 -0.00162042 -0.0116071 0.0126462 0.00328154 0.0257851 0.056476 0.0227455 -0.00772141
internal_weight=44593.7 4380.44 4235.35 846.716 709.962 591.205 118.757 136.754 102.267 77.8169 36.1063 21.287 15.7728 41.7106 24.45 20.7466 38.1842 15.8066 98.5701 16.0925 60.0286 531.176 3388.64 192.113 46.4336 40.5611 24.802 12.9449 8.37225 11.8571
internal_count=238160 23488 22693 4522 3797 3164 633 725 547 416 191 111 81 225 131 111 205 84 520 86 317 2847 18171 1034 249 218 133 69 45 64
is_linear=0
shrinkage=0.05


Tree=180
num_leaves=31
num_cat=0
split_feature=140 126 45 64 84 84 46 101 21 90 62 93 58 80 40 57 74 84 114 57 116 118 55 124 83 135 92 67 8 95
split_gain=1.73713 8.32711 10.4327 13.9015 12.9173 10.9513 10.9209 15.7363 13.4713 14.2418 10.5558 11.1034 10.449 9.96146 14.8653 11.1048 10.5356 9.9506 13.3453 12.0917 9.74756 9.62527 9.69638 10.4441 9.31977 9.27553 10.0157 9.17395 8.94356 8.89995
threshold=1.5000000000000002 5.5000000000000009 2.5000000000000004 3.0000000000000004 1.8506711151805402 1.4071067811865479 1.0000000180025095e-35 -1.0000000180025095e-35 11.500000000000002 -0.49999999999999994 144.50000000000003 5.8000000000000007 0.22500000000000003 1.4576885375750017 2.5000000000000004 0.22500000000000003 1.0000000180025095e-35 1.5889866919029754 27.500000000000004 0.27500000000000008 134.50000000000003 0.19666156165995483 9.5000000000000018 1.5229281465962721 5.3000000000000016 20.925000000000001 1.0000000000000002 1.0000000180025095e-35 5.5000000000000009 0.27075700846698325
decision_type=2 2 2 2 2 2 2 2 2 2 2 2 2 2 2 2 2 2 2 2 2 2 2 2 2 2 2 2 2 2
left_child=-1 2 3 13 5 -5 7 8 -4 -10 25 -12 -9 14 17 -16 -17 -2 28 -20 21 -8 29 -24 -18 -7 -27 -22 -19 -23
right_child=1 -3 6 4 -6 10 20 12 9 -11 11 -13 -14 -15 15 16 24 18 19 -21 27 22 23 -25 -26 26 -28 -29 -30 -31
leaf_value=7.4014529968103419e-05 -0.007130306920581763 -0.002963106577758287 0.01907468821551174 -0.019769744841238824 -0.039824293819139982 -0.028836073470918766 -0.035116717842240117 -0.042747873686116246 0.056958057225664618 0.19148365610147397 0.0077648459980055699 0.096304539793161115 0.050046656721756205 -0.0024729813696204553 0.013587359942214758 0.100345123926413 -0.022794878535851291 0.07329983198415857 -0.053975968069612412 0.043077873289504721 -0.038431185141301422 0.021035212471394692 -0.0075530681818443378 0.051336212401427009 0.074701562170141234 -0.0065969281114519468 0.048085149637943754 0.01386683645030932 0.0098086713156319266 0.066341620586821068
leaf_weight=42002.244816370308 60.958027258515358 1903.7635202407837 5.1854486763477343 66.632930785417557 33.723227694630623 19.741285264492035 9.4187337905168516 6.2112533599138242 4.0157518535852432 3.8571071028709412 8.0398977100849134 6.3279035985469809 5.9300312995910645 166.77867355942726 18.662503376603127 10.989613041281702 4.6024441719055158 14.263696283102037 7.8288938552141172 5.4386720806360245 19.276030123233795 73.230010792613029 49.720038414001465 8.8725733160972577 5.2438972592353821 22.382588982582092 13.379637151956556 14.841980040073393 9.0757457464933378 12.72268509864807
leaf_count=224234 324 10273 27 354 182 106 50 33 21 20 43 32 31 888 100 57 25 76 42 29 103 388 265 47 27 119 70 79 48 67
internal_value=-3.49551e-06 -0.00125994 0.00345733 -0.000674428 -0.0121134 -0.00526751 0.0126412 0.0435512 0.0816502 0.122865 0.00856258 0.0467597 0.00257472 0.00573428 0.0157209 0.0416002 0.0666909 0.00524381 0.0258492 -0.0141914 0.00849977 0.0138581 0.0170493 0.00136443 0.0291291 -0.00132524 0.0138611 -0.0156806 0.0486107 0.0277414
internal_weight=44593.4 2591.11 687.351 474.07 170.227 136.504 213.282 25.1996 13.0583 7.87286 69.8713 14.3678 12.1413 303.842 137.063 39.4985 20.836 97.565 36.607 13.2676 188.082 153.964 144.545 58.5926 9.84634 55.5035 35.7622 34.118 23.3394 85.9527
internal_count=238160 13926 3653 2522 906 724 1131 132 68 41 370 75 64 1616 728 209 109 519 195 71 999 817 767 312 52 295 189 182 124 455
is_linear=0
shrinkage=0.05


Tree=181
num_leaves=31
num_cat=0
split_feature=123 97 64 82 84 70 73 101 135 76 100 117 82 111 120 96 120 130 76 70 118 118 100 123 117 51 138 53 59 144
split_gain=1.7626 9.49731 9.39823 9.05191 13.0745 10.1775 10.1423 9.69415 14.1363 7.77503 11.6528 9.77219 12.6706 7.84192 7.59961 7.45331 7.38602 9.83089 8.2431 8.02439 7.47192 7.32332 7.67274 7.26401 10.176 13.0166 14.7253 9.88843 7.18645 7.12374
threshold=2.5500000000000003 7.1000000000000005 13.000000000000002 1.2124075097263003 2.5465237376037861 1.0000000180025095e-35 -0.23684210526315791 1.0000000000000002 31.025000000000002 79.712678407940331 -2.9999999999999996 251.50000000000003 1.126907828954975 4.5000000000000009 0.0096895741184565825 6.9000000000000012 0.42070380085930542 0.1100688933375041 66.734958285718605 1.5000000000000002 0.33070498891998673 0.19579706166447083 -0.99999999999999989 1.9000000000000001 255.50000000000003 2.0250000000000004 2.5000000000000004 6.1750000000000016 0.4250000000000001 57.500000000000007
decision_type=2 2 2 2 2 2 2 2 2 2 2 2 2 2 2 2 2 2 2 2 2 2 2 2 2 2 2 2 2 2
left_child=1 2 3 4 5 7 28 21 -9 10 11 12 -8 -13 -5 -16 18 -18 -4 -19 -20 -1 -23 24 27 26 -26 29 -7 -11
right_child=-2 -3 16 14 -6 6 9 8 -10 23 -12 13 -14 -15 15 -17 17 19 20 -21 -22 22 -24 -25 25 -27 -28 -29 -30 -31
leaf_value=-0.057651082369706487 0.00013294821800463941 0.032983729033796809 -0.0086547308887207127 0.036364804067567334 0.061681517256377529 0.0030843989051545142 0.09305025538243511 0.007966371660043799 0.073069136067266768 -0.039080994557748133 -0.0083428621851158007 0.022952362142267861 -0.0016678064517557706 -0.06647096328196242 -0.00038391372332415529 0.027717994617120517 0.11289176363297418 0.0020267567142251935 0.072322130832802825 0.066406676207342516 -0.014560457024009056 0.01894158457250263 -0.0058140013116630808 -0.022711200011019755 0.021404394688622767 -0.016971628027376409 0.14100205061615687 0.040496080329662509 -0.057031792287347643 0.0089562336371610592
leaf_weight=5.4243486374616614 37520.02223777771 20.830965459346771 29.737469971179962 14.192291140556334 7.322514444589614 228.52887949347496 8.4023677259683627 28.670094653964043 11.757883474230765 28.863508507609367 504.79727558791637 6.6442007571458799 6.0898191481828681 3.8853185772895813 5735.2520877197385 23.692324832081795 3.8669706583023098 12.976310566067697 7.1249783039093 7.7193063646554938 3.7914309501647949 44.381217688322067 106.19279642403126 179.05053295195103 7.8522829562425631 10.068011417984961 3.8286003321409225 6.4617553353309622 5.0818631052970877 10.534612461924551
leaf_count=29 200633 109 156 72 38 1211 44 152 62 155 2683 35 32 21 30435 125 20 69 37 39 20 234 563 954 41 54 20 34 27 56
internal_value=-3.53664e-06 -0.000727543 -0.000827121 -0.00100347 -0.0049283 -0.00533256 -0.00735765 0.0050811 0.0269006 -0.0101058 -0.00669196 0.0266139 0.0532484 -0.0100442 -0.000178246 -0.000268302 0.0180657 0.0397133 0.00498646 0.02604 0.0421465 -0.000573558 0.00148263 -0.0174386 -0.00347507 0.0246929 0.0606045 -0.0168336 0.00177666 -0.0262364
internal_weight=44593 7073.02 7052.19 6986.97 1213.84 1206.52 1010.09 196.426 40.428 776.478 529.819 25.0217 14.4922 10.5295 5773.14 5758.94 65.2165 24.5626 40.6539 20.6956 10.9164 155.998 150.574 246.659 67.6088 21.7489 11.6809 45.8599 233.611 39.3981
internal_count=238160 37527 37418 37077 6445 6407 5367 1040 214 4129 2815 132 76 56 30632 30560 341 128 213 108 57 826 797 1314 360 115 61 245 1238 211
is_linear=0
shrinkage=0.05


Tree=182
num_leaves=31
num_cat=0
split_feature=134 45 102 124 91 114 39 35 124 128 126 135 0 68 82 144 75 132 122 132 87 4 124 0 60 131 70 82 91 3
split_gain=1.73608 6.96952 10.2003 13.9883 9.76054 8.60972 11.3181 9.93811 11.0431 9.59532 8.56735 9.91558 9.1172 8.79194 7.61489 10.3296 7.24972 8.30928 8.52324 7.85254 11.2059 9.98729 9.18255 9.01074 8.95502 12.2408 18.4952 10.9836 10.3851 8.59636
threshold=2.5000000000000004 4.5000000000000009 28.500000000000004 3.4992855684535908 -0.49999999999999994 24.500000000000004 1.5000000000000002 9.5000000000000018 4.80831891575846 -18.499999999999996 12.500000000000002 27.225000000000005 840.50000000000011 1.5000000000000002 1.6748127572460862 62.500000000000007 742.83333333333337 5.4568322981366473 1.1666666666666667 4.9587585034013619 5.1666666666666865 79.500000000000014 4.9598370678709465 784.50000000000011 0.47500000000000003 225.50000000000003 1.5000000000000002 1.9811415832724213 -1.2999999999999998 12.500000000000002
decision_type=2 2 2 2 2 2 2 2 2 2 2 2 2 2 2 2 2 2 2 2 2 2 2 2 2 2 2 2 2 2
left_child=-1 16 4 14 -3 6 7 8 -5 -8 11 13 -13 -6 -4 -16 17 18 -2 29 22 23 24 -22 25 26 -21 -26 -27 -20
right_child=1 2 3 5 10 -7 9 -9 -10 -11 -12 12 -14 -15 15 -17 -18 -19 19 20 21 -23 -24 -25 27 28 -28 -29 -30 -31
leaf_value=0.0001682264168272695 -0.031993819126189052 0.047763700479893423 0.0017780612418992542 0.15030853497307392 0.11036581927468961 -0.012266462940961176 0.063937762203385484 0.017519591168009566 0.038475249765348933 -0.027481729419610537 -0.031325708035594139 -0.037191905645032594 0.021240763990150943 0.017959200846705322 -0.03741665319877948 0.023052929546155607 -0.0012317440330288539 0.072325268423174841 0.0050200475559788148 -0.0097159492936951964 -0.033849633313780443 0.0085557893221156339 -0.048302038720997587 -0.0079288467998819192 0.028001499591795733 0.02233148981391439 0.12758484589185634 0.11955249276170388 -0.034155887362839768 0.036808921041859094
leaf_weight=34219.14117423445 17.326819345355034 25.552373170852661 67.766419231891632 5.2915897816419619 5.0105227380990964 10.179688110947607 4.571402832865715 5.3054859042167655 3.7873798906803131 7.7131438925862295 10.046084597706793 8.7411348819732648 28.250434175133705 5.2934814840555191 34.522935330867767 8.8786161690950376 9043.5582666993141 4.3139259070157996 774.18206550180912 5.2563008517026883 48.957418695092201 55.846750229597092 5.5420046895742408 106.38135716319084 17.905518472194675 14.597854137420649 4.5985831320285797 4.0097573697566977 18.383588418364528 21.867608845233917
leaf_count=182613 93 133 361 28 25 55 24 28 20 42 55 48 149 28 186 47 48459 23 4124 28 263 299 30 570 95 78 24 21 98 113
internal_value=-3.54598e-06 -0.000570165 0.0080192 0.000154886 0.0220618 0.0268527 0.0417847 0.071886 0.103656 0.00653787 0.0106087 0.019516 0.00743308 0.0628937 -0.00869461 -0.0250464 -0.000765712 0.00306863 0.00279574 0.00335516 -0.0038229 -0.00957859 0.0134691 -0.0160982 0.018756 0.0054562 0.0543527 0.0447522 -0.00915412 0.00589329
internal_weight=44592.8 10373.6 230.911 148.017 82.894 36.8487 26.669 14.3845 9.07897 12.2845 57.3417 47.2956 36.9916 10.304 111.168 43.4016 10142.7 1099.17 1094.86 1077.53 281.479 211.186 70.2936 155.339 64.7516 42.8363 9.85488 21.9153 32.9814 796.05
internal_count=238160 55547 1229 791 438 197 142 76 48 66 305 250 197 53 594 233 54318 5859 5836 5743 1506 1132 374 833 344 228 52 116 176 4237
is_linear=0
shrinkage=0.05


Tree=183
num_leaves=31
num_cat=0
split_feature=144 100 127 76 27 85 2 2 8 35 95 84 131 120 78 101 94 120 135 10 128 126 73 21 5 0 102 142 96 92
split_gain=1.72496 7.97639 13.7734 8.12708 10.4271 12.0373 9.75627 10.571 9.57078 8.98588 8.61361 11.2032 13.6675 10.5213 10.7387 10.0395 10.0398 11.0397 10.5602 9.25354 9.63351 9.91656 8.87683 8.7146 8.52012 9.15855 8.08211 8.07289 14.4978 11.3544
threshold=74.500000000000014 -3.7999999999999994 -9.4999999999999982 54.165384512813958 5.5000000000000009 6.1000000000000005 23.233058287594165 23.803439859723365 4.5000000000000009 10.500000000000002 0.26424974390634431 1.4576885375750017 180.50000000000003 0.11347163315063287 56.678036804901517 -0.99999999999999989 0.19296883571582502 0.054589901038576701 19.875000000000004 4.5000000000000009 -18.499999999999996 8.5000000000000018 -0.31578947368421034 11.500000000000002 78.500000000000014 620.50000000000011 67.500000000000014 6.5000000000000009 4.1000000000000005 -4.1999999999999993
decision_type=2 2 2 2 2 2 2 2 2 2 2 2 2 2 2 2 2 2 2 2 2 2 2 2 2 2 2 2 2 2
left_child=-1 2 -2 4 5 9 -6 8 -8 10 15 13 -13 -12 -15 16 -3 -18 -19 23 -21 -22 -17 -20 25 -5 27 -24 -29 -30
right_child=1 3 -4 24 6 -7 7 -9 -10 -11 11 12 -14 14 -16 22 17 18 19 20 21 -23 26 -25 -26 -27 -28 28 29 -31
leaf_value=4.628840141335602e-05 -0.010120858108374348 -0.016675852179355726 0.093399416435490518 0.039423289362224022 -0.016626367084731111 0.041570829319229854 0.080530060852319396 -0.0035296422544423612 -0.0016767361494333802 -0.030413555168855962 -0.034711659121304909 0.04251217679886489 -0.048890600242342708 0.06519176988587104 -0.020562800710409695 0.041147496549870398 0.095729100143182561 -0.023352903648385284 0.045420810583209986 0.044390773559594865 0.026042899067943368 -0.052104832523996662 -0.007401800270475635 0.13115133103392504 -0.030160832644784547 -0.0056694238004822914 -0.026817450466990168 -0.045566559509133381 -0.020547674050909081 0.042889475788769386
leaf_weight=43475.165730372071 7.0494630485773087 12.01213678717613 5.9043237268924695 11.487702280282972 108.23212972283363 24.203848049044609 8.3679772615432721 43.585127741098404 6.1372975558042517 16.98187817633152 7.6286568194627788 4.9680749922990826 23.137345895171165 10.868814915418627 5.497127801179885 14.18807193636894 6.3410710990428916 9.0791686624288541 11.526168540120123 20.589676201343529 9.6766436249017804 6.9931818246841422 58.961212441325188 3.990533933043479 35.054075881838799 569.09762052446604 23.878262236714363 7.3193604052066794 8.7885403931140882 35.733725860714912
leaf_count=232122 38 65 31 58 589 121 43 235 33 94 40 26 126 56 30 74 32 48 61 109 52 38 317 20 193 3103 130 40 48 188
internal_value=-3.56429e-06 -0.00194341 0.0370636 -0.00240097 0.00241337 0.00765951 -0.0077546 0.008775 0.0457477 0.00490667 0.00703986 -0.0113105 -0.0327337 0.013783 0.0363878 0.0112134 0.0254736 0.0328978 0.0264567 0.0350255 0.0215145 -0.00674097 0.00353014 0.0674687 -0.00622253 -0.0047772 -0.000432686 0.00525329 0.0196463 0.0303672
internal_weight=44592.4 1117.28 12.9538 1104.33 488.686 322.364 166.323 58.0904 14.5053 298.16 281.178 52.1 28.1054 23.9946 16.3659 229.078 80.2086 68.1964 61.8554 52.7762 37.2595 16.6698 148.869 15.5167 615.639 580.585 134.681 110.803 51.8416 44.5223
internal_count=238160 6038 69 5969 2615 1715 900 311 76 1594 1500 278 152 126 86 1222 425 360 328 280 199 90 797 81 3354 3161 723 593 276 236
is_linear=0
shrinkage=0.05


Tree=184
num_leaves=31
num_cat=0
split_feature=132 132 64 120 88 20 64 2 61 115 25 119 131 80 24 122 88 102 100 128 78 118 76 126 49 40 116 32 124 35
split_gain=1.72725 8.21042 12.4975 10.8254 12.2026 9.87647 9.27451 9.02329 13.5854 8.23214 8.2207 7.57286 9.34348 11.461 13.1837 10.1645 10.3189 13.0316 12.3161 11.8979 12.6395 11.186 9.84838 10.8379 8.96745 16.0853 12.681 16.0636 12.2343 11.2988
threshold=4.4891252955082752 4.4512966476913354 7.0000000000000009 0.38981496771144503 1.5000000000000002 12.500000000000002 -14.999999999999998 26.175131170444384 42.500000000000007 41.500000000000007 7.5000000000000009 0.22477465067661326 266.50000000000006 1.7392473673530084 5.5000000000000009 2.8333333333333335 0.90000000000000002 61.500000000000007 -0.99999999999999989 -10.499999999999998 100.63995230209579 0.1790819951894351 4.5698543067360271 5.5000000000000009 16.500000000000004 2.5000000000000004 120.50000000000001 3.1736430125433865 3.8884308119283246 7.5000000000000009
decision_type=2 2 2 2 2 2 2 2 2 2 2 2 2 2 2 2 2 2 2 2 2 2 2 2 2 2 2 2 2 2
left_child=1 6 5 4 -4 7 -1 10 -9 -7 -3 12 15 14 -14 16 17 19 -18 20 -8 -19 -17 -24 25 26 27 28 -25 -27
right_child=-2 2 3 -5 -6 9 11 8 -10 -11 -12 -13 13 -15 -16 22 18 21 -20 -21 -22 -23 23 24 -26 29 -28 -29 -30 -31
leaf_value=0.077827545561344635 -8.8128124934427611e-05 0.0051261580534079374 0.016816773844663346 -0.046720408471883933 0.062836494075971888 0.031571359629348671 -0.0023669443318909012 0.0083947195018771754 0.091392833301741735 -0.032182243883772069 -0.023828046412669866 -0.0035756944544547303 0.10507318227468464 -0.038213838020791036 0.00054671560577378077 0.056266919998726662 -0.041896615947313837 -0.0089689990904826145 0.011316012919856948 0.075296081660812669 0.050784697177676121 0.068669668291561389 -0.019422124982020641 0.015414477498410401 -0.0038231872189484033 -0.00079290585015001462 0.010768155559992431 -0.024214934639330558 -0.017964020080259571 0.029729504698443543
leaf_weight=3.7915933877229682 41526.658845484257 573.33898264914751 49.809617102146149 4.9036242365837088 20.26525790989399 6.0657611191272727 65.894502475857735 14.5725614130497 7.4513034820556632 30.641498953104019 25.609648540616035 1052.4197801277041 7.4335455149412173 3.6341454684734336 5.0769290030002594 7.7041821852326384 15.937920704483984 5.9293528199195888 34.222487211227417 6.858708143234252 13.471770137548445 21.324915826320648 70.505642332136631 79.07440373301506 511.39806904643774 44.498445183038712 157.90449238568544 88.307730711996555 42.052290558815002 95.160797700285912
leaf_count=20 221782 3039 261 26 105 32 346 77 37 165 137 5654 37 20 26 42 85 31 180 34 70 113 377 425 2745 237 845 476 227 509
internal_value=-3.58275e-06 0.0011418 0.0057591 0.0250997 0.0301254 0.00355419 -0.000308475 0.00504391 0.0364754 -0.0216472 0.00388814 -0.00043569 0.00215333 0.0399494 0.0626549 0.00166914 0.0132935 0.0216411 -0.00559172 0.0121151 0.00665511 0.0517788 -6.54861e-05 -0.000464048 0.000848458 0.00556065 6.92457e-05 -0.00799727 0.00382626 0.0200044
internal_weight=44591.9 3065.26 732.658 74.9785 70.0749 657.68 2332.6 620.972 22.0239 36.7073 598.949 2328.81 1276.39 16.1446 12.5105 1260.25 163.64 113.479 50.1604 86.225 79.3663 27.2543 1096.61 1088.9 1018.4 506.998 367.339 209.434 121.127 139.659
internal_count=238160 16378 3879 392 366 3487 12499 3290 114 197 3176 12479 6825 83 63 6742 859 594 265 450 416 144 5883 5841 5464 2719 1973 1128 652 746
is_linear=0
shrinkage=0.05


Tree=185
num_leaves=31
num_cat=0
split_feature=135 32 124 135 76 131 75 128 75 123 113 43 144 32 137 94 124 99 73 101 41 82 96 121 93 119 115 115 82 38
split_gain=1.71851 5.31354 11.9419 9.58527 8.26318 8.23409 9.46431 8.90597 8.38294 15.9833 8.19505 8.35244 8.17313 8.07884 8.03398 7.2729 6.79808 12.1714 8.21349 9.58571 7.93317 7.92666 6.34594 7.47268 6.82052 6.71762 6.56382 8.08245 9.42303 12.2924
threshold=31.825000000000006 2.1242563284220197 4.544593621151086 36.07500000000001 96.513095909408165 180.50000000000003 848.83333333333337 -16.499999999999996 723.83333333333337 3.5500000000000003 14.500000000000002 2.5000000000000004 21.500000000000004 2.0465425325938553 1.0000000180025095e-35 0.2820949168670337 3.6212768893185232 5.5000000000000009 0.15789473684210509 1.0000000180025095e-35 1.0000000180025095e-35 1.5716104840279017 4.7000000000000002 8.5000000000000018 1.0000000180025095e-35 0.42287501508415953 51.500000000000007 45.500000000000007 1.2668844090561522 1.5000000000000002
decision_type=2 2 2 2 2 2 2 2 2 2 2 2 2 2 2 2 2 2 2 2 2 2 2 2 2 2 2 2 2 2
left_child=-1 2 3 5 12 6 -2 8 9 -7 16 -12 -4 -9 -6 -15 18 21 20 -20 -5 -18 23 24 -10 26 27 28 -24 -30
right_child=1 -3 4 10 14 7 -8 13 22 -11 11 -13 -14 15 -16 -17 17 -19 19 -21 -22 -23 25 -25 -26 -27 -28 -29 29 -31
leaf_value=0.00016724462071049227 0.025811807566710539 -0.00080674466838529392 0.022949023863902036 0.039132316981169431 0.076290438548455589 -0.0065495081034151505 0.11646428006348775 -0.026410070196590835 0.013201431130689549 0.12976573486324541 0.028857347875631295 -0.014661775838496087 -0.037147945898755287 0.073028280826737055 -0.017224238442977834 -0.018334331930641046 0.08288977755238526 -0.046695787696728525 -0.00057791788501024429 0.093393133997467931 -0.019439966108801374 0.010983653681613966 -0.027195010053190478 0.05932113641695913 -0.026898649606524438 -0.031460918445082038 0.040952858589334402 0.00061967372845783718 0.11795548199518424 0.020337113707759258
leaf_weight=34221.766921587288 9.7112906575202924 9926.2220281288028 6.7472240328788748 6.1414078623056403 4.1634317189455015 4.0651174038648588 4.0925317257642737 23.580878496170044 21.174517676234245 4.5654417723417282 38.393579557538033 15.466983929276465 35.028720408678055 4.6112202703952772 5.1225837767124176 4.1284952759742737 6.6894826591014889 5.1838514655828467 9.8532845079898816 3.7453254014253607 98.507956296205521 8.974406421184538 3.7726140767335918 4.7389364987611762 21.241301834583282 5.5205599069595328 38.838977709412575 36.309120252728462 5.6716588884592039 7.4753429293632507
leaf_count=182426 52 53349 37 33 22 21 22 126 112 24 203 84 196 24 28 22 36 29 53 20 538 48 20 25 113 29 205 193 30 40
internal_value=-3.62017e-06 -0.000567501 0.00478695 0.00774637 -0.0179587 0.0154313 0.0526883 0.0126617 0.0176883 0.0655593 -0.000199059 0.0163601 -0.0274417 -0.0111915 0.0247035 0.0298701 -0.00661108 0.0197142 -0.0112524 0.0253036 -0.0160026 0.0416922 0.0148339 -0.00022711 -0.00688018 0.0221115 0.0253238 0.0139198 0.0424616 0.06245
internal_weight=44591.5 10369.7 443.516 392.454 51.062 199.498 13.8038 185.694 153.374 8.63056 192.956 53.8606 41.7759 32.3206 9.28602 8.73972 139.096 20.8477 118.248 13.5986 104.649 15.6639 144.743 47.1548 42.4158 97.5883 92.0677 53.2287 16.9196 13.147
internal_count=238160 55734 2385 2102 283 1058 74 984 812 45 1044 287 233 172 50 46 757 113 644 73 571 84 767 250 225 517 488 283 90 70
is_linear=0
shrinkage=0.05


Tree=186
num_leaves=31
num_cat=0
split_feature=118 119 84 118 88 102 77 20 76 78 86 78 77 138 117 84 86 8 11 98 87 84 98 132 25 67 47 82 70 138
split_gain=1.7063 6.50893 12.0675 10.8632 10.535 9.65585 8.35888 17.3603 7.74358 7.72787 10.1942 17.366 7.86538 8.42306 9.12248 7.23553 13.8602 7.07104 6.87657 6.58105 11.88 6.52594 6.45691 6.42562 15.511 11.5586 11.2329 10.4229 9.93346 9.73123
threshold=0.34928583322414036 0.42287501508415953 1.6940971508067069 0.31622963181815378 1.3000000000000003 29.500000000000004 837.50000000000011 10.500000000000002 42.643217631168518 96.369081990944196 1.6263448702685814 104.21727268271263 760.90000000000009 1.5000000000000002 236.50000000000003 1.8986832980505139 1.5508054040544847 7.5000000000000009 4.5000000000000009 4.9000000000000012 -46.166666666666679 1.4387326679038659 4.7000000000000002 5.8932370820668707 2.5000000000000004 1.0000000180025095e-35 7.5000000000000009 2.0988088481701523 4.5000000000000009 1.0000000180025095e-35
decision_type=2 2 2 2 2 2 2 2 2 2 2 2 2 2 2 2 2 2 2 2 2 2 2 2 2 2 2 2 2 2
left_child=1 -1 3 22 5 8 15 -8 -4 12 -11 -12 13 -5 -15 16 -7 21 -10 20 -13 -14 -3 27 28 -26 -27 -2 -25 -29
right_child=23 2 4 9 -6 6 7 -9 18 10 11 19 17 14 -16 -17 -18 -19 -20 -21 -22 -23 -24 24 25 26 -28 29 -30 -31
leaf_value=-4.5817623338283373e-05 0.0013245408154891039 -0.021431758415939209 0.0018560677880112499 0.066224900723545366 -0.026850264452842821 -0.026560035120095596 0.11310519823952575 -0.023231293633448193 0.091946221676763543 -0.033780047210750987 0.088914794371561176 -0.028850706672337967 -0.021784439649880291 0.040389509166759548 -0.043731977012555698 -0.033098027277287327 0.067993966785886026 0.020600552886767723 0.015382903454306899 -0.0282235772556685 0.095867787071732144 -0.046810250947571068 0.052040002629487186 0.028439078778279808 -0.010407191967037918 0.074822722506178024 0.0010316015585775933 -0.019447970207683803 -0.053373200407156401 0.017415552692504697
leaf_weight=40633.27639669925 2716.3975823000073 4.4293875545263282 6.5350131988525417 4.4618999063968685 16.335049793124199 8.733312591910364 4.7192061841487867 4.6215178072452545 9.3914628773927671 13.652768969535826 6.7018312811851528 3.9456137716770172 64.350440919399261 5.1004938781261435 8.7546088248491269 15.07232344150543 6.9679535925388327 6.8137426078319541 4.2643722593784323 11.623906701803206 3.6998300552368191 43.767734259366989 9.2044799625873548 51.418671026825905 414.59149372577667 5.2431827634572974 314.92554573714733 20.035210862755775 3.9987991452217093 168.18199533224106
leaf_count=217125 14400 24 35 23 88 47 25 25 49 73 35 21 345 27 47 82 36 36 23 62 20 238 49 269 2232 27 1686 107 22 882
internal_value=-3.61342e-06 -9.65798e-05 -0.00793492 -0.0147986 0.00876821 0.0184163 0.00422195 0.0456499 0.046617 -0.0181875 0.0011986 0.0195865 -0.0239522 0.00647699 -0.0127642 -0.0083527 0.0154014 -0.0288018 0.0680374 -0.00452571 0.0315038 -0.0319152 0.0281704 0.0010254 -0.00297234 -0.00489622 0.00224003 0.00211295 0.0225357 0.0134915
internal_weight=44591.2 40896.4 263.147 186.507 76.6402 60.3052 40.1143 9.34072 20.1908 172.873 39.624 25.9712 133.249 18.317 13.8551 30.7736 15.7013 114.932 13.6558 19.2694 7.64544 108.118 13.6339 3694.79 790.178 734.76 320.169 2904.61 55.4175 188.217
internal_count=238160 218535 1410 1000 410 322 215 50 107 927 211 138 716 97 74 165 83 619 72 103 41 583 73 19625 4236 3945 1713 15389 291 989
is_linear=0
shrinkage=0.05


Tree=187
num_leaves=31
num_cat=0
split_feature=105 125 18 92 6 91 132 118 123 132 124 40 135 127 51 78 86 130 78 134 64 6 6 132 78 55 77 131 135 114
split_gain=1.67782 4.80404 7.17105 7.18398 6.88738 10.5495 14.8232 19.4928 11.0924 9.30088 9.22663 7.82538 6.9952 6.85148 6.83234 6.69207 8.46424 10.1042 8.41966 8.10536 12.181 13.0439 9.56819 11.4914 9.30618 9.14934 12.2254 9.61432 9.12422 9.77624
threshold=1.0000000180025095e-35 1.5000000000000002 4.5000000000000009 -11.799999999999999 56.250000000000007 3.9000000000000004 5.0743504698728588 0.28593138359558368 4.9000000000000012 4.9279220779220791 4.1231027722524312 1.5000000000000002 23.925000000000001 -11.499999999999998 1.925 43.326664737364716 1.0024937810560448 -0.14018963676629023 52.145564605820887 5.5000000000000009 -1.0000000180025095e-35 34.750000000000007 38.250000000000007 4.9186431329288487 102.1682924951668 10.500000000000002 798.90000000000009 222.50000000000003 43.57500000000001 20.500000000000004
decision_type=2 2 2 2 2 2 2 2 2 2 2 2 2 2 2 2 2 2 2 2 2 2 2 2 2 2 2 2 2 2
left_child=1 -1 -3 -4 5 15 7 8 -7 -6 13 -8 -10 -11 -14 16 -5 -18 -17 28 21 -21 23 -23 -24 -22 -27 -28 -20 -30
right_child=-2 2 3 4 9 6 11 -9 12 10 -12 -13 14 -15 -16 18 17 -19 19 20 25 22 24 -25 -26 26 27 -29 29 -31
leaf_value=-9.0433323692318629e-05 -0.00031149856129770916 -0.049521807814531402 0.052914803717585814 -0.007436175920824151 -0.031103144619895079 -0.0033320558240331833 0.030843376883942571 0.13515422801297519 0.014446859399705542 0.033155967575124547 0.06940176402891246 -0.037056812933676776 0.044030347050227722 -0.019396238856086309 0.12696706034955976 -0.0052437445683616805 0.060887452476894803 0.0081650925051044206 0.001068732580399759 -0.012358705157053751 -0.0077640559534345281 0.041596828305068723 0.017227589007626803 0.14861363850140435 0.07444749596542026 -0.032145783650203007 0.13026913527559683 0.0279489603532313 0.088405987709895578 0.01484188889241303
leaf_weight=17391.28728916496 22210.87274029851 6.8317471742629996 6.8484725207090369 90.96796889603138 37.179704383015633 14.822124764323236 6.6284524500370052 4.9063557982444754 6.1036177277565029 8.4741273820400256 4.7544703781604758 11.792315587401388 5.3693243116140348 23.133105367422104 4.6198079884052277 485.20895114541054 9.2568708509206754 497.27120976150036 3591.7143744826317 14.641667410731314 65.062623426318169 6.3787971585988981 31.434352993965149 4.1342567950487137 9.1813548952341062 4.4089446961879721 3.7986270189285261 5.8030474781990051 5.6633437275886562 22.2977624386549
leaf_count=92578 119080 40 33 490 196 78 35 25 32 45 25 63 28 123 24 2591 47 2628 19085 78 347 33 167 21 49 24 20 31 28 116
internal_value=-3.6292e-06 0.000301914 0.00166969 0.00173989 0.00166945 0.00189733 0.0238254 0.0425692 0.0278755 -0.0135184 0.00446187 -0.0126239 0.056619 -0.00530661 0.0823872 0.00165194 0.00660664 0.0091286 0.000955331 0.00175433 0.0133524 0.0292511 0.0411669 0.0836812 0.0301624 0.000128415 0.0367795 0.068429 0.00129023 0.0297418
internal_weight=44590.8 22380 4988.69 4981.86 4975.01 4901.47 54.242 35.8212 30.9149 73.5414 36.3617 18.4208 16.0928 31.6072 9.98913 4847.22 597.496 506.528 4249.73 3764.52 144.844 65.7704 51.1288 10.5131 40.6157 79.0732 14.0106 9.60167 3619.68 27.9611
internal_count=238160 119080 26502 26462 26429 26040 285 187 162 389 193 98 84 168 52 25755 3165 2675 22590 19999 770 348 270 54 216 422 75 51 19229 144
is_linear=0
shrinkage=0.05


Tree=188
num_leaves=31
num_cat=0
split_feature=133 63 119 64 75 135 59 137 75 2 5 137 132 102 124 143 2 27 130 120 60 128 122 128 54 124 62 124 124 2
split_gain=1.68671 4.48562 4.74921 8.13246 4.26636 4.1181 7.6889 4.78402 5.13094 3.68786 5.66328 3.52392 5.86271 4.47953 4.91634 3.52331 3.46285 3.44543 3.21223 4.52276 2.83782 2.6359 3.19849 2.96207 3.52725 4.84538 6.77234 3.78179 4.24464 3.77829
threshold=6.5000000000000009 -2.9999999999999996 0.26411872170964074 3.0000000000000004 821.50000000000011 25.925000000000001 0.22500000000000003 1.0000000180025095e-35 820.50000000000011 25.279438005570345 73.500000000000014 1.5000000000000002 4.7099111734455361 42.500000000000007 3.5284486391322702 9.5000000000000018 22.658524882013168 5.5000000000000009 0.0054935346391810922 0.28647182970612878 0.4250000000000001 -1.0000000180025095e-35 4.166666666666667 -1.4999999999999998 5.5250000000000012 0.93711154405659369 -6.4999999999999991 2.0603394205031154 1.6968925532383385 23.087307113118289
decision_type=2 2 2 2 2 2 2 2 2 2 2 2 2 2 2 2 2 2 2 2 2 2 2 2 2 2 2 2 2 2
left_child=1 5 9 4 16 6 -1 -8 -9 10 11 12 13 -3 17 -12 -4 -15 20 -20 -7 23 -23 -2 -25 -26 -27 28 -28 -29
right_child=21 2 3 -5 -6 18 7 8 -10 -11 15 -13 -14 14 -16 -17 -18 -19 19 -21 -22 22 -24 24 25 26 27 29 -30 -31
leaf_value=0.065987520286491061 6.2165326478896964e-06 -0.053639753052746736 0.085140842158421354 -0.051796105638538065 -0.01140755858062547 -0.063546389292020083 0.052183069656251607 0.02286298723929139 -0.04325710827648601 0.024221534324217166 -0.044570209380481944 0.024535692233192703 0.02955860898063566 -0.064805682033175008 0.040613287004488234 -0.0023708600963973096 0.019583452099494966 0.004574664623641536 0.04458957931412498 -0.027936399021073623 -0.0081356688011806795 -0.052199495396082735 0.0014177404293851659 0.059159652082831062 0.061468603419112124 -0.055169461887794258 0.010047650578002859 0.039979078265107798 -0.054745155525478956 -0.0086537674996401154
leaf_weight=6.9272360354661968 44411.528798915446 9.1879258751869255 4.1632739752531034 3.7189310491085044 3.7027826458215705 3.7438633888959902 3.7084878534078589 5.422946095466612 6.3929605782032013 4.8164073824882498 25.278042361140255 7.1103762686252585 5.6906410306692115 3.6068729311227781 3.6978958994150162 6.1496211588382712 3.9024751335382462 3.551202803850174 4.8439857363700849 3.8645407408475876 6.0360255241394043 5.3456659168004972 5.7986918836832047 3.8071663081645957 3.9086656272411338 4.4056600183248511 7.5876105129718798 12.971539005637171 3.7904499471187592 5.7702569961547843
leaf_count=35 237176 55 21 21 21 23 19 28 35 25 150 39 32 21 20 34 20 20 25 21 35 36 33 19 18 24 39 65 20 30
internal_value=-3.62995e-06 -0.00579162 -0.0123679 0.0126569 0.0330244 0.00779406 0.0221844 0.00263869 -0.0129111 -0.0179776 -0.0211399 -0.0066217 -0.0152304 -0.0279464 -0.00620088 -0.0363128 0.053422 -0.0303853 -0.00968099 0.0124051 -0.0293476 1.27085e-05 -0.0243011 1.88039e-05 0.0132528 0.00870545 0.00273209 0.0112014 -0.0115372 0.0250059
internal_weight=44590.4 125.516 84.5764 15.4875 11.7685 40.94 22.4516 15.5244 11.8159 69.089 64.2726 32.8449 25.7345 20.0439 10.856 31.4277 8.06575 7.15808 18.4884 8.70853 9.77989 44464.9 11.1444 44453.8 42.2413 38.4342 34.5255 30.1199 11.3781 18.7418
internal_count=238160 700 479 83 62 221 117 82 63 396 371 187 148 116 61 184 41 41 104 46 58 237460 69 237391 215 196 178 154 59 95
is_linear=0
shrinkage=0.05


Tree=189
num_leaves=31
num_cat=0
split_feature=131 121 101 134 79 75 89 119 119 124 117 130 94 120 76 124 134 86 98 124 115 144 130 79 95 102 124 76 41 75
split_gain=1.67068 6.60684 6.66002 6.19812 7.30579 6.22362 8.60847 9.2589 8.33036 7.83354 7.10892 6.90798 15.5649 16.8729 13.7197 11.9745 12.8292 12.5547 12.6678 9.98396 14.2667 10.5513 10.459 10.8809 9.8582 10.8707 11.522 9.81876 10.9777 9.51551
threshold=274.50000000000006 15.500000000000002 -0.99999999999999989 8.5000000000000018 3.9000000000000004 737.50000000000011 -3.4999999999999996 0.24067920920647842 0.30263370569233777 7.149822983898015 253.50000000000003 -0.10709226728153255 0.24512653667602108 0.24542399999782025 106.64166226532812 2.4881864935237332 6.5000000000000009 1.506637297521078 4.9000000000000012 1.8438769885407387 60.500000000000007 28.500000000000004 -0.15495496038822851 4.1000000000000005 0.12513464046060888 36.500000000000007 1.5229281465962721 69.071620769541184 2.5000000000000004 815.16666666666686
decision_type=2 2 2 2 2 2 2 2 2 2 2 2 2 2 2 2 2 2 2 2 2 2 2 2 2 2 2 2 2 2
left_child=-1 3 -3 5 -5 6 7 -2 -9 -8 -10 12 14 -14 15 16 17 -7 24 21 -21 29 -23 -24 -19 26 -26 28 -27 -20
right_child=1 2 -4 4 -6 11 9 8 10 -11 -12 -13 13 -15 -16 -17 -18 18 19 20 -22 22 23 -25 25 27 -28 -29 -30 -31
leaf_value=-0.0001900493064111336 0.089614540986286975 -0.0091380635788830041 0.060385691883467242 0.051923636774118702 -0.024405319485953394 0.0026156120031284543 -0.0034303014377399356 -0.039500230763875106 0.065639710761048228 -0.057925078776780881 -0.017202214909588773 0.00049504472598142541 -0.0016277352606922904 0.052715134913209762 0.04061848478903482 -0.0083835294366403305 0.083426135611805743 -0.030271561638135793 0.10139972181849873 -0.057427160254202116 0.041926258019706987 -0.0232678537812364 0.099859178670075571 0.012690888879844193 -0.0061351654101942515 0.019960804891540465 0.069167423700835909 0.12155077981717206 0.10743998374944019 0.018182420915374736
leaf_weight=32514.639541819692 4.7726555168628719 5.5433134138584128 9.0987740457057935 3.4019209593534461 39.945164658129215 137.93533852696419 1032.8138613551855 5.5370547920465496 7.1145976632833463 6.6369718611240378 4.0717527568340302 10014.45897911489 554.48345986008644 14.661473721265791 39.908596083521843 72.459668770432472 6.5985421091318122 4.0253359824419013 6.7861786633729917 10.554308980703356 5.4941538870334616 15.615483000874514 4.4662586748600068 18.041982054710388 12.148844078183176 9.7322618961334246 8.7301542907953245 7.6297348141670218 5.6788615584373465 6.9564997404813766
leaf_count=173725 25 27 42 19 224 719 5489 30 37 37 22 53537 2929 73 205 384 34 21 35 56 29 81 23 94 63 51 45 39 29 36
internal_value=-3.53685e-06 0.000498677 0.0340649 0.000457927 -0.0184149 0.000526002 -0.00313057 0.0281885 0.0106582 -0.00377825 0.0354858 0.000880082 0.00497384 -0.000227834 0.0129159 0.00959442 0.0145971 0.0128076 0.0249416 0.0110502 -0.0234137 0.021714 0.00817409 0.0299875 0.0446188 0.0514826 0.0253512 0.0751622 0.0521961 0.0592754
internal_weight=44589.9 12075.3 14.6421 12060.7 43.3471 12017.3 1060.95 21.4961 16.7234 1039.45 11.1864 10956.4 941.907 569.145 372.762 332.854 260.394 253.795 115.86 67.9149 16.0485 51.8664 38.1237 22.5082 47.9452 43.9199 20.879 23.0409 15.4111 13.7427
internal_count=238160 64435 69 64366 243 64123 5640 114 89 5526 59 58483 4946 3002 1944 1739 1355 1321 602 354 85 269 198 117 248 227 108 119 80 71
is_linear=0
shrinkage=0.05


Tree=190
num_leaves=31
num_cat=0
split_feature=131 61 76 127 101 117 52 6 9 130 115 91 81 131 101 82 84 114 6 135 128 95 86 32 97 32 101 86 40 49
split_gain=1.67386 6.4021 8.26908 7.95972 7.90698 9.09379 8.31344 7.88523 7.41648 13.745 8.6057 7.90491 9.9635 10.2454 10.5955 7.85404 9.94627 12.6357 9.80012 8.67283 7.53829 7.32237 7.96084 9.67342 14.8953 8.70281 10.3366 10.6221 9.10875 8.87763
threshold=340.50000000000006 170.50000000000003 110.16754912284317 -16.499999999999996 -0.99999999999999989 190.50000000000003 3.4250000000000003 55.750000000000007 8.5000000000000018 0.090986837641252219 60.500000000000007 -1.8999999999999997 5.7000000000000002 345.50000000000006 2.6000000000000001 1.7392473673530084 1.2747413007657611 27.500000000000004 37.250000000000007 23.125000000000004 -18.499999999999996 0.45592347175850162 2.3334521319619359 2.9294567000335388 4.7000000000000002 2.8827501425059525 -0.59999999999999998 1.8627858656638059 1.0000000180025095e-35 23.500000000000004
decision_type=2 2 2 2 2 2 2 2 2 2 2 2 2 2 2 2 2 2 2 2 2 2 2 2 2 2 2 2 2 2
left_child=-1 3 -3 4 5 -2 -6 8 11 10 -10 12 13 -5 15 16 -15 19 -19 -18 21 22 25 -24 -25 28 -27 -28 29 -13
right_child=1 2 -4 7 6 -7 -8 -9 9 -11 -12 20 -14 14 -16 -17 17 18 -20 -21 -22 -23 23 24 -26 26 27 -29 -30 -31
leaf_value=4.913152371859305e-05 0.059413589461592066 -0.021639558473831241 0.012762127467386031 -0.032570528066108925 -0.046011904431934383 -0.014275201775412562 0.0033981655369592608 0.051004423340133768 0.016355747498131987 -0.0044778702396689211 0.11576195533802386 -0.025611788780895286 -0.044747620426184416 -0.029708059102118906 0.067993353951160365 -0.024733142641235342 0.094129472255443616 0.018084269598836033 -0.028708714882828303 0.0039710071891063993 -0.018322750117316048 -0.043306968036290791 -0.0078125679221992001 -0.016871234805415327 0.089463210170084559 -0.011265256158488435 0.0079736203150962727 -0.018555276536811573 0.010091871286746535 0.057327392381287437
leaf_weight=43308.56422097981 5.8917255848646191 77.769809782505035 22.527686759829521 29.684488490223885 28.305070549249649 14.468362823128698 12.174922049045561 7.5864760577678672 3.6388342827558535 12.934200868010519 5.4203067868947983 30.81957882642746 19.120821744203568 16.297369882464409 5.5137119889259329 30.260816127061844 7.3516299873590452 36.192234963178635 16.19711109995842 4.1863269358873367 47.523978874087334 8.7810077518224698 10.025242239236833 4.8388896435499182 10.311215400695799 202.49619641900063 229.91254195570946 45.140233993530273 331.90044529736042 3.6036470532417288
leaf_count=231205 31 429 120 163 158 80 67 40 20 71 28 168 106 89 29 166 38 192 90 22 264 48 53 25 51 1113 1252 247 1776 19
internal_value=-3.55268e-06 -0.0017849 -0.0139126 -0.000754567 -0.0183676 0.00704858 -0.0311511 0.000202426 -0.000144117 0.0286025 0.0758329 -0.000724064 -0.0108129 -0.00635906 0.000348523 -0.00302725 0.00516023 0.0140494 0.00361737 0.0614172 0.00107276 0.00212279 0.00258182 0.0302881 0.0555004 0.00175526 -0.00269192 0.00361984 0.00755272 -0.0169292
internal_weight=44589.4 1280.87 100.297 1180.58 60.8401 20.3601 40.48 1119.74 1112.15 21.9933 9.05914 1090.16 164.805 145.684 115.999 110.485 80.2247 63.9273 52.3893 11.538 925.353 877.829 869.048 25.1753 15.1501 843.873 477.549 275.053 366.324 34.4232
internal_count=238160 6955 549 6406 336 111 225 6070 6030 119 48 5911 895 789 626 597 431 342 282 60 5016 4752 4704 129 76 4575 2612 1499 1963 187
is_linear=0
shrinkage=0.05


Tree=191
num_leaves=31
num_cat=0
split_feature=143 132 63 97 121 132 52 110 28 144 123 124 20 32 144 119 80 99 94 53 94 9 113 92 128 108 48 70 38 83
split_gain=1.6688 7.38139 13.3264 8.81713 9.91332 9.50383 6.6425 7.18817 8.60488 7.98271 8.6916 8.12994 8.95587 7.50283 8.19445 8.15982 6.63132 6.56727 6.42307 6.47742 5.92024 5.80501 10.2229 9.94374 10.2181 6.08145 5.75182 8.4574 8.21203 6.50682
threshold=13.500000000000002 4.391730605285594 1.0000000180025095e-35 6.1000000000000005 19.500000000000004 5.0202040816326532 3.7750000000000004 1.0000000180025095e-35 3.5000000000000004 40.500000000000007 3.5500000000000003 2.3924240017711829 10.500000000000002 3.7748252045881072 71.500000000000014 0.098146876269012001 1.506637297521078 5.3000000000000016 0.24512653667602108 5.7750000000000012 0.24512653667602108 4.5000000000000009 8.5000000000000018 1.8000000000000003 -19.499999999999996 1.0000000180025095e-35 3.5000000000000004 2.5000000000000004 1.5000000000000002 4.3000000000000016
decision_type=2 2 2 2 2 2 2 2 2 2 2 2 2 2 2 2 2 2 2 2 2 2 2 2 2 2 2 2 2 2
left_child=-1 2 20 6 5 -5 7 8 13 10 -10 -11 -13 14 15 26 -4 -8 19 -15 -2 22 23 24 -9 -24 28 29 -3 -28
right_child=1 3 16 4 -6 -7 17 21 9 11 -12 12 -14 18 -16 -17 -18 -19 -20 -21 -22 -23 25 -25 -26 -27 27 -29 -30 -31
leaf_value=2.2453337660604613e-05 0.03259981898641643 0.058440827401237752 0.021953603194812883 -0.019626775420623636 0.082470699769058381 0.061618458445498472 0.060341255532370991 0.084612822195483217 0.10625213453674043 -0.035557924840357837 0.017704978049363062 0.086472862246661328 -0.017483394619349567 -0.044146722340290268 0.046027406354053481 0.053902630136369534 0.10919272182225204 -0.013175434389247304 0.070262925803648721 0.045342376769905206 -0.04815439619559804 -0.026488851282124772 -0.046449746352973005 -0.05448424968300513 0.0083154619726789735 0.025187149409389532 0.022795307387641996 -0.057064427729291767 -0.013050149437152065 -0.024130753363867597
leaf_weight=44268.798162318766 3.9009958952665347 5.1305669397115734 3.855928108096121 11.609257936477666 5.5795597881078711 5.2170882076025 6.9050682485103589 6.1971980482339903 4.820891201496126 7.9224173128604916 6.5186785161495209 4.2068491429090482 4.0821964144706726 4.1590742319822294 5.6594907790422431 4.0191684961318961 5.0066916346549988 5.4239048063755035 5.2765835225582114 3.9354885071516037 5.4270515069365501 79.24808469414711 14.774675965309145 4.0980736613273612 15.033629417419434 3.7056633532047263 8.8650390058755857 16.734215185046196 18.504899606108665 44.313846349716187
leaf_count=236458 20 27 20 62 28 26 35 32 24 42 35 22 22 22 29 20 25 28 26 20 30 428 80 22 80 19 47 92 100 239
internal_value=-3.55873e-06 -0.00360058 0.0273317 -0.00546411 0.0247152 0.00556369 -0.00788311 -0.00953871 -0.00196162 0.0231696 0.0553498 0.000660207 0.0352764 -0.00789987 -0.0124647 -0.0158576 0.0712369 0.0279989 0.0273412 -0.000638094 -0.0143829 -0.0184145 -0.00380859 0.0168224 0.0305864 -0.0320852 -0.0188547 -0.0260634 0.00246845 -0.0163081
internal_weight=44588.9 320.132 18.1907 301.942 22.4059 16.8263 279.536 267.207 144.149 27.551 11.3396 16.2115 8.28905 116.598 103.227 97.5677 8.86262 12.329 13.3711 8.09456 9.32805 123.057 43.8092 25.3289 21.2308 18.4803 93.5486 69.9131 23.6355 53.1789
internal_count=238160 1702 95 1607 116 88 1491 1428 767 145 59 86 44 622 554 525 45 63 68 42 50 661 233 134 112 99 505 378 127 286
is_linear=0
shrinkage=0.05


Tree=192
num_leaves=31
num_cat=0
split_feature=123 49 82 128 81 0 93 83 94 59 73 84 69 86 76 78 96 93 24 76 123 132 87 99 89 67 6 6 117 116
split_gain=1.65676 9.36855 8.80172 7.86289 7.44194 7.48109 5.85515 7.69431 7.31346 6.30001 7.68568 10.3233 11.491 7.03319 7.96543 7.66726 7.69061 5.44119 5.93741 5.11065 4.91228 13.1829 11.2024 10.0132 6.99812 8.57614 8.78221 9.54656 12.5458 11.7215
threshold=9.4500000000000011 13.500000000000002 2.1271888302239863 -9.4999999999999982 5.3000000000000016 809.50000000000011 4.6000000000000005 5.5000000000000009 0.17413594015766512 0.27500000000000008 -0.052631578947368744 1.3435015956036227 1.0000000180025095e-35 1.202079728939615 54.584287058503627 43.044162875884396 5.1000000000000005 -1.3999999999999997 4.5000000000000009 130.49095327744979 8.7750000000000021 4.5390720390720398 32.833333333333321 4.9000000000000012 3.3000000000000007 3.5000000000000004 29.250000000000004 41.750000000000007 251.50000000000003 112.50000000000001
decision_type=2 2 2 2 2 2 2 2 2 2 2 2 2 2 2 2 2 2 2 2 2 2 2 2 2 2 2 2 2 2
left_child=20 4 3 6 5 -2 9 8 -8 13 17 -12 -13 14 15 -3 -17 -11 -19 -15 -1 22 23 -22 25 26 -23 28 -28 -29
right_child=1 2 -4 -5 -6 -7 7 -9 -10 10 11 12 -14 19 -16 16 -18 18 -20 -21 21 24 -24 -25 -26 -27 27 29 -30 -31
leaf_value=-1.8029028883071847e-05 -0.033930619026153706 -0.037541282860050158 0.043666513885212747 0.040759451417993045 0.0733215341787226 0.043727836930044117 0.053298644387666197 0.065945998977400666 -0.028476656027879479 -0.065668952562292368 0.060317140808512172 -0.040290089341365937 0.057612117060404068 -0.038252952379477616 -0.047982288152747229 0.09840049045629011 0.0028386427521682467 -0.043243217770844521 0.044972681980487025 0.021107306990211107 0.042692816143900365 0.051906122329956554 0.0086743817576932693 0.15044382366768988 -0.045665503289154002 0.058291642353689603 -0.021319187169529796 0.044450102953981857 0.041699365813035016 -0.00040346441251750114
leaf_weight=44244.087361983955 6.0039097219705599 3.52729553729296 7.4954396784305564 6.7434214279055587 6.1819875687360755 6.4143899232149124 3.6895878165960339 4.791135922074317 10.558015607297419 6.1851475462317467 8.424544572830202 9.6121085956692678 4.355190858244895 58.203249260783195 5.5859123319387427 4.1798793375492078 4.2421294003725052 4.1455411612987501 3.5329549014568329 3.8668711930513373 4.9682254791259783 8.7611367553472501 8.3981284052133542 3.8092679679393768 6.8291306942701331 7.4766609519720069 59.295673578977585 21.127155020833015 9.1112840026617032 46.899711906909943
leaf_count=236312 33 20 38 37 31 32 20 25 60 35 44 55 23 323 32 22 23 24 19 20 26 46 44 19 37 39 315 109 48 249
internal_value=-3.53178e-06 -0.00496334 -0.0091364 -0.0119306 0.0284965 0.00618209 -0.0145645 0.0111325 -0.00729996 -0.0187872 -0.00151063 0.0166035 -0.00976287 -0.0266556 0.00130594 0.0243466 0.0502664 -0.0307677 -0.00265418 -0.0345549 1.51971e-05 0.00833584 0.0499567 0.0894547 0.00385396 0.006069 0.00337985 0.000263725 -0.0129256 0.0135267
internal_weight=44588.5 167.739 149.138 141.643 18.6003 12.4183 134.9 19.0387 14.2476 115.861 36.2555 22.3918 13.9673 79.6053 17.5352 11.9493 8.42201 13.8636 7.6785 62.0701 44420.8 176.676 17.1756 8.77749 159.501 152.672 145.195 136.434 68.407 68.0269
internal_count=238160 916 820 782 96 65 745 105 80 640 200 122 78 440 97 65 45 78 43 343 237244 932 89 45 843 806 767 721 363 358
is_linear=0
shrinkage=0.05


Tree=193
num_leaves=31
num_cat=0
split_feature=117 26 66 2 56 132 2 130 75 38 114 75 55 114 35 61 84 91 11 135 45 20 41 85 95 100 97 135 131 78
split_gain=1.6463 7.94442 7.80634 13.7287 12.303 11.334 13.1356 10.6467 9.10799 7.37284 7.26771 8.3111 9.26152 7.84233 7.80433 7.59024 7.33456 8.47764 9.4448 6.87174 7.83822 9.73193 8.91493 9.52446 8.44976 10.1965 10.8119 9.63976 11.9316 8.03111
threshold=280.50000000000006 8.5000000000000018 1.0000000180025095e-35 23.395832907397708 6.5000000000000009 5.6593326885880089 22.637220453738902 -0.029178113502799623 821.50000000000011 1.5000000000000002 19.500000000000004 905.83333333333348 8.5000000000000018 27.500000000000004 9.5000000000000018 -238.49999999999997 1.9157172943420677 2.3000000000000007 5.5000000000000009 34.125000000000007 2.5000000000000004 7.5000000000000009 3.5000000000000004 6.3000000000000016 0.22284480060691139 -1.0000000180025095e-35 5.3000000000000016 29.525000000000002 325.50000000000006 70.290823918469655
decision_type=2 2 2 2 2 2 2 2 2 2 2 2 2 2 2 2 2 2 2 2 2 2 2 2 2 2 2 2 2 2
left_child=-1 2 3 4 5 6 7 8 -2 -5 -4 12 -12 -13 15 -14 17 19 -19 20 22 -22 23 24 27 -26 -27 28 29 -17
right_child=1 -3 10 9 -6 -7 -8 -9 -10 -11 11 13 14 -15 -16 16 -18 18 -20 -21 21 -23 -24 -25 25 26 -28 -29 -30 -31
leaf_value=2.5525878930995297e-05 -0.037935776643999455 0.041056922577691168 0.037875382626278362 -0.059103709743315552 -0.02007987704205294 -0.013636704505400075 0.12965959972273197 0.084818219863316835 0.051078511331032077 -0.0004487099463478608 -0.030595384014694783 -0.016048473710155199 -0.065472303080349514 0.059204929249944187 -0.020832372448934783 0.038210422113646586 -0.02516365198369612 0.071520829402548544 -0.019041887769300367 -0.049744210204079202 0.040127593259457396 -0.026652371067523096 -0.032731528846259787 0.077743670118205765 -0.031408294534400069 0.001108898459819031 0.087689371849940093 0.08343481005979192 0.099021749158961864 -0.01604664213945874
leaf_weight=44184.386701270938 5.3239354491233879 9.8992619663476926 8.5895877033472043 7.4610745608806637 9.7173383980989438 6.6747163087129584 5.2898396253585807 8.114418029785158 6.2441060692071915 19.002663999795914 48.191648900508881 5.8516564965248099 4.4922899901866904 8.4778283685445768 70.563005536794662 11.424088999629022 24.389244824647903 9.0125970393419248 4.2302405536174765 6.4294696599245063 6.5380067974328986 32.955143615603447 10.454328805208204 5.8526398092508307 18.692823678255074 17.79857823252679 4.5218753665685645 6.5987783074378958 3.9070498794317237 16.924218773841858
leaf_count=235974 29 50 46 41 53 37 27 41 32 104 267 31 25 42 386 61 133 48 23 36 35 180 57 31 102 97 24 35 21 92
internal_value=-3.51228e-06 -0.00318231 -0.0042946 0.0111378 0.0291303 0.0442405 0.0597102 0.0409107 0.0101117 -0.0169857 -0.00750652 -0.00873502 -0.0104949 0.0284741 -0.00669291 -0.00127701 0.000327533 0.0043298 0.0425918 0.000763936 0.00315759 -0.0155971 0.010859 0.0161753 0.0116636 -0.00416578 0.0186491 0.0283726 0.017108 0.00581842
internal_weight=44588 403.622 393.723 67.8281 41.3644 31.647 24.9723 19.6825 11.568 26.4637 325.895 317.306 302.976 14.3295 254.784 184.221 179.729 155.34 13.2428 142.097 135.668 39.4932 96.1744 85.7201 79.8674 41.0133 22.3205 38.8541 32.2554 28.3483
internal_count=238160 2186 2136 364 219 166 129 102 61 145 1772 1726 1653 73 1386 1000 975 842 71 771 735 215 520 463 432 223 121 209 174 153
is_linear=0
shrinkage=0.05


Tree=194
num_leaves=31
num_cat=0
split_feature=134 113 53 20 76 138 56 142 120 84 102 41 91 5 105 49 86 120 76 132 25 114 101 94 85 66 83 141 109 64
split_gain=1.63925 7.28317 9.36551 9.80533 7.59338 7.47089 8.10839 7.92075 8.34818 7.01598 7.1789 6.72915 6.62518 7.18998 6.35399 9.82428 14.6934 7.65378 6.25057 9.23657 9.98122 7.88236 6.74732 9.33899 6.68636 6.49584 6.29947 6.43098 6.24322 12.5287
threshold=1.5000000000000002 19.500000000000004 5.7250000000000005 9.5000000000000018 17.074819409500382 1.5000000000000002 5.5000000000000009 4.5000000000000009 0.45294230244607953 1.11579343065795 65.500000000000014 2.5000000000000004 1.9000000000000001 76.500000000000014 1.0000000180025095e-35 17.500000000000004 1.3435015956036227 0.35422440666259458 11.455217611938592 4.4045086119554213 4.5000000000000009 32.500000000000007 -1.0000000180025095e-35 0.24512653667602108 3.5000000000000004 1.0000000180025095e-35 3.7000000000000006 3.5000000000000004 1.0000000180025095e-35 -14.999999999999998
decision_type=2 2 2 2 2 2 2 2 2 2 2 2 2 2 2 2 2 2 2 2 2 2 2 2 2 2 2 2 2 2
left_child=-1 18 3 -3 -4 7 11 8 9 -6 12 -7 13 -11 -5 16 -16 -18 19 20 -2 24 23 -23 -21 -22 27 -20 -28 -30
right_child=1 2 4 14 5 6 -8 -9 -10 10 -12 -13 -14 -15 15 -17 17 -19 26 21 25 22 -24 -25 -26 -27 28 -29 29 -31
leaf_value=0.00025423379771089531 0.062655066594402939 -0.037988393200088934 0.055416268663211893 -0.020466746645998825 0.052582725276655251 0.011985459282403688 -0.043755449658953734 -0.054775510910217408 -0.041655076310025872 -0.03564003854035596 0.045388415969206793 0.067093864547304649 0.032548938094476683 0.021517579215077104 0.10764861499239275 -0.029958191490238758 -0.021085046655212117 0.064050991598474577 0.004917021543207608 -0.040677716831381605 0.04218434324528867 -0.00019706521391042896 -0.0056894807591604257 0.10608209809286284 -0.00731470088442216 -0.025877194194267712 0.00028459415032628966 0.067871128179435247 0.049109263026372377 -0.0020489473973885801
leaf_weight=25880.382180571556 9.9853840395808238 44.111187539994717 6.0526237934827796 38.381262615323067 6.5605702549219123 17.364427447319038 4.4250160902738562 9.0421640276908857 12.25982418656349 22.573125243186954 6.5352864116430274 8.134373337030409 6.933128058910369 7.2752560824155799 4.8335142135620179 9.3517261445522291 8.6409063041210157 3.801236316561698 496.65814039111137 15.529704764485357 5.4466911107301703 3.7541335225105303 8.1178731173276883 4.5994709432125092 455.35858076810837 9.8372793495655042 13161.040521226823 4.0900724232196799 12.001191824674605 4304.5060787722468
leaf_count=138208 53 240 31 203 33 89 24 50 67 122 33 42 36 38 25 50 46 20 2646 85 29 20 43 24 2432 53 70338 22 63 22995
internal_value=-3.51955e-06 -0.000360107 -0.00948235 -0.019793 0.00101733 -0.0022393 0.0187232 -0.0110519 -0.0046893 0.00439686 -0.00290116 0.0295656 -0.0114812 -0.0217084 -0.00744671 0.0113207 0.0336659 0.00492512 -0.000253411 -0.00569747 0.0237774 -0.00722573 0.0267733 0.0583199 -0.008415 -0.00162236 -9.81798e-05 0.00543123 -0.000256602 -0.00190671
internal_weight=44587.6 18707.2 216.276 109.12 107.156 101.103 29.9238 71.1794 62.1372 49.8774 43.3168 25.4988 36.7815 29.8484 65.0086 26.6274 17.2757 12.4421 18490.9 512.629 25.2694 487.36 16.4715 8.3536 470.888 15.284 17978.3 500.748 17477.5 4316.51
internal_count=238160 99952 1149 584 565 534 155 379 329 262 229 131 196 160 344 141 91 66 98803 2739 135 2604 87 44 2517 82 96064 2668 93396 23058
is_linear=0
shrinkage=0.05


Tree=195
num_leaves=31
num_cat=0
split_feature=136 135 32 118 119 90 75 92 124 24 122 83 82 0 86 51 20 61 23 64 5 69 101 132 84 24 43 82 77 83
split_gain=1.66569 8.64741 10.479 8.45998 9.51678 9.15216 16.151 11.2867 9.50305 9.04615 9.37594 10.3642 9.92057 12.9045 10.8199 13.2219 12.3537 11.8418 8.8086 8.5508 10.4018 10.3836 10.2351 8.46473 9.25418 8.41863 8.24438 8.08397 10.2527 9.75307
threshold=1.5000000000000002 35.225000000000009 2.1242563284220197 0.28677117596918184 0.25368811472436259 -2.8999999999999995 785.50000000000011 -6.1999999999999993 1.2123724356957948 8.5000000000000018 2.8333333333333335 5.3000000000000016 1.4159791251244391 930.50000000000011 1.3435015956036227 1.8250000000000004 11.500000000000002 16.500000000000004 4.5000000000000009 -1.0000000180025095e-35 77.500000000000014 1.0000000180025095e-35 1.0000000180025095e-35 5.8932370820668707 1.6940971508067069 4.5000000000000009 1.0000000180025095e-35 2.0554772405328605 825.10000000000014 4.3000000000000016
decision_type=2 2 2 2 2 2 2 2 2 2 2 2 2 2 2 2 2 2 2 2 2 2 2 2 2 2 2 2 2 2
left_child=-1 -2 -3 4 9 6 -5 -7 -8 10 11 -4 26 14 15 -14 -16 18 -17 23 21 -21 25 -6 -25 -23 -12 29 -29 -9
right_child=1 2 3 5 19 7 8 27 -10 -11 12 -13 13 -15 16 17 -18 -19 -20 20 -22 22 -24 24 -26 -27 -28 28 -30 -31
leaf_value=0.00012440681836429763 -0.0012393270655612606 0.083729241165654264 0.085300895481307329 -0.031790060927390534 -0.044173732702791922 -0.052142983190073856 0.019369522935132957 0.038736838201360174 0.11509061214877417 -0.066324928602232269 0.049083736113404247 -0.015156448176270841 0.10855877175532443 0.1005636754115066 0.01055515516949489 0.017847681911908008 -0.04300837562732579 -0.031333435212362488 0.10352581015079945 -0.026720585823791079 0.03368220577772809 -0.05696912458140492 0.066436132507558018 -0.021985834636962326 0.053811508011674426 0.027114613560342334 -0.020611838465651053 0.014588966693704773 0.095029208519624681 0.0034596292517047977
leaf_weight=37940.761897198856 6162.1064088642597 4.2647152841091147 7.8466310501098615 4.3838095366954795 29.267506256699562 7.0375701189041129 4.0128968060016614 23.12132041156292 7.3275992870330811 4.0597333312034598 4.7290405333042136 3.8162128180265427 5.381959035992625 4.1722890436649314 62.013748943805695 8.3141555935144442 13.02571728825569 7.1520307287573806 4.6933516561985007 35.401731014251709 17.46367521584034 5.2212483137846011 7.1305733025073996 15.828597649931909 5.4009167701005927 6.925200492143631 41.296652808785439 10.326389014720919 6.4264578372240058 128.37892788648605
leaf_count=202482 33081 22 41 24 158 38 21 122 37 22 25 20 28 22 333 45 71 39 25 192 94 28 38 86 29 37 224 54 33 689
internal_value=-3.50366e-06 -0.000733663 0.00569868 0.00500562 -0.000388777 0.0131712 0.0497131 0.00989319 0.0812192 0.00739636 0.0092388 0.0524301 0.00589792 0.0143992 0.0108249 0.038934 0.00125734 0.0203464 0.048762 -0.0109583 8.74938e-05 -0.0106422 0.0188853 -0.0267388 -0.00270253 -0.00902945 -0.0134508 0.012488 0.0454462 0.00884349
internal_weight=44587.3 6646.53 484.421 480.156 289.141 191.015 15.7243 175.291 11.3405 166.502 162.442 11.6628 150.779 104.753 100.581 25.5415 75.0395 20.1595 13.0075 122.639 72.1424 54.6788 19.277 50.497 21.2295 12.1464 46.0257 168.253 16.7528 151.5
internal_count=238160 35678 2597 2575 1557 1018 82 936 58 895 873 61 812 563 541 137 404 109 70 662 389 295 103 273 115 65 249 898 87 811
is_linear=0
shrinkage=0.05


Tree=196
num_leaves=31
num_cat=0
split_feature=135 70 112 131 118 17 144 49 87 84 102 122 118 131 100 139 120 141 117 67 61 86 28 130 122 62 81 118 95 135
split_gain=1.65485 5.19328 7.86885 11.4063 13.8477 15.6854 10.5134 11.6844 11.6265 10.7971 11.7321 8.34242 7.52341 7.97836 9.18774 12.8525 9.44202 11.7526 8.39743 7.30868 7.29324 7.15901 7.0994 13.4213 10.4269 7.26378 9.95533 9.53287 7.23173 6.87018
threshold=31.825000000000006 3.5000000000000004 5.5000000000000009 187.50000000000003 0.21612048815539731 9.5000000000000018 4.5000000000000009 15.500000000000002 -61.166666666666679 2.3505200636411585 12.500000000000002 5.166666666666667 0.21310702217036206 268.50000000000006 1.0000000000000002 1.0000000180025095e-35 0.50848286254023878 2.5000000000000004 248.50000000000003 -1.0000000180025095e-35 -3.4999999999999996 0.8031128874149277 2.5000000000000004 -0.063286202444009676 7.166666666666667 21.500000000000004 5.3000000000000016 0.16537954051315956 0.15441436899641311 32.125000000000007
decision_type=2 2 2 2 2 2 2 2 2 2 2 2 2 2 2 2 2 2 2 2 2 2 2 2 2 2 2 2 2 2
left_child=-1 -2 3 4 22 -6 7 -5 -9 29 11 -11 -4 21 15 -15 17 -17 -18 -10 -12 -14 23 -3 -25 27 28 -24 -27 -8
right_child=1 2 12 6 5 -7 9 8 19 10 20 -13 13 14 -16 16 18 -19 -20 -21 -22 -23 25 24 -26 26 -28 -29 -30 -31
leaf_value=0.00016413277090136344 -0.00012667803678308618 -0.027066831522348501 0.065654781205813667 0.060944344944301593 -0.0019454121061649441 0.1009975585353661 -0.029832193167166711 0.069293639674440008 -0.053806514253542652 -0.028125159021055935 0.093823164400431328 0.041397255036054868 0.039200817422577333 -0.0052271110513280091 -0.018809291374100496 0.026964660341101645 0.1183372372753146 -0.05633632867952431 0.020172665167240755 0.02302498765909913 0.023722176923239968 -0.015347340388282046 0.010363304467247505 0.12720589320286999 0.018814529555840995 0.010888530404565385 -0.014986320703163851 -0.05685262518842521 0.1053789543108892 -0.003798638758170084
leaf_weight=34219.933212511241 9031.8557421118021 5.1271243840456 3.3935701549053183 13.612536489963533 6.0944803208112708 9.4196050614118558 26.30977489054203 4.4238994866609618 8.1003095954656619 11.596066236495973 7.1454672813415527 6.8722550123929969 6.1432651579380027 90.337361253798008 52.625436156988144 32.918955296278 4.8004285097122175 4.8592501282691947 3.9888919591903687 5.0095157623290953 7.71789303421974 287.99515126645565 10.32101432234049 4.5655050128698331 4.3163959383964539 3.8798473477363604 9.6217811256647092 10.789223343133925 4.235391303896904 688.95523042231798
leaf_count=182426 48539 28 18 72 32 48 144 24 44 62 38 36 33 486 286 174 25 26 21 27 41 1557 56 23 21 21 52 59 21 3720
internal_value=-3.52838e-06 -0.000556951 -0.00346755 -0.000558701 0.0190233 0.0605579 -0.00227572 0.0261877 -0.000796025 -0.00345997 0.0243566 -0.00225514 -0.00853269 -0.00905321 -0.00105323 0.0057721 0.0271097 0.01625 0.0737868 -0.0244477 0.0574228 -0.0142081 0.00683232 0.037347 0.0745302 -0.00417183 0.0194154 -0.0239901 0.0602036 -0.00475624
internal_weight=44587 10367 1335.18 848.113 68.3704 15.5141 779.743 31.1463 17.5337 748.597 33.3317 18.4683 487.062 483.669 189.53 136.905 46.5675 37.7782 8.78932 13.1098 14.8634 294.138 52.8563 14.009 8.8819 38.8473 17.737 21.1102 8.11524 715.265
internal_count=238160 55734 7195 4569 361 80 4208 167 95 4041 177 98 2626 2608 1018 732 246 200 46 71 79 1590 281 72 44 209 94 115 42 3864
is_linear=0
shrinkage=0.05


Tree=197
num_leaves=31
num_cat=0
split_feature=135 130 67 142 60 127 142 142 53 95 128 45 97 100 58 130 53 32 95 103 12 62 83 6 101 75 132 103 67 131
split_gain=1.63287 5.69818 5.32027 9.42159 7.053 9.78419 7.02597 10.3956 13.9304 7.24891 10.6278 12.4251 9.72803 7.91984 7.59883 9.82027 14.4603 10.9422 9.87922 9.65367 11.3841 10.0187 8.1862 7.87145 7.70638 7.58562 8.24073 7.59675 11.1096 8.78717
threshold=17.325000000000006 -0.18414050595841772 5.5000000000000009 2.5000000000000004 0.4250000000000001 -4.4999999999999991 4.5000000000000009 1.5000000000000002 5.7250000000000005 0.25051271322690077 -17.499999999999996 1.5000000000000002 6.1000000000000005 1.0000000180025095e-35 0.27500000000000008 0.038963398635359102 5.8750000000000009 2.9190366086641384 0.12740262998807542 0.43125000000000008 1.0000000180025095e-35 146.50000000000003 4.3000000000000016 46.250000000000007 -1.3999999999999997 818.83333333333337 6.1856158484065471 0.58125000000000016 -1.4999999999999998 245.50000000000003
decision_type=2 2 2 2 2 2 2 2 2 2 2 2 2 2 2 2 2 2 2 2 2 2 2 2 2 2 2 2 2 2
left_child=1 -1 4 -4 5 6 7 8 -3 14 11 13 -13 -11 15 16 18 22 -8 20 -18 -21 -17 -20 -19 26 -16 28 -27 -29
right_child=-2 2 3 -5 -6 -7 9 -9 -10 10 -12 12 -14 -15 25 17 19 24 23 21 -22 -23 -24 -25 -26 27 -28 29 -30 -31
leaf_value=-0.046522701884932099 5.3580081360679545e-05 0.10233312533937505 0.058593211923426806 -0.022002352601794947 -0.0038284213134316468 0.051607947609502824 0.022635182328913876 -0.0093826762493519449 0.00057468713485229073 0.089204520249958882 -0.012014515307716042 -0.0088890424624493303 0.077162474340136247 0.02206741281504223 -0.020042426520362748 0.0013599020787610431 -0.01195480981955691 0.041671689183169019 -0.01008252689040307 -0.0086032609580674966 0.082011526148084435 0.038774095923918513 0.052941643063133217 -0.047261042647432833 -0.0047880977833826199 0.10083411353835392 0.056860735995286737 0.026807263212944212 0.011274097796999626 -0.047194949952768961
leaf_weight=7.0286961644887915 43052.406278073788 4.9792100340127936 3.8943604975938788 52.644268795847893 838.26317347586155 10.254604786634443 17.258939817547798 169.30447936058044 10.363416582345961 12.413695082068445 15.62565156817436 15.738719105720522 4.1504469364881507 6.7983566373586646 73.648698776960373 10.164581626653669 4.603422835469245 11.568400725722311 57.847075402736664 31.175969690084457 10.750820845365523 17.378929123282433 31.618555530905724 18.884390905499458 39.069683864712715 3.8551238328218451 3.6564577966928473 6.3834464997053173 34.013924539089203 10.795388430356978
leaf_count=37 229824 26 20 293 4565 52 92 916 56 65 85 86 22 37 403 54 25 63 315 170 58 92 168 104 214 20 20 34 184 60
internal_value=-3.53843e-06 -0.00160646 -0.00139972 -0.016451 -0.000821051 0.00316591 0.00236734 -0.00581128 0.0335988 0.00581991 0.0228407 0.0367696 0.00906808 0.0654475 0.00338573 0.008509 0.000932327 0.0214536 -0.0115446 0.019282 0.0538391 0.0083542 0.0403934 -0.0192325 0.00582576 -0.00630398 -0.016405 0.00788112 0.0203914 -0.0196966
internal_weight=44586.5 1534.13 1527.1 56.5386 1470.57 632.302 622.048 184.647 15.3426 437.401 54.7269 39.1012 19.8892 19.2121 382.674 250.321 157.9 92.4212 93.9904 63.9091 15.3542 48.5549 41.7831 76.7315 50.6381 132.353 77.3052 55.0479 37.869 17.1788
internal_count=238160 8336 8299 313 7986 3421 3369 998 82 2371 295 210 108 102 2076 1355 856 499 511 345 83 262 222 419 277 721 423 298 204 94
is_linear=0
shrinkage=0.05


Tree=198
num_leaves=31
num_cat=0
split_feature=123 124 119 6 119 135 66 63 42 80 130 64 50 116 96 132 142 122 32 95 92 96 77 124 123 11 53 89 97 117
split_gain=1.64626 9.6936 12.6964 12.0987 8.10932 12.6597 12.7045 13.8629 13.4735 12.3067 11.2521 12.9687 10.7708 10.597 10.3787 10.7415 9.73637 10.5557 19.4029 10.0738 10.1269 9.66216 12.0492 11.0791 9.63387 12.7231 12.0975 11.3312 10.145 9.59524
threshold=3.5500000000000003 2.1447407866300323 0.0782098075194156 33.250000000000007 0.33752675164064716 23.525000000000002 3.5000000000000004 -1.0000000180025095e-35 2.5000000000000004 1.256955331873516 0.20120247752638051 1.0000000180025095e-35 1.3750000000000002 129.50000000000003 5.5000000000000009 5.9519969278033802 6.5000000000000009 1.8333333333333337 2.413604034476565 0.27374373805137292 1.8000000000000003 4.1000000000000005 794.50000000000011 3.2557583239572021 3.6750000000000003 2.5000000000000004 6.1250000000000009 3.9000000000000004 6.7000000000000002 239.50000000000003
decision_type=2 2 2 2 2 2 2 2 2 2 2 2 2 2 2 2 2 2 2 2 2 2 2 2 2 2 2 2 2 2
left_child=1 -1 3 -3 24 -6 7 8 29 12 11 13 -9 -10 15 -12 17 18 -11 21 -21 -19 -23 -24 25 28 27 -27 -2 -7
right_child=4 2 -4 -5 5 6 -8 9 10 16 14 -13 -14 -15 -16 -17 -18 19 -20 20 -22 22 23 -25 -26 26 -28 -29 -30 -31
leaf_value=-0.00022300596653577207 0.0038311734384119571 0.11366490253138642 0.0023482547005104939 0.022164308679551239 -0.0020891305729187812 0.00060889760145009172 -0.011160116365792668 0.087615401819552532 0.093147615500825384 0.06128936268647435 0.13884001209543895 0.0023171172008872695 0.017828311934799158 0.006479943014437513 0.01694966590956714 0.036434771342934845 -0.034881311753859758 -0.036538757449781717 -0.031702681938489539 0.016722172511272788 0.088244959538716097 0.028391918577232906 -0.021220633256069654 0.025300095055251045 -0.00011640626670405914 -0.0080133680800935098 0.0037871952899129618 0.0212681879198269 -0.052496756028921648 0.027900039199908768
leaf_weight=15042.681470744312 562.19082950055599 4.3244826048612621 3834.3090849667788 21.948520317673683 423.07198204100132 62.69744311273098 64.389076396822929 6.1197887808084479 10.204889267683027 6.5644698590040198 7.7078155726194399 19.928498223423958 57.263079062104225 5.3898969739675513 4.7408592402935019 3.8346642255783081 18.868121832609177 13.185456290841101 38.554080754518509 14.933816462755205 7.4021913111209861 44.871798887848854 39.315251126885414 18.975364923477173 22386.919559821486 1466.7364586591721 290.90032973885536 33.800575494766235 8.1089291423559171 66.22783288359642
leaf_count=80023 2994 21 20417 112 2272 331 350 32 52 34 39 103 305 28 25 20 101 70 215 79 39 235 208 101 119916 7923 1549 177 46 343
internal_value=-3.54545e-06 0.000350592 0.00258561 0.0372251 -0.0002642 0.00430863 0.00960372 0.0125961 0.0232821 0.00533706 0.0448184 0.0290419 0.0245664 0.0631934 0.0792359 0.104819 -0.000676705 0.00283455 -0.0181729 0.00966898 0.0404249 0.00376457 0.00891585 -0.00607672 -0.000436822 -0.00347404 -0.00554467 -0.00735378 0.00303026 0.0146281
internal_weight=44586.2 18903.3 3860.58 26.273 25682.9 934.246 511.174 446.785 180.732 266.053 51.8066 35.5233 63.3829 15.5948 16.2833 11.5425 202.671 183.802 45.1186 138.684 22.336 116.348 103.162 58.2906 24748.7 2361.74 1791.44 1500.54 570.3 128.925
internal_count=238160 100573 20550 133 137587 4982 2710 2360 941 1419 267 183 337 80 84 59 1082 981 249 732 118 614 544 309 132605 12689 9649 8100 3040 674
is_linear=0
shrinkage=0.05


Tree=199
num_leaves=31
num_cat=0
split_feature=131 131 112 2 135 101 0 97 52 76 84 119 35 52 4 53 124 53 95 52 2 84 62 84 56 5 99 95 79 95
split_gain=1.63038 2.07353 1.73092 12.8501 10.3632 11.7088 9.625 9.60336 10.4115 9.23587 7.70396 7.58305 6.93355 5.76992 5.72504 11.0935 8.47238 5.29949 6.90028 4.77415 4.46147 9.00296 4.54705 5.85608 4.45379 6.66962 5.81262 4.32288 3.65937 4.20048
threshold=417.50000000000006 409.50000000000006 10.500000000000002 23.658824968358221 31.925000000000001 -1.7999999999999998 993.50000000000011 5.5000000000000009 3.3250000000000006 13.457742695021233 1.2825740526765415 0.51352285128573849 8.5000000000000018 3.0250000000000004 74.500000000000014 6.4250000000000016 0.77416573867739435 6.0250000000000012 0.18254910955688128 3.7250000000000005 20.057168255922733 1.4849232860754917 151.50000000000003 1.4576885375750017 5.5000000000000009 76.500000000000014 4.7000000000000002 0.24815731659821497 4.7000000000000002 0.21170007118727449
decision_type=2 2 2 2 2 2 2 2 2 2 2 2 2 2 2 2 2 2 2 2 2 2 2 2 2 2 2 2 2 2
left_child=1 2 -1 6 5 11 9 8 13 -4 -10 -5 -12 -7 16 19 17 18 -11 20 21 -16 24 -24 25 -22 -27 -15 -18 -30
right_child=-2 -3 3 4 -6 7 -8 -9 10 14 12 -13 -14 27 15 -17 28 -19 -20 -21 22 -23 23 -25 -26 26 -28 -29 29 -31
leaf_value=1.6197651241286597e-05 -0.023943355930199823 0.02731722766490749 0.05078193856545668 0.12749106369280047 -0.033006620461944219 0.042753767535067405 0.061480265717624605 -0.035011204688082165 0.11647000079568158 -0.0069386249744978262 0.075266752212884758 0.03299791542528889 -0.011085387378427528 -0.049799394898442088 0.058235323090018665 0.038562228771547399 -0.065305150375662632 -0.017549118326537303 0.075573516349101824 0.022322099122270265 -0.040828684348756493 -0.040267529824073334 0.041144400919110896 -0.042904873815592201 -0.053676903534148973 -0.027731745047702306 0.052624807224409813 0.016294095325180277 -0.043799040727652699 0.025556382183982457
leaf_weight=44384.480989038944 7.1108288317918769 6.9457155317068091 5.0336513668298712 4.0832046866416913 9.0896930545568448 4.9687395244836834 4.1808617562055579 8.0471369773149473 4.0610677748918524 4.0060262680053729 4.8580804020166379 4.4230236709117889 4.4575638324022293 6.0785795003175718 3.963313624262808 6.5407593995332709 4.4536651968955985 4.8560115694999686 6.894592821598053 4.3211003690958014 25.332912802696228 5.5934639126062393 4.1516338735818845 4.1380943804979324 31.52598711848259 4.9029688984155637 4.15978042781353 4.1719661504030228 4.4291137754917127 4.3051325976848602
leaf_count=237087 39 38 26 21 50 26 21 44 21 21 25 23 24 33 21 34 25 25 35 22 137 30 22 22 171 26 22 22 24 23
internal_value=-3.59052e-06 2.28176e-07 -4.02872e-06 -0.00480404 0.0157026 0.025509 -0.0131802 0.013241 0.0268196 -0.0156073 0.0590003 0.078357 0.033947 -0.00146517 -0.0183116 -0.0242636 0.00114768 0.025896 0.0452499 -0.0289285 -0.0315722 0.000582819 -0.0357131 -0.000811598 -0.040102 -0.0276596 0.00915172 -0.0228994 -0.0284211 -0.00961357
internal_weight=44585.6 44578.5 44571.5 187.028 54.2391 45.1494 132.789 36.6431 28.596 128.608 13.3767 8.50623 9.31564 15.2193 123.575 94.63 28.9445 15.7566 10.9006 88.0893 83.7682 9.55678 74.2114 8.28973 65.9216 34.3957 9.06275 10.2505 13.1879 8.73425
internal_count=238160 238121 238083 996 289 239 707 195 151 686 70 44 49 81 660 507 153 81 56 473 451 51 400 44 356 185 48 55 72 47
is_linear=0
shrinkage=0.05


Tree=200
num_leaves=31
num_cat=0
split_feature=102 114 119 58 130 78 98 73 66 66 121 72 78 82 90 123 86 56 80 120 120 25 95 45 81 32 55 75 115 120
split_gain=1.62833 7.92472 9.58927 14.5737 11.3699 10.4053 14.1093 13.0127 9.69308 9.14252 12.7049 11.0982 9.68187 8.61692 13.0466 10.4224 11.6917 8.35613 8.2182 8.74398 10.3865 8.21146 8.16065 12.642 9.48505 12.8953 13.038 11.8503 9.67583 8.98701
threshold=63.500000000000007 18.500000000000004 0.19707130929175429 0.27500000000000008 0.17256424648597332 100.63995230209579 5.5000000000000009 0.28947368421052638 1.5000000000000002 3.5000000000000004 3.5000000000000004 2.5000000000000004 83.292254647543345 1.8506711151805402 3.1000000000000005 5.5500000000000007 1.4916349147207137 6.5000000000000009 1.5572337024036671 0.31068046149414619 0.24837397767233418 5.5000000000000009 0.27269442567030683 3.5000000000000004 4.9000000000000012 2.1404942832777576 9.5000000000000018 751.16666666666686 43.500000000000007 0.033450796440050924
decision_type=2 2 2 2 2 2 2 2 2 2 2 2 2 2 2 2 2 2 2 2 2 2 2 2 2 2 2 2 2 2
left_child=-1 2 13 4 5 7 8 9 -7 10 12 -12 18 14 22 -16 -17 -10 -4 20 -20 -14 24 -24 27 26 -26 -2 -29 -27
right_child=1 -3 3 -5 -6 6 -8 -9 17 -11 11 -13 21 -15 15 16 -18 -19 19 -21 -22 -23 23 -25 25 29 -28 28 -30 -31
leaf_value=0.00015305971799620997 0.054280846699131469 -0.0010197639712328109 0.033398961263696951 -0.0030465135979294614 -0.010530987261267194 0.028589760256651449 -0.030194029744928075 -0.017249253355277744 0.15045981439048539 0.06207552827656744 0.032415784693636457 0.1263043822221602 -0.024958114808414103 0.013759603659937655 -5.6318290799130732e-05 0.01980973012514985 0.13472014170813015 0.064314077306213427 -0.034646581303271744 -0.039643345001747064 0.059444450054603797 0.05165488599977322 0.0056791052961934563 0.097102488283186794 0.11043427406058137 0.0026413220731136213 -0.013087837454930949 0.0070224505261132419 -0.0232638395849512 -0.02525456542544435
leaf_weight=35144.795479886234 9.859772861003874 8665.5709132328629 54.665077283978462 118.75655436515808 28.063277341425419 7.3340161442756715 3.9807502627372733 21.253104761242867 5.0299518555402738 14.705828502774237 9.028943717479704 4.8319404423236838 21.45043204724789 86.605255514383316 8.9623467922210711 4.4928741753101331 4.3633817136287689 6.3925793468952179 4.677773058414461 9.2939824014902097 7.8635405451059341 4.1788413077592841 35.814977586269379 4.2276693880558005 3.9456472992897016 36.895350977778435 4.6585998088121414 81.918471053242683 38.891837745904922 132.76469977945089
leaf_count=187551 52 46486 290 632 149 39 21 114 26 78 48 24 114 456 48 23 22 33 25 50 41 22 191 22 21 195 25 438 209 715
internal_value=-3.5475e-06 -0.000586561 0.00425782 0.010863 0.0190102 0.023756 0.0553021 0.0190355 0.0734472 0.0249359 0.0202272 0.0651456 0.0141309 -0.000425904 -0.00377529 0.0379566 0.0764248 0.102249 0.0230416 -0.00288842 0.0243495 -0.0124664 -0.0059061 0.0153315 -0.00865882 -0.0161597 0.0435557 0.00157413 -0.00272746 -0.0191881
internal_weight=44585.3 9440.48 774.907 321.507 202.75 174.687 22.7373 151.949 18.7565 130.696 115.991 13.8609 102.13 453.401 366.796 17.8186 8.85626 11.4225 76.5004 21.8353 12.5413 25.6293 348.977 40.0426 308.934 178.264 8.60425 130.67 120.81 169.66
internal_count=238160 50609 4123 1706 1074 925 119 806 98 692 614 72 542 2417 1961 93 45 59 406 116 66 136 1868 213 1655 956 46 699 647 910
is_linear=0
shrinkage=0.05


Tree=201
num_leaves=31
num_cat=0
split_feature=133 63 110 2 93 122 101 144 130 132 143 50 114 119 144 135 126 78 122 90 75 70 144 132 77 94 2 34 127 95
split_gain=1.61938 4.17119 4.84767 7.59829 5.18865 4.26866 4.17204 4.76728 4.12676 6.91973 4.19139 4.07731 4.07332 5.46113 3.79516 3.61859 4.8374 3.56518 3.60869 3.44089 2.76476 2.58082 2.62454 2.48486 13.1923 8.7027 6.96681 7.01833 10.1857 13.9086
threshold=6.5000000000000009 -2.9999999999999996 1.0000000180025095e-35 25.279438005570345 -2.4499999999999997 2.1666666666666674 1.0000000180025095e-35 60.500000000000007 0.041406756574343208 4.4961538461538471 8.5000000000000018 1.5250000000000001 7.5000000000000009 0.13828111494797393 58.500000000000007 23.825000000000006 8.5000000000000018 82.871947166962357 4.8333333333333348 -0.59999999999999976 751.50000000000011 2.5000000000000004 48.500000000000007 4.1584928229665081 734.00000000000011 0.064093372938245671 25.659184499663521 8.5000000000000018 -10.499999999999998 0.17958268305093536
decision_type=2 2 2 2 2 2 2 2 2 2 2 2 2 2 2 2 2 2 2 2 2 2 2 2 2 2 2 2 2 2
left_child=1 6 3 4 15 -4 7 8 10 -10 17 21 13 -7 -13 -3 -17 18 -1 -8 -14 22 -6 24 -2 -26 27 -27 -29 -30
right_child=23 2 5 -5 11 12 19 -9 9 -11 -12 14 20 -15 -16 16 -18 -19 -20 -21 -22 -23 -24 -25 25 26 -28 28 29 -31
leaf_value=-0.0070202133308561792 0.097319164228817867 -0.011138676319027431 0.017326748586879489 0.065134718200934 -0.013150301485559191 -0.045404813194934134 0.0077464742108500411 -0.045329676732059732 -0.011629503529968603 0.07383277768087064 0.038755202057349655 -0.023107794687616201 -0.0089113509956513706 0.021914296169974312 0.042091053794723124 0.078108926820798341 -0.00045181876949237655 0.02341912591467081 -0.065121443450616309 0.073956497246153913 -0.053282745206260834 -0.0072757978167303341 -0.063611709466786528 -7.9768623089768847e-06 0.074792500489542266 -0.035717561936264207 -0.045907840927904092 -0.014498399262393484 -0.0046937776170873852 0.039021174322244681
leaf_weight=5.9269041717052513 3.9114917814731589 6.2226932346820814 5.1867014169692984 3.9765593707561484 3.7856483384966912 5.4542709738016111 4.0085485279560089 5.0065482556819907 4.3995373249053937 5.130707323551178 4.0720117837190619 4.7771303802728635 4.3990295231342342 6.7297873049974442 4.1893187016248703 4.0310686156153679 3.8129211068153381 3.7416068017482749 4.867170050740242 3.8440678268671027 17.384563878178596 6.0100952088832846 8.0691375210881215 44328.038072675467 4.2103940695524207 9.8548141866922361 7.236546277999877 33.394694000482559 33.821919202804565 39.382388167083263
leaf_count=34 20 35 27 19 22 33 22 29 23 25 21 28 25 37 24 21 22 19 28 20 102 35 49 236755 22 54 39 179 182 209
internal_value=-3.57313e-06 -0.005686 -0.0120651 -0.000847232 -0.00726273 -0.0249219 0.00738887 -0.000374836 0.00762392 0.03438 -0.00607966 -0.0201577 -0.0313731 -0.00822153 0.00735452 0.0173337 0.039921 -0.0186397 -0.0332187 0.0401581 -0.0443223 -0.0339662 -0.0474976 1.24065e-05 0.00686727 0.00410104 0.00169472 0.00465279 0.00838493 0.018824
internal_weight=44584.9 125.026 84.0289 44.8746 40.898 39.1544 40.9971 33.1445 28.1379 9.53024 18.6077 26.8313 33.9677 12.1841 8.96645 14.0667 7.84399 14.5357 10.7941 7.85262 21.7836 17.8649 11.8548 44459.9 131.812 127.901 123.69 116.454 106.599 73.2043
internal_count=238160 700 479 255 236 224 221 179 150 48 102 158 197 70 52 78 43 81 62 42 127 106 71 237460 705 685 663 624 570 391
is_linear=0
shrinkage=0.05


Tree=202
num_leaves=31
num_cat=0
split_feature=142 70 86 77 79 98 53 123 77 116 135 5 110 127 0 49 122 39 46 130 115 83 122 80 120 87 96 122 0 116
split_gain=1.61693 9.97933 8.14298 8.04298 7.7537 12.4526 9.38305 15.6536 10.6599 12.1854 8.44524 8.91453 9.93939 7.86123 10.5978 9.71216 12.7023 7.70058 8.98214 13.3539 16.7635 13.046 12.5316 10.0531 10.0483 10.1794 9.38592 9.48353 9.26771 10.0972
threshold=2.5000000000000004 1.0000000180025095e-35 2.5739058858907566 714.10000000000014 4.7000000000000002 4.9000000000000012 5.6250000000000009 1.5000000000000002 852.90000000000009 126.50000000000001 19.575000000000006 75.500000000000014 1.0000000180025095e-35 -11.499999999999998 685.50000000000011 13.500000000000002 3.1666666666666674 4.5000000000000009 1.5000000000000002 0.044995582976472527 51.500000000000007 4.7000000000000002 2.1666666666666674 1.3341453513210173 0.34548510322594034 81.500000000000014 5.1000000000000005 2.1666666666666674 705.50000000000011 74.500000000000014
decision_type=2 2 2 2 2 2 2 2 2 2 2 2 2 2 2 2 2 2 2 2 2 2 2 2 2 2 2 2 2 2
left_child=1 3 -3 -1 5 6 -5 -8 10 -10 -9 -12 -13 14 -7 -16 -17 18 19 20 24 -22 -23 -21 25 -6 27 28 -20 -30
right_child=-2 2 -4 4 17 13 7 8 9 -11 11 12 -14 -15 15 16 -18 -19 26 23 21 22 -24 -25 -26 -27 -28 -29 29 -31
leaf_value=-0.057427587124080463 -8.0795483599724246e-05 -0.00042633564980743981 0.035075779416271206 -0.0084615744005462502 0.057577304579877558 0.080120668724555158 0.11467637097297489 0.068146008465014021 0.12291528261789693 0.01132347226923831 -0.045423021466487842 0.056558586727736886 -0.025323806379328153 -0.025659629342715436 0.051706651147377783 -0.023376492612720914 0.060941775507548972 0.076091424531265522 0.086693310137951632 0.04066655309027966 0.10641172743636325 0.091980825118592568 -0.00037601720576210741 -0.0045859505126624204 -0.056692747809330736 -0.034102070416099695 -0.0063904515822558201 -0.00042004871885481054 0.096635830321418995 0.014802645116632016
leaf_weight=4.6633473038673392 41828.340601310134 2281.0824736952782 16.266749426722527 23.845960706472397 9.5389828085899371 4.0386265963315955 4.9081254154443732 4.3984950929880169 4.7007927149534208 5.1008887439966202 9.3463628888130206 7.6552971154451352 7.1841107159852982 48.188194110989571 6.7012977898120871 36.750908523797989 5.0845864266157141 4.8427873104810706 6.6788138896226874 17.208909004926682 12.570581316947939 6.2307941466569892 8.9467510879039747 42.790508538484573 4.6039142757654181 4.4356670826673499 84.907559469342232 42.430065795779228 4.1994071602821341 36.82043582201004
leaf_count=24 223529 12151 82 126 49 21 25 23 24 27 50 40 38 255 35 196 27 25 33 88 64 32 47 224 24 23 444 222 21 191
internal_value=-3.50292e-06 0.00116953 -0.000174957 0.00790219 0.00857307 4.29925e-05 0.0167244 0.0305965 0.0198459 0.0648418 0.00441654 -0.00717349 0.0169174 -0.011072 0.00229833 -0.00417708 -0.0131287 0.0135773 0.0125013 0.0239636 0.0441292 0.06874 0.037539 0.00839328 0.00737166 0.0284775 0.00553852 0.0167764 0.0320735 0.0231803
internal_weight=44584.5 2756.12 2297.35 458.772 454.109 167.904 67.14 43.2941 38.3859 9.80168 28.5843 24.1858 14.8394 100.764 52.5754 48.5368 41.8355 286.205 281.362 106.326 46.3267 27.7481 15.1775 59.9994 18.5786 13.9746 175.036 90.1287 47.6987 41.0198
internal_count=238160 14631 12233 2398 2374 887 353 227 202 51 151 128 78 534 279 258 223 1487 1462 551 239 143 79 312 96 72 911 467 245 212
is_linear=0
shrinkage=0.05


Tree=203
num_leaves=31
num_cat=0
split_feature=144 116 100 76 89 40 6 80 8 80 40 130 64 118 135 114 81 52 2 0 53 117 126 2 77 91 75 23 41 101
split_gain=1.66419 7.77478 7.73856 6.96056 8.19899 8.49535 10.1226 9.75787 16.0726 9.39306 12.0676 11.9293 14.9326 17.2298 8.6479 8.43172 9.17631 9.47992 9.66858 8.85291 8.23861 8.07446 11.4113 7.95444 10.6536 8.46816 7.77081 7.69065 12.9631 11.9666
threshold=74.500000000000014 35.500000000000007 4.2000000000000011 44.737503929597985 -0.49999999999999994 1.0000000180025095e-35 43.750000000000007 2.1142321605073042 5.5000000000000009 1.4071067811865479 2.5000000000000004 -0.092336441712887782 5.0000000000000009 0.25346111631563967 19.875000000000004 27.500000000000004 5.3000000000000016 3.2250000000000005 21.824154938351608 644.50000000000011 5.6750000000000016 239.50000000000003 4.5000000000000009 21.363169232528112 822.30000000000007 -2.2999999999999998 813.16666666666686 3.5000000000000004 3.5000000000000004 -0.99999999999999989
decision_type=2 2 2 2 2 2 2 2 2 2 2 2 2 2 2 2 2 2 2 2 2 2 2 2 2 2 2 2 2 2
left_child=-1 -2 3 27 15 6 23 9 -9 10 -7 26 13 -13 -10 19 21 -18 -19 -5 -15 -17 -23 25 -25 -6 -12 29 -29 -3
right_child=1 2 -4 4 5 7 -8 8 14 -11 11 12 -14 20 -16 16 17 18 -20 -21 -22 22 -24 24 -26 -27 -28 28 -30 -31
leaf_value=4.5421539038219928e-05 -0.045207314215864484 0.018055423144671481 -0.048566910690193525 0.048323506239095787 0.023489707911781593 -0.003719464611193274 -0.030196126716210255 0.057483748444147192 0.053005667855506436 -0.010095169214339372 0.037141718565259989 0.1026262192079917 -0.023115148858033854 0.058490890559123924 -0.025213362098597043 -0.059043395522299973 -0.0079792974690183604 -0.018507924144900861 0.067867051416104773 -0.01608207105287672 -0.0408748164292108 0.079837071700414083 -0.02113051477967276 -0.024091942039015563 0.050716493849514925 0.11846540565096116 -0.045076542751150576 0.0049952970937051531 0.044051352218537239 -0.024403000989315124
leaf_weight=43468.12882963568 10.272872716188429 25.121838457882404 8.6675198674201948 5.4622282832860938 4.3772444576025009 85.290901504456997 7.0183858871459952 17.535793378949165 4.5465737581253078 237.98853144794703 4.8136098831891996 13.22149476408959 5.8245205134153357 4.3568631410598737 15.861376151442526 7.5703110247850445 12.858174577355387 4.2056536078453091 14.108400002121924 230.06653401255608 4.0023005902767181 3.7477556914091101 11.047251701354979 8.3694164007902163 11.033211857080458 5.0599459111690539 7.1318377256393433 274.41440656781197 23.028665244579315 48.893949598073959
leaf_count=232122 59 133 48 27 23 462 39 92 24 1306 26 70 32 23 87 42 70 23 76 1264 22 20 60 46 59 26 39 1456 118 266
internal_value=-3.52348e-06 -0.0019101 -0.00150781 -0.00113598 -0.00398591 0.000339954 0.0236557 -0.0017472 0.0223778 -0.00427152 0.00684805 0.0297527 0.0479282 0.0671025 -0.00778738 -0.0105171 0.00739401 0.0249279 0.0480318 -0.0145884 0.0109154 -0.0170443 0.00444581 0.0367609 0.0184475 0.0744129 -0.0119454 0.00443024 0.0080191 -0.00999211
internal_weight=44584 1115.9 1105.62 1096.96 725.498 436.432 35.8582 400.574 37.9437 362.63 124.642 39.3506 27.4052 21.5807 20.4079 289.066 53.5375 31.1722 18.3141 235.529 8.35916 22.3653 14.795 28.8398 19.4026 9.43719 11.9454 371.459 297.443 74.0158
internal_count=238160 6038 5979 5931 3958 2376 193 2183 203 1980 674 212 147 115 111 1582 291 169 99 1291 45 122 80 154 105 49 65 1973 1574 399
is_linear=0
shrinkage=0.05


Tree=204
num_leaves=31
num_cat=0
split_feature=130 100 34 77 81 42 4 138 131 77 86 25 144 126 78 70 144 113 66 136 117 82 98 117 46 131 98 102 136 115
split_gain=1.62561 9.05599 8.4281 6.90022 8.55812 9.27833 11.4664 9.35397 13.7172 8.23283 7.79505 9.18635 11.5652 8.11831 7.78111 7.07131 9.36255 9.20248 8.09146 7.24883 6.98109 6.80259 7.48807 15.9674 6.67019 6.50116 6.62853 6.22754 6.20748 7.98396
threshold=0.26972891236480273 -0.59999999999999998 7.5000000000000009 832.30000000000007 5.1000000000000005 1.5000000000000002 73.500000000000014 2.5000000000000004 270.50000000000006 856.30000000000007 1.2124075097263003 4.5000000000000009 3.5000000000000004 9.5000000000000018 53.993700987297593 1.0000000180025095e-35 7.5000000000000009 12.500000000000002 1.5000000000000002 1.5000000000000002 250.50000000000003 1.2668844090561522 5.5000000000000009 241.50000000000003 1.0000000180025095e-35 288.50000000000006 5.1000000000000005 43.500000000000007 1.5000000000000002 45.500000000000007
decision_type=2 2 2 2 2 2 2 2 2 2 2 2 2 2 2 2 2 2 2 2 2 2 2 2 2 2 2 2 2 2
left_child=-1 24 -3 4 10 25 -7 8 -8 28 -4 14 -13 15 27 -14 -17 -18 -19 -20 -9 -11 -23 -24 -2 26 -6 -12 29 -5
right_child=1 2 3 9 5 6 7 20 -10 21 11 12 13 -15 -16 16 17 18 19 -21 -22 22 23 -25 -26 -27 -28 -29 -30 -31
leaf_value=2.3265946011213055e-05 -0.047322679175248579 0.063717978642247999 -0.012470010282429174 0.051109528389208451 -0.046325517736914117 0.079014135790833079 0.096319762252301364 -0.043115360527762978 0.0015612739735164469 -0.045587015710408491 0.083765601847185192 -0.040641170871198923 -0.010494442701482143 0.1015245436115948 -0.017248688549877263 -0.017860696201256521 0.00066078043901697091 0.12475170892656542 0.0032892879602725643 0.093297277009170496 0.017350697200628439 -0.0054394433788699011 0.12799124309505014 -0.0055772266305162002 -0.010202134741444924 -0.051600923894587009 0.028022288058126656 -0.0038084906156141719 -0.052208662794523235 -0.027403625788198882
leaf_weight=44234.664391152561 13.601393684744833 5.4951373487710944 17.009200312197208 4.1827765107154873 5.0763768702745455 5.0122899264097205 4.8522035032510784 15.057026579976084 17.938643857836723 4.856551036238673 4.2705301046371478 3.9692131280899039 5.9073025882244137 6.1656132936477652 17.1120865046978 4.1434168517589596 4.3774742186069515 6.6000113785266867 4.1442379355430585 4.8602919429540634 6.9893713891506186 12.28181077539921 4.0676068216562253 4.9731562435626984 109.76292861998081 14.668118715286253 7.3220817744731903 3.8694060146808624 15.972888648509977 14.33501961827278
leaf_count=236280 76 27 90 22 28 25 25 83 95 27 22 22 30 32 92 23 23 32 21 24 37 68 21 28 593 83 39 20 92 80
internal_value=-3.54695e-06 -0.00340322 0.00255498 0.00102736 0.00649114 -0.00550443 0.00729181 -0.000725924 0.0217355 -0.0133229 0.0176845 0.0255247 0.0403806 0.0492647 0.00189394 0.038536 0.0505415 0.0647251 0.0826968 0.0518721 -0.0239458 0.00781843 0.0199824 0.0545177 -0.0142948 -0.0290718 -0.00241839 0.0421363 -0.0293695 -0.00966917
internal_weight=44583.5 348.874 225.51 220.015 159.345 76.9161 49.8495 44.8372 22.7908 60.6698 82.4288 65.4196 40.1676 36.1983 25.252 30.0327 24.1254 19.982 15.6045 9.00453 22.0464 26.1791 21.3226 9.04076 123.364 27.0666 12.3985 8.13994 34.4907 18.5178
internal_count=238160 1880 1211 1184 846 415 265 240 120 338 431 341 207 185 134 153 123 100 77 45 120 144 117 49 669 150 67 42 194 102
is_linear=0
shrinkage=0.05


Tree=205
num_leaves=31
num_cat=0
split_feature=131 116 92 114 118 32 80 11 124 62 77 96 45 76 46 76 25 130 99 80 88 86 99 51 49 35 144 124 55 78
split_gain=1.60688 6.94193 6.38304 6.90927 7.29723 9.48871 12.4383 10.8788 10.1661 10.1053 11.8425 8.37797 8.4963 7.9074 12.6172 9.61071 10.5411 14.7756 7.58699 7.41017 10.2374 7.81091 7.88564 7.25558 11.3806 7.9013 14.613 7.43194 9.10276 6.95615
threshold=341.50000000000006 57.500000000000007 -9.7999999999999989 23.500000000000004 0.26945622748770653 2.6426084134211427 1.8986832980505139 4.5000000000000009 2.8589760784910201 33.500000000000007 835.30000000000007 6.1000000000000005 1.0000000180025095e-35 21.029056497969957 2.5000000000000004 72.130282172854706 3.5000000000000004 0.0089479682955039292 5.1000000000000005 1.4300338960181029 3.9000000000000004 1.0123957324153232 4.9000000000000012 2.0250000000000004 23.500000000000004 5.5000000000000009 11.500000000000002 1.4419537040215014 10.500000000000002 82.871947166962357
decision_type=2 2 2 2 2 2 2 2 2 2 2 2 2 2 2 2 2 2 2 2 2 2 2 2 2 2 2 2 2 2
left_child=-1 -2 -3 -4 5 7 11 8 9 10 -5 12 18 14 -14 -15 -17 -18 -7 20 23 22 -21 27 25 26 -25 -6 -29 -27
right_child=1 2 3 4 19 6 -8 -9 -10 -11 -12 -13 13 15 -16 16 17 -19 -20 21 -22 -23 -24 24 -26 29 -28 28 -30 -31
leaf_value=4.6824752101866887e-05 0.071336178292278785 0.042518318633126856 -0.030207356878878794 0.054752509984017921 -0.029163616132968258 0.087412617275749102 -0.036897110219455721 0.074011244836018591 -0.0082895666153153837 0.090479402732825454 -0.05428474681232253 0.066895559673344596 -0.0087570747868088005 -0.020066656539271546 0.10122906097391558 0.090903720642052863 0.077384593880401878 -0.014304738964642495 -0.00038893258885260728 0.0093592519704544606 0.068212890024181377 0.0014735028232933023 -0.039713352221591329 0.1138704594302842 0.076820564640876499 -0.012329591261489026 -0.02552099845436023 -0.014547343368892886 0.022242865744736388 0.01009455532929926
leaf_weight=43362.788148880005 3.2365754246711722 8.0033198446035367 21.751616925001144 6.4008909463882464 70.777515277266502 5.4399437010288221 18.946001097559929 9.6431729942560178 21.500585615634918 6.8360894173383704 4.0758904665708542 5.546891823410987 5.9254568070173246 49.372265174984932 4.6567031443119049 4.0231386870145824 5.5052600353956249 21.765109091997147 4.4920995235443115 12.59476877748966 4.2821218967437735 576.50938887894154 23.389549165964127 3.8503658175468436 4.4155784696340552 132.90015776455402 3.6745707541704178 114.26346714794636 19.713913634419441 46.749654978513718
leaf_count=231524 17 41 125 32 394 28 105 47 111 34 22 29 31 269 23 20 29 117 24 69 21 3133 131 20 22 730 20 632 107 253
internal_value=-3.53004e-06 -0.00179295 -0.00198743 -0.00228205 -0.00177043 0.0076848 0.000437218 0.0264815 0.0146728 0.0431893 0.0123326 0.00706475 0.00378471 -0.000995484 0.0396426 -0.0063266 0.0153513 0.00420523 0.0477014 -0.00339554 -0.00868284 6.28389e-05 -0.0225376 -0.00951363 -0.00252004 -0.00439174 0.0458029 -0.0160576 -0.0091339 -0.00649423
internal_weight=44583 1220.24 1217.01 1209 1187.25 174.129 125.673 48.4566 38.8135 17.3129 10.4768 106.727 101.18 91.2479 10.5822 80.6658 31.2935 27.2704 9.93204 1013.12 400.627 612.494 35.9843 396.345 191.59 187.175 7.52494 204.755 133.977 179.65
internal_count=238160 6636 6619 6578 6453 921 675 246 199 88 54 570 541 489 54 435 166 146 52 5532 2199 3333 200 2178 1045 1023 40 1133 739 983
is_linear=0
shrinkage=0.05


Tree=206
num_leaves=31
num_cat=0
split_feature=117 126 122 75 95 121 0 6 144 5 85 114 96 114 131 73 70 95 0 35 26 132 76 51 116 83 126 131 61 88
split_gain=1.60473 1.60948 7.32141 7.61572 7.55224 7.0538 7.09283 8.74544 8.18953 6.82797 6.79726 7.43955 6.76632 6.70711 6.91523 10.561 16.1275 10.8243 7.09977 6.69146 6.38398 13.3585 13.2474 11.7714 11.5698 10.1582 10.0109 8.87111 12.8526 10.8715
threshold=297.50000000000006 10.500000000000002 1.1666666666666667 765.16666666666686 0.28891849515103496 22.500000000000004 639.50000000000011 21.250000000000004 66.500000000000014 66.500000000000014 4.5000000000000009 12.500000000000002 4.1000000000000005 36.500000000000007 363.50000000000006 0.13157894736842099 1.5000000000000002 0.18073395281852908 810.50000000000011 10.500000000000002 4.5000000000000009 4.4891252955082752 63.191947392575194 2.1250000000000004 87.500000000000014 6.1000000000000005 12.500000000000002 253.50000000000003 110.50000000000001 -1.8999999999999997
decision_type=2 2 2 2 2 2 2 2 2 2 2 2 2 2 2 2 2 2 2 2 2 2 2 2 2 2 2 2 2 2
left_child=1 -1 3 -3 12 6 7 8 -4 19 -11 -12 -5 14 20 17 -17 -16 -19 -9 21 23 -23 24 -8 -25 27 -22 -29 -30
right_child=-2 2 5 4 -6 -7 13 9 -10 10 11 -13 -14 -15 15 16 -18 18 -20 -21 26 22 -24 25 -26 -27 -28 28 29 -31
leaf_value=0.00017451449935276906 -0.025868457062258578 -0.043720928416290085 -0.044477519462604753 0.039976934074049564 0.042459461518157243 0.043834386523426305 -0.017686115633682196 0.0089476640085454275 0.033826963103741822 0.028036036698901839 0.068198566681255998 0.0064108180528539551 -0.017116452743500456 -0.041601556068378287 0.058750642869230943 -0.0056041183756564113 0.11642887842661892 0.020488895808279218 -0.045948633969762225 -0.026740447849178839 -0.0018063516138858975 0.0025668494159289748 -0.0032874916261382788 0.024958308042763937 0.01075367098635544 0.099119735420073712 8.7882271872370638e-06 -0.0098210202221754445 -0.011564130981825804 0.018893300770235932
leaf_weight=33325.722762562335 5.9959832429885855 17.931109085679054 14.303755313158037 5.6499330103397361 6.8803496509790412 9.005187585949896 42.288507707417011 29.15048249065876 4.3559198826551428 55.473523259162903 5.0071821212768546 180.07057976722717 63.671691983938217 9.9891922324895841 6.2363788038492229 4.8662145435810071 6.1027889251708984 6.8490124791860607 9.739493712782858 23.905958935618401 1753.4434055536985 2217.8253050297499 1712.4073424041271 47.842928752303123 231.68947145342827 5.1106683015823355 3775.1249894350767 881.29540601372719 47.194703504443169 77.263487860560417
leaf_count=177792 32 98 80 31 37 45 233 158 22 291 25 956 344 54 32 26 30 37 53 129 9408 11882 9195 255 1233 27 20262 4725 253 415
internal_value=-3.53087e-06 -5.17756e-08 -0.000517136 -0.014403 -0.00750414 -0.000399975 -0.000435708 0.00699357 -0.0261981 0.00910301 0.0126839 0.00808245 -0.0124632 -0.000649816 -0.000612028 0.0219706 0.062291 0.00259382 -0.0185181 -0.00713254 -0.000682746 0.000823914 1.61056e-05 0.010535 0.00636399 0.0321158 -0.00166435 -0.00395353 -0.00769694 0.0073438
internal_weight=44582.4 44576.4 11250.7 94.1331 76.202 11156.5 11147.5 312.267 18.6597 293.608 240.551 185.078 69.3216 10835.3 10825.3 33.7939 10.969 22.8249 16.5885 53.0564 10791.5 4257.16 3930.23 326.932 273.978 52.9536 6534.32 2759.2 1005.75 124.458
internal_count=238160 238128 60336 510 412 59826 59781 1661 102 1559 1272 981 375 58120 58066 178 56 122 90 287 57888 22825 21077 1748 1466 282 35063 14801 5393 668
is_linear=0
shrinkage=0.05


Tree=207
num_leaves=31
num_cat=0
split_feature=144 116 132 76 89 131 78 43 59 116 3 44 2 117 86 32 131 135 116 75 14 135 57 117 92 119 119 41 84 76
split_gain=1.62536 7.19321 7.30755 8.61637 9.41661 13.1497 10.751 12.3036 9.46978 8.6688 8.5935 12.7749 8.45648 8.08476 7.70192 7.5231 7.49023 9.70895 11.6446 11.1216 15.4373 10.3088 11.1449 8.90367 11.3065 9.93559 13.2327 8.33831 8.20948 9.30008
threshold=74.500000000000014 35.500000000000007 4.2323504983388718 93.028667328733249 -0.8999999999999998 160.50000000000003 72.638832381008825 1.5000000000000002 0.22500000000000003 89.500000000000014 2.5000000000000004 1.5000000000000002 17.185382487711433 225.50000000000003 1.2124075097263003 2.8087712087777139 232.50000000000003 24.925000000000001 144.50000000000003 781.83333333333337 1.0000000180025095e-35 24.425000000000001 0.12500000000000003 240.50000000000003 5.4000000000000012 0.30140294385586536 0.39783456567984754 2.5000000000000004 1.0977225575051663 79.017486379926467
decision_type=2 2 2 2 2 2 2 2 2 2 2 2 2 2 2 2 2 2 2 2 2 2 2 2 2 2 2 2 2 2
left_child=-1 -2 3 4 -3 -6 9 8 -8 -7 -5 -12 -4 -11 15 -15 -14 18 21 -19 -21 22 -18 -24 25 28 27 -27 -25 -30
right_child=1 2 12 10 5 6 7 -9 -10 13 11 -13 16 14 -16 -17 17 19 -20 20 -22 -23 23 24 -26 26 -28 -29 29 -31
leaf_value=4.4827874944843081e-05 -0.044066602022775327 -0.0055226209908913184 0.062141912736355664 -0.03941989251852096 0.090156337731003011 0.066385926338277945 0.030322211807812822 0.015077245231688194 0.11803043008060909 -0.04231861596872652 0.074351966692793231 -0.029036534739393268 -0.0058699712805249989 -0.0060098791213824268 -0.0067190259118736816 0.083859757742601682 0.081446966221810066 -0.029664283838345393 -0.057172012300371368 -0.00055043996912762961 0.098297448809326601 0.081330622187241006 -0.012962877961353864 0.061741555765344451 0.097816146588775715 0.10878040462069896 -0.029073067225446905 0.01850872310907143 0.011530012261184714 -0.044095325119780315
leaf_weight=43466.818873032928 10.017692267894743 42.071259900927544 4.9301320463418952 16.794754259288315 6.7767459601163855 4.8916637599468222 5.5306657552719134 18.806862719357014 6.9382737129926682 10.410323217511175 5.2721409946680051 6.8957910537719727 735.94218029081821 4.0154478251934034 24.799193814396858 5.5435830503702164 5.9622696638107291 33.417416259646416 5.2011477947235099 64.536023423075676 4.2073067277669898 6.3268610239028922 27.087136194109917 5.012964963912963 4.5034000873565665 7.3294870704412443 3.9516816586256018 3.929544061422348 22.806709438562393 11.20636163651943
leaf_count=232122 59 225 25 93 34 27 29 101 35 57 28 39 3997 21 134 28 30 186 28 351 22 32 147 26 23 38 21 20 121 61
internal_value=-3.52768e-06 -0.00188841 -0.00150607 0.00842119 0.0139241 0.0232516 0.0176497 0.0406124 0.079127 0.0031879 -0.0162376 0.0157598 -0.00317133 -0.00371747 0.00797843 0.0461084 -0.00351337 0.00492706 0.0157346 -0.00600289 0.00549936 0.0195994 0.0153444 0.0107524 0.0216883 0.0153672 0.0496458 0.0772744 0.00200691 -0.00679699
internal_weight=44581.9 1115.12 1105.1 158.747 129.784 87.7128 80.936 31.2758 12.4689 49.6602 28.9627 12.1679 946.351 44.7685 34.3582 9.55903 941.42 205.478 103.318 102.161 68.7433 98.1164 91.7896 85.8273 58.7401 54.2367 15.2107 11.259 39.026 34.0131
internal_count=238160 6038 5979 851 691 466 432 165 64 267 160 67 5128 240 183 49 5103 1106 547 559 373 519 487 457 310 287 79 58 208 182
is_linear=0
shrinkage=0.05


Tree=208
num_leaves=31
num_cat=0
split_feature=143 5 132 63 97 132 121 142 69 144 25 87 62 6 73 73 86 50 90 94 60 122 8 124 2 95 32 116 115 144
split_gain=1.62665 6.63427 6.29986 12.4233 8.35496 9.03811 8.50961 6.64465 7.70182 9.33458 10.379 8.71572 8.29002 11.279 9.64697 7.38486 9.11077 7.45475 16.7402 8.24216 7.36919 7.0428 9.02027 9.12753 8.31178 7.78724 9.40283 9.29931 6.58453 6.47434
threshold=13.500000000000002 58.500000000000007 4.391730605285594 1.0000000180025095e-35 6.1000000000000005 4.6569296375266536 19.500000000000004 6.5000000000000009 1.5000000000000002 65.500000000000014 4.5000000000000009 126.50000000000001 -73.499999999999986 29.750000000000004 -0.23684210526315791 0.26315789473684231 1.7392473673530084 1.5750000000000004 0.50000000000000011 0.23595777619379107 0.4250000000000001 4.416666666666667 3.5000000000000004 2.7647219385101995 22.139444402629458 0.25381892611891127 2.8644345365843842 121.50000000000001 44.500000000000007 43.500000000000007
decision_type=2 2 2 2 2 2 2 2 2 2 2 2 2 2 2 2 2 2 2 2 2 2 2 2 2 2 2 2 2 2
left_child=-1 -2 3 28 7 -6 -7 -4 12 11 -11 -10 -9 -14 -15 17 -17 18 21 -20 -19 22 -16 25 -23 26 -24 -28 -3 -25
right_child=1 2 4 -5 5 6 -8 8 9 10 -12 -13 13 14 15 16 -18 20 19 -21 -22 24 23 29 -26 -27 27 -29 -30 -31
leaf_value=2.2117992800617485e-05 0.058504889682845555 0.020911513310456153 0.060817442399641909 0.065288028767028647 -0.031352769067221037 0.019571641115314301 0.098973127297408564 -0.020578174229330295 -0.041684487045708755 -0.03227550923072988 0.059897566644715239 0.016018952193818953 0.082187043969033924 -0.028859643368738599 -0.044309432745577644 0.00095525179027075829 -0.060664767891596763 0.022510321953537735 0.023299127360133093 0.10611858371197749 -0.031749360936077116 0.038077467926284421 -0.022250395708106319 0.12336597764249176 -0.041279955798768128 -0.044215122329226253 0.10710891688319855 0.012821303605880458 -0.065115014556382689 0.034851948385653538
leaf_weight=44261.991683848202 4.2485600411891928 4.9846420735120791 3.4092655330896369 9.1357147991657239 5.7082635313272503 12.273577779531481 4.6538511067628852 58.537695281207561 45.605314567685127 5.9492342844605428 6.2760026156902313 7.6402595341205588 4.2246089577674857 25.088715955615044 4.436029151082038 21.574244484305385 8.3088588714599592 10.48870635032654 4.9550022780895215 7.6300448775291443 15.51206114888191 4.6438575908541706 5.5106053948402467 3.9052778184413892 11.398571677505968 4.4430974572896949 5.0660738050937635 5.4051361382007599 4.0167636424303055 4.3862622082233429
leaf_count=236458 21 26 17 45 31 63 22 319 253 33 33 40 21 137 24 113 45 55 26 38 83 24 29 20 62 24 25 27 23 23
internal_value=-3.53887e-06 -0.00355885 -0.00439549 0.0242121 -0.00614231 0.0230543 0.0414015 -0.00855083 -0.00942355 -0.0243581 0.0150429 -0.0334046 -0.00466586 0.00167165 -0.000711113 0.00529082 -0.0161779 0.0125994 0.0220521 0.0735108 -0.00986101 0.00888794 0.0220481 0.0322987 -0.0183081 0.0143382 0.0306166 0.0584386 -0.0174767 0.0765417
internal_weight=44581.4 319.416 315.168 18.1371 297.031 22.6357 16.9274 274.395 270.986 65.4708 12.2252 53.2456 205.515 146.977 142.753 117.664 29.8831 87.7807 61.78 12.585 26.0008 49.1949 33.1525 28.7165 16.0424 20.4249 15.9818 10.4712 9.00141 8.29154
internal_count=238160 1702 1681 94 1587 116 85 1471 1454 359 66 293 1095 776 755 618 158 460 322 64 138 258 172 148 86 105 81 52 49 43
is_linear=0
shrinkage=0.05


Tree=209
num_leaves=31
num_cat=0
split_feature=124 75 32 135 132 50 67 100 130 5 130 47 117 102 64 115 124 128 108 138 49 135 95 80 93 117 119 117 118 64
split_gain=1.59517 9.25171 9.17855 8.53977 7.93408 7.81111 7.62618 7.57579 11.2229 7.60189 9.53701 9.10527 8.23225 7.79891 8.43806 12.1228 19.4473 10.5804 8.78801 8.3218 11.9919 7.7301 13.765 13.1994 10.0118 11.6104 10.0336 9.77382 8.96976 8.80937
threshold=4.7116856836982839 882.83333333333337 2.0465425325938553 48.025000000000006 6.1338308457711452 1.425 7.5000000000000009 3.8000000000000003 -1.0000000180025095e-35 77.500000000000014 0.15231025408713997 9.5000000000000018 239.50000000000003 26.500000000000004 -1.0000000180025095e-35 45.500000000000007 5.4589363961467052 -15.499999999999998 1.0000000180025095e-35 2.5000000000000004 15.500000000000002 28.725000000000005 0.2159508580277674 1.3341453513210173 -4.9999999999999991 218.50000000000003 0.14575165565946824 244.50000000000003 0.21157443890160524 1.0000000180025095e-35
decision_type=2 2 2 2 2 2 2 2 2 2 2 2 2 2 2 2 2 2 2 2 2 2 2 2 2 2 2 2 2 2
left_child=-1 2 4 6 5 -2 -4 9 -9 13 11 -11 -13 21 -15 16 17 -16 -18 -17 -21 22 -3 -24 -23 26 -26 -25 -28 -29
right_child=1 7 3 -5 -6 -7 -8 8 -10 10 -12 12 -14 14 15 19 18 -19 -20 20 -22 24 23 27 25 -27 28 29 -30 -31
leaf_value=9.5158848443916482e-05 0.0012639317646633646 0.0028666933997241232 -0.0011447323520533445 0.055210751443141672 0.041798125457325336 -0.025040338700167641 -0.052005263119893876 -0.010278805359549411 0.09833023617320763 -0.023001610863486326 -0.066272155979678532 0.052351021202919047 -0.012572940310749028 -0.0090868128534043035 0.062104883937553125 0.037994893191262299 -0.045479981740965673 -0.015778113483674854 0.018254783057570594 -0.066427876849271122 0.028323988506911424 0.052570905466554019 -0.0091212652491362099 0.13071634871568322 0.088556737787919379 -0.015863917514557842 -0.05311588449084384 0.0073337228766761353 0.052461307728957185 0.093671367696470761
leaf_weight=40204.087363362312 40.982050783932209 17.27891081571579 3869.1912164613605 6.7107833772897711 6.0307382494211188 90.650403298437595 7.3843693435192099 4.2496268600225449 5.4021815061569196 25.951798990368843 6.9946038126945487 10.490151107311251 9.1338606327772123 83.858188778162003 11.96833184361458 44.637345820665359 23.574589967727665 6.8602433055639258 7.0187612175941458 5.1985522806644431 9.3366717696189863 10.655917748808859 5.1534505486488369 6.50152359902859 5.7503633946180335 35.81573286652565 3.8458357751369459 5.4075569659471494 4.2185131758451462 6.5129685550928116
leaf_count=214672 226 93 20762 34 33 503 41 22 28 138 38 56 48 447 63 236 127 37 37 28 49 55 27 33 30 190 21 29 23 34
internal_value=-3.52385e-06 -0.000910003 -0.00159384 -0.00114406 -0.0142816 -0.0168508 -0.00124162 0.0068178 0.0505104 0.00559956 -0.0119107 -0.00356774 0.0221326 0.00873492 0.00282726 0.0120275 -0.0062522 0.033728 -0.0308579 0.027295 -0.00556421 0.0199761 0.0367676 0.0616142 0.00859698 -0.000844455 0.0380947 0.081402 0.00211223 0.0545057
internal_weight=44580.9 4376.77 4020.95 3883.29 137.663 131.632 3876.58 355.816 9.65181 346.164 52.5704 45.5758 19.624 293.593 192.453 108.594 49.4219 18.8286 30.5934 59.1726 14.5352 101.141 40.8544 23.5755 60.2864 49.6304 13.8147 18.422 8.06435 11.9205
internal_count=238160 23488 21599 20837 762 729 20803 1889 50 1839 280 242 104 1559 1024 577 264 100 164 313 77 535 216 123 319 264 74 96 44 63
is_linear=0
shrinkage=0.05


Tree=210
num_leaves=31
num_cat=0
split_feature=123 97 119 36 68 84 73 82 124 94 131 117 83 127 95 27 131 110 77 46 62 128 85 131 84 113 142 134 118 78
split_gain=1.60025 8.39392 8.78078 8.22552 13.4286 9.69143 9.87272 8.67681 9.73172 8.21858 11.3734 10.1113 7.95723 8.17148 11.2881 7.79423 8.74231 8.08102 7.71744 7.70509 11.5709 10.2469 7.65047 12.2236 8.82831 12.1374 10.034 15.2682 10.758 8.62908
threshold=2.5500000000000003 7.1000000000000005 0.069379395881254788 2.5000000000000004 1.5000000000000002 2.4949931791173916 0.31578947368421045 2.0554772405328605 1.1830951894845305 0.25560193748187077 334.50000000000006 261.50000000000006 4.3000000000000016 -8.4999999999999982 0.23830609747537718 4.5000000000000009 265.50000000000006 1.0000000180025095e-35 829.50000000000011 1.5000000000000002 1.5000000000000002 -17.499999999999996 5.5000000000000009 218.50000000000003 1.5508054040544847 22.500000000000004 4.5000000000000009 5.5000000000000009 0.21904766283510163 69.281451832310523
decision_type=2 2 2 2 2 2 2 2 2 2 2 2 2 2 2 2 2 2 2 2 2 2 2 2 2 2 2 2 2 2
left_child=1 2 18 7 5 6 12 22 9 15 -11 -12 13 -5 -15 16 -9 -18 -1 20 21 -10 24 29 26 -26 28 -28 -4 -24
right_child=-2 -3 3 4 -6 -7 -8 8 19 10 11 -13 -14 14 -16 -17 17 -19 -20 -21 -22 -23 23 -25 25 -27 27 -29 -30 -31
leaf_value=0.010925941931934082 0.00012648565841809087 0.030743711001479532 0.065525171222078016 0.010625581843886475 0.00027814747396335838 0.041357346990188483 -0.01670554636827401 0.066288679814817592 0.025339186161122698 0.0016383187281429853 0.01487054341050374 0.11533938873147183 -0.0068185983571965973 -0.047110277459302914 0.020573821929772335 0.015388118537980514 0.048651520781139837 -0.036775432204970752 0.074522613514132127 -0.012805377239331943 -0.0054622269994391744 0.11963191218727139 -0.0059078273875984924 -0.0065180474025045322 0.0040285494190699525 0.079211046106159977 -0.01061929720843665 0.033414039917478718 0.00057313863163825087 0.017454996160287096
leaf_weight=15.536215096712114 37513.057659611106 21.169395074248314 6.4066252410411826 127.97467012703419 1482.9330544620752 10.427648678421972 219.73330996930599 20.098993748426441 12.376220226287844 108.99785621464252 6.0339166373014432 4.2811219394207001 936.57863995432854 15.523489356040956 10.212730526924132 55.899779632687569 6.320642337203024 4.9256657809019089 6.8839562386274329 75.023359373211861 29.22857241332531 3.7554958760738364 64.692298665642738 809.71097041666508 1222.1567802280188 5.3919221609830847 367.82998292148113 20.799486964941025 1294.9469312503934 101.5876856148243
leaf_count=79 200633 109 34 679 7877 53 1175 104 65 571 32 21 4993 84 54 293 32 26 34 401 155 20 344 4331 6482 28 1952 110 6852 537
internal_value=-3.54071e-06 -0.000693704 -0.000788153 -0.000887874 -0.00298731 -0.00665459 -0.00703676 0.000506647 0.00833024 0.0149158 0.00638726 0.0565688 -0.00508814 0.00545572 -0.0202517 0.0265791 0.0465365 0.0112362 0.0304529 -0.00296946 0.0132986 0.0472907 -0.000150305 -0.00398232 0.00113161 0.00435878 -0.00121251 -0.00826263 0.000892901 0.00836554
internal_weight=44580.5 7067.44 7046.27 7023.85 2803.38 1320.45 1310.02 4220.46 326.942 206.558 119.313 10.315 1090.29 153.711 25.7362 87.2451 31.3453 11.2463 22.4202 120.384 45.3603 16.1317 3893.52 975.991 2917.53 1227.55 1689.98 388.629 1301.35 166.28
internal_count=238160 37527 37418 37305 14915 7038 6985 22390 1720 1079 624 53 5810 817 138 455 162 58 113 641 240 85 20670 5212 15458 6510 8948 2062 6886 881
is_linear=0
shrinkage=0.05


Tree=211
num_leaves=31
num_cat=0
split_feature=134 81 127 93 79 119 96 120 117 62 127 80 102 99 117 142 127 119 42 32 91 90 69 135 105 126 70 118 52 49
split_gain=1.60726 5.95289 5.78077 5.59983 7.80305 6.41504 5.81861 5.55556 5.9776 8.50647 7.74901 5.76683 6.44666 4.93 5.71822 4.47004 4.00121 3.89138 3.54289 3.43761 3.13771 4.25262 5.60332 3.09669 3.04449 1.63544 11.3899 9.79505 10.0248 11.1756
threshold=10.500000000000002 6.1000000000000005 -10.499999999999998 -0.40000000000000008 5.9000000000000012 0.23461666979859483 4.7000000000000002 0.25726195497370102 252.50000000000003 -163.49999999999997 -10.499999999999998 1.3873863542433762 4.5000000000000009 4.9000000000000012 237.50000000000003 7.5000000000000009 -8.4999999999999982 0.24677264718549111 1.5000000000000002 2.5120207187568302 0.50000000000000011 1.7000000000000002 1.0000000180025095e-35 40.275000000000006 1.0000000180025095e-35 2.5000000000000004 1.0000000180025095e-35 0.34179759037841634 3.0750000000000006 16.500000000000004
decision_type=2 2 2 2 2 2 2 2 2 2 2 2 2 2 2 2 2 2 2 2 2 2 2 2 2 2 2 2 2 2
left_child=25 3 -3 4 5 13 17 8 9 -8 -10 -11 -13 14 -2 19 -17 -5 -9 -15 21 22 24 -14 -7 26 -1 28 -28 -30
right_child=1 2 -4 6 -6 20 7 18 10 11 -12 12 23 15 -16 16 -18 -19 -20 -21 -22 -23 -24 -25 -26 -27 27 -29 29 -31
leaf_value=0.016315885534119594 0.079240659055546753 0.075021806634685995 -0.002301382903752433 -0.056931664999081012 0.056093170177467511 -0.05063531166857102 0.057084586724773401 -0.0038672657746804647 -0.0025834342359913084 -0.053914862686347431 0.081134309290211315 0.043600201059943507 0.01111750385528204 0.052464008352751529 0.0011509193618451971 -0.064807565178235424 0.0046514536273364396 -0.009017076614676078 -0.053767773981705028 -0.0072440132797094645 -0.055129278851154984 -0.046382450431786751 0.057629132241862627 -0.044741224912070672 0.012920740995995448 -2.5627344179098867e-05 -0.028857987005757781 0.0038723805592266571 -0.016736760271599996 0.011761428472848027
leaf_weight=121.77472485601902 5.0102353692054766 4.374124750494957 5.4027580469846708 12.718042671680452 6.3204236775636664 3.6982100605964714 3.9183134883642152 5.7345878779888144 6.8386258184909821 9.0889250338077634 4.6391848027706128 4.9160060733556739 3.8026585429906827 4.5969085842371005 4.4057677090167999 4.0069994032382965 4.2965138778090459 6.3548193648457518 9.3674055188894254 5.0686600804328918 5.5817977488040915 5.8637333661317816 3.5916944742202759 7.139664888381958 3.8415497690439224 43718.169283643365 50.873175591230392 410.96488456428051 70.773537755012512 66.938463389873505
leaf_count=620 25 21 29 76 32 22 20 33 36 52 24 26 20 25 24 23 25 38 55 28 33 36 19 40 22 233598 269 2168 372 349
internal_value=-3.55131e-06 -0.00534144 0.0322926 -0.00815445 0.00374967 -0.00287202 -0.0171454 -0.00895092 0.000732577 -0.0114037 0.0312542 -0.0221608 -0.00396148 0.0133956 0.0427023 -0.00196137 -0.0288672 -0.0409672 -0.0348194 0.0211529 -0.0226041 -0.0119218 0.00623116 -0.0253293 -0.0182531 1.33343e-05 0.00237473 -0.000456864 -0.00989116 -0.00288448
internal_weight=44580.1 140.578 9.77688 130.801 56.2825 49.9621 74.5182 55.4454 40.3434 28.8656 11.4778 24.9473 15.8583 27.3851 9.416 17.9691 8.30351 19.0729 15.102 9.66557 22.577 16.9952 11.1315 10.9423 7.53976 44439.5 721.325 599.55 188.585 137.712
internal_count=238160 784 50 734 314 282 420 306 218 158 60 138 86 150 49 101 48 114 88 53 132 99 63 60 44 237376 3778 3158 990 721
is_linear=0
shrinkage=0.05


Tree=212
num_leaves=31
num_cat=0
split_feature=135 71 121 77 4 131 98 128 3 77 17 53 113 58 144 132 75 57 121 135 131 96 74 11 39 132 85 117 90 82
split_gain=1.57643 5.73485 8.70357 10.382 9.11718 7.69896 7.88989 6.45177 7.81532 7.40609 9.33049 9.73272 10.2586 10.6801 8.31948 15.4099 14.7516 9.67098 9.23259 7.52108 7.4596 9.53641 8.4459 11.9711 7.8786 11.0121 9.18865 10.1802 10.1801 9.65479
threshold=41.675000000000004 -4.4999999999999991 2.5000000000000004 815.50000000000011 75.500000000000014 197.50000000000003 5.3000000000000016 -21.499999999999996 8.5000000000000018 801.70000000000016 8.5000000000000018 5.2750000000000012 8.5000000000000018 0.27500000000000008 54.500000000000007 4.7294481981981997 786.50000000000011 0.27500000000000008 4.5000000000000009 48.025000000000006 311.50000000000006 4.9000000000000012 -1.4999999999999998 4.5000000000000009 2.5000000000000004 5.7019410227696907 4.1000000000000005 243.50000000000003 -1.0000000180025095e-35 1.2922616289332567
decision_type=2 2 2 2 2 2 2 2 2 2 2 2 2 2 2 2 2 2 2 2 2 2 2 2 2 2 2 2 2 2
left_child=-1 2 5 -4 -5 -2 -7 8 -3 14 11 12 -11 -14 15 16 18 -18 -9 -12 22 -22 23 -17 -24 26 28 29 -26 -28
right_child=1 7 3 4 -6 6 -8 9 -10 10 19 -13 13 -15 -16 20 17 -19 -20 -21 21 -23 24 -25 25 -27 27 -29 -30 -31
leaf_value=4.6455592271866643e-05 0.055067655346642479 -0.0052077594049421893 -0.0074785211943762878 0.021133292157549749 0.094557441029201009 0.0020539933170152617 -0.05809873206618045 -0.018942891361683076 -0.02685019726274054 0.10758586163338345 -0.012236889434279752 -0.0001693028125462795 -0.0076766228280212212 0.069244906179733071 -0.0052620932740105519 -0.038669709330762685 0.044949113294712982 0.14698781836175231 0.07301208301104882 0.0307861157835677 0.10462423963852173 0.0056425235337259107 0.0028814681936585144 0.012028016705950826 0.020093361895355391 0.082551045810952545 0.072841674547230367 -0.040113906651614871 0.11880424090087201 -0.0025247058900821333
leaf_weight=43356.062548667192 4.7828044295310965 316.24600648134947 9.317189887166025 8.3635028302669543 8.5500729084014875 21.086259275674823 7.3519667834043494 7.5125605314970034 48.051288448274136 3.9589910507202175 248.12166014313698 161.62062112241983 12.813998699188234 6.9653963148593894 121.68578170984983 23.863152384757996 4.4130659252405149 4.9008734822273254 4.2875841557979584 10.591882064938543 4.3502953648567182 5.522515133023262 108.66484388709068 22.739313840866089 7.4706642478704453 7.5742644071578971 6.4160698503255906 9.6603806465864164 4.0160541385412198 12.583560675382612
leaf_count=231496 25 1727 51 44 44 114 42 42 273 20 1367 878 70 37 656 132 23 26 23 56 23 30 583 122 40 39 34 53 21 69
internal_value=-3.49189e-06 -0.00177346 0.0133737 0.0349034 0.0582503 -0.00362575 -0.0134969 -0.00254709 -0.00806243 -3.47243e-05 -0.00434081 0.00422164 0.034117 0.0194116 0.00534179 0.0108567 0.0515991 0.0986405 0.014469 -0.0104755 0.00681533 0.0492572 0.00475107 -0.0139321 0.0103186 0.0272536 0.016821 0.00167732 0.0546052 0.0229261
internal_weight=44579.5 1223.48 59.4518 26.2308 16.9136 33.221 28.4382 1164.03 364.297 799.734 444.073 185.359 23.7384 19.7794 355.661 233.975 21.1141 9.31394 11.8001 258.714 212.861 9.87281 202.988 46.6025 156.386 47.721 40.1467 28.66 11.4867 18.9996
internal_count=238160 6664 320 139 88 181 156 6344 2000 4344 2428 1005 127 107 1916 1260 114 49 65 1423 1146 53 1093 254 839 256 217 156 61 103
is_linear=0
shrinkage=0.05


Tree=213
num_leaves=31
num_cat=0
split_feature=130 114 108 73 54 80 101 98 75 116 131 132 91 124 80 51 61 4 144 131 82 87 128 4 73 52 102 82 118 70
split_gain=1.61427 8.7068 9.08111 15.4865 12.1633 12.1324 11.8465 11.1668 10.7103 10.2989 9.10245 8.66828 9.81293 8.15467 8.61064 7.28602 7.67823 7.2152 6.75576 6.24536 7.54225 7.05461 7.21487 6.69981 6.26012 6.64757 6.69975 11.408 15.3158 10.773
threshold=-0.14924589282918135 32.500000000000007 1.0000000180025095e-35 0.078947368421052863 5.7750000000000012 2.1459260571555556 -0.99999999999999989 4.5000000000000009 813.16666666666686 143.50000000000003 263.50000000000006 4.5579159212880151 2.5000000000000004 1.8438769885407387 1.6748127572460862 1.9750000000000003 -33.499999999999993 60.500000000000007 33.500000000000007 198.50000000000003 0.76467822247272699 109.1666666666667 -14.499999999999998 66.500000000000014 0.92105263157894746 2.6750000000000003 15.500000000000002 1.1067764362830024 0.25981330243869555 1.5000000000000002
decision_type=2 2 2 2 2 2 2 2 2 2 2 2 2 2 2 2 2 2 2 2 2 2 2 2 2 2 2 2 2 2
left_child=1 17 4 18 5 6 -3 -8 -5 11 -9 -6 15 14 -12 -13 -17 -1 -4 21 -21 22 -19 -22 25 -25 27 28 -27 -29
right_child=-2 2 3 8 9 -7 7 10 -10 -11 13 12 -14 -15 -16 16 -18 19 -20 20 23 -23 -24 24 -26 26 -28 29 -30 -31
leaf_value=0.06470965276897904 -5.8385732897665466e-05 0.074350411349313333 0.01407094086564523 -0.001587198837765122 0.077967274751189586 -0.044582754310804398 0.074044707499347731 0.070411016821047986 0.085372003941659599 -0.040509385824745898 -0.043181885327566991 -0.035833680725171888 0.077227562045305675 0.045153192511455748 0.040355788852851154 0.044755886034407014 -0.0085369441680670146 -0.01144491641859658 -0.046315720678159207 -0.050642774892517589 -0.036473633631940096 -0.04727580913044413 0.050592989376763077 -0.037805115168838388 0.050350947034160765 0.074697268907108524 0.0036002922854271365 0.0025044529574865032 -0.03043229746202547 -0.020404310059857024
leaf_weight=4.3292756229639044 43143.509328663349 18.648483887314796 6.1082840710878399 8.9957541376352292 4.6990651488304129 4.3746009618043891 8.9140119105577451 5.0456413775682476 5.839355304837226 10.820862978696821 12.319227829575544 11.049666494131086 4.4151098132133475 6.1691099405288687 4.1150845885276786 10.99123072624206 17.551360398530967 64.987438648939133 19.158790901303291 7.0346648693084708 11.6334862858057 12.848429545760153 5.0507988631725302 10.721349999308584 6.5638970285654059 9.4428698569536191 932.93255145847797 100.7745905816555 5.4720049649476996 104.57016596198082
leaf_count=20 230621 88 32 47 23 23 44 26 30 57 65 58 22 32 21 56 91 347 102 40 63 69 26 59 32 49 4892 536 29 560
internal_value=-3.50148e-06 0.00164594 0.012671 -0.00790891 0.0195996 0.0355695 0.0419202 0.0253797 0.0326414 0.00361401 0.00969016 0.0134167 0.00652403 -0.00386424 -0.0222644 -0.00136044 0.0119852 0.000270656 -0.0317173 5.13425e-05 0.000976306 -0.0132188 -0.00697106 0.00128349 0.00165876 0.00138416 0.00174851 -0.00609493 0.0361271 -0.00916165
internal_weight=44579.1 1435.58 159.216 40.1022 119.113 59.5862 55.2116 36.5631 14.8351 59.5273 27.6491 48.7064 44.0074 22.6034 16.4343 39.5923 28.5426 1276.36 25.2671 1272.03 1189.15 82.8867 70.0382 1182.11 1170.48 1163.91 1153.19 220.26 14.9149 205.345
internal_count=238160 7539 817 211 606 299 276 188 77 307 144 250 227 118 86 205 147 6722 134 6702 6260 442 373 6220 6157 6125 6066 1174 78 1096
is_linear=0
shrinkage=0.05


Tree=214
num_leaves=31
num_cat=0
split_feature=127 102 75 84 63 92 85 132 76 113 49 1 101 122 117 82 84 122 101 115 130 123 95 120 61 143 123 10 73 78
split_gain=1.59544 4.71822 4.50373 6.01168 4.05282 4.69287 3.27402 3.47497 3.18785 2.60325 6.04752 5.41181 6.96954 6.32974 4.71481 4.31038 4.47297 8.79429 6.3424 5.82149 2.95452 2.49691 3.663 1.90271 1.90479 1.82716 6.33982 8.18456 8.06205 7.32636
threshold=-2.4999999999999996 51.500000000000007 831.50000000000011 1.4916349147207137 1.0000000180025095e-35 -2.1999999999999997 4.7000000000000002 4.984250992063493 47.422446628413951 4.5000000000000009 13.500000000000002 39.775000000000006 -1.0000000180025095e-35 9.4166666666666696 229.50000000000003 1.7334929824293124 1.9300046070981933 11.833333333333334 1.0000000180025095e-35 38.500000000000007 -0.057953249208257583 11.300000000000002 0.23320346721571547 0.14273180612920425 91.500000000000014 13.500000000000002 3.1000000000000005 5.5000000000000009 -0.49999999999999994 61.35861792120415
decision_type=2 2 2 2 2 2 2 2 2 2 2 2 2 2 2 2 2 2 2 2 2 2 2 2 2 2 2 2 2 2
left_child=9 4 3 8 5 -2 -7 -8 -3 10 -1 12 14 -14 -12 16 17 18 19 -13 -17 25 -23 24 -6 -11 27 28 -27 -30
right_child=1 2 -4 -5 23 6 7 -9 -10 21 11 15 13 -15 -16 20 -18 -19 -20 -21 -22 22 -24 -25 -26 26 -28 -29 29 -31
leaf_value=0.053990636706815656 -0.040247061367816819 -0.0052711568171125624 0.050634629257149399 -0.046128902721967471 -0.048093537931075167 -0.02600795005618103 0.00030975172369482405 0.062514369603135347 0.053024836061065631 2.4410507463714623e-05 0.020296475180798634 0.0071427960429130515 0.028876176128708932 -0.041485687719201511 0.080142577090040301 -0.0069987054174295059 -0.049862933349075524 0.078805751279175371 0.043348448962835524 -0.066873852638385259 -0.064453392227100129 -0.048504879208090851 0.015355482557482911 -0.061559532600655845 0.0078966451175364084 0.057047993680956026 -0.0078454332471106069 0.033166637266499037 -0.033922052906495449 0.0078002555953267634
leaf_weight=6.9767079651355735 6.7939938157796851 5.3672781586647051 5.1639171317219725 5.32421950995922 3.3467343226075155 4.1413408145308521 5.1169124171137792 4.0004163831472397 4.1647989153862 44145.164861008525 7.408471345901491 5.8670980632305234 6.6853787899017316 6.1244848445057869 5.92152439057827 4.0974025726318359 3.464716061949729 3.9096774682402602 4.6884635686874381 4.8546468317508698 4.9295930564403516 6.1935230642557126 3.5226776152849197 6.4686171784996986 2.7814917862415314 5.0552008450031272 233.96875573694706 23.727260753512383 18.112934529781342 25.105872437357903
leaf_count=31 45 29 26 33 22 27 29 20 20 235817 38 33 32 35 27 22 21 19 23 26 29 36 19 44 19 25 1270 116 98 129
internal_value=-3.49495e-06 -0.00870056 0.0104104 -0.00357117 -0.0204191 -0.00645688 0.0108579 0.0276033 0.0201998 6.79284e-06 0.0100113 0.00471665 0.0215725 -0.00476432 0.0468816 -0.00913394 0.00245079 0.0118324 -0.00515917 -0.0263708 -0.0383744 -7.81715e-06 -0.0253519 -0.0426454 -0.0226806 -2.27741e-06 -0.00385279 0.00912132 -0.00269724 -0.0096855
internal_weight=44578.4 52.6697 20.0202 14.8563 32.6495 20.0527 13.2587 9.11733 9.53208 44525.8 64.9282 57.9515 26.1399 12.8099 13.33 31.8116 22.7846 19.3199 15.4102 10.7217 9.027 44460.9 9.7162 12.5968 6.12823 44451.1 305.97 72.0013 48.274 43.2188
internal_count=238160 314 108 82 206 121 76 49 49 237846 336 305 132 67 65 173 122 101 82 59 51 237510 55 85 41 237455 1638 368 252 227
is_linear=0
shrinkage=0.05


Tree=215
num_leaves=31
num_cat=0
split_feature=132 32 120 130 67 42 46 101 58 114 66 78 119 82 50 84 82 100 89 53 144 39 100 102 119 102 60 123 115 85
split_gain=1.57891 8.91564 7.27655 8.98091 9.23183 15.1057 9.82757 9.71929 9.4778 8.57248 7.81925 7.81675 10.3833 7.21822 8.80907 8.87863 7.9598 9.39462 8.30486 13.3382 9.52892 10.9584 8.76001 10.3556 9.40173 8.25266 8.80521 8.08626 7.9044 9.72256
threshold=5.924764150943397 5.1296098133661037 0.55745683317377703 0.12772530984987196 2.5000000000000004 1.0000000180025095e-35 2.5000000000000004 1.4000000000000001 0.32500000000000001 35.500000000000007 1.0000000180025095e-35 70.835571952612653 0.46354638273636994 2.0796464097514549 1.2250000000000003 1.8986832980505139 1.0605318061589781 4.6000000000000005 2.5000000000000004 5.7250000000000005 6.5000000000000009 3.5000000000000004 -1.7999999999999998 49.500000000000007 0.30263370569233777 11.500000000000002 0.4250000000000001 8.1000000000000014 46.500000000000007 4.5000000000000009
decision_type=2 2 2 2 2 2 2 2 2 2 2 2 2 2 2 2 2 2 2 2 2 2 2 2 2 2 2 2 2 2
left_child=-1 2 13 -4 6 -6 7 9 -9 -5 -7 -8 -13 14 -2 16 18 28 20 -20 21 27 23 24 -22 26 -24 -16 -18 -30
right_child=1 -3 3 4 5 10 11 8 -10 -11 -12 12 -14 -15 15 -17 17 -19 19 -21 22 -23 25 -25 -26 -27 -28 -29 29 -31
leaf_value=9.5956934345979615e-05 -0.031351513851563477 -0.030199488451893509 -0.059299592846117022 -0.0098630656816474996 0.10147279144586517 0.044576761330665376 -0.035770369534273642 0.0079251514273645986 0.073558942730230739 0.054128500767589183 -0.0039736480234869717 -0.037657631490484317 0.010456942700096001 0.0079837355385141869 0.019290994932405738 0.0056276237981524035 -0.0052464702668093008 -0.066198850849448695 -0.061600140722345723 0.013683058103930921 0.015515355232384051 -0.0246048313439481 -0.01430363929307994 -0.016053748622674328 0.10621471515035075 -0.01480022070616939 0.072096283662363023 0.091720082412290349 0.0055732290218611716 -0.0024569748209935598
leaf_weight=40105.800316184759 23.178245797753334 25.804630503058434 8.030545845627783 210.77832308411598 4.4142027497291556 10.241237580776213 51.635144278407097 39.842962205410004 6.381328433752059 5.3668619990348807 43.597671031951904 18.008944854140282 29.713625222444534 260.54131457209587 135.96498413383961 520.33599291741848 1170.5277302488685 5.7213714569807044 11.146628245711328 12.460789009928702 6.0174000710248965 14.302383348345755 5.7402610182762128 7.8192718476057044 5.4404250979423523 77.407930433750153 6.0640259385108948 3.965960130095481 549.08270663022995 1202.2805430740118
leaf_count=214132 127 147 45 1143 23 54 287 213 34 29 234 101 160 1390 730 2789 6289 31 61 67 32 77 31 42 28 419 32 20 2940 6453
internal_value=-3.40691e-06 -0.000894559 -0.000724473 -0.00692209 -0.00592057 0.0125521 -0.00889544 -0.00382383 0.016986 -0.00827416 0.00526161 -0.0222878 -0.00769993 -6.42818e-05 -0.00062233 -0.000431597 -0.00141258 -0.00219076 0.00654398 -0.0218631 0.00909655 0.0170829 -0.00225719 0.0283075 0.0585814 -0.00886165 0.0300812 0.0213438 -0.00206543 6.06331e-05
internal_weight=44577.6 4471.81 4446.01 428.011 419.98 58.2531 361.727 262.369 46.2243 216.145 53.8389 99.3577 47.7226 4018 3757.46 3734.28 3213.94 2927.61 286.33 23.6074 262.723 154.233 108.489 19.2771 11.4578 89.2122 11.8043 139.931 2921.89 1751.36
internal_count=238160 24028 23881 2323 2278 311 1967 1419 247 1172 288 548 261 21558 20168 20041 17252 15713 1539 128 1411 827 584 102 60 482 63 750 15682 9393
is_linear=0
shrinkage=0.05


Tree=216
num_leaves=31
num_cat=0
split_feature=131 116 43 82 124 123 135 58 101 72 53 115 135 50 95 123 79 90 132 34 82 131 32 109 120 100 45 19 81 135
split_gain=1.5743 5.2568 5.26326 8.58472 11.5837 7.91619 8.39265 10.0031 13.1028 7.85428 10.2012 7.69109 7.17164 6.7724 7.84646 6.56465 7.83544 7.73752 9.73491 9.15075 10.2821 6.41208 8.92801 10.1146 12.0891 7.43628 7.18472 6.80542 6.66273 9.46755
threshold=219.50000000000003 144.50000000000003 2.5000000000000004 2.1083165307717238 7.817926440046512 1.7000000000000004 20.725000000000005 0.17500000000000002 -1.7999999999999998 1.5000000000000002 5.7750000000000012 29.500000000000004 16.125000000000004 1.5250000000000001 0.13923983001281873 8.1000000000000014 3.7000000000000006 1.7000000000000002 4.9150739271547073 15.500000000000002 1.6062257748298554 201.50000000000003 1.8277580663798942 1.0000000180025095e-35 0.17671401283377458 -3.3999999999999999 3.5000000000000004 -1.0000000180025095e-35 4.5000000000000009 29.325000000000006
decision_type=2 2 2 2 2 2 2 2 2 2 2 2 2 2 2 2 2 2 2 2 2 2 2 2 2 2 2 2 2 2
left_child=1 2 3 15 -5 6 -4 -8 -9 11 -11 -10 13 14 -7 -1 -17 -18 19 20 -19 26 23 24 27 -24 -14 -23 -27 -30
right_child=-2 -3 5 4 -6 12 7 8 9 10 -12 -13 21 -15 -16 16 17 18 -20 -21 -22 22 25 -25 -26 28 -28 -29 29 -31
leaf_value=0.00041490934501624001 -0.00017324374121284577 0.057873325257578545 -0.017305211345628901 -0.0087351916136662652 0.065625766280999712 0.0042960806952662654 -0.014335380400992276 0.10352046940877049 0.059502103776491934 0.098942241965624345 0.010195814202636617 -0.024087492655638615 0.00043346086092306048 -6.5105959961937748e-05 0.075582580808963962 0.040170361262855919 -0.013842838607282863 -0.016674438163098725 -0.025538953049281811 0.084512458816488986 0.05163933543933729 0.14004134976313481 -0.019172028828887841 -0.031799655545603663 0.004564904040837244 -0.0015360318617083576 -0.0110328103755631 0.054078222251462221 0.0090034997806709757 -0.00017528243469962598
leaf_weight=6784.9143152013421 33601.734633810818 3.9933101683855048 11.296408399939535 366.27297998964787 5.3131550550460807 6.3036842942237916 9.4341663271188718 7.2364629358053163 3.8967595249414506 6.5710663348436338 6.3840056508779526 9.3659506887197477 1634.0457874163985 13.392914935946463 9.9578908681869489 8.16923078894615 192.83397836983204 12.869590036571031 13.089995384216307 5.4994454979896537 9.6295424848794919 4.0787144303321874 35.831532910466194 4.2980032861232749 6.9741994887590399 425.6849744617939 149.08150529116392 5.2864091098308581 786.82890650629997 436.94733349233866
leaf_count=36200 179607 21 58 1958 26 34 50 37 20 34 33 50 8729 72 50 42 1037 69 70 28 51 21 192 23 37 2264 805 27 4171 2344
internal_value=-3.42393e-06 0.000516484 0.000495608 -0.00026542 -0.00767194 0.00207151 0.0210373 0.0311364 0.0439595 0.0275198 0.0552097 0.000472235 0.00177945 0.0262642 0.0479489 0.000126235 -0.00796422 -0.00964521 0.0100548 0.0266957 0.0125636 0.00157135 0.00376277 0.03645 0.0544028 0.0033625 -0.000525197 0.091517 0.00385202 0.00572623
internal_weight=44577.2 10975.5 10971.5 7398.59 371.586 3572.9 54.1848 42.8884 33.4542 26.2178 12.9551 13.2627 3518.71 29.6545 16.2616 7027.01 242.092 233.923 41.0886 27.9986 22.4991 3489.06 1705.93 20.6373 16.3393 1685.29 1783.13 9.36512 1649.46 1223.78
internal_count=238160 58553 58532 39481 1984 19051 282 224 174 137 67 70 18769 156 84 37497 1297 1255 218 148 120 18613 9079 108 85 8971 9534 48 8779 6515
is_linear=0
shrinkage=0.05


Tree=217
num_leaves=31
num_cat=0
split_feature=131 69 128 114 132 53 132 117 93 5 123 2 76 53 114 4 132 115 99 98 80 122 53 116 136 132 130 4 40 43
split_gain=1.55894 6.23833 11.8257 14.1307 8.90512 10.9799 8.95746 9.58717 9.71979 7.65532 7.5102 7.52103 7.85137 7.43589 10.9275 7.64102 8.20824 7.29042 8.41885 8.40464 12.6204 11.175 12.2797 10.297 9.86197 9.70414 8.82999 7.65148 7.59326 7.55328
threshold=274.50000000000006 -3.4999999999999996 -28.499999999999996 31.500000000000004 4.6125740618828184 5.5750000000000002 6.2869249394673128 248.50000000000003 1.4000000000000004 69.500000000000014 4.2666666666666675 23.885926744648522 43.984822372323272 4.9250000000000016 28.500000000000004 78.500000000000014 4.7964532328939118 46.500000000000007 4.1000000000000005 4.7000000000000002 1.9442154059641628 7.5000000000000009 5.7250000000000005 108.50000000000001 1.5000000000000002 6.0592625109745404 0.098299668583809799 77.500000000000014 3.5000000000000004 1.5000000000000002
decision_type=2 2 2 2 2 2 2 2 2 2 2 2 2 2 2 2 2 2 2 2 2 2 2 2 2 2 2 2 2 2
left_child=-1 2 9 4 5 -4 13 8 -8 -2 11 -11 -13 14 -6 16 -15 18 -3 23 21 29 -23 26 25 -22 -20 -25 -29 -21
right_child=1 17 3 -5 6 -7 7 -9 -10 10 -12 12 -14 15 -16 -17 -18 -19 19 20 24 22 -24 27 -26 -27 -28 28 -30 -31
leaf_value=-0.00018361303620347482 -0.032998155203092391 -0.026764182256424515 -0.0026420864143531569 -0.014234441311312516 0.014262250194674506 0.10362441109746573 0.030244431373806665 -0.0086494440688874626 0.12164142367408577 0.075027273903289615 -0.003469970536040735 0.08189798265204068 0.0015688503243133625 -0.025339244076459447 0.10688827217767623 -0.0028890926077313351 0.010403215197304751 0.00040177029073139081 0.063856565418269465 -0.023549814322443373 -0.0043432494216406976 0.095358051448445613 -0.0049330823760441655 -0.042724453080658122 -0.0019983306700971236 0.07910166517032137 -0.018189052447018624 -0.016716123174792489 0.054056278506955546 0.00079789471815906558
leaf_weight=32504.270817629993 4.2714418172836295 47.023924455046654 4.6036460846662504 99.105612844228745 13.34637998044491 5.1500983685255051 7.5625244975090045 6.7837499082088462 4.7272786349058151 14.636356070637705 8.6212976127862913 4.2612954378128043 10.629741638898848 16.956387788057327 4.1818658709526053 269.85331501066685 304.79960168898106 10968.273172810674 6.8972270488738996 48.03152534365654 4.8022461384534862 5.7763169854879362 6.4716168195009232 30.244015336036682 12.466656044125559 12.693901926279066 6.2518953531980515 45.429374113678932 4.1349780559539786 94.572473123669624
leaf_count=173725 23 256 24 542 69 25 39 36 24 71 46 21 54 91 20 1437 1610 58541 37 261 26 30 35 166 68 68 34 247 22 512
internal_value=-3.41097e-06 0.000481767 0.00480795 0.00333052 0.00605917 0.0534679 0.00532309 0.0390636 0.0654003 0.0304791 0.0375866 0.0495741 0.0245562 0.0042666 0.0363608 0.00331571 0.0085196 0.000183157 -0.00719935 -0.00388723 0.00228097 -0.00346642 0.0423658 -0.0161506 0.0319843 0.0561982 0.0248471 -0.0229054 -0.0108118 -0.00740284
internal_weight=44576.8 12072.6 779.491 737.07 637.965 9.75374 628.211 19.0736 12.2898 42.4201 38.1487 29.5274 14.891 609.138 17.5282 591.609 321.756 11293.1 324.796 277.772 184.815 154.852 12.2479 92.9575 29.9628 17.4961 13.1491 79.8084 49.5644 142.604
internal_count=238160 64435 4132 3917 3375 49 3326 99 63 215 192 146 75 3227 89 3138 1701 60303 1762 1506 1000 838 65 506 162 94 71 435 269 773
is_linear=0
shrinkage=0.05


Tree=218
num_leaves=31
num_cat=0
split_feature=123 78 64 97 56 121 132 89 144 75 84 36 68 72 118 86 103 57 74 61 114 95 115 64 36 86 78 74 123 2
split_gain=1.53578 8.21644 8.04574 7.4542 7.16728 9.62745 14.8349 9.10934 13.3215 9.84538 9.08248 8.45311 12.1247 9.81472 9.08487 8.75649 8.24829 8.02746 10.0953 9.82528 8.76611 7.89413 7.36985 12.243 12.4068 9.64039 9.58237 9.25207 9.20486 10.3792
threshold=2.5500000000000003 149.77443270872865 13.000000000000002 7.1000000000000005 4.5000000000000009 12.500000000000002 5.0427051671732537 -1.0999999999999999 45.500000000000007 781.83333333333337 2.4949931791173916 2.5000000000000004 1.5000000000000002 1.0000000180025095e-35 0.20318431835905468 1.8384695847204569 0.85625000000000007 0.22500000000000003 2.5000000000000004 123.50000000000001 24.500000000000004 0.23777183219558687 54.500000000000007 1.0000000180025095e-35 1.5000000000000002 1.6201785615337718 123.61893026887113 1.0000000180025095e-35 1.3 23.416340442414171
decision_type=2 2 2 2 2 2 2 2 2 2 2 2 2 2 2 2 2 2 2 2 2 2 2 2 2 2 2 2 2 2
left_child=1 2 3 4 10 11 7 8 -7 -10 22 14 13 -13 15 -6 17 21 19 20 -19 -9 -1 25 -25 28 -26 -28 -24 -30
right_child=-2 -3 -4 -5 5 6 -8 16 9 -11 -12 12 -14 -15 -16 -17 -18 18 -20 -21 -22 -23 23 24 26 -27 27 -29 29 -31
leaf_value=-0.00082687286557208165 0.00012395331926845146 -0.017914507863893755 0.016898741596491681 0.028735689095721974 -0.032957877490572184 0.10231225945868172 -0.037865714556515058 -0.051473330804649588 0.083978657890002043 -0.0090752134867474778 0.034604076217421842 0.0027853471974291057 -0.0010393851541375338 -0.011869747617763632 -0.0001116081617986627 0.026511602112759478 0.068784465187645291 -0.034091434339944715 0.087885557951578597 0.076610053594514518 0.030383101990479069 0.016264221001674153 0.060617114425549373 0.015450556165108218 -0.0088313725418387428 0.0014970418797288978 0.00037874440105417672 0.091967846171299938 0.0080376888482992532 0.02968096356900321
leaf_weight=1664.2931717187166 37511.36289896071 68.482417583465576 65.738991528749466 21.475843504071236 36.821436569094658 7.8266520202159908 11.676578372716902 9.8671893030405062 4.1352820247411719 9.0926597118377668 20.382127821445465 137.14431156218052 908.09099869430065 684.24664098024368 2536.4972673431039 7.4406970441341391 5.6774752587079993 11.972854509949693 4.7066113203763953 4.3652303814887992 9.4196347296237928 7.6248780190944663 11.170957341790198 79.477415516972542 269.04955366253853 187.41080921143293 6.7158372253179532 4.678017258644104 191.49025930464268 77.939268037676811
leaf_count=8843 200633 367 341 109 196 39 61 53 20 46 105 732 4836 3664 13465 39 28 63 23 21 48 39 57 418 1435 991 36 24 1016 412
internal_value=-3.4131e-06 -0.000679669 -0.000510971 -0.000676106 -0.000767526 -0.00198493 0.0145441 0.0227377 0.0506075 0.020015 0.00136272 -0.00231613 -0.00502098 -0.00942285 -0.00050349 -0.0229607 0.0117972 0.00505053 0.0205516 0.00824788 -0.00570172 -0.0219462 0.00109086 0.00494585 -0.00198748 0.0102779 -0.00692941 0.0379828 0.0161425 0.0142986
internal_weight=44576.3 7064.91 6996.43 6930.69 6909.21 4396.61 86.365 74.6885 21.0546 13.2279 2512.61 4310.24 1729.48 821.391 2580.76 44.2621 53.6339 47.9564 30.4643 25.7577 21.3925 17.4921 2492.23 827.932 359.921 468.011 280.443 11.3939 280.6 269.43
internal_count=238160 37527 37160 36819 36710 23373 441 380 105 66 13337 22932 9232 4396 13700 235 275 247 155 132 111 92 13232 4389 1913 2476 1495 60 1485 1428
is_linear=0
shrinkage=0.05


Tree=219
num_leaves=31
num_cat=0
split_feature=131 92 32 131 130 119 51 49 9 135 45 85 50 11 11 27 102 26 23 76 131 76 46 26 73 98 73 75 137 102
split_gain=1.65264 6.59377 6.48156 10.3195 10.4366 9.93672 11.07 10.2095 8.8531 9.83616 8.77802 8.68184 7.5242 7.75816 7.30548 8.98429 7.44982 7.19277 11.96 7.7726 10.9077 7.32142 7.13289 12.5377 8.6087 7.10789 7.1421 10.4216 7.09316 6.95958
threshold=342.50000000000006 -9.7999999999999989 2.5859194616055983 348.50000000000006 0.019041046273469173 0.27918469802846135 2.0250000000000004 20.500000000000004 8.5000000000000018 20.575000000000006 3.5000000000000004 3.7000000000000006 1.3250000000000004 3.5000000000000004 4.5000000000000009 3.5000000000000004 35.500000000000007 4.5000000000000009 4.5000000000000009 29.139510170093377 362.50000000000006 78.45239178811768 3.5000000000000004 5.5000000000000009 0.15789473684210553 5.5000000000000009 0.39473684210526311 794.50000000000011 2.5000000000000004 60.500000000000007
decision_type=2 2 2 2 2 2 2 2 2 2 2 2 2 2 2 2 2 2 2 2 2 2 2 2 2 2 2 2 2 2
left_child=-1 -2 5 4 -4 7 12 14 -5 28 11 -8 13 -7 15 16 -3 18 -13 20 -19 -20 25 24 -24 26 -6 -28 -10 -14
right_child=1 2 3 8 22 6 10 -9 9 -11 -12 17 29 -15 -16 -17 -18 19 21 -21 -22 -23 23 -25 -26 -27 27 -29 -30 -31
leaf_value=4.6405135760835151e-05 0.043888469242225614 0.088791871629897184 -0.036844060247620262 -0.0020098507507798021 -0.0095006989631680333 0.077463347565980833 0.067308658521416029 -0.044644433033191329 -0.05190897908431609 0.082370471963413572 0.051066224985642811 0.064811272944046636 -0.0094658669765333246 -0.0028885121753450399 0.071614177906893145 -0.0056443373483390097 0.019746885995865968 -0.0055473415092367846 -0.011207790941371304 -0.015584779087236843 0.097804584225479649 0.05424748260720981 -0.034161554165451573 0.096313120255113835 0.051389744981773899 -0.029263605139358884 0.08830233839394025 -0.0077717761516248518 0.041741716407183813 -0.043084789437344707
leaf_weight=43412.869823157787 7.8220621794462195 6.6048765480518403 39.693065464496613 650.92621077597141 108.73609194159508 4.4404005557298651 5.5092620700597754 4.6143693476915351 3.6156202107667905 6.6259840726852408 12.154939785599707 10.73562705516815 72.851869091391563 9.2868478894233686 9.7405761480331403 15.141620650887488 9.5638279467821103 7.3806551396846753 20.896745473146442 51.918214410543442 3.902916893362999 5.3699916005134574 7.9887547194957751 4.282806769013404 4.6533275097608566 42.660173252224922 4.7885047644376737 6.8757453709840775 4.5869725048542023 19.518552854657173
leaf_count=231835 39 33 220 3555 600 23 28 25 20 34 63 54 396 50 47 79 49 40 114 281 20 29 45 23 25 238 25 38 25 107
internal_value=-3.42238e-06 -0.00186358 -0.00217341 -0.00424029 -0.0136372 0.00461392 0.000279731 0.025871 -0.0011396 0.0370616 0.0108262 0.00619939 -0.0114368 0.0231032 0.0337974 0.0220327 0.0479516 0.00283958 0.0203471 -0.00741045 0.0302014 0.00217393 -0.00851927 0.0223762 -0.00267163 -0.0117261 -0.00551219 0.0316694 0.000461434 -0.0165698
internal_weight=44575.8 1162.89 1155.06 885.433 219.678 269.631 223.966 45.6653 665.755 14.8286 117.868 105.713 106.098 13.7272 41.0509 31.3103 16.1687 100.204 37.0024 63.2018 11.2836 26.2667 179.985 16.9249 12.6421 163.061 120.4 11.6643 8.20259 92.3704
internal_count=238160 6325 6286 4848 1214 1438 1205 233 3634 79 629 566 576 73 208 161 82 538 197 341 60 143 994 93 70 901 663 63 45 503
is_linear=0
shrinkage=0.05


Tree=220
num_leaves=31
num_cat=0
split_feature=122 75 124 40 24 130 124 93 131 133 123 120 112 3 118 18 135 140 78 75 78 77 77 120 87 92 102 60 135 137
split_gain=1.57006 6.14836 6.70135 11.937 5.94945 8.20328 8.20053 11.2627 9.7412 8.46573 8.34675 8.1879 8.60161 8.86083 15.7385 7.37793 5.66726 5.41879 8.77833 9.2724 10.7484 8.73493 14.4657 11.7997 12.2645 10.1892 9.64482 8.83007 8.32623 8.43487
threshold=4.166666666666667 942.16666666666686 1.9493318685965375 2.5000000000000004 8.5000000000000018 -0.14018963676629023 1.6415600380524462 -5.3999999999999995 248.50000000000003 8.5000000000000018 8.5500000000000025 0.42733467037002509 5.5000000000000009 11.500000000000002 0.20553101839489371 12.500000000000002 31.625000000000004 1.5000000000000002 93.615167510816391 754.83333333333337 117.67633420173954 834.30000000000007 829.90000000000009 0.077539762961960954 -128.16666666666666 -4.1999999999999993 78.500000000000014 0.37500000000000006 27.125000000000004 2.5000000000000004
decision_type=2 2 2 2 2 2 2 2 2 2 2 2 2 2 2 2 2 2 2 2 2 2 2 2 2 2 2 2 2 2
left_child=-1 4 3 -3 17 -6 7 9 -9 -7 11 12 13 -8 -15 -12 -14 -2 21 -20 -21 22 26 24 -23 -26 -19 -27 29 -29
right_child=1 2 -4 -5 5 6 10 8 -10 -11 15 -13 16 14 -16 -17 -18 18 19 20 -22 23 -24 -25 25 27 -28 28 -30 -31
leaf_value=0.00023484413106332724 -0.00037962000015996503 -0.0083833963279882542 0.0072442977482912911 0.095247728176442545 0.068159389025137171 0.016340010161364424 0.0017748230715466295 -0.043359167926055063 0.046549732247997772 0.10266086902387353 0.099867643339217924 0.069509336760577009 -0.039190930107869393 -0.0050744984804831491 0.12314968620353695 0.012433968806625839 0.01285516967256267 -0.0037259550508424466 -0.032491012172461045 -0.014644304837781733 0.011983875524158362 -0.020320143291022032 -0.039384045575568911 0.001542575284382209 0.11961243816196723 -0.0046532809164394435 0.058365291519471042 0.046681593734997945 0.0035840284164357001 0.13496813926860471
leaf_weight=27102.596984267235 15946.162152178586 5.1044040322303754 99.551093742251396 6.0990493297576904 5.1160020232200614 4.7684058696031588 372.78140479326248 6.382509917020796 5.7059138715267181 7.0246965885162354 4.0695629566907865 4.4164243489503852 20.520607173442844 5.5693685859441739 4.1961606293916702 5.9264951944351196 7.0196341127157202 477.50807717442513 46.664131179451942 145.26879246532917 51.272364124655724 8.5486152991652471 28.806560650467873 168.35384067893028 4.2208538502454784 8.8224839717149752 6.3372268825769416 6.9580527395010012 4.9963515400886527 4.4264529496431351
leaf_count=144450 85466 27 528 31 26 25 1991 34 30 36 20 24 112 29 22 30 39 2603 259 799 274 46 161 911 21 47 33 36 27 23
internal_value=-3.41822e-06 -0.000372999 0.0113702 0.0480324 -0.000447911 0.00520372 0.0044854 0.0329939 -0.000920844 0.067758 0.00288156 0.00179278 0.00106351 0.00300647 0.0500223 0.0480297 -0.0259251 -0.000599493 -0.00424342 -0.0124548 -0.00769772 -0.00146578 -0.00496208 0.00722133 0.0323983 0.0477146 -0.00291271 0.0356737 0.0573932 0.0810086
internal_weight=44575.2 17472.6 110.755 11.2035 17361.8 453.497 448.381 23.8815 12.0884 11.7931 424.5 414.504 410.087 382.547 9.76553 9.99606 27.5402 16908.3 962.184 243.205 196.541 718.979 512.652 206.327 37.9728 29.4242 483.845 25.2033 16.3809 11.3845
internal_count=238160 93710 586 58 93124 2418 2392 125 64 61 2267 2217 2193 2042 51 50 151 90706 5240 1332 1073 3908 2797 1111 200 154 2636 133 86 59
is_linear=0
shrinkage=0.05


Tree=221
num_leaves=31
num_cat=0
split_feature=134 113 119 83 73 89 51 130 6 96 61 96 113 80 86 56 49 102 54 123 102 119 111 82 135 21 61 32 115 78
split_gain=1.56485 6.93993 21.3406 8.44551 10.5228 14.4707 8.62698 13.7705 9.53811 9.47323 9.63021 9.0407 8.58808 7.81434 6.46837 7.39229 9.5048 9.81353 10.1718 8.80662 7.45834 10.0022 6.48457 6.38854 7.27915 9.01781 16.082 7.35443 8.89492 8.60927
threshold=1.5000000000000002 18.500000000000004 0.19707130929175429 6.3000000000000016 -1.0000000180025095e-35 0.70000000000000007 2.1750000000000003 -0.092336441712887782 34.250000000000007 5.1000000000000005 43.500000000000007 5.5000000000000009 20.500000000000004 0.8184440805608314 2.0928394990612076 7.5000000000000009 18.500000000000004 33.500000000000007 5.1750000000000016 2.5500000000000003 44.500000000000007 0.22862294702715619 3.5000000000000004 1.1747031677944919 27.125000000000004 10.500000000000002 -15.499999999999998 2.6347347398679708 57.500000000000007 68.85636537063327
decision_type=2 2 2 2 2 2 2 2 2 2 2 2 2 2 2 2 2 2 2 2 2 2 2 2 2 2 2 2 2 2
left_child=-1 14 -3 6 5 -5 13 8 -8 -10 -11 12 -9 -4 -2 -16 20 18 -18 -19 22 -22 -17 24 25 26 -15 -26 29 -29
right_child=1 2 3 4 -6 -7 7 11 9 10 -12 -13 -14 23 15 16 17 19 -20 -21 21 -23 -24 -25 27 -27 -28 28 -30 -31
leaf_value=0.00024843543454456041 8.0819093684018564e-05 0.086163972336505065 0.036507993668544035 0.13703624763334471 -0.013048805231183026 0.0070612346826560424 -0.021261903881089741 -0.035992239581174389 0.10624816511677809 0.08037214382228465 -0.030089502628589827 0.032207695125013286 0.038023786125674308 0.092992633679069792 -0.0044500596703526745 0.002859540056471304 0.031236449404979789 -0.022661948954019621 -0.037644629834128335 0.052739918585537809 0.0073912637640371204 -0.048284083676276984 0.061161975221543367 -0.015275821110128826 0.087798394803238755 -0.045600980898038768 -0.027637552707049907 -0.013538740471081966 -0.032208923304889357 0.073553413723050104
leaf_weight=25873.950196377933 16761.012142218649 6.1412305533885947 8.2146108373999578 3.8934483081102389 8.3861017525196058 4.7590019553899765 4.3457757383585003 22.726539075374607 6.8122334182262403 3.9916010499000549 3.9018818289041519 10.044494822621344 4.7357414215803137 4.3199570029973984 1352.9202841073275 35.961595714092255 11.174830317497255 4.5166281759738949 10.299449115991591 27.151147454977036 15.57121269404888 16.738882899284363 5.4984223395586005 325.29607796669006 3.8431473746895817 11.90202437341213 7.6655724942684191 4.7441602796316165 7.1193435192108145 7.0607791841030121
leaf_count=138208 89562 32 44 20 45 26 23 122 34 20 20 53 25 22 7263 193 59 24 55 144 84 91 30 1735 20 64 41 26 38 37
internal_value=-3.42502e-06 -0.000351894 -0.00641796 -0.00767096 0.0268637 0.0655477 -0.00901832 0.00920109 0.0438179 0.06305 0.0257691 -0.00838244 -0.0232285 -0.0117289 -0.000198951 -0.00336771 0.00817049 0.0242922 -0.00180015 0.0419857 -0.00344317 -0.0214524 0.0105916 -0.0127942 0.00450869 -0.0147724 0.0158413 0.0247384 0.0119322 0.0385529
internal_weight=44574.7 18700.7 459.904 453.762 17.0386 8.65245 436.724 56.5583 19.0515 14.7057 7.89348 37.5068 27.4623 380.166 18240.8 1479.83 126.912 53.1421 21.4743 31.6678 73.7701 32.3101 41.46 371.951 46.655 23.8876 11.9855 22.7674 18.9243 11.8049
internal_count=238160 99952 2447 2415 91 46 2324 297 97 74 40 200 147 2027 97505 7943 680 282 114 168 398 175 223 1983 248 127 63 121 101 63
is_linear=0
shrinkage=0.05


Tree=222
num_leaves=31
num_cat=0
split_feature=118 28 0 131 94 80 80 62 53 34 122 86 132 92 15 131 82 86 11 12 61 108 79 78 120 78 97 51 132 128
split_gain=1.56084 6.12325 10.3463 6.42205 6.91273 6.20966 6.5998 12.1284 7.90191 7.5997 10.6441 9.08237 9.20379 10.6177 11.0125 17.3476 9.83286 8.93769 8.59352 8.36581 8.01772 9.79446 9.40447 8.58182 8.82273 12.0128 9.68634 8.89503 8.79685 7.94206
threshold=0.34928583322414036 4.5000000000000009 718.50000000000011 327.50000000000006 0.16267562917006018 2.5266184269242813 1.4983314773547887 95.500000000000014 5.0750000000000002 8.5000000000000018 2.8333333333333335 1.3583065237492995 4.5579159212880151 1.4000000000000001 1.0000000180025095e-35 262.50000000000006 1.7262579304887016 1.256955331873516 1.0000000180025095e-35 2.5000000000000004 -59.499999999999993 1.0000000180025095e-35 4.5000000000000009 101.1396980076854 0.40023787661605698 79.159332025562634 5.5000000000000009 2.2250000000000005 5.6910427807486643 -24.499999999999996
decision_type=2 2 2 2 2 2 2 2 2 2 2 2 2 2 2 2 2 2 2 2 2 2 2 2 2 2 2 2 2 2
left_child=-1 5 -3 -4 -5 6 -2 9 -9 10 17 12 -11 20 -15 16 -16 -8 -13 -17 21 23 -22 24 25 -14 27 -26 -28 -20
right_child=1 2 3 4 -6 -7 7 8 -10 11 -12 18 13 14 15 19 -18 -19 29 -21 22 -23 -24 -25 26 -27 28 -29 -30 -31
leaf_value=-9.2368800859452316e-05 -0.00071007045722650691 -0.035934268143965734 0.0031997365762125481 0.036871294199145997 -0.037358217514546016 -0.027162481005232605 -0.0078912836730294089 -0.042898059465914053 -0.0024122756267231926 -0.020276474595964752 -0.01924823137003466 -0.030103339317251329 0.036215952339106162 0.015960031896053054 0.15779975506974619 0.0095880371210120899 0.051550837891222202 0.030283540211992078 0.011371358274596869 0.090676659736397131 -0.018697918275746385 -0.0067146542523152776 0.0093072890898521481 -0.018885979336327362 0.019867621021349799 0.12043443801628861 0.012997966926926886 -0.043360786112376169 0.096149451592649413 0.00023861001073227831
leaf_weight=40881.251495495439 1683.7852395921946 28.673787489533424 96.842194363474846 3.716141581535342 20.105844348669052 18.9288250207901 18.575971320271492 12.39490833878517 435.92099761962891 21.398506745696068 16.763764545321465 20.227873086929321 15.469291284680368 51.214480772614479 5.1140868514776248 14.341343969106676 3.7923230081796646 87.810158580541611 209.39758676290512 4.0872388631105414 43.788996145129204 29.741219699382782 95.043816193938255 9.3675228208303434 39.516853868961334 5.8299083709716788 5.6344007551670057 6.4736449122428885 7.3039804250001907 681.89291474223137
leaf_count=218535 8957 161 516 19 118 102 99 66 2307 114 89 107 82 272 27 76 20 455 1113 21 235 158 500 50 209 30 30 35 38 3619
internal_value=-3.43978e-06 0.000980957 -0.00893679 -0.0025213 -0.0257787 0.0013989 0.00155227 0.0036213 -0.00353161 0.00592371 0.0177827 0.00477344 0.0115203 0.0135409 0.0296375 0.0552633 0.112559 0.0236179 0.00212274 0.0275725 0.0086435 0.0181474 0.000474219 0.0264003 0.031688 0.0592678 0.0217196 0.0109676 0.0599387 0.00285411
internal_weight=44574.4 3693.15 149.338 120.664 23.822 3543.82 3524.89 1841.1 448.316 1392.79 123.15 1269.64 358.118 336.719 78.5495 27.335 8.90641 106.386 911.518 18.4286 258.17 119.337 138.833 89.5956 80.2281 21.2992 58.9289 45.9905 12.9384 891.291
internal_count=238160 19625 814 653 137 18811 18709 9752 2373 7379 643 6736 1897 1783 416 144 47 554 4839 97 1367 632 735 474 424 112 312 244 68 4732
is_linear=0
shrinkage=0.05


Tree=223
num_leaves=31
num_cat=0
split_feature=131 84 32 60 75 77 25 127 130 120 55 122 95 86 76 117 89 130 118 130 78 118 89 89 128 2 9 122 73 53
split_gain=1.55158 8.46555 11.6137 14.539 11.501 18.8015 12.4845 10.9139 10.2379 10.5266 9.88061 9.68144 11.0452 9.83761 9.75488 8.97684 8.87506 12.7166 13.6996 11.96 11.3321 10.3036 8.71423 8.3331 8.17641 8.15517 8.0117 9.67238 7.61758 7.53035
threshold=333.50000000000006 1.2747413007657611 2.5448876416886734 0.37500000000000006 904.16666666666686 856.10000000000014 4.5000000000000009 -16.499999999999996 0.063108220704913467 0.46141180290511091 7.5000000000000009 3.5000000000000004 0.28174296302813306 1.9039392014169458 90.55997665032227 251.50000000000003 0.70000000000000007 0.016850318078859509 0.29481814780045651 0.038963398635359102 58.025856181750441 0.34359705187390716 -1.0000000180025095e-35 -1.0999999999999999 -21.499999999999996 23.195904809977474 8.5000000000000018 2.5000000000000004 -0.15789473684210503 5.7750000000000012
decision_type=2 2 2 2 2 2 2 2 2 2 2 2 2 2 2 2 2 2 2 2 2 2 2 2 2 2 2 2 2 2
left_child=-1 10 3 11 7 -6 8 -4 -7 -10 -2 14 13 -13 28 23 19 -18 -19 21 -20 22 -17 25 -8 -5 -9 -28 -3 -22
right_child=1 2 4 15 5 6 24 26 9 -11 -12 12 -14 -15 -16 16 17 18 20 -21 29 -23 -24 -25 -26 -27 27 -29 -30 -31
leaf_value=5.5940137149536441e-05 0.071608966445400504 -0.02660624175186237 -0.026259895411886461 -0.008849441764774436 0.10523853352059064 -0.0056755045240801157 -0.03382110997035042 -0.0024735034842772079 0.13963792722040511 0.033483220336532261 -0.0082814102475698929 0.051206747236299824 -0.0160290824520204 0.13451843183398909 0.051945494167185496 -0.022445267447167211 -0.026854652212963084 0.097095025353752029 -0.033544120931191905 -0.011469090418876244 -0.0048758136382881269 0.089720296572356056 0.062084572326523361 -0.016834850811978091 0.038275242525538579 0.048615461945916941 -0.02128062499250296 0.051310828736665648 0.025465721622962234 0.070029157120089516
leaf_weight=42837.797219075263 3.9057024717330924 14.77352401614189 47.812942758202553 13.847497075796129 6.0380259454250327 6.5243960916996029 15.539921894669533 926.85986736416817 3.8457216024398786 5.9461931884288788 425.92399848997593 18.198413401842124 4.807915434241294 4.4001192152500144 12.024734303355215 7.8495685756206521 7.3530851751565924 9.2926963120698947 6.0542521774768856 46.948334708809853 4.8494921475648871 6.0090740025043479 4.9853618144989023 70.446069702506065 5.2649152427911767 11.141561061143873 6.6870595067739513 14.624627411365507 13.388333275914194 10.890053078532217
leaf_count=228761 20 79 266 75 31 35 86 5037 20 32 2315 92 25 22 62 42 39 47 33 253 26 31 26 378 29 58 37 76 70 57
internal_value=-3.44896e-06 -0.00146875 0.000533894 0.00982971 -0.00185692 0.0234121 0.0101025 -0.00295191 0.0428453 0.0751749 -0.00755548 0.0298732 0.0527873 0.0674282 0.0142462 0.00304443 0.013189 0.0322767 0.0462634 0.00203686 0.0245892 0.0356858 0.0103879 -0.00803519 -0.0155763 0.0167717 -0.00177657 0.0285335 -0.00185089 0.0469503
internal_weight=44574 1736.23 1306.4 267.26 1039.14 43.1592 37.1211 995.984 16.3163 9.79191 429.83 67.593 27.4064 22.5985 40.1866 199.667 104.232 38.4396 31.0865 65.7923 21.7938 18.844 12.8349 95.4351 20.8048 24.9891 948.172 21.3117 28.1619 15.7395
internal_count=238160 9399 7064 1415 5649 233 202 5416 87 52 2335 350 139 114 211 1065 554 202 163 352 116 99 68 511 115 133 5150 113 149 83
is_linear=0
shrinkage=0.05


Tree=224
num_leaves=31
num_cat=0
split_feature=135 130 110 123 20 119 104 7 5 11 139 132 52 83 88 47 118 96 76 0 23 116 123 131 99 95 95 89 87 88
split_gain=1.5352 5.08319 5.00933 9.33891 6.37267 10.0264 10.8755 7.8399 6.62384 6.25091 8.27575 6.22399 11.8526 6.82455 6.1743 6.1295 5.96445 10.9672 12.32 8.42972 7.46699 7.29337 6.78819 7.40543 7.44048 6.04314 8.45519 6.89466 5.87335 11.1058
threshold=16.925000000000001 -0.18414050595841772 1.0000000180025095e-35 2.2250000000000005 11.500000000000002 0.47228300986288707 1.5000000000000002 3.5000000000000004 67.500000000000014 6.5000000000000009 1.0000000180025095e-35 4.4621125143513209 3.1750000000000003 4.9000000000000012 -5.4999999999999991 9.5000000000000018 0.33511779211930914 5.3000000000000016 79.017486379926467 762.50000000000011 5.5000000000000009 131.50000000000003 4.2666666666666675 311.50000000000006 4.3000000000000016 0.28891849515103496 0.27432965172449758 3.5000000000000004 -128.16666666666666 1.7000000000000002
decision_type=2 2 2 2 2 2 2 2 2 2 2 2 2 2 2 2 2 2 2 2 2 2 2 2 2 2 2 2 2 2
left_child=1 -1 11 4 5 6 8 -7 -4 10 -8 12 15 -14 -5 -3 21 18 19 -18 -21 25 -23 24 -24 26 27 28 29 -16
right_child=-2 2 3 14 -6 7 9 -9 -10 -11 -12 -13 13 -15 16 -17 17 -19 -20 20 -22 22 23 -25 -26 -27 -28 -29 -30 -31
leaf_value=-0.048940922478275417 4.3034689863531218e-05 0.019069968473689677 0.038014297821310883 0.048938048143944035 -0.017725418018091865 0.031887627258746824 0.086544502336544316 -0.051648746449646232 0.10623044993357898 -0.036317361826189012 -0.0043707673667180641 0.00034733197779248846 0.0092737534982969654 0.080962866803481248 0.035427063333897335 -0.056072907212112083 -0.031052215767668801 -0.029892317498362075 0.093920255921126197 0.08268829085759305 -0.0040320185806527993 -0.034470774115632916 0.0418245739067587 0.040887456748717153 -0.032162925993783988 -0.042630786086465831 0.061952847211796641 -0.0268173282487667 -0.0069439707635819761 -0.016254473425143807
leaf_weight=5.7018855214118949 43481.205921374261 6.2827159911394137 7.4755676537752151 4.7256439477205268 12.002797186374663 4.8999861627817136 4.1607826203107816 6.5807149112224579 6.7915074601769447 4.9601741731166848 6.2826175689697266 581.95346889644861 5.1627629399299613 9.2996277213096601 24.414564728736877 4.7775996029376984 7.2798728942871156 10.838705882430075 5.8293328285217276 5.0167181044816953 4.9133288860321045 51.923894584178925 4.1788094788789811 6.9082619696855536 18.185991838574409 11.307916879653929 4.5892047286033621 36.345743224024773 211.41083568334579 18.102049320936203
leaf_count=31 232184 33 38 25 65 25 21 36 34 27 33 3169 27 45 131 26 41 59 30 27 28 292 23 37 103 65 24 205 1175 101
internal_value=-3.47413e-06 -0.00185485 -0.00160776 -0.00543042 0.0143309 0.0236809 0.039033 -0.0159953 0.070487 0.00989982 0.031851 0.00140722 0.0255741 0.0553714 -0.0078963 -0.0133887 -0.00853389 0.0115844 0.0310969 0.00981742 0.0397796 -0.0102934 -0.0236158 -0.00436157 -0.0183385 -0.00676023 -0.0053846 -0.0064492 -0.00353382 0.0134229
internal_weight=44573.5 1092.3 1086.6 479.125 53.1541 41.1514 29.6706 11.4807 14.2671 15.4036 10.4434 607.476 25.5227 14.4624 425.971 11.0603 421.245 33.878 23.0393 17.2099 9.93005 387.367 81.197 29.2731 22.3648 306.17 294.862 290.273 253.927 42.5166
internal_count=238160 5976 5945 2645 279 214 153 61 72 81 54 3300 131 72 2366 59 2341 185 126 96 55 2156 455 163 126 1701 1636 1612 1407 232
is_linear=0
shrinkage=0.05


Tree=225
num_leaves=31
num_cat=0
split_feature=105 61 102 119 131 130 74 94 120 92 53 144 61 49 84 69 124 78 76 115 89 115 84 127 120 114 142 130 144 78
split_gain=1.52496 4.88014 7.59666 8.8226 10.4452 9.22496 9.80043 8.18738 16.7118 11.7888 13.0248 7.85262 11.2004 8.71651 7.64293 7.95098 6.86657 6.86011 8.24199 8.6652 7.91052 7.35129 6.94053 9.13529 6.51886 12.3645 8.8415 8.77526 6.93738 14.2937
threshold=1.0000000180025095e-35 -192.49999999999997 34.500000000000007 0.14992578736227519 187.50000000000003 -0.038070763216036814 3.5000000000000004 0.22783585838766798 0.12596446705578854 -7.7999999999999989 6.2250000000000005 6.5000000000000009 -272.99999999999994 16.500000000000004 1.9039392014169458 -3.4999999999999996 1.3415579563836071 104.21727268271263 26.377566290358697 47.500000000000007 0.40000000000000019 53.500000000000007 1.0605318061589781 -12.499999999999998 0.22490743058045601 22.500000000000004 5.5000000000000009 0.05367398015942778 19.500000000000004 117.67633420173954
decision_type=2 2 2 2 2 2 2 2 2 2 2 2 2 2 2 2 2 2 2 2 2 2 2 2 2 2 2 2 2 2
left_child=-1 2 3 4 -2 6 -5 -6 9 -9 -11 12 13 -4 17 -16 -14 18 19 -7 21 22 -20 -24 25 -19 28 -28 29 -26
right_child=1 -3 11 5 7 14 -8 8 -10 10 -12 -13 16 -15 15 -17 -18 24 20 -21 -22 -23 23 -25 26 -27 27 -29 -30 -31
leaf_value=0.00028786543990580807 -0.029039117421689804 -0.00010956234925639322 0.02198708190010026 -0.023917337852381843 -0.0055061408303273413 -0.024985256714766087 0.038042307568151607 -0.039468996129458311 0.12724453892467566 0.018747873243719071 0.10994380636289369 -0.0012745561966503681 0.056326295478710653 0.1092878356810251 0.017908772409864087 -0.031689653667712349 -0.003809313109487534 -0.0031650160121821586 -0.05943686064530293 0.057053826683668055 -0.00093760259433622027 -0.049585498662979899 0.058548376469228038 -0.013551943164590611 0.053025047008832107 0.098056877184016733 -0.066284316163436649 0.0076753601763264291 0.042654733937357706 -0.038408091361616506
leaf_weight=22373.711866736412 17.194192051887512 20864.652152024209 6.1219075173139554 136.47748456895351 31.859788566827774 4.8280273526906958 6.6952458620071402 7.2928473353385916 3.8448729068040839 30.695784673094749 4.4876719564199439 721.82898232340813 5.6589927077293387 5.364848330616951 9.8420165032148343 45.139892742037773 29.454330563545227 6.3192042112350446 7.2230290323495856 9.6559712737798673 114.84435872733593 17.935551360249519 4.8063530176877967 51.117418333888054 7.0246804803609875 5.7732644528150558 7.3975922018289593 8.7596567720174772 16.024129614233971 10.917633190751074
leaf_count=119080 92 111920 32 736 171 26 36 39 20 161 23 3869 30 28 51 248 158 34 39 51 616 97 26 276 37 31 40 47 86 60
internal_value=-3.45013e-06 -0.000297055 -0.00322828 -0.00762311 0.0062442 -0.0104325 -0.0210199 0.014004 0.0274231 0.0183875 0.03038 9.69936e-06 0.0199026 0.0627606 -0.00580552 -0.0228113 0.00588236 -0.00237589 -0.00668878 0.0297073 -0.00937938 -0.0213363 -0.0133126 -0.0073553 0.01221 0.045161 0.00426051 -0.0261871 0.0187439 -0.00261067
internal_weight=44572.9 22199.2 1334.59 566.157 95.3752 470.782 143.173 78.181 46.3212 42.4763 35.1835 768.429 46.6001 11.4868 327.609 54.9819 35.1133 272.627 210.411 14.484 195.927 81.0824 63.1468 55.9238 62.2162 12.0925 50.1237 16.1572 33.9664 17.9423
internal_count=238160 119080 7160 3043 506 2537 772 414 243 223 184 4117 248 60 1765 299 188 1466 1131 77 1054 438 341 302 335 65 270 87 183 97
is_linear=0
shrinkage=0.05


Tree=226
num_leaves=31
num_cat=0
split_feature=144 2 95 115 128 62 78 32 135 143 81 89 61 97 94 114 143 102 131 115 121 135 93 36 35 144 71 77 94 131
split_gain=1.51411 5.03278 5.74026 5.57719 7.20352 4.11603 4.45119 5.55878 1.88954 1.58279 6.41692 6.10379 8.77141 7.63048 11.9753 7.59991 8.21551 11.5568 11.6403 9.07457 13.3681 8.26001 8.12569 7.71188 7.50735 7.37287 6.23852 6.8489 6.16685 5.90522
threshold=78.500000000000014 25.015770026113049 0.23966649938169982 47.500000000000007 -17.499999999999996 24.500000000000004 93.615167510816391 3.4048195685882301 21.275000000000002 13.500000000000002 6.7000000000000002 -1.8999999999999997 76.500000000000014 4.3000000000000016 0.098113518840210162 28.500000000000004 14.500000000000002 53.500000000000007 232.50000000000003 39.500000000000007 18.500000000000004 28.525000000000002 -7.3999999999999995 1.5000000000000002 9.5000000000000018 31.500000000000004 1.0000000180025095e-35 826.30000000000007 0.26774788007058664 232.50000000000003
decision_type=2 2 2 2 2 2 2 2 2 2 2 2 2 2 2 2 2 2 2 2 2 2 2 2 2 2 2 2 2 2
left_child=9 2 5 4 -4 8 7 -7 -2 -1 11 12 24 29 -15 16 22 18 19 -18 23 -20 -16 -21 26 -19 27 -11 -25 -13
right_child=1 -3 3 -5 -6 6 -8 -9 -10 10 -12 13 -14 14 15 -17 17 25 21 20 -22 -23 -24 28 -26 -27 -28 -29 -30 -31
leaf_value=3.1118542720919423e-05 -0.021838226204813634 0.041326130534061374 0.077880347747309495 -0.033738011785830885 -0.0089415826883964111 0.035290278448408402 -0.061396207380949856 -0.038963603093356669 -0.060968593945135076 -0.035719284238325953 0.043839265905717489 -0.029938668251059477 -0.05125531183850604 0.083622578945183684 0.055719486156842385 0.053589966107664713 0.00037887870685789191 0.039716184787063596 -0.038622978757228199 -0.028063058380753 0.11083163605924629 0.049772484489260277 -0.010715430262937291 0.015089764337225446 -0.043647499510724219 -0.024811869592924057 0.049324839006869091 0.04025483330739249 0.095329470748977019 0.0097443365278231664
leaf_weight=44210.440007276833 4.7273076772689846 4.472838267683982 4.6328859180212012 4.6308962404727927 4.9327340275049201 6.5573200881481153 3.0919318050146094 4.0941549986600876 8.8807731345295888 8.4080567210912758 6.9945251643657675 35.933329604566097 16.053726136684418 4.4383990168571463 4.7728000730276099 6.5646369606256476 8.031371012330057 5.5051184743642834 8.63329368829727 3.8956194370985058 8.6745885759592039 3.808667078614234 129.10247653722763 4.7694567590951902 8.8125787153840047 22.597338691353798 7.1170033663511267 4.5834612101316443 4.8089314550161362 12.684182122349737
leaf_count=236194 30 23 23 27 27 35 21 26 61 47 35 199 88 21 25 32 42 29 46 21 42 20 697 25 49 123 37 24 24 67
internal_value=-3.46079e-06 -0.00906803 -0.0144932 0.0113033 0.0331086 -0.0278826 -0.00858203 0.00674898 -0.0473751 5.90796e-06 -0.0035191 -0.00459043 -0.021618 -0.00169205 0.00234284 0.000634449 -0.00106464 0.0127202 0.0291321 0.0459093 0.0624192 -0.0115638 -0.00834695 0.0312513 -0.00516665 -0.0121712 0.0116976 -0.0089153 0.055375 -0.0195855
internal_weight=44572.7 46.0208 41.548 14.1965 9.56562 27.3515 13.7434 10.6515 13.6081 44526.6 316.19 309.195 44.9748 264.22 215.603 211.164 204.6 70.7244 42.6219 30.18 22.1486 12.442 133.875 13.474 28.9211 28.1025 20.1085 12.9915 9.57839 48.6175
internal_count=238160 273 250 77 50 173 82 61 91 237887 1693 1658 245 1413 1147 1126 1094 372 220 154 112 66 722 70 157 152 108 71 49 266
is_linear=0
shrinkage=0.05


Tree=227
num_leaves=31
num_cat=0
split_feature=121 121 5 123 144 132 43 86 80 74 56 79 116 36 130 50 101 135 114 95 86 92 52 115 32 86 131 2 32 62
split_gain=1.52652 1.75393 11.5629 10.5614 8.12104 10.0307 8.59773 11.0567 8.28357 8.14645 7.80111 9.78412 8.35862 11.1374 7.59621 8.30032 8.6391 12.1885 7.26936 9.09286 9.45105 7.77555 7.68601 7.6398 7.15116 8.84789 6.82853 7.7514 7.45633 7.07685
threshold=28.500000000000004 14.500000000000002 58.500000000000007 3.1000000000000005 29.500000000000004 4.7256483238456681 2.5000000000000004 1.1509860240645577 1.7902508343583621 -2.4999999999999996 3.5000000000000004 5.7000000000000002 127.50000000000001 2.5000000000000004 -0.072833706915425608 1.675 -1.7999999999999998 30.725000000000005 28.500000000000004 0.21942542447789973 1.9811415832724213 -5.7999999999999989 3.2750000000000004 52.500000000000007 2.6546356292103579 1.4159791251244391 233.50000000000003 24.070625233388601 2.7327903353243723 128.50000000000003
decision_type=2 2 2 2 2 2 2 2 2 2 2 2 2 2 2 2 2 2 2 2 2 2 2 2 2 2 2 2 2 2
left_child=1 -1 -3 10 9 6 -6 -8 -9 -5 11 12 13 -4 15 16 17 -11 19 20 21 -12 23 24 -21 -26 28 -28 -18 -30
right_child=-2 2 3 4 5 -7 7 8 -10 14 18 -13 -14 -15 -16 -17 26 -19 -20 22 -22 -23 -24 -25 25 -27 27 -29 29 -31
leaf_value=2.829893082140546e-05 0.021947069525230727 0.07493091032598484 0.10762311465354918 -0.032967396640085529 0.0066920840750087363 -0.018204545859386391 0.034360458054420236 -0.042883575551183252 0.0058480638548540423 0.084315365614953175 0.064858626438989514 -0.030904842326563042 0.0012200697332650197 0.021841394841351898 0.058749393850888898 0.075395608945939621 0.025402820993946491 -0.027577679784653253 0.058150915462102687 -0.058890963798090924 0.077387364385457402 0.00035763337933196492 -0.043712725079602201 0.051755893736189787 0.063676115530434493 -0.01955324321806718 -0.0047175570901970909 0.070796999147599626 -0.059282963562477531 0.014408517032059538
leaf_weight=43996.72794315964 7.9191053360700598 4.7479854971170417 8.1144645959138924 10.555953264236448 108.75797474384308 191.65302956104279 8.3338760137557966 29.8822231143713 12.31387823820114 6.5543109178543073 5.1555675566196433 4.9413463324308387 6.8854202032089225 7.0899281054735175 8.4031032174825651 4.1872399002313605 5.4188968092203167 3.8713297247886658 5.6157476752996436 6.3585458695888581 5.126082941889762 49.853890135884285 17.059574857354164 5.4921820461750022 4.4476304799318305 11.321668699383734 12.697954311966898 4.6400734335184088 13.551151603460314 4.289156347513198
leaf_count=235102 38 23 40 58 585 1041 44 163 66 34 26 25 35 36 43 22 29 21 27 34 26 257 91 26 22 59 67 24 73 23
internal_value=-3.41991e-06 -7.32055e-06 -0.00276968 -0.00342545 -0.00732112 -0.0104981 -0.0012259 -0.0182681 -0.0286625 0.00771135 0.00862215 0.0326973 0.0469247 0.0676224 0.0144616 0.00772086 0.00216707 0.0427664 0.00272905 -0.000240324 0.0124536 0.00640276 -0.0173255 -0.00102736 -0.0141283 0.00392107 -0.00825911 0.015492 -0.0259638 -0.0415661
internal_weight=44572 44564 567.32 562.572 425.11 350.941 159.288 50.53 42.1961 74.1692 137.462 27.0312 22.0898 15.2044 63.6132 55.2101 51.0229 10.4256 110.431 104.815 60.1355 55.0095 44.6796 27.62 22.1278 15.7693 40.5972 17.338 23.2592 17.8403
internal_count=238160 238122 3020 2997 2293 1899 858 273 229 394 704 136 111 76 336 293 271 55 568 541 309 283 232 141 115 81 216 91 125 96
is_linear=0
shrinkage=0.05


Tree=228
num_leaves=31
num_cat=0
split_feature=131 102 92 2 79 86 62 20 86 71 58 0 124 92 74 2 131 144 88 3 2 80 70 75 62 51 52 70 77 76
split_gain=1.50501 5.07224 8.8725 10.0339 11.3368 8.57154 8.5713 11.2175 11.0569 9.07524 10.9312 12.8045 11.3224 9.21099 8.98433 8.56257 12.3529 8.27559 8.1602 7.96922 9.99299 8.06324 9.08368 7.89605 8.07954 7.33864 11.3412 9.81913 7.22861 7.02026
threshold=219.50000000000003 4.5000000000000009 -8.9999999999999982 19.282602245116923 6.1000000000000005 1.4916349147207137 38.500000000000007 12.500000000000002 1.7102325267042631 1.0000000180025095e-35 0.22500000000000003 783.50000000000011 3.274118315545508 1.8000000000000003 -1.0000000180025095e-35 24.70460479329407 184.50000000000003 72.500000000000014 2.5000000000000004 3.5000000000000004 20.889171768949314 1.9672249896832306 1.0000000180025095e-35 832.16666666666686 -86.499999999999986 1.9750000000000003 3.0750000000000006 1.5000000000000002 845.30000000000007 123.40628314129773
decision_type=2 2 2 2 2 2 2 2 2 2 2 2 2 2 2 2 2 2 2 2 2 2 2 2 2 2 2 2 2 2
left_child=1 2 -1 4 -4 -5 8 15 17 14 11 -11 -13 -12 23 29 -17 19 -16 21 -21 22 -7 -10 -25 26 -24 -27 -22 -8
right_child=-2 -3 3 5 -6 6 7 -9 9 10 13 12 -14 -15 18 16 -18 -19 -20 20 28 -23 25 24 -26 27 -28 -29 -30 -31
leaf_value=-0.05138532247139848 -0.00016946800894158129 0.00026994694687788471 0.021796997924230486 -0.0024300556852689392 0.11255784434522378 -0.031062018898988925 -0.020580685629892865 0.051832470458541217 0.06876713422649694 0.13452336913156315 -0.015858139657743475 0.071292788413105657 -0.033159621748525291 0.061028150819273853 -0.0391442593366743 -0.039900394333655415 0.071381707622667212 -0.0095138379420544872 0.040882022106880987 0.015456511530030829 0.12854784576313125 -0.040192302919130944 0.027480046477704818 -0.065724033066965545 0.030403200630345101 0.066635695414248797 0.12977604594777192 -0.013930381185005881 0.046833273273386232 0.034929168628566931
leaf_weight=6.7804266065359107 33596.316081464291 10474.522094763815 33.564942173659801 237.04101493954659 3.8335535526275626 4.165980443358424 56.338043376803398 8.8235877603292447 5.4976113438606253 3.9680091440677634 16.755088455975059 6.485110327601431 4.3244454860687256 5.0753259509801856 22.102514952421192 3.8154751062393171 7.1990697383880615 8.8506734445691091 3.7218969613313666 5.5055010169744518 7.1005832031369192 3.7582319974899283 5.291160926222803 3.5766122788190833 5.6217824518680564 7.4924662858247739 5.5529731065034866 7.6364614069461823 4.3733433187007904 6.3363852053880683
leaf_count=37 179607 55861 178 1278 19 22 305 47 29 21 91 34 23 27 120 21 38 49 20 30 37 20 28 20 30 40 29 42 23 34
internal_value=-3.40634e-06 0.000504931 0.00542184 0.00620186 0.0311005 0.00416164 0.0112844 -0.00144414 0.0189586 0.00645217 0.0244965 0.0577047 0.0295058 0.00201706 -0.0098499 -0.00782353 0.0328332 0.0351087 -0.0276106 0.0428714 0.0708315 0.0288659 0.0374772 0.0213599 -0.00697396 0.0484706 0.0798629 0.0259692 0.0974019 -0.0149686
internal_weight=44571.4 10975.1 500.588 493.808 37.3985 456.409 219.368 82.5126 136.856 77.1284 36.608 14.7776 10.8096 21.8304 40.5204 73.689 11.0145 59.7274 25.8244 50.8767 16.9794 33.8973 30.139 14.696 9.19839 25.9731 10.8441 15.1289 11.4739 62.6744
internal_count=238160 58553 2692 2655 197 2458 1180 445 735 415 196 78 57 118 219 398 59 320 140 271 90 181 161 79 50 139 57 82 60 339
is_linear=0
shrinkage=0.05


Tree=229
num_leaves=31
num_cat=0
split_feature=123 49 82 128 81 135 119 102 87 6 125 81 27 11 94 83 60 97 95 132 86 44 123 132 77 10 84 101 128 122
split_gain=1.52071 7.91144 7.53163 6.99124 6.43577 6.8681 7.16967 5.44179 5.9509 7.66193 5.71377 9.84289 11.1337 7.19925 10.9739 9.08782 6.29936 8.43403 5.70559 5.59817 4.76577 4.56046 4.30238 11.274 7.91683 14.3242 7.7933 7.7288 12.0259 10.6086
threshold=9.4500000000000011 13.500000000000002 2.1271888302239863 -9.4999999999999982 5.3000000000000016 30.225000000000005 0.1247157206866593 4.5000000000000009 -135.49999999999997 31.750000000000004 4.5000000000000009 5.7000000000000002 4.5000000000000009 3.5000000000000004 0.26774788007058664 4.5000000000000009 0.47500000000000003 4.9000000000000012 0.19701042071947547 4.8581488933601618 1.4764667715445201 1.5000000000000002 8.7750000000000021 4.417288557213932 791.50000000000011 5.5000000000000009 1.6140004959000309 -1.7999999999999998 -13.499999999999998 4.416666666666667
decision_type=2 2 2 2 2 2 2 2 2 2 2 2 2 2 2 2 2 2 2 2 2 2 2 2 2 2 2 2 2 2
left_child=22 4 3 7 5 6 -2 -3 -9 -10 11 13 -13 16 15 -15 -11 -18 19 -17 -21 -16 -1 -24 25 -25 -27 28 -26 -29
right_child=1 2 -4 -5 -6 -7 -8 8 9 10 -12 12 -14 14 21 18 17 -19 -20 20 -22 -23 23 24 27 26 -28 29 -30 -31
leaf_value=-1.6683718261796678e-05 0.076948618779610983 -0.039735319297565463 0.039527477452214792 0.037986557038485219 0.066686051804930063 -0.046286298335081681 -0.016810203836208005 -0.046642799063445095 0.046402402909277968 -0.041929722109006751 -0.034435871087409607 -0.016319032416182853 0.098102561126738153 0.080233424129212944 0.0083251367126454569 0.028393134002303345 0.052387548550385465 -0.03813463053924758 0.059267028433785111 0.0095028656091493847 -0.065023686605369113 -0.053640853635345591 0.064066917713046456 -0.032879929464314415 0.065077039066849127 0.040631378453748035 -0.021505273163886094 -0.054635407350974247 -0.014042437334933358 0.010773977072159982
leaf_weight=44227.530334159732 4.2340217530727404 17.611953087151051 7.6847698241472235 6.8398764804005614 6.3588467836379996 4.2983519136905661 3.9330228120088577 10.059054531157015 6.4516836404800406 22.662815093994141 19.056338638067245 3.8663560450077039 4.7231370359659195 5.5905030816793468 4.5251850485801688 6.6362380534410503 4.9373324215412122 5.3737456202507019 4.2459537833929053 3.8022773712873441 4.921881377696991 8.6353153809905034 8.4739257544279081 31.116237506270409 14.66047824919224 14.837608575820925 7.6468980908393851 6.6768982410430899 7.1426677852869025 86.59688276052475
leaf_count=236312 20 110 38 37 31 24 21 56 34 129 107 21 24 28 24 36 26 30 22 20 28 50 43 169 74 75 41 35 37 458
internal_value=-3.41634e-06 -0.00477367 -0.00866625 -0.0113128 0.0257529 0.00487208 0.031797 -0.0138462 -0.00989815 -0.00639231 -0.00983366 -0.0039675 0.0465984 -0.0100565 0.00467119 0.0239993 -0.0271887 0.0052108 0.00796488 -0.00621616 -0.0325425 -0.0323341 1.44647e-05 0.00779096 0.0049638 -0.010908 0.0194989 0.0123566 0.0391577 0.00609172
internal_weight=44571.1 166.449 147.624 139.94 18.8242 12.4654 8.16704 133.1 115.488 105.429 98.9771 79.9207 8.58949 71.3312 38.3574 25.1969 32.9739 10.3111 19.6064 15.3604 8.72416 13.1605 44404.7 177.152 168.678 53.6007 22.4845 115.077 21.8031 93.2738
internal_count=238160 916 820 782 96 65 41 745 635 579 545 438 45 393 208 134 185 56 106 84 48 74 237244 932 889 285 116 604 111 493
is_linear=0
shrinkage=0.05


Tree=230
num_leaves=31
num_cat=0
split_feature=133 130 120 135 53 61 124 52 108 26 130 90 93 76 119 124 41 144 45 78 78 128 122 128 108 77 114 120 120 102
split_gain=1.50206 3.86898 5.33314 5.69167 5.20846 7.15585 6.13715 5.59718 4.23979 4.5354 4.13947 3.64281 4.01653 5.14663 3.98009 3.9209 3.37519 3.33093 2.88606 2.74782 2.60851 2.36979 3.02308 2.48241 3.32082 7.91252 3.00374 3.83841 3.34485 3.31258
threshold=6.5000000000000009 0.0054935346391810922 0.12952560290382206 26.725000000000005 5.9250000000000016 98.500000000000014 3.7309362171607989 3.2250000000000005 1.0000000180025095e-35 3.5000000000000004 0.012369096716977892 1.1000000000000003 -2.4499999999999997 52.80677481065667 0.26091103969413337 1.9182192695337799 1.5000000000000002 56.500000000000007 1.5000000000000002 82.606050173025622 93.02922899579562 -1.0000000180025095e-35 4.166666666666667 -1.4999999999999998 1.0000000180025095e-35 818.90000000000009 6.5000000000000009 0.035883020729487521 0.22490743058045601 51.500000000000007
decision_type=2 2 2 2 2 2 2 2 2 2 2 2 2 2 2 2 2 2 2 2 2 2 2 2 2 2 2 2 2 2
left_child=1 2 3 4 5 6 7 -1 9 -4 -3 12 15 -14 19 -12 -5 -13 -18 -15 -6 23 -23 26 -25 -26 27 -2 29 -29
right_child=21 10 8 16 20 -7 -8 -9 -10 -11 11 17 13 14 -16 -17 18 -19 -20 -21 -22 22 -24 24 25 -27 -28 28 -30 -31
leaf_value=-0.017925719382745665 0.023574062713839012 0.05086594545208703 -0.00067921551593305447 -0.0027429195482158754 -0.040162931771652165 -0.023388399779916177 0.092460550200885963 0.053089205613129832 0.0047771221319583765 -0.058696329998678978 0.066428452350893119 -0.0029565750898684325 -0.034884304977724899 0.010411394545264577 -0.012059278965712532 0.0057637737704682723 -0.0067009081115085786 -0.06387087078686017 -0.062313955830325354 0.067990244275800693 0.013172070803953323 -0.051203686236106244 0.0015659970651599317 0.0035166238892769411 0.066151101539520848 -0.019530517876750888 1.6164739793138563e-05 -0.01816027668875075 0.014154218111003803 -0.062888735744337176
leaf_weight=4.9280988425016456 4.8112236410379436 4.5449537485837928 4.4897234886884752 9.4909107759594935 6.1747662648558599 5.8765128850936881 4.26651407778263 6.349764347076416 5.8559486120939246 13.489400431513785 4.9350019842386192 5.7210049629211408 8.348380230367189 4.3932081609964388 7.8579663336276999 5.7866966277360916 3.4910807311534864 3.6928572803735733 7.0318264365196228 3.9217708557844162 3.6462124139070511 5.1340469345450384 5.7579802870750427 30.842658713459969 7.3815695196390134 4.2435304969549179 44366.323039017618 10.707921855151659 4.2197762727737418 6.7480385005474082
leaf_count=26 24 23 25 56 37 33 21 31 36 87 23 34 49 23 41 29 21 22 45 19 19 36 33 160 32 23 237026 62 22 42
internal_value=-3.39123e-06 -0.00549228 -0.012633 -0.00354633 0.00978935 0.0236128 0.0413814 0.0220577 -0.0321733 -0.0442084 0.00540576 0.000779049 0.00815964 -0.00300177 0.0134558 0.0336866 -0.0243635 -0.026852 -0.0438638 0.0375685 -0.0203614 1.19583e-05 -0.0233074 1.76744e-05 0.0121005 0.0348746 6.11548e-06 -0.0168266 -0.0257941 -0.0354512
internal_weight=44570.5 124.293 75.0908 51.2557 31.2419 21.4209 15.5444 11.2779 23.8351 17.9791 49.2018 44.6569 35.243 24.5213 16.1729 10.7217 20.0138 9.41386 10.5229 8.31498 9.82098 44446.2 10.892 44435.3 42.4678 11.6251 44392.8 26.487 21.6757 17.456
internal_count=238160 700 437 289 167 111 78 57 148 112 263 240 184 132 83 52 122 56 66 42 56 237460 69 237391 215 55 237176 150 126 104
is_linear=0
shrinkage=0.05


Tree=231
num_leaves=31
num_cat=0
split_feature=144 100 127 57 40 117 120 93 76 50 120 117 131 117 102 56 99 63 77 100 73 120 135 114 130 124 26 20 137 99
split_gain=1.4977 7.13918 11.6503 7.09662 10.906 9.24557 7.66765 11.9462 17.5864 10.2862 9.63483 11.7855 10.6608 10.6457 14.5907 12.5082 12.671 10.5571 10.3697 10.1939 9.22261 9.67824 9.20584 8.92934 11.443 9.47244 8.92051 8.64959 8.51322 8.47576
threshold=74.500000000000014 -3.7999999999999994 -9.4999999999999982 0.32500000000000001 1.0000000180025095e-35 241.50000000000003 0.067398576184190997 2.6000000000000005 53.897020795580111 1.5250000000000001 0.085548316492547447 219.50000000000003 235.50000000000003 233.50000000000003 65.500000000000014 4.5000000000000009 5.5000000000000009 -1.0000000180025095e-35 786.30000000000007 -1.0000000180025095e-35 0.13157894736842099 0.054589901038576701 16.475000000000005 23.500000000000004 -0.086127452544218178 2.8589760784910201 6.5000000000000009 9.5000000000000018 1.5000000000000002 5.3000000000000016
decision_type=2 2 2 2 2 2 2 2 2 2 2 2 2 2 2 2 2 2 2 2 2 2 2 2 2 2 2 2 2 2
left_child=-1 2 -2 6 5 -5 7 20 9 -9 12 -12 -8 14 15 19 17 -17 -19 -13 23 -22 -15 24 25 26 -3 -25 -10 -27
right_child=1 3 -4 4 -6 -7 10 8 28 -11 11 13 -14 22 -16 16 -18 18 -20 -21 21 -23 -24 27 -26 29 -28 -29 -30 -31
leaf_value=4.3081051532421711e-05 -0.0094292005828294986 0.034734661675815612 0.084906550770176684 -0.0041963950324604912 -0.014420788075838985 0.074023352374986445 -0.032023249850387729 0.098079769877855202 0.017598401392429783 0.023050471906818054 -0.011025651915212514 0.039395648026730158 0.038544137715614706 0.062052968690191217 -0.010823649204307201 0.0025614258449968407 0.10257592035021862 0.0041970116187931093 0.093096178809257843 -0.035082838603651405 -0.036930338602148102 0.027227052697706255 -0.00077944209499689792 -0.047519477337808431 -0.023068576742225656 0.03900961868095202 -0.044243312116350325 0.02090659137025886 -0.064869975181377992 0.12109675605157735
leaf_weight=43456.852254107594 6.9774607121944427 16.33104939758778 6.1642497926950437 8.7921809256076795 178.43671033531427 6.6240136623382559 44.13816823810339 11.500538051128389 14.644895523786547 7.5782172232866278 203.45634432137012 8.7904085367918032 6.0905819982290259 5.9092141091823569 26.579660102725029 13.560454785823822 8.982337608933447 4.9066694974899301 9.8961841464042646 9.6246403902769071 23.532815597951416 7.835350662469863 432.47924464941025 10.236412197351457 9.758840546011923 7.9136078655719739 4.5774888694286338 8.4150838702917081 3.9798065945506087 5.2181517481803894
leaf_count=232122 38 84 31 48 982 34 243 57 78 39 1130 46 32 30 144 72 45 26 51 53 129 41 2337 56 53 41 25 44 23 26
internal_value=-3.30278e-06 -0.00181446 0.0348199 -0.00225222 -0.0109349 0.029413 -0.000394291 0.0107676 0.0345382 0.0682776 -0.00228997 -0.000821193 -0.0234665 0.00316584 0.0196617 0.0341933 0.0508224 0.0344327 0.063629 0.000469406 0.00121485 -0.0209047 6.75012e-05 0.0123252 0.0246629 0.0383469 0.0174441 -0.0166474 -2.37966e-05 0.0716285
internal_weight=44569.8 1112.93 13.1417 1099.79 193.853 15.4162 905.936 131.522 37.7035 19.0788 774.414 724.185 50.2288 520.729 82.3404 55.7607 37.3456 28.3633 14.8029 18.415 93.8188 31.3682 438.388 62.4506 43.7991 34.0403 20.9085 18.6515 18.6247 13.1318
internal_count=238160 6038 69 5969 1064 82 4905 696 197 96 4209 3934 275 2804 437 293 194 149 77 99 499 170 2367 329 229 176 109 100 101 67
is_linear=0
shrinkage=0.05


Tree=232
num_leaves=31
num_cat=0
split_feature=127 71 115 86 119 85 132 131 128 113 49 57 62 142 128 86 45 132 59 96 84 123 82 56 121 123 93 135 78 82
split_gain=1.48928 4.61066 4.59598 4.27733 4.56038 5.63332 3.71689 2.48055 2.62756 2.41537 5.02007 4.8749 4.44035 5.43385 6.6128 4.67825 5.46016 4.39125 4.27523 4.35077 4.1563 2.24542 3.54092 2.00182 1.70653 10.4891 8.51865 7.95379 8.36916 8.42096
threshold=-2.4999999999999996 -2.4999999999999996 47.500000000000007 1.3873863542433762 0.28366375197522559 5.1000000000000005 4.7481343283582094 29.500000000000004 -1.0000000180025095e-35 4.5000000000000009 13.500000000000002 0.32500000000000001 27.500000000000004 8.5000000000000018 -13.499999999999998 1.4764667715445201 2.5000000000000004 4.5959492635024555 0.17500000000000002 5.1000000000000005 1.4387326679038659 11.300000000000002 1.6940971508067069 6.5000000000000009 14.500000000000002 3.1000000000000005 -8.9999999999999982 23.825000000000006 120.13991098740055 1.9608667406307008
decision_type=2 2 2 2 2 2 2 2 2 2 2 2 2 2 2 2 2 2 2 2 2 2 2 2 2 2 2 2 2 2
left_child=9 -2 3 4 5 6 -3 8 -8 10 -1 12 13 -12 15 -15 -17 -14 -19 -20 -13 24 -23 -5 -11 -26 -27 28 29 -28
right_child=1 2 -4 23 -6 -7 7 -9 -10 21 11 20 17 14 -16 16 -18 18 19 -21 -22 22 -24 -25 25 26 27 -29 -30 -31
leaf_value=0.049462982134091116 0.038544109458343988 -0.03767122185325035 0.034656984840128927 -0.052777449518435132 -0.063382534510015409 0.059613207705276852 0.05420914097636842 -0.024310146550297493 0.00050320035663007777 3.2500184600240039e-05 0.054989225336099783 0.074096955766633305 -0.063319007655447901 0.05514029877284965 -0.042868783457087965 -0.031112707672771658 0.045474761020297481 0.036625888929519922 0.00044078971343671706 -0.064396562591256298 0.0093595390307692605 0.014866851373297086 -0.0480487309440948 -0.0088399704376048577 0.0090390284061659266 0.056843896427904508 0.00061786524764491401 -0.013050542952536185 -0.039939178606259999 0.041263200159265975
leaf_weight=7.0609453171491614 4.7418134510517111 7.713409438729296 4.5401172265410414 10.065279565751551 3.2419461980462065 3.3897908404469481 3.5063072293996846 4.8288744240999213 6.4982135221362061 43890.389672674239 5.5940634906291988 4.2209634035825712 4.5248567759990719 5.3797252327203777 6.4204455688595763 6.2751392349600774 3.6989732906222343 4.0728068947792044 7.0898560136556608 4.0741649568080902 6.0088647305965424 3.5929951965808851 5.922854945063591 3.4916499555110923 140.43040601909161 5.194294959306716 128.66521753370762 252.95426861941814 11.364337280392645 14.144101858139036
leaf_count=31 23 49 24 68 21 19 18 30 39 234509 26 19 28 28 39 35 18 20 38 24 30 20 35 23 716 27 686 1381 62 74
internal_value=-3.32914e-06 -0.00845865 -0.0131731 -0.0182545 -0.00747216 -0.000483644 -0.00951888 0.00512042 0.0193256 6.55075e-06 0.00968118 0.00478408 -0.00200693 0.0110343 -0.000258272 0.01756 -0.00270968 -0.0200679 -0.00722374 -0.0232208 0.0360711 -7.46973e-06 -0.0242931 -0.0414611 -2.26987e-06 -0.00276313 -0.00678275 -0.00759453 0.00135721 0.00464346
internal_weight=44569.1 52.0174 47.2756 42.7355 29.1785 25.9366 22.5468 14.8334 10.0045 44517.1 64.4208 57.3599 47.13 27.3683 21.7743 15.3538 9.97411 19.7617 15.2368 11.164 10.2298 44452.7 9.51585 13.5569 44443.1 552.753 412.322 407.128 154.174 142.809
internal_count=238160 314 291 267 176 155 136 87 57 237846 336 305 256 146 120 81 53 110 82 62 49 237510 55 91 237455 2946 2230 2203 822 760
is_linear=0
shrinkage=0.05


Tree=233
num_leaves=31
num_cat=0
split_feature=118 9 102 25 82 97 76 114 84 41 46 73 75 73 84 76 35 126 71 130 115 38 84 65 81 144 101 90 76 57
split_gain=1.51844 9.60167 8.08666 8.47583 9.16095 9.61425 9.04998 9.60403 8.63925 8.87241 7.53191 10.9615 12.2185 10.6121 10.8357 9.66204 9.0546 7.76063 7.49006 9.51243 7.93924 7.4431 7.97663 10.318 12.5725 8.29225 10.0654 7.59369 6.79351 6.73341
threshold=0.098948351945433596 4.5000000000000009 4.5000000000000009 5.5000000000000009 2.0603394205031154 4.1000000000000005 14.659018405631921 9.5000000000000018 1.256955331873516 1.5000000000000002 1.5000000000000002 0.13157894736842099 804.83333333333337 0.26315789473684231 1.6340020031478217 66.18576507441135 9.5000000000000018 16.500000000000004 -1.0000000180025095e-35 -0.085157064856613354 45.500000000000007 1.5000000000000002 2.0309913235263921 -2.4999999999999996 5.3000000000000016 45.500000000000007 -0.99999999999999989 -1.2999999999999998 46.571326240759113 0.22500000000000003
decision_type=2 2 2 2 2 2 2 2 2 2 2 2 2 2 2 2 2 2 2 2 2 2 2 2 2 2 2 2 2 2
left_child=1 18 -3 4 5 -4 -7 -8 9 -5 11 17 -13 14 16 28 -12 -9 19 -1 29 -20 23 -23 -25 27 -27 -26 -16 -21
right_child=-2 2 3 8 -6 6 7 10 -10 -11 13 12 -14 -15 15 -17 -18 -19 21 20 -22 22 -24 24 25 26 -28 -29 -30 -31
leaf_value=-0.025485118135218282 -2.9134569148574836e-05 -0.037815910437379668 -0.036741647999542597 0.080253479966627919 0.058406620965245737 -0.037834236174124618 -0.054993332116157215 -0.037298087408990786 -0.025373357506424471 -0.013183211654027766 0.033396692548390096 -0.023919220430364763 0.080315086491512186 -0.021888759927580305 0.073276324478132634 0.11689491715354919 -0.025818521431449117 0.020494946236746539 -0.013688208077837145 0.0616290400859019 0.088726810805196121 0.0831600182030309 -0.052686331323951389 -0.0067524449768290298 0.12249334574899394 0.064885538441435159 -0.023694123933819068 0.029922327661537615 -0.0090391882475663217 0.010188785721359551
leaf_weight=6.1578236371278754 44220.540266819298 15.746150054037569 13.607230685651301 4.2619378268718702 7.9224000126123419 9.9856293350458127 5.1006749868392935 18.742093324661258 48.429098822176456 6.2907514870166779 27.620437800884247 4.6951067894697172 7.0079940259456635 9.7287172079086286 5.9148534238338488 6.3412319272756568 8.4248103797435743 8.4177201762795431 31.81743647903204 10.220566831529142 7.1874951869249335 5.9283976405858985 3.9622806161642066 31.204910323023796 4.8041555881500244 5.9455757662653923 6.9626918956637365 4.111128084361555 4.3498373776674271 16.849132478237152
leaf_count=34 236285 93 77 21 42 55 31 102 261 33 146 26 36 52 30 32 45 45 174 53 37 31 23 170 23 31 38 22 24 88
internal_value=-3.25426e-06 0.00328785 -0.00333676 -0.000578616 0.00620788 0.00302525 0.00767686 0.0119503 -0.0164408 0.0245533 0.015323 -0.00195506 0.0384979 0.0260873 0.0349522 0.0683706 0.0195564 -0.0193861 0.013708 0.0317295 0.0420139 0.00601999 0.0159862 0.0206014 0.0136076 0.0427198 0.0171059 0.0798058 0.0383937 0.0296108
internal_weight=44568.3 347.738 212.587 196.841 137.859 129.936 116.329 106.343 58.9818 10.5527 101.243 38.8629 11.7031 62.3799 52.6512 16.6059 36.0452 27.1598 135.152 40.415 34.2572 94.7366 62.9191 58.9569 53.0285 21.8236 12.9083 8.91528 10.2647 27.0697
internal_count=238160 1875 1151 1058 743 701 624 569 315 54 538 209 62 329 277 86 191 147 724 212 178 512 338 315 284 114 69 45 54 141
is_linear=0
shrinkage=0.05


Tree=234
num_leaves=31
num_cat=0
split_feature=123 78 64 82 84 91 102 118 32 130 49 124 119 61 67 5 36 70 4 135 9 61 80 32 130 124 118 2 116 53
split_gain=1.48126 7.38719 7.21559 6.79777 10.0866 8.4931 11.5772 11.6351 9.97112 9.54648 8.74536 9.11577 8.66681 8.15638 7.8066 8.49524 8.26601 9.8942 10.8398 8.08108 7.80057 9.13676 7.54661 7.52101 8.51851 11.2778 9.27801 9.65489 7.23767 17.3014
threshold=2.5500000000000003 149.77443270872865 13.000000000000002 1.2348275806265252 2.5465237376037861 -2.8999999999999995 20.500000000000004 0.29386751063139649 3.4263116517234411 -0.014450723632757288 15.500000000000002 1.1830951894845305 0.28366375197522559 -178.49999999999997 -1.4999999999999998 70.500000000000014 2.5000000000000004 1.0000000180025095e-35 78.500000000000014 29.525000000000002 5.5000000000000009 -54.499999999999993 2.1459260571555556 3.0967764692130726 0.19014299138657714 0.49494897427831791 0.29115691254890269 21.639171656492419 117.50000000000001 5.2750000000000012
decision_type=2 2 2 2 2 2 2 2 2 2 2 2 2 2 2 2 2 2 2 2 2 2 2 2 2 2 2 2 2 2
left_child=1 2 3 4 5 6 12 10 -9 -10 11 -8 -1 -11 20 22 17 18 19 -17 -7 -22 23 -16 25 -25 -27 -28 29 -19
right_child=-2 -3 -4 -5 -6 14 7 8 9 13 -12 -13 -14 -15 15 16 -18 28 -20 -21 21 -23 -24 24 -26 26 27 -29 -30 -31
leaf_value=0.028490640070697744 0.00012182637371806213 -0.017093450909685615 0.015913714404850871 6.5884970956330631e-05 0.053047292455733253 -0.0060680889225806231 0.055544325327887903 0.014634458682326396 0.11287921590058536 0.081637555466939432 -0.054052621147224533 -0.042076230844638095 -0.04485564688660254 0.0039003100963702084 -0.001493350534085674 -0.028256829169731532 -0.016755491167713164 0.085620252589418688 0.030384363236183615 0.025166963027998503 0.045130903908735483 0.0056013617595400949 -0.030080195476124894 0.10117744854695024 -0.034044402847983095 -0.015350729599480244 0.021968318894414328 0.10341407278880738 -0.014361386620137143 -0.0032636085388457236
leaf_weight=5.7090242356061962 37505.639036118984 67.790907979011536 66.255694836378098 5688.0081126987934 7.6950182020664206 148.63160075247288 6.0247046798467654 29.250304907560349 6.056848973035815 5.9477974474430093 7.7229352593421927 3.965372622013092 13.674742758274077 7.7984008789062473 142.42835600674152 20.489079445600513 299.10773154348135 5.8881921470165244 36.17561848461628 10.814690202474592 16.777828574180603 113.55571949481964 17.735093429684639 4.9687691926956168 5.8108009099960318 11.693344309926031 16.186843082308773 4.6939029693603507 213.21251019835472 78.001382753252983
leaf_count=30 200633 367 341 30211 38 792 31 156 31 30 41 21 73 42 756 108 1612 31 190 57 87 604 95 25 32 63 85 25 1138 415
internal_value=-3.25538e-06 -0.000667547 -0.000508341 -0.000665392 -0.00401979 -0.00437614 0.0107643 0.0206403 0.0331829 0.0605802 -0.0140944 0.0167957 -0.0232533 0.0375362 -0.00551414 -0.00785454 -0.0105949 -0.00554075 0.0117427 -0.00980021 0.00176135 0.01069 0.00108219 0.00405701 0.0222914 0.0310109 0.0203079 0.040277 -0.00946626 0.00297513
internal_weight=44567.7 7062.07 6994.28 6928.02 1240.02 1232.32 86.1501 66.7664 49.0534 19.803 17.713 9.99008 19.3838 13.7462 1146.17 867.206 663.689 364.581 67.4794 31.3038 278.965 130.334 203.517 185.782 43.3537 37.5429 32.5741 20.8807 297.102 83.8896
internal_count=238160 37527 37160 36819 6608 6570 455 352 259 103 93 52 103 72 6115 4632 3551 1939 355 165 1483 691 1081 986 230 198 173 110 1584 446
is_linear=0
shrinkage=0.05


Tree=235
num_leaves=31
num_cat=0
split_feature=118 113 67 85 2 24 139 50 123 76 130 87 117 62 89 51 132 32 40 118 118 92 27 131 52 78 74 100 119 131
split_gain=1.50114 5.98125 5.84727 10.899 9.11624 9.76533 9.21902 12.0125 7.51624 7.48488 7.00861 6.96718 6.70398 7.56656 8.13784 16.4846 16.3893 10.3808 9.11925 11.6237 8.44302 8.38138 8.01828 10.0227 10.2237 7.27857 7.70784 8.80436 8.25568 9.5913
threshold=0.34928583322414036 20.500000000000004 -3.4999999999999996 5.1000000000000005 27.221634874335631 3.5000000000000004 1.0000000180025095e-35 1.425 2.9000000000000004 54.758049935221969 0.047477409456784005 155.50000000000003 272.50000000000006 -247.49999999999997 -0.49999999999999994 2.1750000000000003 4.9043040293040301 3.4048195685882301 2.5000000000000004 0.36042466388873923 0.37854644373816498 1.0000000000000002 4.5000000000000009 332.50000000000006 3.1250000000000004 106.25325147461095 -2.4999999999999996 0.6000000000000002 0.41467608746586926 277.50000000000006
decision_type=2 2 2 2 2 2 2 2 2 2 2 2 2 2 2 2 2 2 2 2 2 2 2 2 2 2 2 2 2 2
left_child=1 -1 3 4 5 -2 9 10 -5 -7 -8 -9 -4 -14 15 16 18 -17 19 -15 -21 25 -18 24 -24 26 27 -16 29 -28
right_child=2 -3 12 8 -6 6 7 11 -10 -11 -12 -13 13 14 21 17 22 -19 -20 20 -22 -23 23 -25 -26 -27 28 -29 -30 -31
leaf_value=-7.7097232920943381e-05 0.030542098135111436 -0.027398272313114615 0.0020711584310714451 -0.029296653817050006 0.065470168620089683 -0.034437149946569427 -0.00042763477640551126 -0.014114747743299995 0.025180394583665052 -0.0044182931441470062 0.066192670049878402 0.045282916374591982 0.051829525649750102 0.10598564462409132 0.0028731948196431926 0.10268209977635967 -0.043434416220036409 -0.0012078201231014378 -0.024159043511264699 -0.019833421495743565 0.064238543575252688 -0.036027856918041098 0.079642488341028231 -0.040139062436528421 -0.0083842666844383303 -0.041980040235314348 -0.032122694107291634 0.089575814603747181 -0.023010547894211204 0.025563550183822149
leaf_weight=40854.385120585561 20.309015288949013 20.042240679264069 3225.9240822643042 60.563318639993668 5.1757620871067038 35.763811871409416 6.0021480768919018 35.894790515303612 7.0708174109458914 49.514277018606663 11.534462377429007 5.7242560386657706 5.3787656724452964 5.7556586861610475 8.5966920554637891 6.4234938323497754 21.89632785320282 3.8430747389793396 5.9038270264863959 6.3755259513854963 5.6176202148199081 36.329545482993126 5.4020770490169552 9.8104103803634626 8.4708707779645902 13.95075550675392 10.074609264731405 4.4404094517230979 45.862980678677559 25.303281933069229
leaf_count=218428 106 107 17119 329 26 194 32 192 38 264 60 30 28 30 46 33 119 21 32 34 29 199 28 55 45 75 54 23 249 135
internal_value=-3.27078e-06 -9.04938e-05 0.000962144 -0.00662588 0.000131009 -0.00192177 -0.00648655 0.00868041 -0.0236013 -0.0170076 0.0433909 -0.00594523 0.00148381 -0.0067744 -0.00818126 0.00466824 -0.00409948 0.0637931 0.0296714 0.0475771 0.0195461 -0.0152478 -0.0216242 -0.00145958 0.025893 -0.00827243 -0.00328455 0.0324039 -0.00901165 0.00913616
internal_weight=44567.3 40874.4 3692.91 237.553 169.919 164.743 144.434 59.1557 67.6341 85.2781 17.5366 41.619 3455.36 229.436 224.057 79.4989 69.2323 10.2666 23.6526 17.7488 11.9931 144.558 45.5797 23.6834 13.8729 108.229 94.278 13.0371 81.2409 35.3779
internal_count=238160 218535 19625 1271 904 878 772 314 367 458 92 222 18354 1235 1207 426 372 54 125 93 63 781 247 128 73 582 507 69 438 189
is_linear=0
shrinkage=0.05


Tree=236
num_leaves=31
num_cat=0
split_feature=124 117 3 128 116 82 124 132 5 77 91 62 112 90 64 127 76 61 80 48 124 132 144 97 2 135 97 117 77 102
split_gain=1.48644 8.20499 11.8979 8.78282 11.9207 13.0502 9.6314 14.9005 10.405 12.1816 11.0527 13.2452 13.8339 11.2122 11.2325 9.9952 20.1418 12.5936 10.6082 17.5559 10.4083 11.4285 11.1863 14.9009 10.8574 10.8003 11.5816 10.8799 10.6547 10.28
threshold=4.7116856836982839 231.50000000000003 10.500000000000002 -20.499999999999996 105.50000000000001 1.4300338960181029 5.7096398949545621 4.3578167115902966 77.500000000000014 869.90000000000009 1.1000000000000003 -60.499999999999993 2.5000000000000004 2.1000000000000005 5.0000000000000009 -6.4999999999999991 18.932538133424121 -164.49999999999997 1.4387326679038661 5.5000000000000009 4.9071308882720812 4.8410894660894668 42.500000000000007 5.3000000000000016 23.395832907397708 18.475000000000005 5.3000000000000016 254.50000000000003 829.50000000000011 15.500000000000002
decision_type=2 2 2 2 2 2 2 2 2 2 2 2 2 2 2 2 2 2 2 2 2 2 2 2 2 2 2 2 2 2
left_child=-1 2 -2 6 5 -5 15 -8 -9 10 11 12 -10 14 -13 18 -17 -18 19 20 25 -22 -23 24 -24 -3 27 29 -28 -27
right_child=1 3 -4 4 -6 -7 7 8 9 -11 -12 13 -14 -15 -16 16 17 -19 -20 -21 21 22 23 -25 -26 26 28 -29 -30 -31
leaf_value=9.1949562907971127e-05 -0.0025624766663662783 0.097726190329316759 -0.021789938231048338 0.092690510282626024 0.0027104043089837839 0.0065199404658373072 0.08434623161639708 -0.0015774814499164192 0.058471577226145245 -0.048424203743170635 -0.0040085433891279987 0.112442848774284 -0.035444739926358618 -0.0036097967381115365 0.013648719002577964 0.10417802701598489 0.069510565534593866 -0.0074844233548498756 -0.015239775018180919 0.075199111849900746 -0.024608403627621466 -0.004650227666978062 0.12430323978233987 -0.039233475973983314 0.013765364472738484 -0.040599097964275029 0.0077430046379172212 -0.040015728135594841 0.10085747037075124 0.058722263103150985
leaf_weight=40194.664232723415 1721.1756543591619 3.9446901381015769 84.402762562036514 7.7332064360380199 1608.3053211197257 10.174801632761953 5.5759168714284888 317.43104207515717 7.604361653327941 5.6662627458572379 17.419464603066444 12.508578628301626 8.0951849818229658 4.0130391120910636 3.7365167289972296 5.5290112197399131 6.1526066213846198 38.819294095039368 299.12547291815281 7.3780025690793982 68.212965160608292 78.962518557906151 5.4871996939182264 3.6994770765304557 3.7326568216085434 3.8825800120830554 6.7236955016851407 13.207508757710455 5.656928226351738 7.9188970476388931
leaf_count=214672 9280 21 471 40 8596 54 29 1699 41 31 93 66 44 22 20 29 32 209 1610 39 369 424 29 20 20 21 36 71 30 42
internal_value=-3.28756e-06 -0.00087881 -0.00346128 0.000937861 0.00316213 0.0437309 -0.00290817 0.0032092 0.00200749 0.0212811 0.0286807 0.0445168 0.0100453 0.0712313 0.0897193 -0.00709334 0.0141212 0.00304926 -0.00920259 -0.000554047 -0.00332876 -0.00910392 0.00240658 0.0455375 0.079552 0.0190395 0.0107378 -0.00884169 0.0502887 0.0260464
internal_weight=44566.9 4372.28 1805.58 2566.7 1626.21 17.908 940.484 382.05 376.474 59.0434 53.3771 35.9577 15.6995 20.2581 16.2451 558.434 50.5009 44.9719 507.933 208.807 201.429 160.095 91.8819 12.9193 9.21986 41.3343 37.3896 25.009 12.3806 11.8015
internal_count=238160 23488 9751 13737 8690 94 5047 2045 2016 317 286 193 85 108 86 3002 270 241 2732 1122 1083 862 493 69 49 221 200 134 66 63
is_linear=0
shrinkage=0.05


Tree=237
num_leaves=31
num_cat=0
split_feature=124 36 75 79 142 77 118 144 93 34 63 53 137 113 130 73 78 61 127 110 128 64 132 102 116 87 76 144 2 10
split_gain=1.48057 7.50055 9.19129 8.59764 7.14618 17.0914 15.2212 12.9338 14.3077 12.867 9.83777 8.95467 14.1296 12.0453 8.36228 8.26541 12.8756 10.1561 15.9852 8.98463 8.75063 8.47495 8.54117 8.15364 13.2353 12.4251 10.6927 10.5222 9.38708 14.5152
threshold=1.9493318685965375 2.5000000000000004 732.83333333333337 5.9000000000000012 3.5000000000000004 821.90000000000009 0.38655080480203152 9.5000000000000018 -1.0000000180025095e-35 22.500000000000004 -12.999999999999998 6.3250000000000002 2.5000000000000004 14.500000000000002 -0.11393459663742285 -0.052631578947368744 63.838859361425747 -30.499999999999996 -11.499999999999998 1.0000000180025095e-35 -13.499999999999998 9.0000000000000018 4.5747340425531924 52.500000000000007 115.50000000000001 180.50000000000003 116.42832766034677 57.500000000000007 22.839521664725101 5.5000000000000009
decision_type=2 2 2 2 2 2 2 2 2 2 2 2 2 2 2 2 2 2 2 2 2 2 2 2 2 2 2 2 2 2
left_child=1 -1 3 -3 5 9 -6 -8 -9 11 -7 23 13 -13 -12 16 17 -16 19 -19 -18 22 -17 -2 26 -26 27 28 29 -25
right_child=4 2 -4 -5 6 10 7 8 -10 -11 14 12 -14 -15 15 21 20 18 -20 -21 -22 -23 -24 24 25 -27 -28 -29 -30 -31
leaf_value=0.00048038422407270629 0.0030328441103971283 -0.014775352261905459 -0.0011532908848715829 -0.0012800634393427795 3.2360068106870216e-05 0.057625372012523782 -0.030722020474289027 0.011424613485573228 0.11613771922979177 0.081950007614485218 -0.054351937853412281 0.10125544412312537 -0.03415010687024559 0.027792038388405795 -0.013010733199341621 -0.026985853293366027 -0.028249539652414758 0.024947829074060002 -0.016029892166456904 0.10483985099666265 0.048194914383947289 -0.03829063112191624 0.0070884440320041599 0.11142991735779018 0.012124252773936271 -0.043401025061729492 -0.033721601927400181 -0.012248306031231776 0.032387909565667852 0.0082672053723771687
leaf_weight=10366.106754638255 399.42143857479095 248.87414368987083 6351.2441828548908 224.46407854557037 26303.507142595947 6.4141230881214133 4.1077483296394375 5.7538801878690728 7.5331268161535236 6.0350358188152304 8.3339905887842161 7.9976423978805569 6.1473039686679831 18.456208944320679 32.611755266785622 20.154835164546967 85.844466790556908 7.0963342785835284 10.927776396274565 6.9810676574707031 3.9142779707908621 12.422974094748495 210.13853518664837 12.615899190306665 154.30514831840992 10.779176488518713 4.6126828491687766 6.4712344408035269 18.626043647527695 4.6725695729255667
leaf_count=55142 2125 1330 33885 1195 140894 34 22 31 38 32 45 42 33 98 175 108 460 38 59 37 21 67 1119 67 821 58 25 35 99 25
internal_value=-3.36005e-06 -0.000367039 -0.00165422 -0.00837568 0.000225012 0.00426008 6.32805e-05 0.0468197 0.0707922 0.00928205 -0.0038048 0.00860118 0.034134 0.0500018 -0.00479374 -0.00373497 -0.0130752 0.00537096 0.0293444 0.0645668 -0.0249159 0.00193632 0.00410633 0.00723995 0.0151633 0.00849873 0.0385729 0.0464405 0.0570153 0.083548
internal_weight=44566.6 17190.7 6824.58 473.338 27375.9 1054.98 26320.9 17.3948 13.287 650.14 404.84 644.105 32.6012 26.4539 398.426 390.092 147.376 57.6169 25.0052 14.0774 89.7587 242.716 230.293 611.504 212.083 165.084 46.9984 42.3857 35.9145 17.2885
internal_count=238160 91552 36410 2525 146608 5623 140985 91 69 3460 2163 3428 173 140 2129 2084 790 309 134 75 481 1294 1227 3255 1130 879 251 226 191 92
is_linear=0
shrinkage=0.05


Tree=238
num_leaves=31
num_cat=0
split_feature=132 34 75 80 119 135 130 100 131 130 75 24 52 130 34 39 86 73 10 95 92 50 80 51 131 96 77 93 135 76
split_gain=1.49825 8.29399 8.19293 6.742 6.70514 6.9388 8.70656 6.66349 9.18256 6.56067 10.7547 11.726 9.36856 8.5584 11.0732 10.3747 10.7586 10.3423 10.2595 10.961 11.2928 14.349 8.61218 9.05053 11.9846 11.9484 8.09454 7.96445 7.94643 13.6942
threshold=5.924764150943397 23.500000000000004 682.83333333333337 2.8025839046333956 0.3531347036427373 29.525000000000002 0.092764539458940989 4.6000000000000005 268.50000000000006 0.20761950051528241 704.50000000000011 5.5000000000000009 3.2250000000000005 0.1853515857871475 9.5000000000000018 2.5000000000000004 2.1505784891060955 -1.0000000180025095e-35 4.5000000000000009 0.29442087881931134 -1.3999999999999997 1.6250000000000002 2.0928394990612076 2.0250000000000004 292.50000000000006 5.7000000000000002 848.90000000000009 1.4000000000000004 26.125000000000004 15.55274430292252
decision_type=2 2 2 2 2 2 2 2 2 2 2 2 2 2 2 2 2 2 2 2 2 2 2 2 2 2 2 2 2 2
left_child=9 2 4 7 5 6 -2 -4 -9 13 11 12 -11 -1 18 -16 22 -18 19 20 21 -15 23 24 25 -17 -25 -22 -12 -30
right_child=1 -3 3 -5 -6 -7 -8 8 -10 10 28 -13 -14 14 15 16 17 -19 -20 -21 27 -23 -24 26 -26 -27 -28 -29 29 -31
leaf_value=7.9313628151555894e-05 -0.0093387903110575075 -0.031179259016859664 -0.00088819077702808876 0.039299717036695221 -0.0073174793165033435 0.07802750610803523 0.062444341647209523 0.035873543530342014 -0.051154822487143717 0.10495679683402062 -0.00050885416429753932 -0.024644595353451513 0.020719766869444527 -0.0082854074576450068 -0.016525469741838321 0.044650282217834042 -0.0072352015177966182 0.097269063949200193 -0.004862091561749082 -0.032674555448236046 0.043707514457108375 0.093657792774658979 -0.053619731675591566 -0.026016507063971985 -0.013329248808414289 -0.037541116004522784 0.035121573313343916 0.12780404810911167 0.0539942456317557 0.0071967749714908387
leaf_weight=38797.858045861125 10.21412824094296 22.460336714982986 4381.1411235481501 10.396998435258864 12.466451361775396 7.4419929236173621 7.2030981034040442 3.8985853642225292 13.619599997997282 7.2668137699365634 484.35800693929195 4.773537576198577 6.0476390868425369 13.496736004948621 246.34749425947666 29.568471938371658 4.1714704781770706 5.4744885265827161 53.003518983721733 5.8404183238744727 6.2958377152681333 4.6379451900720587 7.8057477474212638 35.885879591107368 24.4451003074646 5.1993054449558249 6.3757471442222586 5.0928234159946442 16.41721136868 327.10666145384312
leaf_count=207228 53 130 23554 56 66 37 36 21 75 34 2571 26 30 71 1323 158 22 29 281 31 33 24 42 194 132 28 34 26 86 1729
internal_value=-3.41008e-06 -0.000871809 -0.000718715 -0.000916192 0.0226081 0.0376152 0.020348 -0.00101125 -0.0317871 9.33725e-05 0.00444986 0.0425899 0.066695 -5.20837e-07 -0.0068284 -0.0106707 0.00145716 0.0520754 0.00905393 0.0299114 0.0422924 0.0177866 -0.00301082 0.000882183 0.0134974 0.0323591 -0.016793 0.0813141 0.00361656 0.00943325
internal_weight=44566.3 4468.84 4446.38 4409.06 37.3257 24.8592 17.4172 4398.66 17.5182 40097.5 845.97 18.088 13.3145 39251.5 453.641 365.274 118.926 9.64596 88.3673 35.3638 29.5233 18.1347 109.28 101.475 59.2129 34.7678 42.2616 11.3887 827.882 343.524
internal_count=238160 24028 23898 23706 192 126 89 23650 96 214132 4476 90 64 209656 2428 1962 639 51 466 185 154 95 588 546 318 186 228 59 4386 1815
is_linear=0
shrinkage=0.05


Tree=239
num_leaves=31
num_cat=0
split_feature=114 113 91 133 61 118 118 100 125 110 100 4 7 61 93 61 128 96 135 86 75 127 53 132 128 45 124 132 61 97
split_gain=1.46885 8.81639 10.5068 11.7644 16.0033 13.5465 10.6176 10.4481 10.5945 10.0796 9.74662 12.288 10.3125 9.62994 12.2892 12.9011 15.4977 9.58351 9.54369 9.4807 11.3592 12.3745 11.0392 10.8401 12.1033 10.7532 10.1626 9.28075 13.51 14.5627
threshold=27.500000000000004 12.500000000000002 1.7000000000000002 7.5000000000000009 -174.49999999999997 0.28191805313077062 0.26348228466646956 -0.59999999999999998 2.5000000000000004 1.0000000180025095e-35 1.4000000000000001 74.500000000000014 6.5000000000000009 -54.499999999999993 -6.5999999999999988 -1.0000000180025095e-35 -23.499999999999996 4.3000000000000016 33.32500000000001 1.0862390382186167 854.16666666666686 -9.4999999999999982 5.9250000000000016 4.8546920821114377 -24.499999999999996 2.5000000000000004 2.9068756483302693 4.7062745098039231 40.500000000000007 6.1000000000000005
decision_type=2 2 2 2 2 2 2 2 2 2 2 2 2 2 2 2 2 2 2 2 2 2 2 2 2 2 2 2 2 2
left_child=-1 2 3 4 -2 6 10 8 18 -9 11 -6 -13 -5 15 16 -15 -12 27 20 21 22 23 24 -16 -23 -27 -4 -29 -30
right_child=1 -3 7 13 5 -7 -8 9 -10 -11 17 12 -14 14 19 -17 -18 -19 -20 -21 -22 25 -24 -25 -26 26 -28 28 29 -31
leaf_value=-0.000179425374886952 -0.041029043336047302 -7.8949690777363512e-05 -0.0075026575402463436 -0.00065595858859786933 -0.047551246706346001 -0.044909630002873992 0.1101491715547856 -0.0015124399750801986 -0.057592692052444765 -0.02417954592472904 0.022079661863513688 0.023384071855657024 0.10850502424725912 0.033797376159179784 -0.011604829591971585 0.015245726055484264 0.13894649792585434 0.12447593166761176 -0.020726255726962548 0.0045010541592004957 -0.027251189518681346 -0.00034097217161066181 0.0031149179648714818 0.11066657476215797 0.10490229715312807 0.088211269538686118 -0.01247605113965632 0.077743092728514221 0.0050676048437618571 0.095433795776773758
leaf_weight=32389.239215381444 7.4135884940624228 10467.244402877986 19.442412659525871 527.7741285264492 5.1091718375682857 4.5289036184549323 5.6145775467157355 114.27882425487041 5.5697849094867697 85.916814044117928 3.9389218837022764 21.862777158617977 4.2498828917741767 10.334169909358023 5.4329089671373367 36.82847572863102 5.3022280931472769 5.4421761780977249 16.368676155805588 697.14284415543079 10.118612706661223 34.572717890143394 7.1463239639997473 10.407277598977087 3.7801855653524452 7.7331550121307355 3.7075946629047394 12.691903352737425 31.436021208763123 5.1950759291648856
leaf_count=173254 39 55812 104 2813 27 24 29 612 30 460 21 113 22 54 29 193 27 28 88 3707 54 184 38 55 20 41 20 66 169 27
internal_value=-3.42213e-06 0.00046474 0.00379405 0.00556929 0.027591 0.0376158 0.0457026 -0.00486209 0.00921558 -0.0112404 0.0367909 0.0233627 0.0372377 0.00462773 0.00797737 0.0314014 0.0694529 0.0814819 0.0135864 0.00640189 0.0223871 0.0292883 0.05632 0.0756989 0.0361987 0.0135636 0.0555816 0.0217541 0.0332867 0.0178835
internal_weight=44565.8 12176.6 1709.34 1418.44 58.16 50.7464 46.2175 290.9 90.7039 200.196 40.6029 31.2218 26.1127 1360.28 832.506 52.4649 15.6364 9.3811 85.1341 780.042 82.8988 72.7802 26.7667 19.6204 9.21309 46.0135 11.4407 68.7654 49.323 36.6311
internal_count=238160 64906 9094 7538 303 264 240 1556 484 1072 211 162 135 7235 4422 274 81 49 454 4148 441 387 142 104 49 245 61 366 262 196
is_linear=0
shrinkage=0.05


Tree=240
num_leaves=31
num_cat=0
split_feature=117 131 131 112 2 0 101 65 130 58 84 76 83 95 102 96 4 53 58 6 4 39 90 67 49 120 101 77 61 117
split_gain=1.47791 1.45573 1.90368 1.7209 11.6955 8.4455 8.20107 9.6357 9.47492 9.38938 9.1912 7.68593 6.53739 7.12633 5.75804 5.59901 5.52911 6.15549 6.37827 4.87318 6.58477 9.74115 5.8602 4.81995 4.13078 4.25203 7.8205 4.31851 3.86086 3.75551
threshold=297.50000000000006 417.50000000000006 409.50000000000006 10.500000000000002 23.658824968358221 998.00000000000011 -1.7999999999999998 3.5000000000000004 0.14632244658195445 0.22500000000000003 1.1509860240645577 13.457742695021233 5.9000000000000012 0.18334712447996224 22.500000000000004 3.7000000000000006 70.500000000000014 6.4250000000000016 0.22500000000000003 35.250000000000007 74.500000000000014 1.5000000000000002 1.0000000180025095e-35 3.5000000000000004 14.500000000000002 0.42070380085930542 -0.59999999999999998 832.70000000000016 -66.499999999999986 135.50000000000003
decision_type=2 2 2 2 2 2 2 2 2 2 2 2 2 2 2 2 2 2 2 2 2 2 2 2 2 2 2 2 2 2
left_child=1 2 3 -1 5 11 8 9 -6 14 -11 -5 13 -12 -8 -13 -17 19 -19 -18 21 -21 -23 24 -22 26 -26 28 -27 -30
right_child=-2 -3 -4 4 6 -7 7 -9 -10 10 12 15 -14 -15 -16 16 17 18 -20 20 23 22 -24 -25 25 27 -28 -29 29 -31
leaf_value=1.9472267660299966e-05 -0.024975387497379906 -0.022815762879887472 0.02606280280406045 0.044410107410974509 0.091802638462734593 0.061191869969622094 0.020113003864263054 0.077980634630743118 -0.0060916303879254416 0.088517767382072607 0.033094480445730483 0.03925762143008734 0.058672750881476249 -0.03633982190894184 -0.049392077350900121 0.021946008206655862 -0.048085675136070968 -0.026985001395361859 0.06314419584991042 0.075348047682127883 -0.057223379258871568 -0.066310215836250061 0.011803087662993006 0.023611105942489653 0.047265642889557508 0.022307923824860239 -0.043417137857235583 -0.054691035711320016 0.0065416113203547793 -0.038647277397384383
leaf_weight=44359.223369836807 5.9241380095481864 6.9901686012744895 7.0070934295654288 5.2193600833415976 6.4772199094295484 3.7417544722557059 3.9693081080913535 4.1248459368944159 3.9970014095306396 3.8248991370201137 5.8441531211137798 4.19095654785633 4.3013280928134909 10.05048358440399 11.952559486031531 7.5201744437217704 19.540105223655701 3.7439203113317481 4.1265228986740112 4.1114131659269324 11.663084104657171 3.6789896786212903 6.9123144149780273 4.4326200932264319 5.198798269033432 4.4816022217273597 4.3810907453298551 13.334468618035315 6.0136990249157121 19.527323573827744
leaf_count=237055 32 39 38 26 32 18 21 22 21 20 30 22 22 55 66 38 108 20 21 21 65 20 37 24 27 24 24 74 32 106
internal_value=-3.47152e-06 -1.51537e-07 3.42816e-06 -6.71018e-07 -0.00479537 -0.0128525 0.0146773 0.00522492 0.0544458 -0.00228848 0.0174481 -0.0150157 0.00398828 -0.0108102 -0.0320645 -0.0175403 -0.0195462 -0.0223536 0.0202703 -0.0256019 -0.0203552 0.0100267 -0.0153303 -0.026826 -0.0302868 -0.0243521 0.00579444 -0.0310131 -0.0204967 -0.0280074
internal_weight=44565.5 44559.6 44552.6 44545.6 186.36 131.818 54.5418 44.0676 10.4742 39.9427 24.0209 128.076 20.196 15.8946 15.9219 122.857 118.666 111.146 7.87044 103.276 83.7354 14.7027 10.5913 69.0327 64.6001 52.937 9.57989 43.3571 30.0226 25.541
internal_count=238160 238128 238089 238051 996 707 289 236 53 214 127 689 107 85 87 663 641 603 41 562 454 78 57 376 352 287 51 236 162 138
is_linear=0
shrinkage=0.05


Tree=241
num_leaves=31
num_cat=0
split_feature=115 75 81 92 32 46 102 131 94 124 101 135 67 52 138 64 80 100 101 127 97 132 102 77 75 59 51 87 100 114
split_gain=1.45657 10.7977 7.89573 9.42037 8.48069 8.87725 8.33836 11.531 7.19241 6.24192 9.71435 6.6298 6.59044 6.59219 13.3726 13.9913 7.67227 6.89826 8.08605 10.4566 14.7502 10.0676 8.01616 7.60215 9.12921 9.36542 13.6132 9.58019 8.63117 9.54475
threshold=63.500000000000007 888.33333333333337 6.7000000000000002 5.8000000000000007 2.7575129852929163 1.5000000000000002 24.500000000000004 320.50000000000006 0.16267562917006018 4.3189502139615783 -1.0000000180025095e-35 41.07500000000001 -3.4999999999999996 3.7750000000000004 1.5000000000000002 3.0000000000000004 0.96159700515946589 -3.3999999999999999 2.6000000000000001 -13.499999999999998 4.7000000000000002 4.7964532328939118 54.500000000000007 836.30000000000007 879.83333333333337 0.32500000000000001 1.9750000000000003 17.833333333333318 1.8000000000000003 33.500000000000007
decision_type=2 2 2 2 2 2 2 2 2 2 2 2 2 2 2 2 2 2 2 2 2 2 2 2 2 2 2 2 2 2
left_child=-1 2 3 9 -5 6 -6 -8 -3 11 -11 12 -2 16 -15 -16 -14 22 23 -20 -21 -22 -18 24 25 -19 27 -27 29 -25
right_child=1 8 -4 4 5 -7 7 -9 -10 10 -12 -13 13 14 15 -17 17 18 19 20 21 -23 -24 28 -26 26 -28 -29 -30 -31
leaf_value=-3.9910420771068598e-05 -0.019159415157183831 0.040792991887638949 0.04836690589612639 -0.051105866795114141 -0.040059193141058907 -0.020497232491341458 0.10938813638025616 0.0074659385381043225 -0.02894831833527239 0.077329758908102716 -0.019202212487424153 -0.044255398090919107 -0.020774967854963751 -0.033773976107135575 0.11238538231572665 -0.0054273036895703007 0.068894996406072551 0.010338262383622831 -0.003315630609762062 0.13824399782724969 -0.031941327460682199 0.067158220008383993 -0.012175374756935909 0.00066789401104185118 0.079369288765131621 0.047811221817171505 -0.033668098055940378 -0.011106578811671515 0.021243620117562267 -0.032106993746510291
leaf_weight=43850.586934827268 27.119656652212143 4.091301664710044 9.7848667204380018 13.147711247205732 3.7091248780488959 33.023195922374725 4.4530088454484922 7.3644198626279831 38.346131533384323 7.1138896495103836 4.1130779236555082 6.9390120059251776 27.074120789766312 4.5202807039022437 6.7896347492933256 4.0075181424617767 9.0563075542449933 297.19312533736229 11.607012718915941 4.2897506505250922 4.1930682659149152 6.5918771475553513 4.5969072431325904 49.02926804125309 4.3744481950998297 12.024430721998216 31.914454653859138 16.188325256109238 21.275124952197075 40.615513905882835
leaf_count=234367 145 21 50 72 20 184 22 40 215 36 22 39 145 24 33 21 46 1560 61 21 22 34 25 258 22 62 173 87 112 221
internal_value=-3.42116e-06 0.00223587 0.00378032 0.00312162 -0.0154837 -0.0058369 0.0253439 0.045872 -0.0222247 0.0050328 0.0419646 0.00432931 0.00490812 0.00608344 0.0384293 0.0686575 0.00516597 0.00653516 0.00557633 0.032356 0.059822 0.0286294 0.0415994 0.00406447 0.00757618 0.00669726 -0.0112993 0.0140045 -0.00738673 -0.0141815
internal_weight=44565.1 714.547 672.109 662.324 61.6975 48.5497 15.5266 11.8174 42.4374 600.627 11.227 589.4 582.461 555.341 15.3174 10.7972 540.024 512.95 499.296 26.6817 15.0747 10.7849 13.6532 472.615 361.695 357.32 60.1272 28.2128 110.92 89.6448
internal_count=238160 3793 3557 3507 338 266 82 62 236 3169 58 3111 3072 2927 78 54 2849 2704 2633 138 77 56 71 2495 1904 1882 322 149 591 479
is_linear=0
shrinkage=0.05


Tree=242
num_leaves=31
num_cat=0
split_feature=135 130 117 81 25 98 38 56 0 108 123 119 76 82 73 35 84 140 132 132 5 53 64 110 122 58 90 94 127 56
split_gain=1.4488 5.06382 4.99136 8.87719 8.97914 8.64655 8.63383 7.30435 8.22166 8.34418 7.16525 11.2038 10.7843 11.2454 8.81243 8.02089 7.05302 8.20971 8.41663 11.7649 7.87914 8.70161 6.71685 6.70004 12.2038 8.26042 12.6885 11.3328 8.23398 11.8087
threshold=17.325000000000006 -0.18414050595841772 238.50000000000003 4.1000000000000005 2.5000000000000004 4.9000000000000012 3.5000000000000004 7.5000000000000009 789.50000000000011 1.0000000180025095e-35 2.4500000000000006 0.3531347036427373 36.502655402809573 1.4230151867921765 -0.052631578947368744 8.5000000000000018 1.5508054040544847 1.5000000000000002 5.0253205128205138 5.4811253561253572 65.500000000000014 5.8250000000000002 -2.9999999999999996 1.0000000180025095e-35 2.8333333333333335 0.27500000000000008 -2.6999999999999997 0.2820949168670337 -11.499999999999998 5.5000000000000009
decision_type=2 2 2 2 2 2 2 2 2 2 2 2 2 2 2 2 2 2 2 2 2 2 2 2 2 2 2 2 2 2
left_child=1 -1 5 -4 -5 7 10 8 -3 16 11 12 -7 -14 -13 -16 -10 18 -18 -20 -21 -22 -11 25 -25 26 -6 -27 29 -29
right_child=-2 2 3 4 23 6 -8 -9 9 22 -12 14 13 -15 15 -17 17 -19 19 20 21 -23 -24 24 -26 27 -28 28 -30 -31
leaf_value=-0.044718597563568586 5.0344246909612599e-05 -0.0035079080888357687 -0.019590820722833639 0.013644520351835516 0.082712086223674139 0.11763031766922437 0.023982337635733333 0.042116531789683831 0.010056763290304211 -0.047090664721847052 -0.0074918707559111846 -0.019646174027267104 0.083469007645840421 -0.012277814405630132 0.089961688205517309 -0.004896797222667202 0.018342895681226597 -0.01048555466457083 0.13346495493095997 -0.0074377094636810005 0.038983699189178669 0.12756455102025652 0.0065074451849775009 0.0046930419824861257 -0.016078787076594353 -0.019607422059122328 0.0041205508838727109 0.0096138416806774846 -0.0013306721210602217 0.11610644981520693
leaf_weight=6.7524239122867575 43033.902715183794 104.55534513294697 80.672566324472427 80.526183247566223 5.2434174120426169 3.9972182214260128 28.273410975933075 15.791354671120642 58.174659550189972 8.1496455073356646 315.55942596495152 24.380996659398079 4.9188578724861136 8.144181087613104 4.0901246517896634 4.8961161822080612 16.610774949193001 7.889853209257125 4.9360544532537487 4.9415607154369381 8.814347103238104 4.0445977300405493 20.672723934054375 104.8715133368969 217.07959619164467 91.540760442614555 249.94127641618252 7.2281936258077604 33.85917329788208 4.0683636665344238
leaf_count=37 229824 569 447 425 27 20 149 81 310 46 1739 133 25 43 21 27 85 42 25 26 45 20 114 568 1213 504 1351 39 184 21
internal_value=-3.42177e-06 -0.00151507 -0.00132363 -0.00378775 -0.00218284 0.0019995 -0.00263863 0.00918242 0.00700446 0.0151926 -0.00469517 0.0128057 0.0457656 0.0237754 -0.00404631 0.0382784 0.0217111 0.036064 0.045398 0.0651638 0.0462239 0.0668455 -0.00864764 -0.0039683 -0.00931263 0.000422347 0.00573541 -0.00949607 0.0110019 0.0479663
internal_weight=44564.5 1530.62 1523.87 875.031 794.358 648.841 394.26 254.581 238.79 134.234 365.987 50.4275 17.0603 13.063 33.3672 8.98624 105.412 47.2372 39.3473 22.7366 17.8005 12.8589 28.8224 713.832 321.951 391.881 255.185 136.696 45.1557 11.2966
internal_count=238160 8336 8299 4779 4332 3520 2157 1363 1282 713 2008 269 88 68 181 48 553 243 201 116 91 65 160 3907 1781 2126 1378 748 244 60
is_linear=0
shrinkage=0.05


Tree=243
num_leaves=31
num_cat=0
split_feature=135 135 116 88 18 2 117 61 50 75 11 130 75 0 120 98 41 74 58 123 2 10 35 132 82 102 135 97 38 84
split_gain=1.43932 7.47453 9.46567 12.8105 15.0826 12.4776 10.0393 8.94777 8.47312 8.12657 9.83793 11.6272 12.6174 10.8243 10.5925 10.1846 13.7431 9.75481 12.5829 8.86638 11.9698 11.4659 12.2072 9.49982 9.97868 8.85462 9.42175 8.6979 8.69771 8.43479
threshold=27.425000000000001 26.525000000000002 141.50000000000003 1.0000000180025095e-35 7.5000000000000009 21.081923536527686 288.50000000000006 35.500000000000007 1.3750000000000002 816.83333333333337 5.5000000000000009 -0.11748371361488831 829.16666666666686 793.50000000000011 0.25135907041070343 4.7000000000000002 1.0000000180025095e-35 1.0000000180025095e-35 0.27500000000000008 3.7750000000000004 25.150546618667544 3.5000000000000004 9.5000000000000018 4.6789083557951487 1.1937171043518962 56.500000000000007 27.025000000000002 6.5000000000000009 2.5000000000000004 1.1067764362830024
decision_type=2 2 2 2 2 2 2 2 2 2 2 2 2 2 2 2 2 2 2 2 2 2 2 2 2 2 2 2 2 2
left_child=1 -1 6 5 -5 -4 9 -7 -6 27 11 12 -11 19 -12 -16 -17 18 -18 21 23 22 28 -21 -25 26 -19 -3 -13 -14
right_child=-2 2 3 4 8 7 -8 -9 -10 10 14 13 29 -15 15 16 17 25 -20 20 -22 -23 -24 24 -26 -27 -28 -29 -30 -31
leaf_value=8.4695645662429441e-06 -0.000360036512325247 -0.0016611784566634734 0.078422016598478583 0.080332951370462466 0.046173763642774188 -0.0076009133200676806 0.082714700258866278 0.04516060325510541 -0.017417577123491786 0.074045871128979757 -0.01955692473471482 0.027467941888719628 0.064898391419455623 0.00072614281725244165 -0.020079254092261477 -0.066429846068799023 -0.020801872226593323 0.073622830096954694 0.065081690771534473 -0.0084354867766630003 0.071300020394250152 -0.0076057784456384772 0.087613298377727286 -0.012380712071086417 0.034626346721964567 0.10247466028541788 -0.01836438386455784 0.032175604010268859 -0.054809302437556232 0.0097803099960746178
leaf_weight=25543.036451622844 17306.088493920863 861.05708546191454 13.379702433943747 5.3479302227497092 6.0809564739465705 14.813102737069128 3.8931060284376136 17.563026636838913 37.799890249967575 12.443134009838102 69.666487261652946 16.249859049916275 8.1879526972770673 324.87800464034081 20.348266437649727 3.8825600445270529 12.90389756858349 5.999638646841051 6.3701798617839804 24.498856723308563 12.140052303671835 65.960653230547905 7.0456112325191489 13.477315604686735 69.557122498750687 7.0521598160266867 5.1931329965591431 19.420602381229401 4.0034208148717871 45.580043286085129
leaf_count=136225 92880 4586 65 27 31 77 19 91 200 61 371 84 41 1719 109 21 68 31 33 128 62 345 36 70 359 37 28 100 21 235
internal_value=-3.4191e-06 0.000222999 0.00341856 0.0187593 0.00105656 0.0378056 0.00251899 0.0210205 -0.00860516 0.00232578 0.0062055 0.00890291 0.0286739 0.00646885 -0.00619247 0.00888537 0.0231211 0.032388 0.00758308 0.0152307 0.0242374 0.0036729 0.0309249 0.0189243 0.0269966 0.0585921 0.0309433 -0.000914844 0.0112044 0.0181739
internal_weight=44563.9 27257.8 1714.79 94.9846 49.2288 45.7558 1619.81 32.3761 43.8808 1615.92 735.438 604.022 66.2111 537.811 131.416 61.7498 41.4016 37.519 19.2741 212.933 119.673 93.2595 27.2989 107.533 83.0344 18.2449 11.1928 880.478 20.2533 53.768
internal_count=238160 145280 9055 491 258 233 8564 168 231 8545 3859 3161 337 2824 698 327 218 197 101 1105 619 486 141 557 429 96 59 4686 105 276
is_linear=0
shrinkage=0.05


Tree=244
num_leaves=31
num_cat=0
split_feature=117 26 66 2 131 74 95 97 108 10 11 2 92 90 142 24 3 122 130 59 77 132 131 117 60 130 72 85 133 132
split_gain=1.48214 6.96875 6.94904 12.2025 12.2968 13.1133 10.5369 10.0767 8.27983 9.55546 12.55 11.6325 11.4312 10.2225 9.90387 7.36388 7.18983 7.10449 6.9612 6.85265 6.33699 11.6342 10.6089 9.07543 11.091 9.41105 8.03708 8.28499 7.3804 10.8535
threshold=280.50000000000006 8.5000000000000018 1.0000000180025095e-35 23.7028215567051 313.50000000000006 1.5000000000000002 0.27938435253955557 4.5000000000000009 1.0000000180025095e-35 6.5000000000000009 5.5000000000000009 24.622499819492358 3.8000000000000003 -1.2999999999999998 9.5000000000000018 5.5000000000000009 2.5000000000000004 3.1666666666666674 0.067211977707296755 0.32500000000000001 839.90000000000009 4.8046129374337232 273.50000000000006 286.50000000000006 0.52500000000000013 0.031757299240727156 1.5000000000000002 5.7000000000000002 8.5000000000000018 4.827254641909815
decision_type=2 2 2 2 2 2 2 2 2 2 2 2 2 2 2 2 2 2 2 2 2 2 2 2 2 2 2 2 2 2
left_child=-1 2 3 4 5 6 7 -2 9 14 11 12 18 -12 20 -9 -5 -14 -11 -17 22 -22 23 24 25 -4 -23 -28 -25 -30
right_child=1 -3 8 16 -6 -7 -8 15 -10 10 13 -13 17 -15 -16 19 -18 -19 -20 -21 21 26 -24 28 -26 -27 27 -29 29 -31
leaf_value=2.4072137542334417e-05 -0.0052665918099061857 0.038014041098490423 -0.040230736100986875 -0.0016714799431951457 -0.032856097474489712 -0.011131156134397279 -0.019503610511888494 0.1080605504367621 -0.020896966163868921 -0.049818893924091667 -0.06506346923855591 0.090453839654049795 0.10631359215481853 0.020578717839754068 0.071258698190348496 0.009074013060998469 -0.064842997029531085 0.019161768944590679 0.034696168601411843 0.097089227072246362 -0.023494632066858465 0.0044727445952168479 -0.026993407420921347 -0.0054149895061989684 0.036630773684071249 0.021347555077810595 0.10017627261247322 0.019226707519842765 0.082780986438774073 -0.0058707738718219282
leaf_weight=44161.25038703531 4.073425740003592 10.084552496671675 27.480365797877312 14.678467124700548 7.7516321241855612 10.690155208110808 4.178380385041236 11.174035131931307 81.701568737626076 6.437344849109655 6.5141875594854355 7.8262997865676871 4.2360941320657712 7.4914111495017988 3.9613727927207938 5.0928526371717435 6.4981932491064063 5.219890832901001 3.9201646596193314 3.9088142216205597 19.632337018847466 18.327639684081081 74.999475702643394 12.312946230173113 8.7124016284942609 8.0142424553632718 5.8154539912939054 6.9244561940431595 8.6315172612667066 5.7541000694036475
leaf_count=235974 22 50 152 80 45 57 22 55 449 36 37 40 22 41 21 26 37 28 21 20 106 100 419 67 47 44 29 37 45 31
internal_value=-3.44112e-06 -0.00302555 -0.00408144 0.0104439 0.0246763 0.036077 0.0538296 0.0664657 -0.00713284 -0.00248999 0.0193043 0.0388429 0.0184566 -0.0192546 -0.00701535 0.0809483 -0.0210561 0.0582041 -0.0178312 0.0472931 -0.00859248 0.00663562 -0.013884 -1.77536e-05 -0.0139193 -0.0263271 0.0256757 0.0561782 0.0230001 0.0473212
internal_weight=44563.3 402.044 391.959 68.046 46.8693 39.1177 28.4275 24.2491 323.913 242.212 41.6454 27.6398 19.8135 14.0056 200.566 20.1757 21.1767 9.45598 10.3575 9.00167 196.605 50.6999 145.905 70.9056 44.207 35.4946 31.0675 12.7399 26.6986 14.3856
internal_count=238160 2186 2136 364 247 202 145 123 1772 1323 225 147 107 78 1098 101 117 50 57 46 1077 272 805 386 243 196 166 66 143 76
is_linear=0
shrinkage=0.05


Tree=245
num_leaves=31
num_cat=0
split_feature=132 90 64 113 132 115 66 44 62 96 130 65 84 121 126 34 111 105 53 23 11 51 41 118 115 118 40 0 2 97
split_gain=1.44284 7.85536 7.18687 11.2369 11.114 14.1497 15.6933 12.6583 11.6066 11.0568 10.9092 11.7507 10.2986 11.2174 11.0132 9.88139 9.65345 15.2647 10.1682 10.5085 10.5063 7.96095 7.33033 8.52403 6.21222 7.32542 6.10665 6.06515 8.35894 7.54623
threshold=4.4891252955082752 -4.9999999999999991 7.0000000000000009 12.500000000000002 4.4512966476913354 52.500000000000007 2.5000000000000004 2.5000000000000004 -6.4999999999999991 5.5000000000000009 0.029444709359187183 -1.0000000180025095e-35 1.1509860240645577 7.5000000000000009 10.500000000000002 11.500000000000002 1.5000000000000002 1.0000000180025095e-35 5.5250000000000012 6.5000000000000009 4.5000000000000009 1.925 1.5000000000000002 0.21388057854312389 49.500000000000007 0.16786986558232478 2.5000000000000004 864.50000000000011 23.195904809977474 5.5000000000000009
decision_type=2 2 2 2 2 2 2 2 2 2 2 2 2 2 2 2 2 2 2 2 2 2 2 2 2 2 2 2 2 2
left_child=1 -1 -3 4 5 10 8 9 -7 24 12 -12 13 14 -4 -13 17 -5 19 -18 -21 -20 23 -9 25 -6 -23 -14 -29 -30
right_child=-2 2 3 16 7 6 -8 22 -10 -11 11 15 27 -15 -16 -17 18 -19 21 20 -22 26 -24 -25 -26 -27 -28 28 29 -31
leaf_value=0.064042812934536605 -8.0748636597251618e-05 0.00013707941315897783 -0.039750212226531308 -0.012976959727400149 -0.03468662205743879 -0.036391624835475332 0.12540239113539695 0.0020914706915865196 0.073996036728950054 0.067534922355348276 -0.0046105483381219852 0.11486988083705454 -0.02047793283401134 0.10574067799445463 0.064733854133323762 0.025081928475595351 -0.017152999663140087 0.067833024390454549 -0.051486731346862574 0.077481177166036364 0.0076080636803553224 0.0038045893698566337 0.098413094966971204 0.095641398404669301 -0.049477571778777679 0.045985376918774884 -0.032940493496599221 -0.02206254355991609 0.096207020890262507 0.0099901421453778769
leaf_weight=4.9401053339242926 41499.264323063195 2754.7374942451715 5.6638924330472928 12.027602881193161 4.6848378181457573 4.9012488126754752 5.1734562665224066 6.3398411273956317 4.6313386410474768 6.9054031372070304 10.57992182672024 5.7782063484191877 55.675759561359882 3.979111596941947 4.5465766936540604 6.5239399671554565 20.21911059319973 11.366414695978165 16.78914675116539 8.248448923230173 15.469460576772688 27.436590805649757 9.8171550929546338 3.9534178823232651 5.8026448190212241 7.0467579960823059 19.233112320303917 9.9823177158832568 3.9728521704673749 7.0269881933927536
leaf_count=26 221782 14739 31 64 25 26 27 32 25 34 58 31 299 20 24 35 109 59 91 43 83 146 49 20 31 37 103 53 21 37
internal_value=-3.4489e-06 0.0010437 0.000941941 0.00824069 0.0166025 0.0091383 0.0552902 0.0381213 0.0172394 0.0139446 0.00317053 0.0340265 -0.00460125 0.0345275 0.00677506 0.0672545 -0.00281881 0.0262861 -0.00915871 0.00933094 0.031908 -0.0219604 0.0675027 0.038022 -0.00716051 0.0137702 -0.0113385 -0.0118441 0.0110657 0.0411294
internal_weight=44562.7 3063.45 3058.51 303.776 172.986 128.436 14.706 44.5501 9.53259 24.4396 113.73 22.8821 90.8475 14.1896 10.2105 12.3021 130.79 23.394 107.396 43.937 23.7179 63.4588 20.1104 10.2933 17.5342 11.7316 46.6697 76.6579 20.9822 10.9998
internal_count=238160 16378 16352 1613 915 687 78 228 51 127 609 124 485 75 55 66 698 123 575 235 126 340 101 52 93 62 249 410 111 58
is_linear=0
shrinkage=0.05


Tree=246
num_leaves=31
num_cat=0
split_feature=131 116 62 131 32 57 125 117 77 53 130 87 93 59 87 75 87 84 96 115 88 84 117 102 53 132 62 118 119 99
split_gain=1.43145 5.23084 5.88406 6.55694 12.3875 10.8256 9.91535 10.4803 8.4871 9.98586 8.25646 7.92017 10.7984 8.49034 7.73118 9.15192 9.51528 12.356 9.41459 9.21317 8.44622 9.71776 6.64857 6.45398 9.96908 11.678 9.1655 9.04307 7.73844 7.3341
threshold=342.50000000000006 58.500000000000007 224.50000000000003 348.50000000000006 2.6130929119922102 0.12500000000000003 1.5000000000000002 252.50000000000003 820.10000000000014 5.4250000000000016 0.035363186647707774 146.50000000000003 -0.99999999999999989 0.22500000000000003 63.166666666666693 877.50000000000011 77.500000000000014 1.9608667406307008 4.1000000000000005 63.500000000000007 4.1000000000000005 1.5247518723079387 199.50000000000003 54.500000000000007 5.6750000000000016 6.1679487179487191 6.5000000000000009 0.30320716330537195 0.47228300986288707 4.7000000000000002
decision_type=2 2 2 2 2 2 2 2 2 2 2 2 2 2 2 2 2 2 2 2 2 2 2 2 2 2 2 2 2 2
left_child=-1 -2 3 4 5 -3 8 -8 9 -7 -6 14 13 -13 20 16 17 18 -16 22 -5 -22 -20 26 -25 27 -18 -26 -29 -28
right_child=1 2 -4 11 10 6 7 -9 -10 -11 -12 12 -14 -15 15 -17 23 -19 19 -21 21 -23 -24 24 25 -27 29 28 -30 -31
leaf_value=4.2848914488465334e-05 0.05919541146388696 0.082118281262764145 -0.020622120569852579 -0.0011531281289001861 -0.031449407771057078 0.080110923422782782 -0.0026569779459522727 0.094470127235783893 -0.026550434378338039 0.0012282782874085527 -0.0083350793618255214 0.051573804768170389 -0.042254063998928837 -0.018922754382142248 0.11096721710672564 0.088063789936589351 0.057454640109260803 -0.052416341513275656 0.060589733621117574 0.074617586046521051 0.09820005642958235 -0.0013523505778086787 -0.0067125471736791762 -0.014074431509508059 0.06830440323620228 0.11384032066111305 -0.0325603662596936 -0.013295969422202051 0.06862888727599406 0.0011320207788949241
leaf_weight=43402.921227395535 3.5115062594413748 4.8610455244779578 40.590360879898071 624.42355408519506 51.597941115498543 4.7283275872468975 5.3425486385822278 5.7844479233026505 23.612496167421341 26.483002156019211 153.7702270373702 7.1018427461385754 23.890114232897758 10.714808717370031 4.4068249315023449 3.8386765569448462 5.4460984468460074 3.78538554906845 5.0833367109298768 8.6590901613235456 4.6339970380067808 5.2044102698564529 13.193578764796255 15.379525512456892 7.675655245780951 4.1030627340078345 23.867144674062729 14.168611630797388 3.6186201125383368 49.965940877795219
leaf_count=231835 18 24 226 3396 291 25 28 29 129 143 856 38 136 60 22 20 27 21 27 44 22 28 71 85 40 21 131 78 19 270
internal_value=-3.46792e-06 -0.00173731 -0.00192241 -0.00124187 -0.00792444 0.010109 0.00480145 0.0478352 -0.00393265 0.0131785 -0.0141425 0.000957456 -0.020283 0.00917767 0.00206833 0.011774 0.00993625 0.0329124 0.0432178 0.0321338 -0.000428876 0.0455379 0.0120062 0.00343906 0.0185752 0.0355589 -0.00514204 0.0229447 0.00337076 -0.00975932
internal_weight=44562.4 1159.44 1155.93 1115.34 276.18 70.8119 65.9508 11.127 54.8238 31.2113 205.368 839.16 41.7068 17.8167 797.454 163.192 159.353 35.1282 31.3428 26.936 634.262 9.83841 18.2769 124.225 44.9455 29.5659 79.2792 25.4629 17.7872 73.8331
internal_count=238160 6325 6307 6081 1525 378 354 57 297 168 1147 4556 234 98 4322 876 856 185 164 142 3446 50 98 671 243 158 428 137 97 401
is_linear=0
shrinkage=0.05


Tree=247
num_leaves=31
num_cat=0
split_feature=131 101 43 65 89 142 122 114 131 2 75 117 93 143 114 52 124 115 135 39 82 112 130 130 87 86 117 62 116 117
split_gain=1.44881 6.26247 7.67347 7.29369 9.03008 10.9227 10.181 8.83802 11.9425 12.0407 7.41254 7.25822 6.9008 10.8004 7.80171 10.2086 9.35358 7.99743 14.282 10.3316 12.302 9.97995 10.0327 10.8545 9.55148 17.5971 9.28852 9.22494 8.78442 9.84608
threshold=274.50000000000006 -1.7999999999999998 4.5000000000000009 -2.4999999999999996 4.7000000000000002 4.5000000000000009 4.166666666666667 21.500000000000004 296.50000000000006 20.014994377655814 676.83333333333337 288.50000000000006 -0.99999999999999989 9.5000000000000018 33.500000000000007 3.7250000000000005 0.69039350469423222 51.500000000000007 31.125000000000004 1.5000000000000002 0.96159700515946589 4.5000000000000009 -0.01113458314100063 -0.020044418825275908 73.500000000000014 1.2668844090561522 250.50000000000003 56.500000000000007 76.500000000000014 269.50000000000006
decision_type=2 2 2 2 2 2 2 2 2 2 2 2 2 2 2 2 2 2 2 2 2 2 2 2 2 2 2 2 2 2
left_child=-1 2 11 4 6 -6 7 8 9 -3 -8 -2 13 -9 17 16 -16 18 -14 21 -21 -19 23 24 27 -26 -20 -23 -22 -30
right_child=1 3 -4 -5 5 -7 10 12 -10 -11 -12 -13 14 -15 15 -17 -18 19 26 20 28 22 -24 -25 25 -27 -28 -29 29 -31
leaf_value=-0.00017721091004709784 -0.0012811604966903112 -0.01205301616250125 -0.01973259097113985 0.0015297695578237189 -0.012828550701157538 0.080650257698398065 0.040593637181615738 -0.0075060924372744369 -0.020333294847083426 0.068813072241337883 -0.0098594280419497179 -0.040545051574245733 -0.01580626611157596 0.05613667110516786 0.042322918636003556 0.067039005259285703 -0.024840260692061147 -0.038767987137359704 0.04935227888032772 0.070032245264503176 0.074543650498775413 0.022585735886466361 -0.005159538459381191 0.10378135425598825 0.065164186396932514 -0.028944116391247606 -0.02128360098971202 0.10930962407241263 0.0067926513692487776 0.039287902601030121
leaf_weight=32493.366961039603 2006.6693159416318 6.4334335178136852 59.483208566904068 8587.8520226553082 5.5687239468097669 7.1209229379892349 7.4041493982076636 341.89829388260841 9.7749113887548429 16.180572181940079 434.18985851109028 11.83964194357395 90.431871384382248 6.7988131344318381 5.7197889238595954 3.6950095593929282 55.328179389238358 15.872526392340658 15.925318181514742 9.8403143286704999 5.6088459789752951 11.143029525876043 111.39636781811714 3.7980547696351996 6.8028869479894665 18.410258367657661 6.5758716762065879 4.2305612713098517 175.49410630762577 26.881893426179886
leaf_count=173725 10702 35 318 45827 30 38 39 1829 53 86 2342 66 485 35 29 19 301 84 85 52 29 59 601 20 36 98 35 22 935 145
internal_value=-3.46207e-06 0.000464346 -0.00203305 0.000983803 -0.00235922 0.039628 -0.00274258 0.000177769 0.0258464 0.0458076 -0.00901349 -0.00151146 -0.000729997 -0.0062652 0.00267315 -0.0136629 -0.0185475 0.00477828 -0.00693683 0.00817519 0.0154043 -0.000998417 0.00284992 0.022952 0.015388 -0.00355228 0.0287093 0.0464507 0.0128197 0.011109
internal_weight=44561.7 12068.4 2077.99 9990.38 1402.52 12.6896 1389.83 948.241 32.3889 22.614 441.594 2018.51 915.852 348.697 567.155 64.743 61.048 502.412 112.933 389.479 217.825 171.654 155.781 44.3848 40.5867 25.2131 22.5012 15.3736 207.985 202.376
internal_count=238160 64435 11086 53349 7522 68 7454 5073 174 121 2381 10768 4899 1864 3035 349 330 2686 605 2081 1161 920 836 235 215 134 120 81 1109 1080
is_linear=0
shrinkage=0.05


Tree=248
num_leaves=31
num_cat=0
split_feature=131 95 96 135 115 118 133 144 96 2 86 87 130 90 17 118 32 124 0 98 76 144 39 123 105 135 60 51 119 88
split_gain=1.45245 4.97768 5.23887 9.08144 5.19705 5.12578 8.75444 5.06177 9.12973 9.54437 8.22143 8.17958 8.97657 8.90599 8.28975 9.85857 6.57038 5.15238 10.3058 8.55448 13.8971 12.3344 9.17216 9.95309 9.01767 8.9372 8.19329 8.09278 11.5356 8.84641
threshold=219.50000000000003 0.41961554625613479 5.3000000000000016 29.625000000000004 47.500000000000007 0.21836778143693192 8.5000000000000018 2.5000000000000004 4.5000000000000009 23.633662417912721 1.3583065237492995 124.50000000000001 0.16533374177847829 0.70000000000000007 9.5000000000000018 0.21233590692045087 3.1975576683907083 4.2047484469108518 921.50000000000011 5.5000000000000009 77.000684937205094 39.500000000000007 3.5000000000000004 5.1000000000000005 1.0000000180025095e-35 23.425000000000001 0.57500000000000007 1.925 0.18526139429017677 -1.4999999999999998
decision_type=2 2 2 2 2 2 2 2 2 2 2 2 2 2 2 2 2 2 2 2 2 2 2 2 2 2 2 2 2 2
left_child=1 7 4 5 -3 6 -4 8 10 11 -1 12 14 -14 -10 -16 -12 -9 -19 22 21 -21 23 -20 -25 -24 27 28 29 -26
right_child=-2 2 3 -5 -6 -7 -8 17 9 -11 16 -13 13 -15 15 -17 -18 18 19 20 -22 -23 25 24 26 -27 -28 -29 -30 -31
leaf_value=-0.012145084764844171 -0.00016663919635364903 -0.017520782758941072 0.050196374501585622 -0.029893353570638811 0.031945245915251178 0.061945377414159411 -0.031014596523105786 0.0011026084064497288 -0.03650159263144525 -0.030473906338525637 0.11103688606570715 -0.034249903210968803 0.028444365151557939 0.12270185588227023 0.063259364523541806 -0.021479138336590532 0.027789123185527079 -0.0027424237122816953 -0.024422000016862573 0.082828247880713288 -0.0055701811419367059 0.023013501139696767 0.076961977298220477 0.019210068213828525 0.0241028389131412 0.0017545940317888623 0.046417009329446486 -0.021174576396727287 0.068032220636640592 -0.051838100789901712
leaf_weight=3.6944303363561621 33588.771099589765 94.451098024845123 6.637003526091581 10.102977633476256 5.6261498481035224 7.2170758545398703 6.6369022727012634 8449.7155767381191 6.6712863743305268 13.883392527699469 5.5550687462091428 6.2563102990388861 6.2396719455718976 4.1881527155637741 8.9676592051982862 5.5607117265462866 4.1341228038072586 2063.9926643669605 35.303119942545891 12.561811059713362 25.272103294730186 27.456869676709175 7.85207451879978 64.160931013524532 8.7015402764081955 7.9493803977966309 6.8912999033927909 53.154358297586441 6.9713210314512244 6.8568282723426828
leaf_count=20 179607 522 33 58 31 36 34 45016 36 76 28 34 33 22 46 30 21 11085 189 65 136 144 40 336 46 42 35 286 36 37
internal_value=-3.48462e-06 0.000495953 -0.0092045 0.00890258 -0.0147399 0.0280307 0.0095912 0.000612866 0.0145077 0.00499071 0.0513188 0.0179875 0.0283208 0.0663012 0.00963867 0.0308258 0.0755173 0.000528866 -0.00155438 0.00776462 0.0234578 0.0417893 0.00258559 -0.000586264 0.00514835 0.0391267 -0.00577759 -0.0105301 0.0145835 -0.00936558
internal_weight=44561.4 10972.7 130.671 30.594 100.077 20.491 13.2739 10842 65.1508 51.7672 13.3836 37.8838 31.6275 10.4278 21.1997 14.5284 9.68919 10776.8 2327.12 263.132 65.2908 40.0187 197.841 182.039 146.736 15.8015 82.5753 75.684 22.5297 15.5584
internal_count=238160 58553 714 161 553 103 67 57839 346 277 69 201 167 55 112 76 49 57493 12477 1392 345 209 1047 965 776 82 440 405 119 83
is_linear=0
shrinkage=0.05


Tree=249
num_leaves=31
num_cat=0
split_feature=130 100 132 115 25 79 87 62 40 49 38 69 131 80 132 90 5 144 46 61 117 72 102 75 23 117 87 57 120 17
split_gain=1.45882 8.23437 9.02278 15.1867 11.6385 8.1895 9.72577 9.86254 7.59356 7.45445 6.50236 6.38347 12.2393 9.75409 13.48 7.78415 11.8203 7.39652 6.2878 6.2756 11.1329 6.60084 8.19906 6.25091 5.76726 11.995 8.33201 5.99064 5.49019 8.2007
threshold=0.26972891236480273 -0.59999999999999998 6.0396078431372553 38.500000000000007 4.5000000000000009 6.1000000000000005 73.500000000000014 115.50000000000001 2.5000000000000004 19.500000000000004 1.0000000180025095e-35 -1.0000000180025095e-35 265.50000000000006 1.3509142006662127 5.90976933514247 -1.2999999999999998 75.500000000000014 15.500000000000002 1.0000000180025095e-35 -73.499999999999986 241.50000000000003 1.5000000000000002 33.500000000000007 832.83333333333337 3.5000000000000004 247.50000000000003 -39.166666666666679 0.22500000000000003 0.67958604297255509 11.500000000000002
decision_type=2 2 2 2 2 2 2 2 2 2 2 2 2 2 2 2 2 2 2 2 2 2 2 2 2 2 2 2 2 2
left_child=-1 18 3 -3 -5 6 7 10 9 19 -6 15 -13 14 -14 17 -17 23 -2 -4 21 22 -21 -12 25 27 -27 -20 29 -26
right_child=1 2 8 4 5 -7 -8 -9 -10 -11 11 12 13 -15 -16 16 -18 -19 24 20 -22 -23 -24 -25 28 26 -28 -29 -30 -31
leaf_value=2.1878585405187416e-05 -0.046196691866962347 0.076424669278675028 -0.055862210708626098 -0.012415204045014609 0.070703104970636241 0.059732086753133531 -0.034122299117357521 0.090081850400644259 -0.041233489528957112 0.059442208163469949 -0.048614103270748971 0.053275309571579457 -0.029001341791393978 -0.04351127983839996 0.086979716174118676 0.077255922494461823 -0.0043369010592056003 0.046142596837873355 0.024447008403160234 -0.044925004566245402 -0.037525104355970069 0.074084624587446968 0.050144219509801663 0.022780397826068725 -0.033128303716010936 0.0065390711196561457 0.09451296147671992 -0.051379440011113955 0.0016542849357569116 0.018123997379608174
leaf_weight=44213.768476076424 13.252255290746687 7.761213392019271 6.09749308228493 61.098165139555931 4.5102925300598136 9.3695453852415067 10.712095648050306 4.318748638033866 18.582643866539001 4.3594487309455863 7.8880556523799843 6.8894329965114585 6.2709325999021548 17.837637051939964 4.1720538735389709 11.568239539861688 7.2023914754390708 6.0489656329154959 4.1495972275733966 4.4310297220945376 10.860675811767576 5.2702243626117697 4.6456506550312042 5.0151025354862213 47.358766593039036 5.3438655138015747 5.4224085360765439 6.9968428611755371 30.397462949156761 9.3449064940214139
leaf_count=236280 76 38 36 333 22 45 58 21 106 24 42 35 33 100 22 59 39 31 21 24 63 28 25 27 265 28 27 39 163 50
internal_value=-3.47213e-06 -0.00323195 0.00244557 0.00809175 0.00483613 0.0151897 0.0106746 0.0165466 -0.0153175 -0.00181416 0.0124437 0.00883882 -0.00648515 -0.0210434 0.017334 0.0231258 0.0459483 0.000521855 -0.0136758 -0.0103445 0.000665796 0.0295765 0.00373358 -0.020865 -0.00972243 0.0132062 0.0508469 -0.0231508 -0.0154908 -0.0246818
internal_weight=44560.9 347.176 224.91 170.663 162.902 101.803 92.4339 81.7219 54.2472 35.6645 77.4031 72.8928 35.1701 28.2806 10.443 37.7228 18.7706 18.9521 122.266 31.3051 25.2076 14.3469 9.07668 12.9032 109.014 21.9127 10.7663 11.1464 87.1011 56.7037
internal_count=238160 1880 1211 905 867 534 489 431 306 200 410 388 190 155 55 198 98 100 669 176 140 77 49 69 593 115 55 60 478 315
is_linear=0
shrinkage=0.05


end of trees

feature_importances:
distance_to_last_draw_mean=226
cooccur_with_last_draw_mean=218
ema_short_minus_ema_long=194
cooccur_with_last_draw_sum=189
std_gap_last_5=175
freq_last_1000=153
rank_by_cooccur_score=151
roll3_sum_mean=147
ema_freq_alpha_0_05=142
num=137
ema_freq_alpha_0_2=137
avg_gap_last_5=132
roll3_sum_std=131
roll10_zone_C_std=125
roll5_sum_mean=122
freq_last_500=119
roll10_zone_D_std=118
std_all=116
gap_std=114
avg_gap_last_3=111
ema_freq_alpha_0_1=109
recent_freq_20=101
roll5_sum_std=101
delta_gap_mean_1=99
freq_20_minus_100=97
delta_sum_1=95
sim_top5_mean_score=94
freq_last_100=93
roll10_zone_B_std=92
roll10_zone_A_std=91
sim_following_odd_even_mean=83
freq_last_200=81
sum_vs_roll3_mean=80
freq_10_minus_50=76
sum_all=74
zone_B_vs_roll5_mean=73
odd_even_vs_roll5_mean=70
sim_following_big_small_mean=70
delta_sum_3=69
recent_freq_10=65
span=63
roll5_zone_C_mean=62
zone_A_vs_roll5_mean=61
zone_D_vs_roll5_mean=61
sim_following_zone_A_mean=61
roll5_zone_D_mean=60
big_small_vs_roll5_mean=58
roll5_zone_B_mean=55
sim_top1_score=55
gap_since_last_seen=55
zone_C_vs_roll5_mean=54
sim_following_zone_B_mean=54
same_tail_pair_cnt=52
sim_following_zone_D_mean=51
max_gap_last_5=50
median=47
delta_odd_even_1=47
sim_following_zone_C_mean=47
abs_delta_zone_C_1=44
freq_last_50=44
delta_consecutive_pairs_1=43
rank_by_recent_freq=43
shift_p1_hit_rate=42
recent_freq_3=41
cold_score_cnt=41
abs_delta_zone_A_1=41
delta_zone_C_1=41
max_num=40
gap_max=39
zone_range=38
recent_freq_5=38
shift_pm1_hit_rate=38
distance_to_last_draw_min=38
big_even_cnt=36
small_odd_cnt=36
min_num=35
shift_m1_hit_rate=33
roll5_zone_A_mean=33
count_close_to_last_draw_within_3=32
big_odd_cnt=31
delta_zone_B_1=31
consecutive_pairs=30
cand_in_prev_plus2=30
tail_1_cnt=29
tail_8_cnt=29
tail_9_cnt=29
num_is_odd=29
min_gap_last_5=29
shift_p2_hit_rate=28
delta_big_small_1=28
delta_zone_A_1=27
tail_3_cnt=26
tail_4_cnt=26
delta_zone_D_1=26
cooccur_with_last_draw_max=26
gap_lt_3_cnt=25
tail_6_cnt=25
small_even_cnt=24
hot_score_max=23
tail_2_cnt=22
zone_D_cnt=21
odd_cnt=21
abs_delta_zone_D_1=21
freq_last_20=21
rank_by_gap_inverse=21
zone_C_cnt=20
count_close_to_last_draw_within_2=18
tail_7_cnt=17
tail_unique_cnt=17
zone_B_cnt=16
max_consecutive_run=16
cand_in_prev_pm1=16
count_close_to_last_draw_within_1=15
pair_score_with_last_5_draws=15
small_cnt=14
gap_ge_8_cnt=14
tail_5_cnt=14
abs_delta_zone_B_1=14
num_norm=13
freq_last_10=13
is_double_zone_shake=12
tail_0_cnt=12
zone_A_cnt=11
cand_in_prev_plus1=11
big_cnt=9
tail_max_cnt=9
hot_score_mean=8
adjacent_count_vs_last_draw=7
cand_in_prev_minus1=6
even_cnt=5
gap_mean=5
mean_all=4
dominant_zone=4
is_adjacent_to_last_draw=4
num_zone=2
is_single_zone_burst=1
big_minus_small=1

parameters:
[boosting: gbdt]
[objective: binary]
[metric: binary_logloss]
[tree_learner: serial]
[device_type: cpu]
[data_sample_strategy: bagging]
[data: ]
[valid: ]
[num_iterations: 250]
[learning_rate: 0.05]
[num_leaves: 31]
[num_threads: 8]
[seed: 42]
[deterministic: 0]
[force_col_wise: 0]
[force_row_wise: 0]
[histogram_pool_size: -1]
[max_depth: -1]
[min_data_in_leaf: 20]
[min_sum_hessian_in_leaf: 0.001]
[bagging_fraction: 0.9]
[pos_bagging_fraction: 1]
[neg_bagging_fraction: 1]
[bagging_freq: 0]
[bagging_seed: 400]
[bagging_by_query: 0]
[feature_fraction: 0.9]
[feature_fraction_bynode: 1]
[feature_fraction_seed: 30056]
[extra_trees: 0]
[extra_seed: 12879]
[early_stopping_round: 0]
[early_stopping_min_delta: 0]
[first_metric_only: 0]
[max_delta_step: 0]
[lambda_l1: 0]
[lambda_l2: 0]
[linear_lambda: 0]
[min_gain_to_split: 0]
[drop_rate: 0.1]
[max_drop: 50]
[skip_drop: 0.5]
[xgboost_dart_mode: 0]
[uniform_drop: 0]
[drop_seed: 17869]
[top_rate: 0.2]
[other_rate: 0.1]
[min_data_per_group: 100]
[max_cat_threshold: 32]
[cat_l2: 10]
[cat_smooth: 10]
[max_cat_to_onehot: 4]
[top_k: 20]
[monotone_constraints: ]
[monotone_constraints_method: basic]
[monotone_penalty: 0]
[feature_contri: ]
[forcedsplits_filename: ]
[refit_decay_rate: 0.9]
[cegb_tradeoff: 1]
[cegb_penalty_split: 0]
[cegb_penalty_feature_lazy: ]
[cegb_penalty_feature_coupled: ]
[path_smooth: 0]
[interaction_constraints: ]
[verbosity: 1]
[saved_feature_importance_type: 0]
[use_quantized_grad: 0]
[num_grad_quant_bins: 4]
[quant_train_renew_leaf: 0]
[stochastic_rounding: 1]
[linear_tree: 0]
[max_bin: 255]
[max_bin_by_feature: ]
[min_data_in_bin: 3]
[bin_construct_sample_cnt: 200000]
[data_random_seed: 175]
[is_enable_sparse: 1]
[enable_bundle: 1]
[use_missing: 1]
[zero_as_missing: 0]
[feature_pre_filter: 1]
[pre_partition: 0]
[two_round: 0]
[header: 0]
[label_column: ]
[weight_column: ]
[group_column: ]
[ignore_column: ]
[categorical_feature: ]
[forcedbins_filename: ]
[precise_float_parser: 0]
[parser_config_file: ]
[objective_seed: 16083]
[num_class: 1]
[is_unbalance: 0]
[scale_pos_weight: 1]
[sigmoid: 1]
[boost_from_average: 1]
[reg_sqrt: 0]
[alpha: 0.9]
[fair_c: 1]
[poisson_max_delta_step: 0.7]
[tweedie_variance_power: 1.5]
[lambdarank_truncation_level: 30]
[lambdarank_norm: 1]
[label_gain: ]
[lambdarank_position_bias_regularization: 0]
[eval_at: ]
[multi_error_top_k: 1]
[auc_mu_weights: ]
[num_machines: 1]
[local_listen_port: 12400]
[time_out: 120]
[machine_list_filename: ]
[machines: ]
[gpu_platform_id: -1]
[gpu_device_id: -1]
[gpu_use_dp: 0]
[num_gpu: 1]

end of parameters

pandas_categorical:[]
