tree
version=v4
num_class=1
num_tree_per_iteration=1
label_index=0
max_feature_idx=52
objective=lambdarank
feature_names=day_issue_index day_total_seen_so_far normalized_day_progress dynamic_context_n cand_hits_last_20 cand_hits_last_50 cand_hits_last_100 cand_hits_last_200 cand_hits_last_500 cand_total_hits_all_time cand_current_gap cand_avg_gap cand_max_gap cand_gap_zscore cand_recent_hit_decay cand_ewma_freq cand_pm1_neighbor_hits cand_pm2_neighbor_hits cand_pm1_neighbor_decay cand_pm2_neighbor_decay cand_neighbor_balance cand_is_adjacent_to_recent_hot cand_is_adjacent_to_recent_cold cand_carryover_from_prev_draw cand_carryover_count_last_k cand_recent_reactivation_score cand_handoff_score cand_rebound_score issue_transition_regime issue_zone_a_density issue_zone_b_density issue_zone_c_density issue_zone_d_density issue_zone_entropy issue_span issue_sum issue_consecutive_count issue_odd_even_balance issue_big_small_balance issue_hot_zone issue_compressed_zone retrieval_match_count_topk retrieval_similarity_mean retrieval_similarity_max retrieval_exact_window_match_count retrieval_exact_draw_match_count_mean retrieval_next_draw_vote_count retrieval_next_draw_weighted_vote retrieval_next_draw_posterior retrieval_same_day_progress_bonus retrieval_top1_hit_flag retrieval_top3_hit_flag retrieval_dynamic_context_n
feature_infos=[20:203] [20:203] [0.020020020020019999:0.2032032032032032] [20:40] [0:14] [1:25] [10:46] [16:77] [16:162] [16:807] [1:44] [2.6944444444444446:6.7000000000000002] [8:44] [-1.4675987714106855:13.599489807714924] [1.7644730091221188:16.606927789584187] [0.69253130785840267:12.092277588693872] [5:35] [3:37] [0.10000000000000001:0.69999999999999996] [0.059999999999999998:0.73999999999999999] [-19:25] [0:1] none [0:1] [0:9] [0.056993919725106298:16.606927789584187] [0.14000000000000001:0.65000000000000002] [0:13.599489807714924] [-0.019325096463386801:0.0192235596540422] [0.21625:0.28749999999999998] [0.20874999999999999:0.29249999999999998] [0.20999999999999999:0.28999999999999998] [0.215:0.29625000000000001] [1.3779557896259955:1.3862881110938488] [71.299999999999997:75.025000000000006] [768.52499999999998:862.20000000000005] [3.7272727272727271:5.7999999999999998] [0.44874999999999998:0.54500000000000004] [-0.1074999999999999:0.12] [0:3] [0:3] none [0.30487619771047902:0.40468520718684242] [0.30692603615159059:0.41865725458617298] none none [0:8] [0:3.2080320898651422] [0:1] [0:1] [0:1] [0:1] [20:40]
tree_sizes=3413 3419 3457 3507 3441 3441 3428 3445 3463 3434 3485 3461 3467 3478 3477 3439 3436 3447 3469 3441 3466 3473 3470 3463 3429 3454 3472 3498 3475 3493 3468 3497 3483 3482 3481 3465 3484 3463 3453 3461 3448 3457 3478 3440 3456 3499 3482 3461 3416 3436 3454 3450 3463 3462 3461 3437 3447 3431 3442 3433 3449 3461 3453 3425 3434 3460 3467 3465 3454 3446 3439 3457 3465 3497 3517 3439 3429 3481 3465 3460 3478 3442 3438 3482 3474 3466 3487 3438 3442 3472 3428 3438 3449 3455 3466 3491 3467 3458 3454 3443 3457 3460 3444 3456 3430 3462 3447 3445 3475 3442 3460 3441 3447 3440 3447 3447 3439 3445 3423 3467 3466 3428 3431 3467 3449 3466 3428 3457 3457 3450 3466 3451 3471 3423 3445 3465 3444 3454 3451 3418 3466 3456 3455 3490 3447 3451 3429 3433 3492 3439 3470 3428 3456 3450 3437 3439 3414 3470 3446 3472 3430 3434 3454 3418 3437 3475 3444 3423 3437 3420 3435 3433 3445 3433 3442 3475 3460 3423 3427 3416

Tree=0
num_leaves=31
num_cat=0
split_feature=17 20 35 0 11 29 25 38 34 17 10 25 14 7 43 47 0 11 28 15 43 11 15 38 48 29 15 11 38 25
split_gain=18.4462 6.23769 18.7131 8.72765 7.26524 7.43085 7.03642 8.94352 6.29142 9.94421 6.05362 5.9485 5.66947 6.06762 5.56348 6.46494 10.1116 8.37986 6.97676 9.08364 11.4935 8.71482 6.69908 6.63773 6.09854 5.44117 6.61029 7.94797 5.29386 5.16447
threshold=15.500000000000002 -1.4999999999999998 827.53750000000002 27.500000000000004 4.1034819504310356 0.27312500000000006 6.8893895665243692 0.047499999999999959 73.658333333333346 12.500000000000002 29.500000000000004 3.0422376850448125 8.2191676927917943 54.500000000000007 0.40851096364404643 0.79200389891168776 193.50000000000003 3.983728806080463 -0.005031482802994299 4.3441244882526169 0.40330740346520794 3.9631614848854748 4.940792102704699 0.0024999999999999506 0.25090801283526448 0.22312500000000005 4.3003852774699789 3.9510546549698269 0.043749999999999907 0.56551546105864436
decision_type=2 2 2 2 2 2 2 2 2 2 2 2 2 2 2 2 2 2 2 2 2 2 2 2 2 2 2 2 2 2
left_child=1 2 3 -1 5 8 25 -8 14 12 -2 -6 -10 -14 15 18 17 23 -5 -20 22 -22 -21 24 -17 -4 -27 28 -28 -11
right_child=10 -3 6 4 11 -7 7 -9 9 29 -12 -13 13 -15 -16 16 -18 -19 19 20 21 -23 -24 -25 -26 26 27 -29 -30 -31
leaf_value=-0.084724922706996109 0.0015079414259230031 -0.0044915326169336304 0.08242711490983036 -0.069860040266496448 0.052578878752400818 0.037246999782277988 0.039466006938355225 -0.072824653847249621 0.079496709311830782 0.022317297208537191 -0.082941902846150578 -0.024270728148559167 -0.099999999999999922 0.035492757064955485 -0.089787223086713192 -0.071945567487006729 0.052977961763940075 -0.096385718796831998 0.045984107724184237 -0.059766235338731689 -0.089795690646070056 0.033304278723745542 0.027242587333468141 -0.05910573629748947 0.010384508694706501 0.064083875124354081 0.02835484504613725 0.03545238674194949 -0.068278689667908607 -0.079602416115839986
leaf_weight=5.8275677491910747 4123.2805520886614 832.38434525800403 4.2144509903155294 3.660302617121487 5.6414080508984608 4.4267015028744927 3.0751048652455202 4.1883896575309336 1.8101192563772226 1.352761104702952 2.1231530595105133 4.5481031788513064 1.6126233693212273 1.6945144780911503 2.9028970061335704 2.8507053037174108 2.983175420202314 6.0107035143300882 8.8996779881417734 2.6791080767288831 6.2482915380969626 1.8674526661634443 12.694274616660548 11.14763134671375 10.662003094330428 6.0495871482417014 2.0492815645411602 8.0273786215111596 4.5955912261269987 15.309998623793943
leaf_count=44 195220 14283 16 31 23 23 20 38 5 5 31 23 11 31 31 21 20 40 58 27 78 7 113 126 87 30 12 32 61 173
internal_value=-9.98426e-10 -0.00616856 -0.0156627 -0.0251086 -0.0219213 -0.0260665 0.0180227 -0.0252848 -0.0290359 -0.0526053 0.00146448 0.0182769 0.00835979 -0.0305761 -0.0219657 -0.0191412 -0.0349011 -0.0434485 -0.00442829 0.00296624 -0.0133326 -0.0614701 0.0120796 -0.0305456 -0.00698424 0.0306374 0.0201042 0.00197078 -0.0384769 -0.0713281
internal_weight=5104.82 979.414 147.03 114.83 109.002 98.8129 32.1998 7.26349 94.3862 21.78 4125.4 10.1895 5.11726 3.30714 72.6062 69.7033 33.6542 30.671 36.0491 32.3888 23.4891 8.11574 15.3734 24.6603 13.5127 24.9363 20.7218 14.6723 6.64487 16.6628
internal_count=210720 15469 1186 977 933 887 209 58 864 225 195251 46 47 42 639 608 294 274 314 283 225 85 140 234 108 151 135 105 73 178
is_linear=0
shrinkage=0.05


Tree=1
num_leaves=31
num_cat=0
split_feature=26 8 20 25 17 37 43 36 25 33 14 16 16 6 13 35 43 13 16 28 8 38 15 15 35 43 35 33 5 32
split_gain=17.2565 18.8853 16.0172 13.7875 13.3543 14.8126 22.647 11.8404 11.7425 10.8798 10.5877 9.06079 10.0855 27.7611 13.5138 18.7551 14.438 11.0136 8.91023 10.5707 11.0063 9.1629 9.19452 19.2999 20.7677 17.3493 14.4961 14.1272 12.9279 12.1442
threshold=0.27500000000000008 130.50000000000003 -9.4999999999999982 1.5509598275809418 15.500000000000002 0.49937500000000007 0.4015742982351867 5.2875000000000005 2.6906567194174791 1.3847069862220212 11.83220376470171 8.5000000000000018 11.500000000000002 20.500000000000004 -0.2393471293072307 813.2119391025642 0.4052247257176676 -0.72327724004668725 11.500000000000002 0.0054348638575895504 122.50000000000001 0.047499999999999959 4.5183826121462802 4.8989471307414112 813.55086206896556 0.39628566522425818 821.16120689655179 1.3857256100834159 13.500000000000002 0.25732142857142865
decision_type=2 2 2 2 2 2 2 2 2 2 2 2 2 2 2 2 2 2 2 2 2 2 2 2 2 2 2 2 2 2
left_child=1 2 8 -3 7 6 -6 -5 -1 -10 18 -2 13 -13 17 -16 -17 -15 19 21 -21 22 29 25 -25 -24 27 -26 -28 -4
right_child=11 3 10 4 5 -7 -8 -9 9 -11 -12 12 -14 14 15 16 -18 -19 -20 20 -22 -23 23 24 26 -27 28 -29 -30 -31
leaf_value=0.018830553207122673 0.09998969920241868 0.030292183853253097 0.031416096310316881 0.004677038886276956 0.038536950646326028 -0.090643300255933007 -0.07293641444740849 -0.096240035596873927 -0.0056838914805652984 -0.075308861490253551 -0.098812862025775494 0.070334944039521882 -0.00022525281002099505 -0.0088800630940337501 0.052234992248459712 -0.096637481350290252 0.0067632082277425763 -0.088567938420717793 0.0053679321688949039 0.057444781824350657 -0.096032791769229353 0.067237084917067411 0.081581089727661815 0.04858661479767154 -0.077180839299004891 -0.061778275500485494 0.069443592645515237 0.030930715375670867 -0.018458661184670846 0.088234927071451863
leaf_weight=19.207506201695651 2.2520710229873648 19.240324314450845 39.024690886202734 47.864927782095037 9.2186816427856737 10.711990827694533 9.0088020609691721 3.0944413417018941 13.797465115785601 9.4564118981361371 1.7549993625143532 6.8833526633679858 13178.614169613749 6.0507352026179442 7.7664131736382869 6.7970976755022985 6.70743403211236 15.299818675033748 47.377154942194466 1.819974529556929 3.2614562730304897 16.708496577339247 2.5883594129700205 48.754528473829851 9.2900065699068382 11.429425649810581 8.7095673991134408 4.4783413861878207 8.047768079035448 12.390063085360451
leaf_count=29 2 302 281 955 17 38 46 37 22 19 23 33 206268 36 36 38 22 68 1495 23 32 84 21 349 88 104 49 45 82 76
internal_value=-6.85628e-10 0.0108438 0.0179689 -0.00770525 -0.0168554 -0.0439808 -0.016558 -0.00145102 -0.0101006 -0.0339976 0.0234961 -0.000292797 -0.00030987 -0.0228357 -0.0378827 -0.00967574 -0.0452804 -0.0659844 0.0244997 0.0299435 -0.041063 0.0321788 0.028131 0.018775 0.0283374 -0.0353072 -0.00400383 -0.0420161 0.0272282 0.0451084
internal_weight=13587.6 357.235 258.096 99.1392 79.8988 28.9395 18.2275 50.9594 42.4614 23.2539 215.635 13230.4 13228.1 49.5049 42.6215 21.2709 13.5045 21.3506 213.88 166.503 5.08143 161.421 144.713 93.298 79.2802 14.0178 30.5257 13.7683 16.7573 51.4148
internal_count=210720 4217 2822 1395 1093 101 63 992 70 41 2752 206503 206501 233 200 96 60 104 2729 1234 55 1179 1095 738 613 125 264 133 131 357
is_linear=0
shrinkage=0.05


Tree=2
num_leaves=31
num_cat=0
split_feature=16 12 33 7 15 32 13 25 12 20 12 12 42 11 37 0 8 36 26 25 20 28 34 0 42 42 35 11 11 13
split_gain=21.7391 11.1488 8.75953 8.5084 10.0269 8.31336 7.60757 8.73442 10.0167 8.75036 8.5486 23.0685 21.5766 27.2034 25.3637 26.8009 20.25 18.5522 18.4897 13.838 13.3984 9.6096 14.9244 17.758 16.0171 11.9826 8.63406 8.31208 7.314 7.27186
threshold=10.500000000000002 40.000000000000007 1.3852573222697646 44.500000000000007 5.0254360765784662 0.26109375000000007 -1.0000000180025095e-35 1.4609198841098163 10.500000000000002 -11.499999999999998 27.500000000000004 25.500000000000004 0.34270367114857597 3.9143079661771254 0.51986842105263176 99.500000000000014 109.50000000000001 4.6708333333333343 0.37500000000000006 1.8156895450560018 5.5000000000000009 -0.0011401210721905498 73.5732142857143 113.50000000000001 0.39674519142164066 0.40038511775068897 787.26250000000016 4.0713127442554802 4.0693294880710527 -0.58501223471998909
decision_type=2 2 2 2 2 2 2 2 2 2 2 2 2 2 2 2 2 2 2 2 2 2 2 2 2 2 2 2 2 2
left_child=1 3 -3 -1 -5 29 -2 -8 -9 -10 11 27 17 14 16 19 -14 -13 -18 -16 21 22 23 -20 -25 26 -23 28 -11 -6
right_child=6 2 -4 4 5 -7 7 8 9 10 -12 12 13 -15 15 -17 18 -19 20 -21 -22 25 -24 24 -26 -27 -28 -29 -30 -31
leaf_value=-0.047303114949453856 0.00071189385541901287 0.018209324802624157 0.053757859869045743 0.036355074383508414 -0.026352034139693073 -0.042819876614888182 -0.00046281286573404668 0.034588784223571131 -0.047247887066782207 -0.0011693244022158748 0.0058699670890154446 -0.044489043053736591 0.049417190135620508 -0.0029829319472902409 0.0069402913193802795 0.059503470839700846 0.011309168409541966 0.068503331800530629 -0.080725129624518513 -0.089805556759740307 -0.0064433509410438215 0.0060531081823008478 -0.09031356256349142 0.053919500203931318 -0.042844743016879162 -0.012897692631862995 -0.089634037380057208 -0.013783851303295772 0.070779513488015922 0.029520693686974249
leaf_weight=6.9269731817767015 8397.9161865966744 39.886367722821888 30.64194538614538 23.887872201623395 8.9565046952338871 10.519263756577855 3575.7505052333581 15.662201186642049 12.511999436654149 765.43728900887072 153.30082836537622 5.202743821777406 5.248489797115325 98.111474896082655 7.7275840444490331 12.773353816941379 10.810365958139299 12.038578700274227 8.7265021288767404 7.0849058702588081 11.524182915687559 2.4803388053551378 11.915364194661377 8.8034957982599753 8.3165344651788455 6.5331878890283397 47.593290097080171 147.80685638822615 3.5485939932987085 16.648172792745758
leaf_count=67 131574 446 255 264 107 179 55500 220 209 14293 3031 34 7 1645 26 29 37 39 41 31 65 10 44 23 32 34 230 2056 29 163
internal_value=-5.00921e-10 0.0197817 0.0336538 0.00516573 0.011222 -0.00539781 -0.000203897 -0.00176107 -0.00516658 -0.00562866 -0.00523859 -0.00667972 -0.0196764 -0.0234416 -0.0368646 0.0064318 -0.0466583 0.0344067 -0.0509791 -0.0393338 -0.057338 -0.0635532 -0.0440181 -0.0226757 0.00691356 -0.0765849 -0.0848943 -0.00292457 -0.000837306 0.00997644
internal_weight=13474.3 137.467 70.5283 66.9388 60.0118 36.1239 13336.8 4938.91 1363.16 1347.5 1334.98 1181.68 264.89 247.649 149.538 27.5858 121.952 17.2413 116.703 14.8125 105.893 94.3687 37.7619 25.8465 17.12 56.6068 50.0736 916.793 768.986 25.6047
internal_count=210720 1481 701 780 713 449 209239 77665 22165 21945 21736 18705 2327 2254 609 86 523 73 516 57 479 414 140 96 55 274 240 16378 14322 270
is_linear=0
shrinkage=0.05


Tree=3
num_leaves=31
num_cat=0
split_feature=47 47 6 12 43 25 47 35 37 5 6 37 14 34 17 29 33 11 28 11 14 25 9 28 37 28 36 48 37 16
split_gain=4.79586 6.52195 7.78278 5.95053 9.2444 7.71978 7.54882 7.30687 6.8003 6.3249 6.09195 6.10057 6.41208 5.8383 5.67819 5.66666 5.54734 5.13113 9.4699 8.48131 10.8191 10.9853 8.01612 8.62746 7.61546 7.19248 8.13983 8.89497 7.50853 7.49342
threshold=0.30856447359504241 0.31181465614087706 23.500000000000004 20.500000000000004 0.3989392056665898 4.9942217359861667 0.31022858913383738 818.73750000000007 0.5221111111111113 17.500000000000004 31.500000000000004 0.49107954545454552 9.5497238363159322 72.33750000000002 23.500000000000004 0.25425724637681163 1.3862537193093096 4.2774291896144776 0.0011225396601481502 4.1448645141879323 8.7926983688838725 8.4782515616951759 128.50000000000003 -0.0015500789189664998 0.48733974358974358 0.00058450104555095013 4.4246212121212123 0.11031070425899586 0.4922177419354839 19.500000000000004
decision_type=2 2 2 2 2 2 2 2 2 2 2 2 2 2 2 2 2 2 2 2 2 2 2 2 2 2 2 2 2 2
left_child=14 2 13 6 7 10 -4 -5 9 -7 11 -6 -13 -2 16 -8 -1 19 22 -3 21 -21 -19 -24 -20 26 -22 -28 29 -29
right_child=1 17 3 4 5 8 15 -9 -10 -11 -12 12 -14 -15 -16 -17 -18 18 24 20 25 -23 23 -25 -26 -27 27 28 -30 -31
leaf_value=0.0048765169149447909 -0.04971192554387327 0.00027700854941731739 -0.014319672492097852 -0.063015106966043677 0.017577821864738705 -0.04746497368821051 -0.0010337147494089535 -0.0177505430737902 0.019647568030254858 0.015962517686948247 0.040247638667917085 -0.0089507317851156669 -0.064184067924764998 0.0030160031406955817 -0.0019883146593984015 0.030479971925584232 -0.04491548003902715 0.0010292079443199058 0.0092219807285163526 -0.0020982293788636168 -0.046843322559861456 0.022222007567875388 0.0022928944311550923 0.021553334432500428 -0.010861500150036028 -0.0032623214461768761 0.052408197402540768 -0.028144882814736923 -0.020023018781764868 0.01196186536915576
leaf_weight=1070.7975224079564 5.3924660068005315 8692.7503747770679 85.029346732422709 17.890235219616443 18.491463040933013 27.435823176987469 50.987546576885507 17.772893623448908 5.9943440863862625 4.5876367092132559 7.8558182753622523 37.467368865851313 6.1116837062872937 198.46451313793659 466.42497095477302 19.806104127317667 5.6231570122763506 210.32260614214465 69.266600200440735 1278.0568967801519 19.502571341115981 48.182511541061103 93.242400884162635 154.45190781773999 148.17733300710097 208.90557011589408 5.0522321015596381 16.121317397803068 168.23717272421345 41.955066288355738
leaf_count=16731 120 143121 1615 299 277 385 878 304 69 70 81 609 89 3178 7634 290 103 3081 966 19163 312 498 1268 1901 2233 2560 51 166 2189 479
internal_value=-5.70269e-10 -0.000346712 -0.00591431 -0.0110446 -0.0183868 -0.0110951 -0.00427799 -0.0404573 -0.0292294 -0.0383784 -0.0012358 -0.00648607 -0.0166969 0.00162123 0.0026197 0.00778294 0.00461641 -9.54982e-05 0.00412838 -0.00036777 -0.00350599 -0.00121467 0.00820759 0.0143029 -0.00446392 -0.0101154 -0.0158221 -0.0132073 -0.0146721 0.000828706
internal_weight=13200.4 11657.5 503.287 299.43 143.607 107.944 155.823 35.6631 38.0178 32.0235 69.9263 62.0705 43.5791 203.857 1542.85 70.7937 1076.42 11154.2 675.461 10478.8 1786.01 1326.24 458.017 247.694 217.444 459.774 250.868 231.366 226.314 58.0764
internal_count=210720 186252 8264 4966 2183 1580 2783 603 524 455 1056 975 698 3298 24468 1168 16834 177988 9449 168539 25418 19661 6250 3169 3199 5757 3197 2885 2834 645
is_linear=0
shrinkage=0.05


Tree=4
num_leaves=31
num_cat=0
split_feature=16 7 20 29 5 27 20 36 6 38 25 30 11 48 35 17 48 34 33 47 30 47 33 14 31 12 8 25 34 25
split_gain=12.6799 9.09019 7.86255 12.1371 11.499 7.68621 7.39239 7.23345 9.55622 7.22275 9.38152 7.09131 7.08599 6.33791 6.30649 7.99569 6.85679 6.62058 8.88887 7.71238 6.48305 7.301 5.4252 5.26299 5.17264 4.99316 7.73606 7.38428 9.72691 11.2306
threshold=13.500000000000002 62.500000000000007 -1.0000000180025095e-35 0.24937500000000004 8.5000000000000018 1.126118351422092 1.5000000000000002 4.8786764705882364 30.500000000000004 0.0029857397504455506 1.358585506832467 0.2348076923076923 4.0118729603811767 0.37593343826219378 808.53750000000002 5.5000000000000009 0.25274516235746936 72.926785714285728 1.3854934365141462 0.78471016757664491 0.23435314685314687 0.30788323633148756 1.3861505994246055 7.4657502563332452 0.25422619047619049 34.500000000000007 124.50000000000001 2.0678023362423792 74.312500000000014 1.6052902071027122
decision_type=2 2 2 2 2 2 2 2 2 2 2 2 2 2 2 2 2 2 2 2 2 2 2 2 2 2 2 2 2 2
left_child=1 2 7 4 -4 9 -7 8 -1 10 -6 -9 25 -10 15 -5 -16 19 20 -17 -19 -22 -13 -11 -18 -2 -27 28 29 -28
right_child=12 -3 3 14 5 6 -8 11 13 23 -12 22 -14 -15 16 17 24 18 -20 -21 21 -23 -24 -25 -26 26 27 -29 -30 -31
leaf_value=0.024769929287406914 -0.0012226135526732381 -0.059612917425870375 0.054187821572337792 0.075800532919712366 0.040809629051437493 -0.089074593892559284 -0.0045396951244091478 -0.03374338965060427 -0.043247017476863027 0.035348972258365842 -0.058069344097387843 0.0057384035759893079 0.00093877669772815791 0.028823529398967641 0.062756750964448535 0.0026257732256613872 -0.070690468169025675 -0.0596101612246887 -0.023905137473661364 -0.069298667458643187 -0.055570968139716861 0.043793954823928075 0.056288865285657158 -0.014285666246751203 0.042962230028212117 0.00068160401543184801 -0.022492027812249779 -0.0071418468912612769 0.044267838087172995 -0.079961420613138726
leaf_weight=148.25225840613712 6077.1565116581041 4.8069653455168 5.0225079059600821 3.7693150276318184 2.9264405760914114 7.7423596894368512 3.8832491943612695 10.965366408461703 9.0481295462232065 8.2321409941650945 13.306342164985834 91.136310902191326 6015.9730730490992 4.6020276308991006 10.811678032390772 8.9719700561836344 2.0012088059447697 1.9426479050889636 11.975810264702885 6.37575216917321 2.0197230693884221 21.826330114156008 5.6359186763875178 15.205807390273547 2.0033326726406813 89.392399782314897 23.07886557187885 49.056995890568942 3.4415160473436108 13.458278440870343
leaf_count=1795 107160 78 39 29 25 62 27 125 168 86 164 1109 96871 43 87 74 34 24 153 92 19 204 49 233 19 991 270 592 26 72
internal_value=-1.52509e-11 0.00873289 0.00955907 -0.000644602 -0.0180154 -0.025085 -0.0608378 0.0144035 0.0210839 -0.0146075 -0.0402435 0.00436438 -0.000286408 -0.0189491 0.0130002 0.00543202 0.0420557 0.000438047 0.0116919 -0.0272531 0.0282225 0.0353779 0.00868241 0.00314757 -0.013834 -0.00146466 -0.00970874 -0.0201407 -0.0360914 -0.0436606
internal_weight=12674 402.464 397.657 128.017 56.3188 51.2963 11.6256 269.64 161.902 39.6707 16.2328 107.738 12271.6 13.6502 71.6978 56.8815 14.8162 53.1122 37.7645 15.3477 25.7887 23.8461 96.7722 23.4379 4.00454 6255.58 178.428 89.0357 39.9787 36.5371
internal_count=210720 4738 4660 1371 636 597 89 3289 2006 508 189 1283 205982 211 735 595 140 566 400 166 247 223 1158 319 53 109111 1951 960 368 342
is_linear=0
shrinkage=0.05


Tree=5
num_leaves=31
num_cat=0
split_feature=16 34 17 6 0 25 31 25 8 37 13 30 15 0 17 9 34 39 36 37 14 14 36 28 28 25 11 9 13 4
split_gain=24.6695 13.3914 12.8281 8.31485 11.5594 14.4171 8.28382 9.48955 9.09966 9.69568 9.03072 7.96181 7.61463 7.53926 8.78505 7.56906 7.46679 8.95934 7.88201 7.57095 7.40206 7.32457 6.82564 6.97359 7.64324 7.78984 6.66535 10.6314 9.55778 10.8114
threshold=13.500000000000002 74.562500000000014 21.500000000000004 22.500000000000004 83.500000000000014 0.46704993586134153 0.24568322981366456 6.8893895665243692 132.50000000000003 0.49620192307692312 -0.81294431238744935 0.25538127413127415 6.2879476448203286 22.500000000000004 20.500000000000004 207.50000000000003 71.96250000000002 2.5000000000000004 4.9574275362318847 0.49107954545454552 8.1455609324720264 7.9128274238820362 4.8480769230769232 0.004420832886345951 0.0035220583051872004 9.1035898263564494 4.2574362755424486 168.50000000000003 -0.78197449417257336 3.5000000000000004
decision_type=2 2 2 2 2 2 2 2 2 2 2 2 2 2 2 2 2 2 2 2 2 2 2 2 2 2 2 2 2 2
left_child=1 2 3 4 -1 -6 8 10 9 -4 -8 -10 -9 -5 16 -16 20 -18 21 -20 -15 -19 23 24 25 -23 -2 -28 29 -29
right_child=26 -3 6 13 5 -7 7 12 11 -11 -12 -13 -14 14 15 -17 17 18 19 -21 -22 22 -24 -25 -26 -27 27 28 -30 -31
leaf_value=0.019509138285281377 -0.00092276528750124479 0.064151420278155097 -0.029000769724965555 -0.071611152854104673 0.069406741769990052 -0.024768187559935873 0.065248909145506573 -0.091058654207337344 0.019372917960766334 0.044954239572184203 -0.015024789567362305 -0.081540918156240164 -0.0094386699540783391 0.011704711942955887 -0.00030989475079321732 0.059488049600629256 0.020249967324586015 0.030678314888214736 0.032637453265235775 -0.049501979147571373 -0.073583139434784242 -0.027052277893841476 0.031181640361947718 -0.081339558529343325 0.063074661941701873 0.031780822689291277 -0.0010762604096884144 0.03915274835794183 0.0034964637535628909 0.010576850790926256
leaf_weight=38.467863855184987 10508.988374870853 11.235115714836864 5.79209707817063 2.4603860712377346 4.4458157010376445 47.312037125579081 3.7901833914220324 7.1805771943181735 3.6799011733382931 18.870971091324463 46.338112805504352 4.1688151974231005 4.7464408557862043 5.4615772098768485 7.2051110137254026 19.92879568785429 249.56408544670558 25.168853698531166 3.6601297589950255 12.012408763752317 4.7622851564083248 24.727503764559515 11.693941463483496 3.3503578135278067 3.6106331846676758 7.2835821904009199 800.68541685049422 42.596071565989405 427.65301924245432 148.46708467695862
leaf_count=307 189190 56 45 40 23 396 15 47 16 102 309 31 34 56 52 73 2176 167 38 146 63 307 104 61 18 56 10213 301 4851 1427
internal_value=-2.38578e-11 0.010098 0.00902447 0.0123979 -0.00125008 -0.0166789 -0.00778127 -0.0184927 0.0126636 0.027586 -0.00895532 -0.0342271 -0.0585774 0.0156308 0.0161981 0.0436094 0.0140808 0.0153429 0.00196005 -0.0303193 -0.0280225 0.00863112 -0.00232104 -0.0123738 -0.00588735 -0.0136658 -0.000488392 0.00272762 0.00765026 0.0169476
internal_weight=12505.3 576.918 565.682 471.115 90.2257 51.7579 94.5671 62.0553 32.5118 24.6631 50.1283 7.84872 11.927 380.89 378.429 27.1339 351.295 341.071 91.5074 15.6725 10.2239 75.8349 50.666 38.9721 35.6217 32.0111 11928.4 1419.4 618.716 191.063
internal_count=210720 4738 4682 4083 726 419 599 405 194 147 324 47 81 3357 3317 125 3192 3073 897 184 119 713 546 442 381 363 205982 16792 6579 1728
is_linear=0
shrinkage=0.05


Tree=6
num_leaves=31
num_cat=0
split_feature=16 28 36 26 37 30 11 12 17 43 32 47 36 31 40 38 14 30 31 36 29 28 33 37 14 36 15 0 8 15
split_gain=26.7479 12.1469 7.77295 8.27866 7.97135 8.13948 7.99267 7.41896 7.42553 7.59552 9.17189 6.9479 6.90523 6.88581 7.38144 6.57072 6.56705 8.9462 8.2413 6.7819 11.491 9.48962 6.92192 6.64383 6.27217 6.25454 6.13061 5.9026 5.90024 5.86555
threshold=13.500000000000002 0.009203679931259803 4.4027027027027037 0.23500000000000001 0.50126602564102574 0.2554804804804805 3.7502380952380956 25.500000000000004 15.500000000000002 0.40519046818279358 0.25732142857142865 0.30788323633148756 4.2125000000000012 0.27133928571428573 1.0000000180025095e-35 -1.0000000180025095e-35 9.4395184185217698 0.24107954545454549 0.26342342342342345 4.5080645161290329 0.24743421052631578 -0.0014620773834265997 1.3858567296161233 0.48474137931034489 6.2627629879096025 4.6866071428571443 7.5667472561142697 40.500000000000007 39.500000000000007 6.332665975559487
decision_type=2 2 2 2 2 2 2 2 2 2 2 2 2 2 2 2 2 2 2 2 2 2 2 2 2 2 2 2 2 2
left_child=1 2 12 16 11 6 13 -8 24 -10 -11 -5 29 14 -6 -14 18 26 19 -4 21 -21 25 -22 -9 -23 -18 -20 -13 -1
right_child=-2 -3 3 4 5 -7 7 8 9 10 -12 28 15 -15 -16 -17 17 -19 27 20 23 22 -24 -25 -26 -27 -28 -29 -30 -31
leaf_value=0.040954250760461663 -0.00047728265382772659 -0.076918368605298548 0.057758656301183778 0.04169932764737258 0.048222380935238091 0.046551073573094418 0.04284029389206602 0.046437315187462878 0.043491632781247597 0.021261420089994133 -0.096944092384076613 -0.060911759504229585 -0.076736253210499358 -0.077831221687879093 -0.017195724844956597 -0.01216333966002575 -0.00016864757829908355 -0.020735562388893417 -0.10184520058274826 0.029279378264187091 0.068277768286225782 -0.084385155935663161 0.050415798873696696 0.020746648674865132 -0.037512219933872992 -0.020614955991532933 0.088011750517514892 -0.005046447271139968 0.0084398453178526119 -0.047906493310673287
leaf_weight=8.9757046131417138 11906.355864252488 3.872845383710227 9.9289375655353052 15.987730394583194 6.4259694234933766 39.968891044729389 39.260542565607466 2.8567096935585132 19.710876033641402 5.3443156788125625 2.3682721059303731 3.1457326449453822 4.8468969857785877 2.9334821160882703 13.108046130044384 21.045806214679033 4.6627800869755429 38.77494540635962 1.6515721918549378 11.072698229225351 8.8339071255177242 5.1785358039196643 2.5495636016130439 43.824685711762868 10.06096807355061 14.931761998857835 3.4143983125686646 33.909176662331447 122.35216258990113 2.3415371701121321
leaf_count=72 205982 34 70 109 59 359 272 21 149 41 33 36 59 52 163 201 56 387 28 114 55 70 29 403 119 152 16 327 1222 30
internal_value=-6.98772e-11 0.01129 0.011974 0.0137436 0.0190564 0.0274238 0.0199339 0.0273672 0.0123086 0.0270314 -0.0150355 0.0106562 -0.0100108 -0.00640228 0.00432442 -0.0242508 0.0053161 -0.0107636 0.0110286 0.0186232 0.0141254 -0.00865838 -0.0271966 0.0287204 -0.018947 -0.0370362 0.0371071 -0.00954214 0.00670148 0.022569
internal_weight=12409.7 503.339 499.467 462.257 283.524 142.038 102.069 79.6017 40.3411 27.4235 7.71259 141.486 37.2099 22.4675 19.534 25.8927 178.733 46.8521 131.881 96.3201 86.3912 33.7326 22.6599 52.6586 12.9177 20.1103 8.07718 35.5607 125.498 11.3172
internal_count=210720 4738 4704 4342 2635 1268 909 635 363 223 74 1367 362 274 222 260 1707 459 1248 893 823 365 251 458 140 222 72 355 1258 102
is_linear=0
shrinkage=0.05


Tree=7
num_leaves=31
num_cat=0
split_feature=16 34 15 14 48 20 42 9 11 47 25 42 8 20 13 25 26 42 32 15 0 11 15 0 31 9 4 42 24 11
split_gain=10.3493 7.03999 5.46468 8.2243 8.02785 9.96344 10.7853 8.09531 7.99244 7.06473 7.18694 6.59385 6.0408 6.97234 9.05828 5.30705 5.01237 6.25696 4.86587 4.86051 4.83036 6.2198 6.92871 9.20775 4.55225 4.54928 4.90617 6.38837 11.4526 8.72071
threshold=13.500000000000002 72.9746794871795 4.8005897342028172 7.5565389114085191 0.11031070425899586 2.5000000000000004 0.39998287734504084 643.50000000000011 4.2720838335334141 0.40327629845749907 3.5438225669339358 0.3989888432814313 117.50000000000001 4.5000000000000009 -0.63142263643717633 0.22278276917936315 0.36500000000000005 0.39938391518788896 0.25872282608695657 5.1260765692621195 73.500000000000014 4.2136072620156915 2.9936381774221936 94.500000000000014 0.26846978557504875 757.50000000000011 6.5000000000000009 0.39877822525472212 2.5000000000000004 3.9735713454197894
decision_type=2 2 2 2 2 2 2 2 2 2 2 2 2 2 2 2 2 2 2 2 2 2 2 2 2 2 2 2 2 2
left_child=1 20 -2 4 5 7 12 -4 -6 10 -10 -11 -7 -14 -15 -3 17 -5 -12 -9 -1 22 -22 -24 25 26 -17 -28 -29 -30
right_child=2 15 3 16 8 6 -8 19 9 11 18 -13 13 14 -16 24 -18 -19 -20 -21 21 -23 23 -25 -26 -27 27 28 29 -31
leaf_value=0.016430428364873059 -0.0014561338099052417 -0.081241963327044697 0.042355090835717944 -0.0021890581114035568 -0.00035865566465083414 0.037503432247678506 -0.089574647360870008 -0.055799886709846515 -0.070763059602914499 0.023712727965997216 -0.015602454824520629 0.084405756249386718 -0.056536007607735632 0.055048279418948236 -0.048249236597084633 0.016809122668399467 0.00068390888576325159 -0.017951020394091341 0.0561580545092627 0.031216413320146477 0.0323180961150231 0.042317770676726998 -0.066063734939976554 -0.0093673589856610572 -0.0034207518264445093 0.051958657844621441 0.010002869488267174 0.063860968599287485 -0.062814745736640087 0.025925285060153028
leaf_weight=27.085760666872375 5438.780144745484 1.5487485635094334 45.740283674560487 403.85911247727927 214.89724511909299 10.662819698452955 3.1223856117576352 3.6234687892720094 3.6153689352795473 36.843674669973552 6.2710914723575097 5.0937866922467938 5.4806663561612359 5.4849251918494719 3.4617682369425857 206.56384819984669 5640.9063170729205 74.59164748317562 3.7898949766531587 2.8805755022913218 8.7761668839957547 5.9859797395765773 7.8242323540616772 84.500271811732091 44.241970443166792 7.6030879355967036 59.973142753646243 3.0996213229373124 11.573458057129754 3.6390761546790591
leaf_count=296 95345 18 367 7639 4168 65 33 37 52 380 59 11 54 34 42 1994 96060 1583 30 23 72 32 90 931 447 66 622 19 124 27
internal_value=-7.50876e-11 0.00725797 -0.000287912 0.000694063 0.00813753 0.0220034 -0.00194031 0.0349333 0.00401347 0.0209078 -0.0102985 0.0310846 0.00896547 -0.0121261 0.0150791 0.0111022 0.000267152 -0.00464639 0.0114292 -0.0172612 -0.00243321 -0.00720445 -0.0101366 -0.0141722 0.011527 0.0137883 0.0127694 0.00211034 -0.0237381 -0.0415867
internal_weight=12381.5 472.415 11909.1 6470.33 350.968 80.4569 28.2126 52.2443 270.511 55.6138 13.6764 41.9375 25.0902 14.4274 8.94669 338.243 6119.36 478.451 10.061 6.50404 134.172 107.087 101.101 92.3245 336.694 292.452 284.849 78.2853 18.3122 15.2125
internal_count=210720 4738 205982 110637 5355 655 228 427 4700 532 141 391 195 130 76 3317 105282 9222 89 60 1421 1125 1093 1021 3299 2852 2786 792 170 151
is_linear=0
shrinkage=0.05


Tree=8
num_leaves=31
num_cat=0
split_feature=16 11 42 13 51 29 9 29 42 42 47 16 34 42 37 13 46 36 34 14 0 15 14 46 17 38 0 12 35 25
split_gain=5.23452 4.93965 10.1946 9.41093 7.46628 9.53726 7.6831 7.69421 8.87722 7.14896 7.07135 6.7832 6.17151 6.87467 7.05546 6.46212 5.8283 5.31371 5.1684 5.61031 5.08815 5.01965 4.97604 20.087 5.78791 5.73069 4.94069 4.90459 4.68294 4.66739
threshold=13.500000000000002 4.2774291896144776 0.36641989801268671 -0.92013565737393721 1.0000000180025095e-35 0.23987179487179486 400.50000000000006 0.2661895161290323 0.39505111025234102 0.39762530223158482 1.2434591164608226 22.500000000000004 73.389200561009844 0.35486829618105037 0.47687500000000005 -0.87290137351549613 4.5000000000000009 5.1961538461538472 73.066911764705893 7.662298080677969 21.500000000000004 4.8005897342028172 7.5565389114085191 1.0000000180025095e-35 23.500000000000004 -0.012499999999999949 133.50000000000003 27.500000000000004 809.18750000000011 8.9605639131749282
decision_type=2 2 2 2 2 2 2 2 2 2 2 2 2 2 2 2 2 2 2 2 2 2 2 2 2 2 2 2 2 2
left_child=-1 21 10 -4 5 -5 7 8 -6 -7 12 -12 13 14 18 -15 29 20 -3 -20 -14 -2 23 24 -23 -26 -27 -17 -21 -13
right_child=1 2 3 4 6 9 -8 -9 -10 -11 11 16 17 15 -16 27 -18 -19 19 28 -22 22 -24 -25 25 26 -28 -29 -30 -31
leaf_value=0.0052307875880902134 -0.0019033507767014573 0.0208117839330168 0.07465828054901473 -0.059335146780553773 0.014080867988998975 0.01050965177576847 0.056390387438683798 0.065610734802091356 -0.072643020351811569 -0.041937776279268223 -0.0019227544771202483 -0.064630952448169021 -0.032245200527772515 -0.087161774699194783 -0.003653117454269968 -0.022258313085361046 0.0015340238116965819 0.031119816597117534 0.014586901483473885 -0.013774355674390421 0.0052627275512381914 0.041578711629810618 2.6322771173554051e-05 -0.00037285544748899693 -0.042161346512023738 0.041140099452909196 -0.020166726690387361 0.048059834623267739 -0.094725908537632422 0.022291323582872485
leaf_weight=460.33226750273025 4158.5641043550568 56.335243340581656 6.1105477213859549 6.3096367027610532 80.980605402961373 60.936771775130183 12.862108966335652 6.9640678763389579 3.0623864755034438 7.2727732229977837 31.365525117143989 13.728028849698605 9.2119157612323743 3.5802795561030498 341.52935224212706 29.559501671232283 6.5122256856411687 19.585830039344728 10.277264966629447 5.2465323377400628 489.54228023882024 44.005921091185883 6154.9007638276089 220.50149321742356 4.2766040656715658 11.153883613646029 4.6590382144786409 2.7068264838308087 2.70896041020751 1.7401321567594994
leaf_count=4738 87054 594 25 61 610 427 55 39 14 41 350 214 117 32 4452 334 81 160 131 57 5711 349 100596 4282 39 60 37 19 31 10
internal_value=1.84229e-10 -0.000203952 0.00282519 0.0136438 0.0115538 -0.000522857 0.0202181 0.0151058 0.0109208 0.0049175 0.000875238 -0.0168482 0.00184967 -0.00242086 -0.000610849 -0.0234309 -0.0381465 0.00557317 0.0133231 -0.00981546 0.00456996 -0.00054926 0.000325199 0.0067889 0.0314268 0.00918921 0.023077 -0.0163593 -0.0413395 -0.0548524
internal_weight=12266.5 11806.2 1208.13 184.499 178.388 74.5192 103.869 91.0071 84.043 68.2095 1023.63 53.3459 970.284 451.944 416.097 35.8466 21.9804 518.34 74.568 18.2328 498.754 10598.1 6439.5 284.597 64.0954 20.0895 15.8129 32.2663 7.95549 15.4682
internal_count=210720 205982 13565 1272 1247 529 718 663 624 468 12293 655 11638 5650 5265 385 305 5988 813 219 5828 192417 105363 4767 485 136 97 353 88 224
is_linear=0
shrinkage=0.05


Tree=9
num_leaves=31
num_cat=0
split_feature=11 9 43 43 28 0 37 28 24 20 32 37 26 34 15 15 26 34 14 48 25 27 33 48 14 0 33 47 37 37
split_gain=12.6707 10.9309 6.21345 5.6154 6.79648 6.08145 8.0357 4.29447 9.48725 7.0252 4.12677 3.87308 5.50056 5.1804 4.45386 8.09064 7.8423 7.24952 5.1923 4.81943 4.7322 4.61141 8.24742 5.07092 6.39593 5.47267 5.04314 6.42884 6.13375 6.30082
threshold=4.2774291896144776 300.50000000000006 0.39725576506055899 0.40860865301178645 0.0031159522525658506 189.50000000000003 0.50488095238095243 -0.00015251682438604996 1.5000000000000002 7.5000000000000009 0.28687500000000005 0.49809626436781612 0.51500000000000012 73.389200561009844 6.8714926573527739 6.332665975559487 0.42500000000000004 73.8232142857143 9.6956123909184431 0.26602383839265603 9.1733279278509787 0.46981416499434359 1.3860841186442461 0.12017597252436936 8.0760390396247619 177.50000000000003 1.3854290150184572 0.7118849640399777 0.50671171171171181 0.51986842105263176
decision_type=2 2 2 2 2 2 2 2 2 2 2 2 2 2 2 2 2 2 2 2 2 2 2 2 2 2 2 2 2 2
left_child=-1 2 10 5 7 -3 -7 9 -9 -5 -2 -4 13 -13 15 18 17 -17 20 -16 21 23 -23 -15 25 -25 -26 -28 -29 -30
right_child=1 3 11 4 -6 6 -8 8 -10 -11 -12 12 -14 14 19 16 -18 -19 -20 -21 -22 22 -24 24 26 -27 27 28 29 -31
leaf_value=-0.00053432571066155585 -0.0011811888704196774 0.034172744515833978 0.010683839278902379 -0.039807885238075602 0.055365281777873289 0.031110487927906466 -0.070043311295321389 0.024625506271435917 -0.093548632783322871 0.063180284201347719 -0.077412011564174127 -0.0057799319111206584 -0.023396927865776761 0.021603821471975058 0.049738267892691528 0.03743274689531835 -0.079244365443915887 -0.071624387819153867 0.077022585944216959 -0.021832842368805394 -0.066547010007026702 -0.014543460103308453 0.051770915721875824 0.017261512566259365 0.010599010793453024 -0.0090064914684890446 -0.050217014446921004 0.049875542610113906 -0.05603649830964387 0.03264801813804518
leaf_weight=10932.533110317017 387.1502072904259 59.675573301501572 297.40612021670677 3.4675441225990662 3.8859061147086313 4.5851238342002016 3.4336513830348849 2.8183874711394319 4.2738242875784636 3.1693083308637142 1.7835502643138159 94.66133540100418 18.534310952294618 73.368737404933199 11.311345738358794 4.6334614232182485 5.3123421212658286 2.2705961521714926 2.6974252723157397 2.9696410978212944 2.1516217216849318 39.836035137996078 5.3140410948544732 93.210885636508465 16.371082258410752 25.185941571253352 12.675402281805875 4.1625748393125823 5.5371704064309579 3.1377570852637291
leaf_count=197080 5093 409 3259 28 18 30 34 15 37 16 17 1381 266 552 73 34 66 28 18 38 28 523 47 911 157 284 145 33 77 23
internal_value=1.07843e-11 0.00488835 0.00356244 0.0221354 -0.00301219 0.0286792 -0.0122037 -0.0195355 -0.0465872 0.00937224 -0.00153076 0.00631086 0.00323876 0.00445828 0.00758315 0.00626675 -0.0335745 0.0015662 0.00798266 0.0348555 0.00731981 0.00788987 -0.00673844 0.0107166 0.00573299 0.0116737 -0.01106 -0.024958 -1.80262e-05 -0.0239589
internal_weight=12127.5 1194.99 1109.68 85.3093 17.615 67.6943 8.01878 13.7291 7.09221 6.63685 388.934 720.748 423.342 404.807 310.146 295.865 12.2164 6.90406 283.649 14.281 280.951 278.8 45.1501 233.65 160.281 118.397 41.884 25.5129 12.8375 8.67493
internal_count=210720 13640 13053 587 114 473 64 96 52 44 5110 7943 4684 4418 3037 2926 128 62 2798 111 2780 2752 570 2182 1630 1195 435 278 133 100
is_linear=0
shrinkage=0.05


Tree=10
num_leaves=31
num_cat=0
split_feature=11 9 43 25 14 35 32 38 17 16 13 30 12 38 14 25 33 26 48 37 26 31 32 31 28 15 33 6 13 13
split_gain=15.9025 12.428 6.48862 4.1862 6.4691 6.21033 5.8511 4.3952 4.49691 4.04997 5.28924 5.35468 4.27445 5.35695 4.36989 5.29106 4.13584 4.12775 4.10017 10.5736 4.87957 4.03524 5.92531 5.58508 4.98587 4.28356 4.00684 3.96811 7.85381 5.51935
threshold=4.2774291896144776 281.50000000000006 0.39725576506055899 1.8559735965321231 8.311892401432118 795.13750000000016 0.24723484848484847 0.0025320512820512504 28.500000000000004 13.500000000000002 -0.91373422451556963 0.25872282608695657 20.500000000000004 0.10624999999999991 9.2139043278225632 8.7495937493338634 1.3798787805853854 0.22500000000000003 0.11372658761848901 0.52290209790209807 0.46500000000000002 0.23208333333333334 0.28062500000000007 0.2348076923076923 -0.0041907421311427493 6.3095094151867839 1.3849705858263486 26.500000000000004 -0.93947955959233653 -0.91666512394430033
decision_type=2 2 2 2 2 2 2 2 2 2 2 2 2 2 2 2 2 2 2 2 2 2 2 2 2 2 2 2 2 2
left_child=9 2 -2 4 7 6 -5 -4 -9 10 11 -1 13 14 15 17 -12 -11 19 20 -17 24 23 -23 25 -18 -26 -7 -29 -30
right_child=1 -3 3 5 -6 27 -8 8 -10 12 16 -13 -14 -15 -16 18 21 -19 -20 -21 -22 22 -24 -25 26 -27 -28 28 29 -31
leaf_value=-0.001519776029808197 -0.0012623383685310642 0.022358303284060604 0.010978662205785805 -0.0049141759757309845 -0.035885881464158269 0.00895426643880037 -0.089194392494129304 -0.0026872262618263961 -0.07609674779948554 -0.072679770656954149 0.060904379466965544 0.082107106348857761 -0.00016560845207072306 -0.065027418268495771 0.00071892821306597564 -0.081591542539983616 0.065732352312387859 -0.0029797011561875498 -0.01112659515830409 0.059584966431626855 -0.0037923685942368585 -0.036103663443077326 -0.072745531579334097 0.0026598342692677212 0.0027778547994226324 -0.010925975569475745 0.05183601068655156 -0.077660613780478061 0.073241028478830239 0.02014530495599573
leaf_weight=3.4425989096052936 374.71590851084329 101.12476399133448 91.521038596052676 35.923744057305157 11.263647671788929 341.52395159960724 2.1845621541142455 94.641184980981052 2.133192501962184 2.1264743106439701 3.0971822515130034 4.3114594975486398 7612.3857517634751 3.413743767887353 823.52811431605369 8.0071063023060542 7.7091020303778333 1951.8174603141379 75.151293503120542 2.1465251315385094 2.693398497067391 9.5253096355590952 2.6904729784000656 379.87925984046888 36.370622537098825 2.3864511442370713 4.7000305349938563 1.9611867088824499 5.2365673631429663 74.928254384547472
leaf_count=31 5045 917 1289 507 188 3393 30 1386 54 42 17 24 135476 84 14014 119 52 41317 1308 16 41 121 36 3940 365 36 41 39 28 764
internal_value=4.67285e-11 0.00562742 0.00399436 0.00697291 0.000921639 0.00958811 -0.00974555 0.00312343 -0.00430539 -0.000585189 0.0040376 0.044979 -0.000785477 -0.00243025 -0.00235568 -0.00359569 0.00332638 -0.00305556 -0.015589 -0.0416926 -0.0620089 0.00292406 0.00120072 0.00171163 0.0161303 0.0476114 0.00839196 0.0113272 0.0211952 0.0236137
internal_weight=12072.5 1137.16 1036.03 661.317 199.559 461.758 38.1083 188.295 96.7744 10935.4 454.112 7.75406 10481.3 2868.88 2865.47 2041.94 446.358 1953.94 87.9983 12.847 10.7005 443.261 392.095 389.405 51.1662 10.0956 41.0707 423.65 82.126 80.1648
internal_count=210720 13640 12723 7678 2917 4761 537 2729 1440 197080 4663 55 192417 56941 56857 42843 4608 41359 1484 176 160 4591 4097 4061 494 88 406 4224 831 792
is_linear=0
shrinkage=0.05


Tree=11
num_leaves=31
num_cat=0
split_feature=11 6 42 13 50 6 11 15 42 34 32 48 15 9 25 37 28 0 42 7 35 11 42 6 25 0 28 20 16 4
split_gain=12.6271 8.33323 6.76136 7.31872 5.81463 6.95362 6.74259 8.29122 7.62197 6.62144 5.78724 5.26724 9.52854 7.85362 10.4112 8.22623 6.89828 6.87699 6.61759 6.30499 6.05787 7.14484 5.70874 9.85432 9.75836 7.03702 7.88485 6.88055 6.47237 7.22458
threshold=4.2774291896144776 26.500000000000004 0.36641989801268671 -0.91373422451556963 1.0000000180025095e-35 27.500000000000004 4.4290096406660835 5.3125266312851371 0.32035903640180186 73.923026315789485 0.25447860962566843 0.10909559594946532 9.0525388853447186 732.50000000000011 4.0342355120580153 0.51369318181818191 -0.0076460110819292493 138.50000000000003 0.40005126853070488 44.500000000000007 805.82500000000016 4.2671020165064251 0.39843784150988598 29.500000000000004 9.4729469580498229 186.50000000000003 -0.0029456845282114998 2.5000000000000004 22.500000000000004 5.5000000000000009
decision_type=2 2 2 2 2 2 2 2 2 2 2 2 2 2 2 2 2 2 2 2 2 2 2 2 2 2 2 2 2 2
left_child=11 2 -2 -4 6 -6 -3 9 -9 -8 -7 12 13 16 15 18 19 -16 -15 -1 21 -18 -22 24 25 26 -24 -25 29 -28
right_child=1 4 3 -5 5 10 7 8 -10 -11 -12 -13 -14 14 17 -17 20 -19 -20 -21 22 -23 23 27 -26 -27 28 -29 -30 -31
leaf_value=0.025439113843155187 0.0016694087972094311 0.016458468268917517 0.071434072150928146 0.011732805696595031 0.055200768988982046 0.034295276181670262 -0.0089406541029758129 0.019441491216634132 -0.047659432671547236 0.067902705272141137 -0.017911219097921108 -0.0010289463132561584 0.046713923544237944 0.058416659718377742 -0.011620206890352088 -0.053416962427459552 -0.0027100483035019233 -0.073138955349576193 -0.0022092329419388934 -0.039226649748833185 0.0026725430797973479 0.040325061337445775 -0.018008237896813658 0.013827355932476271 -0.040971092575517246 -0.026525814456188276 0.010037859495374699 0.049700354354849964 0.0027434949828424836 0.03730136673418577
leaf_weight=4.7953051142394569 868.73314335558098 100.52414270769805 5.3814547518268219 111.38378923479468 17.714917009696364 13.087031868286433 6.4556232220493239 5.9105391129851368 14.902426379267125 4.9551429226994514 8.9309854540042561 8985.9183876866009 11.793722311034797 6.0388831181917402 7.790885116672146 5.7535156623926005 523.41915903193876 10.896391409449278 17.676580196246505 17.619582511484623 947.91226075775921 9.8256994718685728 20.667151920730248 29.558328846469522 10.468221632763742 13.326457841321824 51.21996277407743 24.401719382032752 66.548595330910757 46.231556593440473
leaf_count=41 10893 953 30 1053 122 120 81 62 188 32 106 175259 85 48 89 87 6249 124 212 185 12209 69 228 214 94 168 607 121 696 295
internal_value=-5.2035e-11 0.00496223 0.00318776 0.0144843 0.015101 0.0318812 0.0100784 -0.00982448 -0.0286039 0.0244287 0.0131192 -0.000531468 0.00191674 0.00162552 -0.0182966 0.000216647 0.00216877 -0.0474913 0.0132285 -0.0253924 0.00252309 -0.00191707 0.00447932 0.0110057 0.00607615 0.00856361 0.0110958 0.0300498 0.0147635 0.0229718
internal_weight=11969.8 1157.98 985.498 116.765 172.481 39.7329 132.748 32.2237 20.813 11.4108 22.018 10811.9 1825.94 1814.15 48.1563 29.469 1765.99 18.6873 23.7155 22.4149 1743.58 533.245 1210.33 262.422 208.462 197.994 184.667 53.96 164 97.4515
internal_count=210720 13640 11976 1083 1664 348 1316 363 250 113 226 197080 21821 21736 560 347 21176 213 260 226 20950 6318 14632 2423 2088 1994 1826 335 1598 902
is_linear=0
shrinkage=0.05


Tree=12
num_leaves=31
num_cat=0
split_feature=11 6 16 43 9 11 28 15 11 33 14 33 33 8 7 50 30 47 37 4 48 14 14 33 28 29 15 7 28 9
split_gain=11.5197 13.0272 8.12616 6.68174 6.06974 8.15011 6.60142 5.83509 5.32462 6.81348 4.62435 5.29592 4.82088 4.58038 5.30268 4.74395 5.16225 6.37181 4.42213 6.06226 4.41291 9.82038 9.94518 6.64204 7.39373 6.51616 7.32072 7.41738 6.62951 6.59454
threshold=4.2774291896144776 26.500000000000004 13.500000000000002 0.39725576506055899 357.50000000000006 3.7104820131135932 0.0069422737208432008 4.8005897342028172 3.6026213369963376 1.3854934365141462 9.0751155596806097 1.3861000252433626 1.3835351305049974 85.500000000000014 55.500000000000007 1.0000000180025095e-35 0.25384868421052637 0.30887191262364516 0.50488095238095243 5.5000000000000009 0.10358861162007751 7.5387141615194482 8.42262814913264 1.3853037583522354 0.00076566692306915011 0.22312500000000005 4.9825922084726972 54.500000000000007 0.0069422737208432008 397.50000000000006
decision_type=2 2 2 2 2 2 2 2 2 2 2 2 2 2 2 2 2 2 2 2 2 2 2 2 2 2 2 2 2 2
left_child=2 3 4 -2 -1 8 -7 -4 9 -6 11 12 -10 15 -15 16 -3 -18 19 -14 21 -9 23 25 -25 -23 27 29 -28 -27
right_child=1 13 7 -5 5 6 -8 20 10 -11 -12 -13 18 14 -16 -17 17 -19 -20 -21 -22 22 -24 24 -26 26 28 -29 -30 -31
leaf_value=0.01210531458107314 -0.0030778690022333806 0.045427468952190408 -0.0024464533932352784 0.0054943252074368138 0.039515424076788271 0.0057218524163599755 -0.060945372465122154 0.024356576332680541 0.02313035661200831 -0.069473367651344195 -0.075621175429817278 0.061707419925741414 -0.045267055147358674 0.014591729710796149 -0.043594924626403984 0.064586059857303188 -0.082027177646406893 0.015154606697739756 -0.075118606408511993 0.034804196626187563 -0.00052018967256608009 0.043373318182113089 0.0046549213762324491 0.01101851836141058 -0.01420117815528478 -0.01844315666172619 -0.012576096371784754 0.0041969543944267778 0.039079085118250118 -0.072919522634128306
leaf_weight=215.90857225842774 356.00914272689261 12.250774486921729 3544.0056117980275 628.89615074498579 6.1977932245936227 194.36296080786269 3.7855586301302528 50.919315727660432 3.6347921439446607 1.8656438514590261 4.9580787790473542 1.7318653175607313 8.1436792064923811 150.64082708256319 4.0200050594285122 8.950914223212747 1.99624185822904 10.876804469153283 5.958262701984494 3.3306370750069609 5533.4705068450421 4.8554006516933432 817.26498638559133 81.573330343235284 45.145899013150483 9.2173925675451809 104.24743128847331 8.1403680397197586 6.6050058975815764 13.982612979598342
leaf_count=2138 4770 121 87054 7206 71 2011 65 476 43 39 74 13 97 1300 47 63 29 104 78 34 94978 33 7245 731 433 130 1048 74 49 166
internal_value=1.24324e-11 0.00470176 -0.000517202 0.00239577 0.00605954 0.000480449 0.0044482 -0.000806722 -0.0214678 0.0142986 -0.0318579 -0.0223408 -0.0292501 0.0167354 0.0130793 0.0333301 0.0221944 8.44873e-05 -0.0401717 -0.0220249 6.38178e-05 0.0028937 0.00189201 -0.00635598 0.00203357 -0.0135857 -0.0155306 -0.0368674 -0.00949829 -0.051276
internal_weight=11842.9 1173.64 10669.3 984.905 449.878 233.969 198.149 10219.4 35.8208 8.06344 27.7573 22.7992 21.0674 188.736 154.661 34.0747 25.1238 12.873 17.4326 11.4743 6675.42 1141.95 1091.03 273.767 126.719 147.048 142.193 31.3404 110.852 23.2
internal_count=210720 13640 197080 11976 4663 2525 2076 192417 449 110 339 265 252 1664 1347 317 254 133 209 131 105363 10385 9909 2664 1164 1500 1467 370 1097 296
is_linear=0
shrinkage=0.05


Tree=13
num_leaves=31
num_cat=0
split_feature=11 16 15 6 20 24 43 34 33 28 48 35 35 42 34 14 36 17 8 42 14 29 33 13 21 37 26 42 43 33
split_gain=10.9739 7.94159 7.19414 7.15955 5.47999 6.11181 5.34485 5.16153 4.92951 5.57444 4.91741 9.77636 8.89405 8.48705 6.07057 8.0111 7.80125 6.86392 6.94307 10.2713 10.2158 8.43988 8.33898 7.46085 6.79377 9.25197 10.6202 6.40872 6.06502 5.95022
threshold=4.2774291896144776 13.500000000000002 4.8005897342028172 26.500000000000004 8.5000000000000018 2.5000000000000004 0.39725576506055899 72.912500000000009 1.3827846799206094 -0.010525242371725198 0.10358861162007751 805.82500000000016 805.18750000000011 0.3982545242906913 73.79128856624321 11.671189415970122 5.1213235294117654 23.500000000000004 120.50000000000001 0.3865376737361097 8.4970204572974684 0.25606617647058821 1.3858567296161233 -0.9006087543863005 1.0000000180025095e-35 0.50872282608695663 0.46500000000000002 0.39933011668917445 0.40411872688138656 1.3855656017368763
decision_type=2 2 2 2 2 2 2 2 2 2 2 2 2 2 2 2 2 2 2 2 2 2 2 2 2 2 2 2 2 2
left_child=1 7 -3 4 6 -6 -2 -1 -8 -10 11 12 14 -14 16 -16 17 18 19 -4 22 -21 -20 -23 29 26 28 -18 -26 -22
right_child=3 2 10 -5 5 -7 8 -9 9 -11 -12 -13 13 -15 15 -17 27 -19 20 21 24 23 -24 -25 25 -27 -28 -29 -30 -31
leaf_value=-0.0032879470011435313 -0.0034770395760605048 -0.0027106315420049034 0.02137858525247072 0.013464734552037345 -2.3515551366409483e-05 0.032639331611254353 0.032848461222709818 0.0090708299529091482 -0.082829871225786625 0.0042150229257051147 -0.00048090315587883911 0.0062064489948010539 -0.012415989580837726 -0.095313255058920049 -0.010685710495498275 -0.10072109464409716 -0.0088186188355710328 -0.011481669818667498 0.054432542303363023 0.015235430935715305 0.0077359341247613695 0.039187959294018707 -0.039791687279013506 -0.049389730469959564 -0.015026760283744313 0.063070871753016053 -0.071162077751525485 -0.061473598817592429 0.0514782603200881 -0.027340572816810401
leaf_weight=112.59772552840877 304.05200511636212 3301.8036832045764 21.427959552966058 191.58536690054461 26.243617166765034 31.527403481304646 15.129522043280302 338.34384168684483 1.8451888156123448 577.16829185420647 5591.0257965866476 798.31898465263657 8.079252587631343 4.997352539561688 90.15094514656812 2.5402344465255728 23.125046691857282 51.089245840208605 22.08785955095664 10.145812270231543 61.849357061088085 2.6826259177178136 2.6274900399148455 20.885351931676272 5.6409504069015446 11.943142050877212 3.5513876257464281 7.7038534777238956 8.7393286526203138 15.028099359013138
leaf_count=1277 4525 87054 219 1664 402 311 138 3386 22 6578 94978 7065 75 52 810 28 270 631 198 62 410 14 20 179 43 49 34 74 39 113
internal_value=-1.0548e-10 -0.000506618 -0.000797444 0.00464274 0.00287472 0.0178016 0.00191464 0.00598491 0.00467383 0.00393763 0.000136516 0.00308037 -0.00358711 -0.044096 -0.00212064 -0.0131532 0.0016876 0.00475679 0.0092025 -0.00568934 0.0154486 -0.0228933 0.0444156 -0.0393074 0.00874217 0.0289763 0.00626802 -0.0219766 0.0253903 0.000879136
internal_weight=11663.9 10516.4 10065.4 1147.55 955.966 57.771 898.195 450.942 594.143 579.013 6763.64 1172.61 374.295 13.0766 361.219 92.6912 268.528 237.699 186.609 55.1417 131.468 33.7138 24.7153 23.568 106.752 29.8748 17.9317 30.8289 14.3803 76.8775
internal_count=210720 197080 192417 13640 11976 713 11263 4663 6738 6600 105363 10385 3320 127 3193 838 2355 2011 1380 474 906 255 218 193 688 165 116 344 82 523
is_linear=0
shrinkage=0.05


Tree=14
num_leaves=31
num_cat=0
split_feature=48 11 16 7 15 15 42 9 0 17 29 32 16 15 28 32 4 16 25 33 26 4 25 6 25 24 15 25 12 14
split_gain=11.1618 9.7622 7.78282 6.65172 5.14937 5.14192 4.77586 4.61488 5.69311 4.55426 5.55741 5.10303 5.09537 7.23157 5.8085 5.21638 5.05983 4.56474 4.50962 4.46592 4.39726 4.36009 4.22058 4.35739 7.79523 5.42152 5.18764 4.95782 5.64802 4.43721
threshold=0.10663593827557351 4.2774291896144776 13.500000000000002 67.500000000000014 9.0525388853447186 4.8152341736056856 0.30978977942959413 278.50000000000006 37.500000000000007 23.500000000000004 0.21937500000000001 0.27225000000000005 18.500000000000004 7.6443937090612071 0.0018321029327441002 0.27018518518518525 10.500000000000002 8.5000000000000018 1.6799836429327728 1.3836850370432954 0.55500000000000016 10.500000000000002 1.7168382868810632 32.500000000000007 10.694138908032807 5.5000000000000009 7.2052733996999594 11.212005030552115 21.500000000000004 10.813596244381072
decision_type=2 2 2 2 2 2 2 2 2 2 2 2 2 2 2 2 2 2 2 2 2 2 2 2 2 2 2 2 2 2
left_child=3 2 -2 4 9 6 -4 20 -9 10 -1 12 13 14 -11 -14 17 -12 -19 -13 -3 -6 -20 24 -24 27 -26 -25 -29 -28
right_child=1 7 5 -5 21 -7 -8 8 -10 11 16 19 15 -15 -16 -17 -18 18 22 -21 -22 -23 23 25 26 -27 29 28 -30 -31
leaf_value=0.050356102267420849 0.0054965508690582969 0.0032572023711496751 0.009574955076277071 -0.057451399328361907 0.064380346173021769 -0.00066763713406691122 -0.0036757478118790358 0.056934449197890591 0.011162271019732132 0.019919742679544158 0.049252127228427471 -0.0065528721837712495 -0.004544105537752371 -0.088733815043619269 -0.013225661677456951 -0.070101186249482791 0.052701674771007061 -0.00079556971367333819 0.034039308291473912 0.033049253365006963 -0.049040694213776735 0.0040202064211176374 0.0056043057692462192 0.014324333079384806 0.03279097587620565 -0.049918385825383847 -0.089254009296356684 -0.0070128589228072857 0.070424169305668693 -0.023041833055049546
leaf_weight=6.7439028639346352 415.56582650705241 873.18155870097689 69.832201138604432 4.4370397338643661 6.4633968248963338 5710.2355859030504 2592.9241881712805 7.4150943537242702 81.025518184527755 54.597649748902768 5.7096163446549317 11.162631999002771 315.092345145531 1.8307241611182679 17.439824892673641 3.0638868329115203 5.5006007337942711 310.86738224467263 13.353782494552432 19.651650822954252 4.0379189308732739 5.5701724411919713 866.22592377196997 51.75026103365235 3.5909025445580509 2.8088817154057315 2.9355716728605357 3.2043117955327025 8.8810281041078252 18.328918671468273
leaf_count=46 4246 10902 1925 57 35 93521 76247 56 754 813 47 162 5514 27 291 63 42 5189 133 231 87 46 9462 458 23 33 32 29 51 198
internal_value=2.56047e-11 -0.000657948 -0.00118227 0.00369005 0.00384643 -0.00151376 -0.00332824 0.00411398 0.0149999 0.00361876 0.00508498 -0.000888753 -0.00242874 0.00940149 0.0118954 -0.00517543 0.00484889 0.00464448 0.0044458 0.0187032 0.00301647 0.0364405 0.00612369 0.00573446 0.00481213 0.0180666 -0.0227956 0.0210581 0.0498925 -0.0321825
internal_weight=11493.4 9754.22 8788.56 1739.21 1734.77 8372.99 2662.76 965.66 88.4406 1722.74 1299.9 422.839 392.024 73.8682 72.0375 318.156 1293.16 1287.66 1281.95 30.8143 877.219 12.0336 971.08 957.726 891.081 66.6445 24.8554 63.8356 12.0853 21.2645
internal_count=210720 187738 175939 22982 22925 171693 78172 11799 810 22844 15743 7101 6708 1131 1104 5577 15697 15655 15608 393 10989 81 10419 10286 9715 571 253 538 80 230
is_linear=0
shrinkage=0.05


Tree=15
num_leaves=31
num_cat=0
split_feature=48 11 16 25 43 34 11 12 35 26 17 13 11 11 33 7 6 48 21 47 47 10 8 4 42 8 42 6 42 5
split_gain=9.4951 7.48459 6.25247 5.02162 6.24638 6.66432 6.26617 5.64494 5.39382 6.20918 6.07592 9.10196 7.15387 5.6468 4.60845 5.82353 4.4435 6.1339 6.84843 6.19881 5.60767 7.29037 5.38841 4.94369 4.84854 4.52082 4.21605 4.27458 4.19574 5.84532
threshold=0.10663593827557351 4.2774291896144776 13.500000000000002 8.4782515616951759 0.40694021945948172 73.438750000000013 4.0044609690087034 25.500000000000004 788.73863636363649 0.44500000000000006 17.500000000000004 -0.88695199297692706 3.9207519982600187 4.1564810395024034 1.3860153704271461 48.500000000000007 25.500000000000004 0.11977214206580471 1.0000000180025095e-35 0.31083238410426234 0.30942228817927675 2.5000000000000004 117.50000000000001 6.5000000000000009 0.33249747707567329 56.500000000000007 0.40066465823895497 24.500000000000004 0.40071270367897394 13.500000000000002
decision_type=2 2 2 2 2 2 2 2 2 2 2 2 2 2 2 2 2 2 2 2 2 2 2 2 2 2 2 2 2 2
left_child=3 2 -2 -1 5 8 28 -8 -5 10 -10 12 -12 14 15 -11 -3 18 19 20 22 -22 24 -20 -18 -19 27 -7 29 -6
right_child=1 16 -4 4 6 26 7 -9 9 13 11 -13 -14 -15 -16 -17 17 25 23 -21 21 -23 -24 -25 -26 -27 -28 -29 -30 -31
leaf_value=0.002169146790751995 0.0047728755584510972 0.0016677518963246233 -0.0014424674310935456 -0.047308806068055632 -0.071187637384161839 0.038299218518250022 -0.013380230400486651 -0.075861131245561403 -0.014114689130716824 -0.061559023359144385 -0.072875748206930879 0.034463617009378604 0.010555045008356818 -0.070761875435299396 -0.067144633810726148 0.0081013710172419522 -0.046709565220533066 0.041350208470786576 -0.0054953437555303256 -0.066235102398960188 0.064318600046688976 -0.051004609839348417 -0.10254106419360576 0.077602164632372309 0.056503311455094241 0.010802789686825111 0.068224577108105131 0.014188063548716229 0.044189017519784005 0.0094678053749184116
leaf_weight=1608.9233338059857 426.13796436868142 763.40870535839349 8018.1484589960892 4.96204830543138 2.7166643040254739 22.611936037428677 13.1948249777779 4.9790807766839853 13.841447827406226 3.3297819644212714 3.699330359697341 40.57839577132836 8.4118756093084794 3.4476821403950444 2.661076850257813 30.314071071567014 3.0864282497204893 12.980302629992364 4.3303843941539517 6.816521323285996 4.2236644644290209 2.0286542950198054 2.2235636673867702 3.0508098285645247 1.8022746630012987 181.01239318307489 4.4554624198935917 98.270278119249269 6.1640264270827165 12.9761367845349
leaf_count=20142 4246 9755 171693 79 39 171 154 65 160 50 61 353 89 47 33 328 46 94 47 80 30 31 31 14 14 1657 34 976 50 151
internal_value=-1.87229e-10 -0.000647703 -0.00112881 0.00323905 0.00946212 0.0125528 -0.00880383 -0.030498 0.0036453 0.00602419 0.0153659 0.0231103 -0.0149286 -0.00961029 -0.00380305 0.00120698 0.00347694 0.00971085 -0.0123607 -0.0274336 -0.00764321 0.0269003 -0.0380101 0.0288507 -0.00865899 0.0128468 0.0204588 0.0186982 0.00923487 -0.00449489
internal_weight=11314.8 9429.25 8444.29 1885.54 276.614 236.583 40.0307 18.1739 111.246 106.284 66.531 52.6896 12.1112 39.7526 36.3049 33.6439 984.964 221.555 27.5623 20.1811 13.3646 6.25232 7.11227 7.38119 4.8887 193.993 125.338 120.882 21.8568 15.6928
internal_count=210720 187738 175939 22982 2840 2381 459 219 1200 1121 663 503 150 458 411 378 11799 2044 293 232 152 61 91 61 60 1751 1181 1147 240 190
is_linear=0
shrinkage=0.05


Tree=16
num_leaves=31
num_cat=0
split_feature=48 25 11 6 8 16 12 36 5 14 12 25 31 7 14 24 32 20 21 37 6 42 12 42 9 34 28 29 0 8
split_gain=6.51155 7.45036 6.64301 6.86479 5.79197 5.46998 5.1156 4.71642 4.17636 5.89041 6.38442 4.66689 7.63152 9.97317 5.86094 5.9215 5.38876 5.20968 4.48199 4.43483 4.05413 7.27181 4.50057 4.2879 5.85502 4.16083 4.0497 5.75992 3.87436 4.64303
threshold=0.10663593827557351 8.4782515616951759 4.2774291896144776 25.500000000000004 56.500000000000007 13.500000000000002 14.500000000000002 5.4375000000000009 16.500000000000004 10.278538994610363 22.500000000000004 5.6391164519046191 0.26757352941176477 62.500000000000007 10.813596244381072 5.5000000000000009 0.25553571428571431 -3.4999999999999996 1.0000000180025095e-35 0.48622844827586215 24.500000000000004 0.39856602374917088 26.500000000000004 0.3761218283771503 291.50000000000006 73.690981432360758 -0.0031787388633805497 0.25538127413127415 49.500000000000007 122.50000000000001
decision_type=2 2 2 2 2 2 2 2 2 2 2 2 2 2 2 2 2 2 2 2 2 2 2 2 2 2 2 2 2 2
left_child=1 8 5 -4 -5 7 -3 -2 9 -1 18 12 14 19 28 16 26 -13 -11 -14 21 23 -23 24 25 -8 -16 -28 -10 -30
right_child=2 6 3 4 -6 -7 20 -9 11 10 -12 17 13 -15 15 -17 -18 -19 -20 -21 -22 22 -24 -25 -26 -27 27 -29 29 -31
leaf_value=0.0010656796841100929 0.0050612963856144257 -0.045965732370550932 0.0010551776964060986 0.041258053385569919 0.0088429898576893613 -0.0013168085856235475 0.001786835049604368 -0.045029690028291144 0.043636795634803827 0.012647907911303297 -0.04831353149965531 -0.039848220032219217 0.00026604608902044193 0.07256380320727833 0.063091399697055781 0.059166637709012718 -0.04340955614195452 0.039738974984030284 -0.057370655495483064 -0.062012930876346933 0.0085290234151122069 0.0044761913731108816 -0.080998640076026501 0.050963853784439163 -0.052528191737300958 0.06318309055634605 0.014250398582971186 -0.051932119324332573 -0.0073718816476849693 0.022767898375836728
leaf_weight=1516.8697401547106 421.01171846699435 3.9682040649931869 773.48951376276091 14.739912472665308 211.77196242613718 7849.7998042404652 5.9089312283322197 4.7523491051979354 12.697272931691257 12.392680301330985 12.685379398986695 2.3043321496807065 4.1268610861152402 2.17404796835035 2.361786578781909 2.9999742973595849 10.31205765949562 19.095096945762634 2.8023344408720723 9.3004032131284458 221.29580247099511 6.5380325117148441 2.014568482991308 19.689924971666187 2.629507972393184 5.1774730533361435 10.066259527578952 4.8819097401574245 18.732861371245235 40.196593266911805
leaf_count=18474 4196 77 9755 94 1950 171693 81 50 100 118 142 39 34 14 18 23 116 152 33 125 2374 77 26 128 40 37 93 71 215 375
internal_value=-5.94966e-11 0.00262544 -0.000552291 0.003297 0.0109524 -0.00101743 0.0103815 0.00450218 0.00139468 0.000647089 -0.0221269 0.00968804 0.00578752 -0.0267856 0.0107576 -0.00755061 -0.0147966 0.0311689 -0.000265237 -0.0428715 0.0112308 0.0254806 -0.0156574 0.0360128 0.0145498 0.0304596 0.00224892 -0.00736409 0.0185847 0.0131869
internal_weight=11226.8 1951.22 9275.57 1000 226.512 8275.56 267.222 425.764 1684 1544.75 27.8804 139.249 117.85 15.6013 102.249 30.622 27.622 21.3994 15.195 13.4273 263.254 41.9584 8.5526 33.4058 13.7159 11.0864 17.31 14.9482 71.6267 58.9295
internal_count=210720 22982 187738 11799 2044 175939 2840 4246 20142 18767 293 1375 1184 173 1011 321 298 191 151 159 2763 389 103 286 158 118 182 164 690 590
is_linear=0
shrinkage=0.05


Tree=17
num_leaves=31
num_cat=0
split_feature=48 5 16 32 11 29 4 32 17 47 25 31 13 20 48 34 0 31 15 34 43 15 25 6 17 32 9 20 11 9
split_gain=7.00013 9.13101 5.84472 4.98139 4.58071 4.56491 5.8503 4.32127 4.23126 3.98267 3.94584 5.19634 4.89839 4.39777 6.94437 5.90426 4.97741 4.57198 3.90232 3.82081 3.75401 3.72609 5.2293 7.50523 6.49571 6.03849 5.33523 4.95488 4.87641 4.95393
threshold=0.10663593827557351 15.500000000000002 13.500000000000002 0.22171428571428572 4.2400378071833655 0.2761684782608696 5.5000000000000009 0.28437500000000004 5.5000000000000009 1.990951517707922 3.6241254045655098 0.23958978328173372 -0.5659467078157584 7.5000000000000009 0.36949581862966513 73.779391891891905 98.500000000000014 0.2537268518518519 7.0234984940280478 73.217763157894751 0.31218831355298143 6.8030296963430485 8.4782515616951759 24.500000000000004 15.500000000000002 0.25685060060060061 148.50000000000003 -3.4999999999999996 3.9720162992108681 460.50000000000006
decision_type=2 2 2 2 2 2 2 2 2 2 2 2 2 2 2 2 2 2 2 2 2 2 2 2 2 2 2 2 2 2
left_child=1 3 8 -1 -4 7 -7 20 -2 -10 18 -12 13 -13 15 -15 17 -16 -6 -18 -3 22 -5 -24 26 -26 -25 -23 -29 -30
right_child=2 5 4 21 10 6 -8 -9 9 -11 11 12 -14 14 16 -17 19 -19 -20 -21 -22 27 23 24 25 -27 -28 28 29 -31
leaf_value=-0.031073849053533911 0.046142425417243053 0.068834776431027353 -0.0013230404614324623 0.0009398186475882283 -0.00085640992670312486 0.012081489580873669 -0.10134184062296292 -0.058054953080192997 0.0038729861394250645 0.04125459488415905 0.01664774559357542 0.00011173982805979873 0.025105963368233838 0.010785727403746656 -0.036213996939248864 0.051801429851072459 -0.01637995494673631 0.06955836697232852 0.040133501554583992 -0.10188574999312328 0.011006748295386729 0.016400825950212292 0.03341248462610185 0.035513849564444054 -0.0021211423295707877 0.024048737146170861 -0.068169181749744109 -0.049748915533812707 0.013984994388140918 -0.040725389215602481
leaf_weight=11.880956033943219 6.1926720463670781 2.8314450047910205 7518.4163931129733 1451.4058527420275 700.67321963422 2.5153124434873453 2.0745232992339879 2.2475746590644112 416.95255851012189 7.2491050923708817 83.229312285780907 388.60730304801837 23.908020476810634 23.882782810367644 1.9500699173659066 13.869636574760078 2.9538816716521978 2.1458688657730818 5.854940445162355 2.3426021663472056 318.06516184064094 10.010451428126542 29.884376250440255 1.6443269327282894 55.494360560551286 36.567575016058981 5.0550010215956718 11.453658861108126 10.445198881905528 6.851793765788897
leaf_count=184 33 26 166169 17423 10742 20 38 26 4216 64 961 4749 262 262 26 110 31 15 57 41 3401 126 271 15 651 333 76 182 122 88
internal_value=-1.62735e-10 0.00271428 -0.000577907 0.00118372 -0.000857153 0.0103298 -0.0391838 0.0110331 0.00511079 0.00451179 0.00194634 0.00515184 0.00307031 0.0018613 0.0162826 0.0258542 -0.0221901 0.0192003 -0.00051673 -0.0541986 0.011517 0.00142047 0.00179618 0.0114579 0.00481458 0.0082737 -0.0427205 -0.0138952 -0.0244437 -0.00768723
internal_weight=11156.7 1958.43 9198.23 1630.69 8767.83 327.734 4.58984 323.144 430.394 424.202 1249.42 542.889 459.66 435.752 47.1448 37.7524 9.39242 4.09594 706.528 5.29648 320.897 1618.81 1580.05 128.646 98.7613 92.0619 6.69933 38.7611 28.7507 17.297
internal_count=210720 22982 187738 19471 183425 3511 58 3453 4313 4280 17256 6457 5496 5234 485 372 113 41 10799 72 3427 19287 18769 1346 1075 984 91 518 392 210
is_linear=0
shrinkage=0.05


Tree=18
num_leaves=31
num_cat=0
split_feature=48 14 24 29 25 16 0 7 26 4 6 35 30 11 43 35 32 17 7 12 11 9 34 26 9 31 34 14 20 33
split_gain=6.33796 8.19765 5.38078 4.9469 5.33689 4.70582 4.34233 4.58525 6.98784 5.00747 7.89139 4.93139 5.53825 4.82521 4.81358 5.16056 4.56627 4.62085 4.48979 5.58445 4.23992 5.44414 4.05898 4.64757 4.04949 4.31444 5.65263 4.82745 7.58765 4.46247
threshold=0.10663593827557351 8.4410347971858322 4.5000000000000009 0.26369318181818185 3.7033981363720785 13.500000000000002 65.500000000000014 55.500000000000007 0.51500000000000012 6.5000000000000009 32.500000000000007 799.2125000000002 0.2286607142857143 4.1132855051742929 0.40324678105594808 808.01250000000016 0.25933499288762446 18.500000000000004 52.500000000000007 14.500000000000002 4.2400378071833655 683.50000000000011 72.229166666666671 0.29500000000000004 652.50000000000011 0.27600644122383255 71.630681818181827 7.4283919249199037 1.0000000180025095e-35 1.3862349530563278
decision_type=2 2 2 2 2 2 2 2 2 2 2 2 2 2 2 2 2 2 2 2 2 2 2 2 2 2 2 2 2 2
left_child=1 2 24 4 -4 -2 7 8 16 13 14 -12 -13 -9 15 -11 17 -3 19 -8 -7 -22 -21 -24 25 26 -1 -27 -29 -28
right_child=5 6 3 -5 -6 20 18 9 -10 10 11 12 -14 -15 -16 -17 -18 -19 -20 22 21 -23 23 -25 -26 27 29 28 -30 -31
leaf_value=0.040636722056404839 0.0045483326126737498 -0.0074509958359191665 -0.1024006173429407 0.038186443666002691 -0.022751152692301692 -0.0012675269119969501 -0.039573268365696676 0.019565554566492234 -0.054110055922402416 -0.077750168018884958 0.077554257737308327 0.086373919424575452 -0.028798029717109472 -0.049498047443555418 -0.074425858013207558 0.013777499256648496 0.034974405447128876 0.019115522197806236 0.0085669152893490166 -0.033823239871234749 0.0017105913545600909 0.075924795478378951 -0.057898060579034072 0.0029014970508634682 -0.0073842327022768999 0.024314692969944811 0.00054957902623832848 -0.042550024820977167 0.019569114508430539 -0.040649015311523082
leaf_weight=8.7503065718337876 430.19734194967896 20.138231509830803 3.1332526784390193 1.9652508320286859 6.3967884378507733 7405.6643669898622 8.7774491736199689 28.310375890694562 3.3231393606401971 2.2207606770098227 2.5526298875920457 1.3188214562833307 5.0054849749431014 2.7771453363820902 6.1499945060350001 5.0241860440000892 34.817356940358877 87.42490271339193 300.8021678290097 8.1101420465856773 1271.9251698779408 2.4759375508874646 3.1839658818207672 245.17504605860449 148.91517662722617 40.566645767074078 968.52667596354149 8.2399512182455528 12.185515990480779 6.6177090941928318
leaf_count=80 4313 236 46 20 77 166169 124 274 55 36 18 9 79 38 92 56 275 876 3271 125 17242 14 46 2684 1687 454 11944 134 119 127
internal_value=-1.37035e-10 0.00257128 1.75711e-06 -0.0340431 -0.048938 -0.000556128 0.0066191 0.012971 0.0175632 0.000431292 -0.0176649 0.0188951 -0.00478097 0.0133959 -0.0418936 -0.0142781 0.0192361 0.0141417 0.00438533 -0.000356779 -0.000809113 0.00185478 0.000985374 0.00212205 0.00032958 0.00142894 0.000628992 0.0143332 -0.00549071 0.000269989
internal_weight=11080.7 1970.41 1205.3 11.4953 9.53004 9110.26 765.112 199.063 145.704 53.3594 22.2719 8.87694 6.32431 31.0875 13.3949 7.24495 142.38 107.563 566.049 265.247 8680.07 1274.4 256.469 248.359 1193.8 1044.89 983.895 60.9921 20.4255 975.144
internal_count=210720 22982 14688 143 123 187738 8294 2044 1442 602 290 106 88 312 184 92 1387 1112 6250 2979 183425 17256 2855 2730 14545 12858 12151 707 253 12071
is_linear=0
shrinkage=0.05


Tree=19
num_leaves=31
num_cat=0
split_feature=48 14 0 26 13 13 26 34 14 38 14 11 0 0 35 36 36 17 28 8 43 35 13 35 26 14 43 42 33 17
split_gain=6.27308 6.88899 5.37567 4.6194 6.69825 6.39929 5.24574 6.14146 4.97977 5.06031 4.37181 4.32174 5.69832 4.75202 4.29085 7.43156 5.27085 5.11346 4.27189 4.20406 4.81446 5.02974 4.19774 3.97403 3.93458 3.92918 4.21296 4.14273 3.92075 3.90006
threshold=0.10663593827557351 8.4410347971858322 65.500000000000014 0.38500000000000006 -0.57482595865376196 -0.30626910575899829 0.42500000000000004 73.658333333333346 8.832721402163445 0.017445652173913005 8.7311977691498353 3.8860984729041852 109.50000000000001 103.50000000000001 804.67750000000012 4.823214285714287 5.0983870967741938 23.500000000000004 -0.005031482802994299 142.50000000000003 0.3973472864205686 825.93750000000011 -0.91373422451556963 788.47500000000014 0.48500000000000004 9.0284281607798373 0.40694021945948172 0.39808865109290009 1.3862164643238601 16.500000000000004
decision_type=2 2 2 2 2 2 2 2 2 2 2 2 2 2 2 2 2 2 2 2 2 2 2 2 2 2 2 2 2 2
left_child=1 -1 3 4 -3 -6 10 -8 9 -9 -5 12 13 19 15 23 17 -17 -16 20 21 -4 28 -14 -21 -10 27 -27 -2 -22
right_child=22 2 11 6 5 -7 7 8 25 -11 -12 -13 14 -15 18 16 -18 -19 -20 24 29 -23 -24 -25 -26 26 -28 -29 -30 -31
leaf_value=0.00021205218652547346 0.004952990512606492 0.019443772809242366 0.005532767662322983 0.057502536680252098 -0.071462427261471451 -0.0046778432926042474 0.020267006894250737 -0.073806573857989041 0.049401393130322907 0.0074230575576223748 0.022580327188110382 0.0010571131308060872 0.018224743944944239 -0.042647089261887094 -0.035245539081045822 0.051348197120434161 -0.024343289345108713 -0.026665392735500851 0.024055178777249053 -0.065008238591288015 0.069657043349186515 -0.091838004499197948 -0.00078105121509061443 -0.055551731029360896 0.024950060546999817 0.010883861796325714 -0.0760368628467986 -0.050057803850021003 -0.043789261794909579 0.010347438067372955
leaf_weight=1181.9914137428859 397.52286017034203 16.501073408173397 3.204382052877917 11.446929095312951 5.2058346462436047 11.534009692491962 62.261157842585817 4.683099082671105 4.1162171307951239 3.2463845536112785 41.280533247161657 395.23547866020817 2.4655066225677746 6.7020714101381591 3.1473715021274975 10.24863722571172 5.1834143083542576 2.6419201255775979 86.577495309989899 3.9594810893759123 3.061837487621232 2.2628112086094916 8684.5958211449906 7.0294742919504642 1.7539318902418015 20.15836992813275 1.8443919392302621 3.2363970400765529 4.1689658798277369 29.260582722257823
leaf_count=14688 7391 174 36 87 75 141 681 69 40 36 421 4402 35 89 39 97 70 52 870 60 26 35 180243 111 18 255 35 30 104 310
internal_value=-1.28489e-10 0.00258866 0.00634294 0.0137241 -0.00316275 -0.0254468 0.0174105 0.0106564 -0.00539217 -0.0405506 0.0301618 0.00390961 0.0106405 -0.00345571 0.016674 -0.000578418 0.0182373 0.0353593 0.021975 0.00258211 0.00862585 -0.0347679 -0.000549921 -0.0363946 -0.0373924 0.00410484 -0.00328251 0.00245328 0.00444712 0.0159657
internal_weight=11016.5 1930.24 748.249 185.514 33.2409 16.7398 152.273 99.546 37.2849 7.92948 52.7275 562.734 167.499 50.2051 117.294 27.569 18.074 12.8906 89.7249 43.503 37.7896 5.46719 9086.29 9.49498 5.71341 29.3554 25.2392 23.3948 401.692 32.3224
internal_count=210720 22982 8294 2044 390 216 1654 1146 465 105 508 6250 1848 574 1274 365 219 149 909 485 407 71 187738 146 78 360 320 285 7495 336
is_linear=0
shrinkage=0.05


Tree=20
num_leaves=31
num_cat=0
split_feature=48 14 13 28 26 28 0 11 4 37 37 0 28 43 32 14 24 16 13 14 34 34 14 4 14 25 36 47 9 25
split_gain=6.47115 8.38261 5.18276 5.16875 6.98008 4.81033 4.66392 7.67391 4.55868 4.17783 4.50506 4.49237 4.78063 4.57365 5.18747 4.08586 3.94266 3.82796 3.9562 3.58879 7.35435 6.15873 7.14713 4.39336 5.30688 4.82317 5.45445 3.91352 4.86327 3.86186
threshold=0.10663593827557351 8.4410347971858322 -0.91373422451556963 -0.006456852060113199 0.44500000000000006 -0.010525242371725198 65.500000000000014 3.8860984729041852 10.500000000000002 0.48474137931034489 0.45937500000000003 75.500000000000014 -0.005031482802994299 0.40673429019126267 0.26830357142857147 9.4132291641104953 6.5000000000000009 13.500000000000002 -0.9006087543863005 4.7201470379652779 73.5732142857143 72.926785714285728 5.5268366569282898 4.5000000000000009 6.7201822335010073 7.6027566720943467 4.7245689655172418 1.595198010469465 718.50000000000011 0.86351855650035392
decision_type=2 2 2 2 2 2 2 2 2 2 2 2 2 2 2 2 2 2 2 2 2 2 2 2 2 2 2 2 2 2
left_child=1 -1 3 4 -2 -6 15 16 -5 10 -9 13 -13 14 -11 -3 -8 18 -4 20 -20 22 -21 25 -25 -23 -27 28 29 -24
right_child=2 6 17 8 5 -7 7 9 -10 11 -12 12 -14 -15 -16 -17 -18 -19 19 21 -22 23 27 24 -26 26 -28 -29 -30 -31
leaf_value=2.7463343099912269e-05 0.058187481482574278 0.0211021564014186 -0.055621938881857375 0.002862268804562116 0.050498867220124338 -0.041386188654666173 0.012476791605765265 -0.048246855032898932 0.048313196069797795 -0.046357474942557757 0.014841027306806502 -0.028648912022591361 0.0012545021073158797 0.037897210415086799 0.03694614491074253 0.0058857548392135632 0.065518163348301281 -0.0011002723963214286 0.054274957098292068 -0.056585785349836139 -0.042955476192361931 0.018925900290459093 -0.035444808056212494 -0.058144840596462848 0.0039952473122887586 0.026257867658394687 -0.067205546511184461 0.037965575904220998 -0.061032632229149286 -0.00016771488704280533
leaf_weight=1185.6278724122094 9.904545930214228 93.095316768623888 2.782997289672493 511.1586034311913 2.190441288985312 4.0727855861186972 162.02018182026222 2.9585645929910234 5.5770775806158772 13.912989543285226 64.995383992092684 13.997293438529594 296.0903992713429 2.4711348093114784 2.1587970312684766 83.852952932938933 3.5809160601347676 8100.2738921984565 8.5831135585904104 6.8108958753291509 2.5145989782176903 88.916966171935201 8.5986851598136109 3.4948739157989612 203.48588660708629 2.7805191362276664 3.5591919282451272 5.3506404869258395 3.8495206255465737 79.353320809546858
leaf_count=14688 82 1026 33 7288 14 62 1822 49 49 185 711 184 3230 23 20 1018 26 175991 58 101 40 771 107 44 2056 22 42 49 45 884
internal_value=-1.13508e-10 0.00263277 -0.000559738 0.00422384 0.0320624 -0.00925118 0.00681188 0.00458361 0.00335282 0.000808738 0.0120943 -0.00152489 -9.53317e-05 -0.0254309 -0.035168 0.0138913 0.0136237 -0.000858926 0.00379488 0.00419113 0.0322438 0.00342471 -0.00707264 0.00703558 0.00294601 0.0159217 -0.0262136 -0.0036015 -0.00602423 -0.0036166
internal_weight=10978 1924.76 9053.26 532.903 16.1678 6.26323 739.134 562.186 516.736 396.585 67.9539 328.631 310.088 18.5429 16.0718 176.948 165.601 8520.36 420.081 417.298 11.0977 406.201 103.963 302.237 206.981 95.2567 6.33971 97.1522 91.8015 87.952
internal_count=210720 22982 187738 7495 158 76 8294 6250 7337 4402 760 3642 3414 228 205 2044 1848 180243 4252 4219 98 4121 1186 2935 2100 835 64 1085 1036 991
is_linear=0
shrinkage=0.05


Tree=21
num_leaves=31
num_cat=0
split_feature=15 26 46 11 20 12 33 28 25 32 27 11 38 11 28 16 8 14 48 35 47 33 48 34 33 13 8 35 14 17
split_gain=5.7689 9.09774 8.54695 4.58824 4.88274 5.25807 5.15825 7.23857 7.16057 5.73762 5.31079 4.91569 4.41593 4.2858 4.43911 4.25091 6.96373 4.1119 4.25243 3.98354 3.92128 3.86645 6.35053 6.67823 4.55347 4.45865 6.74883 5.06288 3.96314 4.61898
threshold=4.8005897342028172 0.25500000000000006 1.0000000180025095e-35 4.2855306647080438 1.5000000000000002 18.500000000000004 1.3857838757245553 -0.0013005345000823498 9.7260738073060793 0.2598387096774194 0.072906780937042517 4.3087327523602044 0.034166666666666602 4.3240088680229531 -0.0015176937728876496 22.500000000000004 102.50000000000001 9.5497238363159322 0.23468848991844787 796.32916666666677 0.61502578627848903 1.3845617354720441 0.11320839460985242 73.973611111111126 1.3834155157532921 -0.39851806610464052 93.500000000000014 826.60000000000014 10.956727006990212 23.500000000000004
decision_type=2 2 2 2 2 2 2 2 2 2 2 2 2 2 2 2 2 2 2 2 2 2 2 2 2 2 2 2 2 2
left_child=1 -1 -2 -4 5 11 10 -8 9 -9 13 -5 19 -7 17 -16 -17 18 -15 -13 -14 22 -6 24 -24 27 -27 -23 29 -26
right_child=2 -3 3 4 21 6 7 8 -10 -11 -12 12 20 14 15 16 -18 -19 -20 -21 -22 25 23 -25 28 26 -28 -29 -30 -31
leaf_value=0.01281168000855739 0.0052845795899621167 -0.0018772999707621066 -0.00020407687990941074 -0.064622015936794161 0.075043418327982642 0.026605921523763412 -0.081978498856729698 0.0063367980735609536 -0.10173938972283232 -0.073922881740604726 -0.027548255975552501 -0.069214704523289899 -0.009937797054643047 -0.032767385926071577 0.016293094041488609 0.016911162712069175 -0.058691789208737494 -0.053629748202460581 0.011446913558254015 0.0046955350483592305 -0.091165651799481592 0.024320822039872344 0.028120172928260898 -0.072568336076208911 -0.023697568183077271 -0.02803916195912038 0.015000269334883376 -0.018009195593942536 0.059184303183102263 0.049008432168309204
leaf_weight=108.28437965677585 951.41411093645729 3973.8946086226497 5483.7229229144286 4.728473966009914 2.5239727906882754 30.908402810804546 3.4834499014541498 27.497635493986316 1.8417983464896668 2.4229932790622106 10.012345210649071 1.9747354732826412 3.1082287523895493 8.0457996120676452 70.294760754331946 7.124346240423618 5.3204188132658601 4.7566108312457791 16.779257046058774 23.734838441945612 2.8464422561228275 91.822075285948813 10.124560852535067 3.5138406120240679 22.298095450270928 13.156104437075554 29.603179791010916 7.652540926821529 1.8558737970888604 2.4217117670923463
leaf_count=1162 10783 95977 98399 67 23 266 54 315 27 39 158 33 34 112 661 81 80 54 175 282 44 870 92 46 266 202 297 85 12 24
internal_value=-5.70114e-11 -0.00148766 0.000887202 0.000177322 0.00528035 0.000330806 0.00369029 -0.0135567 -0.00605278 -0.000162686 0.00765713 -0.0170689 -0.0099677 0.0101181 0.00558105 0.0115245 -0.0154108 -0.0110428 -0.00288294 -0.000981462 -0.0487662 0.0112978 -0.00188987 -0.00671847 -0.000413712 0.0152604 0.00175797 0.0210644 -0.0112843 -0.0165748
internal_weight=10927.2 4082.18 6844.99 5893.58 409.852 224.881 188.488 35.2459 31.7624 29.9206 153.242 36.3927 31.6642 143.23 112.321 82.7395 12.4448 29.5817 24.8251 25.7096 5.95467 184.972 42.7381 40.2141 36.7002 142.234 42.7593 99.4746 26.5757 24.7198
internal_count=210720 97139 113581 102798 4399 2482 2022 435 381 354 1587 460 393 1429 1163 822 161 341 287 315 78 1917 463 440 394 1454 499 955 302 290
is_linear=0
shrinkage=0.05


Tree=22
num_leaves=31
num_cat=0
split_feature=11 15 9 16 16 15 46 28 34 36 47 36 9 15 28 13 43 43 13 37 32 14 30 11 26 43 32 17 14 31
split_gain=9.73267 9.36174 5.80985 4.99166 4.9867 5.11121 5.02894 4.82972 4.3544 4.29421 5.07978 5.04125 4.51279 4.19695 4.62035 5.00521 5.74521 4.31336 4.10163 4.92655 4.06461 4.30311 4.47364 7.02877 4.6832 4.89174 4.53697 4.31331 4.01578 4.05096
threshold=4.2774291896144776 4.8152341736056856 175.50000000000003 13.500000000000002 13.500000000000002 4.8005897342028172 1.0000000180025095e-35 0.00066019551839100008 74.026013513513533 4.7245689655172418 1.4967253131591411 4.9267857142857148 243.50000000000003 6.9440276057261938 0.0054348638575895504 -0.80416617738512586 0.403167196613747 0.40552717797694965 -0.90809439044650631 0.48733974358974358 0.26623310810810813 7.6991022592188925 0.24479729729729732 4.5260889292196014 0.48500000000000004 0.40378033248729223 0.25447860962566843 20.500000000000004 7.808070542175737 0.25545634920634919
decision_type=2 2 2 2 2 2 2 2 2 2 2 2 2 2 2 2 2 2 2 2 2 2 2 2 2 2 2 2 2 2
left_child=4 2 3 -2 -1 -6 -7 20 -4 10 13 12 -11 14 15 16 18 -18 -9 -20 21 22 -3 24 25 -24 27 -25 -17 -30
right_child=1 7 8 -5 5 6 -8 9 -10 11 -12 -13 -14 -15 -16 28 17 -19 19 -21 -22 -23 23 26 -26 -27 -28 -29 29 -31
leaf_value=0.0046170987644867101 0.044702312298835478 0.050147446270405432 0.0042179122312708244 -0.0035262192966135802 -0.0023834082393021714 0.0035730320712690175 -0.00049979213143901428 -0.054115877429536767 0.024493268003183896 0.012580878050551737 0.061655916251854292 -0.0042694634336245619 0.051452856867150412 -0.049854785064824041 -0.058713017565561555 -0.046794137374514044 0.072888268953851185 -0.0021053021983470171 0.059579342224285382 -0.024181162611961959 0.025894352023946538 0.0078707695605292789 0.032153156070950893 0.00026767833423541504 0.065018277317599599 -0.028236955416669908 0.028938597627269039 -0.098254358511362147 0.0048848904848795829 -0.041186467064655646
leaf_weight=453.13985902233981 5.4343691617250434 12.739439700730143 161.8024603901431 420.81802867446095 3172.6984828461427 885.96293416130356 5244.4127961210907 3.1412491025403142 31.662814544513822 64.457991323433816 2.6018407400697461 44.522080444730818 8.4445863272994739 5.8858801694586864 3.8250948125496498 7.0048235394060603 5.9249906940385682 2.8347154017537832 3.2662219069898146 3.7955035855993629 54.031852551735938 210.1725410441868 11.072610772214835 1.8749668849632133 6.2290680464357129 4.8099770322442046 2.2188622993417084 2.7262166487053037 23.107474404852841 6.0128425210714331
leaf_count=4663 36 101 1909 6127 87054 9968 95395 48 307 710 18 498 57 69 52 108 39 39 25 50 535 2261 104 21 43 53 24 52 268 86
internal_value=-1.2325e-10 0.00443543 0.000350202 -0.00291134 -0.000504826 -0.000754307 8.88131e-05 0.00959476 0.00753621 0.00321339 -0.00684616 0.00898747 0.0170836 -0.0095967 -0.00557459 -0.00188485 0.0189173 0.0486197 -0.00658355 0.0145601 0.0134507 0.010781 0.025459 0.0145879 0.0282748 0.0138643 -0.0297872 -0.058107 -0.0128042 -0.00462805
internal_weight=10866.6 1110.42 619.718 426.252 9756.21 9303.07 6130.38 490.701 193.465 184.825 67.4006 117.425 72.9026 64.7988 58.9129 55.0878 18.9627 8.75971 10.203 7.06173 305.876 251.844 41.6711 28.9317 22.1117 15.8826 6.82005 4.60118 36.1251 29.1203
internal_count=210720 13640 8379 6163 197080 192417 105363 5261 2216 2067 802 1265 767 784 715 663 201 78 123 75 3194 2659 398 297 200 157 97 73 462 354
is_linear=0
shrinkage=0.05


Tree=23
num_leaves=31
num_cat=0
split_feature=11 15 14 43 9 6 8 17 37 11 51 30 36 36 0 42 14 16 15 36 31 11 6 30 26 47 48 34 32 28
split_gain=10.5172 10.5853 6.90451 5.40226 4.94247 4.77858 5.8593 5.29579 6.057 4.63731 4.54282 4.91116 4.63783 4.39453 5.4399 4.22992 4.11035 3.81207 3.62249 3.45471 8.20329 6.38448 4.54105 4.77086 6.28722 4.90944 4.26608 3.93767 3.41405 4.49041
threshold=4.2774291896144776 4.8152341736056856 7.5565389114085191 0.4088732468346698 278.50000000000006 25.500000000000004 56.500000000000007 21.500000000000004 0.46834935897435898 4.9642401021711384 1.0000000180025095e-35 0.26286764705882354 5.2875000000000005 5.0520270270270276 189.50000000000003 0.31924436357239 7.6271011678086262 13.500000000000002 4.8005897342028172 5.070197044334976 0.27939393939393947 4.1953238884839665 31.500000000000004 0.25863354037267078 0.21500000000000002 0.79952036998861487 0.37318226447194996 74.562500000000014 0.23062500000000005 0.0052511736426946514
decision_type=2 2 2 2 2 2 2 2 2 2 2 2 2 2 2 2 2 2 2 2 2 2 2 2 2 2 2 2 2 2
left_child=17 4 3 -3 28 7 -7 8 -4 16 11 15 -12 14 -6 -10 -9 19 -19 27 21 22 23 25 -25 -21 -27 -1 29 -2
right_child=1 2 5 -5 13 6 -8 9 10 -11 12 -13 -14 -15 -16 -17 -18 18 -20 20 -22 -23 -24 24 -26 26 -28 -29 -30 -31
leaf_value=0.0050545296626450511 -0.010195774083444104 0.029951058969933549 -0.029215055075754233 -0.035790500845240547 0.013614876368926769 0.045112590379408159 0.011377993261372765 -0.055843919201263484 0.0019600416209293293 0.061470061982415863 0.0069183800391527037 -0.021198036541016346 -0.063371657399210773 0.048603131377833418 -0.044015627681606599 0.037151438765247548 -0.0043120016130544425 -0.0021437121381662947 -4.35005559265096e-05 0.022133402086481506 -0.095302779406573404 -0.084521776320352127 -0.070188555986401654 0.025559633592198427 -0.046424758954340492 -0.067444196321226252 0.0013849667150581018 0.042787750822680423 -0.00021742342139781783 -0.068498028612931527
leaf_weight=379.51887214137241 32.418193949386477 55.333133789710701 8.9781160829588753 3.3119363626465192 46.89909952506423 13.882338009774683 176.80291960015893 4.0158133795484892 11.077573761343954 2.5921013178303829 58.725416620261967 5.3980440800078204 2.4444351755082598 7.9163875039666882 4.4864460192620745 37.258515222696587 106.27858480159193 3071.6602250938304 6191.978402611101 29.801779538393021 2.5194162875413886 2.3210286451503626 2.2129900320433071 4.5221393452957264 9.2136469758115691 2.9910761397331944 9.1016969643533212 7.0423235706984988 504.48736818507314 3.6772110462188712
leaf_count=3906 482 531 120 39 438 92 1726 63 121 21 682 80 31 56 55 340 1415 87054 105363 278 52 26 33 43 125 49 102 49 7289 59
internal_value=-9.32983e-11 0.00466653 0.0101503 0.0262384 0.000222902 0.0079431 0.013834 0.00319881 0.010337 -0.0046347 0.0134275 0.0240349 0.00410949 0.0139256 0.00858319 0.0290863 -0.00618828 -0.000521758 -0.000739894 0.00397631 -0.00691214 -0.00321073 5.19662e-05 0.00284615 -0.0227258 0.0112303 -0.0156395 0.00574195 -0.00128028 -0.0161353
internal_weight=10798.9 1085.98 486.099 58.6451 599.885 427.454 190.685 236.769 123.882 112.886 114.904 53.7341 61.1699 59.3019 51.3855 48.3361 110.294 9712.88 9263.64 449.245 62.6838 60.1644 57.8433 55.6303 13.7358 41.8946 12.0928 386.561 540.583 36.0954
internal_count=210720 13640 5261 570 8379 4691 1818 2873 1374 1499 1254 541 713 549 493 461 1478 197080 192417 4663 708 656 630 597 168 429 151 3955 7830 541
is_linear=0
shrinkage=0.05


Tree=24
num_leaves=31
num_cat=0
split_feature=11 15 9 16 20 17 33 16 14 40 15 34 47 14 35 12 47 15 6 17 5 33 33 33 39 28 33 13 30 34
split_gain=7.56536 5.03152 4.96122 4.828 3.7222 3.6469 3.41357 3.34273 3.24994 3.78283 3.65201 4.12523 6.72284 5.49567 6.24656 5.3571 7.10855 3.41219 3.16902 3.15624 3.12997 6.32772 4.35315 4.15494 4.15239 5.57827 4.42242 4.08316 4.04036 4.15083
threshold=4.2774291896144776 4.8152341736056856 257.50000000000006 13.500000000000002 5.5000000000000009 30.500000000000004 1.3827370654740359 13.500000000000002 7.5745206358599431 1.0000000180025095e-35 4.6181361602765802 73.722500000000011 1.100000366937014 4.6205653697047389 811.01250000000016 25.500000000000004 1.1893650334316825 4.2404507924856309 21.500000000000004 5.5000000000000009 11.500000000000002 1.3855754240940064 1.3848736073243557 1.3838925346895168 2.5000000000000004 0.00093179326611755008 1.3858440640933847 -0.91373422451556963 0.26369318181818185 73.273863636363657
decision_type=2 2 2 2 2 2 2 2 2 2 2 2 2 2 2 2 2 2 2 2 2 2 2 2 2 2 2 2 2 2
left_child=3 2 7 19 -3 -5 -4 -2 10 -10 11 13 -13 -8 15 -15 -17 -16 -7 -1 28 22 23 -22 25 27 -26 -23 29 -6
right_child=1 4 6 5 20 18 8 -9 9 -11 -12 12 -14 14 17 16 -18 -19 -20 -21 21 24 -24 -25 26 -27 -28 -29 -30 -31
leaf_value=0.041669464700572666 0.038722710640544888 0.0055653874666824086 0.069628654056153358 -0.0005974663054279124 0.073153449975352586 0.010380627597539417 0.045551948497496254 -0.0013079161480488825 -0.078566659937973932 0.019371673339628057 0.046878577324074709 0.033559623279010117 -0.025899773827996065 0.004006169869435498 0.019180406880985192 -0.097148379591685416 0.005150635656972222 -0.045202944911264455 -0.01666297223397277 0.0041759889819487942 0.032822303160980622 0.073063968390415568 0.036676219863457926 -0.008876020134292539 -0.0040847883045889979 -0.047259668696668804 -0.087135892733252202 0.0047066768088570203 -0.017106834775720562 0.024893712739538394
leaf_weight=5.686024881899356 5.269154515117406 384.52262227423489 2.5402958281338206 9159.5535659864545 6.708413075655705 13.212928387569262 4.9846163555048397 507.71104018762708 2.135546781122684 1.8315241970121858 7.2142779007554045 25.386167000047866 5.849283965304493 4.7206676099449414 13.492138777859507 5.1826228350400925 2.5257563330233097 2.4282831605523816 60.133153623901308 437.29606317682192 9.6805073125287908 2.7459004460833993 24.459230149164796 15.602843831293283 3.3333410359919062 4.2133288793265811 3.0877025611698627 10.686553636565806 3.5043061189353457 13.267751134699209
leaf_count=34 36 4342 19 190672 37 366 57 7520 32 17 58 224 76 60 140 80 25 35 1379 4629 86 17 216 171 39 61 44 96 38 114
internal_value=-5.70068e-11 0.00398318 0.000892539 -0.000441746 0.00777596 -0.000686389 0.0126162 -0.000896735 0.0107043 -0.0333503 0.013139 0.00936929 0.022425 -0.00286446 -0.0113774 -0.0379403 -0.0636287 0.00936025 -0.0117912 0.00465725 0.0165129 0.0114546 0.0216377 0.00708946 -0.00959253 0.00293577 -0.0440218 0.0186805 0.0324133 0.0411003
internal_weight=10749 1073.08 591.271 9675.88 481.813 9232.9 78.2912 512.98 75.7509 3.96707 71.7838 64.5695 31.2355 33.3341 28.3495 12.429 7.70838 15.9204 73.3461 442.982 97.2899 73.8094 49.7426 25.2834 24.0668 17.6458 6.42104 13.4325 23.4805 19.9762
internal_count=210720 13640 8379 197080 5261 192417 823 7556 804 49 755 697 300 397 340 165 105 175 1745 4663 919 730 473 257 257 174 83 113 189 151
is_linear=0
shrinkage=0.05


Tree=25
num_leaves=31
num_cat=0
split_feature=11 42 13 6 8 0 16 13 24 36 38 0 12 17 28 29 33 39 36 17 38 26 9 50 24 48 6 15 37 0
split_gain=6.37921 4.30578 4.55626 4.1706 4.09235 3.39757 3.23986 3.92742 3.43441 6.078 4.25301 3.89644 3.60253 5.22134 4.42599 4.4198 3.69212 3.63547 4.24105 3.43362 3.21371 3.21242 5.11719 4.17645 3.99399 3.98479 3.88421 5.69449 3.43759 3.39654
threshold=4.2774291896144776 0.36641989801268671 -0.9250426418708606 25.500000000000004 54.500000000000007 21.500000000000004 18.500000000000004 -0.5545885866510839 5.5000000000000009 4.949358974358975 0.066249999999999906 49.500000000000007 22.500000000000004 24.500000000000004 4.0823636588416263e-05 0.24743421052631578 1.3853802160093769 1.5000000000000002 5.073214285714287 21.500000000000004 -0.058750000000000045 0.21500000000000002 613.50000000000011 1.0000000180025095e-35 3.5000000000000004 0.27920239256802154 28.500000000000004 4.4329056292174664 0.48860576923076926 167.50000000000003
decision_type=2 2 2 2 2 2 2 2 2 2 2 2 2 2 2 2 2 2 2 2 2 2 2 2 2 2 2 2 2 2
left_child=6 3 -3 5 -5 -2 7 -1 -8 10 11 -10 15 14 -14 16 17 -11 -19 -20 -13 22 23 24 25 -9 27 -24 -25 -27
right_child=1 2 -4 4 -6 -7 8 21 9 12 -12 20 13 -15 -16 -17 -18 18 19 -21 -22 -23 26 28 -26 29 -28 -29 -30 -31
leaf_value=0.0041436909091591345 -0.042804524293743186 0.070909979448696134 0.010863739258982652 0.036902545544117586 0.0070173653180900658 0.0010016472671554569 -0.0010387015581596068 0.0090075029359268591 -0.011067170569306319 0.041119559848315036 -0.041080221809985745 -0.03195769295296965 -0.038457068591577936 -0.078397809387344947 0.0064893252415497748 0.01988259309583551 -0.055425200957713097 -0.051120237154622265 -0.032699646471109671 0.038783580201631973 0.015912170511597868 -0.0011358186752954173 -0.010382707832314307 0.067021462836376888 0.03790834401039498 -0.058519526618254519 0.022576610686707604 -0.095517961958264078 0.019776571237924513 0.01825776041798139
leaf_weight=788.85813625226729 4.4536453844048074 3.2438748627901068 121.02756285946816 12.167401514947413 195.68964935326949 720.16247423319146 7530.3105999666732 23.975662696175281 16.50457994826138 3.5976157411932972 3.8868058407679191 3.6009206660091868 9.7285443125292712 3.5561183453537515 12.533848726190625 18.166472753509879 4.27255546581 5.0356466993689519 2.8670202000066638 4.0571591900661588 133.12898666551337 1060.446811928181 6.8224064512178284 6.2872316753491786 8.6688844347372633 4.6192434073891482 4.241893718019127 2.7582507412880659 9.9330720151774567 2.0932690813206136
leaf_count=13411 105 19 1254 92 2007 10163 157463 252 274 39 75 60 187 71 196 246 87 87 48 49 1863 22194 78 41 70 71 41 45 105 27
internal_value=-7.98597e-11 0.00368848 0.0124311 0.00252334 0.00876676 0.000732405 -0.000403082 0.00143643 -0.000858426 0.00528603 0.0105712 0.0118814 -0.00772684 -0.0221386 -0.013152 0.00206595 -0.0142561 -0.00294974 -0.0162062 0.00918529 0.0146515 -0.000453776 0.00996799 0.016739 0.00793978 -0.000525827 -0.0172566 -0.034893 0.0380894 -0.0345768
internal_weight=10726.7 1056.74 124.271 932.473 207.857 724.616 9669.95 1918.7 7751.25 220.936 157.121 153.234 63.815 25.8185 22.2624 37.9965 19.83 15.5574 11.9598 6.92418 136.73 1129.85 69.3999 55.5774 39.3571 30.6882 13.8226 9.58066 16.2203 6.71251
internal_count=210720 13640 1273 12367 2099 10268 197080 36335 160745 3282 2272 2197 1010 454 383 556 310 223 184 97 1923 22924 730 566 420 350 164 123 146 98
is_linear=0
shrinkage=0.05


Tree=26
num_leaves=31
num_cat=0
split_feature=24 38 11 32 16 33 9 35 37 6 10 11 43 43 48 13 20 11 9 15 14 11 15 33 0 33 30 38 16 25
split_gain=8.58015 9.76635 6.13744 5.34822 8.45683 4.29008 4.27116 8.28035 4.14101 6.62577 6.31209 4.12708 5.5191 4.52694 4.10901 4.08676 3.8865 3.38016 3.35286 5.26395 6.45609 3.75704 5.00187 4.07956 4.22236 3.20841 7.79827 3.95414 3.20051 3.36075
threshold=5.5000000000000009 -0.058750000000000045 4.2774291896144776 0.26369318181818185 19.500000000000004 1.3822853062472282 667.50000000000011 804.4625000000002 0.50488095238095243 30.500000000000004 1.5000000000000002 4.0118729603811767 0.40077019012066523 0.40689558604538517 0.10663593827557351 -0.6015076253171826 -1.0000000180025095e-35 4.4290096406660835 168.50000000000003 6.4285921453676433 9.8238776407350343 4.3240088680229531 7.4330456584266278 1.3860890825364727 28.500000000000004 1.3827846799206094 0.23246621621621624 0.032466216216216107 18.500000000000004 4.552001691407348
decision_type=2 2 2 2 2 2 2 2 2 2 2 2 2 2 2 2 2 2 2 2 2 2 2 2 2 2 2 2 2 2
left_child=2 -2 14 5 -5 -3 17 15 -9 -10 -11 12 -6 -13 -1 16 -8 -7 19 20 -4 25 23 -23 -25 -20 27 -27 29 -16
right_child=1 3 18 4 11 6 7 8 9 10 -12 13 -14 -15 28 -17 -18 -19 21 -21 -22 22 -24 24 -26 26 -28 -29 -30 -31
leaf_value=0.0016291656133524887 -0.058098134013191985 -0.056707662394308626 0.00032678239866532722 -0.042950729316277539 -0.023265377362479453 0.015240950803959544 -0.054277249208325246 0.034082541556165594 -0.063243776248362568 -0.036235974255172693 0.067479321268618331 -0.0030679316594667207 0.025621221547738961 -0.067524746817500356 -0.0011515257417337066 -0.080189234553356512 0.010729472421958437 -0.044101110947058354 0.046336954043237233 0.016263573615046847 -0.078618712322351014 0.0054027013477593328 -0.081760383028592218 0.03039657065012823 -0.034833168356662662 0.023099970169999096 0.013811085481740426 -0.058745462165343654 -0.0017086741349293874 0.0033054541985566357
leaf_weight=1602.9657550766133 5.5480674733407787 2.270489756949245 626.28282609465532 11.589651382528244 7.4216753570362917 240.52610131539404 4.1217945383395991 12.204909276217224 3.6158845517784339 2.5898726144805551 3.3835521740838885 15.044464012142273 25.995046014431864 3.3262657606974235 999.33736168569885 3.6889674589037886 5.1997877163812509 2.4238580251112571 6.8221566565334788 54.029798989184201 2.6004838421940795 184.08062706980854 1.741617303341626 3.1181235518306485 12.139064907096325 1.9868484903126944 152.23177267145365 5.7363372072577477 5914.4884949065745 733.3273605722934
leaf_count=20736 125 34 8855 181 119 2860 42 116 46 24 22 202 268 49 22031 49 54 34 64 530 34 2160 22 28 178 20 1516 84 140399 9838
internal_value=-5.79243e-12 0.00771083 -0.00026121 0.00877405 -0.00434207 0.0117426 0.0123021 -0.00407929 0.0147638 -0.00982437 0.0225119 0.00429826 0.0147638 -0.0147387 -0.000672556 -0.0356437 -0.018015 0.0146489 0.00335994 0.00128703 3.36331e-07 0.00720822 0.00260631 0.00334342 -0.0215021 0.0127566 0.0113244 -0.0376901 -0.00115503 0.000734832
internal_weight=10649.8 348.95 10300.9 343.402 63.3771 280.025 277.755 34.8048 21.7942 9.58931 5.97342 51.7875 33.4167 18.3707 9250.12 13.0105 9.32158 242.95 1050.77 682.913 628.883 367.857 201.079 199.338 15.2572 166.777 159.955 7.72319 7647.15 1732.66
internal_count=210720 4225 206495 4100 819 3281 3247 353 208 92 46 638 387 251 193004 145 96 2894 13491 9419 8889 4072 2388 2366 206 1684 1620 104 172268 31869
is_linear=0
shrinkage=0.05


Tree=27
num_leaves=31
num_cat=0
split_feature=24 11 15 16 28 25 9 17 42 37 8 11 17 48 14 26 17 37 28 15 16 30 9 36 5 0 8 14 33 20
split_gain=15.8678 5.92621 4.86948 4.31985 3.85977 4.73482 3.74278 3.71684 4.0017 3.84391 4.79353 3.64258 3.59456 3.52656 3.70769 4.7846 4.74033 4.6733 5.05928 6.51102 4.22623 3.97096 5.37574 4.55881 4.46814 4.78853 4.14018 4.6773 4.28101 3.77694
threshold=5.5000000000000009 4.2400378071833655 8.3921654704205491 18.500000000000004 0.00063267802812335013 1.0191048763491202 681.50000000000011 27.500000000000004 0.32267626198576105 0.48398026315789483 107.50000000000001 4.3598561151079149 26.500000000000004 0.10663593827557351 8.4410347971858322 0.34500000000000003 23.500000000000004 0.47687500000000005 0.0045036580190666508 6.5316884445719881 26.500000000000004 0.24937500000000004 385.50000000000006 4.3639705882352944 11.500000000000002 193.50000000000003 132.50000000000003 6.9819276156564891 1.3832221792518049 4.5000000000000009
decision_type=2 2 2 2 2 2 2 2 2 2 2 2 2 2 2 2 2 2 2 2 2 2 2 2 2 2 2 2 2 2
left_child=1 3 4 -1 5 -3 -6 8 11 10 -10 -2 -11 14 20 -16 -17 -18 -19 -20 21 23 24 26 -23 -26 27 28 -5 -24
right_child=7 2 -4 13 6 -7 -8 -9 9 12 -12 -13 -14 -15 15 16 17 18 19 -21 -22 22 29 -25 25 -27 -28 -29 -30 -31
leaf_value=0.001184997056809313 -0.0032519966841560231 -0.004133078878642853 -0.085979209858506878 0.082391859108370158 -0.00071449798224600646 0.0064436071702352205 0.06154313587891122 0.031381976361665183 0.08444913560569367 0.014709648783877685 -0.0057652747667215282 -0.071086185397649285 -0.022579087500406089 -0.0019850389297163466 -0.035443300223719339 0.0077209484362109927 -0.035850264575396106 -0.0034693790199180467 0.047986750931741769 -0.053684939587782657 0.0085509494898370481 0.0075002330659982366 -0.0094462059553679679 0.0030456920203559626 -0.0079943149073827009 -0.099711296496950041 0.020640933900923961 -0.049385055138157025 -0.015039504308312896 -0.029566324916173649
leaf_weight=2041.4537972658873 27.206338182091717 123.99617879255675 1.547782540321349 1.247543066740042 561.82510711625218 721.62410753127187 2.4244808480143538 20.472586562857032 1.5266997646540392 233.45192740182392 41.444894917309284 2.1342749628238371 6.6469611250795415 5511.0883516574977 7.5156640405766657 372.10910731903277 10.048622449394314 122.45651489798911 9.5770837981253845 1.8845223761163641 94.333987371996045 87.791027297265828 147.17561414884403 293.05850601452403 58.124007953330874 1.4588412065058936 5.8102486738935104 11.582661679945884 11.709583246149121 27.717673355713487
leaf_count=34389 378 2231 21 10 8159 9463 15 233 10 2885 581 35 103 135892 119 4028 174 1530 85 31 1240 1349 1988 3989 934 29 73 181 184 381
internal_value=-5.16913e-11 -0.000349661 0.00265838 -0.000831233 0.00275569 0.00489271 -0.000446988 0.010743 0.00939054 0.0112124 -0.00256013 -0.00818635 0.0136773 -0.00143879 0.000943607 0.00416348 0.00474028 -0.00296382 -0.000496164 0.0312698 -0.00133461 -0.0027789 -0.00670696 0.0011353 0.000327932 -0.0102399 -0.0173114 -0.0262973 -0.00565858 -0.0126349
internal_weight=10560.4 10227.6 1411.42 8816.14 1409.87 845.62 564.25 332.884 312.411 283.07 42.9716 29.3406 240.099 6774.69 1263.6 523.592 516.076 143.967 133.918 11.4616 740.01 645.676 322.267 323.409 147.374 59.5828 30.35 24.5398 12.9571 174.893
internal_count=210720 206495 19889 186606 19868 11694 8174 4225 3992 3579 591 413 2988 152217 16325 5967 5848 1820 1646 116 10358 9118 4681 4437 2312 963 448 375 194 2369
is_linear=0
shrinkage=0.05


Tree=28
num_leaves=31
num_cat=0
split_feature=24 11 48 16 25 38 33 20 13 42 13 15 14 13 47 26 12 38 32 17 36 34 29 48 33 15 20 17 0 48
split_gain=10.9485 6.00791 5.54703 5.01039 4.06914 4.6464 4.74913 4.8983 6.51864 5.43611 4.56707 4.78455 5.7675 5.15739 4.25345 4.18219 4.02344 4.80207 3.74426 3.72245 6.67075 5.45931 5.64323 4.88812 4.53579 4.33907 4.92109 4.04378 5.59229 3.8522
threshold=5.5000000000000009 4.2774291896144776 0.10663593827557351 18.500000000000004 4.6004669376457352 -0.044913793103448195 1.3836850370432954 -3.4999999999999996 -0.87096129669647804 0.39987396157488342 -0.59171212824184971 7.3701457127802295 10.573726008190329 -0.84839235192138884 0.78471016757664491 0.25500000000000006 22.500000000000004 -0.051249999999999941 0.2761684782608696 20.500000000000004 5.3625000000000007 73.047727272727286 0.22837500000000002 0.12554810587073187 1.3842833852108904 7.5667472561142697 -7.4999999999999991 21.500000000000004 187.50000000000003 0.35530501919223118
decision_type=2 2 2 2 2 2 2 2 2 2 2 2 2 2 2 2 2 2 2 2 2 2 2 2 2 2 2 2 2 2
left_child=1 2 -1 4 15 6 10 16 -9 14 11 12 13 -6 -10 18 17 -8 -4 20 -7 22 -21 27 -23 -25 -27 -24 -29 -26
right_child=-2 -3 3 -5 5 19 7 8 9 -11 -12 -13 -14 -15 -16 -17 -18 -19 -20 21 -22 24 23 25 29 26 -28 28 -30 -31
leaf_value=0.0019603220662905889 0.0088889963307673316 0.0032624675069373513 0.0051219856344072653 -0.0020349887741723193 0.0067049935694220315 -0.00085592762635343638 -0.03405186455723324 0.041114596672943232 -0.051758613686685252 -0.090723772411066439 0.036722383992673989 -0.074830185625135548 0.081748076725283614 -0.046468043724924406 0.032406427960444802 -0.0022800976651974969 0.05287428643651481 0.043368647287435121 0.053619447529184475 -0.022966075078514669 -0.060660017841699623 0.014564611688818525 0.072912549886453709 0.01438752910423154 0.0029470746527334641 -0.061650954063488708 0.0090218269813219978 0.033065472063989465 -0.055609691070268231 -0.011299453991262658
leaf_weight=1601.512201635167 335.32456868246663 1063.1063058790751 162.57313396339305 5587.6810679381015 16.079325007274754 291.45797753497027 3.462225079536438 6.724304322153329 2.4726170897483808 2.2834435850381851 7.2878997512161723 2.4293595463968805 1.9276863262057293 6.3655578810721662 3.8206569580361247 947.18876897660084 18.252059741877019 4.7517712730914372 4.0797329004853955 10.011485155671833 4.7386800437234333 50.918405114207417 5.5540788406506207 99.069273521192372 134.25596490129828 4.1669779955409467 6.0242141336202604 19.850255616009239 1.9528955686837424 73.385739652439952
leaf_count=20736 4225 13491 1848 140399 172 3870 37 71 39 37 62 32 14 84 48 20285 139 52 39 147 83 586 36 1114 1744 66 61 186 29 988
internal_value=-1.07887e-10 -0.000293857 -0.000710226 -0.0012821 0.000942496 0.00371901 0.0154742 0.0267767 0.00425717 -0.0246397 0.00162632 -0.00791689 -0.00124725 -0.00837533 -0.000661879 -0.000994964 0.0397962 0.0107357 0.00630922 0.00244765 -0.0018127 0.00556199 0.0132689 0.0159242 0.00119141 0.0111917 -0.0198749 0.0348252 0.0251229 -0.002088
internal_weight=10478.7 10143.4 9080.28 7478.77 1891.08 777.243 75.8569 41.7671 15.301 8.57672 34.0898 26.8019 24.3726 22.4449 6.29327 1113.84 26.4661 8.214 166.653 701.386 296.197 405.189 146.629 136.618 258.56 109.26 10.1912 27.3572 21.8032 207.642
internal_count=210720 206495 193004 172268 31869 9697 787 423 195 124 364 302 270 256 87 22172 228 89 1887 8910 3953 4957 1639 1492 3318 1241 127 251 215 2732
is_linear=0
shrinkage=0.05


Tree=29
num_leaves=31
num_cat=0
split_feature=24 16 13 25 14 16 11 48 25 43 47 15 35 43 36 38 38 13 11 20 25 11 26 35 17 24 11 0 20 16
split_gain=6.00422 6.76841 7.58388 6.21902 5.64717 5.44278 5.01039 4.80154 4.37052 4.27997 8.77518 4.2319 5.02797 4.3906 4.12061 6.76965 4.62132 4.04976 3.98565 4.14972 3.8784 3.87095 4.61749 3.86542 5.51388 4.12234 4.00072 5.15967 5.49364 4.25049
threshold=5.5000000000000009 17.500000000000004 -0.77181047151790494 9.3163802882076379 8.7926983688838725 13.500000000000002 4.2400378071833655 0.10663593827557351 8.6804269733455843 0.3127719572849666 0.30654633607264054 5.8000244006853476 782.56250000000011 0.40753231207834684 4.9875000000000007 0.066249999999999906 -0.032916666666666546 -0.2932527918422953 4.2027756773337517 -13.499999999999998 5.3093729993870129 3.8669760663881356 0.37500000000000006 797.61250000000007 23.500000000000004 4.5000000000000009 3.8125563063063068 36.500000000000007 9.5000000000000018 24.500000000000004
decision_type=2 2 2 2 2 2 2 2 2 2 2 2 2 2 2 2 2 2 2 2 2 2 2 2 2 2 2 2 2 2
left_child=1 2 4 5 8 18 7 23 20 10 -8 13 -13 21 15 17 -16 -2 -4 -20 -1 -6 -23 24 26 -26 -3 -28 29 -29
right_child=14 6 3 -5 11 -7 9 -9 -10 -11 -12 12 -14 -15 16 -17 -18 -19 19 -21 -22 22 -24 -25 25 -27 27 28 -30 -31
leaf_value=0.044205558160078706 0.0082204441734873655 0.022131778611108738 0.005007740907554431 -0.043027477954635872 0.018849598517094446 -0.0014586605028958091 -0.03741787204178592 -0.0019279219163832143 0.038161401330380033 0.00286720891712777 0.00043108185785217232 -0.060658177690961018 0.0051189612835033215 -0.10099241095771212 -0.060273260409796775 -0.061936293069662897 -0.0012993020275000895 0.029283196025768572 -0.013942450875113505 0.051244494099574295 0.010134146422631225 -0.0043627498396095659 -0.073857934030508846 0.0025342578380028774 -0.023485703460427748 0.032247727455887297 0.021353474494662173 -0.0101524921394857 -0.058075182274279817 0.012753041115678074
leaf_weight=8.662030498031525 242.42643182864413 17.630332667613402 337.52796991355717 8.1358716385439021 5.7891804790124324 789.05877866223454 20.341545240953565 5809.9771451617125 16.219285582192242 1186.9922053827904 61.960558392573148 2.9486314421519628 197.45489300973713 1.5833581015467633 3.4934759191237381 3.2920723771676412 67.634777496103197 25.192791911307722 3.3330920906737438 9.1257044817320985 233.68117612460628 5.8798237182199937 4.0273975981399417 1133.4147748104297 45.955462913261726 3.5759877618402234 18.510698628611863 85.985419453121722 5.0479962218087158 26.493921246845275
leaf_count=102 2894 221 3437 124 72 15765 354 145911 160 16452 984 46 2380 37 77 93 878 283 45 68 2887 68 62 14578 938 46 200 1143 93 322
internal_value=-5.95502e-11 -0.000221951 0.00273398 0.000532077 0.00803794 0.00084321 -0.000792152 -0.0013063 0.0130337 0.00210269 -0.00892355 0.00210404 0.00415115 -0.0216375 0.00651456 0.00932659 -0.00419582 0.0102032 0.00603287 0.0338051 0.011352 -0.0136327 -0.0326133 0.00139576 -0.00495459 -0.019462 -0.000278477 -0.00318281 -0.00704731 -0.00475721
internal_weight=10381.4 10039.3 1623.43 1147.18 476.246 1139.05 8415.89 7146.59 258.562 1269.29 82.3021 217.683 200.404 17.2798 342.04 270.911 71.1283 267.619 349.987 12.4588 242.343 15.6964 9.90722 1336.61 203.2 49.5315 153.668 136.038 117.527 112.479
internal_count=210720 206495 25253 19439 5814 19315 181242 163452 3149 17790 1338 2665 2426 239 4225 3270 955 3177 3550 113 2989 202 130 17541 2963 984 1979 1758 1558 1465
is_linear=0
shrinkage=0.05


Tree=30
num_leaves=31
num_cat=0
split_feature=48 16 13 38 48 11 24 31 17 35 3 14 32 4 33 17 37 42 33 12 6 11 4 11 13 12 31 30 17 42
split_gain=5.57203 5.8594 8.35873 6.73647 6.22547 5.4297 5.97629 5.26659 6.59978 6.09791 7.86011 5.35097 5.66403 5.11364 5.00471 4.99603 4.80862 4.83221 11.357 7.62753 4.62527 4.484 4.38525 4.27475 4.00207 5.97271 4.42011 5.241 3.89018 3.8768
threshold=0.10663593827557351 18.500000000000004 -0.75630509814479951 -0.044913793103448195 0.25333967049235429 4.2671020165064251 5.5000000000000009 0.24387500000000004 20.500000000000004 795.79375000000016 38.500000000000007 8.34889662483228 0.24366987179487179 6.5000000000000009 1.3837721624523192 25.500000000000004 0.53418750000000015 0.39908984549724874 1.3837721624523192 26.500000000000004 27.500000000000004 3.8088486247741424 5.5000000000000009 3.9552539565697464 -0.82077001199798805 31.500000000000004 0.25158770161290328 0.25480030721966201 13.500000000000002 0.36661922458237656
decision_type=2 2 2 2 2 2 2 2 2 2 2 2 2 2 2 2 2 2 2 2 2 2 2 2 2 2 2 2 2 2
left_child=-1 2 3 14 7 6 -3 11 9 10 -9 12 -5 -13 -2 20 17 -6 -19 22 23 -15 -20 -14 25 26 -11 -28 -8 -7
right_child=1 5 -4 4 16 29 28 8 -10 24 -12 13 15 21 -16 -17 -18 18 19 -21 -22 -23 -24 -25 -26 -27 27 -29 -30 -31
leaf_value=0.0025565798559288762 0.0072239130233876028 -0.0021735128033900479 -0.0004564190924437946 -0.066439180482468829 0.0023590234781839295 0.0010603229123744785 -0.055571181874894716 0.028264027923546566 0.018878923172897438 0.025189893998371262 -0.071652177063076847 -0.030698594211237301 -0.00010118512572520533 -0.045340995178068756 0.036587279671370793 -0.029156384411063382 -0.083005958941006319 0.045836856106465568 -0.073003498753587123 0.0068824642105175544 -0.049225483330147812 0.0084309794476514141 -0.027676501095614439 0.038151973688816239 -0.013966686987002506 0.06410631135614063 -0.0093324066241495859 0.03086098086359584 0.0067082969434641669 0.010637660714857444
leaf_weight=1765.7804374266416 27.769386958098039 5379.7508028807351 1382.3828366934322 2.1974736899137488 220.38874950422905 725.40824575908482 2.535112223122268 3.0041546821594238 163.77265422092751 24.478305712807924 5.7086063046008331 21.190655309241265 10.395779944024978 4.5066198576241723 30.394379469100386 5.3765966333448878 1.7799499481916417 6.1744818380102506 8.3663205113261956 10.754807746037839 2.1237069368362418 27.749192848801613 14.732393519021569 24.550471097230911 19.249338787980378 5.0442617144435635 38.44420150667429 10.278966193087397 229.2073799520731 123.67807372799143
leaf_count=22982 360 139347 25880 30 2979 9698 42 31 1833 274 89 299 137 70 330 75 34 54 147 120 31 323 181 226 265 32 510 125 2887 1329
internal_value=-1.08358e-10 -0.000529147 0.00178532 0.00628678 0.00478427 -0.00127101 -0.00183485 0.00897839 0.0125835 0.0028759 -0.0372011 -0.000944118 0.0118335 -0.0116173 0.0225682 0.0158857 -0.00110344 -0.000543633 -0.0165253 -0.0278994 0.0224186 0.00091823 -0.0440939 0.0267725 0.00645743 0.011482 0.00785569 -0.00085294 0.006027 0.00245536
internal_weight=10297.2 8531.39 2070.81 688.431 630.268 6460.58 5611.49 368.071 269.98 106.208 8.71276 98.0905 44.644 53.4465 58.1638 42.4466 262.197 260.417 40.028 33.8535 37.07 32.2558 23.0987 34.9463 97.4951 78.2457 73.2015 48.7232 231.742 849.086
internal_count=210720 187738 34435 8555 7865 153303 142276 4350 3159 1326 120 1191 499 692 690 469 3515 3481 502 448 394 393 328 363 1206 941 909 635 2929 11027
is_linear=0
shrinkage=0.05


Tree=31
num_leaves=31
num_cat=0
split_feature=16 13 11 16 24 48 7 8 12 25 48 43 6 25 20 15 29 37 35 42 35 48 17 37 5 28 36 38 15 13
split_gain=8.672 13.718 5.71311 5.66655 5.0435 5.3456 4.60244 6.21284 6.49044 4.38507 4.33299 5.34463 5.1373 4.74237 5.82391 4.4999 4.24135 4.26648 4.63076 4.30536 4.25661 4.61279 4.23003 4.00738 3.88473 6.24616 6.50805 5.11763 5.7692 3.78458
threshold=18.500000000000004 -0.75630509814479951 4.2671020165064251 13.500000000000002 5.5000000000000009 0.10663593827557351 62.500000000000007 143.50000000000003 17.500000000000004 9.3163802882076379 0.25438179190552251 0.4052247257176676 32.500000000000007 8.8875553912487337 -7.4999999999999991 6.1350667916941601 0.26863425925925927 0.50126602564102574 801.56250000000011 0.39651665867313318 812.61250000000007 0.50028559031555098 23.500000000000004 0.47236111111111118 15.500000000000002 -0.00036690435311589995 4.1583333333333341 0.060357142857142852 8.0554680713523279 -0.87096129669647804
decision_type=2 2 2 2 2 2 2 2 2 2 2 2 2 2 2 2 2 2 2 2 2 2 2 2 2 2 2 2 2 2
left_child=1 6 4 9 5 22 10 8 -8 -3 11 23 13 14 -12 16 17 18 -16 -19 21 -21 -2 -1 -5 26 -26 28 -27 -15
right_child=2 3 -4 24 -6 -7 7 -9 -10 -11 12 -13 -14 29 15 -17 -18 19 -20 20 -22 -23 -24 -25 25 27 -28 -29 -30 -31
leaf_value=-0.014764749615789228 0.0030932043863110257 0.0061615663700624462 0.0027243404895615779 -0.0028116537412488968 0.0054227474856798612 -0.0023004476262756274 0.020538469043276702 0.019167621346786342 -0.079027413693962545 -0.052920263499806108 0.02342083765337985 0.019264396719067434 0.030268491026280854 -0.018593701910484289 -0.029153737715920381 0.05344712341348682 0.031929310317692028 -0.0050621826866271242 0.011656690891329287 -0.035692504216934241 -0.073584135753885282 0.061631364667701576 -0.0034335839261407947 0.0093132930116887058 -0.090893071839955666 0.0013460437324028939 0.014134539879015459 -0.053366109685712863 -0.04287602546978405 0.0013464224657909693
leaf_weight=18.340021824929863 917.27333526173607 356.43426705012098 997.10384853696451 1042.7358179835137 265.84468340035528 5280.5834463359788 2.3267171159386617 5.6762965521775186 5.5199345592409372 3.1684902422130099 41.327580816112459 154.37011373206042 16.970214951783419 39.734015077585354 8.1904655802063626 3.9941706275567403 9.1284101614728552 28.46147858351469 45.934734003152698 5.7600447223521751 5.4268145458772779 1.5437971199862657 340.36104133957997 299.1438714589458 1.4944996638223518 132.42685899650678 112.88922460610047 4.8485248852521172 7.8102442491799584 59.323450394440442
leaf_count=274 11559 3557 12744 21492 3260 139347 32 73 108 37 509 1796 198 612 122 43 98 411 612 81 106 15 5330 3572 38 1985 1632 94 145 838
internal_value=-5.45893e-11 0.00261958 -0.000810262 8.49285e-05 -0.00132824 -0.00160274 0.00822695 -0.0206788 -0.0495038 0.00564099 0.00875686 0.011633 0.003651 0.00183565 0.00744943 0.00136256 -0.000629232 -0.00374732 0.00548108 -0.0158731 -0.0400428 -0.0151214 0.00132682 0.00792238 -0.00144937 0.00402526 0.0127623 -0.00286291 -0.00111682 -0.00665198
internal_weight=10214.1 2412.98 7801.17 1661.81 6804.06 6538.22 751.172 13.5229 7.84665 359.603 737.649 471.854 265.795 248.825 149.767 108.44 104.446 95.3173 54.1252 41.1921 12.7307 7.30384 1257.63 317.484 1302.21 259.469 114.384 145.086 140.237 99.0575
internal_count=210720 38480 172240 28980 159496 156236 9500 213 140 3594 9287 5642 3645 3447 1997 1488 1445 1347 734 613 202 96 16889 3846 25386 3894 1670 2224 2130 1450
is_linear=0
shrinkage=0.05


Tree=32
num_leaves=31
num_cat=0
split_feature=16 13 11 16 15 24 48 20 5 32 11 28 14 33 8 42 42 0 25 36 0 8 26 38 17 13 3 20 25 35
split_gain=8.86644 13.2439 5.42939 5.14586 4.78037 4.64545 4.91927 4.51258 4.44523 4.39696 4.08559 3.93491 5.8066 4.14467 3.90939 3.89085 3.80508 3.76269 3.68029 5.51882 4.73092 4.8545 4.77603 3.86392 3.81717 3.63069 5.64886 3.588 3.35488 5.05866
threshold=18.500000000000004 -0.78197449417257336 4.2671020165064251 13.500000000000002 4.5899987682681944 5.5000000000000009 0.10909559594946532 5.5000000000000009 15.500000000000002 0.22211111111111112 4.2446113559250458 0.00011074445486810001 9.8578164852121404 1.3860841186442461 110.50000000000001 0.40252103411891432 0.4008076056477104 162.50000000000003 5.4057877980268954 5.1744565217391312 54.500000000000007 108.50000000000001 0.36500000000000005 -0.051249999999999941 28.500000000000004 -0.82785433341659442 28.500000000000004 -7.4999999999999991 8.9605639131749282 813.78750000000002
decision_type=2 2 2 2 2 2 2 2 2 2 2 2 2 2 2 2 2 2 2 2 2 2 2 2 2 2 2 2 2 2
left_child=1 -1 5 -3 16 6 9 -6 -5 -2 18 13 -13 14 17 -16 -4 -10 19 -7 21 -20 -22 -24 -25 -23 -27 -19 -9 -30
right_child=2 3 4 8 7 10 -8 28 11 -11 -12 12 -14 -15 15 -17 -18 27 20 -21 22 25 23 24 -26 26 -28 -29 29 -31
leaf_value=0.0082729846396624434 -0.038508202618871938 0.0053984313158813996 -0.0014329182190544344 -0.0027982171107916037 0.0033274151825053071 0.02007509709684123 -0.0022808012040074696 0.017802274014950378 0.041661150851330542 0.0014211770526270685 -0.064743256483058273 0.011438319393600588 -0.010704471563568733 -0.027724229612105685 0.0068775416944362637 0.071286528511840461 0.052914819206867227 0.047367152325495779 -0.076198660750694328 -0.048818856790445508 -0.05068207423327005 0.0051924402296409976 -0.046296823347759745 0.0061032352829175854 0.041780162371945144 0.014093536025687126 -0.066311333988926732 -0.043476236139315061 0.016173791774108565 -0.03589760655960348
leaf_weight=730.0640631231945 6.9327229368500403 369.87975919572636 467.49706830177456 1023.6924591327552 407.89237878797576 56.979447568301111 5202.5124656534754 103.95359500590712 17.513878564350311 1252.8522636776324 2.076023979112505 48.271504048723727 76.572933983057737 6.9667727621272197 115.98678813967854 2.3931029289960852 3.2429718971252433 1.7496333876624701 3.0478634499013451 3.0631270315498105 3.7034746212884775 15.757324283011261 3.3722133194096378 162.17178606311791 7.8607320431619874 3.6193227656185627 5.5098763192072475 2.8697216399013987 11.545831459574403 7.8254707232117644
leaf_count=9153 177 3642 6929 21715 4624 660 138820 991 221 17239 29 692 1234 104 1617 16 22 28 48 56 59 204 101 1900 63 44 96 58 100 78
internal_value=-1.08817e-10 0.00265758 -0.000823581 0.000196674 0.00261027 -0.00133485 -0.00160196 0.00586137 -0.00128789 0.00120144 0.00512616 0.00438955 -0.00214289 0.00991939 0.0117858 0.0081796 -0.00105851 0.0310736 0.00567335 0.0165604 0.00248529 -0.0166384 0.00550157 0.0067015 0.00775261 -0.00934398 -0.0344344 -0.00906827 0.0142423 -0.00486161
internal_weight=10127.4 2395.96 7731.42 1665.9 1001.96 6729.46 6462.3 531.217 1296.02 1259.78 267.161 272.324 124.844 147.48 140.513 118.38 470.74 22.1332 265.085 60.0426 205.043 27.9344 177.108 173.405 170.033 24.8865 9.1292 4.61936 123.325 19.3713
internal_count=210720 38480 172240 29327 12744 159496 156236 5793 25685 17416 3260 3970 1926 2044 1940 1633 6951 307 3231 716 2515 392 2123 2064 1963 344 140 86 1169 178
is_linear=0
shrinkage=0.05


Tree=33
num_leaves=31
num_cat=0
split_feature=16 24 13 11 9 16 13 4 17 48 9 25 9 11 0 11 5 11 4 31 15 7 28 36 0 37 7 28 32 15
split_gain=7.63201 7.32985 7.16079 5.08145 4.69689 4.59954 4.36387 4.08059 4.26965 3.82937 4.53676 4.38559 4.21678 3.8853 3.80599 3.70975 3.69289 4.99523 3.66909 5.02578 3.9387 4.57748 3.77919 3.63812 4.25514 3.9034 3.84739 3.58939 3.50935 3.49123
threshold=17.500000000000004 5.5000000000000009 -0.77181047151790494 4.2671020165064251 168.50000000000003 13.500000000000002 -0.91666512394430033 12.500000000000002 27.500000000000004 0.10909559594946532 732.50000000000011 9.9054876039076785 740.50000000000011 3.838259561250243 192.50000000000003 4.3240088680229531 17.500000000000004 4.1953238884839665 3.5000000000000004 0.26621323529411772 3.3406481509884696 32.500000000000007 -0.006456852060113199 4.9110671936758896 21.500000000000004 0.51928104575163414 42.500000000000007 -0.0053153148872532993 0.23851648351648347 6.4285921453676433
decision_type=2 2 2 2 2 2 2 2 2 2 2 2 2 2 2 2 2 2 2 2 2 2 2 2 2 2 2 2 2 2
left_child=2 3 23 9 29 -4 16 8 15 10 18 12 -12 -14 -10 -8 17 -3 19 20 22 -22 -2 25 -25 27 -27 -1 -20 -5
right_child=1 6 5 4 -6 -7 7 -9 14 -11 11 -13 13 -15 -16 -17 -18 -19 28 -21 21 -23 -24 24 -26 26 -28 -29 -30 -31
leaf_value=0.028206343411985149 -0.084613179915524847 -0.0079901159327944293 0.0054530678448186029 -0.0014823270544866872 0.0065660059816591209 -0.0013045622767786631 0.0049997500322040934 -0.050957886787899635 0.015144890450867268 -0.0019469184405195702 -0.045185950818491027 -0.10245445465068248 0.045907810095331361 -0.012273613010659431 0.063997014265652949 -0.036537395347445371 0.049614535751405384 0.057087084269199853 -0.0043370192570457858 0.010660373579807977 0.076261693856738602 -0.014805321681116099 0.00089810079274016429 -0.05886673640054111 0.014509409718247719 0.04491779048615268 -0.016133843821858194 0.0053316794833081658 0.0039420416450041329 0.011391375296213646
leaf_weight=18.257262716069818 1.3083216045051802 10.290540562942626 373.22207874245942 580.72565376292914 405.46243057632819 774.02827603183687 245.08057483308949 3.1919095236808053 15.740787798538806 5699.1363985706121 7.7734345025382998 1.4849240505136538 3.524668523110452 15.43539070477709 5.3393443711102 5.495948761701583 10.520383730530737 4.1330846026539794 149.1384062836878 48.932466472033411 1.3974885847419489 109.56835209112614 104.12784393317997 1.9978646291419853 178.93702339334413 2.8118770513683549 31.367523581488058 282.64481156971306 902.99553391477093 57.915810131467879
leaf_count=188 30 149 3638 8433 4514 16035 3071 46 162 149056 145 31 43 249 33 69 83 38 2233 727 14 1810 1639 37 2039 24 448 3418 11804 514
internal_value=-1.02594e-10 -0.000613475 0.00309407 -0.000898009 0.00235722 0.000893822 0.00706376 0.00524644 0.00590683 -0.00138046 0.00101854 -0.0188184 -0.0141728 -0.00145771 0.0275185 0.00408871 0.0270882 0.0106577 0.00144342 -0.00381091 -0.00708313 -0.0136584 -0.00016298 0.00798585 0.0136992 0.0049008 -0.0111112 0.0067196 0.0027685 -0.000314863
internal_weight=10052 8388.72 1663.27 8088.93 1044.1 1147.25 299.793 274.849 271.657 7044.82 1345.69 28.2184 26.7335 18.9601 21.0801 250.577 24.944 14.4236 1317.47 265.334 216.402 110.966 105.436 516.016 180.935 335.081 34.1794 300.902 1052.13 638.641
internal_count=210720 184893 25827 181242 13461 19673 3651 3381 3335 167781 18725 468 437 292 195 3140 270 187 18257 4220 3493 1824 1669 6154 2076 4078 472 3606 14037 8947
is_linear=0
shrinkage=0.05


Tree=34
num_leaves=31
num_cat=0
split_feature=16 25 24 8 11 48 15 20 13 48 48 28 8 13 36 15 8 33 32 48 43 28 47 34 31 35 5 29 33 48
split_gain=5.86689 6.0325 5.7353 5.01625 4.6678 4.6219 3.93572 4.14045 3.82649 4.23386 3.61569 3.259 4.74378 7.49066 6.11426 4.35691 4.82164 4.30725 4.16124 3.8497 3.84493 3.78868 5.68722 5.16534 4.82898 4.53456 4.86239 3.6166 3.56992 3.48443
threshold=18.500000000000004 2.1789437757154926 5.5000000000000009 139.50000000000003 4.2774291896144776 0.10909559594946532 4.5899987682681944 5.5000000000000009 -0.91666512394430033 0.48835590219941022 0.12771908674288421 -0.0013612256118359998 48.500000000000007 -0.63142263643717633 5.048809523809525 5.1260765692621195 108.50000000000001 1.3826768650721271 0.25732142857142865 0.24945061744296787 0.40269088586369933 0.00063267802812335013 0.31022858913383738 72.637500000000017 0.27034143518518522 825.26250000000016 10.500000000000002 0.2661895161290323 1.3861846984156621 0.11372658761848901
decision_type=2 2 2 2 2 2 2 2 2 2 2 2 2 2 2 2 2 2 2 2 2 2 2 2 2 2 2 2 2 2
left_child=1 3 4 -1 5 -2 -6 11 9 10 -4 12 -8 15 20 16 18 -13 -14 -16 -15 -19 25 -24 28 26 -23 -17 29 -25
right_child=2 -3 8 -5 6 -7 7 -9 -10 -11 -12 17 13 14 19 27 -18 21 -20 -21 -22 22 23 24 -26 -27 -28 -29 -30 -31
leaf_value=-0.0025057473402680707 0.0013383141702933291 0.0039000917076544976 -0.0078228302255583578 0.01501667716408926 -0.0010898351798999178 -0.0020634745474777784 0.024737505888916992 0.013927264143003555 0.0045266884571207415 -0.042349036304114185 0.041678660467567012 0.054780943024467343 -0.10278792455962911 -0.00069410264039378947 -0.068102662311700535 -0.043887596299464419 0.026361541424709173 0.011216123319174959 8.8249583960189776e-05 0.0011616489516309547 0.031268135192796073 -0.069420395374608451 0.016895915546981725 -0.066222076329238724 -0.076304195413220061 0.049819697295824229 0.013184590495217219 0.032432991853223334 -0.074467518773797273 -0.0060746714759073268
leaf_weight=715.48615394579247 1234.8305447914172 1613.8360784403048 4.6449257023632589 43.317018800415099 417.95493044098839 5217.026697299676 11.712785941548644 112.82151104183868 255.82473161583766 2.1240760870277873 17.922366744838655 4.4100224189460269 1.6953330580145101 24.35575643228367 4.3400700758211297 22.52061268128455 6.5411275690421462 125.75005227001384 2.339250611141324 3.7303150221705437 15.332574856467543 1.9334998000413204 19.184144908562303 2.4852294400334349 2.8084250083193174 8.1020186562091094 22.655870195478201 1.6671421453356732 2.0691126473247996 77.385138124227524
leaf_count=15003 17595 22742 58 735 6326 139868 121 986 3155 36 162 37 35 291 63 298 64 1273 28 40 149 30 195 39 38 66 278 18 34 957
internal_value=-7.09103e-11 0.00217132 -0.000675714 -0.00150546 -0.000943739 -0.0014124 0.00244689 0.00556648 0.00634092 0.025138 0.03149 0.00295367 -0.00503954 -0.00926594 0.00358633 -0.0269226 -0.000153098 0.00577708 -0.0431403 -0.0360871 0.0116537 0.00495341 -0.000810877 -0.00653224 -0.0118356 0.0173784 0.00668923 -0.0386272 -0.00962598 -0.00794621
internal_weight=9996.81 2372.64 7624.17 758.803 7343.65 6451.86 891.795 473.84 280.516 24.6914 22.5673 361.018 94.235 82.5222 47.7587 34.7635 10.5757 266.784 4.03458 8.07039 39.6883 262.373 136.623 103.932 84.7479 32.6914 24.5894 24.1878 81.9395 79.8704
internal_count=210720 38480 172240 15738 168829 157463 11366 5040 3411 256 220 4054 1107 986 543 443 127 2947 63 103 440 2910 1637 1263 1068 374 308 316 1030 996
is_linear=0
shrinkage=0.05


Tree=35
num_leaves=31
num_cat=0
split_feature=26 13 14 14 43 11 9 32 15 36 24 13 34 48 7 43 15 8 0 6 13 5 28 29 0 12 11 35 9 36
split_gain=6.17348 5.59458 4.93819 4.60995 5.47725 4.06256 5.25569 4.0594 3.91695 3.76093 3.73425 3.87124 4.69485 3.68376 3.54624 3.55738 4.03415 5.98508 4.77357 4.71382 3.68823 4.90169 4.7879 3.56748 3.43853 4.70567 4.53093 11.851 4.42928 4.23426
threshold=0.31500000000000006 -0.91373422451556963 12.594340771777064 7.9304590716609251 0.31347929473703545 4.2400378071833655 681.50000000000011 0.24873397435897437 5.1965096097218693 5.6125000000000007 5.5000000000000009 -0.2932527918422953 72.33750000000002 0.11372658761848901 32.500000000000007 0.40930803548863293 6.2647816349658862 134.50000000000003 98.500000000000014 32.500000000000007 -0.26508386448920734 10.500000000000002 0.00015950749106660004 0.25797962648556877 131.50000000000003 23.500000000000004 3.9471897322063803 809.76250000000016 667.50000000000011 4.2738636363636369
decision_type=2 2 2 2 2 2 2 2 2 2 2 2 2 2 2 2 2 2 2 2 2 2 2 2 2 2 2 2 2 2
left_child=3 2 9 8 7 10 -7 -5 -1 -2 13 24 -13 14 -3 -16 19 -18 -19 20 21 23 -23 -17 26 -26 29 28 -28 -12
right_child=1 5 -4 4 -6 6 -8 -9 -10 -11 11 12 -14 -15 15 16 17 18 -20 -21 -22 22 -24 -25 25 -27 27 -29 -30 -31
leaf_value=0.0091085257388762771 0.0042675005986360509 0.032268716725374708 0.036405898154194087 0.018189245500529121 0.0020676052567568499 0.0018387704892160535 0.065345351846028618 -0.071678499404965332 0.043771605162330973 -0.078238924374982921 0.030604404853859953 -0.049819128383773309 0.025052560909485662 -0.0018160136459479056 0.00016286298031930956 0.040700402004795147 0.044739204261192267 0.046988607173650193 -0.069050398342138872 -0.086521942698099791 0.017415726985623128 0.010453922088669744 -0.03665776446278101 -0.034742038445069699 0.01688747628509036 -0.0044854607511577351 0.026432285414774905 -0.01599080373330863 -0.045603037443252392 -0.017121104796840196
leaf_weight=232.50127754849382 492.90216155722737 9.010678865015505 12.070090895518659 1.7671924531459797 310.14457316859625 1285.4469662262127 3.2661398984491816 4.3490701168775558 8.4459951692260784 1.3850904274731863 5.0731887603178611 2.2380922716110936 32.466334109194577 5845.4636331822257 1351.4470254473854 7.3901995019987208 15.313366297632458 1.4185769679024809 2.3620074368081987 1.3814279697835434 37.418130684643984 8.8435212252661604 13.821786276530473 1.9886815492063759 69.776908874511719 40.818738261237741 41.111753716133535 36.432941833045334 2.2507662342395625 55.383165825624019
leaf_count=3001 8138 101 92 17 3895 18390 20 73 74 32 54 31 327 151554 20449 88 176 12 44 22 597 131 244 38 799 544 424 512 54 787
internal_value=-8.65935e-11 -0.000303857 0.0048079 0.00511318 0.00114357 -0.000595665 0.00199972 -0.0457127 0.0103236 0.0040363 -0.00103684 0.00457225 0.0202241 -0.00125637 0.000999133 0.000803654 0.0104325 0.03083 -0.0255094 0.0049349 0.00675375 -0.00569629 -0.0182758 0.0247037 0.00240684 0.00899913 -0.00279152 0.00503091 0.0226932 -0.0131162
internal_weight=9933.69 9376.48 506.357 557.208 316.261 8870.12 1288.71 6.11626 240.947 494.287 7581.41 285.552 34.7044 7295.86 1450.4 1441.38 89.9377 19.094 3.78058 70.8437 69.4623 32.0442 22.6653 9.37888 250.847 110.596 140.252 79.7955 43.3625 60.4564
internal_count=210720 203660 8262 7060 3985 195398 18410 90 3075 8170 176988 3532 358 173456 21902 21801 1352 232 56 1120 1098 501 375 126 3174 1343 1831 990 478 841
is_linear=0
shrinkage=0.05


Tree=36
num_leaves=31
num_cat=0
split_feature=24 11 16 25 6 20 42 25 48 16 4 11 36 25 37 29 28 48 26 31 33 32 37 20 28 13 42 0 17 6
split_gain=5.65266 5.48067 5.95681 4.90462 5.5509 6.51806 6.20288 4.89838 4.47958 4.19235 3.94065 7.76456 5.23224 7.07065 5.92653 5.8024 7.91188 4.58415 3.82858 3.78504 3.84934 3.73873 3.85099 3.64546 3.76736 3.63158 4.38221 5.44291 3.58457 4.04827
threshold=5.5000000000000009 4.2774291896144776 18.500000000000004 2.773865535895744 28.500000000000004 1.0000000180025095e-35 0.33224772185672308 4.552001691407348 0.10909559594946532 13.500000000000002 4.5000000000000009 3.6182426948051956 4.9240384615384629 4.4150952752414323 0.51228448275862071 0.24690476190476188 0.0011225396601481502 0.24988813990429848 0.31500000000000006 0.25854166666666673 1.385237448768317 0.26623310810810813 0.51377155172413802 9.5000000000000018 0.0016869867702147003 -0.56366914963494408 0.36811892375428373 187.50000000000003 23.500000000000004 31.500000000000004
decision_type=2 2 2 2 2 2 2 2 2 2 2 2 2 2 2 2 2 2 2 2 2 2 2 2 2 2 2 2 2 2
left_child=1 2 7 4 25 -6 -7 9 28 10 11 -1 13 -12 15 17 19 -14 -5 20 -17 22 -16 -20 -25 -3 -27 -28 29 -4
right_child=-2 3 8 18 5 6 -8 -9 -10 -11 12 -13 14 -15 21 16 -18 -19 23 -21 -22 -23 -24 24 -26 26 27 -29 -30 -31
leaf_value=0.042720197689239382 0.0062402135803160258 -0.026928673711556383 0.0018942492384195907 0.048958296985228966 0.051045494919610961 0.028425126378485151 -0.059006271683586235 0.0046256413719266707 -0.0020797018412794807 -0.0018504214245772779 0.0067821828385752876 0.0065886260905575686 -0.022969827979554824 -0.072407978460477654 0.046972693643090924 0.039310823718007579 -0.068713080197282922 -0.075874337973505457 0.0049837708176476989 0.0626064099286434 -0.034078805993224104 0.065756446205823091 -0.018102521301125229 0.029846546244160083 -0.028446399734335645 -0.0023277010980448866 0.020831806956711142 -0.05054461337386288 -0.0031412456823775217 0.013824060996124671
leaf_weight=16.724230993539095 350.05910442653112 13.749072311446069 817.09737749164924 5.2093902695924035 10.983544914051892 4.936494389548896 3.4438176546245813 831.36254645325243 5096.32971138414 1005.4103193727788 116.37487071519718 134.04313518409617 8.7321362304501289 2.8887198753654948 3.1072449861094347 3.1502630766481143 3.5382689298130563 7.7098908610641947 540.74858967075124 3.2467862274497747 4.1279705041088164 2.5954312579706302 8.4719898989424092 25.116666206158701 3.1154953278601161 417.10662790900096 35.126974994316697 2.8907267507165662 333.41830336349085 77.89063818519935
leaf_count=133 4225 236 11209 39 78 43 44 10898 139868 21570 1125 1243 104 43 23 27 52 114 5884 24 58 20 107 191 44 6582 309 41 5564 822
internal_value=-9.66385e-11 -0.00022901 -0.000653328 0.00315627 -0.000527862 0.0257064 -0.00750406 0.0016193 -0.00142641 -0.000273986 0.00476227 0.0105966 -0.00060316 0.00486409 -0.0151968 -0.02761 -0.00403125 -0.0477775 0.00628891 0.0177133 -0.00231332 0.0115176 -0.000639827 0.00589825 0.0234138 -0.0016113 -0.000846476 0.0154046 0.00128394 0.0029325
internal_weight=9888.71 9538.65 8476.22 1062.43 488.237 19.3639 8.38031 2151.48 6324.74 1320.12 314.711 150.767 163.944 119.264 44.68 30.5053 14.0633 16.442 574.19 10.525 7.27823 14.1747 11.5792 568.981 28.2322 468.873 455.124 38.0177 1228.41 894.988
internal_count=210720 206495 193004 13491 7333 165 87 35541 157463 24643 3073 1376 1697 1168 529 379 161 218 6158 109 85 150 130 6119 235 7168 6932 350 17595 12031
is_linear=0
shrinkage=0.05


Tree=37
num_leaves=31
num_cat=0
split_feature=13 25 36 13 16 11 16 38 47 36 43 24 13 11 37 29 0 4 11 11 43 28 47 7 0 34 25 25 25 36
split_gain=4.84104 5.81094 5.17901 5.07104 4.19234 3.69054 3.22676 4.25639 3.64074 3.65164 3.56367 3.33657 3.1775 3.50784 3.79651 3.49112 3.07432 3.05687 5.11014 4.2167 3.31707 4.28398 3.27966 4.13866 3.97881 3.22745 5.18894 6.57041 4.91921 4.64109
threshold=-0.91666512394430033 11.431833526332204 5.4375000000000009 -0.9250426418708606 13.500000000000002 3.890521746641904 19.500000000000004 0.064758064516128963 0.61978829337515295 5.0392307692307705 0.39984750352590614 3.5000000000000004 -0.029373859306974646 4.2574362755424486 0.53854895104895117 0.2761684782608696 196.50000000000003 4.5000000000000009 3.6182426948051956 3.7104820131135932 0.39354723249352852 -0.0012213645953219499 0.30788323633148756 53.500000000000007 66.500000000000014 73.196774193548393 2.3440048364969335 2.272031766457566 2.5785138129331875 4.77459677419355
decision_type=2 2 2 2 2 2 2 2 2 2 2 2 2 2 2 2 2 2 2 2 2 2 2 2 2 2 2 2 2 2
left_child=1 2 6 5 17 -3 7 8 9 -1 16 -11 13 -6 15 -15 -8 18 -2 20 -20 -22 23 24 -21 26 27 -19 -28 -30
right_child=4 3 -4 -5 12 -7 10 -9 -10 11 -12 -13 -14 14 -16 -17 -18 25 19 22 21 -23 -24 -25 -26 -27 28 -29 29 -31
leaf_value=0.023130760474782616 0.032466909749004028 -0.0094147391757667242 -0.072927417114541843 0.052971818366434165 -0.00030311501932961361 0.034427802074507297 0.0087910866779928234 0.065217601962140201 0.00053094100136352556 -0.037053683865999436 -0.0033194727609390873 0.03307726606024327 -0.0017844221767255967 0.0031349422733217489 0.044638727970510897 -0.051210355954722897 -0.035727899439461863 0.0026123628527735835 0.032485170512065974 -0.030309044662767716 -0.073965402592219481 -0.010824234165421921 0.0060788948944717515 0.064976512940724693 0.029280708369700609 0.0048771542584861846 -0.072533136526398839 0.076945386995143125 0.0045237860727919644 -0.022852862613761335
leaf_weight=49.819159963168204 21.162912893574685 10.511107315309351 2.2058685282245269 11.125511908903716 4962.465164642781 8.8341239504516107 128.76123009296134 3.494721181690692 59.346474717371166 5.1422750409692517 182.26454770984128 2.5306052379310131 3100.7268504996318 817.59327965648845 5.4947341438382855 2.9658760027959934 3.9983417196199289 28.029030126519505 2.7528795432299402 3.7697186600416925 3.6618779003620157 10.083849017973986 127.46866414323449 5.4560138545930377 10.903579117730258 192.89209142327309 3.4253745926544061 3.3255356000736347 27.286066250875592 35.782713705208153
leaf_count=571 164 153 64 87 106931 79 2283 27 867 71 3163 25 81380 10165 46 51 85 311 21 37 50 128 1168 30 75 1908 52 18 260 450
internal_value=-1.15706e-10 0.00496262 0.00349242 0.0260748 -0.00024801 0.0106062 0.00387963 0.0108444 0.00921811 0.0181855 0.0012192 -0.0139237 -0.000492809 0.000199067 0.00321589 0.00293851 0.0074503 0.00432358 0.00934316 0.00636098 -0.0176121 -0.0276451 0.0090407 0.0277963 0.0139715 0.00112511 -0.00627139 0.0104963 -0.014178 -0.0110086
internal_weight=9833.28 468.034 437.563 30.4707 9365.25 19.3452 435.357 120.333 116.839 57.492 315.024 7.67288 8889.25 5788.52 826.054 820.559 132.76 476 185.259 164.097 16.4986 13.7457 147.598 20.1293 14.6733 290.741 97.8487 31.3546 66.4942 63.0688
internal_count=210720 7475 7156 319 203245 232 7092 1561 1534 667 5531 96 198573 117193 10262 10216 2368 4672 1673 1509 199 178 1310 142 112 2999 1091 329 762 710
is_linear=0
shrinkage=0.05


Tree=38
num_leaves=31
num_cat=0
split_feature=13 16 25 16 16 38 47 20 43 16 34 28 11 9 6 13 8 14 38 15 5 12 28 34 17 48 16 36 28 14
split_gain=5.18587 4.04062 3.85976 3.80181 3.67084 4.53176 4.13483 3.3795 3.34939 3.1758 3.38302 2.96663 2.88978 4.40232 5.40747 5.8452 5.58737 4.579 6.08416 3.47516 7.47186 5.1602 3.506 3.98205 7.55992 5.80522 4.82458 4.3698 4.36515 3.92379
threshold=-0.91666512394430033 13.500000000000002 11.431833526332204 23.500000000000004 19.500000000000004 0.064758064516128963 0.61978829337515295 -11.499999999999998 0.39984750352590614 28.500000000000004 73.324264705882371 0.004104626934162651 4.2774291896144776 168.50000000000003 25.500000000000004 -0.88278660470935233 61.500000000000007 8.0209229691410222 -0.0075961538461537985 6.4285921453676433 16.500000000000004 25.500000000000004 -0.0045614452084775997 73.973611111111126 22.500000000000004 0.12017597252436936 18.500000000000004 4.7763888888888895 -0.0027243407958755998 8.5555498538241626
decision_type=2 2 2 2 2 2 2 2 2 2 2 2 2 2 2 2 2 2 2 2 2 2 2 2 2 2 2 2 2 2
left_child=2 -2 4 11 5 6 7 -1 -6 -10 -11 -4 -3 14 -14 -16 -17 18 -18 20 22 -21 -19 26 -25 -26 -24 28 -28 -29
right_child=1 12 3 -5 8 -7 -8 -9 9 10 -12 -13 13 -15 15 16 17 19 -20 21 -22 -23 23 24 25 -27 27 29 -30 -31
leaf_value=-0.043655498869841769 0.0042451831276143336 -0.00081139371005326053 0.0007205566008539545 0.045697027448995814 0.0067982099805619731 0.065703114334273435 0.00010780138163602746 0.020763772552758311 -0.0051580484109981003 -0.017724055070786764 0.043366194899259157 0.056391611674309165 -0.0032074229725079827 0.0064036157002565893 -0.060154282757424127 0.036484918638527042 -0.054280983337862514 0.037851528811697677 0.033694235761803422 0.022383144621321589 -0.074219690532892221 -0.043331624610296299 0.031841996681249166 0.046348972115935423 0.039045643975621783 -0.069734051087351506 0.018710910504708168 0.027666079947139263 -0.053312774708859478 -0.025193264651801928
leaf_weight=2.1076999418437472 472.60972570488229 7916.3997663795017 16.312542242929347 11.080480646342037 142.26429275842384 3.6990044936537734 59.466868470422924 59.782865209039301 167.268841158133 3.3636134257540089 6.9460904188454151 2.8044140003621569 447.50561244692653 366.26531185302883 3.0359252523630849 17.259728944860399 2.1667036553844836 5.0464084185659877 21.138157935347408 25.424488797783855 3.817229187116026 3.3850460285320869 4.7250217609107485 8.391639778390525 1.9329218193888653 3.3558728843927383 2.5242920145392373 6.0841441228985778 12.626665621995931 8.3003784287720901
leaf_count=28 4672 186164 202 96 2392 27 879 649 3033 66 82 21 7236 3924 42 128 42 43 216 185 53 39 37 62 16 42 28 55 178 83
internal_value=-9.0876e-11 -0.000259427 0.00509573 0.0223941 0.00392161 0.011185 0.00952324 0.01857 0.00108169 -0.00349801 0.0234351 0.00888737 -0.000499728 0.00211672 -0.000605819 0.00840425 0.0100538 0.00586542 0.025515 0.000516653 -0.00665735 0.0146618 -0.00179013 -0.00596293 0.0168414 -0.0299778 -0.0150688 -0.0225735 -0.041313 -0.00283563
internal_weight=9807.09 9332 475.097 30.1974 444.899 125.056 121.357 61.8906 319.843 177.579 10.3097 19.117 8859.39 942.986 576.72 129.215 126.179 108.919 23.3049 85.6141 56.8046 28.8095 52.9873 47.9409 13.6804 5.28879 34.2605 29.5355 15.151 14.3845
internal_count=210720 203245 7475 319 7156 1583 1556 677 5573 3181 148 223 198573 12409 8485 1249 1207 1079 258 821 597 224 544 501 120 58 381 344 206 138
is_linear=0
shrinkage=0.05


Tree=39
num_leaves=31
num_cat=0
split_feature=11 6 50 6 43 28 29 11 29 9 24 16 25 17 36 38 35 6 28 14 4 25 12 0 24 28 28 4 17 34
split_gain=4.18193 6.1298 5.15414 5.91191 6.09762 5.73145 5.9579 4.10372 4.55827 4.019 3.92254 4.24996 3.71783 3.6975 3.54617 5.92574 4.08752 3.8111 4.54983 3.82853 3.71516 3.50823 4.73737 4.78086 4.70755 3.77845 3.58227 4.61687 5.57969 3.50238
threshold=4.2774291896144776 25.500000000000004 1.0000000180025095e-35 27.500000000000004 0.39069026477827951 -0.0042979892380267488 0.2331140350877193 4.3087327523602044 0.24493589743589742 168.50000000000003 5.5000000000000009 18.500000000000004 4.6004669376457352 11.500000000000002 4.9875000000000007 0.066249999999999906 796.93750000000011 24.500000000000004 0.0017115285786174002 8.8751077439246711 7.5000000000000009 12.098076276711838 23.500000000000004 149.50000000000003 6.5000000000000009 -0.00081332948749384987 0.0002592810422221001 9.5000000000000018 26.500000000000004 72.290000000000006
decision_type=2 2 2 2 2 2 2 2 2 2 2 2 2 2 2 2 2 2 2 2 2 2 2 2 2 2 2 2 2 2
left_child=10 9 29 7 -5 -6 -7 8 -4 -2 11 12 -1 -12 15 -15 -16 18 19 -18 -19 22 24 -24 26 -23 27 28 -22 -3
right_child=1 2 3 4 5 6 -8 -9 -10 -11 13 -13 -14 14 16 -17 17 20 -20 -21 21 25 23 -25 -26 -27 -28 -29 -30 -31
leaf_value=-0.00029159200849158468 -0.0017770413321972725 -0.050728312873516715 -0.058420375083550018 0.080582758580872355 0.056876239445677691 -0.081579840845591473 -0.0028637709186145909 0.043968397558213267 0.033611818182340082 0.0056359406109101522 -0.036100666881440986 -0.0012230772071600247 0.0040029540726030707 0.0091003324114551001 -0.03845220022439829 -0.065322744524570472 0.0053155528860074318 0.032258817914524597 0.028549384978079385 -0.088302556641730437 -0.058505381726159447 -0.020049124785824889 -0.065354786260825595 0.011269064947096665 -0.051324447046108959 0.038001663510325592 0.037572908289620899 0.036394233240439354 0.044384203717105969 0.0066501082955115788
leaf_weight=1308.6813299676869 516.63365378696471 2.6976028978824607 2.2243000455200663 2.3551274091005352 3.2905774973332944 2.8258913625031701 16.095364668406546 28.469486295245588 3.4050888726487756 282.9934893688187 5.3943929551169267 6282.1517888985109 819.56461798353121 256.20580609957688 7.8219330119900397 2.7028687093406907 1.5772723946720351 9.8330477727577072 2.0550409927964211 3.5500828544609249 5.0534545592963784 4.0605697203427544 6.3167414930649084 3.0037524998188019 3.5030772108584634 9.0515908068045956 7.8371528238058081 3.9188968297094107 1.7824353389441965 188.4618821721524
leaf_count=24800 8093 26 24 11 20 37 158 204 28 3193 76 157463 10741 2997 150 93 22 109 22 66 84 52 112 38 54 78 72 37 14 1846
internal_value=-6.32839e-11 0.00298239 0.00981894 0.0227828 0.00408309 -0.00402819 -0.01462 0.0362553 -0.0027522 0.000846463 -0.000357943 -0.000568877 0.00136219 0.00495882 0.00563354 0.0083234 -0.00440649 -7.93879e-05 -0.0343099 -0.0595038 0.00444331 -0.00169919 -0.0107662 -0.0406609 0.00184449 0.0200245 0.0118625 -0.00687295 -0.0316773 0.0058404
internal_weight=9793.52 1049.45 249.825 58.6658 24.567 22.2118 18.9213 34.0989 5.62939 799.627 8744.07 8410.4 2128.25 333.668 328.274 258.909 69.365 61.5431 7.1824 5.12736 54.3607 44.5277 31.4155 9.32049 22.095 13.1122 18.5919 10.7548 6.83589 191.159
internal_count=210720 13640 2354 482 226 215 195 256 52 11286 197080 193004 35541 4076 4000 3090 910 760 110 88 650 541 411 150 261 130 207 135 98 1872
is_linear=0
shrinkage=0.05


Tree=40
num_leaves=31
num_cat=0
split_feature=24 11 6 50 32 37 37 31 43 43 0 47 5 31 11 16 26 37 0 14 31 37 13 48 29 4 47 15 20 4
split_gain=5.23191 4.17307 5.3043 4.94032 4.56179 3.73491 3.6086 4.46899 3.95585 3.81927 4.34661 3.46895 3.50777 3.69471 4.04237 3.42448 3.41775 3.32837 3.87861 4.78811 3.32591 3.21559 3.20315 3.1875 3.13748 3.0788 5.05361 4.25676 6.25496 4.42527
threshold=5.5000000000000009 4.2774291896144776 25.500000000000004 1.0000000180025095e-35 0.25732142857142865 0.46312500000000006 0.47687500000000005 0.23860576923076923 0.39226502711829314 0.39658589674761996 187.50000000000003 0.6187199606632442 15.500000000000002 0.25238636363636363 4.3598561151079149 18.500000000000004 0.52500000000000013 0.50742647058823531 161.50000000000003 8.832721402163445 0.22062500000000004 0.47687500000000005 -0.91373422451556963 0.23386074019086062 0.23732142857142857 4.5000000000000009 1.104746842919021 6.0559963235195911 1.0000000180025095e-35 7.5000000000000009
decision_type=2 2 2 2 2 2 2 2 2 2 2 2 2 2 2 2 2 2 2 2 2 2 2 2 2 2 2 2 2 2
left_child=1 15 -3 4 6 -5 -4 -8 -9 -10 16 12 13 21 24 22 23 -7 -19 -20 -2 -6 -1 -11 -15 -13 27 28 -27 -29
right_child=20 2 3 5 11 17 7 8 9 10 -12 25 -14 14 -16 -17 -18 18 19 -21 -22 -23 -24 -25 -26 26 -28 29 -30 -31
leaf_value=0.010656043233784718 -0.044307590016464789 0.00078994601818682024 0.019878965754538118 -0.031769463064238203 -0.026760991007807967 0.03442889770131375 -0.06171535522934897 -0.064546931111302178 0.02092589378559161 -0.016466656587054793 -0.07478883983924603 0.029295440338998446 0.043959829732684551 -0.033073314001400962 -0.0653502741670096 -0.0011820954670199099 0.041039150470358422 0.021783137145816322 0.0053283257393225147 -0.097631141660566745 0.0065232867510902183 0.031133840951540537 0.00074132791019887369 0.0055746833214601098 0.049946814372302792 -0.056083882937068424 0.035761420966847021 -0.083525701562356058 0.03722302363723988 -0.012418286260733193
leaf_weight=84.81525342958048 3.24863003543578 787.11055598733947 17.343300750479102 3.0497656464576712 2.7331016361713472 34.615946725010872 3.3426477201282969 2.5261136600747696 16.113672636449337 36.347094546072185 2.2250891849398604 7.5008763652294901 14.507112562656401 2.1107704462483516 2.7105532716959715 6246.4361163519789 4.0060409563593558 14.58826220687479 3.3945259349420658 1.6920800348743794 342.03151297010481 19.584604188799858 2060.6308240697253 29.892465269193053 2.4694404732435942 2.7267557764425936 5.1024337224662295 4.0401147967204434 5.2626693341881037 4.7728579323738813
leaf_count=996 62 11205 155 27 27 253 57 34 139 435 28 60 93 25 38 157463 33 134 32 27 4163 170 34545 283 20 46 38 50 41 41
internal_value=-4.6309e-11 -0.000221536 0.00278242 0.00924543 0.00527696 0.022071 -0.00108471 -0.00493402 -0.00285084 -0.00109148 -0.00598699 0.0149505 0.0238176 0.0139487 -0.0169536 -0.000590152 -0.00380763 0.0250955 0.00867429 -0.0289216 0.00604504 0.0240438 0.00113328 -0.00651988 0.0116873 0.00164774 -0.00781967 -0.0210541 0.00537779 -0.0450159
internal_weight=9766.93 9421.65 1029.77 242.658 185.318 57.3406 111.796 94.4531 91.1105 88.5844 72.4707 73.5213 44.1156 29.6085 7.29076 8391.88 70.2456 54.2908 19.6749 5.08661 345.28 22.3177 2145.45 66.2396 4.58021 29.4057 21.9048 16.8024 7.98943 8.81297
internal_count=210720 206495 13491 2286 1813 473 1164 1009 952 918 779 649 373 280 83 193004 751 446 193 59 4225 197 35541 718 45 276 216 178 87 91
is_linear=0
shrinkage=0.05


Tree=41
num_leaves=31
num_cat=0
split_feature=13 33 25 13 11 6 50 9 15 43 43 6 28 14 14 47 24 17 13 34 26 38 34 35 37 11 14 32 35 33
split_gain=4.34304 3.81846 3.21601 3.56793 3.1583 6.35543 5.14267 3.83856 3.60301 3.58251 3.35965 3.91251 5.67822 3.2657 4.19988 3.14184 3.0343 3.32361 2.99283 3.67731 3.17106 3.16971 3.57425 3.07794 4.09949 3.642 6.61125 4.61843 3.50127 4.43719
threshold=-0.91666512394430033 1.3862164643238601 11.431833526332204 -0.9250426418708606 4.2774291896144776 25.500000000000004 1.0000000180025095e-35 168.50000000000003 6.4044905653973405 0.40220223439777875 0.39117645058628314 27.500000000000004 0.00015950749106660004 9.1654942630845788 9.6351355814229347 1.3233192867580819 5.5000000000000009 27.500000000000004 -0.2932527918422953 72.521759259259269 0.23500000000000001 0.012249999999999952 73.262787723785181 788.73863636363649 0.47440476190476194 3.744701270061666 9.7581737296366722 0.23354166666666668 821.16120689655179 1.3849427877253035
decision_type=2 2 2 2 2 2 2 2 2 2 2 2 2 2 2 2 2 2 2 2 2 2 2 2 2 2 2 2 2 2
left_child=1 2 -1 -4 16 7 -7 15 -9 -10 -8 -12 -13 -11 -15 -6 -2 18 20 -20 -18 22 -21 24 -22 26 -25 -28 -29 -30
right_child=4 -3 3 -5 5 6 10 8 9 13 11 12 -14 14 -16 -17 17 -19 19 21 23 -23 -24 25 -26 -27 27 28 29 -31
leaf_value=0.003985915394734362 -0.00073546909820350619 -0.042668912218997115 0.007743487182895613 0.043427775982678607 -0.0020108591668711712 0.0055141459969535031 0.054829174251087243 0.0060410467360097102 -0.065798290866571074 0.043761673601211054 0.03054759845968473 0.02197370941854327 -0.032303208152060309 -0.084929086732168438 0.025496541781448862 -0.02902803353552183 -0.054167634927646625 0.023101781515708866 -0.033961338512104609 0.062785040740880357 0.022444574727346362 0.0021062566861716767 0.018053787153302407 0.05929540955276235 -0.043445912334507411 0.0050812274426314443 0.036570406345993997 -0.048203735048292118 -0.039402637308850984 0.026277461835347144
leaf_weight=446.4720202232711 8023.7924450950231 4.2289357129484406 19.052322340197865 11.077883610501884 428.88498467253521 171.84428337262943 7.2205351907759896 255.62329096579924 3.4778602514415962 2.3553636595606804 27.674152649007738 12.950043724384161 7.674071952700614 1.8168292939662936 1.6368252504616974 11.037735427729784 2.5807257853448382 21.924485493451357 3.2556689074262968 7.0833830982446733 3.3549780691973847 12.355319160036741 12.085096201859413 2.7654625726863769 7.9646302557084709 206.04024536651559 2.9598099086433676 12.045487402938308 5.4692504652775806 4.8533430006355047
leaf_count=7049 186975 114 229 83 7050 1726 43 2913 48 15 200 102 97 28 17 231 33 208 53 55 41 145 114 28 189 2575 31 185 89 54
internal_value=-1.65608e-11 0.00463317 0.00505289 0.0208634 -0.000240562 0.00251941 0.00978836 0.000174609 0.0049296 -0.0256632 0.0230181 0.0182624 0.00177769 -0.00163429 -0.032594 -0.00268872 -0.00054948 0.00434765 0.00289378 0.0166296 0.00096773 0.0218545 0.0345835 0.00154743 -0.0239169 0.00277855 -0.0141096 -0.0221244 -0.0298911 -0.00852202
internal_weight=9741.56 480.831 476.602 30.1302 9260.73 932.196 227.363 704.833 264.91 9.28688 55.5188 48.2983 20.6241 5.80902 3.45365 439.923 8328.53 304.738 282.813 34.7795 248.034 31.5238 19.1685 245.453 11.3196 234.134 28.0934 25.3279 22.3681 10.3226
internal_count=210720 7475 7361 312 203245 12470 2168 10302 3021 108 442 399 199 60 45 7281 190775 3800 3592 367 3225 314 169 3192 230 2962 387 359 328 143
is_linear=0
shrinkage=0.05


Tree=42
num_leaves=31
num_cat=0
split_feature=24 11 6 26 13 48 50 11 26 31 33 33 0 14 29 8 36 48 43 24 38 20 9 9 8 5 37 15 31 0
split_gain=4.01006 3.94397 3.93758 2.9951 3.21836 4.48378 2.98377 4.00343 4.3054 3.66744 5.95081 3.66561 3.26978 3.68231 2.94987 2.8411 2.62677 2.61299 3.98962 3.60604 5.67027 3.6908 3.22999 3.1514 2.69986 2.88471 3.2732 5.47918 2.69716 6.04107
threshold=5.5000000000000009 4.2774291896144776 25.500000000000004 0.31500000000000006 -1.0190592962650822 0.12450802398904921 1.0000000180025095e-35 4.3240088680229531 0.48500000000000004 0.26118055555555558 1.3854111993415585 1.3859348604851147 186.50000000000003 8.1819377621285856 0.25062500000000004 103.50000000000001 4.5477272727272737 0.11372658761848901 0.40930803548863293 3.5000000000000004 -0.040270270270270192 4.5000000000000009 192.50000000000003 260.50000000000006 55.500000000000007 15.500000000000002 0.49937500000000007 4.8845764243702599 0.26727453580901861 177.50000000000003
decision_type=2 2 2 2 2 2 2 2 2 2 2 2 2 2 2 2 2 2 2 2 2 2 2 2 2 2 2 2 2 2
left_child=1 3 -3 -1 5 15 9 8 -8 12 14 -9 -4 -14 -11 -5 -7 18 24 -20 -21 -22 -23 -19 25 26 -6 -28 -26 -30
right_child=-2 2 6 4 17 16 7 11 -10 10 -12 -13 13 -15 -16 -17 -18 23 19 20 21 22 -24 -25 28 -27 27 -29 29 -31
leaf_value=0.0030814148647698818 0.0052804248695099464 0.0010107592419971746 0.0062805572739677079 -0.060813089204988381 0.015465279808324345 -0.042780708072755191 0.0082300926018746157 0.031722956451177002 -0.063875563405917712 0.00049837978488826058 -0.080691765880778199 -0.023417324028007239 -0.023450494393276639 0.04151626204668421 -0.058289340974983617 0.018180232813400681 0.026763455711916559 -0.0033977603240041947 0.0050464340904762539 -0.045361531713208579 0.043304159399574653 0.04242287617571041 -0.054246260951302507 -0.00071260758597730236 -0.0010818987463675767 0.044946689614610957 0.0067841357457369333 -0.10329036960477414 0.0079213493920110602 -0.011950140933236491
leaf_weight=530.71182799246162 346.72954009543173 780.24370841076598 127.36727327154949 2.8801122140139368 22.948902657255534 1.4344321079552198 16.394973932765428 36.383883229456842 2.3693967796862117 35.137191165238619 2.6437824079766861 3.2862664051353923 2.6234779357910147 12.935242387466131 2.2718472816050044 1.8821214661002157 25.421161105856299 1409.6566248526797 70.366382472217083 2.4438559692353037 19.39785774983466 1.5249652154743665 1.9939544061198828 4860.0018185367808 1129.1440529490355 6.2340474333614102 3.5267355870455495 1.6639152378775177 221.91850856272504 46.210788892582059
leaf_count=6836 4225 11205 1261 76 318 28 146 264 33 365 37 30 30 87 33 25 390 44024 1155 47 205 23 38 117799 17655 53 54 29 3464 785
internal_value=-2.713e-11 -0.000195169 0.00273738 -0.000553577 -0.000799996 0.01512 0.0083178 0.0181542 -0.000874764 0.00517652 -0.00819529 0.0271551 0.00892377 0.0305617 -0.00307179 -0.0295935 0.0230489 -0.000864553 0.000989933 0.0108724 0.0270372 0.0347578 -0.0123536 -0.00131633 0.000329145 0.0141728 0.00735515 -0.0285014 -1.14158e-05 0.00449659
internal_weight=9727.75 9381.02 1021.66 8359.36 7828.65 31.6178 241.413 58.4345 18.7644 182.979 40.0528 39.6701 142.926 15.5587 37.409 4.76223 26.8556 7797.03 1527.37 95.727 25.3606 22.9168 3.51892 6269.66 1431.65 34.3736 28.1396 5.19065 1397.27 268.129
internal_count=210720 206495 13491 193004 186168 519 2286 473 179 1813 435 294 1378 117 398 101 418 185649 23826 1468 313 266 61 161823 22358 454 401 83 21904 4249
is_linear=0
shrinkage=0.05


Tree=43
num_leaves=31
num_cat=0
split_feature=13 35 26 29 29 33 34 34 8 25 13 8 4 5 12 14 14 29 30 26 17 28 36 47 38 43 31 15 43 47
split_gain=3.774 3.4652 3.74037 3.68332 3.46814 3.30562 4.35649 3.14985 3.29688 2.92524 3.55486 3.26633 4.42978 3.38861 2.87805 2.80637 2.78095 3.2486 2.58658 2.49895 3.42304 3.25554 4.28613 4.2215 3.56872 3.25548 4.41963 4.34202 3.62043 4.98664
threshold=-0.91666512394430033 799.2125000000002 0.43500000000000005 0.2661895161290323 0.2462019230769231 1.3851458192423267 74.078040540540556 72.637500000000017 121.50000000000001 11.431833526332204 -0.9250426418708606 126.50000000000001 9.5000000000000018 19.500000000000004 16.500000000000004 10.628411287399294 8.6717601941610454 0.2597297297297298 0.26220238095238102 0.31500000000000006 8.5000000000000018 -0.0026246482923028493 4.6493243243243247 0.79607026021851512 -0.034999999999999941 0.40256056874753671 0.27939393939393947 2.3725521519454635 0.4041960320691072 0.78827997543455897
decision_type=2 2 2 2 2 2 2 2 2 2 2 2 2 2 2 2 2 2 2 2 2 2 2 2 2 2 2 2 2 2
left_child=1 2 5 9 -4 6 7 14 -9 -3 11 13 -13 -11 18 16 17 -7 -1 20 21 23 -23 -2 -25 26 -22 -27 29 -29
right_child=19 3 4 -5 -6 15 -8 8 -10 10 -12 12 -14 -15 -16 -17 -18 -19 -20 -21 25 22 -24 24 -26 27 -28 28 -30 -31
leaf_value=-0.089737536718125108 0.034700909043279396 0.0044164017402283486 0.04432778275976347 0.047740114175308233 -0.021515204661657388 -0.051437723653771264 -0.055580007916500564 0.040247449982897497 -0.0024248595679828579 0.036732769899995125 0.042845914355426978 0.0031762727346219019 -0.093510704821625379 -0.03122448916444065 0.037475296901316082 -0.085205236208765897 0.01800143277662989 0.0174121613864755 -0.0028301044946751341 -0.00043602855439937583 0.0098650687269345762 -0.048202113907038928 -0.0075612572234256305 0.0095071732866334017 -0.097886665064093312 0.066839471071078738 -0.027858862470464076 -0.024205760971253015 0.0035903939432378839 0.0014674084871252229
leaf_weight=1.5523003349080746 7.5482162218540889 376.83574589109048 2.1294889552518717 5.2485304474830619 32.874537389725447 5.0258150687441212 2.0798638006672254 15.514485810883345 6.3909352803602806 8.8682689126581007 11.282014552503822 4.3615790968760839 1.6263774856925008 2.3127749636769286 1.7104176133871076 1.295137527398764 5.7872176924720407 2.5994240418076515 1.9090957343578336 8651.2813836541027 225.19372719246894 8.4648926183581334 27.772447549039498 1.9226836133748295 1.2942999834194777 2.4467185810208312 8.0413596206344646 32.291627167258412 193.95818929420784 45.656963435932994
leaf_count=30 73 5905 20 57 621 96 36 150 87 84 82 54 21 36 21 26 81 38 30 196229 2639 175 405 21 30 19 124 453 2518 559
internal_value=-6.1173e-11 0.00427848 -0.00532046 0.00612255 -0.0175096 0.00440649 0.014155 0.0195115 0.0277977 0.00558359 0.0210431 0.00671622 -0.0230847 0.022676 -0.0155853 -0.0149194 -0.00813249 -0.027967 -0.0418047 -0.000227453 0.00302619 -0.00988257 -0.0170548 0.0142603 -0.033701 0.00422154 0.00856444 0.000529527 -6.71542e-05 -0.00916817
internal_weight=9695.28 489.404 78.8687 410.535 35.004 43.8647 29.1571 27.0772 21.9054 405.287 28.451 17.169 5.98796 11.181 5.17181 14.7076 13.4125 7.62524 3.4614 9205.87 554.591 47.0025 36.2373 10.7652 3.21698 507.589 233.235 274.353 271.907 77.9486
internal_count=210720 7475 1236 6239 641 595 354 318 237 6182 277 195 75 120 81 241 215 134 60 203245 7016 704 580 124 51 6312 2763 3549 3530 1012
is_linear=0
shrinkage=0.05


Tree=44
num_leaves=31
num_cat=0
split_feature=13 4 11 6 48 48 48 37 37 12 28 30 16 17 32 14 6 6 31 0 14 14 15 28 36 5 42 15 9 34
split_gain=4.71605 2.63002 2.27973 4.13493 3.20566 4.65756 3.94103 3.77334 4.7432 5.19401 3.62665 3.53647 3.52318 3.51464 3.99731 3.2331 3.43411 4.55248 3.31055 3.16573 3.14257 3.57185 4.98876 3.59656 3.47926 3.12905 3.11203 3.08841 5.00233 4.68334
threshold=-0.91666512394430033 10.500000000000002 4.2774291896144776 25.500000000000004 0.36949581862966513 0.37645111986240964 0.36808605951431034 0.51187343358395998 0.52954963235294128 19.500000000000004 -0.0014337179164269499 0.22900641025641025 13.500000000000002 13.500000000000002 0.25822072072072072 6.8218999846285415 18.500000000000004 22.500000000000004 0.25062500000000004 21.500000000000004 7.320625407594199 7.6096568489582035 4.3142541892179169 -0.0017504583453399499 4.949358974358975 16.500000000000004 0.36742014249882265 4.8709582715571633 257.50000000000006 73.722500000000011
decision_type=2 2 2 2 2 2 2 2 2 2 2 2 2 2 2 2 2 2 2 2 2 2 2 2 2 2 2 2 2 2
left_child=1 -1 -2 4 6 15 12 11 9 -9 -11 26 -4 14 -14 16 18 -18 -6 -15 24 22 -22 -24 -5 27 -7 28 -21 -30
right_child=2 -3 3 20 5 7 -8 8 -10 10 -12 -13 13 19 -16 -17 17 -19 -20 25 21 -23 23 -25 -26 -27 -28 -29 29 -31
leaf_value=0.0043597325461237953 -0.00051814407376068398 0.038063019006742145 0.037162477738812975 0.013285740913496227 -0.0073560702714899583 0.01199713331793812 0.04782835377451039 0.01309990049247934 0.029853382260546114 -0.00053830139782132594 -0.071762420489686604 -0.00051571095555795953 0.038068916276104578 -0.054872715848616395 -0.033653431446583164 -0.044799547857668175 0.025947354880565349 -0.072417909416402901 -0.10140692934539659 -0.0041166595546390308 0.0073517140412254342 0.0075812969878627642 -0.0027212588247914771 -0.09804812607645802 0.058303564467675109 -0.047873097573163673 0.090285683100023773 0.0062992099907714623 -0.0030199608681569911 0.027669742914148861
leaf_weight=488.081994402688 8272.6174634445924 5.8578127995133391 6.7946943640708914 14.568095687776806 2.175973590463403 3.3868255876004687 4.6030921582132569 3.839774580672386 3.3588073868304482 2.3258277121931314 7.7186225503683072 73.81353007722646 11.433927037753163 2.5867784833535543 2.3402932975441209 12.279114405624567 6.9889250975102168 1.4142959080636499 1.6414746576920149 312.45203264197335 5.7943551959469897 197.00841423450038 1.5454776827245948 2.7502328772097826 6.0845931954681864 3.3127252869307986 2.0303274244070053 176.23056506644934 23.895841111429036 25.910076530650258
leaf_count=7432 190775 43 45 150 42 41 45 61 37 37 145 1148 107 75 40 215 104 36 37 5434 55 1858 19 46 40 49 8 2110 274 212
internal_value=-6.18207e-11 0.00475943 -0.000255783 0.00210777 0.000180897 -0.00721108 0.00175094 -0.00226706 -0.0234638 -0.036362 -0.0552702 0.002346 0.00137552 0.00093987 0.025883 -0.0266794 -0.00847251 0.00939209 -0.0477972 0.000308753 0.00794998 0.00609525 -0.0229198 -0.0637522 0.0265487 0.000572212 0.0413394 0.000870242 -0.00177083 0.0129455
internal_weight=9684.84 493.94 9190.9 918.285 690.534 120.973 569.56 96.4737 17.243 13.8842 10.0445 79.2307 564.957 558.162 13.7742 24.4998 12.2207 8.40322 3.81745 544.388 227.751 207.098 10.0901 4.29571 20.6527 541.801 5.41715 538.489 362.258 49.8059
internal_count=210720 7475 203245 12470 10302 1911 8391 1477 280 243 182 1197 8346 8301 147 434 219 140 79 8154 2168 1978 120 65 190 8079 49 8030 5920 486
is_linear=0
shrinkage=0.05


Tree=45
num_leaves=31
num_cat=0
split_feature=13 31 33 11 24 13 36 37 17 38 16 48 43 25 8 28 31 42 0 47 13 34 17 12 15 25 15 20 20 15
split_gain=3.52609 2.9496 3.32387 2.87197 3.14916 3.16521 2.9323 2.92425 2.83671 3.0147 2.777 2.77645 3.06908 4.86191 2.94778 5.78467 3.54821 4.05314 3.94916 3.74521 2.9446 2.79963 2.83799 2.72561 2.7046 3.81684 3.67686 4.44369 3.77267 3.70281
threshold=-0.91373422451556963 0.22062500000000004 1.3824797385345891 4.2774291896144776 5.5000000000000009 -0.2932527918422953 3.8535714285714291 0.53070719602977678 15.500000000000002 0.0051315789473684011 16.500000000000004 0.38686948049837372 0.40694021945948172 2.9788212915560806 143.50000000000003 -0.0024902072371194993 0.2549193548387097 0.34225545057285106 103.50000000000001 0.39844916262768593 -0.25052059567982315 71.683014354066998 4.5000000000000009 18.500000000000004 6.1350667916941601 9.1733279278509787 5.7000609486802043 -3.4999999999999996 6.5000000000000009 5.5550439011719641
decision_type=2 2 2 2 2 2 2 2 2 2 2 2 2 2 2 2 2 2 2 2 2 2 2 2 2 2 2 2 2 2
left_child=1 -1 -3 4 10 7 -5 -6 -7 -10 11 14 -13 -14 21 -16 17 -17 -18 -19 -21 -2 -23 -12 26 -26 27 29 -29 -4
right_child=3 2 24 6 5 8 -8 -9 9 -11 23 12 13 -15 15 16 18 19 -20 20 -22 22 -24 -25 25 -27 -28 28 -30 -31
leaf_value=-0.053796403051434655 0.020052716785846636 0.02824262518295061 0.009214816261763752 0.053122989227862898 0.0031928492554943958 -0.034626825153557354 0.0022791413212013864 -0.038813259365083119 0.034256166155268233 0.0050488253528299682 -0.0036810600796585938 0.010769726419715084 0.012897566868215955 -0.034324246385426915 0.049756077367072743 -0.080840074177501692 0.045103827661578354 -0.044406922652459546 -0.0031613581914822992 -0.015738161629011285 0.033838813190586396 0.056300364458876186 -0.0006325338072748879 -0.00070332704260907134 0.027209889853135917 0.0056066743212214781 -0.010020849477483447 -0.0036300811935777427 0.014652306574901061 0.041914771420790781
leaf_weight=2.2104926239699116 16.951768038794398 13.873982660472391 70.09550450136885 2.8447347655892363 261.24672760860994 2.4081173734739414 900.37275368534029 4.2099103811196974 20.12229488324374 15.750100835226474 881.32811588188633 132.03403297904879 11.515631309710445 10.349804315250365 8.6997303832322341 1.8746274020522857 8.3530494235456008 4.1064013764262226 8.6032683057710511 5.5770395249128359 6.4693333953618968 2.1948363268747917 807.86517620831728 6001.6029184232466 23.203321967739612 172.05352819897234 63.842797614634037 172.18299286393449 33.748551975004375 9.8770670099183899
leaf_count=42 234 165 937 21 3308 37 12415 64 165 181 27016 1936 189 161 83 38 84 69 115 93 73 14 12034 144076 290 2362 1041 2890 496 91
internal_value=-5.83209e-11 0.00384706 0.00407505 -0.000236825 -0.000531189 0.00446494 0.00243928 0.00252667 0.0179059 0.0214324 -0.000723096 0.00170546 0.00789635 -0.00945445 0.000611193 0.0132697 0.00419627 -0.0112471 0.0206151 -0.00317038 0.0108864 -5.74393e-05 -0.000478276 -0.00108461 0.00345982 0.00817389 0.000828053 0.00325063 -0.00063392 0.0132534
internal_weight=9675.57 561.088 558.878 9114.48 8211.26 303.737 903.217 265.457 38.2805 35.8724 7907.53 1024.59 153.899 21.8654 870.695 43.6834 34.9837 18.0274 16.9563 16.1528 12.0464 827.012 810.06 6882.93 545.004 195.257 349.747 285.904 205.932 79.9726
internal_count=210720 8314 8272 202406 189970 3755 12436 3372 383 346 186215 15123 2286 350 12837 555 472 273 199 235 166 12282 12048 171092 8107 2652 5455 4414 3386 1028
is_linear=0
shrinkage=0.05


Tree=46
num_leaves=31
num_cat=0
split_feature=13 26 11 24 13 48 8 43 9 24 35 29 33 16 31 13 5 25 25 9 8 15 7 9 5 29 29 29 16 34
split_gain=3.68296 2.55078 2.74025 2.66976 3.00663 2.60285 3.91014 3.58821 3.51442 3.50547 4.27117 3.10913 2.87454 4.06435 5.15338 2.77593 3.50671 4.07738 3.44256 3.49099 4.65523 3.06918 3.26391 2.99484 4.30691 2.70798 2.63593 2.941 2.9143 4.06226
threshold=-0.91373422451556963 0.31500000000000006 4.2774291896144776 5.5000000000000009 -0.2932527918422953 0.11372658761848901 42.500000000000007 0.40930803548863293 260.50000000000006 3.5000000000000004 792.16250000000002 0.25606617647058821 1.3843994004681008 12.500000000000002 0.24321253071253071 -0.29582895138151133 10.500000000000002 3.3525849524220708 3.2796114247818777 532.50000000000011 113.50000000000001 5.0399563879980489 50.500000000000007 499.50000000000006 14.500000000000002 0.21937500000000001 0.23492424242424242 0.23268365817091455 13.500000000000002 73.45416666666668
decision_type=2 2 2 2 2 2 2 2 2 2 2 2 2 2 2 2 2 2 2 2 2 2 2 2 2 2 2 2 2 2
left_child=-1 -2 3 5 -5 6 11 25 12 15 -11 -3 -7 14 -14 16 -9 -18 19 20 -17 -22 -23 -19 -25 -8 27 -15 29 -28
right_child=1 2 -4 4 -6 8 7 9 -10 10 -12 -13 13 26 -16 18 17 23 -20 -21 21 22 -24 24 -26 -27 28 -29 -30 -31
leaf_value=0.0039276935783074951 0.0030338933181071471 0.030299447919450564 0.0021492275681010043 0.0019742958657201406 0.017134764278911842 0.00035798331285242201 0.032546915408020287 0.018758764918398032 -0.00079952897487710534 -0.043943939699304962 0.031927798899069444 -0.035231250659203669 0.018037328454103864 -0.0081366895442571453 -0.092142417117628994 0.045513815356779043 -0.093450074189680071 0.0011047921313067546 0.081547492223305221 0.029585850001004152 0.00041910043132413585 -0.10038180433495313 -0.018071893336372782 -0.087929180253033604 0.010811783767723512 -0.00017102791024795579 0.039548588389806232 -0.02861517898892172 -0.0043871442512822788 -0.024511692006782652
leaf_weight=562.072681884747 557.4350783478003 17.135708998888735 901.79369829175994 255.4640074132476 37.504772597923875 306.44596997462213 6.354326404631137 7.6982151269912746 4667.3396293155383 2.0140284230001297 23.481209157500416 2.0238175485283127 1.6654473729431618 84.403566248249263 2.925500487908721 4.4495781064033535 1.7836423115804816 10.561620273161678 1.701530820224433 13.706226150505243 17.085443265736107 1.6774058509618033 4.2712570950388908 2.6885546389967194 1.8742244858294723 1339.540328955045 8.3552002534270269 22.128902407363057 778.45995021052659 3.5162194836884728
leaf_count=8314 7008 193 12372 3240 361 10103 66 114 115362 48 246 38 17 2987 57 62 47 193 11 162 321 40 77 68 24 21280 73 760 27032 44
internal_value=1.67391e-11 -0.000242986 -0.000457179 -0.000765383 0.00391508 -0.00095237 0.000938546 0.000639761 -0.00142164 0.0101387 0.0259342 0.0233775 -0.00382546 -0.00524761 -0.0521728 0.00417244 -0.00921484 -0.0219512 0.0118526 0.00897349 -0.00130597 -0.0103503 -0.0412817 -0.0135192 -0.04737 -1.65578e-05 -0.0050074 -0.0123905 -0.0040122 0.0205744
internal_weight=9647.56 9085.49 8528.05 7626.26 292.969 7333.29 1458.05 1438.89 5875.24 92.9929 25.4952 19.1595 1207.9 901.455 4.59095 67.4977 24.6063 16.908 42.8914 41.1899 27.4837 23.0341 5.94866 15.1244 4.56278 1345.89 896.864 106.532 790.331 11.8714
internal_count=210720 202406 195398 183026 3601 179425 22990 22759 156435 1413 294 231 41073 30970 74 1119 446 332 673 662 500 438 117 285 92 21346 30896 3747 27149 117
is_linear=0
shrinkage=0.05


Tree=47
num_leaves=31
num_cat=0
split_feature=13 20 32 26 17 13 12 35 42 15 48 14 32 42 34 31 9 28 13 34 11 11 43 33 7 28 31 43 43 16
split_gain=2.75033 2.34752 3.34222 3.17402 2.59556 3.03616 4.19719 4.10971 6.78261 3.96602 3.669 3.18364 4.20774 3.39949 3.15194 3.1858 4.16143 3.2426 3.13011 3.03551 3.01687 2.76537 3.17905 3.60032 2.96228 2.86252 2.82584 2.75856 3.26859 3.09533
threshold=-0.91373422451556963 -2.4999999999999996 0.22245689655172413 0.31500000000000006 22.500000000000004 -1.0190592962650822 16.500000000000004 808.53750000000002 0.30764313373387403 6.1350667916941601 0.24897018365199966 8.311892401432118 0.23516016016016017 0.39629156246406277 74.012500000000017 0.25062500000000004 145.50000000000003 -0.00036690435311589995 -0.92013565737393721 73.898717948717959 4.2574362755424486 4.4855042016806737 0.40519046818279358 1.3841180197500764 28.500000000000004 0.0019880676894414502 0.23733974358974355 0.40330740346520794 0.4091233443065469 24.500000000000004
decision_type=2 2 2 2 2 2 2 2 2 2 2 2 2 2 2 2 2 2 2 2 2 2 2 2 2 2 2 2 2 2
left_child=1 2 -1 -4 5 7 18 8 10 11 -3 27 -13 14 15 -14 -17 -18 -7 21 -11 22 26 25 -23 -24 -6 29 -29 -8
right_child=-2 4 3 -5 19 6 9 -9 -10 20 -12 12 13 -15 -16 16 17 -19 -20 -21 -22 24 23 -25 -26 -27 -28 28 -30 -31
leaf_value=-0.061296760032919222 -0.00021248429462382458 -0.035304136590961342 0.060103981068563773 0.0076456652517442828 -0.052962660845888444 -0.0068180580888307961 -0.014203044152676817 0.030453035817454885 -0.061356171547053695 0.0099007034124512974 0.046614471312423161 0.02583074075555062 0.020768399293278793 -0.059063500531555506 -0.055125237317254161 -0.083004918327777566 -0.048509540904346261 0.024703418825860957 -0.055389373294941292 0.010480308931090088 0.03668929670753987 0.00083944891719591212 0.068636632001133832 -0.03867574765622063 -0.083049582808316647 -0.023847237030693105 0.00026273227056821291 0.017678226951466296 -0.032164531348615244 0.013669655369569524
leaf_weight=1.7334848139435042 9039.8092115265317 1.9309745300561205 2.9278961792588225 190.17954823654145 2.6239578370004883 59.485587948001921 27.868070352822542 21.545939133502543 3.7705341950058937 54.973206656984985 4.6787365861237049 5.3879546578973558 7.2226479789242211 5.1530076572671524 3.673502671532332 2.232988487929104 2.4700437262654358 3.9007153129205054 3.5128332525491706 21.533966937102377 12.994084579870103 1.7578247282654036 1.561548776924613 13.626924181822686 2.6220702100545168 1.8023964157328007 50.245524996891618 39.956557063385844 3.5843042479827991 15.501135029830037
leaf_count=32 202406 35 17 2434 52 1029 460 246 83 778 48 69 112 95 77 43 55 54 85 339 88 23 12 288 54 36 828 559 73 210
internal_value=-5.27912e-12 0.00336715 0.00782059 0.00844104 0.00105705 0.00348859 0.00161964 0.0180015 -0.00784375 0.00541691 0.0226826 -0.000165292 -0.0141969 -0.0229451 -0.0134005 -0.00371568 -0.0242695 -0.0036824 -0.00952643 -0.00604765 0.0150222 -0.0108417 -0.00842545 -0.0272402 -0.0493816 0.0190839 -0.00237889 0.00468481 0.0135751 -0.00424071
internal_weight=9610.27 570.458 194.841 193.107 375.617 279.843 247.917 31.9262 10.3802 184.918 6.60971 116.951 30.0409 24.6529 19.4999 15.8264 8.60375 6.37076 62.9984 95.7742 67.9673 74.2402 69.8604 16.9909 4.37989 3.36395 52.8695 86.9101 43.5409 43.3692
internal_count=210720 8314 2483 2451 5831 4199 3787 412 166 2673 83 1807 505 436 341 264 152 109 1114 1632 866 1293 1216 336 77 48 880 1302 632 670
is_linear=0
shrinkage=0.05


Tree=48
num_leaves=31
num_cat=0
split_feature=13 16 13 42 13 14 26 5 8 13 16 28 37 4 33 50 25 0 38 35 15 46 15 0 25 15 12 36 31 25
split_gain=5.43188 2.40115 3.8276 3.96876 4.395 6.03705 5.90544 4.9325 5.76622 4.9966 4.61106 5.3456 5.29697 4.85663 4.46585 5.3662 6.75807 3.94305 3.90343 5.87231 4.63627 4.06439 3.80829 3.76856 3.7027 3.63751 5.92771 3.62919 4.29959 4.18383
threshold=-0.91373422451556963 13.500000000000002 -0.9006087543863005 0.373883708316959 -0.39851806610464052 6.2367960989905509 0.29500000000000004 11.500000000000002 50.500000000000007 0.5393731934344006 12.500000000000002 0.0054348638575895504 0.47850543478260876 4.5000000000000009 1.3848864175516897 1.0000000180025095e-35 2.5517060641885303 154.50000000000003 -0.0089572192513367992 831.3375000000002 6.2210268983954178 1.5000000000000002 5.6020236502314642 27.500000000000004 1.9192726950166372 4.546560248200322 23.500000000000004 4.823214285714287 0.27034143518518522 0.80018689685724886
decision_type=2 2 2 2 2 2 2 2 2 2 2 2 2 2 2 2 2 2 2 2 2 2 2 2 2 2 2 2 2 2
left_child=-1 2 -2 4 5 6 -4 23 9 -9 11 13 -12 -7 15 16 24 -14 20 -20 -15 -22 -19 -6 27 -25 -27 29 -29 -10
right_child=1 -3 3 -5 7 10 -8 8 14 -11 12 -13 17 18 -16 -17 -18 22 19 -21 21 -23 -24 25 -26 26 -28 28 -30 -31
leaf_value=0.0047808296727783924 -0.061753318907391268 -0.00048301121449263344 -0.10860511301605723 -0.00082517149640520988 -0.040046263472049204 0.021854581202561712 0.0086834099913816725 -0.10642316937471419 0.007727467363062593 0.011243723959457051 -0.047626841810529785 -0.085356461180349202 0.035383190299217979 0.037625268337179968 0.019856987290538267 0.026403599526382205 0.024357097350586197 0.025016852736904766 -0.031259562340584732 0.02476782519791642 0.022524286154401316 -0.083098842273790288 -0.070703887755928216 0.03807975344443397 -0.095592446995090813 0.029720769752179323 -0.066341912636880135 0.037395997861038206 -0.05449887717084842 -0.088743976777825764
leaf_weight=559.52475200360641 2.2535721044987431 8591.7477169225458 2.4466619286686173 240.33715246152133 1.9374822713434685 15.437521306332199 1.9117868877947328 2.0306223053485151 1.6566889807581917 1.6235521659255026 2.6457528211176422 1.9931784728541959 21.403888473287228 7.2645963300019449 45.402529005892575 8.8581571034155804 5.7359194685704997 2.3359012985602012 24.127713248599328 5.8012853655964127 1.781381815671921 1.8636246211826799 1.8717146981507538 34.705911433324218 2.4925834108144036 5.1210854751989237 2.3395400755107403 3.2261538123711944 2.1023468216881156 3.4944584295153618
leaf_count=8314 35 197737 28 2625 27 123 16 28 19 16 33 28 169 59 398 88 55 21 295 56 15 28 29 251 45 39 27 23 39 54
internal_value=3.05658e-12 -0.000295712 0.00324727 0.00357138 0.00856474 0.000259826 -0.0571578 0.0148168 0.00714918 -0.0541437 0.00315202 -0.00488585 0.0197269 -0.00203575 0.0102186 -0.005656 -0.020836 0.0266848 -0.0110666 -0.0203995 0.0145369 -0.0314789 -0.0175635 0.0281379 -0.0408189 0.0312709 -0.000403044 -0.0277911 0.0011391 -0.0577173
internal_weight=9605.48 9045.95 454.203 451.949 211.612 90.885 4.35845 120.727 76.623 3.65417 86.5266 58.2693 28.2573 56.2761 72.9688 27.5663 18.7082 25.6115 40.8386 29.929 10.9096 3.64501 4.20762 44.104 12.9722 42.1665 7.46063 10.4796 5.3285 5.15115
internal_count=210720 202406 4669 4634 2009 900 44 1109 765 44 856 604 252 576 721 323 235 219 453 351 102 43 50 344 180 317 66 135 62 73
is_linear=0
shrinkage=0.05


Tree=49
num_leaves=31
num_cat=0
split_feature=13 26 11 6 9 4 7 37 32 42 36 4 43 33 33 34 5 16 11 37 42 21 33 13 48 32 11 48 9 25
split_gain=4.29272 3.45784 2.57526 2.8502 3.51295 3.14249 2.98639 5.82478 3.25939 3.0887 2.90881 2.91182 3.65621 2.73491 2.84412 3.26082 3.04853 2.71719 3.23831 2.68711 2.57506 2.52348 5.15774 4.21153 2.73128 3.83436 4.55998 2.78368 2.57826 3.27573
threshold=-0.91373422451556963 0.31500000000000006 4.2774291896144776 25.500000000000004 168.50000000000003 9.5000000000000018 54.500000000000007 0.52245689655172423 0.26737068965517247 0.31972854617104207 5.2546296296296306 4.5000000000000009 0.40071429463051683 1.3856713025371328 1.3852573222697646 72.83750000000002 13.500000000000002 16.500000000000004 4.3240088680229531 0.52245689655172423 0.34105234638983745 1.0000000180025095e-35 1.3855389790425765 -0.83980508514128116 0.62451563512499131 0.24491379310344827 3.9573922282938683 0.6256597009599536 502.50000000000006 9.1733279278509787
decision_type=2 2 2 2 2 2 2 2 2 2 2 2 2 2 2 2 2 2 2 2 2 2 2 2 2 2 2 2 2 2
left_child=-1 21 -3 4 19 6 8 17 9 13 -11 -12 -13 14 15 -5 -17 -8 -19 -4 -6 24 23 -23 -2 27 -27 -26 29 -25
right_child=1 2 3 5 20 -7 7 -9 -10 10 11 12 -14 -15 -16 16 -18 18 -20 -21 -22 22 -24 28 25 26 -28 -29 -30 -31
leaf_value=0.0042089885458900132 0.0020641244697008599 -0.00081650868597226496 -0.0029270951891587115 0.054429760130511984 0.064035366773519342 -0.05069192582833653 0.017949066368556626 0.048600777857927956 0.023681818292667117 0.0022849304617583014 0.069810748785112453 -0.020039985600455685 0.050580017666944414 -0.014055237506055357 0.056465505251322413 0.023028298743720529 -0.062351946010981089 -0.087239560547882539 -0.01797370143891645 0.032725652507549406 0.0045320037835409402 -0.075527715531851364 0.037616810804565588 -0.01609051584455911 0.031383911782402754 0.062252264358753168 -0.017468449501152568 -0.06329689819615289 0.030553651143596507 0.056027249561828585
leaf_weight=569.82456632424146 504.50708443392068 7574.6551483308431 409.63480284623802 2.7731689680367726 1.8311456404626358 2.3457089997827998 1.7410894148051719 2.536683000624179 31.363268266431987 152.19836528878659 3.1385788563638908 3.9999914690852165 3.3828112408518791 3.4730290062725535 7.6095973318442702 2.3259413875639439 1.8990998752415178 3.3267674744129181 3.4242767356336117 5.3540138360112897 257.33776045590639 1.6864625047892321 15.990595116280018 11.647192161530262 1.377312891185283 6.9665246345102769 2.4157573617994785 1.7790690669789908 7.3028875933960071 1.8207189077511419
leaf_count=8314 6338 183026 7166 19 15 25 14 17 253 1532 15 34 19 34 54 23 19 53 35 67 2978 37 188 199 15 55 37 32 90 17
internal_value=-4.79745e-11 -0.000265607 -0.000516113 0.00201296 0.000385203 0.00687849 0.00748355 -0.0178838 0.0088022 0.00622106 0.00404261 0.0294685 0.0123182 0.0258261 0.035308 0.0123021 -0.015349 -0.0377434 -0.0521064 -0.00246712 0.00495242 0.003556 0.0159143 0.000461132 0.00263703 0.0256884 0.0417257 -0.0219822 0.00663096 -0.00634096
internal_weight=9599.67 9029.84 8474.35 899.696 674.158 225.538 223.193 11.0288 212.164 180.801 162.72 10.5214 7.3828 18.0808 14.6078 6.99821 4.22504 8.49213 6.75104 414.989 259.169 555.494 38.4479 22.4573 517.046 12.5387 9.38228 3.15638 20.7708 13.4679
internal_count=210720 202406 195398 12372 10226 2146 2121 119 2002 1749 1600 68 53 149 115 61 42 102 88 7233 2993 7008 531 343 6477 139 92 47 306 216
is_linear=0
shrinkage=0.05


Tree=50
num_leaves=31
num_cat=0
split_feature=13 26 21 33 15 11 42 30 15 35 15 26 32 14 8 15 48 11 28 8 9 33 34 48 11 25 35 25 31 25
split_gain=3.49087 3.51271 3.98503 2.96795 3.15567 3.10782 2.89955 3.18574 3.03694 3.37216 4.26367 4.21951 3.59885 3.61753 4.55949 4.50064 3.3346 3.28784 3.63146 3.00815 5.47464 3.38577 4.3792 2.95861 2.92422 3.23228 5.05753 4.82994 3.8068 3.50658
threshold=-0.91373422451556963 0.31500000000000006 1.0000000180025095e-35 1.3849427877253035 6.3095094151867839 4.0211288939059129 0.37518937310403749 0.27316532258064524 2.3725521519454635 817.37668918918928 3.2932292328763464 0.27500000000000008 0.23492424242424242 7.8953206821081148 123.50000000000001 6.0559963235195911 0.25081584159505171 3.744701270061666 0.00056570053557610011 126.50000000000001 517.50000000000011 1.3857634230337041 73.596296296296302 0.37465422948816213 3.9074214578766937 2.1789437757154926 819.73750000000007 1.6799836429327728 0.26904158215010149 3.5845269397136721
decision_type=2 2 2 2 2 2 2 2 2 2 2 2 2 2 2 2 2 2 2 2 2 2 2 2 2 2 2 2 2 2
left_child=-1 2 6 4 -4 -5 7 -2 -8 11 -11 19 16 -14 15 -15 -13 18 -16 21 -21 -10 -23 -9 25 26 -12 28 -28 -27
right_child=1 -3 3 5 -6 -7 8 23 9 10 24 12 13 14 17 -17 -18 -19 -20 20 -22 22 -24 -25 -26 29 27 -29 -30 -31
leaf_value=0.0037642061466895077 0.0075711185871910214 -0.00049614266411544643 0.0093073042627343436 0.034603795819984941 -0.062628707415013737 -0.024584767441562769 0.04357483408328703 -0.051773501509157008 0.010834425356396601 -0.047946009815764121 -0.096590989497868901 -0.045994282904193266 0.032918791290954201 -0.0018783114978870551 0.016994074395716773 -0.078926909807192358 0.016476021101188308 0.026309208232741962 -0.074418201834472217 -0.047260070279048119 -0.0048379537474146335 -0.028235175024852267 0.048679377022045917 0.036703362628306854 0.0013862979930378471 0.020925963229502523 0.01754988461333359 -0.10035097573951768 -0.051824886400138298 -0.020300476202596722
leaf_weight=578.73156160954386 222.83203282533213 8445.502954774769 11.995660223998128 23.233659451361749 1.7465056758373965 2.4518268741667262 3.7943287058733395 4.1204928308725348 49.729989213403314 6.6195213664323083 2.7988854125142089 4.7089576297439617 22.049579382874072 7.4199025202542526 2.6307011526078012 2.5455631343647838 3.9098313502036035 21.559587094001472 1.8508304078131912 8.8167144828475994 55.346812516450882 12.286064201034604 2.1788100823760024 1.2259937841445205 50.904380302876234 7.9592613009735969 5.765627562068401 1.6142298434860993 3.0096004381775856 14.654588437639175
leaf_count=8314 2763 195398 188 257 35 51 43 74 555 100 47 87 256 98 29 47 55 256 31 137 632 146 14 15 641 94 67 34 43 213
internal_value=-3.10814e-11 -0.00024191 0.00359388 0.0189197 0.000164884 0.0289539 0.00243258 0.00665599 -0.000866001 -0.00145077 -0.00926722 0.00228951 0.0124937 0.0169695 0.00720247 -0.0215595 -0.0176552 0.0182091 -0.0207583 -0.00301098 -0.0106672 0.00464149 -0.0166497 -0.031485 -0.00631433 -0.0172633 -0.0369359 -0.020865 -0.00624327 -0.00579025
internal_weight=9583.99 9005.26 559.76 39.4277 13.7422 25.6855 520.332 228.179 292.154 288.359 93.3261 195.033 66.675 58.0562 36.0066 9.96547 8.61879 26.0411 4.48153 128.358 64.1635 64.1949 14.4649 5.34649 86.7066 35.8022 13.1883 10.3895 8.77523 22.6138
internal_count=210720 202406 7008 531 223 308 6477 2852 3625 3582 1239 2343 859 717 461 145 142 316 60 1484 769 715 160 89 1139 498 191 144 110 307
is_linear=0
shrinkage=0.05


Tree=51
num_leaves=31
num_cat=0
split_feature=26 13 11 6 42 15 32 50 15 34 43 43 34 34 14 5 15 35 16 36 15 11 5 0 9 37 48 43 8 42
split_gain=5.20622 3.15479 2.80831 3.49196 3.29164 3.44046 3.36545 3.26199 3.5969 5.55183 5.86662 5.056 5.10389 6.51426 4.88251 4.53527 5.01516 4.16603 4.12947 3.38623 4.74109 3.76612 3.14041 3.07458 3.01879 2.90875 2.81577 4.52296 3.62104 2.93009
threshold=0.31500000000000006 -0.91373422451556963 4.2774291896144776 25.500000000000004 0.31943927709857672 6.0559963235195911 0.27312500000000006 1.0000000180025095e-35 7.2569357656348963 74.161956521739157 0.40041125768060043 0.40305842840354739 73.923026315789485 73.348913043478277 10.071155336264217 16.500000000000004 6.5875208155157177 826.13750000000016 19.500000000000004 5.073214285714287 6.3095094151867839 4.3598561151079149 17.500000000000004 163.50000000000003 168.50000000000003 0.48474137931034489 0.10909559594946532 0.40930803548863293 42.500000000000007 0.34155893171206275
decision_type=2 2 2 2 2 2 2 2 2 2 2 2 2 2 2 2 2 2 2 2 2 2 2 2 2 2 2 2 2 2
left_child=-1 -2 26 24 25 6 -6 8 9 10 14 12 13 -10 -7 16 18 -17 -12 20 -9 -22 -13 -20 -4 -5 27 28 -3 -28
right_child=1 2 3 4 5 7 -8 19 11 -11 15 22 -14 -15 -16 17 -18 -19 23 -21 21 -23 -24 -25 -26 -27 29 -29 -30 -31
leaf_value=0.0046586959637312493 0.0032739109671985423 0.021895665300612654 -0.0023874519700925788 -0.0075709260486635987 0.0085077292527672484 0.031866150241484988 0.039170327298727707 -0.062753526427125686 -0.0011462218026554898 -0.081893806885019294 0.0074953175174533385 0.058719487003743444 0.048542768813176977 -0.10064679613291826 -0.022602989552005359 -0.037834494870234353 -0.08740853193907494 0.037446651726900121 -0.093422606488579807 0.048928694212308887 -0.022401422373899939 0.047708423298016257 -0.0024294849539332371 -0.016446676591457928 0.0045202037529570504 0.040864706284735292 -0.004306484368925223 0.012869008907497329 0.00016639997785707864 -0.0009087895749870788
leaf_weight=564.35595400165766 580.38420099345967 19.468576367944479 405.55595306912437 4.1157334931194809 119.38937300303951 10.697969572618605 9.6739237802103144 2.2922197300940734 4.7402523588389176 2.9552917331457129 5.1033897707238811 5.9212604090571386 2.3917401060461998 2.5191458649933338 6.6850889250636092 3.304994977079331 4.5647830283269277 4.1396385207772255 2.6569583714008331 5.6086892969906321 3.250932240858674 4.662883672863245 3.2532381173223257 2.5348196513950825 259.28648326825351 12.555788679048417 717.86488099955022 78.389015545835719 1261.446959502995 5465.9329871968366
leaf_count=7060 8262 233 7233 42 1230 89 71 22 43 41 45 33 13 34 59 39 62 29 41 37 35 32 32 27 2993 90 25211 1140 19065 137377
internal_value=-4.85808e-12 -0.000291761 -0.000537221 0.00212263 0.00753667 0.00581006 0.010806 -0.00253325 -0.00774366 -0.01578 -0.0108569 0.0104599 -0.014804 -0.0356748 0.0109187 -0.0278277 -0.0437861 0.00402609 -0.0244443 0.0177186 0.00056716 0.0189079 0.0370363 -0.0558401 0.000306512 0.0289073 -0.000850298 0.00121016 0.000496662 -0.00130322
internal_weight=9575.7 9011.35 8430.96 887.861 223.018 206.347 129.063 77.2833 61.4686 42.6429 39.6876 18.8256 9.65114 7.2594 17.3831 22.3046 14.86 7.44463 10.2952 15.8147 10.206 7.91382 9.1745 5.19178 664.842 16.6715 7543.1 1359.3 1280.92 6183.8
internal_count=210720 203660 195398 12372 2146 2014 1301 713 587 432 391 155 90 77 148 243 175 68 113 126 89 67 65 68 10226 132 183026 20438 19298 162588
is_linear=0
shrinkage=0.05


Tree=52
num_leaves=31
num_cat=0
split_feature=26 11 13 6 36 5 40 26 51 17 43 51 20 14 12 43 25 25 43 25 32 13 25 29 7 42 14 33 17 35
split_gain=3.84133 3.43525 3.80342 3.67936 3.63642 3.11689 3.85394 4.16252 2.77648 3.0313 2.77927 2.74407 2.6324 2.97069 2.71496 4.22339 3.51978 2.64225 2.60492 2.57551 2.52121 3.09994 6.3338 2.50059 2.49351 4.03537 2.47806 3.31399 2.77992 4.99067
threshold=0.31500000000000006 4.2774291896144776 -1.0190592962650822 25.500000000000004 4.5477272727272737 13.500000000000002 1.0000000180025095e-35 0.41500000000000004 1.0000000180025095e-35 22.500000000000004 0.39354723249352852 1.0000000180025095e-35 9.5000000000000018 9.2139043278225632 25.500000000000004 0.40535858865747521 9.2439671489182178 9.1035898263564494 0.41067261386592563 11.719348630455507 0.22231800766283524 0.27952534360520359 2.6906567194174791 0.27312500000000006 42.500000000000007 0.32020427952828229 11.41176006352987 1.386126126685421 22.500000000000004 827.22500000000014
decision_type=2 2 2 2 2 2 2 2 2 2 2 2 2 2 2 2 2 2 2 2 2 2 2 2 2 2 2 2 2 2
left_child=20 2 4 12 -2 8 11 -8 9 10 -6 -7 13 17 15 16 24 -3 -14 23 21 22 -1 -5 -15 -26 -4 28 29 -28
right_child=1 3 26 19 5 6 7 -9 -10 -11 -12 -13 18 14 -16 -17 -18 -19 -20 -21 -22 -23 -24 -25 25 -27 27 -29 -30 -31
leaf_value=0.055056920384601277 -0.056151482555000326 0.00045683749265702035 -0.00087198107048678305 0.0090144974100356458 -0.014200583076274113 0.053005240839943152 -0.088424613268173954 -0.0022736070152936808 0.043740932218529122 -0.045127462529593564 0.065101627751522437 0.0026010672250297955 0.015968401565573647 -0.10194648441173414 0.012689398132867243 -0.10493156499125816 -0.0018432608589143914 0.047532312499034009 -0.041437434855028231 -0.034165780040975861 0.0043456107423702744 -0.074109845177094444 -0.062589948869017045 -0.040082780117016548 0.037229629387886203 -0.068411778145206673 0.010337312128059672 -0.022528023708899308 -0.0014093273375685614 -0.013710136208983563
leaf_weight=2.3366430997848502 1.7398719880729903 686.85578374937177 7569.2591105948668 237.72319082124159 2.0893454942852268 4.1560390293598193 1.9585675690323103 4.9347737785428762 13.997244297526777 2.1052246997132897 2.3447319669649005 7.7086861282587051 39.143785998225212 1.6983778979629338 5.5494807166978708 1.59868824481964 9.9977205442264658 2.993736973963677 2.0812341570854178 3.5935149174183598 563.39565751468763 2.2601885921321809 2.2415151922032237 2.6219935826957217 1.4355366155505183 2.4412615345790982 195.38086666655727 11.986856332514433 136.25466493167914 24.253816977608949
leaf_count=21 47 10420 183238 2271 34 38 29 81 146 39 22 95 435 38 65 31 112 26 34 33 6945 53 41 40 17 51 3141 240 2422 515
internal_value=1.7595e-11 -0.000252804 -0.000598717 0.00251321 0.0145845 0.0177165 0.00298204 -0.0267512 0.0311749 0.0042776 0.0277343 0.0202569 0.000785931 7.5233e-05 -0.0177136 -0.0275392 -0.0195942 0.000661131 0.0130703 0.00785067 0.00397933 -0.0261979 -0.00254424 0.00847888 -0.0514262 -0.0292939 -0.000677213 0.00333026 0.0042012 0.0076818
internal_weight=9546.14 8975.9 7978.17 997.734 41.0345 39.2946 18.7581 6.89334 20.5365 6.5393 4.43408 11.8647 753.796 712.571 22.7211 17.1716 15.5729 689.85 41.225 243.939 570.234 6.83835 4.57816 240.345 5.57518 3.8768 7937.14 367.876 355.889 219.635
internal_count=210720 203660 190087 13573 531 484 243 110 241 95 56 133 11229 10760 314 249 218 10446 469 2344 7060 115 62 2311 106 68 189556 6318 6078 3656
is_linear=0
shrinkage=0.05


Tree=53
num_leaves=31
num_cat=0
split_feature=13 26 14 42 11 17 28 38 36 26 40 47 30 16 26 13 35 20 12 11 28 21 43 43 31 17 8 32 17 9
split_gain=4.4651 3.19035 3.21837 3.78013 3.22778 3.09512 4.56389 3.29667 3.00164 3.34826 5.18312 3.71289 2.98932 2.8997 2.59697 3.62284 5.68699 5.77625 3.78174 3.72113 3.61243 3.45979 3.72347 3.51357 3.40761 3.27812 3.18372 2.94038 2.84034 3.83015
threshold=-1.0190592962650822 0.31500000000000006 11.41176006352987 0.30882340325301094 4.2774291896144776 22.500000000000004 0.00093179326611755008 -0.017678571428571346 4.5968750000000007 0.39500000000000007 1.0000000180025095e-35 0.30887191262364516 0.24208333333333334 19.500000000000004 0.28500000000000009 -0.58683442472013458 818.38750000000016 -2.4999999999999996 24.500000000000004 4.0634197906461109 0.0033276060056195004 1.0000000180025095e-35 0.40642304566944348 0.41013207580414041 0.25612500000000005 17.500000000000004 134.50000000000003 0.2761684782608696 15.500000000000002 544.50000000000011
decision_type=2 2 2 2 2 2 2 2 2 2 2 2 2 2 2 2 2 2 2 2 2 2 2 2 2 2 2 2 2 2
left_child=5 14 4 -4 -3 7 13 -1 -9 10 -10 12 -11 -7 21 18 -17 -18 24 27 -21 22 -2 25 26 -24 -16 -19 -20 -30
right_child=1 2 3 -5 -6 6 -8 8 9 11 -12 -13 -14 -15 15 16 17 19 28 20 -22 -23 23 -25 -26 -27 -28 -29 29 -31
leaf_value=-0.041858040432081245 0.0025434509292492037 -0.00088409542422848231 -0.057707204399815672 0.0043920304806431077 0.002196546123463709 0.034182234730361638 -0.03278121828973541 -0.027154986073294009 0.021243984085258905 0.037033720949057665 -0.070218970300435224 0.04273571956233746 -0.048783232675703392 -0.0056865949179767256 0.022640827946273402 0.011925487606719692 -0.048072805684660484 0.003422678253629621 0.011806840981339937 -0.048472628802104831 0.025191673040650554 0.019467091997322061 -0.019379821521560148 0.0094566118185953861 0.048072436510729122 0.042454279593797439 -0.044459801679831781 0.061573430019816223 -0.079906268345083242 0.013257523462980279
leaf_weight=1.9953064192086447 324.13519849069417 7511.9004251217702 2.465540030039846 404.62123587680981 958.80868635233492 8.4883866170421296 7.8569989944808176 2.6846526758745304 6.8522089067846519 1.9054846130311514 2.0013791415840387 25.41272262390703 2.1708595473319292 9.85613697580993 18.747511814348403 66.162849755492061 8.7857914287596923 15.383235139772301 17.649392065592114 6.1722790133208019 2.2786947432905436 25.040252855047584 49.698427372146398 17.032134627457708 14.268425133079289 2.240039035677909 1.9517914261668909 2.5316237891092888 2.193129062652587 2.2199112139642239
leaf_count=50 3617 183238 66 6341 13185 82 124 38 59 15 39 220 41 164 232 977 138 269 239 132 39 289 660 203 130 16 32 33 32 20
internal_value=-2.74746e-11 -9.26406e-05 -0.000326696 0.00401592 -0.000535394 0.0126524 -0.000895285 0.0209032 0.0239555 0.0275341 0.000568519 0.03563 -0.00866815 0.0127615 0.00351175 0.00896517 0.00329091 -0.0129612 0.0190455 -0.0012611 -0.02861 0.00144663 0.000298751 -0.0102505 0.0292727 -0.016713 0.0163137 0.0116402 0.00283601 -0.0330417
internal_weight=9523.51 9454.29 8877.8 407.087 8470.71 69.2241 26.2015 43.0226 41.0273 38.3427 8.85359 29.4891 4.07634 18.3445 576.491 158.345 101.314 35.1516 57.0302 26.3658 8.45097 418.146 393.106 68.9706 34.9677 51.9385 20.6993 17.9149 22.0624 4.41304
internal_count=210720 209888 202830 6407 196423 832 370 462 412 374 98 276 56 246 7058 2273 1588 611 685 473 171 4785 4496 879 394 676 264 302 291 52
is_linear=0
shrinkage=0.05


Tree=54
num_leaves=31
num_cat=0
split_feature=13 26 26 5 31 16 29 29 43 34 29 11 7 11 17 47 7 14 14 15 11 30 17 11 20 4 32 32 47 35
split_gain=6.09803 4.1489 4.13568 2.89912 3.8369 3.41693 3.01858 3.98423 2.88201 3.21063 3.65323 3.17361 2.66828 2.65432 3.05143 4.01655 2.71674 4.14435 2.61795 2.60089 3.57074 5.87449 5.44546 7.0312 4.66283 4.54687 4.70331 4.19647 4.1229 5.05893
threshold=-1.0190592962650822 0.31500000000000006 0.28500000000000009 15.500000000000002 0.21812500000000004 10.500000000000002 0.23618055555555559 0.24733285917496442 0.40638608632108225 74.188235294117661 0.24847222222222223 4.008892212806896 57.500000000000007 4.4855042016806737 24.500000000000004 0.92999026239768379 42.500000000000007 7.3031237267338964 5.3059148970696031 4.8005897342028172 4.2855306647080438 0.26440092165898627 21.500000000000004 4.3087327523602044 -9.4999999999999982 5.5000000000000009 0.22133928571428571 0.24588963963963964 0.31083238410426234 827.01250000000016
decision_type=2 2 2 2 2 2 2 2 2 2 2 2 2 2 2 2 2 2 2 2 2 2 2 2 2 2 2 2 2 2
left_child=13 2 8 4 -4 -6 -5 12 -2 10 11 -10 -8 14 -1 -16 18 -18 -15 -3 -21 22 -22 27 -25 -26 -27 -24 29 -23
right_child=1 19 3 6 5 -7 7 -9 9 -11 -12 -13 -14 16 15 -17 17 -19 -20 20 21 28 23 24 25 26 -28 -29 -30 -31
leaf_value=0.02564544795054435 0.0033081907323685971 -0.0014614990022307935 0.080390654309408241 -0.060342464508369123 -0.046415265423010228 0.013577020321545908 0.0032117474881338242 -0.018910632247312251 -0.015426196591790493 -0.065366635085939248 0.0023008321200627012 -0.075414680287561944 0.05824235272886457 -0.055352896720472888 -0.029909368657459384 0.034231533826695616 0.01018465184801102 -0.10520423326460571 0.015173153892714637 -7.2739751700403281e-05 0.012138792161417201 -0.048949643834582557 0.048895438108347539 0.027800947750129271 0.0054120444197025414 0.054183329740831537 -0.016492545329878549 0.0074412748543838808 -0.0030842625998829861 0.041008357700119381
leaf_weight=44.093766329344362 342.38259405363351 3404.3233124669641 2.1141216922551385 2.2677209805697229 2.4164787027984849 133.3730296115391 5.5603492762893456 11.752799604088066 21.82672972325236 2.3247051341459146 48.162511907052249 2.4524700930342069 3.6478365231305361 1.4901073239743698 6.2023605289868993 4.0244493875652552 1.6227952633053058 1.4950742013752458 11.251065084710715 5026.130086697056 212.68483412498608 10.79162038490176 10.214584341272714 10.301281386986373 45.640851018950343 2.4274043375626198 77.814848059322685 15.174517530947922 39.414511802606285 1.8275185823440541
leaf_count=467 3816 94091 13 41 28 1898 81 178 311 41 574 43 34 21 112 50 19 31 132 103949 2133 164 77 96 560 22 1088 169 467 14
internal_value=-4.54138e-11 -0.000109224 0.00399407 0.0107975 0.0135501 0.0125094 -0.00554382 0.000384722 0.0013661 -0.00752744 -0.00567134 -0.0214857 0.0250122 0.0146842 0.0199383 -0.00466867 -0.00331219 -0.0451464 0.00692498 -0.000377139 0.000299902 0.00469347 0.00688203 -3.76301e-05 -0.00454123 -0.00718786 -0.0143545 0.0241192 -0.011048 -0.0359218
internal_weight=9505.21 9435.03 578.281 161.132 137.904 135.79 23.2287 20.961 417.149 74.7664 72.4417 24.2792 9.20819 70.1796 54.3206 10.2268 15.859 3.11787 12.7412 8856.75 5452.42 426.292 374.258 161.573 136.184 125.883 80.2423 25.3891 52.0337 12.6191
internal_count=210720 209888 7058 2273 1939 1926 334 293 4785 969 928 354 115 832 629 162 203 50 153 202830 108739 4790 4145 2012 1766 1670 1110 246 645 178
is_linear=0
shrinkage=0.05


Tree=55
num_leaves=31
num_cat=0
split_feature=13 26 32 25 32 13 17 11 4 26 13 31 35 25 31 38 29 0 38 42 30 0 43 8 14 33 42 28 13 11
split_gain=5.83008 3.84327 3.44008 4.15171 3.4182 3.481 3.33974 2.88215 2.79277 2.74604 3.20405 4.74181 4.10418 3.44972 4.34027 4.36391 2.98525 6.3412 3.1576 3.28448 3.30557 2.74112 4.27674 2.71459 3.29909 2.8399 3.72064 4.1068 2.44889 2.8809
threshold=-1.0190592962650822 0.31500000000000006 0.2761684782608696 2.5243355119502762 0.27162500000000006 -0.8256343214017704 11.500000000000002 3.9453821076453184 6.5000000000000009 0.28500000000000009 -0.59171212824184971 0.25357598978288637 781.87500000000011 3.9922078764275573 0.22738636363636364 -0.022499999999999947 0.25244047619047622 75.500000000000014 -0.012499999999999949 0.36525269827382661 0.25181878306878308 134.50000000000003 0.4088732468346698 127.50000000000001 9.0751155596806097 1.3858174237386613 0.39799167906019867 -0.00064280867832414992 -0.029373859306974646 4.2400378071833655
decision_type=2 2 2 2 2 2 2 2 2 2 2 2 2 2 2 2 2 2 2 2 2 2 2 2 2 2 2 2 2 2
left_child=-1 2 4 7 9 -6 -5 -4 -7 -2 12 -12 -11 -14 -15 21 18 -18 -17 20 -20 -16 -23 25 -25 26 27 -21 29 -3
right_child=1 28 3 6 5 8 -8 -9 -10 10 11 -13 13 14 15 16 17 -19 19 23 -22 22 -24 24 -26 -27 -28 -29 -30 -31
leaf_value=0.01428377975983347 0.0014739715065754618 -0.00027337813003974651 0.070239835670511383 -0.052816966537410262 -0.10406908446890889 -0.0016319066844524639 0.017564608751622222 0.0097962954899959293 -0.072704442486901874 -0.10599355140817933 0.012978798610660831 -0.009562805718346893 0.061112991015879164 0.05602920530880541 -0.085584540526919703 0.073020257043149309 0.027214275831440767 -0.058969499470168385 0.057802263931464808 0.020449642644546087 0.0068782191085372691 0.034751998882171384 -0.06833143201185353 -0.07640856138234825 0.0038949011081582871 0.071562461503822408 0.039699364769621992 -0.10498082171651189 -0.0015564984762095277 0.0026972742514773506
leaf_weight=70.903844293672591 397.5114473302383 4954.9593049029354 5.8488649753853696 2.1172774937003842 1.2333496473729599 7.5516457315534335 8.2656513042747957 2.9755969792604446 1.6918741092085836 0.64971725177019735 57.783541006036103 39.127700541168451 4.7559168944135299 6.1153172980993977 1.584063110873102 3.0421119760721878 5.1649425905197841 3.6374348583631217 7.7762891324237078 1.3271390423178648 5.3993173493072391 2.4124653236940503 1.7260875124484298 1.9962380863726137 3.5596508793532848 2.0347336325794458 3.114264715462923 1.2839209800586111 2902.3365003429353 977.07349703321233
leaf_count=832 4568 108997 38 33 23 112 92 45 33 12 802 685 41 45 34 23 55 67 65 17 68 25 27 32 43 17 28 28 80426 13407
internal_value=-2.33703e-11 -0.000107581 0.0038363 0.024643 0.00312326 -0.0251682 0.00321246 0.0498584 -0.0146406 0.00366218 0.00936637 0.00387768 0.0189367 0.0204144 0.0165566 0.0110779 0.0171576 -0.00839972 0.0247749 0.0192347 0.0369338 -0.0296507 -0.00824154 0.00172216 -0.0249582 0.0208242 0.00279229 -0.0412275 -0.000366367 0.000215922
internal_weight=9484.96 9414.06 579.687 19.2074 560.479 10.4769 10.3829 8.82446 9.24352 550.002 152.491 96.9112 55.5796 54.9299 50.174 44.0587 38.336 8.80238 29.5337 26.4916 13.1756 5.72262 4.13855 13.3159 5.55589 7.76006 5.72532 2.61106 8834.37 5932.03
internal_count=210720 209888 7058 208 6850 168 125 83 145 6682 2114 1487 627 615 574 529 443 122 321 298 133 86 52 165 75 90 73 45 202830 122404
is_linear=0
shrinkage=0.05


Tree=56
num_leaves=31
num_cat=0
split_feature=13 26 26 13 31 25 38 28 6 7 5 43 25 16 47 33 25 33 30 31 13 15 14 20 36 7 15 26 36 14
split_gain=4.68921 4.03743 3.8165 4.61714 3.27966 4.38727 2.88634 4.09402 2.8543 2.84668 4.18617 3.98515 3.98279 4.4473 4.26237 4.13302 6.04464 4.77287 3.68146 3.58707 3.63677 3.51566 4.07662 3.40859 3.44014 3.39044 3.23743 5.56951 4.51227 4.44792
threshold=-1.0190592962650822 0.31500000000000006 0.28500000000000009 -0.58683442472013458 0.2462019230769231 4.9302807990035697 -0.021583850931676949 0.0020671986656359506 23.500000000000004 46.500000000000007 6.5000000000000009 0.40210453774232197 1.227178256866617 13.500000000000002 0.3909998321724289 1.384961744094642 1.8156895450560018 1.3839511352104252 0.25615530303030304 0.28080357142857143 -0.54087130159625618 5.5865780954382771 9.0751155596806097 6.5000000000000009 4.6821052631578954 50.500000000000007 4.7303942429136727 0.18500000000000003 4.4718750000000007 7.6806053092430409
decision_type=2 2 2 2 2 2 2 2 2 2 2 2 2 2 2 2 2 2 2 2 2 2 2 2 2 2 2 2 2 2
left_child=-1 2 9 -4 6 -6 8 -8 -5 12 -11 19 -2 15 -15 17 18 -14 -17 25 -21 -18 -23 -16 -25 -12 27 -13 -28 -30
right_child=1 -3 3 4 5 -7 7 -9 -10 10 11 26 13 14 23 16 21 -19 -20 20 -22 22 -24 24 -26 -27 28 -29 29 -31
leaf_value=0.012617004262807978 0.025969636281740694 -0.00036443656857863832 0.021456915511250396 -0.04065837126787511 -0.0013158854970725968 -0.08799878586437665 0.033914124664610509 -0.017461201784072369 0.0089369804011859531 -0.070990651843002114 -0.0053782226091547217 0.058373023690265695 0.013202670429344893 0.069732811935713485 0.02801460675208451 -0.10632688340701253 0.026960050312136743 -0.051262433353161156 -0.00038389049101592043 0.022348616905684775 -0.081481836885252235 -0.068732895274689954 0.015425230876286953 0.01922319523383946 -0.088143334051347069 0.013205999519259048 -0.038303511163287465 0.0004381723328834978 -0.069284924702317882 -0.0047653830936109035
leaf_weight=73.073609055485576 25.998957668896765 8810.114779331605 59.829422468086705 3.6361357644200352 59.732426547911018 1.4962794994935382 21.938123336061839 4.7103503849357358 14.350676959380506 2.0994941964745513 33.619686678983271 4.4066265076398841 4.3037076005712143 4.0067230481654397 6.8334961580112559 1.7979066651314526 15.767587453126909 8.626405550632624 1.5075992029160259 1.3509360821917655 2.2445433698594561 2.3860249556601039 3.6252810396254063 1.4500766089186075 1.5367111056111751 90.890866627916694 12.069965405855326 70.782068116590381 2.7334383483976117 117.41174082062207
leaf_count=832 263 202830 685 65 981 35 260 72 175 29 430 31 48 34 89 33 134 119 15 18 43 38 37 25 38 920 178 789 52 1422
internal_value=4.96052e-11 -9.81732e-05 0.00393837 0.0103544 0.0040798 -0.0034342 0.0143872 0.0248331 -0.001089 0.00137947 -0.000607889 -0.00016746 0.00999902 0.00198962 0.0262719 -0.00684258 0.00499405 -0.0298056 -0.0580076 0.00676621 -0.0424694 0.0145562 -0.0179791 0.00853967 -0.0360172 0.00818799 -0.00445015 0.00383359 -0.00916098 -0.00623328
internal_weight=9464.33 9391.26 581.143 165.693 105.864 61.2287 44.6353 26.6485 17.9868 415.45 337.609 335.51 77.8405 51.8415 13.827 38.0145 25.0844 12.9301 3.30551 128.106 3.59548 21.7789 6.01131 9.82028 2.98679 124.511 207.404 75.1887 132.215 120.145
internal_count=210720 209888 7058 2273 1588 1016 572 332 240 4785 3912 3883 873 610 186 424 257 167 48 1411 61 209 75 152 63 1350 2472 820 1652 1474
is_linear=0
shrinkage=0.05


Tree=57
num_leaves=31
num_cat=0
split_feature=26 13 26 16 33 13 49 7 32 32 36 8 25 13 31 24 51 47 29 5 34 29 8 0 4 42 13 42 36 36
split_gain=4.46406 3.15903 3.13546 4.058 3.84421 4.40722 3.57792 6.14196 3.70161 3.74828 3.24479 3.59326 2.89402 5.91236 5.25268 3.03676 3.50604 2.82322 3.59632 2.79897 2.78116 2.71309 2.6988 3.11004 2.62161 5.79514 2.60392 3.53726 2.97714 3.11261
threshold=0.31500000000000006 -1.0190592962650822 0.27500000000000008 11.500000000000002 1.3850122173243824 -0.2393471293072307 0.31250000000000006 62.500000000000007 0.25519568151147104 0.25350985221674877 4.4875000000000007 75.500000000000014 4.8134509659755773 -0.68499211264958892 0.25297413793103457 1.5000000000000002 1.0000000180025095e-35 0.30823802478614881 0.2462019230769231 15.500000000000002 73.644957983193294 0.23987179487179486 132.50000000000003 66.500000000000014 3.5000000000000004 0.30809993588603329 -0.58683442472013458 0.36769545201082593 4.4486842105263174 4.4718750000000007
decision_type=2 2 2 2 2 2 2 2 2 2 2 2 2 2 2 2 2 2 2 2 2 2 2 2 2 2 2 2 2 2
left_child=2 -2 6 4 -4 -6 8 -8 9 10 11 -1 15 14 -14 16 -12 -17 -19 26 21 -11 23 -21 -10 -26 -5 28 -28 -30
right_child=1 -3 3 19 5 -7 7 -9 24 20 12 -13 13 -15 -16 17 -18 18 -20 22 -22 -23 -24 -25 25 -27 27 -29 29 -31
leaf_value=-0.00044482292414947227 0.010012505185756547 -0.00036465252365990247 -0.062826366758145499 0.021607067600445215 -0.041287652000124686 0.030965651947648033 -0.00057126296077291848 -0.08893435286081379 0.060310323364618536 -0.055081653910698386 -0.058358867245962766 -0.10547354346604075 0.036115738619156582 -0.079899616144123373 -0.046327671906789186 0.06028943078195792 0.018216518771246967 -0.013788576631119218 0.036160809505967693 -0.076521377547485281 -0.083601358741573761 0.028727081993228695 0.0140900888785521 -0.0092207727015788787 -0.062521797384656005 0.023617541012813461 -0.052397076476106974 0.014805212367143779 0.062199070677750684 -0.0036185932759402739
leaf_weight=2.1942179501056667 73.955299316905439 8804.3308800274972 3.5425327429547897 59.559641998261213 3.7752930968999854 4.7861444465816012 285.27957601239905 1.9802014473825682 4.1187422741204491 1.840504897758364 2.3939620368182686 1.2949570463970301 5.7923025758936983 2.4094654214568427 2.8989432845264673 5.3304501101374653 3.9797001862898469 5.6356283621862522 9.9942927053198201 1.9635966774076248 2.0098394118249416 2.0315783284604549 11.682474958011879 13.6466699084267 2.0916847707703736 29.352103192359209 2.9353705858811727 76.429057081229985 1.9041814636439074 31.706496675964445
leaf_count=31 830 202830 58 643 57 38 3267 46 25 26 38 24 51 45 40 34 43 72 94 41 27 17 146 222 35 302 61 1007 14 556
internal_value=4.80718e-11 -0.000278212 0.00423999 0.00909088 -0.0190211 -0.000895516 0.00146616 -0.00118039 0.0105853 0.00149828 0.00674242 -0.0394247 0.0109336 -0.010596 0.00861695 0.019677 -0.0105454 0.0288671 0.0181507 0.0107937 -0.0358798 -0.0111095 -0.00408471 -0.0176864 0.0228007 0.0178874 0.0131473 0.0086873 -0.00410713 0.000110245
internal_weight=9460.85 8878.29 582.56 211.931 12.104 8.56144 370.628 287.26 83.3684 47.8058 41.9239 3.48917 38.4347 11.1007 8.69125 27.334 6.37366 20.9604 15.6299 199.827 5.88192 3.87208 27.2927 15.6103 35.5625 31.4438 172.535 112.975 36.546 33.6107
internal_count=210720 203660 7060 2843 153 95 4217 3313 904 542 472 55 417 136 91 281 81 200 166 2690 70 43 409 263 362 337 2281 1638 631 570
is_linear=0
shrinkage=0.05


Tree=58
num_leaves=31
num_cat=0
split_feature=26 13 38 21 48 28 39 35 15 7 16 16 24 32 33 16 47 38 47 28 47 13 12 16 8 35 35 8 11 14
split_gain=4.80136 2.65969 2.67344 3.0215 3.66047 3.51542 2.58792 3.00869 5.32552 2.88962 2.75055 2.64429 2.46512 3.54572 3.01009 2.72746 3.8296 3.17206 2.68016 2.54023 2.39413 2.37794 3.24646 3.86726 3.81128 3.6753 2.72076 2.37399 2.36925 3.39205
threshold=0.31500000000000006 -1.0190592962650822 0.052249999999999956 1.0000000180025095e-35 0.12158476957249927 0.0040375859503691009 1.0000000180025095e-35 817.78750000000002 6.4044905653973405 34.500000000000007 21.500000000000004 18.500000000000004 5.5000000000000009 0.26688596491228073 1.3822853062472282 15.500000000000002 0.40088792383475641 -0.057500000000000044 1.2035366157100769 0.0036724157670982504 1.5935014324538579 -0.2932527918422953 23.500000000000004 23.500000000000004 131.50000000000003 810.40750000000014 813.2119391025642 128.50000000000003 4.404819976771198 6.3622526310113861
decision_type=2 2 2 2 2 2 2 2 2 2 2 2 2 2 2 2 2 2 2 2 2 2 2 2 2 2 2 2 2 2
left_child=-1 2 3 5 -5 6 9 28 10 -2 11 -9 -3 14 -14 16 -16 -17 -15 -18 -20 -19 23 -23 25 -24 -26 -25 -8 -30
right_child=1 12 -4 4 -6 -7 7 8 -10 -11 -12 -13 13 18 15 17 19 21 20 -21 -22 22 24 27 26 -27 -28 -29 29 -31
leaf_value=0.004405062223438185 0.0074551757898458117 -0.00053435563853558034 0.053492141031674115 -0.030243349441802833 0.034285449910066386 -0.049457298308812486 0.028070342913117181 -0.012837102059454248 -0.069723238294113643 -0.062103882204334063 -0.024997632172272452 0.03785971924982489 -0.05144221993191294 -0.0061978475274772557 0.022103487954705448 -0.053773122228087049 -0.069533384475655366 0.0057091950649373144 -0.083400447865090016 0.012406907365759617 -0.0056435830857487542 0.045981702467696964 0.048961444308032051 -0.046453050768177427 -0.088520435752170945 -0.024987358834645399 -0.0060767615005756174 0.020471756369273786 0.049049366125973291 -0.030271204120927549
leaf_weight=580.60801060940139 3.0563120376318684 8467.3978298929287 3.2390304356813422 2.5688604163005975 15.210933199152349 3.2190890293568364 19.768822915852073 4.1260468866676145 2.844316989183425 2.919030780903995 5.3403907902538768 6.8294278020039201 2.2930795890279105 31.179638883564621 3.0049981959164125 2.1403054674156001 3.8027727659791708 253.69316700962372 2.2734913146123281 1.2589815100654957 1.7534455880522726 14.537153747864073 4.4219446703791601 1.9875293346121896 1.678694389760494 2.7099568690173328 2.4778651408851147 3.9756493326276541 1.9145185872912396 4.5533970640972257
leaf_count=7060 30 198774 27 43 137 44 200 44 37 63 66 57 60 440 31 83 63 2997 46 16 24 114 29 27 30 34 29 33 18 64
internal_value=5.4426e-11 -0.000288144 0.00905076 0.0070612 0.0249622 0.00122891 0.00440624 0.00847938 -0.00659442 -0.0265253 0.00442423 0.0187663 -0.000368358 0.00385019 0.00562313 0.00606567 -0.0226087 0.00686988 -0.0111557 -0.0491528 -0.0495428 0.00732453 0.0202159 0.0320729 -0.00131692 0.0208626 -0.039373 -0.0018343 0.019476 -0.00679212
internal_weight=9456.78 8876.18 75.5902 72.3511 17.7798 54.5714 51.3523 45.3769 19.1402 5.97534 16.2959 10.9555 8800.59 333.189 297.982 295.689 8.06675 287.622 35.2066 5.06175 4.02694 285.482 31.7888 20.5003 11.2885 7.1319 4.15656 5.96318 26.2367 6.46792
internal_count=210720 203660 830 803 180 623 579 486 204 93 167 101 202830 4056 3546 3486 110 3376 510 79 70 3293 296 174 122 63 59 60 282 82
is_linear=0
shrinkage=0.05


Tree=59
num_leaves=31
num_cat=0
split_feature=13 26 24 12 36 8 35 11 14 32 13 0 0 28 43 25 20 33 34 8 25 37 40 35 20 12 8 13 7 33
split_gain=4.24792 3.44787 2.44132 2.46082 4.17638 4.08633 4.37258 4.36883 3.8637 5.25708 3.91032 4.72621 4.62694 4.06628 3.83593 4.08095 4.01594 3.49632 4.00163 3.15367 5.60329 3.11779 3.06623 4.06316 3.00514 2.87248 5.71952 3.98702 2.79115 4.70877
threshold=-1.0190592962650822 0.31500000000000006 5.5000000000000009 23.500000000000004 4.2738636363636369 117.50000000000001 809.89653679653691 3.9431893238861533 13.128035482733106 0.236125 -0.2932527918422953 153.50000000000003 148.50000000000003 0.00095475776151520005 0.40017443154691607 6.995857856492127 1.0000000180025095e-35 1.3834875320219127 74.348913043478277 116.50000000000001 3.5438225669339358 0.49354166666666671 2.5000000000000004 792.16250000000002 6.5000000000000009 26.500000000000004 132.50000000000003 -0.86751446352735451 51.500000000000007 1.3859794358047213
decision_type=2 2 2 2 2 2 2 2 2 2 2 2 2 2 2 2 2 2 2 2 2 2 2 2 2 2 2 2 2 2
left_child=-1 -2 -3 8 -5 22 7 -7 10 -10 11 12 -4 24 21 16 -16 -9 25 20 -12 -11 -6 -24 -13 27 -27 -19 29 -8
right_child=1 2 3 4 5 6 28 17 9 14 19 13 -14 -15 15 -17 -18 18 -20 -21 -22 -23 23 -25 -26 26 -28 -29 -30 -31
leaf_value=0.01187894751706781 0.0036314365581908009 -0.00050662593272790448 0.0030621890865602285 0.041533710784834942 0.024667877659436878 -0.022567215227734271 -0.049907950829496853 0.052384248941532811 -0.1051103753966717 -0.015388707536066741 -0.087883972082265893 0.0098440299942704462 -0.051630843896554403 0.032555696379282649 0.0065969946898890609 0.016281894363670744 -0.09706606002111752 0.030092186845767217 0.062123348740809929 0.037194168422685088 0.042570702411523803 -0.10990005006996195 0.020929701213032934 -0.08926369333880356 -0.053183382061303235 0.036895313713224374 -0.054885588477026952 -0.030747703942739936 -0.010702080789509988 0.024838286157815779
leaf_weight=74.664626204408705 582.29032494709827 8458.8269467725186 108.22161060059443 5.3386242371052495 17.658507469575856 11.745219920761881 11.773512492422013 4.804116341052576 1.4312349352985645 2.2109969398006828 1.4851630898192554 22.347075758501891 4.0102537805214515 27.463179507758468 1.9688533656299125 13.721768768504262 1.7780078575015066 3.6240449477918437 2.8685604967176905 18.820820161141455 1.8465140853077171 1.4415366593748329 1.9161379099823528 1.4847780084237454 2.0660913269966832 8.7533168904483301 2.1057974407449356 10.480028264457365 38.651534700300545 2.5662936661392441
leaf_count=832 7058 198774 1323 51 194 205 199 61 23 31 25 275 57 256 22 148 26 37 19 153 16 22 23 32 36 80 35 155 525 27
internal_value=6.55932e-11 -9.46197e-05 -0.000341411 0.00386061 -0.00172576 -0.0036758 -0.00799504 0.00358272 0.00717183 -0.0123741 0.00953845 0.00687674 0.00110791 0.0193573 -0.00609004 0.00365345 -0.0425945 0.0129937 0.00619442 0.0292568 -0.0155821 -0.0526893 0.0162951 -0.0271787 0.00451001 -0.000232459 0.0190972 -0.0151149 -0.0176916 -0.0365311
internal_weight=9448.37 9373.7 8791.41 332.584 123.77 118.432 97.3724 44.3811 208.813 22.5524 186.261 164.108 112.232 51.8763 21.1212 17.4686 3.74686 32.6359 27.8317 22.1525 3.33168 3.65253 21.0594 3.40092 24.4132 24.9632 10.8591 14.1041 52.9913 14.3398
internal_count=210720 209888 202830 4056 1643 1592 1343 592 2413 272 2141 1947 1380 567 249 196 48 387 326 194 41 53 249 55 311 307 115 192 751 226
is_linear=0
shrinkage=0.05


Tree=60
num_leaves=31
num_cat=0
split_feature=24 13 26 42 17 28 43 32 32 37 48 29 17 26 0 8 14 26 29 14 20 8 28 30 0 43 43 11 31 26
split_gain=4.38091 3.74796 2.6979 2.61532 2.72466 2.67632 2.56447 3.73256 3.67078 2.78409 2.91198 3.55937 3.31771 2.75107 3.49062 2.54866 2.53618 2.64096 2.51148 2.49277 6.87888 4.05857 5.96937 3.57194 3.40304 3.96885 5.3052 3.32636 3.28538 4.17695
threshold=5.5000000000000009 -1.0190592962650822 0.31500000000000006 0.33198325288545072 22.500000000000004 0.00085771148668085018 0.3973472864205686 0.25732142857142865 0.24240384615384616 0.4835416666666667 0.24868540239191753 0.23711981566820273 21.500000000000004 0.39500000000000007 64.500000000000014 48.500000000000007 7.0582784463502382 0.45500000000000007 0.22312500000000005 7.9304590716609251 -1.4999999999999998 119.50000000000001 0.0014047399873159002 0.26012820512820517 187.50000000000003 0.39671122129576813 0.39781542621351623 4.3240088680229531 0.24842364532019703 0.27500000000000008
decision_type=2 2 2 2 2 2 2 2 2 2 2 2 2 2 2 2 2 2 2 2 2 2 2 2 2 2 2 2 2 2
left_child=1 3 19 4 6 15 9 8 -8 -1 11 -11 -13 14 -12 -6 -17 -18 -2 27 21 22 -21 -22 25 -23 -27 28 29 -3
right_child=18 2 -4 -5 5 -7 7 -9 -10 10 13 12 -14 -15 -16 16 17 -19 -20 20 23 24 -24 -25 -26 26 -28 -29 -30 -31
leaf_value=-0.013349631161533341 -0.034117404033389698 0.0047557845814508795 -0.0005267899355821963 0.059736140526371745 -0.014847890542399728 -0.028337621142632288 0.010344226581356596 0.015949419133852383 -0.10396879466363468 0.047415823617405407 0.050628657457381779 -0.046570539685749125 0.029971244843516882 0.044056046580932151 -0.039026628530979018 0.083178266277706997 0.034881199243887072 -0.019365204138227416 0.0059980835629218293 -0.073626191838717311 0.00837079850310532 0.032064786105104319 0.013198087269709486 -0.0094266525116670063 0.01690710329174824 -0.094533848922357833 -0.011589221605592573 0.07239966647136116 0.0013098292856177504 0.024700942939740005
leaf_weight=4.9007209902629247 3.9468931322917333 65.668952911626548 8453.1277389004827 2.6435170695185652 7.9869399368763032 7.7736190166324368 1.2289789328351601 5.2524329740554094 1.6386423325166104 3.0206895954906923 1.9368189461529279 3.9151086071506143 2.2176517564803362 19.786862695589662 2.4703948795795441 1.4815939646214236 5.4959749318659288 3.7915215897373855 340.15326023590751 5.6195378471165878 169.26727150077932 5.0515455384738734 3.0563143817707896 33.826042014174163 12.591594038531182 1.9762038057669986 78.733122890815139 1.9089205693453539 148.50958508392796 43.729632421396673
leaf_count=63 78 741 198774 18 101 124 23 47 28 20 14 63 21 133 35 12 50 68 4147 98 2086 45 33 461 131 25 948 12 1832 489
internal_value=7.91385e-11 -0.00020944 -0.000302293 0.0108814 0.00910977 -0.00366971 0.0164216 -0.00909866 -0.0549776 0.0218395 0.0270108 0.00298964 -0.0188925 0.0360988 0.000373787 0.00655415 0.0224271 0.0127357 0.00553795 0.00302737 7.04751e-07 -0.0102573 -0.0430399 0.00540656 -0.00736544 -0.0109292 -0.0136202 0.00664005 0.00615332 0.0127284
internal_weight=9442.71 9098.61 9023.07 75.5415 72.898 26.5296 46.3683 8.12005 2.86762 38.2482 33.3475 9.15345 6.13276 24.1941 4.40721 18.756 10.7691 9.2875 344.1 569.939 310.122 107.028 8.67585 203.093 98.3525 85.7609 80.7093 259.817 257.908 109.399
internal_count=210720 206495 205675 820 802 355 447 98 51 349 286 104 84 182 49 231 130 118 4225 6901 3827 1280 131 2547 1149 1018 973 3074 3062 1230
is_linear=0
shrinkage=0.05


Tree=61
num_leaves=31
num_cat=0
split_feature=13 24 36 11 34 33 15 6 32 26 42 9 42 26 15 28 35 29 8 47 33 28 28 11 31 11 28 47 37 48
split_gain=4.21466 3.25556 2.49775 2.53844 2.95665 3.12009 2.5234 2.51928 4.18118 2.42125 2.67904 3.53124 3.08734 2.68781 2.77629 3.67684 4.01654 5.69864 6.83984 3.83786 3.61167 4.23096 5.05948 3.57035 4.83266 2.9906 3.99208 2.9438 3.46366 3.96027
threshold=-1.0190592962650822 5.5000000000000009 4.5477272727272737 4.4855042016806737 73.389200561009844 1.3859549958082382 4.7728347394311816 17.500000000000004 0.24723484848484847 0.31500000000000006 0.34193566791743535 151.50000000000003 0.34208872911670896 0.27500000000000008 5.7000609486802043 0.0048080699741466009 823.0875000000002 0.24937500000000004 139.50000000000003 0.78224093871701561 1.3861380985911855 -0.0043653603119373991 -0.0030185986022270499 3.9752726022045963 0.27120192307692309 3.9314531274165394 0.0019060695939996002 0.78961577288683926 0.51744565217391314 0.12359847175585435
decision_type=2 2 2 2 2 2 2 2 2 2 2 2 2 2 2 2 2 2 2 2 2 2 2 2 2 2 2 2 2 2
left_child=2 9 6 -4 5 7 -1 -5 -9 10 11 -2 -12 14 -14 16 17 18 19 -16 21 -19 -23 24 -21 26 -18 28 29 -24
right_child=1 -3 3 4 -6 -7 -8 8 -10 -11 12 -13 13 -15 15 -17 25 20 -20 23 -22 22 27 -25 -26 -27 -28 -29 -30 -31
leaf_value=0.025212796572685339 0.0061031000391517497 0.0046796677000496122 0.018938778930688304 0.037430577111021109 0.017142905107496633 -0.088203013381920783 -0.060441342582874175 0.023951687023208785 -0.079092243304451637 -0.00048928237710555691 -0.068924319598525907 0.031083576908168254 0.0015357252360072254 0.0062678659293975902 -0.090968496108886354 -0.062220103232678958 -0.024047023164906881 0.037977582586386734 0.016809647272662015 -0.074998953411236455 0.037430423018199092 -0.094879521022917968 -0.0016993090055715022 0.042247990881529043 0.022848731389215799 0.044983708881905567 0.045517621829094149 0.00045565066636301884 0.034135760531051211 -0.066248340038150208
leaf_weight=1.3744765706360333 105.17120357463136 343.98702973639593 55.336756639182568 1.9164622332900751 8.0314225461333972 1.6097749834880231 2.2966058501042426 1.8011557850986721 2.1710976175963879 8445.6614834732609 1.5688806548714627 16.345812294632196 194.28784713265486 170.81194238481112 4.8670281879603881 3.1734752357006064 6.2972399136051518 4.3852720987051717 4.3071862994693211 4.8094359810929745 4.7754334788769475 1.83581850118935 3.8542739702388626 1.2720747683197258 1.7107736738398669 5.5775253269821397 3.0666921986266971 23.596876979339868 1.7823021933436383 6.196347207762301
leaf_count=20 1308 4213 566 17 85 29 57 23 35 198774 24 180 2194 2195 76 60 82 40 53 87 39 30 41 13 21 44 28 268 18 100
internal_value=7.41173e-11 -9.4313e-05 0.0118424 0.0139256 -0.00393737 -0.0265159 -0.0283719 -0.00965269 -0.0323686 -0.000276467 0.0028785 0.00946334 0.00109311 0.00133907 -0.00171354 -0.00945874 -0.00732127 -0.0128179 -0.0376162 -0.056134 -0.00375537 -0.00847748 -0.0139441 -0.0343764 -0.0493257 0.0159995 -0.00126457 -0.00975041 -0.030103 -0.0414947
internal_weight=9433.88 9359.34 74.5378 70.8667 15.5299 7.49849 3.67108 5.88872 3.97225 9015.35 569.693 121.517 448.176 446.608 275.796 81.5078 78.3343 63.3928 16.9665 12.6593 46.4263 41.6509 37.2656 7.79228 6.52021 14.9415 9.36393 35.4298 11.8329 10.0506
internal_count=210720 209888 832 755 189 104 77 75 58 205675 6901 1488 5413 5389 3194 1000 940 786 250 197 536 497 457 121 108 154 110 427 159 141
is_linear=0
shrinkage=0.05


Tree=62
num_leaves=31
num_cat=0
split_feature=13 26 17 50 37 37 25 48 28 38 15 15 14 14 43 0 29 32 36 13 28 33 0 29 32 7 20 14 7 43
split_gain=4.00659 2.80708 2.35883 3.81409 4.61286 3.46337 3.7018 3.40107 2.90038 2.83731 3.13414 2.46642 3.12073 2.42428 2.43622 3.64297 5.66302 4.72481 6.806 4.04427 3.97324 3.67403 6.866 3.98264 3.90284 3.35329 3.24478 3.17688 3.12291 3.0517
threshold=-1.0190592962650822 0.31500000000000006 8.5000000000000018 1.0000000180025095e-35 0.51118055555555564 0.50568910256410271 3.8690135416283331 0.37976434089648864 0.0013899277232323002 -0.024999999999999949 6.1992936455564456 5.6678880245075431 7.1713263588305223 13.128035482733106 0.40256056874753671 152.50000000000003 0.23038461538461538 0.24723484848484847 4.7245689655172418 -0.88083373096193518 -0.0033262068144916494 1.3852946931768264 149.50000000000003 0.2597297297297298 0.24121323529411767 40.500000000000007 -1.4999999999999998 9.4673259650925043 50.500000000000007 0.4041960320691072
decision_type=2 2 2 2 2 2 2 2 2 2 2 2 2 2 2 2 2 2 2 2 2 2 2 2 2 2 2 2 2 2
left_child=-1 2 3 5 -5 7 8 9 -7 10 11 12 -2 14 -4 16 -16 18 -17 -18 26 25 23 24 28 -21 -20 -22 -23 -27
right_child=1 -3 13 4 -6 6 -8 -9 -10 -11 -12 -13 -14 -15 15 17 19 -19 20 21 27 22 -24 -25 -26 29 -28 -29 -30 -31
leaf_value=0.011570081778941857 0.039802863982779602 -0.00031483830486418566 0.0081029701838248643 0.02659777538932603 -0.064716919929224043 0.038096219221382031 -0.031496978749205429 -0.091875762128732427 -0.038837541226077632 -0.037728610551169661 -0.051874222216555403 0.066210305282252038 -0.05261569320049643 -0.05446494455830269 -0.060983147739616952 -0.046713409891610734 -0.064191165201647679 0.01914711030465294 0.0097784015947475957 0.061635329355759438 0.0028490791419605609 0.052088460176534804 -0.10841788912875445 -0.086045497453462461 -0.010808808766966767 -0.010712292866972888 -0.084029292241589504 0.037360423519562362 -0.0016885437047986956 0.0087545998143041519
leaf_weight=74.234985141549259 1.9516210174188029 8772.0995955360122 243.10109635069966 11.464972160756586 1.5727423685602833 6.797292508184908 4.6518069962039581 1.9306514938361932 1.4944035531952975 11.728057076688859 2.0261464333161712 1.9437591712921856 1.7171112783253191 1.754055663011967 4.1134700980037442 7.3057616353034964 2.5475013875402501 53.486036940012127 1.608653665520251 2.5566108822822562 34.073484850116074 4.8059797585010511 1.7190953772515047 1.5651053842157114 54.56752226059325 27.238892052788287 2.1590457102283827 8.2909006415866298 6.1597248935140669 77.161968630738556
leaf_count=832 24 202830 2777 138 38 79 70 42 31 206 30 16 31 30 78 114 42 604 17 20 404 36 29 28 698 350 36 81 73 936
internal_value=3.03009e-11 -9.18262e-05 0.00327242 -0.00743221 0.0155825 -0.0161954 0.00420244 -0.0285922 0.0242305 -0.0222835 0.00143026 0.0206735 -0.00345266 0.00421979 0.00441311 0.00131313 -0.00298185 0.00864131 -0.00187396 -0.0016439 0.00522709 -0.000737404 -0.00974936 -0.00722142 -0.00533889 0.00506097 -0.0439772 0.0096031 0.0218805 0.00367556
internal_weight=9427.83 9353.59 581.493 47.2786 13.0377 34.2408 12.9435 21.2973 8.2917 19.3667 7.63864 5.61249 3.66873 534.215 532.461 289.36 182.436 106.924 53.4378 178.322 46.1321 175.775 68.8174 67.0983 65.5332 106.957 3.7677 42.3644 10.9657 104.401
internal_count=210720 209888 7058 705 176 529 180 349 110 307 101 71 55 6353 6323 3546 2290 1256 652 2212 538 2170 864 835 807 1306 53 485 109 1286
is_linear=0
shrinkage=0.05


Tree=63
num_leaves=31
num_cat=0
split_feature=26 13 34 0 0 11 4 12 36 13 25 6 24 26 17 14 33 30 17 30 7 34 31 30 28 16 33 25 20 11
split_gain=3.55856 3.0869 2.59244 3.27421 4.73774 4.30032 4.27138 4.24782 3.77196 3.2983 3.13908 3.61647 3.23369 4.80008 3.13259 3.10147 3.05638 2.85225 4.1355 3.44981 3.43869 3.73661 4.09239 4.72423 2.65044 3.4873 3.26188 2.58204 2.96133 2.57874
threshold=0.31500000000000006 -1.0190592962650822 73.802777777777791 154.50000000000003 98.500000000000014 3.9685424638254827 5.5000000000000009 17.500000000000004 4.5477272727272737 -0.23236992229040287 9.3163802882076379 33.500000000000007 2.5000000000000004 0.21500000000000002 11.500000000000002 10.149938692039658 1.3861505994246055 0.24633928571428573 12.500000000000002 0.24871710526315788 49.500000000000007 74.078040540540556 0.25732142857142865 0.25062500000000004 -0.00043709125153969995 14.500000000000002 1.3839275922505589 4.8134509659755773 1.0000000180025095e-35 4.0006684491978612
decision_type=2 2 2 2 2 2 2 2 2 2 2 2 2 2 2 2 2 2 2 2 2 2 2 2 2 2 2 2 2 2
left_child=2 -2 16 4 7 8 -5 -4 -6 15 11 12 -10 -14 -9 -8 -1 18 -16 -19 -21 -22 23 -23 26 -26 -7 28 -18 -20
right_child=1 -3 3 6 5 24 9 14 10 -11 -12 -13 13 -15 17 -17 27 19 29 20 21 22 -24 -25 25 -27 -28 -29 -30 -31
leaf_value=0.0046677612202732323 0.0098886876805370661 -0.0003342711117565706 -0.06642227207350429 0.030566140131714881 -0.084956224199957631 0.0092903646511634727 0.021392354653384654 0.021893389432313101 -0.0064221100094456838 -0.048539494035980658 -0.095320843075351019 0.050870860538883782 0.010506983030116913 -0.084893850207474683 -0.050808666923781234 -0.030852176083390522 0.02566049029038811 -0.062697178961620248 0.028807001847204888 0.018163491777385798 0.022890802510127983 0.0092325092490569728 0.010424780423354034 -0.095011422253696631 0.046466570142254748 -0.030103734176448294 -0.08762699715539024 0.043905562289486909 -0.033412168120848906 -0.024363989659322773
leaf_weight=437.6739846880082 74.469780014827847 8774.4761239446234 2.2681722436100236 14.910528642125429 3.4177230987697902 2.0227039940655236 9.2475422136485594 16.242863012477756 7.3808050984516758 3.6076518846675745 1.5397601220756758 1.5932157486677159 1.9071411527693269 4.2719444213435054 2.3984205396845963 4.1002387618646017 6.8013449255377072 3.39054892305285 13.186605408787726 7.5307116732001331 2.8961508059874168 1.4832527153193931 2.4506844021379948 4.0667612203396857 4.4949935991317016 2.2220822889357805 1.5210070312023161 9.3312386050820333 3.0833414886146784 2.7571175331249824
leaf_count=5362 830 202830 51 156 55 23 92 180 83 62 27 15 21 71 38 55 59 59 141 75 34 20 29 82 38 38 25 73 56 40
internal_value=3.77919e-11 -0.000248238 0.00380175 -0.00270874 -0.00763094 -0.0236611 0.0110453 0.000667114 -0.0371 -0.00612123 -0.0273019 -0.0203902 -0.0287631 -0.0554489 0.00336502 0.00534362 0.00552465 -0.0041288 0.010404 -0.0163463 -0.00781805 -0.0257736 -0.0433896 -0.067152 0.00267858 0.0211363 -0.0323078 0.0250416 0.00723389 0.0196122
internal_weight=9426.74 8848.95 577.799 120.909 89.0427 30.3714 31.866 58.6713 20.1106 16.9554 16.6929 15.1531 13.5599 6.17909 56.4031 13.3478 456.89 40.1603 18.3421 21.8181 18.4276 10.8968 8.0007 5.55001 10.2608 6.71708 3.54371 19.2159 9.88469 15.9437
internal_count=210720 203660 7060 1510 1145 396 365 749 272 209 217 190 175 92 698 147 5550 518 219 299 240 165 131 102 124 76 48 188 115 181
is_linear=0
shrinkage=0.05


Tree=64
num_leaves=31
num_cat=0
split_feature=26 13 47 48 33 33 37 31 31 31 8 14 31 17 13 36 34 37 17 16 25 33 5 48 34 14 26 15 14 9
split_gain=4.16304 2.61111 2.74479 2.25914 3.93622 2.17626 2.35409 2.15497 2.92639 3.27612 3.23304 5.56358 3.45654 3.6799 3.22325 3.14347 4.45228 2.55364 2.27941 3.76863 3.44942 3.09321 4.43393 4.15333 2.95909 3.00764 3.01818 2.84534 3.71594 3.9478
threshold=0.31500000000000006 -1.0190592962650822 1.3287244012543138 0.37538909461668707 1.3845036501333521 1.3861846984156621 0.5006250000000001 0.26363175675675682 0.25854166666666673 0.2549193548387097 142.50000000000003 8.9398064507821235 0.26118055555555558 12.500000000000002 0.85977422960797167 4.4246212121212123 72.912500000000009 0.50488095238095243 9.5000000000000018 19.500000000000004 2.6337850404592378 1.3854111993415585 10.500000000000002 0.37189435999084292 74.235384615384632 4.7201470379652779 0.30500000000000005 7.4960121302419447 10.813596244381072 622.50000000000011
decision_type=2 2 2 2 2 2 2 2 2 2 2 2 2 2 2 2 2 2 2 2 2 2 2 2 2 2 2 2 2 2
left_child=7 2 3 5 -5 -2 -7 8 9 -1 11 14 -13 -14 -10 16 -11 -16 20 21 -9 24 -23 -24 25 -20 27 28 29 -27
right_child=1 -3 -4 4 -6 6 -8 18 10 15 -12 12 13 -15 17 -17 -18 -19 19 -21 -22 22 23 -25 -26 26 -28 -29 -30 -31
leaf_value=0.0060118724677512662 0.0080947185130327143 -0.00034727648230976042 -0.035273805491040991 -0.044364473277624265 0.034613888478748314 -0.096877490059574689 0.0069518295106830207 -0.013155816525831691 0.029835245419768792 0.026266568788158275 0.05026108891293668 -0.042667147383005699 -0.046712107466234706 0.03555146890523949 -0.027662789969980707 -0.0034197042089271997 -0.077816668213515322 0.042234408658744255 0.05073706148699484 -0.065355779569010564 0.0320289819875317 0.037904359395469989 -0.10638183069554277 -0.0068991613704827261 0.039992567377039198 -0.0032895166610432281 0.020467799012185844 -0.064943385031839274 0.044725614453688285 -0.034076716805746136
leaf_weight=347.81808750424534 52.018544785678387 8774.8551145085366 3.3419698178768149 1.7532604318112159 15.748060602694748 1.0484596928581589 1.1389274774119256 6.8773306803777841 28.208177212160081 1.4857771117240179 6.3111521275714031 6.2608193871565145 1.9803892681375144 4.3356688097119331 4.8596992576494804 50.11239298991859 3.3307421719655395 1.7872939100489018 2.5290326476097098 2.5056653646752229 10.946956824511288 1.4115908611565817 2.4764318456873298 1.8203781470656393 4.1919986940920344 56.912329079583287 10.541243545245377 2.1389106959104529 3.3846150296740225 12.744126348756252
leaf_count=4233 588 202830 41 26 132 25 18 107 292 16 48 96 30 45 65 636 64 20 21 53 116 12 47 26 36 695 135 35 34 198
internal_value=4.63568e-12 -0.00026785 0.00901883 0.0110831 0.0267019 0.00604032 -0.0428157 0.00412272 0.00568219 0.00421979 0.0166413 0.0121679 -0.0163395 0.00975786 0.0224544 -0.00712795 -0.0457096 -0.0088683 -0.0018857 -0.00480408 0.0145949 -0.00325827 -0.0389778 -0.0642352 -0.00105256 -0.00300225 -0.00458772 -0.00810084 -0.00643628 -0.00892225
internal_weight=9424.88 8849.9 75.0492 71.7073 17.5013 54.2059 2.18739 574.971 456.49 402.747 53.7432 47.432 12.5769 6.31606 34.8552 54.9289 4.81652 6.64699 118.481 100.656 17.8243 98.1507 5.7084 4.29681 92.4423 88.2503 85.7212 75.18 73.0411 69.6565
internal_count=210720 203660 830 789 158 631 43 7060 5545 4949 596 548 171 75 377 716 80 85 1515 1292 223 1239 85 73 1154 1118 1097 962 927 893
is_linear=0
shrinkage=0.05


Tree=65
num_leaves=31
num_cat=0
split_feature=26 13 30 17 35 42 36 36 47 8 11 14 39 29 14 36 47 32 12 20 16 13 5 29 7 4 7 35 13 26
split_gain=3.99745 2.27201 2.47495 2.79586 2.15196 2.0726 2.04565 2.19057 3.81409 2.31126 2.03465 2.69227 3.79432 4.5541 3.92939 3.39145 4.29877 3.08884 3.05853 2.68425 2.56393 2.6163 2.38558 2.36877 4.68664 2.92899 3.53461 3.78264 4.37669 3.93408
threshold=0.31500000000000006 -0.91373422451556963 0.21687500000000001 30.500000000000004 818.92500000000007 0.39725823213068651 5.6375000000000011 5.4875000000000007 0.81059506323900499 127.50000000000001 4.0390820088607997 11.119009640404697 2.5000000000000004 0.25477272727272732 12.019634861635383 4.6233108108108114 1.100000366937014 0.2647916666666667 22.500000000000004 6.5000000000000009 21.500000000000004 -0.52978199998412234 20.500000000000004 0.26909814323607434 54.500000000000007 6.5000000000000009 61.500000000000007 799.73750000000007 0.10466016898737486 0.37500000000000006
decision_type=2 2 2 2 2 2 2 2 2 2 2 2 2 2 2 2 2 2 2 2 2 2 2 2 2 2 2 2 2 2
left_child=6 2 5 -4 -5 -2 7 -1 9 -9 11 -3 17 15 20 16 -14 23 19 22 21 -15 -17 25 -25 -13 -27 -28 29 -29
right_child=1 10 3 4 -6 -7 -8 8 -10 -11 -12 12 13 14 -16 18 -18 -19 -20 -21 -22 -23 -24 24 -26 26 27 28 -30 -31
leaf_value=0.0041360194303844116 0.050104263174702485 -0.0015372930960110504 0.0026757029586204611 -0.0061449170016755397 -0.09153067252382116 -0.011696946329100795 0.049297902020904533 -0.010017958630695342 0.017143074985591773 -0.10527084381987027 0.00041353160338498658 0.028385518544018624 -0.015735845718378997 -0.071910080764083992 0.047641118681800813 0.0049195779527896506 -0.07140606091000283 -0.055359857326556433 -0.016966227092502301 0.03626485593295093 0.021138758582947878 0.014060887146784591 -0.029934764788093083 -0.07230785036682516 -0.0011881353766995811 0.0093871943801844045 0.013822260931431849 -0.080011398694117331 0.038272070216254554 -0.015262447261577279
leaf_weight=567.61015634215437 4.8677335605025283 4242.2190410506446 564.25391465285793 1.5806096894666546 1.3840558566153047 1.8808149117976425 2.4858833299949756 1.0219773165881627 2.4022749178111553 1.6899099266156552 3627.6304940603441 15.927909905090926 20.279313461389396 2.0524228783324365 7.0357372434809795 32.509877894073725 4.1829457478597751 2.0537079069763413 26.848453782964498 5.7604712275788179 4.7224680874496698 1.5557778528891484 5.7825119011104098 2.5692099030129638 23.545293417293578 194.00898914202116 17.498997167684138 2.5499837193638113 3.5248520635068408 29.318885101471096
leaf_count=6962 45 111463 8134 31 23 29 22 17 27 32 77352 265 400 45 71 548 114 46 493 64 71 22 128 52 349 3003 238 60 65 549
internal_value=6.12515e-11 -0.000262645 0.00277938 0.00242125 -0.0460073 0.0328803 0.00403894 0.0038425 -0.0287347 -0.0693747 -0.000473732 -0.00116682 0.00274534 -0.00513207 0.0201285 -0.00920244 -0.0252552 0.00574284 -0.00366393 0.00444328 -0.00310745 -0.0348413 -0.000343756 0.00617713 -0.00818507 0.00760415 0.00626352 -0.00519403 -0.0145959 -0.0204433
internal_weight=9420.75 8845.54 573.967 567.219 2.96467 6.74855 575.21 572.724 5.11416 2.71189 8271.58 4643.95 401.728 110.73 15.3664 95.3636 24.4623 290.998 70.9013 44.0529 8.33067 3.6082 38.2924 288.944 26.1145 262.83 246.902 52.8927 35.3937 31.8689
internal_count=210720 203660 8262 8188 54 74 7060 7038 76 49 195398 118046 6583 1956 209 1747 514 4627 1233 740 138 67 676 4581 401 4180 3915 912 674 609
is_linear=0
shrinkage=0.05


Tree=66
num_leaves=31
num_cat=0
split_feature=26 14 24 37 31 20 11 42 16 51 34 43 47 30 36 21 30 11 14 48 13 33 37 36 11 13 11 34 29 17
split_gain=3.01202 3.04023 3.0636 7.93454 7.10278 5.55094 5.88793 3.31515 3.23463 4.01918 3.16789 2.92712 2.77329 2.62561 2.54966 2.54912 2.52947 2.42664 4.49952 2.65756 2.61401 3.77734 2.93468 2.57056 2.48075 2.77268 2.39047 3.36181 3.76931 2.38223
threshold=0.31500000000000006 11.211130010037225 6.5000000000000009 0.50229166666666669 0.24246212121212121 -1.4999999999999998 3.7778516548463359 0.39651665867313318 22.500000000000004 1.0000000180025095e-35 74.687500000000014 0.40292910655956543 2.0557088276850171 0.24479729729729732 4.949358974358975 1.0000000180025095e-35 0.23969696969696966 4.0390820088607997 11.119009640404697 0.36949581862966513 -0.91373422451556963 1.3860628934968977 0.53609375000000015 4.6708333333333343 3.9491056055827283 -0.95020270398196849 4.191948134641545 73.273863636363657 0.24571078431372548 22.500000000000004
decision_type=2 2 2 2 2 2 2 2 2 2 2 2 2 2 2 2 2 2 2 2 2 2 2 2 2 2 2 2 2 2
left_child=-1 17 10 5 7 14 -7 -5 11 -10 12 -8 29 16 -4 -11 -6 20 -19 26 21 22 -2 -23 25 -25 27 28 -20 -3
right_child=1 2 3 4 13 6 8 -9 9 15 -12 -13 -14 -15 -16 -17 -18 18 19 -21 -22 23 -24 24 -26 -27 -28 -29 -30 -31
leaf_value=0.003485395972041041 0.0059335991335264272 0.0079873144656270392 0.039247962833194983 0.030630355339608339 -0.084718215006536216 -0.089282224459281578 -0.0013695671688823115 -0.052958596397641555 0.043945308797846666 -0.049642515732370572 -0.052416596166713639 -0.10657990633829058 -0.067547913611352789 -0.090360155091485359 -0.018798216696921798 0.025892898016754897 -0.0012628112664209046 0.00053224137539939216 0.055786817280094096 -0.08899793158435651 -0.0015643383124250357 -0.058812888409300039 -0.070411936780524001 -0.00115800566317744 0.029087505879785515 -0.05638171251446808 0.021335847844906372 -0.070357557052565509 -0.052161717054554795 0.00065838578041974797
leaf_weight=581.46944025694393 221.87924940278754 287.15315487189218 11.132562496699391 3.8499841252341858 1.5354971969500169 2.2656196458265194 1.4198820851743215 1.7143473690375683 4.8562352266162616 2.9254752090200782 2.4186419341713181 1.237076088786125 1.3152906745672215 5.1412102337926626 2.2790974611416468 1.8067494165152309 2.2215827363543212 3905.5590786165558 1.57438103109598 1.7043799133971322 4137.2818542080931 3.3121991604566601 1.2659149300307024 6.0345927318558097 3.1561166821047655 3.6463457923382503 2.4447826687246561 3.4992132652550936 1.6626849547028539 180.61931508872658
leaf_count=7060 3409 4439 97 39 26 38 16 30 40 39 60 25 31 84 24 17 25 79660 17 38 112011 83 25 101 48 86 36 80 29 3007
internal_value=1.08716e-10 -0.00023012 0.00350179 -0.00937436 -0.0394336 0.00619491 -0.0152373 0.00487695 -0.00153766 0.0119897 0.00465927 -0.0503554 0.00495356 -0.0671422 0.0293839 -0.0208033 -0.0353706 -0.000461375 0.000442769 -0.0316588 -0.00127046 0.00381052 0.00550049 -0.0195409 -0.00940806 -0.0219581 -0.0210143 -0.0363843 0.000340186 0.00515742
internal_weight=9388.38 8806.91 513.892 42.3853 14.4626 27.9227 14.511 5.56433 12.2454 9.58846 471.506 2.65696 469.088 8.89829 13.4117 4.73222 3.75708 8293.02 3916.44 10.8854 4376.58 239.294 223.145 16.1493 12.8371 9.68094 9.18106 6.73628 3.23707 467.772
internal_count=210720 203660 8037 500 204 296 175 69 137 96 7537 41 7477 135 121 56 51 195623 79860 200 115763 3752 3434 318 235 187 162 126 46 7446
is_linear=0
shrinkage=0.05


Tree=67
num_leaves=31
num_cat=0
split_feature=25 20 38 0 48 37 6 0 9 47 38 30 32 8 35 8 28 29 47 48 26 15 14 5 42 28 48 33 30 11
split_gain=3.31496 4.19661 6.71375 3.87606 4.85013 4.71801 4.77845 5.83327 4.45287 3.36481 2.90963 5.42918 3.55932 2.84468 2.81456 2.79154 2.68128 2.60265 2.46638 3.36635 2.40996 2.49544 2.78297 2.59095 4.02272 2.8183 4.10744 2.97207 3.051 2.51706
threshold=11.014571273370693 -6.4999999999999991 0.022788461538461504 131.50000000000003 0.12644842728566189 0.50633012820512835 32.500000000000007 103.50000000000001 195.50000000000003 1.7367284647306771 0.04124999999999996 0.24871710526315788 0.24491379310344827 136.50000000000003 823.98750000000007 117.50000000000001 0.0046168643670318511 0.26744565217391308 0.40018538872156079 0.37578461195246821 0.31500000000000006 4.5756411686033927 5.4860491596317269 9.5000000000000018 0.33224772185672308 0.0023497777764620001 0.24731497070790201 1.3855032667022529 0.24479729729729732 4.1081732636461501
decision_type=2 2 2 2 2 2 2 2 2 2 2 2 2 2 2 2 2 2 2 2 2 2 2 2 2 2 2 2 2 2
left_child=20 2 13 4 5 6 7 8 -3 16 11 12 -8 -2 -10 -7 -6 -5 -19 -20 -1 22 -22 24 -23 27 -27 29 -29 -26
right_child=1 3 -4 17 9 15 10 -9 14 -11 -12 -13 -14 -15 -16 -17 -18 18 19 -21 21 23 -24 -25 25 26 -28 28 -30 -31
leaf_value=0.0029503780969602415 0.0035374033934315735 0.02798960909728708 -0.076601061574529616 0.014807325386922008 0.0056831231653859176 0.011339865077422864 -0.00075221228057535628 0.029380687618714093 -0.065138481181899049 -0.046965206940700631 0.072245294354615894 0.030410008577900285 -0.10320642331932713 -0.040729827549156813 0.0022298812957042584 -0.043754840144783966 0.031702793157860405 -0.061650611128802504 0.01530075062193673 -0.072315676217580824 0.0014812006019636007 -0.017389726451856925 -0.0023650195872920231 7.7135148094737983e-05 0.014818547270934655 0.015288539911342781 -0.031831319237455288 -0.035422154841155025 0.010579308360559075 0.039189401140597456
leaf_weight=574.86617327807471 20.82646851148457 2.1222898969426813 3.6648389259353271 126.28512650215998 111.97456761309877 2.7843520543538025 2.0754998177289958 4.4527798644267014 7.8809435861185175 2.8506495552137485 2.2329990975558749 9.2862886469811183 1.4329970693215726 4.3950487859547129 1.9300783760845659 13.193301921244709 10.861372759565709 1.985868162009863 6.5743365157395601 1.3156919321045277 590.3513824341353 13.521641597151755 2312.8529163859785 5440.3952430811478 27.205050457268953 10.538579736836256 8.2419027499854547 4.2813714360818294 22.797441361937672 17.352638581767678
leaf_count=6886 313 29 79 1712 1749 36 26 52 143 56 23 104 31 75 23 225 139 43 88 32 16224 348 65327 115175 598 174 225 102 449 234
internal_value=2.03156e-11 0.0048605 -0.0133651 0.00656297 0.00159793 -0.0120328 -0.000781724 -0.0194568 -0.03768 0.00673755 0.0195813 0.0103902 -0.0425982 -0.00417651 -0.0518854 -0.0341537 0.00798383 0.0128742 -0.0118453 0.000690382 -0.000182153 -0.000395326 -0.00158291 0.000226534 0.00804644 0.0118504 -0.00539023 0.0163702 0.00330612 0.0243096
internal_weight=9360.53 338.125 28.8864 309.239 173.078 47.3915 31.4139 16.3861 11.9333 125.687 15.0278 12.7948 3.5085 25.2215 9.81102 15.9777 122.836 136.161 9.8759 7.89003 9022.4 8447.54 2903.2 5544.33 103.939 90.417 18.7805 71.6365 27.0788 44.5577
internal_count=210720 4978 467 4511 2636 692 431 247 195 1944 184 161 57 388 166 261 1888 1875 163 120 205742 198856 81551 117305 2130 1782 399 1383 551 832
is_linear=0
shrinkage=0.05


Tree=68
num_leaves=31
num_cat=0
split_feature=25 4 43 12 20 30 38 6 33 4 38 31 16 13 11 9 36 5 30 28 15 38 36 40 34 29 24 34 40 7
split_gain=4.51123 3.95445 3.65484 3.88664 3.48004 3.06521 3.00458 2.83505 2.83084 2.60674 3.51396 2.53976 2.50661 3.22709 4.20178 6.09354 4.73875 4.3582 3.49977 4.77947 3.72048 3.96691 3.45658 3.30181 4.85532 4.05832 2.9823 2.89007 4.3435 3.01727
threshold=11.014571273370693 5.5000000000000009 0.41122855147644793 33.000000000000007 -6.4999999999999991 0.25615530303030304 0.022788461538461504 33.500000000000007 1.3852142381273527 11.500000000000002 -0.0049999999999999498 0.25960526315789473 17.500000000000004 -0.58683442472013458 3.7778516548463359 616.50000000000011 5.0845238095238097 17.500000000000004 0.27018518518518525 0.00042447757091030003 5.0973809773484291 -0.037715517241379289 4.823214285714287 2.5000000000000004 73.066911764705893 0.26490740740740742 6.5000000000000009 73.603030303030309 2.5000000000000004 50.500000000000007
decision_type=2 2 2 2 2 2 2 2 2 2 2 2 2 2 2 2 2 2 2 2 2 2 2 2 2 2 2 2 2 2
left_child=9 -2 3 4 6 11 7 -3 -9 12 -11 -5 13 14 15 17 23 27 -16 22 21 -21 -20 24 -17 -26 -15 -1 29 -29
right_child=1 2 -4 5 -6 -7 -8 8 -10 10 -12 -13 -14 26 18 16 -18 -19 19 20 -22 -23 -24 -25 25 -27 -28 28 -30 -31
leaf_value=-0.011391999136050737 0.050862829453214214 0.0018639972723020735 0.033237408389846755 0.015605371606522476 0.0062966802033735799 -0.090901683100354513 -0.068815067492731849 -0.0090702760910556877 -0.083679315469276205 -0.030430573757255615 0.044929938269241097 -0.07000720400020588 -0.00062387224693048499 -3.9834551605360345e-05 0.007113613682590181 0.015511226259889703 0.034814735894904698 0.048627411379067315 0.029256894134753998 0.054474929178201362 -0.078615487464121558 -0.063841242418275893 -0.040201389163482433 -0.096363470378321103 -0.090755561915384655 0.007575700796219398 -0.066526238384765707 -0.015306389642496369 -0.070530147889532047 0.024126365465395552
leaf_weight=41.480076668784022 4.7672720151022068 17.633524875156589 11.083955539390443 2.6754080615937705 294.47104976256378 1.7944274814799426 2.2072955346666268 3.0635487474501124 2.1732824193313718 2.0203612307086587 6.6000972399488074 1.281088203191757 7422.2049645470688 988.32764676259831 473.70626950636506 3.1255378741770965 1.9549037483520795 4.3368040816858402 5.8737791860476118 1.4332308406010272 4.0716539630666375 1.4009034745395172 2.5770224896259606 2.8183620646595946 3.7583748074248433 1.4557407870888708 1.6895365146920074 6.4440780300647083 1.5985367223620404 19.624092116951942
leaf_count=609 58 261 122 32 4253 36 76 61 49 35 67 30 180478 17688 6017 36 23 51 73 13 84 28 44 46 62 15 30 89 30 224
internal_value=-4.14937e-11 0.00564368 0.00500283 0.00404079 0.00477398 -0.0366987 -0.0131062 -0.00772953 -0.040033 -0.00021401 0.0272678 -0.0121154 -0.000240369 0.00157766 0.00455455 -0.00559708 -0.036995 5.76967e-06 0.00635206 -0.0171397 -0.0479967 -0.00400837 0.008076 -0.0495761 -0.0337645 -0.0633022 -0.000153298 -0.00304372 0.00947266 0.0143785
internal_weight=9337.65 341.151 336.384 325.3 319.549 5.75092 25.0777 22.8704 5.23683 8996.5 8.62046 3.9565 8987.88 1565.68 575.659 86.5965 13.1129 73.4836 489.063 15.3566 6.90579 2.83413 8.4508 11.158 8.33965 5.21412 990.017 69.1468 27.6667 26.0682
internal_count=210720 4978 4920 4798 4700 98 447 371 110 205742 102 62 205640 25162 7444 1185 182 1003 6259 242 125 41 117 159 113 77 17718 952 343 313
is_linear=0
shrinkage=0.05


Tree=69
num_leaves=31
num_cat=0
split_feature=25 16 13 5 51 37 32 0 0 11 48 25 11 47 16 11 31 8 47 49 26 28 43 15 7 26 17 47 31 34
split_gain=4.66692 2.9075 3.43927 4.23222 3.7454 3.63388 4.45003 4.6763 4.65777 4.18051 3.73045 3.18065 4.97664 4.91743 3.31554 3.29598 3.45877 3.28676 3.62817 3.32341 2.9649 2.86605 2.85449 2.99313 2.73104 2.728 3.49647 3.93875 5.88183 5.06042
threshold=11.014571273370693 17.500000000000004 -0.58683442472013458 18.500000000000004 1.0000000180025095e-35 0.5319722222222224 0.23596875000000003 147.50000000000003 185.50000000000003 3.7955633346008457 0.49976324692082336 10.311104934495157 4.2259064509190001 1.1917989039666816 10.500000000000002 3.8299315601538182 0.24246212121212121 127.50000000000001 0.39804470456110169 0.68750000000000011 0.37500000000000006 -0.0084606248077986976 0.41122855147644793 7.0234984940280478 41.500000000000007 0.26500000000000007 15.500000000000002 0.70458647747025005 0.26363175675675682 73.923026315789485
decision_type=2 2 2 2 2 2 2 2 2 2 2 2 2 2 2 2 2 2 2 2 2 2 2 2 2 2 2 2 2 2
left_child=1 2 3 5 -5 6 7 10 9 -9 24 21 13 14 -13 16 -16 18 19 -17 -19 -8 23 -2 -1 -23 27 -27 29 -29
right_child=22 -3 -4 4 -6 -7 11 8 -10 -11 -12 12 -14 -15 15 17 -18 20 -20 -21 -22 25 -24 -25 -26 26 -28 28 -30 -31
leaf_value=-0.083702409738921874 0.033326950703090559 -0.00063412428250170499 -6.0516343511178393e-05 -0.025030506583982193 0.053484529216376066 0.030480683811663051 -0.057861290772461806 -0.042054011201659275 -0.040547477980444301 0.022466700127633063 -0.084399873110364038 -0.065375970857290439 -0.091046636674829581 -0.045214407037661448 -0.025955008935940799 0.021803968982853483 0.045790599810398486 -0.061298084087956131 0.036291912176680971 -0.080880062031862779 0.0014509195351155102 -0.0036080402066400782 0.030178910315847858 0.0040719778911085334 -0.013906275262715918 0.039315274409408817 0.0065000919016600647 0.02827265950191258 -0.067003170436989515 -0.043469646780591065
leaf_weight=1.4698081985116029 8.9849235559813661 7406.3035169137875 991.11070508812554 1.8968129465356449 7.623965566046536 12.887458586134015 1.7325439378619183 2.8503192630596521 4.5243655284866682 21.061991163529456 2.2057604314759365 1.6294996142387415 1.7586073298007239 6.201073318719863 2.1283550672233122 1.5778512228280324 7.9716745112091303 3.7785779694095245 6.2649259082973003 1.5740971751511097 3.751532880589366 57.608466716250405 11.515398981049655 324.88870220188983 30.174293983727694 18.114310870878398 363.49197400454432 15.53551110439003 2.3539949199184766 2.9199515879154196
leaf_count=29 115 180568 17728 28 71 147 29 50 73 225 41 29 24 97 33 17 80 64 64 23 53 641 123 4740 418 156 4816 154 37 47
internal_value=-4.3783e-11 -0.000219353 0.00173207 0.00477903 0.0378421 0.00423021 0.00362683 -0.00897353 0.00597378 0.0147759 -0.0215305 0.00520156 -0.00897901 -0.00484098 0.00388946 0.00806249 0.0306718 -0.00541217 0.0142782 -0.0294769 -0.0300363 0.00632665 0.00570343 0.00485926 -0.0171482 0.0065684 0.00802522 0.0222678 0.00742815 0.0169219
internal_weight=9325.89 8980.5 1574.2 583.088 9.52078 573.567 560.679 62.2865 28.4367 23.9123 33.8499 498.393 36.6362 34.8776 28.6765 27.047 10.1 16.947 9.41687 3.15195 7.53011 461.757 345.389 333.874 31.6441 460.024 402.416 38.9238 20.8095 18.4555
internal_count=210720 205742 25174 7446 99 7347 7200 836 348 275 488 6364 484 460 363 334 113 221 104 40 117 5880 4978 4855 447 5851 5210 394 238 201
is_linear=0
shrinkage=0.05


Tree=70
num_leaves=31
num_cat=0
split_feature=14 16 13 33 15 33 6 35 30 37 26 47 37 11 34 8 25 26 25 0 33 11 11 9 4 9 15 12 33 28
split_gain=4.11359 3.53795 4.85681 2.96813 3.29284 2.55771 3.23918 3.75984 2.527 3.428 3.23161 3.35021 2.98871 2.61968 2.58486 4.44522 2.42219 2.41196 3.08533 3.27876 4.07493 3.2683 3.08956 2.77813 4.96684 3.38529 2.48355 2.47183 4.33027 5.22692
threshold=10.956727006990212 17.500000000000004 -0.58683442472013458 1.3862224668349048 8.3921654704205491 1.3862164643238601 28.500000000000004 808.12828947368428 0.25328663793103451 0.50633012820512835 0.33500000000000008 0.7078262516628987 0.4609821428571429 4.294656851768921 72.262500000000017 128.50000000000003 6.0246429316253129 0.26500000000000007 7.1851509802642983 183.50000000000003 1.3859794358047213 3.9613928112965344 3.7737942220590042 627.50000000000011 5.5000000000000009 573.50000000000011 5.6678880245075431 29.500000000000004 1.3837286651683074 0.0016139582722043001
decision_type=2 2 2 2 2 2 2 2 2 2 2 2 2 2 2 2 2 2 2 2 2 2 2 2 2 2 2 2 2 2
left_child=1 2 17 8 -5 -4 -7 -8 12 14 11 -11 -2 -12 15 16 -10 18 19 20 21 22 -1 25 -25 -20 -27 -19 -29 -30
right_child=3 -3 5 4 -6 6 7 -9 9 10 13 -13 -14 -15 -16 -17 -18 27 23 -21 -22 -23 -24 24 -26 26 -28 28 29 -31
leaf_value=-0.035268399914633007 -0.048802288002389449 -0.00076439687047903334 -0.0006508922638984282 -0.0085360199103833422 -0.088201090749470787 0.029808285602385593 0.033833437022423092 -0.077805026547454414 -0.069962760579127523 -0.02050820836912326 -0.0037818211038899495 0.042472100284400141 0.0018493320507807984 0.069625063467170456 0.0097505558865986289 0.043002812474923401 0.0098498785201804693 0.0058232986762279037 -0.0085365034203823738 0.060429637754229285 0.060615242901834877 -0.049947006890845358 0.044451148985637068 -0.075983426225111075 -0.0032203125450602841 0.07243786062748421 0.0095947863880803119 0.053280760824453002 0.020549479295881745 -0.038183088101002564
leaf_weight=1.9928841665387134 2.9342308756895354 7108.0221749338089 934.09626041352749 4.9758045729249707 1.7544575249776242 13.407790374942126 1.3767898976802819 1.6677943496033547 1.3450627885758901 2.8596948194317511 89.39685545116663 8.0711831157095713 389.85720811411738 1.2321387901902188 162.47729679988697 14.321860216557978 3.2415911769494414 466.91934552695602 43.30573298688978 3.4540874243248245 2.5069346465170375 3.3948907656595111 3.1151565164327621 3.8941213837824744 5.8966532992199063 2.1895749717950812 5.5755108301527798 7.5222318340092889 21.57205699803308 4.5950713250786057
leaf_count=26 60 175493 16835 98 34 201 17 36 35 40 1455 81 6305 7 2480 160 43 6117 514 23 16 50 24 65 79 13 56 65 228 64
internal_value=3.77948e-11 -0.000295369 0.00188864 0.00373698 -0.0293033 -0.00030668 0.0192363 -0.0273211 0.00406606 0.00766863 0.000313684 0.0259954 0.00147095 -0.00278382 0.0117867 0.0292834 -0.0135556 0.00551191 -0.00282964 0.017928 0.00459409 -0.0119227 0.0133488 -0.00776275 -0.0321607 -0.00308543 0.0273151 0.00676704 0.0198469 0.0102358
internal_weight=9316.97 8634.51 1526.48 682.467 6.73026 950.549 16.4524 3.04458 675.737 282.946 101.56 10.9309 392.791 90.629 181.386 18.9085 4.58665 575.934 75.3255 14.464 11.0099 8.50293 5.10804 60.8616 9.79077 51.0708 7.76509 500.609 33.6894 26.1671
internal_count=210720 199922 24429 10798 132 17089 254 53 10666 4301 1583 121 6365 1462 2718 238 78 7340 866 139 116 100 50 727 144 583 69 6474 357 292
is_linear=0
shrinkage=0.05


Tree=71
num_leaves=31
num_cat=0
split_feature=14 16 13 11 26 13 11 28 35 35 37 26 9 34 25 47 34 25 31 13 43 28 35 47 42 14 8 20 42 35
split_gain=3.82688 2.90883 3.92562 2.45395 3.506 2.3923 3.24872 4.76725 4.52147 4.00519 3.62745 2.68509 3.98216 2.38001 2.82762 3.39574 2.48068 3.28641 2.85798 2.3756 3.4954 3.40229 3.95443 4.97898 4.7727 4.14446 2.69448 2.56234 2.7621 2.77547
threshold=10.956727006990212 17.500000000000004 -0.58683442472013458 4.0301261543348543 0.26500000000000007 -0.27190708038665251 3.6182426948051956 5.9806552272001496e-05 820.02862903225821 796.32916666666677 0.51228448275862071 0.21500000000000002 613.50000000000011 72.21250000000002 2.8023097557358665 0.3126620806205227 72.870833333333351 1.4440315638800303 0.25732142857142865 -0.068226041599935741 0.39069026477827951 -0.0014063729718048997 821.01250000000016 1.1232291219255484 0.32020427952828229 8.1455609324720264 119.50000000000001 -9.4999999999999982 0.36661922458237656 823.2125000000002
decision_type=2 2 2 2 2 2 2 2 2 2 2 2 2 2 2 2 2 2 2 2 2 2 2 2 2 2 2 2 2 2
left_child=1 2 -1 -3 -5 11 7 8 -7 -9 -10 12 -4 -11 16 -16 17 18 -15 20 -8 22 23 24 -22 26 -26 28 29 -23
right_child=-2 3 5 4 -6 6 19 9 10 13 -12 -13 -14 14 15 -17 -18 -19 -20 -21 21 27 -24 -25 25 -27 -28 -29 -30 -31
leaf_value=0.0049222326150803013 0.0035829620526499832 -0.0016677744309275388 0.021043374114676307 -0.07397546883464351 0.000227253058567835 0.038319207430870791 -0.043059215303638744 -0.059987419072448193 0.0099573238982145693 0.072713033868818958 -0.076506976536162286 -0.0054114468980733339 -0.043227824085204612 -0.052818901784020225 0.034679038117380614 -0.082719764833731974 0.017266581709779624 -0.087721610781296006 0.043686800565478287 -0.001159566745290817 0.05221681113347533 -0.026254380082008921 0.018109450596216253 0.018968041959497778 -0.08980954255553969 -0.081836593914445754 -0.0021556597528274439 0.017303726211346508 -0.048084607261586476 0.060692606971880517
leaf_weight=581.92568431352265 689.96795663610101 3456.2501041910145 18.942849173676226 1.5925864027813066 3620.9238985306583 21.934041681233793 3.3629816994070998 2.7857002429664162 8.7231910522095841 1.1787740634754325 1.4089433830231417 270.73568612383679 2.7613691766746333 1.314829923678196 0.8923451062291855 1.9886208884418008 14.085918678902088 1.4371626735664902 1.8418568111956117 495.34576522186399 1.2866720128804505 1.9296894939616316 10.484857078641651 5.4271372919902197 1.0937032625079135 5.1775637390092015 4.41973926872015 67.484048562124372 3.2632183730602264 1.7504115765914319
leaf_count=7340 10798 98969 182 34 76490 275 86 52 139 17 34 4556 39 30 12 47 242 36 18 9880 15 37 138 70 30 102 77 885 71 19
internal_value=5.07127e-12 -0.000287065 0.0016876 -0.0007147 0.000194631 -0.000291582 0.00137942 0.0127237 0.0255584 -0.00339997 -0.00206614 -0.00405491 0.0128663 0.00353227 -0.00025 -0.0463569 0.00686103 -0.0250451 0.00349004 0.000292386 0.00709801 0.00874659 -0.00614792 -0.0207608 -0.0387622 -0.0497116 -0.0195436 0.0143279 -0.0145948 0.0151013
internal_weight=9301.72 8611.75 1532.98 7078.77 3622.52 951.057 658.617 57.5914 32.0662 25.5252 10.1321 292.44 21.7042 22.7395 21.5607 2.88097 18.6798 4.59385 3.15669 601.026 105.68 102.317 27.8897 17.4048 11.9777 10.691 5.51344 74.4274 6.94332 3.6801
internal_count=210720 199922 24429 175493 76524 17089 12312 902 448 454 173 4777 221 402 385 59 326 84 48 11410 1530 1444 432 294 224 209 107 1012 127 56
is_linear=0
shrinkage=0.05


Tree=72
num_leaves=31
num_cat=0
split_feature=5 37 11 47 48 35 16 9 27 9 25 6 47 47 20 32 42 32 5 15 28 0 48 42 31 47 14 20 15 38
split_gain=3.22781 3.64669 2.89927 3.54052 5.68171 5.21855 5.14134 5.10997 4.27374 4.27021 4.08488 3.58016 3.55446 3.48069 3.30498 3.69276 3.34559 3.2129 3.20236 3.09373 5.44686 3.40592 4.70997 4.32743 4.04647 5.06248 4.37901 3.07392 2.93889 2.87813
threshold=16.500000000000004 0.47377976190476195 4.2855306647080438 1.2434591164608226 0.54380125450649741 798.63750000000016 21.500000000000004 278.50000000000006 0.39948755747556425 266.50000000000006 1.4271905312526825 23.500000000000004 1.0971318761784388 1.3383571386989039 -6.4999999999999991 0.25379807692307693 0.35486829618105037 0.24937500000000004 12.500000000000002 4.5899987682681944 0.0052511736426946514 117.50000000000001 0.38372456598578569 0.30882340325301094 0.27120192307692309 0.31382271824735514 10.321522377316144 -1.4999999999999998 6.332665975559487 -0.047499999999999945
decision_type=2 2 2 2 2 2 2 2 2 2 2 2 2 2 2 2 2 2 2 2 2 2 2 2 2 2 2 2 2 2
left_child=2 -2 -1 7 5 10 8 12 9 13 -5 -12 14 -7 15 16 -4 18 27 20 -16 23 -23 -21 26 -26 29 -6 -17 -25
right_child=1 -3 3 4 17 6 -8 -9 -10 -11 11 -13 -14 -15 19 28 -18 -19 -20 21 -22 22 -24 24 25 -27 -28 -29 -30 -31
leaf_value=-0.00067478608387609457 -0.0083410666822869538 0.0032238404657327449 0.02496111864210987 0.073908127145063493 0.0048543549018179909 -0.025807330320885721 -0.05729923885216405 0.016869027975480063 -0.080372542230932764 -0.0811566814006002 -0.050701902959806526 0.047585415867170279 0.015653846750414802 0.037012947139490597 -0.0021434394952333561 0.0013365406264034185 -0.025210323191778669 0.033189542964755216 0.031774125876910579 -0.078153917592991784 -0.033463503364048193 0.0095657051822134447 -0.049811021859707205 -0.053875314773718791 0.0096076700803745252 -0.057532124177759103 -0.05739698759514178 -0.10384678328498767 -0.073415208452505862 0.0034256442468603072
leaf_weight=7268.0169387497008 72.799296326935291 1070.5400546463206 39.068166084587574 2.1346685905009535 1.1949644219130275 3.5704306177794951 11.835119293071328 62.562325353268534 1.9082079799845804 1.3828662429004897 2.3638381874188785 1.5237298831343649 44.820828273892403 5.7656891858205199 293.28381204837933 29.588105756789449 3.6316408533602944 8.8676604721695167 1.837554703466594 1.8365822192281474 14.571318934671579 163.62210648227483 3.4094358207657924 2.2257967852056018 4.8237548102624697 6.7176283774897456 3.1131217926740637 1.4270930532366031 1.3760136123746622 141.90627532638609
leaf_count=177536 1520 19223 492 24 15 60 246 570 43 23 49 13 568 55 5272 446 57 105 22 41 266 1997 64 25 53 108 36 32 29 1730
internal_value=-1.7999e-11 0.00248747 -0.000349888 0.00239471 -0.0114524 -0.0233578 -0.0336222 0.00313766 -0.0114304 0.000842713 0.0183363 -0.0121782 0.00199831 0.0129885 0.00113526 0.0111609 0.020694 0.0157798 -0.0188383 -2.68438e-05 -0.00362587 0.0033547 0.00835371 -0.00184375 -0.000961122 -0.0294709 0.00127353 -0.0543078 -0.00198535 0.00254076
internal_weight=9271.73 1143.34 8128.39 860.369 43.8118 30.4845 24.4623 816.557 12.6272 10.719 6.02224 3.88757 753.995 9.33612 709.174 73.6639 42.6998 13.3273 4.45961 635.51 307.855 327.655 167.032 160.623 158.787 11.5414 147.245 2.62206 30.9641 144.132
internal_count=210720 20743 189977 12441 687 513 427 11754 181 138 86 62 11184 115 10616 1024 549 174 69 9592 5538 4054 2061 1993 1952 161 1791 47 475 1755
is_linear=0
shrinkage=0.05


Tree=73
num_leaves=31
num_cat=0
split_feature=13 5 11 32 47 5 29 16 14 13 15 48 43 37 28 34 14 16 0 13 48 8 26 43 9 38 34 14 14 43
split_gain=3.08804 2.69418 2.6806 3.75956 3.51907 3.45237 2.86564 2.83997 2.85656 3.18005 3.86687 3.01137 4.15336 4.13721 3.33301 3.29416 3.11083 3.49404 2.91424 3.26043 2.89479 3.36991 3.1129 3.75427 2.89306 3.09951 2.82287 2.77899 4.14364 4.6243
threshold=-0.029373859306974646 3.5000000000000004 4.2574362755424486 0.26549603174603181 0.71427151357554319 14.500000000000002 0.27687500000000004 18.500000000000004 10.278538994610363 -1.0190592962650822 6.4794026065070982 0.24945061744296787 0.39685841080288303 0.53854895104895117 0.0056850201373872004 72.76136363636364 12.019634861635383 19.500000000000004 39.500000000000007 -0.98666237575870885 0.12404656140846161 119.50000000000001 0.48500000000000004 0.39628566522425818 746.50000000000011 -0.043541666666666597 72.696153846153862 6.5247549617220626 6.1062426276948285 0.40623229119102328
decision_type=2 2 2 2 2 2 2 2 2 2 2 2 2 2 2 2 2 2 2 2 2 2 2 2 2 2 2 2 2 2
left_child=1 -1 7 6 5 -5 -4 27 9 10 -9 14 16 -14 20 -16 17 -13 -19 -20 21 22 26 -24 -11 -26 -10 28 -3 -30
right_child=-2 2 3 4 -6 -7 -8 8 11 24 -12 12 13 -15 15 -17 -18 18 19 -21 -22 -23 23 -25 25 -27 -28 -29 29 -31
leaf_value=-0.065794142973624181 -0.0013176978166647548 0.0022195367949123402 0.0018749219138475279 0.00057706466098777359 0.021173085659436857 0.024968538072687788 -0.066304400193064078 0.01911675625558415 -0.043012534771574684 -0.0011043123873215443 -0.047126059696435595 0.03413691030587894 0.0072904839446774053 -0.074457172714320091 0.015532026780556946 -0.041331496098090531 -0.04217871789843735 -0.063970399988985668 0.034965050675216845 -0.014193656381839989 -0.003789377283404879 0.008448553198325031 0.025845441954254152 -0.084446597045939306 0.010852189468051998 -0.022411023318919199 0.0038712073392808545 0.0028489104815348203 -0.0088653301071779256 -0.048139134149164237
leaf_weight=1.5260719414800394 3004.1482575174887 75.402410598006099 716.57749679544941 80.906594061292708 50.582470585592091 17.676646614447236 1.5445099342614401 30.564920861274004 3.8695426983758869 3122.933660270879 2.3741643941029897 5.0542067587375668 360.8547352347523 1.5544032156467427 3.4950660327449432 9.3886781753972155 6.4067719578742972 2.3826603041961816 4.0444467440247598 20.31671711336821 216.14731331449002 130.10059171542525 1.0784734878689044 2.7113739009946585 9.1055306056514365 30.334341730922461 18.853641104884446 1285.5825928128324 37.529446757398546 9.3655815050005895
leaf_count=27 83209 1383 9699 1139 591 162 42 322 73 79310 46 89 6328 40 48 216 133 80 43 547 4017 1825 18 71 224 892 320 18924 683 219
internal_value=-4.57471e-11 0.000632533 0.000648735 0.00322863 0.0104517 0.00495062 0.00172828 0.000233569 -0.000448942 -0.00111328 0.0143421 0.0022509 0.00528689 0.00693986 -0.000902929 -0.0259057 -0.0103932 -0.00398889 -0.0111941 -0.00603232 -3.8757e-05 0.00513759 -0.0111094 -0.0530609 -0.00127427 -0.0147315 -0.00411265 0.00216375 -0.00503856 -0.0167088
internal_weight=9262.41 6258.27 6256.74 867.288 149.166 98.5832 718.122 5389.45 3981.57 3195.31 32.9391 786.259 400.614 362.409 385.645 12.8837 38.2048 31.798 26.7438 24.3612 372.761 156.614 26.513 3.78985 3162.37 39.4399 22.7232 1407.88 122.297 46.895
internal_count=210720 127511 127484 11633 1892 1301 9741 115851 94642 80794 368 13848 7260 6368 6588 264 892 759 670 590 6324 2307 482 89 80426 1116 393 21209 2285 902
is_linear=0
shrinkage=0.05


Tree=74
num_leaves=31
num_cat=0
split_feature=14 16 11 13 9 15 29 30 11 25 13 20 13 9 37 28 42 48 43 38 9 7 29 14 0 14 48 43 14 21
split_gain=3.41707 3.7059 2.85939 2.89164 2.87845 2.82274 2.52515 2.44454 3.54155 3.06449 3.39658 3.02597 3.08845 3.11903 2.61937 2.56523 2.47119 2.3995 3.43466 2.71635 2.56177 2.55631 2.71158 2.51726 5.2652 4.68827 3.82291 3.43003 3.31976 3.23183
threshold=10.278538994610363 17.500000000000004 4.2400378071833655 -1.0190592962650822 681.50000000000011 6.4794026065070982 0.25506410256410261 0.25303308823529419 4.4595091414944372 3.7872541842570242 -0.2393471293072307 -10.499999999999998 -0.3305533175581527 738.50000000000011 0.4609821428571429 0.0018088933074625502 0.40291371002545356 0.11252528228633581 0.40930803548863293 -0.064999999999999933 158.50000000000003 37.500000000000007 0.25909244264507425 8.4410347971858322 65.500000000000014 9.4395184185217698 0.10358861162007751 0.40497930842641477 7.5565389114085191 1.0000000180025095e-35
decision_type=2 2 2 2 2 2 2 2 2 2 2 2 2 2 2 2 2 2 2 2 2 2 2 2 2 2 2 2 2 2
left_child=1 -1 3 5 -4 6 -3 8 14 11 -11 -9 -13 -14 -2 -12 -16 18 21 -20 -19 22 -5 28 25 26 -25 -27 -23 -29
right_child=7 2 4 17 -6 -7 -8 9 -10 10 15 12 13 -15 16 -17 -18 20 19 -21 -22 23 -24 24 -26 27 -28 29 -30 -31
leaf_value=0.0019224320347972414 -0.042807448725369825 0.020610157218915251 0.0013131388630498442 0.021552719062518624 0.051684474708173403 -0.039687571258940429 -0.031535613133365364 -0.05596421552533664 -0.061558146968608986 0.0062718076414460186 0.044437134258130964 -0.072888732356637842 0.0011432984984928991 -0.060049150949645025 0.0011401997137339302 -0.02583138853123769 -0.055532513181119486 -0.0052816680276522587 -0.063220716303486746 0.013443732915648219 -0.0015252355109321479 0.00013708827174791912 -0.028564471910069583 0.023298585807146333 -0.00095382008273788661 0.0068346385927262419 -0.014663797965846432 -0.045276120323319777 -0.0077100591024659411 0.025608950125255176
leaf_weight=1432.1044481990393 3.4294018610380581 30.596656085457653 1093.7245939751156 22.555591961834583 2.8435406349599353 2.3831331203691652 2.5122323152609161 2.5967021444812408 2.2847501486539832 397.76202216860838 9.323520169593392 1.4833569666370738 95.253711412195116 2.1289421860128632 735.02481143246405 1.509019013494252 1.928573622368275 514.97464705258608 1.1774588986299921 61.715034397318959 3824.9512128607603 419.43230318510905 3.0657531823962918 64.804679409600794 259.48756440263242 22.776737371459607 7.3877635304816058 7.1415745266713184 198.59548479341902 2.0752225029282272
leaf_count=23041 105 287 17411 322 18 50 52 61 30 6057 111 33 1870 42 12356 32 42 19249 31 1023 111833 7684 62 722 3906 310 154 121 3676 29
internal_value=-6.04861e-11 -0.000381371 -0.000885679 -0.00135475 0.00144376 0.0128704 0.0166534 0.00242764 0.000597209 0.00509283 0.00702412 -0.00268453 -0.00128515 -0.000194467 0.000789014 0.0346484 0.00099189 -0.00144807 0.0006724 0.0120084 -0.00197097 -3.53694e-05 0.0155559 -0.000442284 0.00285831 0.0123529 0.0194137 -0.00357972 -0.00238449 -0.0293159
internal_weight=9227.03 7974.31 6542.2 5445.63 1096.57 35.492 33.1089 1252.72 742.668 510.057 408.595 101.463 98.866 97.3827 740.383 10.8325 736.953 5410.14 1070.22 62.8925 4339.93 1007.32 25.6213 981.701 363.674 104.186 72.1924 31.9935 618.028 9.2168
internal_count=210720 189981 166940 149511 17429 389 339 20739 12533 8206 6200 2006 1945 1912 12503 143 12398 149122 18040 1054 131082 16986 384 16602 5242 1336 876 460 11360 150
is_linear=0
shrinkage=0.05


Tree=75
num_leaves=31
num_cat=0
split_feature=13 5 43 11 11 42 25 48 6 36 38 15 0 28 29 36 24 38 37 26 25 33 40 12 43 13 14 6 38 37
split_gain=3.44503 2.4325 3.13149 2.8844 2.86556 3.97144 4.18531 3.21242 2.95294 4.55398 4.1648 4.18374 4.00753 4.32415 4.191 3.44457 7.02545 4.43231 3.386 3.53629 3.30021 4.19099 3.60821 4.84093 3.00718 2.83955 3.40934 3.09073 3.03391 4.63903
threshold=-0.029373859306974646 16.500000000000004 0.40772308270834673 4.294656851768921 4.3087327523602044 0.33271290270668163 1.8357335364907439 0.23213272618831923 25.500000000000004 4.823214285714287 0.048913043478260761 5.1965096097218693 76.500000000000014 0.0013899277232323002 0.25872282608695657 5.1744565217391312 2.5000000000000004 0.019722222222222151 0.50742647058823531 0.40500000000000008 8.6804269733455843 1.3857256100834159 1.5000000000000002 23.500000000000004 0.40084967330734783 -0.2393471293072307 11.307894049112555 22.500000000000004 -0.027386363636363594 0.48110119047619054
decision_type=2 2 2 2 2 2 2 2 2 2 2 2 2 2 2 2 2 2 2 2 2 2 2 2 2 2 2 2 2 2
left_child=1 3 25 -1 5 7 -7 -5 -6 20 12 -12 13 -11 15 18 -17 -18 19 -14 -10 22 23 -22 -20 27 28 -3 29 -27
right_child=-2 2 -4 4 8 6 -8 -9 9 10 11 -13 14 -15 -16 16 17 -19 24 -21 21 -23 -24 -25 -26 26 -28 -29 -30 -31
leaf_value=-0.00017914681673203263 -0.0014032299408311124 -0.059129650040849413 0.010697563257893436 -0.04524602281783463 0.00051707416553612091 -0.034744435349701439 0.028730449833567057 0.007827008100411573 0.022716287986132056 -0.057762177516667512 0.0014978085536438606 -0.098106675129027557 -0.0071245870302615484 0.02876580603816585 -0.054811640266057726 0.063193258908354408 -0.1072430406281302 -0.010683856653577163 -0.048554521393723564 0.043300161614108407 0.01050260939318224 -0.058064239206634186 0.035203260719963596 -0.077780674013012849 0.02465869460524597 0.014590620422758563 0.028785300678664999 0.0013465085111425876 0.0083559452315751358 -0.098580364015369182
leaf_weight=4649.9923891468206 2963.486135059502 2.1182029987685373 115.22971962229349 4.0541053656488648 426.50481005758047 2.8180361185222855 33.102163725532591 9.6090258164331299 57.619845331646502 4.9822716237977138 2.0260414555668822 2.1979948170483112 4.5064476579427781 2.033046537078917 2.4121872438117853 1.9239655323326577 1.9841512609273193 2.9635317297652364 2.8277148827910414 15.220075403340159 5.3560410551726836 2.8140831785276523 6.7635868359357119 2.1867545880377293 2.7828778903931379 1.8706729076802724 21.00093138217926 809.13759085536003 28.634900611359626 1.7550799418240783
leaf_count=103750 83209 56 1688 76 6240 41 290 120 514 70 23 35 50 23 26 11 28 36 36 110 46 48 50 38 26 30 310 13109 578 53
internal_value=-3.63146e-11 0.000667871 0.00295485 0.000240808 0.00351352 0.0150233 0.0237507 -0.00792075 0.0024704 0.00937835 -0.00302531 -0.0503318 0.00177397 -0.0326863 0.00875673 0.0135175 -0.0178802 -0.0494066 0.0220329 0.0317808 0.0169892 -0.00228569 0.00868602 -0.0150919 -0.0122405 0.00192284 0.0131064 0.0011886 0.0028998 -0.0401909
internal_weight=9189.91 6226.43 979.747 5246.68 596.689 49.5833 35.9202 13.6631 547.105 120.601 45.8603 4.22404 41.6363 7.01532 34.621 32.2088 6.87165 4.94768 25.3371 19.7265 74.7403 17.1205 14.3064 7.5428 5.61059 864.517 53.2616 811.256 32.2607 3.62575
internal_count=210720 127511 15824 111687 7937 527 331 196 7410 1170 474 58 416 93 323 297 75 64 222 160 696 182 134 84 62 14136 971 13165 661 83
is_linear=0
shrinkage=0.05


Tree=76
num_leaves=31
num_cat=0
split_feature=13 26 25 35 33 15 20 7 43 43 32 14 27 37 7 14 0 14 27 32 32 32 6 42 0 43 0 25 35 43
split_gain=3.13801 2.54003 3.04028 2.89314 4.92754 3.95025 6.5264 4.84715 4.08565 4.30812 4.305 3.94987 3.60519 3.56892 3.46855 3.49362 4.72581 3.61169 3.56632 3.59994 3.33576 3.05553 4.11049 3.03313 3.81124 2.91735 3.64876 4.26096 2.89789 2.74988
threshold=-0.029373859306974646 0.31500000000000006 2.5517060641885303 817.37668918918928 1.3857838757245553 5.1541218933348167 -2.4999999999999996 58.500000000000007 0.40623229119102328 0.40722747220008287 0.26737068965517247 6.3622526310113861 1.0906535143087857 0.50488095238095243 56.500000000000007 7.1145995760346521 32.500000000000007 7.0582784463502382 1.6617286037318528 0.24366987179487179 0.24134182908545729 0.26208333333333339 22.500000000000004 0.40038511775068897 100.50000000000001 0.40491561375071422 195.50000000000003 1.2765465148727506 816.68750000000011 0.4071701603887864
decision_type=2 2 2 2 2 2 2 2 2 2 2 2 2 2 2 2 2 2 2 2 2 2 2 2 2 2 2 2 2 2
left_child=-1 2 3 14 5 8 7 -7 10 -10 13 -6 -8 25 15 17 -17 28 23 -20 -15 -22 -23 29 -25 26 27 -5 -2 -18
right_child=1 -3 -4 4 11 6 12 -9 9 -11 -12 -13 -14 20 -16 16 18 -19 19 -21 21 22 -24 24 -26 -27 -28 -29 -30 -31
leaf_value=0.00063323742244935884 0.0082292858754714725 -0.00177418206661303 -0.046339982692726191 -0.011102107494757341 0.0092311369841674273 -0.10520348962101451 0.010291175506351551 0.013938304969123634 -0.080568901364555801 0.00030610370664582308 0.035363160739814693 -0.083399716182467581 -0.084169444346834113 -0.04736139974684319 0.029731383098525452 -0.066669518891591589 0.003082688109531028 0.058993974947001197 -0.093965565282631391 0.0037240339825181249 0.039007065507933182 0.041927949007512955 -0.06283367485936929 0.060896214188477231 0.00026235431339417039 0.03120798641732303 0.050709857157694098 -0.068825930376852348 0.055501265503378222 -0.031566692152061419
leaf_weight=6245.4621984337573 51.053349283058196 2704.6354367481545 2.9870524564757934 11.361097280401742 1.7686656974256028 3.2664975402876726 8.5902324416674656 1.1557308994233606 2.632201336324214 4.3977876408025622 13.124328586272894 3.2944718319922686 1.1447089640423644 1.7031320994719887 17.161549719050527 2.7084699627012006 44.318491802550852 4.2678037267178288 1.9381547924131148 1.8368029929697511 11.661585198715327 1.7903519235551351 1.9629001617431638 4.8064828505739552 5.6242204695008695 3.3153694476932278 1.6538226325064886 4.4488454815000287 3.461847396567463 6.5757688367739311
leaf_count=127511 607 80426 51 169 22 68 121 10 50 66 128 62 24 38 170 59 527 31 30 21 123 21 33 38 67 37 16 78 26 90
internal_value=-4.76493e-12 -0.00135041 0.00376612 0.00444328 -0.00335919 -1.57803e-05 -0.0236971 -0.0740663 0.00575945 -0.0299755 0.0106832 -0.0510417 -0.000816228 0.00213616 0.00863736 0.00577772 -0.00195603 0.0146989 0.000736368 -0.0464322 0.0190415 0.0263781 -0.012861 0.0036399 0.0282025 -0.0117905 -0.0199535 -0.0273453 0.0112312 -0.00139417
internal_weight=9174.11 2928.65 224.012 221.025 77.2717 72.2086 14.1572 4.42223 58.0514 7.02999 51.0214 5.06314 9.73494 37.8971 143.753 126.591 67.8084 58.783 65.0999 3.77496 17.118 15.4148 3.75325 61.325 10.4307 20.7791 17.4638 15.8099 54.5152 50.8943
internal_count=210720 83209 2783 2732 1066 982 223 78 759 116 643 84 145 515 1666 1496 832 664 773 51 215 177 54 722 105 300 263 247 633 617
is_linear=0
shrinkage=0.05


Tree=77
num_leaves=31
num_cat=0
split_feature=26 11 5 16 6 11 42 14 25 42 28 33 14 37 28 36 25 14 33 20 28 33 28 20 33 30 26 0 50 34
split_gain=4.41621 3.5051 4.09671 4.02035 3.67485 3.81998 5.77738 2.98293 4.05354 3.35004 2.89016 4.62115 3.64724 3.323 3.02156 2.75783 3.58501 2.72722 2.6397 5.1488 2.93252 2.67545 3.24004 3.22266 2.98914 4.25848 3.14529 3.31918 2.61653 3.82773
threshold=0.31500000000000006 4.2855306647080438 16.500000000000004 12.500000000000002 25.500000000000004 4.3240088680229531 0.33156027454298659 7.9846510067261987 6.8893895665243692 0.31958220948394511 0.0017115285786174002 1.3851676653644456 4.6205653697047389 0.51986842105263176 0.0017513300552190502 4.2875000000000005 11.719348630455507 13.128035482733106 1.3853802160093769 7.5000000000000009 -0.00011604076809299998 1.3853160092589534 -0.00015251682438604996 -10.499999999999998 1.3827846799206094 0.2331140350877193 0.37500000000000006 31.500000000000004 1.0000000180025095e-35 72.812500000000014
decision_type=2 2 2 2 2 2 2 2 2 2 2 2 2 2 2 2 2 2 2 2 2 2 2 2 2 2 2 2 2 2
left_child=17 2 -2 -4 5 6 7 8 -3 -9 -7 12 -12 14 -13 -6 -17 -1 19 21 -21 22 23 -8 -25 -26 -27 -28 29 -14
right_child=1 4 3 -5 15 10 18 9 -10 -11 11 13 28 -15 -16 16 -18 -19 -20 20 -22 -23 -24 24 25 26 27 -29 -30 -31
leaf_value=0.0043588493936337694 -0.0011100472824078665 -0.011053891384203851 -0.073819796679178026 0.0022786143331175071 0.061937508331591833 0.0009262579887113683 0.067335376717112302 -0.012897271770012753 0.05021453968810357 -0.087507361291143559 0.026802922334261486 -0.061280387477515297 0.0029163870682246823 -0.065394104238707146 0.0060444132639079634 0.0085335715306611576 -0.050428619761819928 -0.05785891863972073 0.022908458370673023 0.0054982524305512261 -0.083882612140951218 -0.049876301687377111 0.024023788480739439 0.058382846226377516 -0.059720203321842628 0.065743772662029382 -0.077238245686372886 0.00025649360473490999 -0.042942000408794832 -0.027521657843987149
leaf_weight=591.08632063237019 6559.9134516620543 20.216671773698188 1.7383067412301887 1119.3004669437651 2.3792533986270419 421.11397555004805 1.6552411355078209 3.9261615723371497 3.1156512182205907 2.4392275707796216 4.2469763169065109 1.7179701514542092 16.821771873161197 1.777014155872165 55.694121645297855 208.18278479576111 2.6103246696293345 1.7665528319776047 45.482532385736704 1.5067595550790431 2.3472604174166909 1.7629303466528643 29.531575392931703 1.7403008639812494 3.5717478245496777 1.6502587534487272 1.5133527619764233 15.888009477406738 11.123513041064141 26.759215560741723
leaf_count=7030 171206 442 36 19636 13 6776 11 63 34 47 62 43 264 36 939 2111 27 30 459 20 38 26 307 14 67 12 23 196 232 520
internal_value=1.87e-11 -0.000288719 -0.000632693 0.00216061 0.00268396 0.000877978 0.00835499 -0.0111493 -0.00287249 -0.041488 -0.00101254 -0.00792344 -0.0178322 0.00194553 0.00402982 0.00840762 0.00780342 0.00417346 0.0137861 0.00700303 -0.0489385 0.0107648 0.0126893 -0.000175442 -0.00476205 -0.00961947 -0.000226716 -0.00648303 -0.0212974 -0.0157729
internal_weight=9162.58 8569.73 7680.95 1121.04 888.775 675.602 136.348 29.6977 23.3323 6.36539 539.255 118.141 58.9515 59.1891 57.4121 213.172 210.793 592.853 106.65 61.1674 3.85402 57.3134 55.5505 26.0189 24.3637 22.6234 19.0516 17.4014 54.7045 43.581
internal_count=210720 203660 190878 19672 12782 10631 1759 586 476 110 8872 2096 1078 1018 982 2151 2138 7060 1173 714 58 656 630 323 312 298 231 219 1016 784
is_linear=0
shrinkage=0.05


Tree=78
num_leaves=31
num_cat=0
split_feature=26 11 14 48 24 16 16 36 28 6 28 11 37 42 8 34 36 13 42 42 9 9 7 35 16 0 11 33 36 15
split_gain=3.12704 3.45515 3.55266 3.29169 3.99074 4.20731 3.29282 3.67575 6.13072 3.68246 3.26172 5.34411 3.1454 2.94565 2.88768 2.82099 3.82263 2.67507 2.70078 2.62888 2.59467 3.79707 2.56101 3.02851 2.54778 4.36805 4.97581 4.82945 3.85027 3.69924
threshold=0.31500000000000006 4.2855306647080438 10.278538994610363 0.11372658761848901 3.5000000000000004 12.500000000000002 28.500000000000004 4.4353400222965451 0.0012259830042243003 30.500000000000004 -0.0048367654432422491 4.0732221355096723 0.45937500000000003 0.36811892375428373 123.50000000000001 73.246621621621628 4.8480769230769232 -1.0190592962650822 0.33198325288545072 0.34193566791743535 345.50000000000006 281.50000000000006 32.500000000000007 812.23412162162174 13.500000000000002 177.50000000000003 4.0167268634508035 1.3843994004681008 4.7958333333333343 6.1152593425853015
decision_type=2 2 2 2 2 2 2 2 2 2 2 2 2 2 2 2 2 2 2 2 2 2 2 2 2 2 2 2 2 2
left_child=-1 2 3 4 5 -2 7 8 -6 20 11 15 -7 -3 -13 16 -9 18 22 -19 21 -10 -5 -24 25 26 -21 29 -29 -28
right_child=1 13 -4 17 6 12 -8 10 9 -11 -12 14 -14 -15 -16 -17 -18 19 -20 24 -22 -23 23 -25 -26 -27 27 28 -30 -31
leaf_value=0.0035062153565235295 0.049807877004341923 0.0019210741861072867 0.0019300520460167809 0.043293812570323935 0.0046314739104354888 -0.034074408424056291 -0.026825831094023908 0.01314927655840944 -0.086476436646954605 0.0292254731662983 0.011034191413607472 0.047189036421300991 -0.00016511932672167383 0.01318510981835214 -0.035442771441465584 -0.090506170118544019 -0.095641148335635057 -0.0045989171791381419 0.060694959465807247 0.027677263371840278 -0.10277797935373248 0.024655713141597063 -0.022270858596684109 0.012316240541317733 -0.0013875428123325737 -0.037364991517179376 0.031526958981365413 0.0030385346471731318 -0.086397159257165984 -0.037275072603657519
leaf_weight=594.55800983007066 4.1907027596607795 820.59743511397392 1186.6864005702082 4.4870972512289873 18.812524273991588 6.8852002928033462 7.1122707244940093 2.576568900607525 1.6793137453496449 1.2068564295768736 217.6210296228528 3.4414389431476593 1014.1446692983154 62.458525219000876 1.526161808054894 2.3829827215522528 1.1760018691420553 681.36232954123989 2.595609910786151 27.761800557374954 2.6842502495273948 1.4173189084976909 8.6744235106743854 23.408464906737208 4424.5682451119646 4.3494392065331331 6.9432392967864853 2.0827645398676387 2.8502314854413271 2.7186168432235718
leaf_count=7060 33 12201 19645 38 282 161 136 47 39 12 3028 40 18105 581 26 57 31 24492 14 262 61 20 142 231 123725 76 64 25 55 31
internal_value=6.64397e-12 -0.000243864 -0.000585049 -0.00104574 0.00121803 -0.000188578 0.00672979 0.00766745 -0.010223 -0.0502147 0.00968551 -0.0167486 -0.000393783 0.00271778 0.0218026 -0.0479612 -0.0209441 -0.00160684 0.0114111 -0.00170579 -0.0667991 -0.0356116 0.00791307 0.00296474 -0.00126492 0.0103518 0.0152517 -0.00838383 -0.0486364 0.0121677
internal_weight=9142.96 8548.4 7665.35 6478.66 1286.86 1025.22 261.637 254.524 25.8003 6.98774 228.724 11.1032 1021.03 883.056 4.9676 6.13555 3.75257 5191.8 39.1656 5152.64 5.78088 3.09663 36.57 32.0829 4471.27 46.7061 42.3567 14.5949 4.933 9.66186
internal_count=210720 203660 190878 171233 22078 18299 3779 3643 414 132 3229 201 18266 12782 66 135 78 149155 425 148730 120 59 411 373 124238 513 437 175 80 95
is_linear=0
shrinkage=0.05


Tree=79
num_leaves=31
num_cat=0
split_feature=11 26 15 5 36 13 13 8 25 48 14 34 16 37 29 20 28 28 12 32 43 4 13 6 11 16 32 16 43 0
split_gain=2.84848 3.02751 3.12607 3.56328 3.25071 3.63994 2.64437 4.48334 3.84061 4.08439 3.72611 3.62899 3.40802 3.62466 3.36156 3.19408 4.29271 4.19108 4.80665 4.67819 5.13498 4.26494 3.22067 2.92599 2.82476 4.06297 2.75378 3.01386 3.99075 4.16973
threshold=4.2774291896144776 0.31500000000000006 4.5756411686033927 9.5000000000000018 4.9574275362318847 -0.93947955959233653 -0.29090267961511179 136.50000000000003 3.3525849524220708 0.12644842728566189 10.882675758337037 73.447222222222237 11.500000000000002 0.48232142857142862 0.23100961538461537 -1.4999999999999998 -0.00036690435311589995 -0.0023580568284721996 19.500000000000004 0.23982758620689656 0.40287642573336807 7.5000000000000009 -0.91373422451556963 23.500000000000004 4.1184519511086153 17.500000000000004 0.27120192307692309 12.500000000000002 0.40658027178487571 152.50000000000003
decision_type=2 2 2 2 2 2 2 2 2 2 2 2 2 2 2 2 2 2 2 2 2 2 2 2 2 2 2 2 2 2
left_child=1 6 -3 4 5 -4 8 10 9 11 -8 -1 -11 -14 -9 16 17 21 -19 -20 23 -10 -18 -21 -15 -26 27 28 29 -24
right_child=-2 2 3 -5 -6 -7 7 14 15 12 -12 -13 13 24 -16 -17 22 18 19 20 -22 -23 26 -25 25 -27 -28 -29 -30 -31
leaf_value=0.039434653754240143 0.0025775546809900995 -0.002089340852395385 -0.084566701840479361 -7.1227503353464569e-05 0.024061123798217662 0.0052966618415277653 0.0045407479529544761 -0.030770757698423825 0.007088627583299866 -0.10826409990872464 -0.0523569784494358 -0.055483060244354135 0.041616998182814072 -0.067678621989065324 0.025005384844250439 0.0048529913609464473 0.059301490966979391 -0.070452112481245749 -0.081761513864936408 0.0067332235730496407 0.029152404652265148 -0.071776610119686876 -0.023446539370283542 -0.081285455132795462 0.044029126377736795 -0.071728117805893651 0.039474870582054955 0.018756983339289844 -0.057779115022343876 0.013850719696352707
leaf_weight=3.633213236462324 959.02824677526951 2344.0120354346 1.1457397462800134 5119.4799428050173 27.738244583830237 68.37350507825613 260.60054941661656 2.8949823412112883 14.693136519752445 1.6200449168682087 2.909559564664959 1.3931322889402507 1.4958646539598683 4.7177216708660126 40.392556988168508 181.57127599557862 2.369997225701808 6.7165774698369214 2.275347361806781 1.5858735218644127 5.525687150657177 1.9407082931138564 15.12270584004 2.333536796271801 1.7484098263084891 1.3382262564264236 3.9834893681108943 11.079519569873808 4.0613706866279236 14.854369770269839
leaf_count=41 13640 74149 23 114020 478 1417 3186 42 153 33 45 22 17 88 427 2059 14 103 35 16 51 30 203 34 21 29 39 101 62 142
internal_value=-2.73244e-11 -0.000303247 -0.000572617 0.000108885 0.00958973 0.00381563 0.00314368 0.00636229 -0.000332569 -0.0241717 0.00391251 0.0131267 -0.0413393 -0.0296813 0.0212752 0.00108531 -0.00681952 -0.0203101 -0.0367278 -0.0174015 -0.00189702 -0.00211276 0.00237251 -0.0456713 -0.0433471 -0.006158 -0.000375299 -0.00389369 -0.0112665 -0.00496484
internal_weight=9110.64 8151.61 7560.75 5216.74 97.2575 69.5192 590.858 306.798 284.06 15.9466 263.51 5.02635 10.9203 9.30022 43.2875 268.114 86.5423 35.0709 18.437 11.7204 9.4451 16.6338 51.4715 3.91941 7.80436 3.08664 49.1015 45.118 34.0384 29.9771
internal_count=210720 197080 190087 115938 1918 1440 6993 3700 3293 251 3231 63 188 155 469 3042 983 422 239 136 101 183 561 50 138 50 547 508 407 345
is_linear=0
shrinkage=0.05


Tree=80
num_leaves=31
num_cat=0
split_feature=13 48 16 30 48 33 13 11 14 48 0 29 43 11 47 29 0 20 47 31 5 13 35 37 9 42 8 26 15 20
split_gain=3.00993 3.14879 3.31575 3.48665 5.60735 5.04659 2.96303 2.89322 3.42124 3.6731 4.01891 5.0592 3.86209 3.65149 3.43987 3.17821 3.5249 3.75385 3.1343 3.61531 3.04607 2.94697 3.39722 3.00217 2.91213 2.88577 2.87067 2.82542 2.71712 2.69961
threshold=-0.91373422451556963 0.10663593827557351 16.500000000000004 0.22738636363636364 0.12404656140846161 1.3827846799206094 -0.22413594470267942 4.2400378071833655 10.321522377316144 0.24945061744296787 62.500000000000007 0.26228448275862076 0.4088732468346698 3.9631614848854748 0.62168430700939459 0.25506410256410261 177.50000000000003 7.5000000000000009 0.78827997543455897 0.27060185185185187 15.500000000000002 -0.88083373096193518 821.01250000000016 0.47687500000000005 681.50000000000011 0.40010151653259912 152.50000000000003 0.47500000000000003 7.3701457127802295 1.0000000180025095e-35
decision_type=2 2 2 2 2 2 2 2 2 2 2 2 2 2 2 2 2 2 2 2 2 2 2 2 2 2 2 2 2 2
left_child=-1 -2 3 4 6 -6 -3 8 -4 10 11 12 13 -10 -12 26 17 -17 19 21 -18 27 23 -23 -9 -16 -11 -15 -27 -20
right_child=1 2 7 -5 5 -7 -8 24 9 15 14 -13 -14 18 25 16 20 -19 29 -21 -22 22 -24 -25 -26 28 -28 -29 -30 -31
leaf_value=0.0035107214852297211 0.0019028544506259162 -0.094831136095867838 -0.0021195036186647427 0.001448931282601572 -0.0015137038692583835 0.036798170615377122 0.010051862409615208 0.001316621105272982 -0.019219419307171942 0.001873667732876775 0.0034215790579420792 -0.04879118466398729 -0.077287900633334128 -0.080304737498736067 -0.014549142073989194 0.010542012192300564 -0.081861083041374252 0.041091804415938966 -0.10078571460498215 -0.050049846077451457 -0.0046149331778524098 0.076355919782703785 0.049903734930948178 0.0021242567040293293 0.048812777663241283 -0.015033807068206971 -0.057714205944607244 0.024894364049852461 0.027192719426425649 -0.0019672012811381605
leaf_weight=572.11564075900242 1432.0170399202034 1.6376645900309088 4354.9728729281342 916.55460556363687 14.025940100662408 22.200729142408818 1.1436376520432521 921.47277467465028 27.628315461799502 362.78298938367516 202.20521983504295 8.8042245958931726 1.9605547413229931 1.4725132081657712 56.58149995887652 116.84640810545534 1.3852184638381029 11.002235723659394 1.2162043089047068 2.2599512543529263 16.219242877792567 1.4978014603257275 7.2503698244690886 15.029387383721767 3.2385965324938288 6.5085661001503459 2.0325126759707919 1.1265816073864696 9.1868046573363227 1.6008646320551632
leaf_count=8314 22163 30 135758 14032 232 268 25 15035 589 6342 3588 210 53 35 1052 1771 31 134 28 63 264 15 101 263 19 111 44 17 106 27
internal_value=6.5255e-11 -0.000235692 -0.000667639 0.00207201 0.0167122 0.0219649 -0.0517045 -0.00109441 -0.0015519 0.0013406 -0.00264982 -0.0133581 -0.0082476 -0.00595659 7.51034e-05 0.00403333 0.0102827 0.013171 0.00569323 0.0106437 -0.0106931 0.0158439 0.0213694 0.00885161 0.00148297 -0.00928716 0.00154168 -0.034706 0.0096822 -0.0446298
internal_weight=9093.98 8521.86 7089.84 955.563 39.008 36.2267 2.7813 6134.28 5209.57 854.597 344.329 69.8468 61.0425 59.082 274.482 510.269 145.453 127.849 31.4537 28.6366 17.6045 26.3767 23.7776 16.5272 924.711 72.2769 364.816 2.59909 15.6954 2.81707
internal_count=210720 202406 180243 14587 555 500 55 165656 150602 14844 6258 1401 1191 1138 4857 8586 2200 1905 549 494 295 431 379 278 15054 1269 6386 52 217 55
is_linear=0
shrinkage=0.05


Tree=81
num_leaves=31
num_cat=0
split_feature=13 6 47 38 37 9 30 43 48 34 15 42 14 29 11 47 25 5 24 43 31 43 0 43 28 29 11 29 13 33
split_gain=2.95579 2.41325 2.82317 4.02106 3.65593 3.32829 3.35421 4.03636 3.43781 3.56513 3.84902 3.14895 3.11109 3.07897 3.43115 3.81291 6.41661 3.04097 4.9163 2.9892 3.58327 2.94194 4.39996 2.91186 3.74582 2.812 2.78058 2.77138 4.62177 3.97724
threshold=-0.029373859306974646 32.500000000000007 0.92515918404679642 0.024621212121212054 0.50384868421052642 753.50000000000011 0.25633012820512824 0.39725576506055899 0.10663593827557351 72.312500000000014 6.5875208155157177 0.39828505717306961 11.211130010037225 0.2585144927536232 4.008892212806896 0.31054199830315776 4.9942217359861667 19.500000000000004 3.5000000000000004 0.40041125768060043 0.25612500000000005 0.40123654199341019 168.50000000000003 0.40173786764881031 0.00093179326611755008 0.24084928229665073 4.0196696510503225 0.26027526395173456 -0.85545174010946246 1.385237448768317
decision_type=2 2 2 2 2 2 2 2 2 2 2 2 2 2 2 2 2 2 2 2 2 2 2 2 2 2 2 2 2 2
left_child=1 -1 5 4 -4 6 8 -8 9 -3 11 -11 21 14 15 16 -9 -17 -19 20 -14 -12 -23 -21 26 -10 -25 28 29 -6
right_child=-2 2 3 -5 27 -7 7 13 25 10 12 -13 19 -15 -16 17 -18 18 -20 23 -22 22 -24 24 -26 -27 -28 -29 -30 -31
leaf_value=0.00034195326095240556 -0.0013294924024017136 0.063098541144306672 0.0063115843004124053 -0.0058359002408219915 -0.078057699442934114 -0.045923849911357041 0.022032095410763092 0.023107128143286269 0.011885324647739082 0.043138118090425656 0.013912869641924567 -0.013504782904197599 -0.09041355694032617 0.0060635074037018724 -0.048065903157785667 0.0057289919132402882 -0.071312042055199434 0.020198433663189751 -0.062798454210728702 0.05664984508019856 0.0097387730175636737 -0.079549395203355897 0.029012818648401179 -0.030166163673778681 0.039294271472948471 -0.0027473234543748996 0.027893457877300461 0.042913054309287268 0.025434141916421061 0.0046003283865799554
leaf_weight=5755.243856584304 2859.8595978741068 3.7862749323248854 66.522962959483266 32.447202825918794 2.0579016711562828 3.6850087291095397 10.080888053402303 2.6074288738891465 46.238762602675706 13.074216798879208 2.9378489963710335 3.0205347146838895 1.4681892860680847 17.083508715499192 8.2222954137250763 21.561844657640908 5.8063903637230396 2.8854457754641762 4.6752083916217089 4.111465601250532 2.2800332009792328 3.4143683081492782 1.2844176217913625 6.1869833832606655 6.2356492327526203 113.24550238484517 3.0931690782308578 14.144248852506278 30.064356260932986 4.9698560573160648
leaf_count=120255 83209 25 1125 652 49 59 175 38 840 121 37 40 29 277 154 402 94 38 87 30 25 60 16 81 52 2019 28 165 467 71
internal_value=-9.50248e-12 0.000614001 0.00419527 0.00974903 0.0140433 0.00128846 0.00190257 -0.00733822 0.0051057 0.0164203 0.0126685 0.0325078 0.00237226 -0.0120497 -0.0188121 -0.012404 -0.0420517 -0.0038385 -0.0311235 0.011424 -0.0294912 -0.0253348 -0.0498738 0.0192376 0.00932384 0.00149507 -0.0108143 0.0240818 0.0169009 -0.019604
internal_weight=9052.3 6192.44 437.192 150.207 117.759 286.985 283.3 72.923 210.377 50.8932 47.1069 16.0948 31.0121 62.8421 45.7586 37.5363 8.41382 29.1225 7.56065 23.3755 3.74822 7.63663 4.69879 19.6273 15.5158 159.484 9.28015 51.2364 37.0921 7.02776
internal_count=210720 127511 7256 2529 1877 4727 4668 1265 3403 544 519 161 358 1090 813 659 132 527 125 245 54 113 76 191 161 2859 109 752 587 120
is_linear=0
shrinkage=0.05


Tree=82
num_leaves=31
num_cat=0
split_feature=6 11 26 6 11 11 25 37 17 13 5 0 0 14 15 8 42 38 16 20 33 33 31 42 13 20 37 36 36 36
split_gain=3.65766 3.13866 3.30827 2.83524 2.54923 3.4774 6.89156 7.52234 5.4137 4.08658 4.07382 3.61711 3.54026 3.71559 5.38106 3.50124 3.45379 3.27747 3.22741 3.07601 3.06511 4.41545 3.4531 2.82513 2.63364 3.46673 4.78019 3.22367 2.73417 2.80445
threshold=32.500000000000007 4.2774291896144776 0.31500000000000006 25.500000000000004 4.3240088680229531 4.294656851768921 7.4443752121564595 0.49869932432432434 20.500000000000004 -0.80909553363056064 13.500000000000002 31.500000000000004 41.500000000000007 7.3031237267338964 3.7441275744700375 113.50000000000001 0.31990457158339425 -0.0037749287749287495 25.500000000000004 8.5000000000000018 1.3845831072358821 1.3848049296034379 0.26363175675675682 0.34225545057285106 -0.64105255458350563 1.5000000000000002 0.51187343358395998 4.823214285714287 5.2875000000000005 4.9739864864864876
decision_type=2 2 2 2 2 2 2 2 2 2 2 2 2 2 2 2 2 2 2 2 2 2 2 2 2 2 2 2 2 2
left_child=1 2 -1 4 5 6 8 -8 12 -7 11 17 -3 14 -14 -15 19 -10 -16 -11 23 22 -22 -13 27 26 28 -18 29 -26
right_child=-2 3 -4 -5 -6 9 7 -9 10 16 -12 20 13 15 18 -17 24 -19 -20 -21 21 -23 -24 -25 25 -27 -28 -29 -30 -31
leaf_value=0.0030656327032279364 0.0039197095022611879 0.033281080937480362 -0.00090181372438727706 0.0072193982814155871 -0.00083865327142392551 0.02848333498162749 0.0019075530067888876 -0.07590512811884681 -0.090390128833139863 -0.04496906829532623 -0.053122914232773599 -0.010168470817918534 -0.01360551989499258 -0.04056589134830025 -0.094723141886203746 0.035579492864990618 -0.052849176690439738 0.026946637053793257 -0.003894280008762459 0.053365000106617745 -0.10935798634274935 0.015611269418905609 0.0051888785483058296 0.047212904406796583 -0.0032720261242324463 0.029603663625122928 0.041331235627303571 0.011723710332874995 0.053070853463002943 -0.04729899363872285
leaf_weight=568.38015948282555 558.41530147241428 3.4436965137720135 6954.0666177668609 233.90525563620031 542.97174344491214 28.982260880991817 6.4850273896008712 5.9607874508947134 1.4814399951137605 5.1950363670475772 2.2296594204381099 2.5826086448505512 11.061665037181234 2.2665436635725191 4.2773963678628197 4.5206434950232506 3.5003644917160264 0.99473505094647308 1.2679264433681963 0.93902880325913418 1.3035145364701741 34.990065921097994 1.3284628475084899 12.660740621387957 13.611415423452863 20.425531056709588 5.9877877272665492 4.3160142106935382 1.6041758731007565 4.9260219102725378
leaf_count=6656 10085 33 180378 2315 8900 254 66 80 37 145 43 54 187 48 91 35 56 15 18 8 23 408 18 95 214 240 69 53 14 82
internal_value=-7.08989e-12 -0.000257944 -0.000602042 0.00242935 0.000893095 0.00593913 -0.000626283 -0.03536 0.00449507 0.013045 0.0131406 0.0158103 -0.014051 -0.0210184 -0.0337572 0.0101512 0.00565006 -0.0432533 -0.0739553 -0.0299157 0.0185768 0.0109134 -0.0515417 0.037491 0.00966252 0.0141715 0.00210816 -0.0171936 -0.00955225 -0.0149715
internal_weight=9044.08 8485.67 7522.45 963.22 729.314 186.343 96.8549 12.4458 84.4091 89.4876 57.5712 55.3416 26.8379 23.3942 16.607 6.78719 60.5054 2.47618 5.54532 6.13407 52.8654 37.622 2.63198 15.2433 54.3713 46.5549 26.1294 7.81638 20.1416 18.5374
internal_count=210720 200635 187034 13601 11286 2386 1251 146 1105 1135 693 650 412 379 296 83 881 52 109 153 598 449 41 149 728 619 379 109 310 296
is_linear=0
shrinkage=0.05


Tree=83
num_leaves=31
num_cat=0
split_feature=6 11 16 4 30 31 34 28 0 47 13 34 20 29 37 27 43 37 14 11 40 17 14 42 0 28 31 29 36 48
split_gain=3.00649 2.96189 2.68139 2.74709 3.74429 2.99133 2.76554 2.59746 3.90344 3.13299 4.27382 3.49713 2.63271 2.50916 2.43999 2.99918 3.62304 3.59053 2.45388 2.39403 2.95648 3.20415 3.74688 3.83873 3.50502 3.32831 3.29604 3.16819 3.0678 2.66725
threshold=32.500000000000007 4.2774291896144776 16.500000000000004 7.5000000000000009 0.27562500000000006 0.28325431034482768 73.389200561009844 -0.0014620773834265997 184.50000000000003 0.79800107265899156 -0.9250426418708606 72.112500000000011 1.5000000000000002 0.22437500000000002 0.52622023809523821 0.068410994638027009 0.40438654829162984 0.49107954545454552 9.5774995475423328 3.8202430785048107 2.5000000000000004 22.500000000000004 12.262171321413588 0.39941924512010035 85.500000000000014 0.0026364241826743505 0.2462019230769231 0.25062500000000004 4.4875000000000007 0.12771908674288421
decision_type=2 2 2 2 2 2 2 2 2 2 2 2 2 2 2 2 2 2 2 2 2 2 2 2 2 2 2 2 2 2
left_child=1 2 -1 -4 5 -5 13 8 9 14 -11 -12 -13 -6 15 -2 17 -17 -18 29 28 24 23 27 -22 26 -26 -23 -21 -9
right_child=7 -3 3 4 6 -7 -8 19 -10 10 11 12 -14 -15 -16 16 18 -19 -20 20 21 22 -24 -25 25 -27 -28 -29 -30 -31
leaf_value=0.0018219449945438609 0.009964860145072028 0.0023814445922701196 -0.0013421593827289435 0.0016013538788193765 -0.0088120481533424232 -0.02502796402787575 -0.045789144582434355 0.016662282746116853 -0.017495987623186621 -0.061894568778767228 -0.048704661395431621 0.031259453724477013 0.009831262123651395 0.042148682919148715 -0.040477129815651713 -0.00028302637629452692 0.062643374651154007 -0.073042158860061698 -0.019027491782109423 0.0094740384646030892 0.032149685333603205 -0.030001118804332656 -0.078022513708273011 -0.033881375538429896 0.032149841388980242 0.03118273818114083 -0.016406317000379891 0.028545801526467303 -0.0076994511522090392 0.0021077738138133868
leaf_weight=1011.9689755970612 73.612840730231255 957.33179203467444 5647.3930450633634 813.68479642714374 3.0401514861732748 10.684394754469393 1.2494138237088908 44.205759464297444 12.999930453021078 1.5787504836916912 1.7307516373693932 38.886262752581388 22.702729407697916 11.754732448607681 2.8711598650552324 3.0994735118001682 1.8229996832087638 3.7435574112460017 1.8562071016058324 31.200584776699543 17.656569054350257 3.085222998633987 1.8011172236874688 6.4098486467264584 4.4031510297209087 8.141307960264383 16.944892469793558 9.204354986548422 156.15138079645112 109.33008085703477
leaf_count=15033 1127 13601 156257 15234 79 228 28 690 275 26 33 564 428 175 63 84 25 121 37 515 230 66 36 143 56 88 303 130 2851 2194
internal_value=6.53072e-12 -0.000237561 -0.000571872 -0.00094526 0.00172181 0.00125622 0.0256444 0.00350357 0.00880019 0.0110506 0.0193648 0.0213909 0.0233607 0.0316769 0.00484897 0.00639575 -0.0185735 -0.0400867 0.0214394 0.00136559 -0.00160441 0.00735533 -0.00914691 -0.00251285 0.014531 0.00398197 -0.00639134 0.013848 -0.00483947 0.00629828
internal_weight=9030.55 8457.11 7499.78 6487.81 840.413 824.369 16.0443 573.439 164.905 151.905 64.8985 63.3197 61.589 14.7949 87.0062 84.1351 10.5222 6.84303 3.67921 408.534 254.998 67.6465 20.5005 18.6994 47.1459 29.4894 21.348 12.2896 187.352 153.536
internal_count=210720 200635 187034 172001 15744 15462 282 10085 2783 2508 1051 1025 992 254 1457 1394 267 205 62 7302 4418 1052 375 339 677 447 359 196 3366 2884
is_linear=0
shrinkage=0.05


Tree=84
num_leaves=31
num_cat=0
split_feature=6 28 0 47 38 38 16 47 31 25 9 13 36 16 26 35 33 29 20 13 11 9 29 14 31 15 25 36 35 29
split_gain=4.04794 2.95058 3.42857 2.71199 2.70393 2.88406 2.70362 2.95602 3.28598 3.76352 3.13804 2.88177 3.1114 2.83354 3.68365 3.81466 3.51266 3.49753 4.19672 3.97213 7.35895 4.74228 4.70436 5.12336 5.06237 5.00183 4.13782 4.11424 3.8714 3.47289
threshold=32.500000000000007 -0.0014620773834265997 184.50000000000003 0.92266384902366305 0.028801843317972305 0.030384615384615354 17.500000000000004 0.79952036998861487 0.22062500000000004 2.156298536629444 720.50000000000011 -1.0190592962650822 4.5968750000000007 9.5000000000000018 0.27500000000000008 827.01250000000016 1.3830889033846063 0.23933982683982682 -1.0000000180025095e-35 -0.84436280003344677 3.9431893238861533 294.50000000000006 0.24354166666666668 7.6271011678086262 0.24254629629629629 3.9563003406177661 10.562191577602585 4.873397435897437 788.47500000000014 0.25732142857142865
decision_type=2 2 2 2 2 2 2 2 2 2 2 2 2 2 2 2 2 2 2 2 2 2 2 2 2 2 2 2 2 2
left_child=6 2 3 -2 -5 -6 7 8 9 -1 13 12 -8 29 15 16 -15 18 -16 20 -19 28 -22 24 -24 -26 -23 -25 -21 -9
right_child=1 -3 -4 4 5 -7 11 10 -10 -11 -12 -13 -14 14 17 -17 -18 19 -20 21 22 26 23 27 25 -27 -28 -29 -30 -31
leaf_value=0.010038650657433739 0.0066684324542624299 0.0017411719316971809 -0.016455281750689606 0.026651086685347686 -0.073508992390849459 0.0081696485576287191 -0.0252134842692202 0.0061905819946644763 0.00360115007775413 -0.047695888559275056 0.011013862850180049 -0.00080084407063014246 0.013194892451662721 0.034458488806376149 -0.013333886036296727 0.016797672142663936 -0.018179276302149296 -0.012576966027985187 0.018563652170043694 -0.065486157512505749 0.050489271561247079 -0.005316079126025261 0.020465161207506133 0.0070887311032943635 0.013162356692939732 -0.077304319557652768 -0.065484637237073637 0.043745533987206001 0.011522471484322058 0.057948917612844923
leaf_weight=4.9002485657110793 101.63642613729462 403.82297539361753 11.750181974843143 42.260787521023303 1.1811148291453708 12.719251873902975 5.7881035101599982 26.214603916043419 964.94414849835448 6.6577301248908043 47.89298751950264 6821.0271240922157 59.230033933185041 3.3055113158188751 85.551750790327787 9.9575515640899521 76.990506544709206 22.813639713451266 11.725101867690681 1.675078598782419 10.988311299122868 163.27570032142103 5.8537892214953882 15.841884241905065 2.4368290863931179 4.0961927594617009 2.9083077916875473 14.811071538366376 63.511770254466683 3.6981355901807538
leaf_count=85 1633 7302 275 601 30 244 100 289 15002 106 666 175302 622 39 1717 112 952 333 163 48 99 3113 57 200 33 74 50 132 1316 25
internal_value=4.2938e-11 0.00406528 0.00960077 0.011541 0.020359 0.00122941 -0.000276302 0.00161032 0.00328371 -0.0232181 -0.00123875 -0.000700981 0.00977567 -0.0023551 -0.00325684 -0.0123925 -0.0160124 -0.00122344 -0.00948917 0.00138536 0.0112348 -0.00188579 0.0212895 0.0138346 -0.0133029 -0.0435601 -0.00636906 0.0248008 0.00954361 0.0125895
internal_weight=9009.47 573.371 169.548 157.798 56.1612 13.9004 8436.1 1550.05 976.502 11.558 573.549 6886.05 65.0181 525.656 495.743 90.2536 80.296 405.489 97.2769 308.213 76.8417 231.371 54.0281 43.0398 12.3868 6.53302 166.184 30.653 65.1868 29.9127
internal_count=210720 10085 2783 2508 875 274 200635 24611 15193 191 9418 176024 722 8752 8438 1103 991 7335 1880 5455 928 4527 595 496 164 107 3163 332 1364 314
is_linear=0
shrinkage=0.05


Tree=85
num_leaves=31
num_cat=0
split_feature=13 26 6 36 6 24 46 47 13 35 13 0 20 16 42 37 11 34 14 43 16 13 48 38 35 0 17 0 0 14
split_gain=2.98917 2.75088 2.74448 3.00928 3.52676 3.18947 2.7535 4.085 3.51506 2.95263 2.92343 3.81477 2.89053 3.2424 2.64614 2.59704 2.78488 8.2864 3.58654 2.58948 2.5672 3.34277 2.92026 3.37922 4.50664 3.41803 3.04725 2.88843 4.09342 3.81076
threshold=-0.029373859306974646 0.18500000000000003 32.500000000000007 4.4875000000000007 36.500000000000007 4.5000000000000009 1.0000000180025095e-35 0.81059506323900499 -0.20899401985694152 820.68750000000011 -0.893707178426835 46.500000000000007 -5.4999999999999991 15.500000000000002 0.40136751959172251 0.51986842105263176 3.7653752574803891 73.8232142857143 11.671189415970122 0.40547734225860421 18.500000000000004 -1.0190592962650822 0.25333967049235429 -0.061249999999999992 788.47500000000014 94.500000000000014 15.500000000000002 33.500000000000007 127.50000000000001 11.307894049112555
decision_type=2 2 2 2 2 2 2 2 2 2 2 2 2 2 2 2 2 2 2 2 2 2 2 2 2 2 2 2 2 2
left_child=2 19 20 4 15 -6 12 10 -9 -10 11 -8 13 -5 -12 16 17 18 -4 -2 22 -22 23 24 26 -26 -1 -24 -29 -30
right_child=1 -3 3 6 5 -7 7 8 9 -11 14 -13 -14 -15 -16 -17 -18 -19 -20 -21 21 -23 27 -25 25 -27 -28 28 29 -31
leaf_value=0.022070482293160623 0.0078714981097493045 -0.0014409420555403969 0.038148063952935171 0.03537929615045441 0.0012287332764878232 -0.067269630498015709 -0.063221502288771866 0.0054065321607288629 0.050768614621381519 -0.027985828806920063 -0.0054964735037370607 0.015070602259956212 0.016832976316132689 -0.068037715189768297 -0.054303002030838723 -0.019524911481004062 0.027689312075574651 -0.057682712187869425 -0.029967523693716427 0.062582439383184918 0.011278922615372665 -0.00048011285563925843 0.011706255897289053 0.0043341925326343357 0.010365768553640652 -0.095399285901718145 -0.015790299695781131 -0.0060569714697642722 0.0041128834970409053 -0.034320916363427732
leaf_weight=7.3095691082999172 7.0832873210310918 2815.3600888319779 9.5331123480573314 1.1721714073792093 7.4746147599071247 2.1994782453402877 1.6473964480683232 132.58007820090279 7.3719282653182727 1.419274467974901 161.97333082789555 28.003263511694968 46.217450035037473 2.1446146834641695 2.8255764264613381 4.2695240685716263 41.799547982867807 4.1472043879330149 2.4238746222108594 3.1133330445736647 61.325688938610256 4170.2965307105333 42.46798770967871 912.87524995789863 1.0804305803030723 2.6073651760816574 19.472516775829718 269.91757695004344 224.50207807915285 6.6402445454150429
leaf_count=78 64 83123 121 10 126 41 38 2097 107 42 2975 372 492 47 56 77 531 84 40 22 673 97656 632 12800 12 59 311 4405 3514 115
internal_value=-1.28815e-11 -0.00134705 0.000616315 0.00434404 0.0137385 -0.0143449 0.00259249 0.000969259 0.00743674 0.0380543 -0.00373281 0.0107207 0.0135973 -0.0314895 -0.00633329 0.0181082 0.0208831 0.00321719 0.0243399 0.0245764 0.000318278 -0.000309698 0.00210549 0.00378746 -0.0125925 -0.0644128 -0.00545705 -0.00081374 -0.00187489 0.00300876
internal_weight=9001.25 2825.56 6175.7 457.202 71.8474 9.67409 385.355 335.821 141.371 8.7912 194.45 29.6507 49.5342 3.31679 164.799 62.1733 57.9037 16.1042 11.957 10.1966 5718.5 4231.62 1486.87 943.345 30.4699 3.6878 26.7821 543.528 501.06 231.142
internal_count=210720 83209 127511 7256 1020 167 6236 5687 2246 149 3441 410 549 57 3031 853 776 245 161 86 120255 98329 21926 13260 460 71 389 8666 8034 3629
is_linear=0
shrinkage=0.05


Tree=86
num_leaves=31
num_cat=0
split_feature=6 11 16 13 20 15 13 38 36 35 8 11 32 0 48 8 34 37 0 38 32 12 31 36 30 31 15 15 29 32
split_gain=4.03015 3.24006 2.8015 3.24023 3.76967 6.33542 5.05906 5.05989 4.14247 4.13017 3.9883 4.43354 3.98683 3.79631 3.69388 3.62536 3.59753 5.2409 4.58432 3.50788 3.48333 3.41088 3.38936 3.38231 3.56545 5.46976 3.37753 4.08024 3.36817 8.40354
threshold=32.500000000000007 4.2774291896144776 18.500000000000004 -0.72327724004668725 -4.4999999999999991 7.4960121302419447 -0.8789090401045293 -0.049242424242424143 5.1812500000000012 821.01250000000016 118.50000000000001 3.7104820131135932 0.23354166666666668 200.50000000000003 0.35530501919223118 123.50000000000001 73.722500000000011 0.48232142857142862 188.50000000000003 -0.035241935483870945 0.24802018633540371 14.500000000000002 0.27029138513513523 5.0256578947368427 0.23842261904761902 0.25960526315789473 4.11757331523091 4.3003852774699789 0.25694980694980696 0.24692234848484848
decision_type=2 2 2 2 2 2 2 2 2 2 2 2 2 2 2 2 2 2 2 2 2 2 2 2 2 2 2 2 2 2
left_child=1 2 3 4 5 6 8 -8 10 -7 19 -12 -13 23 16 -10 17 -6 -19 -1 -14 -16 28 24 25 -9 -26 -28 29 -18
right_child=-2 -3 -4 -5 14 9 7 13 15 -11 11 12 20 -15 21 -17 22 18 -20 -21 -22 -23 -24 -25 26 -27 27 -29 -30 -31
leaf_value=-0.035107776152869287 0.0040182099322163224 0.0024612669803404418 -0.001215229820405186 -0.00044704053572095274 -0.019168001599678117 -0.0077513280155844123 0.041599725373091624 0.043238570489490986 -0.08550461663885417 -0.062624443799275162 -0.058424368770200408 0.028655040568588266 -0.021699241275382215 -0.052910643573639921 -0.060904137184933593 -0.0054742613621130238 -0.072659278646642705 0.0074955242226141198 0.037819229308541591 0.019223928562555975 0.0029969009888909659 -0.0069510424902651732 0.034938335963887741 0.025237596803153836 0.029079480149989335 -0.0028995420984456498 -0.056248337613444936 0.0035620321684457553 0.0067192547713788593 -0.0085656844813859576
leaf_weight=3.1977731324732295 583.49525317898951 955.95135367801413 5462.8123693775851 1324.2658790464047 16.677829068154097 22.171372724696997 15.692946783965452 16.469711154699329 2.4768052762374273 4.0565898944623759 3.4888329524546853 9.9743775315582734 21.548082975670695 2.2249528774991623 3.0330693675205103 3.3011165037751198 6.0642582373693577 126.79415378952399 13.822557975538073 41.860734017565846 42.321827350184321 85.676323768217117 4.5157937537878743 41.845858978107572 12.792377105914055 10.531329009681938 2.9415905121713868 93.099762403173372 19.864307789131999 32.641842846293002
leaf_count=48 10085 13601 152464 26099 237 308 158 158 46 82 69 87 311 40 63 43 111 1507 134 464 528 1260 44 464 165 138 49 1264 251 442
internal_value=8.55079e-12 -0.00027905 -0.000630856 0.000978704 0.00384337 0.00739692 0.00931158 0.014371 0.00159049 -0.0162384 0.00354356 -0.00334604 -0.000743816 0.0119958 -0.000180454 -0.0397806 0.00328745 0.00733316 0.0104763 0.015368 -0.00533495 -0.00879576 -0.00679985 0.0128086 0.00897967 0.0252431 0.00494479 0.00173014 -0.0100179 -0.0186075
internal_weight=8985.61 8402.12 7446.16 1983.35 659.086 349.996 323.768 195.599 128.17 26.228 122.392 77.3331 73.8443 179.906 309.09 5.77792 220.381 157.295 140.617 45.0585 63.8699 88.7094 63.0862 177.681 135.835 27.001 108.834 96.0414 58.5704 38.7061
internal_count=210720 200635 187034 34570 8471 4422 4032 2436 1596 390 1507 995 926 2278 4049 89 2726 1878 1641 512 839 1323 848 2238 1774 296 1478 1313 804 553
is_linear=0
shrinkage=0.05


Tree=87
num_leaves=31
num_cat=0
split_feature=16 14 48 4 24 8 28 35 33 31 21 14 13 7 9 28 9 12 14 8 28 6 5 13 34 11 32 17 8 36
split_gain=3.12299 3.74627 2.88614 2.66727 2.6228 3.13552 3.92288 4.52322 3.36168 3.24963 3.61878 3.22443 3.16506 4.31593 3.0864 3.18055 3.14989 3.68952 4.2882 3.6473 4.14145 4.06912 4.43253 3.99613 3.62432 4.29714 4.15078 4.48794 3.90167 3.56009
threshold=17.500000000000004 10.278538994610363 0.10974999264584172 12.500000000000002 3.5000000000000004 114.50000000000001 0.0043203846005189011 819.73750000000007 1.3861016428077035 0.25612500000000005 1.0000000180025095e-35 9.790794076620454 -0.84839235192138884 45.500000000000007 730.50000000000011 0.0047063009910042015 590.50000000000011 25.500000000000004 9.5774995475423328 124.50000000000001 0.00035601702247320003 24.500000000000004 13.500000000000002 0.27952534360520359 73.722500000000011 4.008892212806896 0.25933499288762446 25.500000000000004 137.50000000000003 4.7958333333333343
decision_type=2 2 2 2 2 2 2 2 2 2 2 2 2 2 2 2 2 2 2 2 2 2 2 2 2 2 2 2 2 2
left_child=-1 2 4 -3 -2 6 7 12 14 10 -9 -10 13 -6 16 -16 19 -18 -19 20 -7 22 29 -22 28 26 27 -26 -23 -21
right_child=1 3 -4 -5 5 8 -8 9 11 -11 -12 -13 -14 -15 15 -17 17 18 -20 21 23 24 -24 -25 25 -27 -28 -29 -30 -31
leaf_value=0.001970977731482157 0.00013803848101852896 0.0024027847009618509 -0.001431178183955566 -0.041549194592116596 -0.04785633590948303 0.0034449890385266583 0.048422999510003971 -0.074540432645393284 -0.015319014021198174 0.009939519696880254 0.012618856256901151 -0.10406951582817613 0.029027400713133613 0.02858331483410775 -0.071545331246220686 0.039989031708110578 0.028780203472858548 0.010653283408138833 -0.057278373972646339 -0.021068616221121828 -0.027486752869863351 0.017456155217803252 0.052359106380413835 0.062836054904439734 -0.058987708509980911 -0.07054105839113213 0.030036963137349743 0.035487166672418642 -0.031392011581193861 0.029781329516429717
leaf_weight=1641.9402367915027 937.21249911887571 1086.4339871336706 5067.352740801638 3.4628437217324963 3.5683369366452089 36.717021935619414 8.3213376002386195 3.5086547341197711 6.3657983290031543 5.4740783115848899 1.8027972970157859 1.2194623993709681 24.473305943422023 3.8271954013034701 2.5019546244293447 0.85850830888375629 26.089100347831845 12.17255856329575 2.8710506213828912 5.9463190343230989 23.941720201633874 27.078797449357811 9.6313572498038393 1.2905852217227209 4.4309795489534718 3.2733374107629052 4.7294462267309427 1.7549222484230993 4.8146658800542346 8.1731738215312344
leaf_count=25827 16390 17900 147256 53 56 532 84 71 101 65 23 20 305 50 66 12 279 153 52 116 394 381 88 15 93 70 62 23 80 103
internal_value=3.30122e-12 -0.000441547 -0.000914 0.00226314 0.00132202 0.00604717 0.0170197 0.0108933 0.00300503 -0.0170949 -0.0449571 -0.0295872 0.0203654 -0.00829874 0.0044075 -0.0430513 0.00532982 0.017409 -0.00231137 0.00155961 -0.00727199 0.00939418 0.0262061 -0.0228669 0.000729286 -0.0202938 -0.00522548 -0.0321855 0.010082 0.00836625
internal_weight=8971.24 7329.3 6239.4 1089.9 1172.05 234.836 50.9757 42.6544 183.861 10.7855 5.31145 7.58526 31.8688 7.39553 176.275 3.36046 172.915 41.1327 15.0436 131.782 61.9493 69.833 23.7509 25.2323 46.0821 14.1887 10.9153 6.1859 31.8935 14.1195
internal_count=210720 184893 166940 17953 19684 3294 654 570 2640 159 94 121 411 106 2519 78 2441 484 205 1957 941 1016 307 409 709 248 178 116 461 219
is_linear=0
shrinkage=0.05


Tree=88
num_leaves=31
num_cat=0
split_feature=13 16 48 6 37 37 20 37 31 13 11 25 36 13 9 33 36 7 29 11 0 34 20 24 28 8 28 30 14 37
split_gain=3.20789 2.59814 2.63144 3.19136 5.37581 4.19037 3.37885 4.28688 2.98739 2.85838 2.82894 5.18816 2.79368 2.67948 2.62305 4.91479 4.54086 3.25333 3.25244 4.58807 3.5161 2.9485 2.77519 2.65647 3.16808 2.56338 5.38563 4.23166 4.67017 3.53313
threshold=-0.029373859306974646 18.500000000000004 0.10909559594946532 31.500000000000004 0.4668750000000001 0.5279166666666667 5.5000000000000009 0.51623310810810819 0.28812500000000002 -1.0190592962650822 3.9651365367474276 9.8123872197221758 4.8480769230769232 -0.036189544498139291 403.50000000000006 1.3849528785852414 5.048809523809525 52.500000000000007 0.24354166666666668 3.9700726751624962 94.500000000000014 73.356818181818184 2.5000000000000004 5.5000000000000009 0.00058450104555095013 137.50000000000003 -0.0025581103823516995 0.2522321428571429 9.3093670900996663 0.49620192307692312
decision_type=2 2 2 2 2 2 2 2 2 2 2 2 2 2 2 2 2 2 2 2 2 2 2 2 2 2 2 2 2 2
left_child=1 -1 3 8 -5 6 14 10 13 -4 -8 -12 -7 25 17 16 22 -6 19 20 -19 -22 -16 24 -20 -3 -27 -28 -29 -30
right_child=-2 2 9 4 5 12 7 -9 -10 -11 11 -13 -14 -15 15 -17 -18 18 23 -21 21 -23 -24 -25 -26 26 27 28 29 -31
leaf_value=0.0023777386989161241 -0.0014004153235368214 0.0021865251868825194 0.010315286390729919 -0.074074588117686954 -0.058755779366660169 -0.00046377518130162306 0.060841521155877459 -0.026383300348187557 -0.065400099825784097 -0.00069037649812352347 -0.03711248241227575 0.056054043329584836 -0.10439683910100046 0.034937047737216335 0.025807632844671198 0.038226215214865869 -0.061098481280501743 -0.066327706842221987 -0.016652035432186473 -0.077165012571419514 0.042294847307659485 -0.02680628226763293 -0.035157514410583651 0.066598944349991834 0.035481094521843545 0.030408067113635886 -0.036817020937084097 0.020716461145058776 0.033143686971540513 -0.067264084892722537
leaf_weight=1592.8848393459339 2806.983600191772 655.51138533162884 59.949772973544896 1.7689635036513198 2.2443784456700113 1.4042648086324327 9.8680269643664413 2.4813738241791716 1.6601714910939325 3711.2160856407136 2.5409716982394448 3.6275838576257229 1.1982839815318582 6.0300917364656916 8.3114518593065458 16.909410960040987 2.6393095161765805 1.5660438807681218 5.7473455648869258 2.4278197390958658 4.2091764621436596 2.4378020185977221 2.4073435589671126 2.4980007745325556 5.9114758977666497 6.4017092613503328 16.877146923914555 9.3248954536393267 1.1850055260583747 3.3611658625304699
leaf_count=23219 83209 10090 643 38 37 19 66 31 31 91933 35 29 21 78 96 148 40 34 94 43 35 28 32 16 66 95 298 134 17 65
internal_value=-8.76017e-12 0.000639739 3.15219e-05 0.00267403 0.0121218 0.014066 0.0162071 0.0347748 0.00159214 -0.000515421 0.0442379 0.0176766 -0.0483174 0.00175132 0.0102075 0.0203184 -0.00235027 -0.00110946 0.00410797 -0.0167784 0.0010722 0.0169518 0.0121154 0.019807 0.00978149 0.00146241 -0.0113145 -0.0200011 0.000459124 -0.0410918
internal_weight=8951.58 6144.6 4551.72 780.551 80.199 78.4301 75.8275 18.518 700.352 3771.17 16.0366 6.16856 2.60255 698.691 57.3096 30.2675 13.3581 27.042 24.7977 10.6408 8.21302 6.64698 10.7188 14.1568 11.6588 692.661 37.1499 30.7482 13.8711 4.54617
internal_count=210720 127511 104292 11716 908 870 830 161 10808 92576 130 64 40 10777 669 316 168 353 316 140 97 63 128 176 160 10699 609 514 216 82
is_linear=0
shrinkage=0.05


Tree=89
num_leaves=31
num_cat=0
split_feature=48 24 17 16 37 28 43 14 11 16 34 30 9 14 6 42 35 37 13 37 15 21 33 32 11 25 12 28 6 9
split_gain=3.26515 3.61753 4.22247 3.61369 3.12207 2.97809 3.01216 2.97083 3.47176 3.23108 3.71115 3.55282 3.58727 3.42924 2.96154 2.81491 2.88411 2.9217 2.97157 3.2764 2.76863 4.70457 5.4643 4.43895 3.87752 5.04921 3.78975 3.70216 3.68152 3.2267
threshold=0.10663593827557351 3.5000000000000004 10.500000000000002 13.500000000000002 0.45937500000000003 -0.005212338759052749 0.40795137257246733 10.278538994610363 4.2774291896144776 16.500000000000004 74.762500000000017 0.22738636363636364 168.50000000000003 8.5368750953360628 25.500000000000004 0.35539992428270123 824.15000000000009 0.50872282608695663 0.79745830136709606 0.48666429587482224 6.736130248415038 1.0000000180025095e-35 1.3830889033846063 0.22895833333333335 3.8534380859215789 5.1449915195845177 17.500000000000004 0.0015856267890716502 30.500000000000004 291.50000000000006
decision_type=2 2 2 2 2 2 2 2 2 2 2 2 2 2 2 2 2 2 2 2 2 2 2 2 2 2 2 2 2 2
left_child=1 3 -3 5 -5 -1 -7 8 9 10 11 12 -2 14 15 -14 -17 18 19 -18 24 22 -22 -23 25 -4 -26 28 -25 -29
right_child=7 2 20 4 -6 6 -8 -9 -10 -11 -12 -13 13 -15 -16 16 17 -19 -20 -21 21 23 -24 27 26 -27 -28 29 -30 -31
leaf_value=-0.057584009328605058 0.060117319927860159 -0.057297116669284776 0.0088755867722294986 -0.03370859485754759 0.00037794881608344748 0.023788932320460116 -0.030393588829716774 0.0019337983550256127 0.0022509115858955001 -0.0018027029783068166 -0.04968688262471007 0.0010549591474938178 -0.054324900645294542 -0.015754855780484561 0.052128975273647286 0.050167931448286664 0.0093907842559531607 0.052451004543536545 0.036801948412238897 -0.054086690161472308 -0.038797544830227883 0.036724209835854289 0.0082462317453775944 -0.034179332639583372 -0.022559696505191608 0.045334949122912735 0.008988466901619167 -0.0052348966515992643 0.0096040540912939662 -0.084780894369292037
leaf_weight=1.3077061306685198 4.212831048294901 2.5893335319124153 21.895080273039639 6.7608991647139183 1049.8222460311372 31.056760048028082 2.7960075363516799 1132.4306057333015 791.37158722383901 4690.7972786892205 3.5190197406336656 804.52727652643807 1.5078743547201217 8.7718138848431391 5.732628001831471 4.779577441513541 4.1412812443450076 2.6292774323374024 2.9513394497334948 3.9927001763135195 6.5157439718022934 3.4139699544757631 117.21846924629062 10.159328893758362 10.054612182080744 16.768962851725519 178.77964658709243 1.8863106025382865 9.1033098734915239 3.9328877199441195
leaf_count=15 38 50 323 185 17480 276 34 18653 11455 144966 81 12080 21 134 60 39 66 29 39 77 123 34 1399 169 181 171 2327 28 111 76
internal_value=-6.06347e-12 0.00215038 0.00633606 0.000684595 0.000159835 0.0164538 0.0193138 -0.000424827 -0.000846854 -0.00128955 0.00155311 0.00176695 0.016561 0.0112432 0.0204457 0.0113652 0.0167211 0.00506477 -0.00617456 -0.0217682 0.00676997 0.00155076 0.00576894 -0.0167654 0.0102624 0.0246884 0.00730866 -0.024046 -0.0134878 -0.0589958
internal_weight=8935.43 1474.06 382.318 1091.74 1056.58 35.1605 33.8528 7461.37 6328.93 5537.56 846.766 843.247 38.7193 34.5065 25.7347 20.0021 18.4942 13.7146 11.0853 8.13398 379.728 152.23 123.734 28.4958 227.498 38.664 188.834 25.0818 19.2626 5.8192
internal_count=210720 22982 4992 17990 17665 325 310 187738 169085 157630 12664 12583 503 465 331 271 250 211 182 143 4942 1940 1522 418 3002 494 2508 384 280 104
is_linear=0
shrinkage=0.05


Tree=90
num_leaves=31
num_cat=0
split_feature=48 24 0 36 36 26 9 24 37 11 15 13 14 25 8 8 15 11 12 15 30 30 36 8 37 30 36 34 43 28
split_gain=2.87362 3.6479 2.90289 2.8949 3.95638 6.6179 4.6983 3.47942 3.82401 3.02088 3.76536 4.48706 3.81822 4.28575 4.25197 3.56865 3.18678 5.24649 6.40768 3.58147 3.18199 3.49852 3.67662 3.44819 3.11318 3.5411 3.10934 3.0792 2.9757 2.89431
threshold=0.10663593827557351 3.5000000000000004 22.500000000000004 4.4353400222965451 4.5508620689655181 0.23500000000000001 502.50000000000006 4.5000000000000009 0.51623310810810819 3.9095415955081028 5.571121279515749 -0.57239048742045362 7.0957569030489926 2.4984129962686281 121.50000000000001 116.50000000000001 5.8000244006853476 4.1296973064853573 28.500000000000004 5.8165430902194339 0.22775000000000004 0.23285361842105265 4.9110671936758896 122.50000000000001 0.47562500000000002 0.25980769230769235 4.7245689655172418 73.389200561009844 0.40535858865747521 -0.0039337495006966493
decision_type=2 2 2 2 2 2 2 2 2 2 2 2 2 2 2 2 2 2 2 2 2 2 2 2 2 2 2 2 2 2
left_child=1 -1 -3 -4 6 -6 7 28 -9 24 11 -11 -13 -14 15 -15 17 18 -12 -18 -21 22 23 -22 27 29 -27 -7 -5 -26
right_child=-2 2 3 4 5 9 -8 8 -10 10 16 12 13 14 -16 -17 19 -19 -20 20 21 -23 -24 -25 25 26 -28 -29 -30 -31
leaf_value=0.00053553883022616604 -0.00040027767904234453 0.038203319209898702 -0.0074143035163463256 -0.00070880111000034467 -0.081345163383077443 -0.059046352066684654 0.040127449386661969 -0.005340040755349388 -0.10561611650211432 0.03041650568324715 -0.073028942163417529 -0.061351257225858158 0.024289206118946558 -0.047979800162190459 -0.10083056154766155 0.049256974155211922 0.062092933716445226 0.0099643305579932267 0.029421486910455805 0.03024202479953246 -0.074299316901763487 9.491968748124247e-05 -0.10625809787974801 0.021759334313914393 -0.037071913283264632 -0.023416058298963059 0.043461894976275284 0.015405120573804668 0.045637985623307092 0.012770896439301667
leaf_weight=1089.9419887233526 7430.7989006275311 6.9541272148489943 38.381849398836493 8.8309193998575228 2.1951772794127455 2.866401436738669 18.712229723110795 3.7385319089516988 1.274989793077111 23.347851051017642 6.4883324140682799 2.4016009522601989 10.818167821504177 1.9996613375842565 1.5314681772142646 1.7866728156805036 2.3817055225372306 6.8222594615072003 1.9956234786659477 8.3658856190741044 1.5161717068403953 134.34110447671264 1.5367280691862104 2.4340831451117992 3.0455604344606391 1.9603250492364193 15.32223637960851 2.694037894718349 5.6978771686553946 66.71353504108265
leaf_count=17990 187738 71 557 124 37 61 177 52 26 255 121 44 133 33 39 19 22 84 21 91 25 1775 29 28 63 31 145 42 60 827
internal_value=5.91402e-11 0.00201503 0.00619098 0.00560391 0.00706997 0.00515444 0.0222204 0.00507396 -0.0308413 0.0057866 0.00243902 0.0158343 -0.00253175 0.00622266 -0.0305307 -0.00209629 -0.000943315 -0.0226798 -0.0489302 0.00126623 0.000288653 -0.00150345 -0.0406373 -0.0151095 0.0132974 0.0156146 0.0358761 -0.0229745 0.0174674 0.0105948
internal_weight=8906.9 1476.1 386.155 379.201 340.819 302.565 38.2545 19.5423 5.01352 300.369 207.767 41.8854 18.5376 16.136 5.3178 3.78633 165.882 15.3062 8.48396 150.576 148.194 139.828 5.48698 3.95025 92.6021 87.0417 17.2826 5.56044 14.5288 69.7591
internal_count=210720 22982 4992 4921 4364 3925 439 262 78 3888 2719 523 268 224 91 52 2196 226 142 1970 1948 1857 82 53 1169 1066 176 103 184 890
is_linear=0
shrinkage=0.05


Tree=91
num_leaves=31
num_cat=0
split_feature=15 16 31 34 48 14 9 37 14 0 0 36 34 11 15 31 31 7 0 26 42 4 43 32 24 42 16 15 20 17
split_gain=2.79516 3.02237 5.83956 2.85253 2.6614 2.99722 5.08514 4.45965 3.99757 4.67725 3.81583 3.45285 6.32067 3.89816 3.44808 3.72526 4.00611 3.40199 3.45226 3.08199 3.66036 3.76249 3.03623 3.01228 2.92869 3.51779 2.74188 2.8527 2.71201 2.70925
threshold=4.5756411686033927 8.5000000000000018 0.26894221808014912 73.012500000000017 0.10358861162007751 7.4848196866012833 649.50000000000011 0.4898529411764706 8.34889662483228 67.500000000000014 29.500000000000004 4.3944444444444457 73.690981432360758 3.8860984729041852 8.3921654704205491 0.27803571428571433 0.28017857142857144 30.500000000000004 198.50000000000003 0.39500000000000007 0.39812164505050751 6.5000000000000009 0.39851025509191096 0.2549193548387097 2.5000000000000004 0.39729869589280281 17.500000000000004 5.5235707248101438 -4.4999999999999991 13.500000000000002
decision_type=2 2 2 2 2 2 2 2 2 2 2 2 2 2 2 2 2 2 2 2 2 2 2 2 2 2 2 2 2 2
left_child=1 2 -1 -4 5 6 19 -8 10 14 26 12 28 29 15 -10 -17 -12 -19 -2 21 24 -20 -22 -21 -26 -7 -28 -11 -13
right_child=4 -3 3 -5 -6 8 7 -9 9 11 17 13 -14 -15 -16 16 -18 18 22 20 23 -23 -24 -25 25 -27 27 -29 -30 -31
leaf_value=0.046471520341006038 0.033753258544477686 -0.0013967247880993093 0.008064473767185467 -0.05719201245823298 0.00017372971271505279 -0.10704851520813499 -0.10265111686145556 -0.0075348739591455174 0.013101084610843743 0.0059591561902509992 -0.071990547064714541 -0.02737304946908127 0.0055489988919622847 -0.00069962580341192276 -0.039259451338431797 -0.090380374383569065 0.021692163059597012 -0.00088100308085542467 0.024580306788945083 -0.020536453895995371 0.01020375248307534 -0.076652826873093549 -0.072927870735521302 0.055825015651095204 0.017555556819673492 -0.057032950700479645 -0.043453380531527315 0.033609474798096915 -0.063292518957135405 0.011211785306836218
leaf_weight=9.2949281306937355 19.345018556341529 2889.3590969608631 5.4138618977740398 2.424653947353363 5095.9265565983951 1.2145503638312209 1.486008845269678 7.2192392558790743 169.27027456974611 1.7539777066558597 1.745379615575074 4.7250994346104553 11.948081164620815 294.58593655470759 3.3330245115794233 1.8117870874702924 1.4241604339331386 188.5395530150272 1.0844817683100689 8.392225709743796 7.6534581901505572 1.4528005458414543 3.0258278278633952 6.8626887090504169 26.5205706730485 1.6809540838003147 5.1232533967122436 1.5685729794204233 7.2882132586091775 122.36271850345656
leaf_count=62 202 83743 51 34 114276 22 30 116 1990 23 36 60 160 4072 49 30 17 3100 17 157 94 28 70 55 348 27 115 22 117 1597
internal_value=2.81525e-11 -0.00127257 0.0196655 -0.012121 0.000616723 0.00312107 0.012321 -0.0237715 0.00221753 0.00421314 -0.00388373 0.00147274 -0.0183198 0.00245798 0.0111119 0.0120852 -0.0410566 -0.00249885 -0.00186927 0.0166904 0.0104106 0.00226054 -0.0472009 0.0317718 0.00539346 0.0131097 -0.0379339 -0.0253897 -0.0498593 0.00977721
internal_weight=8903.84 2906.49 17.1334 7.83852 5997.34 901.418 80.613 8.70525 820.805 618.503 202.302 442.664 20.9903 421.674 175.839 172.506 3.23595 194.395 192.65 71.9077 52.5627 38.0466 4.11031 14.5161 36.5938 28.2015 7.90638 6.69183 9.04219 127.088
internal_count=210720 83890 147 85 126830 12554 1057 146 11497 8115 3382 6029 300 5729 2086 2037 47 3223 3187 911 709 560 87 149 532 375 159 137 140 1657
is_linear=0
shrinkage=0.05


Tree=92
num_leaves=31
num_cat=0
split_feature=48 24 16 6 16 34 43 43 42 16 34 43 29 7 15 16 25 32 33 12 28 24 9 8 7 25 16 13 14 48
split_gain=3.51947 3.19504 3.03409 2.9768 3.70418 4.02885 3.54114 4.06448 4.55574 4.80815 4.74664 4.03656 5.12063 4.50256 4.77883 3.89241 3.787 6.24693 3.26957 3.20707 3.48257 3.03519 3.462 3.01114 3.05508 3.09728 2.94182 3.64838 2.86483 6.11974
threshold=0.10663593827557351 3.5000000000000004 13.500000000000002 24.500000000000004 26.500000000000004 73.523369565217408 0.405057746832515 0.40349047610827943 0.36505925040310033 20.500000000000004 72.71250000000002 0.40595510276206309 0.24384469696969699 52.500000000000007 6.559181731555273 23.500000000000004 5.1449915195845177 0.24723484848484847 1.3860692504914176 26.500000000000004 0.00044412020679200002 4.5000000000000009 445.50000000000006 145.50000000000003 52.500000000000007 1.8771765087431624 18.500000000000004 -0.81833046097374817 8.9171418514697756 0.10974999264584172
decision_type=2 2 2 2 2 2 2 2 2 2 2 2 2 2 2 2 2 2 2 2 2 2 2 2 2 2 2 2 2 2
left_child=1 2 -1 4 -3 -6 7 23 -9 10 -10 19 13 14 -13 -16 -15 -18 -12 -8 -21 -11 -23 24 25 -5 27 28 29 -2
right_child=26 3 -4 6 5 -7 11 8 9 21 18 12 -14 16 15 -17 17 -19 -20 20 -22 22 -24 -25 -26 -27 -28 -29 -30 -31
leaf_value=0.015259523483037407 -0.070213777354327309 0.015435713239349972 0.00036238608701584372 0.052630939335452535 0.0061716057048044589 -0.059819219871504292 0.035530192466828647 -0.060118199754519874 0.018539208985470342 0.017190622287782911 -0.072790136785827117 -0.097021473940458958 0.012492123362830496 0.031950838791510623 -0.068675240884696773 0.04015826267155409 0.045717139439744439 -0.065988926183601401 0.019466174108621098 0.016327029860889169 -0.076865629378041936 0.024975153358932547 -0.051560890324331712 -0.051594791962512224 0.010259392015218676 -0.0074942376564829244 -0.0010441241557200851 -0.00014884060780434585 0.00052348657928638891 0.0083239420773835986
leaf_weight=35.324696665629745 2.4998619165271512 108.7924648351036 1054.0989660485648 2.2318402770906678 6.9565561395138484 3.4648729814216495 22.076666281558577 5.024208763614296 2.7629994871094841 14.753561235498639 6.1603037849999964 3.097255518659952 49.780396114569157 5.0661369711160642 1.5384621778503063 1.7630036538466809 1.9015857856720684 3.6613469216972589 1.1377397552132604 3.8031391035765401 1.3613129658624528 2.3085191473364821 4.1045853598043323 2.4880960416048756 78.564593657851219 53.175246593542397 5440.2773774124216 1416.0504352909047 244.17652806686237 318.12996846390888
leaf_count=325 39 1332 17665 26 106 61 260 89 27 185 109 55 634 51 25 18 20 65 13 47 34 29 69 42 947 748 153303 27275 3173 3948
internal_value=-2.59302e-11 0.00223038 0.000845428 0.00613944 0.0127079 -0.0157687 0.00320403 -0.00104703 -0.0159286 -0.00881895 -0.0372763 0.0110107 0.00439619 -0.0192721 -0.0524098 -0.0105575 0.000676827 -0.0278043 -0.0584077 0.0272325 -0.00823789 0.00470752 -0.0240103 0.00290641 0.0039186 -0.00507235 -0.000443422 0.00120636 0.00460404 0.00771161
internal_weight=8896.53 1475.4 1089.42 385.975 119.214 10.4214 266.761 172.712 36.2519 31.2277 10.061 94.0493 66.8082 17.0278 6.39872 3.30147 10.6291 5.56293 7.29804 27.2411 5.16445 21.1667 6.4131 136.46 133.972 55.4071 7421.13 1980.86 564.806 320.63
internal_count=210720 22982 17990 4992 1499 167 3493 2284 521 432 149 1209 868 234 98 43 136 85 122 341 81 283 98 1763 1721 774 187738 34435 7160 3987
is_linear=0
shrinkage=0.05


Tree=93
num_leaves=31
num_cat=0
split_feature=48 24 11 14 16 30 34 31 26 5 14 33 47 43 8 26 7 28 25 29 9 38 36 25 8 11 34 33 35 5
split_gain=3.39599 4.19019 2.94791 3.06784 3.29777 4.65024 2.97955 2.90721 2.84901 2.80347 3.19655 3.93503 3.43138 2.6179 4.09193 2.60846 3.67409 4.48475 3.84946 5.33163 3.44575 2.82042 4.72076 4.19922 2.91093 3.49067 3.03009 4.17907 2.79903 2.57458
threshold=0.10663593827557351 3.5000000000000004 4.2774291896144776 10.278538994610363 16.500000000000004 0.22738636363636364 74.812500000000014 0.21812500000000004 0.55500000000000016 6.5000000000000009 7.8778536531785148 1.3839511352104252 1.2007527878527522 0.41122855147644793 129.50000000000003 0.31500000000000006 47.500000000000007 -0.0053153148872532993 2.6337850404592378 0.25354166666666672 291.50000000000006 0.037499999999999957 4.77459677419355 4.4150952752414323 136.50000000000003 4.008892212806896 72.422064777327947 1.3853160092589534 802.61250000000007 13.500000000000002
decision_type=2 2 2 2 2 2 2 2 2 2 2 2 2 2 2 2 2 2 2 2 2 2 2 2 2 2 2 2 2 2
left_child=1 -1 3 4 5 9 -7 -3 -4 -2 -11 12 -12 -5 -15 16 17 -6 28 29 -18 22 23 -22 25 26 -24 -28 -19 -20
right_child=2 7 8 13 15 6 -8 -9 -10 10 11 -13 -14 14 -16 -17 20 18 19 -21 21 -23 24 -25 -26 -27 27 -29 -30 -31
leaf_value=0.00060213128078252169 -0.046896354717657913 -0.047331716884585866 0.0025548942864184136 0.0012301527237491207 -0.087403915993538084 0.00092418829694278009 -0.067233393496408542 0.0070058494978966464 -0.046836219878924383 0.034992301017889874 0.0018465580090881086 -0.064239901603266009 0.06136383947305836 0.03456462615129615 -0.0038122168618947732 -0.0019508482977936819 -0.0050745777056845076 0.045878244569322518 -0.024780431574331116 -0.085256606789770012 0.0078644459526815338 0.059366344089287815 0.05033058203089659 -0.080194721525216103 0.077638216704497692 0.047253210213751853 0.0083008746975213807 -0.075176404630320659 8.4928155921907422e-05 0.03447260380278757
leaf_weight=1090.0081429430284 1.5669325161725272 2.4774530595168462 822.71094737388194 1067.8617811067961 1.6305878204293573 807.51890567387454 1.606663979589938 384.58909023879096 2.9300866769626728 19.87376317428425 12.090887379832568 1.8102142261341203 3.0282524004578582 14.953314563259484 12.971061279065905 4560.0261354073882 14.127403031568972 4.7261534798890414 5.4086409234441799 2.742138782516121 4.2442312724888351 4.9044471411034456 2.8553382232785287 1.9879202051088212 2.6953892149031153 8.3540988015010935 7.4266217090189439 1.8785117417573927 11.351888750679789 2.773272167891264
leaf_count=17990 34 50 11712 17900 39 12116 45 4942 87 238 172 34 25 182 227 143872 269 51 84 54 55 40 27 32 19 74 87 36 193 34
internal_value=7.34809e-11 0.00218908 -0.000436594 -0.000789942 -0.0012725 0.00159539 0.000788849 0.00665806 0.00237961 0.0186033 0.021392 0.0054263 0.0137674 0.00162535 0.0167383 -0.00179664 0.00732295 -0.00687816 -0.00201541 -0.0249186 0.0157113 0.0242609 0.0184131 -0.0202245 0.0287877 0.0223693 0.00527435 -0.00855144 0.0135459 -0.00469652
internal_weight=8883.13 1477.07 7406.06 6580.41 5484.63 847.496 809.126 387.067 825.641 38.37 36.8031 16.9294 15.1191 1095.79 27.9244 4637.13 77.1066 28.6327 27.0021 10.9241 48.474 34.3466 29.4421 6.23215 23.21 20.5146 12.1605 9.30513 16.078 8.18191
internal_count=210720 22982 187738 175939 157630 12664 12161 4992 11799 503 469 231 197 18309 409 144966 1094 455 416 172 639 370 330 87 243 224 150 123 244 118
is_linear=0
shrinkage=0.05


Tree=94
num_leaves=31
num_cat=0
split_feature=26 15 48 0 35 26 34 30 11 14 36 38 28 11 43 28 4 25 25 36 15 13 8 30 25 29 35 34 25 11
split_gain=2.61044 3.02677 3.22151 2.86689 3.28279 5.0214 2.84623 2.78515 3.43187 3.81713 3.1683 3.0232 4.61106 3.00124 2.94853 2.96029 3.30055 2.82909 3.38026 2.72522 4.76878 3.01189 4.99362 3.04863 2.99183 2.74473 3.32503 2.70132 3.32285 3.37256
threshold=0.31500000000000006 4.5756411686033927 0.10358861162007751 67.500000000000014 805.82500000000016 0.33500000000000008 71.58750000000002 0.24937500000000004 4.1564810395024034 7.5928289168482879 4.7464285714285728 -0.014999999999999949 -0.00019855914771379999 4.1212467928715073 0.40930803548863293 -0.0018612316046218498 5.5000000000000009 2.4191948719089784 2.7454141320240422 4.4486842105263174 6.8373536924151681 -0.88278660470935233 136.50000000000003 0.24208333333333334 5.4057877980268954 0.23987179487179486 827.9625000000002 71.96250000000002 8.8194608073230043 4.0491013750461446
decision_type=2 2 2 2 2 2 2 2 2 2 2 2 2 2 2 2 2 2 2 2 2 2 2 2 2 2 2 2 2 2
left_child=-1 -2 3 27 7 -6 -7 8 -5 -10 -11 14 13 -13 -9 -16 -17 -14 -19 20 21 -8 23 25 -22 -23 -27 28 29 -3
right_child=1 2 -4 4 5 6 19 11 9 10 -12 12 17 -15 15 16 -18 18 -20 -21 24 22 -24 -25 -26 26 -28 -29 -30 -31
leaf_value=0.0031780467794419484 -0.0016112291276017899 -0.065476371369755273 -8.3922577569844653e-05 0.010839787548033135 -0.039075384580149253 -0.051297424478909871 0.032252158765154561 -0.0087882165050127813 0.034009879698380631 0.0051788640901417092 -0.075649664002558181 -0.08941931854089602 -0.060559901266090357 -0.0071380733721052476 0.049057251266760818 -0.037931952258500969 0.016026810848165107 0.065718016031589596 -0.012000385601180006 0.0058778121646631785 0.00058935014245114201 0.054392488853472656 -0.078849770056985763 -0.015615692907115307 -0.080742071971364085 0.022360667692055889 -0.068108570514369346 0.0089917986614884409 0.036837740872933053 0.0031519340268760759
leaf_weight=602.19748262502253 2683.776453435421 3.9716416075825673 4699.3635388219263 44.315067274495959 6.7394551485776892 2.2810042342171064 5.555577019229534 92.666655133012682 1.9384483769536007 1.8483116161078212 3.5236875908449292 3.8586473008617785 2.282446637749671 1.5548197627067564 4.3437174409627941 3.8183758151717475 10.993278740905224 1.6844384027644981 8.2585259629413468 403.99849935574457 1.7028764961287368 3.7142351027578169 2.2880245065316549 14.450146517716346 3.3654229938983917 3.7782902223989367 1.3889968153089283 228.18733347998932 2.1050033504143357 3.2592177391052246
leaf_count=7060 81551 64 109951 664 114 47 57 1518 19 27 75 78 51 27 48 90 157 17 126 5454 22 34 52 249 54 52 28 2981 17 36
internal_value=2.16152e-11 -0.000231949 0.000432956 0.00323175 0.00146771 0.00375854 0.00441089 -0.00421569 0.00560379 -0.0261362 -0.0478395 -0.00813144 -0.0273696 -0.0657871 -0.0050968 0.0127609 0.00211649 -0.0103581 0.0011659 0.00469953 -0.00843456 -0.00112175 -0.00835881 -0.00144611 -0.0534159 0.0216077 -0.00195799 0.00791326 -0.0184485 -0.034543
internal_weight=8853.21 8251.01 5567.24 867.872 630.349 449.263 442.523 181.086 51.6255 7.31045 5.372 129.461 17.6389 5.41347 111.822 19.1554 14.8117 12.2254 9.94296 440.242 36.2436 31.1753 25.6197 23.3317 5.0683 8.88152 5.16729 237.523 9.33586 7.23086
internal_count=210720 203660 122109 12158 9060 6163 6049 2897 785 121 102 2112 299 105 1813 295 247 194 143 6002 548 472 415 363 76 114 80 3098 117 100
is_linear=0
shrinkage=0.05


Tree=95
num_leaves=31
num_cat=0
split_feature=48 24 34 11 24 5 14 36 34 17 37 47 13 42 16 13 20 14 31 12 13 38 33 5 9 11 13 11 13 28
split_gain=2.79181 3.32018 2.83993 2.59229 2.6913 3.21446 2.9438 3.40006 4.04603 5.5672 3.39156 3.19346 2.93455 2.90391 2.83453 2.97696 3.63777 4.02902 4.49264 4.34008 3.99372 3.67361 3.99579 3.93922 3.66223 3.71887 3.18319 3.57672 2.90545 2.85373
threshold=0.10663593827557351 3.5000000000000004 71.527205882352959 4.2774291896144776 5.5000000000000009 20.500000000000004 13.128035482733106 4.2738636363636369 72.609523809523822 19.500000000000004 0.4815740740740741 0.79607026021851512 -1.0190592962650822 0.32020427952828229 18.500000000000004 -0.72327724004668725 -4.4999999999999991 11.41176006352987 0.2537268518518519 18.500000000000004 -0.8789090401045293 -0.049242424242424143 1.3837919416449929 12.500000000000002 730.50000000000011 3.7033768724407818 -0.6015076253171826 4.2574362755424486 -0.59686190162003794 -0.006456852060113199
decision_type=2 2 2 2 2 2 2 2 2 2 2 2 2 2 2 2 2 2 2 2 2 2 2 2 2 2 2 2 2 2
left_child=1 -1 -3 4 5 12 -6 -8 11 -10 -11 -9 -2 -7 15 16 17 20 19 -19 24 22 23 -22 25 -14 27 -17 -28 -27
right_child=3 2 -4 -5 6 13 7 8 9 10 -12 -13 14 -15 -16 26 -18 18 -20 -21 21 -23 -24 -25 -26 29 28 -29 -30 -31
leaf_value=0.00056269041169366876 0.011479934040359312 0.056056916528923674 0.0055772872029417166 0.0022395450001048384 0.0056833124606937941 -0.042135691908622007 0.055373987941210394 0.052766141674934965 -0.07529913380777048 -0.079056393457860197 -0.005926500024176426 -0.019258883251266078 -0.04164081234487034 0.01150244805314686 -0.0018497980721978999 -0.010517466191638845 -0.00071660027094172843 0.044022560781620701 -0.10340679056050456 -0.045390181038317469 0.037970900267145349 0.010500280996344631 0.059595166659444643 -0.03387296852360705 -0.058594825272896348 0.046782876207766458 0.019976935487525924 -0.089910831021928178 -0.00064279960807795365 0.0024300283790420732
leaf_weight=1084.9281228934415 46.202141227200627 2.8064019531011573 387.47839887067676 827.21124114282429 262.41313677700236 2.6185685126110902 1.8493344709277177 3.5212437817826894 4.3132546981796649 1.7418839028105164 17.652655036188662 2.7338185682892799 4.6545355850830665 69.386731280945241 4372.4215268753469 53.88815680006519 269.73892366047949 2.3095766836777321 1.6049146847799418 3.2912155585363507 4.9338466487824935 166.50683885114267 8.3291702121496183 3.1110380683094263 2.5461229123175135 3.7641837596893302 17.350627292878926 1.4569440186023701 1111.2260305639356 99.28117323294282
leaf_count=17990 491 23 4969 11799 3277 77 15 30 75 30 210 34 95 1098 139032 1025 3700 29 36 65 46 2144 64 44 45 33 259 35 22668 1282
internal_value=-2.94394e-11 0.00198539 0.00594027 -0.000397618 -0.000731238 -0.000951423 0.00394196 -0.0104222 -0.0144832 -0.0239208 -0.0124945 0.0212871 -0.00107395 0.00955183 -0.00116862 0.000529444 0.00349796 0.0072832 -0.0296535 -0.0085194 0.00819118 0.0127225 0.0353206 0.0101882 0.000674375 0.00207555 -0.000899929 -0.0126075 -0.000325794 0.00405021
internal_weight=8841.27 1475.21 390.285 7366.06 6538.85 6244.62 294.225 31.8122 29.9629 23.7078 19.3945 6.25506 6172.62 72.0053 6126.41 1753.99 570.072 300.333 7.20571 5.60079 293.127 182.881 16.3741 8.04488 110.246 107.7 1183.92 55.3451 1128.58 103.045
internal_count=210720 22982 4992 187738 175939 172268 3671 394 379 315 240 64 171093 1175 170602 31570 7583 3883 130 94 3753 2298 154 90 1455 1410 23987 1060 22927 1315
is_linear=0
shrinkage=0.05


Tree=96
num_leaves=31
num_cat=0
split_feature=5 6 26 11 16 9 11 6 50 14 28 25 42 33 37 47 37 32 15 24 7 15 25 35 31 34 35 33 30 48
split_gain=2.50585 2.56327 2.56885 2.86293 2.85462 2.75569 2.60903 3.52212 4.97149 3.35659 3.69464 4.11217 3.1767 3.12424 3.88655 4.34927 3.02947 3.37401 3.33133 5.11282 4.05266 3.67625 2.86956 3.07559 2.82664 2.76834 2.6141 2.59618 4.68232 3.01259
threshold=24.500000000000004 32.500000000000007 0.31500000000000006 4.2774291896144776 15.500000000000002 749.50000000000011 4.3240088680229531 25.500000000000004 1.0000000180025095e-35 11.533751256089568 0.00085771148668085018 1.7168382868810632 0.33170649045023654 1.3859348604851147 0.50742647058823531 0.7110124715071845 0.45488095238095244 0.25732142857142865 5.3125266312851371 4.5000000000000009 43.500000000000007 4.9688548025005046 2.6619720781405962 821.30217391304359 0.2462019230769231 72.912500000000009 822.41250000000002 1.3827846799206094 0.2245689655172414 0.35053929382624943
decision_type=2 2 2 2 2 2 2 2 2 2 2 2 2 2 2 2 2 2 2 2 2 2 2 2 2 2 2 2 2 2
left_child=1 2 4 -4 -1 -6 12 -8 9 10 11 24 16 14 22 -16 -5 18 21 20 -20 -18 -10 -24 -9 -19 -17 -14 -29 -30
right_child=-2 -3 3 6 5 -7 7 8 13 -11 -12 -13 27 -15 15 26 17 25 19 -21 -22 -23 23 -25 -26 -27 -28 28 29 -31
leaf_value=0.0010637994409318054 -0.08739406774320041 0.0032015764781553949 -0.00082471635535968219 0.065299584902503746 0.0081777040102730212 0.051305372282261889 -0.0014484724198277057 0.014640620586297476 0.061976877474802496 -0.056065167943410578 0.01401565210463613 -0.00020608020294296525 0.037119947963087145 -0.024735190292118972 0.047714897355757617 -0.054301141484287066 -0.018940467922119834 0.053688151382816102 0.0045078136795321348 0.021024802427928761 -0.085554108392086659 0.034494422192847658 0.040238667850804176 -0.0074163269671027529 -0.060075461052195051 0.00053691911922020235 0.005806613623464082 -0.055561698030421991 0.012154813865745184 -0.0019295829246441553
leaf_weight=439.85739865107462 0.82014467939734359 586.5595585135743 6707.9534330451861 1.4764098357409228 129.82073797192425 3.8126772157847872 530.27764866361395 1.6870940886437882 8.3112590014934558 2.4423071965575209 46.086388722062111 58.049417650327086 7.8577991910278788 3.182215739041566 3.5626707170158607 3.1237524356693029 13.567155431490397 2.8554594600573209 1.6289003463461975 2.3264396246522665 5.3571856515482068 4.2199995801784089 11.148461233824493 4.8624120689928523 5.0697667743079364 17.244947250001132 4.2971671307459474 2.8716204334050408 156.03799646254629 50.175256032031029
leaf_count=4942 14 10073 180376 9 1746 35 8872 23 47 29 461 605 67 31 24 38 343 29 20 28 103 56 75 41 94 302 44 57 1568 568
internal_value=-6.07868e-11 8.13039e-06 -0.000219493 -0.00046128 0.00300818 0.00940817 0.00211112 0.000474022 0.00718879 0.00191619 0.00319317 -0.00450313 0.00631514 0.022715 0.0269918 0.00230536 -0.00522846 -0.00743456 -0.0189477 -0.0431756 -0.064555 -0.00626305 0.0381399 0.0257661 -0.0414199 0.00808757 -0.0194951 0.00890523 0.00784487 0.00872784
internal_weight=8816.54 8815.72 8229.16 7655.67 573.491 133.633 947.72 682.101 151.823 113.335 110.893 64.8063 265.619 38.4879 35.3057 10.9836 48.6765 47.2001 27.0997 9.31253 6.98609 17.7872 24.3221 16.0109 6.75686 20.1004 7.42092 216.943 209.085 206.213
internal_count=210720 210706 200633 193910 6723 1781 13534 10384 1512 1212 1183 722 3150 300 269 106 890 881 550 151 123 399 163 116 117 331 82 2260 2193 2136
is_linear=0
shrinkage=0.05


Tree=97
num_leaves=31
num_cat=0
split_feature=48 5 16 31 7 25 15 34 21 0 7 5 16 13 17 36 15 29 35 34 14 35 37 30 15 14 33 30 11 33
split_gain=2.18169 2.69717 2.77549 2.68774 3.41635 2.89201 4.32881 2.86 2.71661 2.66525 4.8989 3.03971 2.66253 3.1607 2.95083 4.60382 3.4418 2.76503 3.71381 3.41303 3.22414 4.02787 5.40585 3.58514 3.44827 5.10075 5.52598 3.97959 3.14093 3.13632
threshold=0.10909559594946532 15.500000000000002 11.500000000000002 0.27546296296296302 59.500000000000007 10.694138908032807 7.7286302329410876 71.527205882352959 1.0000000180025095e-35 163.50000000000003 44.500000000000007 14.500000000000002 18.500000000000004 -0.72327724004668725 20.500000000000004 5.4875000000000007 7.8272698552556612 0.22775000000000004 823.43750000000011 72.58750000000002 8.9171418514697756 820.68750000000011 0.47984375000000007 0.23110119047619049 7.0234984940280478 9.790794076620454 1.3849427877253035 0.24479729729729732 4.0044609690087034 1.3844459101446573
decision_type=2 2 2 2 2 2 2 2 2 2 2 2 2 2 2 2 2 2 2 2 2 2 2 2 2 2 2 2 2 2
left_child=1 3 -3 5 8 7 -7 -1 9 11 -11 -5 13 14 15 16 -2 18 -16 -19 29 23 -23 -22 25 26 28 -26 -24 -21
right_child=12 2 -4 4 -6 6 -8 -9 -10 10 -12 -13 -14 -15 17 -17 -18 19 -20 20 21 22 24 -25 27 -27 -28 -29 -30 -31
leaf_value=0.041787732270218952 -0.000852175298552081 -0.043115417440550224 0.006605609342541981 0.028981189732509578 -0.062455903350778046 -0.10559309239737213 0.0090229165887049517 8.6723062744347508e-05 -0.0083119399370167046 0.037434296183539356 -0.0090772555076901931 -0.038689215563315761 -0.00093780209073488711 -0.00023172948846164393 -0.078880458089327074 -0.067310561562282142 0.018870099043743607 0.019955168221666819 -0.0045237729306534412 0.020259006265840769 0.057438572782688359 -0.1031389593492394 -0.03119804352668212 0.0026008838364378994 -0.089739570203868788 0.030741906374736113 -0.06307937873074243 -0.010653805830509032 0.041630172616732054 0.0059424343384791118
leaf_weight=4.1265505310147992 265.513397898525 2.8349061883054665 282.29849000414833 31.57892179954797 1.6030847597867239 1.6019507460296147 1.6958943130448458 1136.430297865998 14.284760956186799 7.9706608140841153 19.53990329708904 1.7515347069129337 5330.6748641300946 1294.7715559632052 1.9634765461087216 2.5031196214258662 24.131942960433662 49.217372482642531 11.6012249244377 53.338481840677559 3.0712774973362675 1.7257085763849342 2.6702814707532578 100.8334365435876 2.6697739092633119 7.6356633091345421 4.7373898820951581 3.9354485254734755 3.3226028550416231 135.27098539751023
leaf_count=48 3439 39 3601 406 33 30 22 18859 248 91 318 36 152706 25606 40 56 268 563 175 568 25 38 47 1367 58 87 86 66 34 1760
internal_value=-6.6724e-11 0.00173289 0.00611126 0.000710088 0.00976921 0.000102409 -0.0466526 0.000237598 0.0113104 0.0159175 0.00439858 0.0254251 -0.000357451 0.0012138 0.00399012 0.000207503 0.000790996 0.00688307 -0.0152868 0.00769932 0.00580965 -0.000229075 -0.017552 0.00422181 -0.0116373 -0.0004946 -0.0227225 -0.0426196 0.00917972 0.00999114
internal_weight=8805.3 1505.72 285.133 1220.58 76.7289 1143.85 3.29785 1140.56 75.1258 60.841 27.5106 33.3305 7299.59 1968.91 674.142 292.148 289.645 381.993 13.5647 368.428 319.211 130.602 26.6969 103.905 24.9712 18.3659 10.7303 6.60522 5.99288 188.609
internal_count=210720 23731 3640 20091 1132 18959 52 18907 1099 851 409 442 186989 34283 8677 3763 3707 4914 215 4699 4136 1808 416 1392 378 254 167 124 81 2328
is_linear=0
shrinkage=0.05


Tree=98
num_leaves=31
num_cat=0
split_feature=26 15 46 14 14 32 9 14 15 16 28 35 30 35 27 5 9 16 37 34 30 36 9 13 9 35 0 28 0 5
split_gain=2.16972 3.00208 2.66417 3.73229 3.53451 3.07184 2.98647 2.96255 3.4522 3.16466 3.18459 3.1848 3.10746 3.089 3.27345 4.23026 3.73792 4.11949 3.89351 3.73834 3.60901 4.47384 3.18998 3.04009 4.8502 3.55882 3.64169 2.91137 2.89672 2.80647
threshold=0.31500000000000006 4.5756411686033927 1.0000000180025095e-35 7.4848196866012833 6.8014935927849152 0.22854166666666667 730.50000000000011 8.4410347971858322 4.8429970471414858 25.500000000000004 0.0015496355680220501 841.4000000000002 0.23969696969696966 808.12828947368428 0.028070922047224004 19.500000000000004 708.50000000000011 21.500000000000004 0.50742647058823531 72.987500000000011 0.22829710144927531 4.7464285714285728 657.50000000000011 -0.2689370564691454 526.50000000000011 813.88344594594605 113.50000000000001 -0.0046739243214351496 61.500000000000007 10.500000000000002
decision_type=2 2 2 2 2 2 2 2 2 2 2 2 2 2 2 2 2 2 2 2 2 2 2 2 2 2 2 2 2 2
left_child=-1 -2 3 4 -3 -6 -7 9 -9 10 11 -5 -12 29 16 20 22 18 -18 -19 21 -16 23 -15 25 26 -25 -27 -26 -10
right_child=1 2 -4 7 5 6 -8 8 13 -11 12 -13 -14 14 15 -17 17 19 -20 -21 -22 -23 -24 24 28 27 -28 -29 -30 -31
leaf_value=0.0028953295674477891 -0.0015942283958181947 -0.028499657329637149 -1.1839614514095716e-05 -0.0009342359617498969 -0.046769201453177936 0.019789744955981653 -0.049184012410592816 -0.054920389932002801 0.068454656974159311 0.010480431606596646 0.0069976062724734448 -0.080635054629164649 -0.023932997081354719 0.0064326361458957315 0.019808046439246604 -0.063183208676812971 0.034337862368706604 0.00063268821804629127 -0.053532078035793601 -0.089982798911137696 0.021945189377451112 -0.10338310000647591 0.025766404664686895 0.05707706773126793 -0.0039901913872618924 0.041204233922014916 -0.01728545708466659 -0.017634920337692549 -0.069651219280621054 -0.0015279698608468616
leaf_weight=602.71317274449393 2657.6940006976947 4.6604917328804722 4698.9876505532302 124.24849741766229 1.8701782217249263 67.137053953949362 1.6069528348743904 2.4814746510237446 1.443624835461377 35.632781850174069 10.457010218873618 1.2661919528618444 36.337973069865257 232.03288641804829 1.6766581125557416 1.5967086926102627 3.745060923509298 1.7684288835152981 1.9003722481429575 3.1937006353400648 59.228070203214884 1.3150160759687421 18.648283037357032 4.5987396240234402 2.6385059878230086 2.387152977287772 2.5645272750407457 17.621369668282568 4.6222927086055279 187.29239108227193
leaf_count=7060 81551 72 110410 2065 42 842 32 49 9 578 165 27 706 2814 24 27 39 26 33 67 736 27 173 38 28 30 34 259 75 2682
internal_value=7.02726e-12 -0.000213054 0.000450377 0.00305472 0.0136739 0.0164573 0.0181774 0.00200113 0.00392095 -0.0030837 -0.0058887 -0.00173826 -0.0170211 0.00418727 0.00690643 0.0171766 0.00469015 -0.0244536 0.00475898 -0.0576888 0.0192388 -0.0343417 0.00577443 0.00437531 -0.0094885 0.000212092 0.0304545 -0.010615 -0.0457906 -0.000992679
internal_weight=8793.37 8190.65 5532.96 833.972 75.2747 70.6142 68.744 758.698 550.755 207.942 172.31 125.515 46.795 548.274 359.538 63.8165 295.721 10.6076 5.64543 4.96213 62.2197 2.99167 285.114 266.465 34.4326 27.1718 7.16327 20.0085 7.2608 188.736
internal_count=210720 203660 122109 11699 988 916 874 10711 7170 3541 2963 2092 871 7121 4430 814 3616 165 72 93 787 51 3451 3278 464 361 72 289 103 2691
is_linear=0
shrinkage=0.05


Tree=99
num_leaves=31
num_cat=0
split_feature=48 13 33 33 36 8 9 33 8 4 33 43 26 37 24 17 15 24 11 38 11 35 14 35 26 28 31 24 33 25
split_gain=2.24636 2.38682 3.35005 2.81008 2.59943 2.44347 3.4275 2.67411 2.45852 3.86506 2.75805 2.68869 2.44235 2.40645 2.29838 3.05789 2.90681 3.08873 5.57214 4.01321 3.68601 2.66059 2.52287 4.64666 3.84826 3.84435 3.40272 3.08662 3.07145 5.9801
threshold=0.10663593827557351 -0.91373422451556963 1.3824797385345891 1.3862224668349048 4.6708333333333343 136.50000000000003 439.50000000000006 1.3844459101446573 141.50000000000003 7.5000000000000009 1.3847392150431015 0.40748726700863275 0.42500000000000004 0.53559907834101395 3.5000000000000004 10.500000000000002 6.0960343862419402 4.5000000000000009 3.9902991044120646 0.014999999999999953 4.1386033059595944 803.86250000000007 9.7270320168009459 825.07338709677435 0.37500000000000006 -0.00034684617810489996 0.24746794871794872 2.5000000000000004 1.3849965451900021 9.5536570656383333
decision_type=2 2 2 2 2 2 2 2 2 2 2 2 2 2 2 2 2 2 2 2 2 2 2 2 2 2 2 2 2 2
left_child=14 2 4 5 -2 13 7 -7 9 10 -9 12 -12 -4 21 -16 17 -17 -19 20 -20 -1 28 24 25 -24 -25 -26 -23 -30
right_child=1 -3 3 -5 -6 6 -8 8 -10 -11 11 -13 -14 -15 15 16 -18 18 19 -21 -22 22 23 26 27 -27 -28 -29 29 -31
leaf_value=-0.0037783633305281785 0.071141636399714936 -0.00059991909817607456 0.0035805872469137899 -0.048383635542333971 0.016434041727144889 -0.055036084912063771 -0.10128176054586402 0.057313501038747432 0.026100978625841403 -0.1070646529163867 -0.087373818561910732 0.047332717425836689 -0.012101827868780071 -0.05339861313392448 -0.054665571548420881 0.013524455242860786 0.0021465220984704376 0.022798087237531971 -0.065952622114036297 -0.10358351360538423 0.020149730543016067 0.0048864342497840947 0.015555676033906658 -0.077526042941641185 0.039212244839826993 -0.061484338729720756 -0.0049330096434669589 0.012792691957400652 -0.0011930631439705458 -0.091296354472934757
leaf_weight=263.22894226713106 2.7669594641774884 6825.83392520505 451.51678142463788 2.7147391913458696 10.086396655999122 2.745298130437738 1.0938288010656823 1.444268636405466 5.2195269195362917 1.053782347589731 1.5630325321108101 1.2172853322699664 3.4703535111621022 1.8606703458353866 2.1309540309011927 127.27429699990898 248.66378335841 6.1229099361225945 2.2773144487291574 1.9441255955025551 2.7367250937968493 320.04257224919274 3.7273683156818151 1.891197090037166 17.899256815202534 2.8631846318021408 11.024300052784382 28.913695048540831 429.06505499221385 1.8494182620197523
leaf_count=4753 24 180243 6866 79 132 61 26 19 86 23 41 17 73 48 50 1601 3139 77 44 48 33 5050 43 37 170 49 145 355 7354 34
internal_value=6.30407e-11 -0.000358695 0.00302404 0.0023409 0.028211 0.00263315 -0.0155349 -0.00992313 -0.0010567 -0.0172591 -0.00496069 -0.0193497 -0.0354763 0.00334674 0.00178234 0.00506647 0.00539366 0.0111465 -0.0119898 -0.0426017 -0.0189569 0.000593464 0.00200155 0.0113496 0.0178583 -0.0179134 -0.0155627 0.0228944 0.00117599 -0.00157977
internal_weight=8784.24 7312.59 486.753 473.9 12.8534 471.185 17.8074 16.7135 13.9682 8.74872 7.69494 6.25067 5.03339 453.377 1471.66 391.15 389.019 140.355 13.0811 6.95817 5.01404 1080.5 817.276 66.319 53.4035 6.59055 12.9155 46.813 750.957 430.914
internal_count=210720 187738 7495 7339 156 7260 346 320 259 173 150 131 114 6914 22982 4992 4942 1803 202 125 77 17990 13237 799 617 92 182 525 12438 7388
is_linear=0
shrinkage=0.05


Tree=100
num_leaves=31
num_cat=0
split_feature=48 13 33 24 14 43 14 37 37 5 13 37 37 25 0 25 32 28 34 12 39 29 0 42 14 14 34 29 16 0
split_gain=2.4266 2.53785 2.92483 2.36148 2.81938 2.6657 2.82359 3.87789 2.89646 5.64891 5.51314 2.87784 3.13373 4.36191 4.17295 3.81214 3.11012 3.92884 3.1498 5.1101 2.69237 2.67456 2.59215 3.22118 3.41079 3.15422 4.87626 2.77621 2.55955 2.53792
threshold=0.10663593827557351 -0.91373422451556963 1.3824797385345891 3.5000000000000004 8.7926983688838725 0.40501488037472694 8.8958085207679272 0.50872282608695663 0.51744565217391314 17.500000000000004 -0.87677464802375216 0.51187343358395998 0.50384868421052642 5.6391164519046191 158.50000000000003 10.850806158596283 0.25732142857142865 0.0018088933074625502 73.898717948717959 20.500000000000004 1.0000000180025095e-35 0.2761684782608696 55.500000000000007 0.35416784825010589 9.4395184185217698 10.813596244381072 72.732870370370378 0.23987179487179486 13.500000000000002 111.50000000000001
decision_type=2 2 2 2 2 2 2 2 2 2 2 2 2 2 2 2 2 2 2 2 2 2 2 2 2 2 2 2 2 2
left_child=3 2 -2 28 -5 6 7 -6 11 10 -10 12 13 14 22 16 18 -18 19 -14 -12 -7 27 24 -24 -25 -27 -8 -1 -21
right_child=1 -3 -4 4 5 21 8 -9 9 -11 20 -13 15 -15 -16 -17 17 -19 -20 29 -22 -23 23 25 -26 26 -28 -29 -30 -31
leaf_value=0.013836627968432214 0.026347721870430687 -0.00062312734511467687 0.0024639784204679 0.0113374865189673 -0.069776215016935858 0.010161595607920931 -0.035100245167168719 0.011168980298201832 -0.071122401037208655 -0.066345033150834579 -0.048444130544972881 0.023585775119270985 -0.095952466263828848 0.012689153944466507 -0.040480003162359987 -0.060281691082846922 0.031292081938892276 -0.053404803065874973 0.032261799046986811 -0.073487356938740117 0.014058143823308236 -0.050423250113906894 -0.046833258597462596 -0.0098173523446479002 0.026480381277806858 0.0084893128362308248 -0.10590053465186565 0.037930037472072846 0.00018632330927453064 -0.0031593367812167554
leaf_weight=35.51098707318306 13.173840895295141 6814.8089192949701 475.15461061242968 125.68138556275517 3.4424010096117845 93.937296092044562 1.6144124045968036 2.5950498711317778 2.6615406451746884 4.5743155879899851 1.95949465595186 14.486384047195314 2.5035117203369799 60.746731973253191 8.0684702126309258 3.9844519803300491 7.352305503562091 1.6825467515736816 2.2224967880174509 1.5483130738139133 14.275563680566846 1.8576697474345554 1.9343000380322362 12.895007642917337 8.8217320162802917 1.5317511837929481 2.3780117593705654 6.7102017705328763 1042.7481897729449 7.48070012871176
leaf_count=325 156 180243 7339 1564 56 1145 22 30 42 75 32 163 47 684 143 54 78 29 23 28 175 47 36 189 105 15 45 68 17665 97
internal_value=5.33622e-11 -0.000373623 0.0031083 0.00184966 0.00514675 0.00227848 -0.00138378 -0.0349839 -0.000186495 -0.0164892 -0.00442054 0.00243502 0.000104549 0.00400813 -0.00798952 -0.0151604 -0.00727161 0.0155191 -0.0222415 -0.0327451 0.00651442 0.00898673 -0.000684368 -0.00806982 0.0132961 -0.0217453 -0.0610853 0.0237671 0.000635877 -0.0152193
internal_weight=8778.34 7303.14 488.328 1475.21 396.946 271.265 175.47 6.03745 169.432 23.4709 18.8966 145.961 131.475 104.701 43.9539 26.7743 22.7899 9.03485 13.755 11.5325 16.2351 95.795 35.8854 27.5608 10.756 16.8048 3.90976 8.32461 1078.26 9.02901
internal_count=210720 187738 7495 22982 4992 3428 2236 86 2150 324 249 1826 1663 1307 623 356 302 107 195 172 207 1192 480 390 141 249 60 90 17990 125
is_linear=0
shrinkage=0.05


Tree=101
num_leaves=31
num_cat=0
split_feature=48 24 35 16 13 38 33 47 48 48 0 48 33 36 48 8 30 15 51 31 35 43 11 0 9 32 9 20 8 32
split_gain=2.64753 3.43007 2.45993 2.41996 3.30659 2.74909 3.81456 3.71008 4.29391 4.18335 4.50664 4.1059 3.7863 3.5485 3.47717 3.2789 2.95533 3.04596 3.51872 3.12151 2.75284 2.6918 3.66885 2.5591 2.49908 5.94973 3.41139 2.92874 2.43216 2.40844
threshold=0.10663593827557351 3.5000000000000004 780.70000000000016 18.500000000000004 -0.81833046097374817 -0.043541666666666597 1.3839511352104252 0.39953828367785088 0.12526806468725907 0.12385552389792577 37.500000000000007 0.12469085083465686 1.3830503012373327 5.0125000000000011 0.12536492454173573 113.50000000000001 0.27316532258064524 4.2098361689876471 1.0000000180025095e-35 0.24047379032258068 797.11250000000007 0.39741357409626743 3.9700726751624962 179.50000000000003 704.50000000000011 0.2386931818181818 720.50000000000011 1.0000000180025095e-35 137.50000000000003 0.21978260869565217
decision_type=2 2 2 2 2 2 2 2 2 2 2 2 2 2 2 2 2 2 2 2 2 2 2 2 2 2 2 2 2 2
left_child=1 2 -1 4 5 6 15 9 11 12 -11 -9 -7 21 -10 29 17 18 20 -20 -16 22 -14 -21 -19 -26 27 -27 -17 -2
right_child=3 -3 -4 -5 -6 7 -8 8 14 10 -12 -13 13 -15 16 28 -18 24 19 23 -22 -23 -24 -25 25 26 -28 -29 -30 -31
leaf_value=-0.025386355683851333 0.01431196801586937 0.0059002881632097106 0.00068817803037963144 -0.00094326915742791364 -0.00018578669883862834 -0.072340323690052999 0.029694664971066778 0.035104566671364676 0.061368283935777035 0.04822769371281535 0.013207658055062408 -0.074279649565302072 -0.0027669382388325007 0.02676343237637498 -0.034362584092350358 0.012643645157834327 -0.035360041080186769 0.001130368094755949 0.034703464945832894 0.0017467427317928695 0.046390562948531985 0.00036278421347609547 -0.083289957592266761 -0.057280370668792005 -0.10398087166492342 -0.067613697107315365 0.0034816594942103395 0.021594453983314603 -0.047743617010546913 -0.075599297881125752
leaf_weight=9.1225887336768192 1.1480341814458399 397.66720623429865 1069.5430859923363 5332.5898973215371 1403.4956289802212 1.7956186896190036 24.445871668867767 1.1408189199864853 2.4054446741938582 10.826803364790974 60.643919549882412 3.4594163987785578 3.2679251916706589 10.582640429027377 1.1771159442141641 26.622420958708975 5.4889236893504849 313.96089708292857 7.0163006009534028 21.407345386222008 10.203476661816238 24.466137748211622 2.4942951072007418 2.0084954984486094 1.7840203605592275 3.6157317711040404 14.613069838378577 1.2340674814768133 1.7788194268941868 2.1206158297136426
leaf_count=195 17 4992 17795 153303 27275 34 241 13 14 102 701 61 39 108 17 306 94 4151 81 309 101 312 38 40 37 62 188 17 33 44
internal_value=6.48105e-11 0.001931 0.000467658 -0.000390745 0.00111006 0.00435945 0.0148568 0.00318972 0.000867197 0.0111199 0.0185127 -0.0471533 -0.00128111 0.00184538 0.0014411 0.00340357 0.00106425 0.00159454 0.0143194 0.00544936 0.0380381 -0.00687818 -0.037623 -0.00331631 7.28248e-06 -0.0165883 -0.00857768 -0.044914 0.00886149 -0.0440201
internal_weight=8772.13 1476.33 1078.67 7295.79 1963.2 559.708 56.1158 503.592 389.515 114.077 71.4707 4.60024 42.6066 40.811 384.915 31.6699 382.509 377.021 41.8127 30.4321 11.3806 30.2284 5.76222 23.4158 335.208 21.2469 19.4629 4.8498 28.4012 3.26865
internal_count=210720 22982 17990 187738 34435 7160 641 6519 5185 1334 803 74 531 497 5111 400 5097 5003 548 430 118 389 77 349 4455 304 267 79 339 61
is_linear=0
shrinkage=0.05


Tree=102
num_leaves=31
num_cat=0
split_feature=11 11 6 50 14 17 33 47 35 48 37 0 25 37 43 29 33 14 13 4 13 35 15 31 33 34 43 7 14 26
split_gain=2.12909 2.65609 3.35065 4.96057 2.93396 2.63426 3.15642 3.18324 3.80677 3.13723 3.1644 2.9155 3.12427 3.97739 2.86095 2.65611 2.65439 3.3463 4.77556 3.78779 3.26256 3.93742 3.98966 3.6709 2.91086 3.13673 2.8994 3.72641 2.58808 3.92111
threshold=4.2720838335334141 4.3240088680229531 25.500000000000004 1.0000000180025095e-35 11.533751256089568 20.500000000000004 1.3844907702263822 0.79200389891168776 828.50000000000011 0.35053929382624943 0.4668750000000001 182.50000000000003 6.0246429316253129 0.49743421052631581 0.39563151906158983 0.23354166666666668 1.3856007607614809 8.0030202691650398 -0.93137300457284922 8.5000000000000018 -0.068226041599935741 812.77205882352951 3.6871311490327634 0.25732142857142865 1.3859943010846614 73.670833333333348 0.4033388001030031 52.500000000000007 5.9043165620597913 0.51500000000000012
decision_type=2 2 2 2 2 2 2 2 2 2 2 2 2 2 2 2 2 2 2 2 2 2 2 2 2 2 2 2 2 2
left_child=-1 5 -3 4 -4 6 7 8 -2 11 -11 14 -13 -14 -7 -8 17 28 -19 26 21 22 -18 -24 25 -23 -20 -28 29 -16
right_child=1 2 3 -5 -6 9 15 -9 -10 10 -12 12 13 -15 16 -17 20 18 19 -21 -22 24 23 -25 -26 -27 27 -29 -30 -31
leaf_value=-0.00027710581655158826 -0.049715292834157793 -0.0014570016641308739 0.00295815281358195 0.022755556757311824 -0.052889600659616301 -0.014827682722419112 0.039843267931642008 0.0054222089864182348 0.0027611185256839841 0.044864229348559187 -0.0061380467838836709 0.045740374987591183 0.035709958774605789 -0.051964527341368007 0.013214414833167482 0.0020937647382159598 -0.060937625647813465 -0.066493490310034334 0.011382153618174191 0.059329983754155491 0.027022466247602645 -0.022103809559091345 0.021399356075729806 -0.040150720424997732 0.01405766628200132 -0.088497494597389523 -0.057177707834639248 0.040353319513968477 0.028591491831927215 -0.073869465443419824
leaf_weight=7777.5990946262609 9.4923972696997243 523.49185040546581 109.98600368155167 37.545853268355131 2.4030849412083617 10.572052057366816 4.9749686233699313 10.400348073337225 5.4345366582274428 3.2817328106611958 41.502809217199683 12.218275453895332 3.1706611700355998 2.1850287057459354 12.708455539308487 73.545694078318775 2.0238227043300894 2.3127921791747239 16.213266898877926 3.2067360915243617 9.8254744196310622 4.6705772494897229 17.195766856893901 2.8196744592860332 2.5883996766060591 2.8733769487589598 3.7724446738138786 1.3227706700563429 49.777448133565485 1.4389956183731545
leaf_count=196270 170 8900 1188 301 30 252 47 140 81 30 613 112 27 29 174 991 36 36 171 22 126 63 158 34 19 47 68 13 545 27
internal_value=2.24258e-11 0.00219259 0.000430493 0.0070206 0.00176403 0.0060263 -0.000465225 -0.0158137 -0.0306099 0.00930387 -0.00240069 0.0125618 0.0317827 -5.9713e-05 0.0102049 0.00448552 0.0121985 0.0170081 0.00218765 0.0086671 0.00180514 -0.00589644 0.00596388 0.0127285 -0.0316942 -0.0473922 0.00104279 -0.0318576 0.023228 0.00435675
internal_weight=8760.55 982.955 673.427 149.935 112.389 309.529 103.848 25.3273 14.9269 205.681 44.7845 160.896 17.574 5.35569 143.322 78.5207 132.75 90.7529 26.828 24.5152 41.9971 32.1716 22.0393 20.0154 10.1324 7.54395 21.3085 5.09522 63.9249 14.1475
internal_count=210720 14450 10419 1519 1218 4031 1429 391 251 2602 643 1959 168 56 1791 1038 1539 1056 310 274 483 357 228 192 129 110 252 81 746 201
is_linear=0
shrinkage=0.05


Tree=103
num_leaves=31
num_cat=0
split_feature=26 15 46 14 43 26 31 42 21 27 36 9 0 12 11 0 32 25 35 34 30 14 31 48 9 51 11 33 30 5
split_gain=2.23389 2.85991 2.91347 2.4881 3.67615 3.06838 7.77375 2.93234 3.88584 3.79961 3.35324 3.2629 2.8897 3.10801 2.87794 2.81474 2.66153 3.00849 2.6566 2.62327 4.1885 3.10391 8.01438 3.69912 2.56139 3.03851 3.68779 2.45454 4.23219 2.44337
threshold=0.31500000000000006 4.5756411686033927 1.0000000180025095e-35 7.9846510067261987 0.31482994499362471 0.27500000000000008 0.24736659736659736 0.36840272071004793 1.0000000180025095e-35 0.43687642993382819 4.2875000000000005 424.50000000000006 187.50000000000003 15.500000000000002 4.1985939160303465 180.50000000000003 0.24873397435897437 2.6619720781405962 779.86250000000007 72.387500000000017 0.26369318181818185 7.5387141615194482 0.26621323529411772 0.11681184604318512 237.50000000000003 1.0000000180025095e-35 4.1157365548188336 1.3855754240940064 0.24871710526315788 10.500000000000002
decision_type=2 2 2 2 2 2 2 2 2 2 2 2 2 2 2 2 2 2 2 2 2 2 2 2 2 2 2 2 2 2
left_child=3 -2 -3 5 16 7 14 19 10 11 -9 -10 13 -8 -7 27 -5 -18 -6 -1 21 -21 23 -23 25 -22 -27 -15 -29 -17
right_child=1 2 -4 4 18 6 12 8 9 -11 -12 -13 -14 15 -16 29 17 -19 -20 20 24 22 -24 -25 -26 26 -28 28 -30 -31
leaf_value=0.039407320823776723 -0.0015705768470348264 0.0031472472012146462 -5.4551846625694382e-05 0.021875278261712525 -0.044143064390632016 0.032794945192078304 -0.069051585718986591 0.054203502655891314 -0.043551946636840366 0.079548407438208069 -0.0082271685375791218 0.030271452407769451 0.036029219778038989 0.0098602463482279842 -0.0076771981238540985 -0.0026904499801843106 0.0072881496296577451 -0.078289318945007666 0.0012097718156006511 0.020017501563649009 -0.084049678225742608 -0.053110279263592235 -0.081837968727631549 0.020057290162154705 0.030075127757410475 -0.062146088266759686 0.032517451969302606 -0.049838149248882017 0.0044090715296081487 -0.1022098222537953
leaf_weight=6.867556848563253 2637.1285547211301 837.42184485681355 4687.6951308876742 1.4831921905279148 3.2627120641991487 41.383204739540815 1.676843749359249 2.2060258006677023 2.1391908191144449 2.5188835309818387 85.981466175988317 4.9841131493449211 5.4819052489474407 35.733325200155377 4.914052950218319 1.2417343761771911 1.4282082132995126 3.6558644538745284 311.79048318369314 37.061876205727458 2.4745062747970206 2.0129978023469475 2.8774386597797266 12.176894891075788 1.6105952486395834 2.0204243138432503 2.0962695460766554 5.3815700151026276 10.832853319123386 1.2254048176109789
leaf_count=58 81551 11699 110410 16 51 394 37 20 32 15 1022 36 60 486 70 22 25 72 3731 345 44 20 47 110 12 31 23 97 156 28
internal_value=-9.03808e-13 -0.000215867 0.000430733 0.00295374 -3.16885e-05 0.00644656 0.0130198 0.00220139 -0.00337041 0.0267661 -0.00666545 0.00810164 0.00138088 -0.00200534 0.0284992 6.07461e-05 -0.0370567 -0.0542491 0.000740095 0.0100785 0.00684713 0.0118924 -0.00575129 0.00967764 -0.0264502 -0.0402624 -0.0139423 0.00253899 -0.0135956 -0.0521208
internal_weight=8758.77 8162.25 5525.12 596.52 321.62 274.899 107.871 167.028 97.8297 9.64219 88.1875 7.1233 61.5736 56.0917 46.2973 54.4149 6.56726 5.08407 315.053 69.1986 62.331 54.1292 17.0673 14.1899 8.2018 6.5912 4.11669 51.9477 16.2144 2.46714
internal_count=210720 203660 122109 7060 3895 3165 1350 1815 1125 83 1042 68 886 826 464 789 113 97 3782 690 632 522 177 130 110 98 54 739 253 50
is_linear=0
shrinkage=0.05


Tree=104
num_leaves=31
num_cat=0
split_feature=26 14 26 31 20 42 8 8 30 31 37 32 28 20 25 47 25 25 33 36 0 7 26 42 25 43 43 9 32 36
split_gain=2.90372 2.78229 2.9192 5.30324 2.77422 4.10541 3.68096 5.09609 3.53346 2.64698 2.6318 3.16101 3.21718 2.97155 4.634 3.32384 4.05841 3.08896 2.6982 3.11873 3.23246 3.28578 3.97547 2.75606 4.41004 2.68823 3.07593 2.62403 2.56012 3.93816
threshold=0.31500000000000006 7.9846510067261987 0.27500000000000008 0.24736659736659736 -1.4999999999999998 0.31073913779534762 85.500000000000014 119.50000000000001 0.26012820512820517 0.21812500000000004 0.51690476190476209 0.27312500000000006 0.0015024533257923002 3.5000000000000004 10.311104934495157 1.3287244012543138 1.3764901720542133 0.92474393780633768 1.3859496110425868 5.2113095238095246 98.500000000000014 50.500000000000007 0.27500000000000008 0.39651665867313318 3.4266740206146005 0.40275582260098158 0.40722747220008287 714.50000000000011 0.24723484848484847 4.520564516129034
decision_type=2 2 2 2 2 2 2 2 2 2 2 2 2 2 2 2 2 2 2 2 2 2 2 2 2 2 2 2 2 2
left_child=1 2 -1 -4 5 -3 -7 -8 9 -6 13 12 -12 15 18 16 17 -11 19 20 -15 22 -22 -23 -25 -17 -27 -5 -24 -30
right_child=-2 4 3 27 8 6 7 -9 -10 10 11 -13 -14 14 -16 25 -18 -19 -20 -21 21 23 28 24 -26 26 -28 -29 29 -31
leaf_value=0.0028727293097829711 -0.00024610393350648068 -0.070339627486370973 0.025766590889368137 0.0017131052483027318 0.051543303999939061 0.053556674466505562 -0.07246010886633969 -0.0045004212681904092 -0.011237134301887637 0.011022931707706548 0.03481714334023827 -0.044471880418689561 -0.0059148779007593922 -0.027563928415394241 -0.079329008241036544 0.05021843143689151 0.006522660595069338 -0.07076798468394313 0.023012197616627601 -0.064665690242789217 -0.061623010882788647 0.0392252951505574 0.040402270315335581 0.030072778815561526 -0.071927562629158989 -0.015287096213329241 0.056411630197023804 0.060844198694653788 0.049289143419507207 -0.061096873752721083
leaf_weight=165.27207405911759 8153.0703667765483 2.4526671213097861 48.368625475093722 59.005233278032392 3.173247965052723 2.6256674900650969 2.8381940810941151 98.248541927430779 34.259737363550812 1.8448878433555354 18.822582842782147 1.787291333079337 6.5294654173776498 11.431937927380202 2.1529530677944413 7.6180434068664891 84.32104465784505 3.0841397531330585 7.5443613813258699 2.4218223658390334 3.2700266502797621 8.1658308524638397 2.9490780932828784 2.720251962542533 1.7359377695247529 4.7670655325055122 2.1799035584554076 1.9378098268061865 1.2406584937125447 2.3168632471933961
leaf_count=1815 203660 60 464 866 24 19 57 1166 466 22 185 30 82 178 39 58 933 62 87 42 69 82 32 28 32 58 18 20 13 53
internal_value=-2.052e-11 0.00337179 0.00706547 0.0134046 0.000207298 -0.00640242 -0.00489039 -0.00640851 0.00348121 0.00628138 0.00546948 0.0197957 0.0243265 0.00287338 -0.00771295 0.00755901 0.00394482 -0.0401544 -0.00419246 -0.00985393 -0.00593013 0.00511144 -0.016648 0.0219657 -0.00966212 0.0297057 0.00721139 0.0035933 0.00595508 -0.0226006
internal_weight=8748.16 595.086 274.584 109.312 320.502 106.165 103.712 101.087 214.337 180.077 176.904 27.1393 25.352 149.765 45.9497 103.815 89.2501 4.92903 43.7968 36.2524 33.8306 22.3986 9.77663 12.622 4.45619 14.565 6.94697 60.943 6.5066 3.55752
internal_count=210720 7060 3165 1350 3895 1302 1242 1223 2593 2127 2103 297 267 1806 655 1151 1017 84 616 529 487 309 167 142 60 134 76 886 98 66
is_linear=0
shrinkage=0.05


Tree=105
num_leaves=31
num_cat=0
split_feature=26 11 11 33 15 26 42 26 30 38 0 15 25 47 0 8 0 48 14 47 47 26 48 28 31 48 29 32 15 47
split_gain=3.01204 2.52443 3.09185 2.82283 2.4813 2.45744 3.92616 3.00139 3.85026 3.45566 3.36116 3.2179 3.45854 2.6767 4.69509 4.53117 4.46856 4.67519 4.30727 3.81671 3.40802 3.24416 3.20736 2.99047 2.95371 2.91409 2.77505 3.0733 3.02917 2.66832
threshold=0.31500000000000006 4.2720838335334141 4.3240088680229531 1.3827846799206094 4.5756411686033927 0.44500000000000006 0.33064523497393461 0.43500000000000005 0.24871710526315788 -0.039565217391304294 68.500000000000014 2.881508211685011 0.70349854948188428 0.79984101811556163 164.50000000000003 122.50000000000001 159.50000000000003 0.23547926261042809 8.0760390396247619 0.62035430765311594 0.38883915128371055 0.39500000000000007 0.54380125450649741 0.0036139123949331005 0.25062500000000004 0.37976434089648864 0.25062500000000004 0.25062500000000004 4.6893457665785627 0.40040868952931374
decision_type=2 2 2 2 2 2 2 2 2 2 2 2 2 2 2 2 2 2 2 2 2 2 2 2 2 2 2 2 2 2
left_child=-1 4 3 -3 -2 7 -7 9 -9 -5 -10 12 -11 16 22 -16 17 -13 -18 20 -20 -19 23 -15 -21 -25 27 -23 -29 -8
right_child=1 2 -4 5 -6 6 29 8 10 11 -12 13 -14 14 15 -17 18 21 19 24 -22 26 -24 25 -26 -27 -28 28 -30 -31
leaf_value=0.0034414621104447277 -0.0019834855926152517 0.030403207280895701 0.00024239860449469638 0.037496319099932666 3.8901668487520058e-05 -0.012678381774307787 0.023697628488674627 0.0011576063348701976 0.0031527909130160542 0.0031565662604317321 -0.07156610901136902 -0.012714541715956498 0.063623890506231184 -0.0018426496000056238 -0.071420567405661231 0.022322675034033852 0.033936521299953018 0.034034052049245138 -0.029761464018045428 -0.0098574064118499751 0.043966527288222368 0.03477118917533599 0.056959402834171141 -0.10465312117078743 -0.1071174317474306 -0.00035872233056329593 -0.051118661733506543 -0.075491434664862647 0.01229322749563525 0.0077645220511940553
leaf_weight=592.71333227353171 2175.0908639715053 11.711401916109024 666.96458895737305 7.1630827886983743 5010.2661504740827 15.84223584923893 42.879716765135527 10.016064120456578 2.2237025573849669 5.3572349557653052 4.6575892148539424 43.232905920827761 4.2335599716752768 23.328244399279363 5.2964190477505317 1.7037000544369219 19.593279442749921 11.45884297322482 2.5790671948343498 1.8172674775123598 3.9957449659705162 5.1398187652230245 2.0765903927385798 1.4782321536913507 1.3684402201324699 1.2246184004470704 2.4183417493477455 1.6552260052412746 2.4186947494745255 67.865833232644945
leaf_count=7060 73765 129 10390 82 115535 349 449 145 33 131 87 597 45 312 102 18 208 120 33 18 32 49 20 32 27 21 41 31 33 826
internal_value=-2.40742e-11 -0.000250127 0.00214453 0.00633517 -0.000573298 0.00536662 0.0106032 0.00133534 -0.0186254 0.00362139 -0.0474206 0.00189283 0.029848 -0.000157182 -0.0119656 -0.0486052 0.0041758 -0.00301283 0.0204182 -0.00671841 0.0150456 0.0151516 -0.00284069 -0.00761115 -0.051636 -0.057399 -0.00344965 0.0090621 -0.0233735 0.0139337
internal_weight=8747.77 8155.06 969.7 302.736 7185.36 291.024 126.588 164.437 16.8974 147.539 6.88129 140.376 9.59079 130.785 35.1078 7.00012 95.6776 66.3238 29.3538 9.76052 6.57481 23.0909 28.1077 26.0311 3.18571 2.70285 11.6321 9.21374 4.07392 110.746
internal_count=210720 203660 14360 3970 189300 3841 1624 2217 265 1952 120 1870 176 1694 505 120 1189 871 318 110 65 274 385 365 45 53 154 113 64 1275
is_linear=0
shrinkage=0.05


Tree=106
num_leaves=31
num_cat=0
split_feature=26 11 11 12 43 0 25 30 8 14 12 20 48 6 35 20 14 42 47 48 43 15 38 26 15 35 6 50 37 29
split_gain=2.31242 2.64033 3.62968 2.7058 3.07374 3.10588 4.52604 2.9266 2.90927 4.31812 2.74093 2.73148 2.85761 3.29689 2.86975 2.69353 2.77169 2.80677 5.40535 3.86205 3.49698 2.58858 3.26242 2.63281 2.50318 2.50049 2.49994 3.41865 2.80255 2.83979
threshold=0.31500000000000006 4.2720838335334141 4.3240088680229531 23.500000000000004 0.40369827022907562 145.50000000000003 9.2439671489182178 0.24401785714285712 118.50000000000001 7.6806053092430409 24.500000000000004 -6.4999999999999991 0.25121866640684271 26.500000000000004 801.56250000000011 -7.4999999999999991 9.995740363046318 0.36661922458237656 0.7118849640399777 0.25274516235746936 0.40632531749111939 2.9936381774221936 -0.0050000000000000487 0.42500000000000004 5.9811892071345811 838.51250000000016 25.500000000000004 1.0000000180025095e-35 0.51744565217391314 0.22837500000000002
decision_type=2 2 2 2 2 2 2 2 2 2 2 2 2 2 2 2 2 2 2 2 2 2 2 2 2 2 2 2 2 2
left_child=-1 -2 3 7 5 10 -7 8 15 -10 -5 21 13 -13 -15 -3 17 18 24 20 -19 -12 -23 -24 -17 -11 -4 -28 29 -29
right_child=1 2 26 4 -6 6 -8 -9 9 25 11 12 -14 14 -16 16 -18 19 -20 -21 -22 22 23 -25 -26 -27 27 28 -30 -31
leaf_value=0.0030053988140972456 -0.00055097810107969576 0.055092441914627199 -0.0014658602391291876 0.035899741090549823 0.0028062206098620479 0.037081302271324883 -0.033639364139237335 0.0072766231663795467 0.008120705257163156 -0.060028274864907076 0.038064334569020135 0.0072040235251592715 0.02707685888463883 -0.00049373788199910576 -0.10160445525214859 0.0029408099466628427 0.039751632117583313 -0.057084634449877339 -0.052093712990852442 0.052590878991482883 0.030239151019103724 -0.10537811581795274 -0.043889735922249214 0.037737991368036822 -0.064136961245262705 0.0097720371713030663 0.0014962517335549946 -0.020594555306803229 -0.017070233076825911 0.029050688513232916
leaf_weight=596.33892179327086 7171.4609550838359 2.11359804496169 518.00814010342583 8.6526371017098409 50.473104922100902 27.474528140388433 2.465391947887837 117.48113586707041 5.6925972951576105 7.2769279042258841 1.4023615308105934 12.481718613766136 14.671252080239354 1.3580934740602963 1.4520998569205401 19.709509895415984 3.4971858691424123 2.3134370716288668 7.1387753146700552 4.1910736728459597 2.2728576865047216 1.3608684027567504 2.9936684747226536 1.4743263954296706 1.496429169550537 1.5577285969629882 111.1279889526777 3.1930951029062262 4.7095633279532185 29.426048038527369
leaf_count=7060 189300 21 8872 81 643 258 30 1578 78 114 15 168 151 14 29 346 26 44 163 37 20 33 51 20 29 21 1218 31 50 219
internal_value=9.49152e-12 -0.000220205 0.00223169 0.00678881 0.0123658 0.0187323 0.0312578 0.00275915 -0.0065094 -0.0258391 0.0105527 0.0046561 0.0113125 -0.00381193 -0.0527403 6.18292e-05 -0.00280165 -0.0068105 -0.0144612 0.017896 -0.0138091 -0.0229254 -0.0375989 -0.0169546 -0.00179263 -0.0477211 0.000173514 0.00589376 0.0189852 0.0241909
internal_weight=8735.27 8138.93 967.466 301.001 126.26 75.7869 29.9399 174.741 57.2601 14.5273 45.847 37.1944 29.9632 15.2919 2.81019 42.7329 40.6193 37.1221 28.3447 8.77737 4.58629 7.23122 5.82886 4.46799 21.2059 8.83466 666.465 148.457 37.3287 32.6191
internal_count=210720 203660 14360 3970 1493 850 288 2477 899 213 562 481 362 211 43 686 665 639 538 101 64 119 104 71 375 135 10390 1518 300 250
is_linear=0
shrinkage=0.05


Tree=107
num_leaves=31
num_cat=0
split_feature=11 11 8 48 38 47 42 17 33 38 9 13 13 33 14 42 0 38 8 14 26 25 7 37 35 9 42 38 15 13
split_gain=2.09207 3.86147 2.81066 2.33696 3.82179 2.56858 2.60503 2.40543 4.41092 3.51959 3.29438 2.58355 6.20561 5.88445 4.61634 3.54613 3.20593 2.69351 3.21888 4.4241 3.72151 3.07349 2.35338 4.1668 3.35798 2.93371 2.1928 3.87896 2.66619 2.24533
threshold=4.2720838335334141 4.3240088680229531 124.50000000000001 0.35053929382624943 -0.055000000000000042 0.9283478656024633 0.31958220948394511 20.500000000000004 1.3844907702263822 0.049999999999999954 490.50000000000006 -0.56366914963494408 -0.60725725584689749 1.3845831072358821 7.9481035198178223 0.36811892375428373 184.50000000000003 0.012499999999999952 117.50000000000001 8.039325072909465 0.42500000000000004 9.1035898263564494 51.500000000000007 0.51837662337662349 806.08161764705903 122.50000000000001 0.34105234638983745 0.029999999999999954 5.4776590189955021 -0.72327724004668725
decision_type=2 2 2 2 2 2 2 2 2 2 2 2 2 2 2 2 2 2 2 2 2 2 2 2 2 2 2 2 2 2
left_child=-1 2 3 7 -5 -6 -7 8 9 -2 11 12 17 -14 -15 16 -13 -9 -19 20 -20 -21 26 24 -24 -26 27 28 -8 -28
right_child=1 -3 -4 4 5 6 22 10 -10 -11 -12 15 13 14 -16 -17 -18 18 19 21 -22 -23 23 -25 25 -27 29 -29 -30 -31
leaf_value=-0.00027412417791569974 -0.040510792934273634 5.085486188847894e-05 0.031740230141162486 0.069870740556094199 -0.055464489339836491 0.045294385263107834 0.016524382999293801 0.018279163182706924 0.0075260104744476882 0.0072420872707062295 0.080445013718675934 0.0083733317291987634 0.023987978473074639 -0.092726256559295853 -0.012665177007834191 0.038169979506114213 0.046608535321357898 0.011191334141600354 -0.055259530823510532 -0.10831346730280156 0.026947818614199422 -0.005463511269114628 0.014054668222198708 0.038653516176574094 -0.0080322712339493587 -0.095841222938918613 0.019711625260122479 -0.077400380868538093 -0.06417909120366215 -0.0041680960283051131
leaf_weight=7756.0671868193895 10.033829458057882 666.55578836239874 10.923681274987755 1.7878186292946328 2.3577034068293861 2.7486513787880531 4.4379152152687293 39.570520761422813 54.027191645931453 6.2697123168036333 1.7271319776773442 58.244811601471156 3.3211132660508138 3.9634022647514939 3.2993420856073499 16.164647565223277 6.0520023591816416 15.665678397752346 2.0833847038447839 2.1284070527181034 4.0586152672767639 1.102710868231952 1.5751542486250389 1.7347338218241928 1.3378982227295635 3.29114796128124 14.711911631748071 2.4298200691118836 1.3301397319883106 29.748852262273438
leaf_count=196270 205 10419 101 15 64 35 95 397 712 86 9 883 33 63 38 147 51 186 24 42 40 14 17 16 20 55 150 69 32 432
internal_value=-1.06589e-11 0.00218583 0.00683449 0.00591288 -0.00225863 -0.00422129 -0.00231405 0.00833484 0.000647464 -0.0221469 0.0117702 0.0110082 0.00434466 -0.0311447 -0.0563559 0.0172354 0.0119723 0.0101583 -0.00267569 -0.0258522 -0.000937159 -0.073213 -0.00447353 -0.0298506 -0.0490048 -0.0704625 -0.000647619 -0.0244091 -0.00208621 0.00373362
internal_weight=8728.75 972.684 306.128 295.204 67.4917 65.7039 63.3462 227.713 70.3307 16.3035 157.382 155.655 75.1932 10.5839 7.26274 80.4615 64.2968 64.6093 25.0388 9.37312 6.142 3.23112 60.5976 7.93893 6.2042 4.62905 52.6586 8.19788 5.76805 44.4608
internal_count=210720 14450 4031 3930 1000 985 921 2930 1003 291 1927 1918 837 134 101 1081 934 703 306 120 64 56 886 108 92 75 778 196 127 582
is_linear=0
shrinkage=0.05


Tree=108
num_leaves=31
num_cat=0
split_feature=11 11 17 26 6 28 0 30 20 34 11 42 11 7 36 13 39 39 11 20 8 15 26 11 33 46 33 4 42 14
split_gain=2.28061 4.01377 2.31198 2.23821 2.25016 3.97983 2.5833 2.4533 2.85109 2.44885 2.56996 2.51156 3.30851 2.61701 3.30427 2.76372 2.80135 2.54886 2.54351 3.28903 3.39288 3.21483 2.82008 3.59174 3.24792 4.45142 3.03749 3.54044 2.73878 2.52847
threshold=4.2720838335334141 4.3240088680229531 20.500000000000004 0.31500000000000006 32.500000000000007 -0.0014620773834265997 187.50000000000003 0.2245689655172414 -3.4999999999999996 74.426785714285728 4.0882617912029682 0.38375106674054987 4.0928015599328367 54.500000000000007 4.6233108108108114 -0.058925322455257542 1.5000000000000002 1.5000000000000002 3.7778516548463359 4.5000000000000009 129.50000000000003 8.6420126179676853 0.40500000000000008 3.9314531274165394 1.3845720966200379 1.0000000180025095e-35 1.3843038512232495 6.5000000000000009 0.38667320392679433 10.414659257750168
decision_type=2 2 2 2 2 2 2 2 2 2 2 2 2 2 2 2 2 2 2 2 2 2 2 2 2 2 2 2 2 2
left_child=3 2 -2 -1 -5 6 7 8 -6 11 -11 12 -7 -14 -15 16 -16 18 21 22 -21 -13 24 26 -20 -26 -24 29 -29 -28
right_child=1 -3 -4 4 5 9 -8 -9 -10 10 -12 17 13 14 15 -17 -18 -19 19 20 -22 -23 23 -25 25 -27 27 28 -30 -31
leaf_value=0.0026781136010949266 0.00074806024962779222 0.00010502162666881415 0.010030717426272373 -0.00078635798840866449 0.030958501077863694 0.0030373807450784543 -0.015843451225645323 0.011557690611683186 -0.065636213538004654 -0.011794450840864817 -0.072089488637371371 0.028469477920587828 0.049864421760663954 0.058260514870008689 0.024732177120583457 0.055394139549087687 -0.061314265313201624 -0.0081288060528085342 0.00013003226679179987 -0.018892789560583035 0.022701732708397912 -0.036809670372808127 0.0075417366240073409 0.011229946734271365 0.028502477047677915 -0.060308741200424787 -0.040775335801970299 0.0084522705181097404 -0.07742334925342681 0.024493776949807811
leaf_weight=588.46756322542205 99.256836163811386 666.30032786633819 206.90457570180297 6611.727528559044 1.1778278872370722 140.71149784233421 9.8043306041508895 151.53504717629403 2.1737761180847874 11.198195508681236 2.0984434769488862 14.992574564646931 7.0756389517337066 2.2689023548737168 1.4268472949042914 1.1401871675625441 2.8061631917953491 113.50074980501086 7.4374018255621221 6.3089656047523048 21.995450229384005 2.1574296802282324 7.6487499321810928 26.668281707912683 1.7270005121827106 7.7090367693454027 2.7670281399041396 1.156603582203388 4.706638558767736 3.1996210468932986
leaf_count=6970 1429 10419 2602 179594 13 2787 249 2370 50 242 62 204 91 26 27 24 71 1980 116 106 287 36 146 396 16 158 75 20 110 44
internal_value=-1.14201e-11 0.00228248 0.0070213 -0.000286197 -0.000529587 0.00252718 0.00904631 0.0106218 -0.0316907 -0.000220813 -0.0213101 0.000522199 0.00539664 0.0279527 0.00766521 -0.0136993 -0.0323101 -0.00289093 0.00258964 -0.000728234 0.0134304 0.0202575 -0.00708734 -0.000691601 -0.0245789 -0.0440544 -0.0170134 -0.0328899 -0.0604832 -0.00577471
internal_weight=8728.05 972.462 306.161 7755.59 7167.12 555.392 164.691 154.887 3.3516 390.701 13.2966 377.405 155.429 14.7177 7.6421 5.3732 4.23301 221.976 108.475 91.3248 28.3044 17.15 63.0204 46.1469 16.8734 9.43604 19.4786 11.8299 5.86324 5.96665
internal_count=210720 14450 4031 196270 189300 9706 2682 2433 63 7024 304 6720 3026 239 148 122 98 3694 1714 1474 393 240 1081 791 290 174 395 249 130 119
is_linear=0
shrinkage=0.05


Tree=109
num_leaves=31
num_cat=0
split_feature=6 11 11 11 8 6 0 34 50 33 48 38 25 29 38 6 0 31 33 26 14 25 32 33 33 6 30 48 24 37
split_gain=2.42043 2.59855 2.57507 2.79339 2.33967 2.14996 2.56775 2.46362 2.44272 2.63797 3.09742 2.54184 3.5069 3.57163 3.88893 3.41455 3.28977 2.25434 5.05261 4.09461 4.52568 2.71571 2.70835 2.53779 3.93005 2.85868 6.76095 6.0055 2.84416 2.56707
threshold=32.500000000000007 4.3087327523602044 4.2720838335334141 4.3240088680229531 124.50000000000001 25.500000000000004 21.500000000000004 74.812500000000014 1.0000000180025095e-35 1.3859348604851147 0.26602383839265603 -0.0113247863247862 2.2493604468067052 0.23237903225806453 0.04124999999999996 26.500000000000004 132.50000000000003 0.26363175675675682 1.3849528785852414 0.45500000000000007 9.7581737296366722 8.4782515616951759 0.23506756756756755 1.3856713025371328 1.3855032667022529 28.500000000000004 0.24721362229102162 0.10663593827557351 3.5000000000000004 0.46437500000000004
decision_type=2 2 2 2 2 2 2 2 2 2 2 2 2 2 2 2 2 2 2 2 2 2 2 2 2 2 2 2 2 2
left_child=2 -2 -1 4 -4 7 -7 -5 17 10 -10 -12 -13 -14 15 -15 -17 23 19 20 21 22 -19 24 29 26 -25 -28 -27 -8
right_child=1 -3 3 5 -6 6 8 -9 9 -11 11 12 13 14 -16 16 -18 18 -20 -21 -22 -23 -24 25 -26 28 27 -29 -30 -31
leaf_value=-0.00055065927097552045 0.0032709615353640311 -0.062213372531284353 0.0054085315824748586 -0.0013666389119640385 0.03149683592723377 0.057843696526557908 0.052008001848701052 0.051024343913982501 0.040606310378711374 -0.027205646984827522 0.039754291570673797 0.03203527330459837 -0.070032941549505762 0.02317215003500411 0.054164605175770777 -0.0046775022979950965 -0.097707734451417866 0.055916703728975649 -0.094596676082284045 -0.05145623193590735 -0.055892577725639263 0.063086920304719241 -0.0077275681692636228 0.022911204734956392 0.034105695711178073 0.034248192217320728 0.013752752952586553 -0.074299288656704474 -0.030111914983719887 0.00086688806635657465
leaf_weight=7165.6440062581096 585.22918457398191 1.5188751779496659 294.92363671283238 514.43321914691478 8.8521127114072424 2.3249323256313792 2.5832103863358489 2.2537189200520507 11.927293962799011 3.2238942813128224 5.0975990854203692 5.494830619543797 2.4547354802489272 2.5271963477134687 2.2900140359997749 1.8754761107265951 1.9263753788545726 2.1288793031126314 1.7670292304828752 3.9566446519456795 2.4877375969663253 2.6312256837263694 7.781653992831707 5.1462538726627853 13.091634456068276 5.4953697230666867 2.7406829223036748 6.5992936436086893 2.4963408093899488 48.975807297974825
leaf_count=186227 10066 19 3916 8883 79 20 18 17 82 31 35 44 30 17 15 18 28 17 36 70 42 20 99 50 105 44 29 119 26 518
internal_value=4.39234e-12 0.00310145 -0.000223748 0.00219751 0.00616875 0.000379899 0.00571466 -0.00113812 0.00487709 0.0159975 0.0201436 0.00887886 -0.000620449 -0.0168243 -0.00167026 -0.0218728 -0.0518154 0.00108196 -0.0137277 -0.00620123 0.00571253 0.0179323 0.00594384 0.00460947 0.0096411 -0.00986243 -0.0231064 -0.0484617 0.0141443 0.00342916
internal_weight=8719.88 586.748 8133.13 967.487 303.776 663.711 147.024 516.687 144.699 36.8174 33.5935 21.6662 16.5686 11.0738 8.61906 6.32905 3.80185 107.882 20.7532 18.9861 15.0295 12.5418 9.91053 87.1286 64.6507 22.4779 14.4862 9.33998 7.99171 51.559
internal_count=210720 10085 200635 14408 3995 10413 1513 8900 1493 300 269 187 152 108 78 63 46 1193 284 248 178 136 116 909 641 268 198 148 70 536
is_linear=0
shrinkage=0.05


Tree=110
num_leaves=31
num_cat=0
split_feature=6 11 32 33 30 17 32 47 0 43 5 11 35 26 30 38 11 5 33 35 28 7 11 20 0 43 0 26 30 15
split_gain=1.95722 2.28787 2.25295 2.85938 3.21364 2.69557 2.91792 2.17806 3.17731 2.70488 2.89371 2.6173 3.61099 4.28097 3.45409 3.28263 3.2022 3.02922 2.70351 2.6007 2.50611 2.50301 2.45767 2.96772 3.31632 3.2766 3.23951 2.7204 2.56119 2.54377
threshold=32.500000000000007 4.2720838335334141 0.28687500000000005 1.3826768650721271 0.27977272727272734 23.500000000000004 0.25732142857142865 0.81059506323900499 70.500000000000014 0.41080921998901626 19.500000000000004 3.8946998817267895 823.0875000000002 0.35500000000000004 0.23622844827586206 0.034999999999999955 3.8626020577497511 20.500000000000004 1.3847900507499191 819.4625000000002 -0.00074181544598244992 51.500000000000007 4.1270852412732317 -4.4999999999999991 144.50000000000003 0.40803819249910372 196.50000000000003 0.26500000000000007 0.25062500000000004 4.8152341736056856
decision_type=2 2 2 2 2 2 2 2 2 2 2 2 2 2 2 2 2 2 2 2 2 2 2 2 2 2 2 2 2 2
left_child=1 -1 3 5 -5 -3 -7 9 19 11 21 16 14 -14 15 -13 -2 -15 -17 -9 -18 -11 23 24 -10 27 -26 28 -25 -29
right_child=7 2 -4 4 -6 6 -8 8 22 10 -12 12 13 17 -16 18 20 -19 -20 -21 -22 -23 -24 25 26 -27 -28 29 -30 -31
leaf_value=-0.00051084271867381389 0.0028386140158611251 0.033372155892840351 -0.046593874934201265 0.0019868825953960854 -0.060476270214381782 0.032093592929732816 -0.065444058040890263 0.021578842710517764 0.033154338812268321 0.031615663429903532 0.025710976521825579 -0.058083095118735675 -0.077987159935228839 0.018280428608367795 -0.0046528459398874995 -0.038631421806508359 0.040544265296084792 -0.026386988971430627 0.064244895283791126 -0.0015906623963503432 0.0081823272853715975 -0.054061097593043755 0.033183496243846193 -0.0015740072093406302 -0.02020363177841062 0.019052242236764685 0.066741972775181471 0.034573765182560577 0.070461386293438483 -0.0083619659730552378
leaf_weight=7155.4713835609145 156.38667718041688 12.780389740131794 2.3711991664022198 944.01876552472822 2.063657058402895 1.4699686616659158 1.6028831042349336 49.806715068407357 13.869460395537319 0.99392155557870676 2.0488033667206764 5.8956498773768526 1.325737235136329 34.605604168027639 141.49225084949285 1.3596793478354814 10.638370687142016 4.2632863828912368 1.2041941033676264 16.002840764820576 13.668809991329907 5.9897594079375267 6.3500000764615825 2.7228856952860943 6.9881749628111702 16.413458348251879 1.2653115987777708 3.5793584883213034 2.2565141012892127 95.227845366112888
leaf_count=186227 2698 141 47 14122 48 18 32 713 182 10 29 134 25 547 2425 30 147 71 11 292 259 136 81 32 146 244 13 88 16 1756
internal_value=-2.16128e-11 -0.000202735 0.00208352 0.00220351 0.00185063 0.0232625 -0.0187847 0.00276966 0.00679781 0.000495307 -0.026539 0.00115378 -0.00294101 0.0103675 -0.00650837 -0.0375436 0.00546277 0.0133811 0.00968729 0.0159447 0.022346 -0.0418675 0.00274895 0.00139106 0.0182207 -0.00170645 -0.00687432 -0.00498936 0.0310703 -0.00680659
internal_weight=8714.13 8119.78 964.307 961.936 946.082 15.8532 3.07285 594.355 214.483 379.873 9.03248 370.84 190.146 40.1946 149.952 8.45952 180.694 38.8689 2.56387 65.8096 24.3072 6.98368 148.673 142.323 22.1229 120.2 8.25349 103.787 4.9794 98.8072
internal_count=210720 200635 14408 14361 14170 191 50 10085 3563 6522 175 6347 3243 643 2600 175 3104 618 41 1005 406 146 2558 2477 341 2136 159 1892 48 1844
is_linear=0
shrinkage=0.05


Tree=111
num_leaves=31
num_cat=0
split_feature=6 11 26 28 47 47 7 27 8 28 43 25 7 8 33 26 33 51 47 11 25 5 8 7 4 6 8 47 4 28
split_gain=2.55576 2.20239 2.18182 2.9664 3.49998 5.72981 4.22345 3.86383 3.64913 2.92677 4.24033 3.96591 2.776 2.72165 2.61222 4.02623 3.89995 4.04535 3.86171 3.54371 3.14515 6.08792 3.91806 3.50784 3.06065 3.39994 3.6831 2.62734 2.55977 2.91945
threshold=32.500000000000007 4.2720838335334141 0.31500000000000006 -0.0021019572084414496 0.70851248999180261 0.715820228535897 43.500000000000007 1.0081514314756739 113.50000000000001 -0.0035015243967332996 0.4022821240817116 8.2702853790792812 42.500000000000007 121.50000000000001 1.384930527294453 0.23500000000000001 1.3848049296034379 1.0000000180025095e-35 1.979913400431857 3.7033768724407818 2.6337850404592378 12.500000000000002 125.50000000000001 54.500000000000007 4.5000000000000009 24.500000000000004 136.50000000000003 1.990951517707922 1.5000000000000002 0.00066019551839100008
decision_type=2 2 2 2 2 2 2 2 2 2 2 2 2 2 2 2 2 2 2 2 2 2 2 2 2 2 2 2 2 2
left_child=1 2 3 4 6 -6 7 13 -7 11 -11 -8 -10 -1 15 16 17 20 28 -18 23 -22 -23 -5 -19 -26 -27 -16 -17 -30
right_child=-2 -3 -4 14 5 8 9 -9 12 10 -12 -13 -14 -15 27 18 19 24 -20 -21 21 22 -24 -25 25 26 -28 -29 29 -31
leaf_value=-0.084358927176979168 0.0031591217258712099 0.0020073864740011898 -0.00078974549500670046 -0.094410618919601341 -0.074650611340621453 -0.039823763228478082 0.00071082391512328311 0.041452244747462806 0.049461776740850644 0.050569628951907357 0.007192589564093476 0.045170882749390136 0.0047357069164692218 0.0046560970935035084 0.0030066281104395728 0.05070551977139947 -0.0051901875763566141 0.017636944566596487 -0.072022783396745838 -0.11016745013274956 0.031517828825411327 0.0026094176945887886 -0.089450131010718401 -0.020218098670648131 -0.080631316394376498 0.0032352221486980359 -0.067994145953910998 0.043936444341859053 -0.0097710456620451868 0.0064819234416386906
leaf_weight=2.3651349814608689 596.38279016455635 966.9270349717699 6587.7740591899492 3.4535337332636109 2.390719939954578 4.3522382620722047 20.777301627211276 1.5733436793088911 3.716222431510686 15.899013774935158 8.7263468336313945 6.6120462678372851 52.20611967984587 1.3482011705636976 266.34384521795437 2.5881092064082614 1.3286083489656442 11.947761613875629 1.8120011202990998 2.0356161389499903 3.9883625814691168 1.9449736317619679 2.8483958384022117 2.9574904665350914 1.7970388159155835 11.932824192568658 2.1403472898527971 3.9793935464695087 43.982662223279476 74.312010577414185
leaf_count=41 10085 14408 179594 68 39 78 265 14 26 120 104 57 593 14 3123 24 15 121 27 37 43 27 51 34 38 151 38 35 584 866
internal_value=-1.1232e-11 -0.000232195 -0.000535185 0.00246286 0.0094313 0.0012647 0.0183624 -0.0242164 0.00427579 0.02269 0.0351984 0.0114439 0.0077079 -0.0520402 0.000560275 -0.00431453 -0.0168649 -0.0128097 0.000429148 -0.0687096 -0.0335591 -0.0141213 -0.0520957 -0.0601846 -0.00147751 -0.0158677 -0.00759784 0.00360915 0.00151518 0.000438973
internal_weight=8710.44 8114.06 7147.13 559.36 119.967 62.6653 57.3014 5.28668 60.2746 52.0147 24.6254 27.3893 55.9223 3.71334 439.393 169.07 46.375 43.0107 122.695 3.36422 15.1928 8.78173 4.79337 6.41102 27.818 15.8702 14.0732 270.323 120.883 118.295
internal_count=210720 200635 186227 6633 1351 736 615 69 697 546 224 322 619 55 5282 2124 623 571 1501 52 223 121 78 102 348 227 189 3158 1474 1450
is_linear=0
shrinkage=0.05


Tree=112
num_leaves=31
num_cat=0
split_feature=13 48 24 15 5 4 28 43 5 37 36 28 28 34 16 33 43 32 20 35 37 34 28 6 16 28 15 8 33 11
split_gain=2.01151 2.01991 2.59394 3.33772 3.73503 3.68879 3.74137 4.27773 3.43993 4.28989 3.43552 2.92945 2.80998 3.12394 5.63499 2.78039 2.68384 2.4919 2.44358 2.79538 2.2411 3.0516 2.41162 5.85864 2.69849 3.39446 3.45384 4.37799 2.83094 4.35901
threshold=-0.91373422451556963 0.11372658761848901 3.5000000000000004 6.0960343862419402 15.500000000000002 6.5000000000000009 -0.0019029635250465498 0.40231565708554468 10.500000000000002 0.49743421052631581 4.4486842105263174 0.0020210886968421004 -0.0048367654432422491 73.273863636363657 25.500000000000004 1.3861883847979064 0.31031803189747292 0.24642401021711366 -2.4999999999999996 803.39696969696979 0.52986486486486506 74.490000000000023 0.00014107102622400004 29.500000000000004 17.500000000000004 0.0031159522525658506 5.2534476689504874 118.50000000000001 1.385756572925088 3.8236520625692134
decision_type=2 2 2 2 2 2 2 2 2 2 2 2 2 2 2 2 2 2 2 2 2 2 2 2 2 2 2 2 2 2
left_child=-1 2 -2 4 5 10 7 -7 9 -8 11 17 13 14 -5 20 -14 -4 19 -10 21 22 23 -12 -24 26 27 -26 29 -28
right_child=1 -3 3 12 -6 6 8 -9 18 -11 15 -13 16 -15 -16 -17 -18 -19 -20 -21 -22 -23 24 -25 25 -27 28 -29 -30 -31
leaf_value=0.0029459997393035714 0.0001843065135353779 -0.00057866236250699141 -0.056891001312565276 -0.084367470275692746 0.049508052590270218 -0.078292555024684241 0.036478449077729153 0.017397248090664216 0.05429074215143042 -0.081797600209219279 0.01845968543196215 -0.087084201335316899 0.073983596021477499 -0.0015430784867905434 0.046763425790900856 -0.046852771180541992 0.0020579962483399895 0.0045130080018675632 0.049963231959813337 -0.022274832641952735 0.036972104181273828 -0.057599077363646195 0.027963819902731741 -0.063833287833332808 -0.0063722568814611972 0.012058023766410299 0.047095387941891838 -0.08625446535167286 0.025596900178099999 -0.034653284165296741
leaf_weight=543.25106823304668 1139.738948461134 6598.7095434588846 2.2342967614531499 3.5905807749368233 5.911864645779132 1.7032977137714649 1.7345742620527773 3.715964263305068 2.0447410922497609 1.3738533919677136 53.592937429435551 1.5064005395397533 1.3037620186805714 6.9726833608001471 1.0614534225314853 2.289366563782095 248.85567548824474 6.3425563732162118 16.1122682057321 2.8588151158764958 6.6426617000252 1.7957121739163984 7.1305817454121998 2.2537255529314271 3.3271911554038551 16.135713453404605 1.9992346428334702 3.5402078116312623 5.0967980651184908 8.8454321185126883
leaf_count=8314 20728 176003 45 87 58 37 21 47 19 24 671 41 11 111 12 34 3371 108 154 44 77 32 74 40 48 207 21 59 65 157
internal_value=8.38029e-12 -0.000196168 0.00142206 0.00478114 0.0105153 0.00900147 0.024863 -0.0126785 0.0332963 -0.0157968 0.00518337 -0.0227775 0.00131616 -0.0227146 -0.0544474 0.00768615 0.00243285 -0.0114829 0.0405576 0.00965236 0.00881753 0.00701435 0.00815274 0.0151387 -0.000314782 -0.00549247 -0.0179082 -0.0475523 -0.00513794 -0.0195828
internal_weight=8701.67 8158.42 1559.71 419.972 158.188 152.276 29.5435 5.41926 24.1243 3.10843 122.733 10.0833 261.784 11.6247 4.65203 112.65 250.159 8.57685 21.0158 4.90356 110.36 103.718 101.922 55.8467 46.0752 38.9446 22.8089 6.8674 15.9415 10.8447
internal_count=210720 202406 26403 5675 2083 2025 346 84 262 45 1679 194 3592 210 99 1485 3382 153 217 63 1451 1374 1342 711 631 557 350 107 243 178
is_linear=0
shrinkage=0.05


Tree=113
num_leaves=31
num_cat=0
split_feature=6 25 4 7 32 13 11 28 31 29 14 16 42 9 26 32 16 28 28 47 47 11 29 33 11 11 6 0 13 0
split_gain=1.94893 2.30127 2.27641 3.97984 3.29344 2.74496 2.5618 2.67737 4.488 3.07253 2.43967 2.44463 2.26718 2.28025 2.19365 2.98629 1.97153 2.17081 2.73484 2.17008 3.4508 3.03713 2.13121 3.21347 1.94535 2.08459 2.52354 2.32486 2.28213 3.72884
threshold=32.500000000000007 0.68720142495471626 5.5000000000000009 63.500000000000007 0.24366987179487179 -0.88695199297692706 4.0979778409533463 -4.7538547771730493e-05 0.24366987179487179 0.23732142857142857 10.3676199019368 17.500000000000004 0.39755003475254791 327.50000000000006 0.23500000000000001 0.25612500000000005 14.500000000000002 -0.0021452192473205493 -0.0019909858440629495 0.92999026239768379 0.7078262516628987 3.848184968035639 0.26835016835016839 1.3842378765725984 4.2720838335334141 4.3240088680229531 25.500000000000004 21.500000000000004 -0.85545174010946246 138.50000000000003
decision_type=2 2 2 2 2 2 2 2 2 2 2 2 2 2 2 2 2 2 2 2 2 2 2 2 2 2 2 2 2 2
left_child=24 -2 3 5 12 -3 16 8 -8 -9 11 -6 13 -5 15 -4 -7 19 -19 20 -18 -22 -20 -24 -1 -26 -27 -28 29 -29
right_child=1 2 14 4 10 6 7 9 -10 -11 -12 -13 -14 -15 -16 -17 17 18 22 -21 21 -23 23 -25 25 26 27 28 -30 -31
leaf_value=-0.00049015362417387535 -0.058074825252802532 0.041527982109252577 -0.094423535647243262 0.044350785770940565 0.060729886737288033 0.039481528439098711 -0.078498465704901058 0.028080434583818099 0.038445639578252346 -0.070415268148672924 -0.076092602153677927 -0.022227786875449945 0.050428718162019381 -0.046821168492465669 0.0015800985814493314 0.011467289142826511 0.031057302758505535 -0.0780902778532859 0.011218219412583441 0.049305235889354808 0.018056761917449603 -0.08229092875936804 0.0017249283515267735 -0.077491820116839166 0.0052906517192842992 -0.0013134892179414114 0.056702046194201786 -0.027180237050413392 0.0084559792508019614 0.010140322648631418
leaf_weight=7124.7160551047418 1.5513855181634415 7.739615472033619 1.3948831446468823 1.1204109350219398 0.96086572855710883 6.5715563753619781 1.0721937743946908 1.0719147920608501 3.493799464777112 3.0296015804633498 1.9441749388352025 11.719655125401912 3.0353116104379296 1.7679862901568411 473.5208957772702 1.2738738525658844 7.3898223135620373 0.93490551505237718 56.565833838190883 6.605124454945325 1.4994167918339374 1.5168011235073207 4.9975015372037879 1.7211013007909057 308.52370809065178 517.53786863107234 2.2415508646517983 12.855010231956841 114.41323632653803 13.96249921992421
leaf_count=186227 58 99 27 24 8 58 29 18 57 99 44 280 40 39 7612 16 129 24 1118 95 29 43 84 55 3995 8900 20 159 1187 147
internal_value=1.52762e-11 0.00274347 0.00290047 0.00891268 -0.0111983 0.0128782 0.0105797 -0.0153533 0.0109846 -0.0446738 -0.023938 -0.0159417 0.020254 -0.0114555 0.00132533 -0.0438788 0.0131397 0.0110087 0.00680184 0.02689 0.0126622 -0.0324063 0.00805596 -0.018568 -0.000204211 0.00189707 0.000313124 0.00618069 0.00537884 -0.00774934
internal_weight=8696.75 602.499 600.947 124.758 20.5484 104.209 96.4696 8.66751 4.56599 4.10152 14.6247 12.6805 5.92371 2.8884 476.19 2.66876 87.8021 81.2305 64.2193 17.0112 10.406 3.01622 63.2844 6.7186 8094.25 969.534 661.01 143.472 141.231 26.8175
internal_count=210720 10085 10027 2372 435 1937 1838 203 86 117 332 288 103 63 7655 43 1635 1577 1281 296 201 72 1257 139 200635 14408 10413 1513 1493 306
is_linear=0
shrinkage=0.05


Tree=114
num_leaves=31
num_cat=0
split_feature=6 4 39 7 35 35 8 37 12 15 13 13 26 7 43 0 36 15 48 29 11 48 35 25 24 32 28 11 20 31
split_gain=2.35091 3.32702 2.42098 2.67615 2.12843 3.13128 2.69966 2.03808 3.14169 3.01479 2.41395 2.3712 2.38244 2.32058 2.20643 2.65633 2.07785 2.36093 2.78934 2.0573 4.33739 3.39951 3.05203 2.8181 2.62374 3.59259 3.12856 2.44343 3.01338 3.00569
threshold=32.500000000000007 5.5000000000000009 2.5000000000000004 62.500000000000007 814.4625000000002 813.46964285714296 123.50000000000001 0.47440476190476194 23.500000000000004 6.7035727609163009 -0.89606765961543078 -0.58501223471998909 0.43500000000000005 56.500000000000007 0.39226502711829314 143.50000000000003 4.662280701754387 6.6166672552231303 0.24207571350362231 0.25298573975044564 4.153902549063841 0.62451563512499131 793.42500000000007 5.8858305089309528 2.5000000000000004 0.26109375000000007 0.0032051322038048505 4.1212467928715073 1.5000000000000002 0.23860576923076923
decision_type=2 2 2 2 2 2 2 2 2 2 2 2 2 2 2 2 2 2 2 2 2 2 2 2 2 2 2 2 2 2
left_child=-1 2 -2 4 5 6 -4 8 9 13 -11 -10 -13 -3 15 16 17 -9 -19 21 24 22 -16 -22 25 26 -21 28 -24 -29
right_child=1 7 3 -5 -6 -7 -8 14 11 10 -12 12 -14 -15 19 -17 -18 18 -20 20 23 -23 27 -25 -26 -27 -28 29 -30 -31
leaf_value=-0.00022485924351372069 0.014428456180107425 -0.044332466380347373 0.050886252747440443 -0.021429473928000365 0.01590250314313121 -0.099684611133655038 -0.034216238495176104 0.056700075305460895 0.030509533620762593 -0.10414711452414466 -0.031356897242431687 -0.067476130168884374 0.010631213733369166 0.016013464606325484 -0.06714004732687083 -0.036400132628281796 0.028921860794037559 -0.071448447964474276 0.0040999992147650721 0.0032626272840942309 -0.0052290462549156218 -0.048255261572920913 0.002733856084252024 -0.089718359162861833 0.0094189708944409003 -0.099517926942133128 -0.071969765430345209 -0.045076292399066381 -0.0085382066476039145 0.025802684348531897
leaf_weight=8086.1273474751506 92.393935022875667 2.1595311807468587 1.5359561778605013 11.003994113765655 19.087226800620556 1.0056433035060761 2.3695117910392582 1.4553129319101623 6.1986280614510179 1.2777016367763305 10.49202805012464 1.5465751783922295 2.6476172613911331 6.0736211282201111 1.7278476767241944 2.2955871578305951 18.598249088972807 1.5904943784698842 5.2701831189915538 11.321930843871085 2.0504013057798143 3.8450804697349659 151.01341589447111 1.902883415110409 129.33821096131578 1.1137530766427506 1.5740071469917882 1.6692645438015485 97.617132402025163 14.386425980366765
leaf_count=200635 1677 49 26 308 334 29 56 20 74 32 219 37 53 115 39 73 265 37 85 202 35 87 2371 34 1849 30 43 30 1673 203
internal_value=4.18848e-11 0.00300753 0.010186 -0.00101248 0.00834936 -0.0210062 -0.000746831 0.00109098 -0.011437 -0.0230239 -0.0392589 0.010864 -0.0181702 0.000184908 0.00194331 0.0152285 0.0196321 -0.00114409 -0.0134142 0.00101397 0.00576783 -0.00157706 -0.000903368 -0.0458973 0.00719266 -0.0133608 -0.00591982 -0.000470981 -0.00169177 0.0184336
internal_weight=8690.69 604.562 127.396 35.0023 23.9983 4.91111 3.90547 477.166 30.3957 20.0029 11.7697 10.3928 4.19419 8.23315 446.77 29.2098 26.9142 8.31599 6.86068 417.56 147.301 270.259 266.414 3.95328 143.348 14.0097 12.8959 264.686 248.631 16.0557
internal_count=210720 10085 2430 753 445 111 82 7655 579 415 251 164 90 164 7076 480 407 142 122 6596 2193 4403 4316 69 2124 275 245 4277 4044 233
is_linear=0
shrinkage=0.05


Tree=115
num_leaves=31
num_cat=0
split_feature=6 4 33 25 47 16 28 47 24 42 9 7 26 48 42 40 8 26 6 43 37 30 48 33 11 11 32 25 34 37
split_gain=2.97553 2.89844 2.10592 2.89306 2.94807 2.50385 2.53555 3.61047 3.00759 3.90037 2.452 2.43966 2.32378 3.12904 2.18148 2.72837 2.06902 2.03296 2.89268 5.0142 4.65753 3.25933 2.88191 2.5522 2.54499 2.22161 2.83414 2.32531 4.44124 4.68031
threshold=32.500000000000007 5.5000000000000009 1.3838194114872562 1.7545993779433211 1.5675561539348584 14.500000000000002 -0.0021989192818723494 0.92515918404679642 1.5000000000000002 0.39908984549724874 722.50000000000011 60.500000000000007 0.37500000000000006 0.24930518804483789 0.36492126169361699 1.5000000000000002 126.50000000000001 0.31500000000000006 31.500000000000004 0.40098470900178845 0.5285416666666668 0.24937500000000004 0.24888187723932698 1.3851952265096303 3.5298710253082421 4.0404790026694712 0.21899038461538464 4.6492863547253283 72.151923076923097 0.52341346153846169
decision_type=2 2 2 2 2 2 2 2 2 2 2 2 2 2 2 2 2 2 2 2 2 2 2 2 2 2 2 2 2 2
left_child=17 2 3 11 16 -4 7 8 -7 12 -8 -2 -10 14 15 -14 -5 18 -1 24 21 22 -21 -24 -20 27 -27 -19 29 -29
right_child=1 -3 5 4 -6 6 10 -9 9 -11 -12 -13 13 -15 -16 -17 -18 25 19 20 -22 -23 23 -25 -26 26 -28 28 -30 -31
leaf_value=0.0032387768781851111 -0.063559007108566254 0.0015599657408942611 0.044960122983344467 0.041252662670534665 -0.064563302255766994 -0.049599041675333418 0.0081859194604066363 0.050012854132282514 0.073102710236238322 -0.074741395160807134 -0.059341964339110501 0.017928200077908286 -0.06226109339739077 -0.060384203161283713 0.05490060164209816 0.044780767362038836 0.00096530932093287199 -0.0022139808452174576 0.055423786563306127 -0.083254746790321202 0.046938565966265992 -0.091937729948241301 0.035950525112956599 -0.0479748617066523 -0.015632242992504441 -0.019246999569880768 0.00054518899686879969 0.013373953049508218 -0.00035821427697728343 -0.091381066144584688
leaf_weight=547.75907726585865 3.1588568650186089 474.50600243266672 5.7702880622819057 4.1611293442547383 1.416127829812466 1.8809596197679663 79.177317108493298 9.2175859138369542 2.2789504379034007 0.99888599291443902 1.3675098763778795 1.295110562816262 1.1557956058532 1.1510600466281173 3.4973724894225597 1.227564581669867 13.611831698566673 2492.9747712691315 2.6449267081916323 1.6635244349017719 1.3453521756455291 3.3196024685166776 1.9128059665672483 1.7208301872014997 2.4069182006642222 18.180902274791151 3512.1664617431816 76.647393127903342 1418.2564794521313 1.0813071746379126
leaf_count=6512 82 7655 51 51 32 61 1536 120 18 26 45 26 35 37 43 20 247 80974 17 32 15 60 23 26 38 464 78706 1501 32230 37
internal_value=1.51362e-11 0.00337959 0.00995224 -0.00356077 0.00486565 0.0129181 0.0111046 0.0263991 0.00854411 0.0191521 0.00703941 -0.0398644 0.0292253 0.015005 0.0297613 -0.00712851 0.0103977 -0.000253351 0.0026453 -0.0190068 -0.0395834 -0.0530922 -0.0287487 -0.00379515 0.0215696 -0.000470296 0.000443261 -0.00127882 0.000279567 0.0119167
internal_weight=8687.95 605.872 131.366 23.6431 19.1891 107.723 101.953 21.4082 12.1906 10.3096 80.5448 4.45397 9.31074 7.03179 5.88073 2.38336 17.773 8082.08 562.773 15.014 9.96212 8.61676 5.29716 3.63364 5.05184 7519.31 3530.35 3988.96 1495.99 77.7287
internal_count=210720 10085 2430 438 330 1992 1941 360 240 179 1581 108 153 135 98 55 298 200635 6723 211 156 141 81 49 55 193912 79170 114742 33768 1538
is_linear=0
shrinkage=0.05


Tree=116
num_leaves=31
num_cat=0
split_feature=6 4 15 30 28 47 6 7 5 20 24 30 33 43 43 11 48 13 47 17 7 31 47 35 9 14 34 15 0 0
split_gain=3.24038 3.97878 2.18975 2.11557 1.95347 2.55642 2.23196 3.66042 2.13389 2.03268 2.40978 2.3347 1.99889 2.99505 2.86294 2.28188 3.28811 2.39717 2.29294 2.87867 2.51766 2.43052 2.18027 1.93199 1.92921 1.92346 3.34338 3.42018 3.10272 3.73502
threshold=32.500000000000007 5.5000000000000009 6.8714926573527739 0.24479729729729732 -0.0021452192473205493 0.92515918404679642 33.500000000000007 65.500000000000014 18.500000000000004 6.5000000000000009 1.5000000000000002 0.23842261904761902 1.3853864283753807 0.40508680275190417 0.40480522851308137 3.786817943128113 0.11744558283171476 -0.55903488688749714 0.31508069050337112 16.500000000000004 56.500000000000007 0.27245689655172417 0.30887191262364516 795.79375000000016 673.50000000000011 11.307894049112555 74.062500000000014 8.3921654704205491 55.500000000000007 52.500000000000007
decision_type=2 2 2 2 2 2 2 2 2 2 2 2 2 2 2 2 2 2 2 2 2 2 2 2 2 2 2 2 2 2
left_child=25 2 4 -4 5 9 7 -6 12 10 -2 -12 13 15 -14 16 -8 -17 -19 -20 -21 -22 -16 -24 -15 -1 28 -28 29 -27
right_child=1 -3 3 -5 6 -7 8 -9 -10 -11 11 -13 14 24 22 17 -18 18 19 20 21 -23 23 -25 -26 26 27 -29 -30 -31
leaf_value=-0.00040321424331619688 -0.044978411307846043 0.0013805215331563168 -0.0015086323578810035 0.063168729168302892 0.017685627905361438 0.038944314246506177 0.067154025822477495 -0.048619003885043428 0.024474486972289256 -0.051630204761787257 -0.040486280414348957 0.0300295946112209 0.018661859736699038 0.014689694278772057 -0.10620813451484723 -0.083245758392890126 -0.024128206325879385 -0.10205842504752177 -0.09988900440350329 0.048943390672924851 -0.04837363393717576 0.049936384088815698 0.049205636152927459 -0.030183918522807829 -0.040678119508842453 -0.003840465162728519 -0.002283638235099182 -0.045015463704301178 0.0083789655868128868 -0.072419273419587246
leaf_weight=7814.7677575550042 1.5415474176406885 475.59643774526194 1.8996269768103946 3.7805704567581415 44.939575866796076 12.017321741208432 1.3049508798867488 2.1826311005279413 7.5007681194692841 1.3151980210095633 1.3314137533307064 9.9162522992119175 14.939331803470852 9.7747267037630063 0.71036020293831725 2.6336285397410366 4.0431294050067663 0.89340365305543024 0.88046282250434149 1.6485203215852378 2.73947935551405 0.81596099026501168 1.000273188576102 3.276698627974838 1.8750809244811524 30.428728502243757 17.507313970010731 6.3922990486025801 191.96027561742812 2.124013756401836
leaf_count=197019 63 7655 23 35 801 151 12 66 116 36 36 156 281 172 14 63 97 23 25 28 78 13 16 78 47 506 290 115 2659 46
internal_value=-8.28706e-12 0.00351817 0.0111645 0.0415387 0.00980895 0.0219987 0.00666127 0.0146145 -0.000274253 0.00756052 0.0136475 0.0216825 -0.00426331 -0.0132308 0.00771153 -0.028034 -0.00185501 -0.0426007 -0.0272601 -0.0162771 -0.00213073 -0.0258118 -0.0250897 -0.0116168 0.00577803 -0.000265529 0.00406588 -0.0137129 0.00595845 -0.00831512
internal_weight=8671.74 608.557 132.961 5.6802 127.281 26.1217 101.159 47.1222 54.0368 14.1044 12.7892 11.2477 46.536 26.6093 19.9267 14.9595 5.34808 9.61146 6.97783 6.08442 5.20396 3.55544 4.98733 4.27697 11.6498 8063.18 248.413 23.8996 224.513 32.5527
internal_count=210720 10085 2430 58 2372 442 1930 867 1063 291 255 192 947 558 389 339 109 230 167 144 119 91 108 94 219 200635 3616 405 3211 552
is_linear=0
shrinkage=0.05


Tree=117
num_leaves=31
num_cat=0
split_feature=6 4 26 14 16 29 30 17 34 43 28 14 35 16 28 36 29 0 43 0 24 13 31 33 0 37 48 47 35 34
split_gain=3.62084 5.21139 1.92401 2.06086 3.48987 3.48611 3.17925 3.21283 2.76619 2.90293 2.36474 2.28872 3.55777 2.59924 5.49392 2.64387 2.56412 3.90716 4.40601 2.44126 3.37685 2.9519 3.0818 2.84678 2.80853 4.33286 2.7883 2.58128 3.4167 2.39994
threshold=32.500000000000007 5.5000000000000009 0.31500000000000006 11.41176006352987 24.500000000000004 0.22622023809523814 0.26621323529411772 14.500000000000002 73.438750000000013 0.40519046818279358 0.0043203846005189011 11.671189415970122 812.48750000000007 21.500000000000004 0.00059933824429430011 4.8959459459459476 0.23732142857142857 168.50000000000003 0.40183330925266209 94.500000000000014 6.5000000000000009 -0.86580986273546057 0.26954365079365078 1.3849427877253035 109.50000000000001 0.5006250000000001 0.12644842728566189 1.5970012739745856 795.43750000000011 73.174456521739145
decision_type=2 2 2 2 2 2 2 2 2 2 2 2 2 2 2 2 2 2 2 2 2 2 2 2 2 2 2 2 2 2
left_child=2 -2 -1 -4 5 -5 7 -7 -8 -10 -6 12 13 14 29 -16 17 18 -14 20 21 26 23 -23 25 -21 -13 28 -26 -9
right_child=1 -3 3 4 10 6 8 11 9 -11 -12 19 16 -15 15 -17 -18 -19 -20 24 -22 22 -24 -25 27 -27 -28 -29 -30 -31
leaf_value=0.0025335638356251081 0.012366515208611711 0.0012497860010414737 -0.00063344269710522512 -0.068181915252710265 0.018148075770892325 -0.072714221902820772 0.04174449500822814 -0.019607468130134642 -0.072079663663070809 0.02236436618343754 -0.03133168735311017 -0.10777506359477373 0.010224677406445554 -0.030671913334031853 -0.07882251828366893 -0.0022698599294468705 0.029596509496395442 0.042648575328170873 -0.1019965059578961 0.043374044485033021 -0.074145869791314073 -0.057005050988388428 0.035932621756685566 -0.0023777441323956051 -0.053538889764411506 -0.026376158341510709 -0.024184236651595629 0.042642966621390041 -0.0027902279784627073 0.044321139300983775
leaf_weight=564.34751139394939 135.32822539377958 477.08614452090114 7284.8965652812039 1.8161482429131854 48.965187918394804 1.5279452763497818 8.4625941971316916 1.8810703158378617 1.2520908713340753 2.3234627656638622 2.5399897228926411 1.296100796200341 1.9135546404868393 7.1963408831506959 2.103161350823938 2.4322009682655334 20.58677030634135 2.3051721062511206 1.6110268365591762 7.9760667560622078 2.3450902616605154 2.9274290511384633 4.1464267522096625 12.869439716450868 3.5661570816300801 3.0887175537645817 4.3318733209744096 2.8392837308347216 47.400756027549505 6.6867166850715876
leaf_count=6723 2430 7655 190951 46 648 36 84 33 30 31 39 26 27 130 48 32 275 32 37 78 45 63 53 216 72 47 75 33 651 74
internal_value=1.67222e-11 0.0037063 -0.000281765 -0.000493854 0.00443314 0.000683849 0.00150093 -0.000604351 0.0261651 -0.0107081 0.015708 0.00018545 0.00921124 -0.00652937 0.00672988 -0.0377692 0.0213069 -0.00796626 -0.0410697 -0.0043588 -0.0167219 -0.0114557 -0.00243122 -0.0125011 0.000961512 0.0239034 -0.0434349 -0.00375629 -0.00634111 0.0302855
internal_weight=8668.05 612.414 8055.63 7491.29 206.391 154.886 153.069 141.031 12.0381 3.57555 51.5052 139.503 46.716 20.2995 13.1031 4.53536 26.4165 5.82975 3.52458 92.7873 27.9164 25.5713 19.9433 15.7969 64.871 11.0648 5.62797 53.8062 50.9669 8.56779
internal_count=210720 10085 200635 193912 2961 2274 2228 2083 145 61 687 2047 688 317 187 80 371 96 64 1359 478 433 332 279 881 125 101 756 723 107
is_linear=0
shrinkage=0.05


Tree=118
num_leaves=31
num_cat=0
split_feature=6 4 14 24 36 8 43 36 6 7 33 33 36 42 33 36 43 11 30 12 16 24 29 47 37 37 14 9 9 47
split_gain=2.81147 3.76569 2.95737 2.60573 3.28809 2.83753 2.35906 2.42008 2.58935 4.22261 3.39342 3.54566 3.19805 3.6978 4.02088 3.48175 3.82595 2.99441 2.4009 3.67893 3.81838 3.36596 3.63527 5.97824 3.10671 3.09794 3.51292 5.02953 3.04904 3.04812
threshold=32.500000000000007 5.5000000000000009 11.41176006352987 3.5000000000000004 4.5968750000000007 47.500000000000007 0.41444903435529828 4.2875000000000005 30.500000000000004 62.500000000000007 1.3853689984851021 1.3854248471886883 4.741798941798943 0.39956127055217361 1.3858004709903102 4.4718750000000007 0.4036762301268636 3.6026213369963376 0.25204166666666672 23.500000000000004 20.500000000000004 5.5000000000000009 0.26369318181818185 0.39511720119793853 0.51623310810810819 0.50229166666666669 11.671189415970122 559.50000000000011 730.50000000000011 1.1925121426157677
decision_type=2 2 2 2 2 2 2 2 2 2 2 2 2 2 2 2 2 2 2 2 2 2 2 2 2 2 2 2 2 2
left_child=2 -2 -1 4 -4 -5 7 -7 9 18 17 -12 15 14 -14 16 -13 -10 19 20 25 24 23 -23 -21 26 -9 -28 -20 -22
right_child=1 -3 3 5 -6 6 -8 8 10 -11 11 12 13 -15 -16 -17 -18 -19 28 21 29 22 -24 -25 -26 -27 27 -29 -30 -31
leaf_value=-0.00040785526119315022 0.010456961942480931 0.0011362212681486148 -0.043955845447604225 -0.057646095345607246 0.030888792955135615 0.03227294793261315 0.055555447630624179 0.051658384266715998 0.040747932166791206 -0.065037290696327479 -0.086114282857745056 0.007149852750320586 -0.010493696074518343 0.046148292579593242 -0.063824308720675432 0.014423705489848896 -0.094225608407144612 0.00039778840505633455 0.019340301938740662 0.015336515775221918 0.030045414625751346 0.017208208811012007 0.020237782602274247 -0.090157075634494155 -0.052939181775080772 -0.05070287558372271 0.013565306933228613 -0.10619601246424781 -0.055433521974941495 -0.024888493687539388
leaf_weight=7830.6694313324988 140.14428181666881 477.85658494476229 1.6160815674811626 1.8547251094132651 15.955384316854177 7.2304357043467453 2.2358659487217656 2.6479253387078625 5.1954247308894983 1.9437584178522218 1.7027047853916872 1.9989831093698769 7.2691385466605407 1.4995853155851353 6.8789576403796673 13.594117087312041 1.7415611054748295 39.979010262992233 48.344526822678745 8.8748816242441553 20.263992458581928 1.8394982581958155 1.9189357934519646 4.392565194517374 2.0512108756229273 3.6073790821246803 2.9648670144379139 1.2447075918316839 1.4029016122221936 2.8846350926905862
leaf_count=197571 2430 7655 36 45 218 97 21 30 67 42 32 28 117 14 137 185 37 608 597 135 236 23 22 92 43 62 40 26 28 46
internal_value=1.91225e-11 0.00324989 -0.000249687 0.00556151 0.0240052 0.00390433 0.00449367 0.0038974 0.00278382 0.00796851 -0.00399292 -0.0157554 -0.0121232 -0.0285104 -0.0364236 0.00266924 -0.0400496 0.00503838 0.00935379 0.00191598 0.0118692 -0.0156214 -0.0399376 -0.0584664 0.00251877 -0.0131947 0.00653648 -0.0218463 0.0172316 0.0231999
internal_weight=8661.8 618.001 8043.8 213.134 17.5715 195.562 193.708 191.472 184.241 104.382 79.8595 34.685 32.9823 15.6477 14.1481 17.3347 3.74054 45.1744 102.438 52.6906 33.6135 19.0771 8.151 6.23206 10.9261 10.4649 6.8575 4.20957 49.7474 23.1486
internal_count=210720 10085 200635 3064 254 2810 2765 2744 2647 1422 1225 550 518 268 254 250 65 675 1380 755 440 315 137 115 178 158 96 66 625 282
is_linear=0
shrinkage=0.05


Tree=119
num_leaves=31
num_cat=0
split_feature=5 43 37 37 15 6 31 14 37 48 43 8 29 29 8 34 28 36 11 0 47 11 28 15 29 9 29 48 25 8
split_gain=2.40065 3.43482 2.40354 2.7104 2.41075 2.08462 3.12695 2.82029 2.47961 2.87155 3.54194 2.4861 2.45518 2.76407 2.66679 2.3762 3.00745 2.36767 2.27499 2.19277 2.54512 2.11802 4.04882 5.30581 2.64828 2.50441 2.77423 2.08815 2.7049 2.47858
threshold=16.500000000000004 0.40753231207834684 0.47440476190476194 0.47562500000000002 5.9064901115045254 32.500000000000007 0.24121323529411767 11.41176006352987 0.47772058823529412 0.10974999264584172 0.40162278987366379 145.50000000000003 0.24873397435897437 0.23732142857142857 133.50000000000003 74.288690476190496 -0.0056314604095640984 3.9240384615384616 4.2400378071833655 121.50000000000001 0.79744871088800273 3.9225400814291005 -0.0014063729718048997 7.2569357656348963 0.26779953917050697 685.50000000000011 0.26490740740740742 0.48835590219941022 10.43297463913583 136.50000000000003
decision_type=2 2 2 2 2 2 2 2 2 2 2 2 2 2 2 2 2 2 2 2 2 2 2 2 2 2 2 2 2 2
left_child=5 2 4 -4 -2 18 7 15 -8 10 -10 21 13 -12 -15 16 -7 -17 -1 -13 -21 24 -23 25 -11 26 27 28 29 -24
right_child=1 -3 3 -5 -6 6 8 -9 9 11 12 19 -14 14 -16 17 -18 -19 -20 20 -22 22 23 -25 -26 -27 -28 -29 -30 -31
leaf_value=-0.00086861275770537321 -0.037469969958006277 0.0092035768749689894 0.029149444755095316 0.0014611734745286573 -0.0049593046533856983 -0.072718716727880855 0.024455205641623307 -0.083838781187283787 0.039525242165997572 -0.0087082978925497496 0.01358949775194229 0.035689801059430523 0.023557021179586475 -0.0056413270752657882 -0.10458350558879004 -0.02699179369088205 -0.0046933651465827482 0.055249846558236386 0.0015390668142124234 -0.076980412042852983 0.018908970187314921 0.030009438161732956 -0.025835829016902762 0.034951785597986465 0.046708138263409117 0.020897788587620772 -0.10017056644669593 0.025028832804424739 -0.094785624374637528 0.022264502971478542
leaf_weight=6070.4296228658641 6.2574644358828655 148.16898174537346 8.9197158347815257 971.34672918729484 64.256416559917852 1.6782524827867735 20.115146631840616 1.1264427993446577 12.732352422550322 54.751994285732508 2.5666531110182387 9.3777292007580382 5.7096733432263136 1.2715649297460916 1.4664171347394583 1.2238788213580836 51.001291623339057 3.0712731117382646 1170.2593456208706 1.0307726599276059 2.1055497145280242 14.322832147125153 13.715565068647281 7.6977891810238352 2.2442563651129595 4.7181661128997794 1.0104244146496046 2.7780421944335094 1.1779372226446856 3.3281034501269451
leaf_count=166731 212 2354 140 16757 1280 37 337 26 117 1145 31 126 66 23 32 28 946 40 19372 28 35 191 318 86 26 78 26 48 32 52
internal_value=-1.30788e-11 0.0020767 0.00107175 0.00171312 -0.00784433 -0.000333721 0.00445861 -0.00549378 0.00802536 0.00569807 0.0215649 0.00251197 0.000803143 -0.0236881 -0.0586331 -0.00394483 -0.0068605 0.0318156 -0.000479477 0.0235858 -0.0126057 1.8059e-05 0.00766954 -0.0016249 -0.00652625 -0.0121591 -0.0192453 -0.0153514 -0.0215078 -0.0164433
internal_weight=8659.86 1198.95 1050.78 980.266 70.5139 7460.91 220.222 58.1011 162.121 142.006 23.7467 118.259 11.0143 5.30464 2.73798 56.9747 52.6795 4.29515 7240.69 12.5141 3.13632 105.745 48.7489 34.426 56.9963 26.7282 22.0101 20.9996 18.2216 17.0437
internal_count=210720 20743 18389 16897 1492 189977 3874 1077 2797 2460 269 2191 152 86 55 1051 983 68 186103 189 63 2002 831 640 1171 554 476 450 402 370
is_linear=0
shrinkage=0.05


Tree=120
num_leaves=31
num_cat=0
split_feature=6 14 4 34 15 43 11 30 16 13 13 0 11 34 34 33 6 48 30 37 48 29 39 33 34 32 11 8 43 7
split_gain=2.88331 4.10696 3.49409 2.88126 2.71365 2.64268 2.53031 3.11078 2.16776 3.2215 3.98318 3.57537 2.33839 5.02753 2.94772 3.39664 3.10594 4.78422 3.47558 3.83765 3.79268 3.38623 4.54443 3.72662 3.71454 4.49875 3.58268 3.25242 3.67902 3.16217
threshold=32.500000000000007 11.41176006352987 5.5000000000000009 74.062500000000014 8.3921654704205491 0.40519046818279358 3.890521746641904 0.25062500000000004 17.500000000000004 -0.72327724004668725 -0.68499211264958892 68.500000000000014 3.786817943128113 73.603030303030309 74.637500000000017 1.3859549958082382 30.500000000000004 0.37578461195246821 0.2348076923076923 0.52120192307692326 0.24952327211134759 0.25732142857142865 1.0000000180025095e-35 1.3861505994246055 73.047727272727286 0.2386931818181818 3.838259561250243 137.50000000000003 0.40210453774232197 54.500000000000007
decision_type=2 2 2 2 2 2 2 2 2 2 2 2 2 2 2 2 2 2 2 2 2 2 2 2 2 2 2 2 2 2
left_child=1 8 -2 -3 6 -6 7 -5 9 12 11 -11 13 -1 16 -16 21 18 -18 20 29 23 26 24 -14 -26 -23 -27 -29 -20
right_child=2 3 -4 4 5 -7 -8 -9 -10 10 -12 -13 14 -15 15 -17 17 -19 19 -21 -22 22 -24 -25 25 27 -28 28 -30 -31
leaf_value=-0.013177360952017023 0.01009962089208862 0.0084108323109257834 0.0012229150403079605 -0.0002734589932308214 -0.070496124397833745 0.0014830180780885391 0.013832803819982404 -0.093596536503969763 -0.00084457514078765538 0.019750617113028505 -6.5715030302113985e-05 -0.063593393511263627 0.010914356270565001 0.011922648193008848 -0.070810898335964476 0.014836671613945666 0.058903000929569294 -0.095896651780148445 -0.01550906077207396 0.040660413821160701 0.0040560506243100779 -0.066572692448401138 0.034717996107637726 0.028588153606383733 -0.030336761956937044 0.0022317314820970101 0.011162464788790898 0.00810205656271837 -0.10467053846844301 -0.091517036552099459
leaf_weight=48.994964407291263 144.17313267476857 193.8315796032548 479.76260027801618 2.4560942575335534 3.2485892469994715 2.0991746773943305 9.4660213659517449 1.4030684437602756 6327.5991247794591 1.7985117807984341 1005.4245093134232 4.5227389568462968 103.21911635342985 33.653544571250677 2.627142220735549 2.0694864951074123 1.8310378333553696 1.6275643631815899 2.5335234366357309 2.5170947248116127 4.8540344182401896 1.5158308204263438 24.026494258083403 15.738819047808645 12.285716510377823 142.94770851545036 66.853767842054367 1.374236157163977 1.5266090175136922 2.9754434181377292
leaf_count=722 2430 2724 7655 44 78 36 143 39 173332 23 18320 95 1170 413 52 25 18 32 39 26 61 29 235 168 197 1740 769 15 33 57
internal_value=4.62487e-12 -0.000254554 0.00327406 0.00660378 -0.0121541 -0.0422419 -7.89761e-05 -0.0342028 -0.000441104 0.00127818 -0.000314472 -0.0398805 0.00468363 -0.00295692 0.00630064 -0.0330718 0.00677992 -0.0145536 -0.00555419 -0.0147174 -0.0281683 0.00772328 0.0160125 0.00495925 0.00353631 -0.00127958 0.00943899 0.00116809 -0.051246 -0.0565617
internal_weight=8648.96 8025.02 623.936 212.505 18.6729 5.34776 13.3252 3.85916 7812.52 1484.92 1011.75 6.32125 473.172 82.6485 390.524 4.69663 385.827 16.3387 14.7111 12.8801 10.363 369.488 92.3961 277.092 261.353 158.134 68.3696 145.849 2.90085 5.50897
internal_count=210720 200635 10085 3064 340 114 226 83 197571 24239 18438 118 5801 1135 4666 77 4589 233 201 183 157 4356 1033 3323 3155 1985 798 1788 48 96
is_linear=0
shrinkage=0.05


Tree=121
num_leaves=31
num_cat=0
split_feature=6 14 14 0 11 24 16 20 10 47 30 29 14 36 47 48 47 9 17 40 28 6 20 35 32 16 33 33 35 34
split_gain=2.16784 3.90177 2.82903 2.53302 4.70413 3.38888 3.18502 2.78265 3.73493 2.45572 2.64098 4.05634 4.58146 2.97751 2.68623 3.64874 2.40708 4.45899 2.39576 4.7746 3.88753 2.82574 2.61615 3.0872 3.92283 2.67793 2.41056 2.88137 2.82945 2.35322
threshold=32.500000000000007 11.41176006352987 11.671189415970122 75.500000000000014 3.9902991044120646 5.5000000000000009 17.500000000000004 -1.0000000180025095e-35 1.5000000000000002 1.5807734372581506 0.25872282608695657 0.25062500000000004 12.019634861635383 4.2875000000000005 0.80384471271666402 0.24914051237154292 1.199211115584714 275.50000000000006 18.500000000000004 1.0000000180025095e-35 -0.0024902072371194993 29.500000000000004 1.0000000180025095e-35 817.9625000000002 0.25062500000000004 24.500000000000004 1.385824073846319 1.3859794358047213 812.61250000000007 73.246621621621628
decision_type=2 2 2 2 2 2 2 2 2 2 2 2 2 2 2 2 2 2 2 2 2 2 2 2 2 2 2 2 2 2
left_child=1 -1 -3 4 5 -4 -6 8 -7 10 13 -12 -13 -5 15 -14 18 -18 19 -15 -21 -22 26 -24 -25 29 -20 -28 -29 -26
right_child=-2 2 3 9 6 7 -8 -9 -10 -11 11 12 14 16 -16 -17 17 -19 22 20 21 -23 23 24 25 -27 27 28 -30 -31
leaf_value=-0.00040536875368145386 0.0028242847365395488 0.014603339798541512 -0.012677109947631181 0.05803313714697117 -0.063142466507683542 -0.077489757553564173 0.014788927136221243 -0.10472949770172608 0.041778159461018878 0.029504077773289818 0.029651778416486304 0.026583038452714605 -0.057582817161565041 0.02080818979516422 -0.091274825066665871 0.036574710249484325 0.0091794883545118205 -0.085632690973090286 0.0017698911878454523 0.02785420324921167 -0.016896813382225203 -0.085406000158961506 0.02999970168156595 -0.090258729901493986 0.014397797669803137 0.035092667985991692 -0.085405525483335673 0.011578152509438919 -0.069065398486009344 -0.080541377454254881
leaf_weight=7795.178605735302 629.90399247803725 70.85188213409856 8.019453198648991 2.0396032435819498 1.4439526917412866 1.672127163037658 14.247061301954089 2.3520759083330622 1.0806158655323086 9.9151862831786257 19.40343485400081 5.0381835754960758 2.3770127352327108 4.4871987374499431 1.7043445277959106 1.8141699153929947 2.5555402627214781 2.4090819116681814 26.155313098803163 1.54043330810964 2.3657330451533189 4.1375025790184736 14.942417374812068 1.2490596584975708 1.3487960770726206 3.5632635429501534 1.8180551892146457 3.6717775333672762 1.5455085150897501 1.2646991685032842
leaf_count=197571 10085 994 173 19 33 40 207 52 14 115 207 61 41 58 29 20 39 52 375 17 41 82 167 25 17 41 38 50 27 30
internal_value=9.44517e-12 -0.000222096 0.00642236 0.00240161 -0.0108587 -0.0329483 0.00761735 -0.0647933 -0.03067 0.00571425 0.00347695 0.0159274 -0.0084286 -0.00155287 -0.0383488 -0.0168264 -0.00321645 -0.0368281 -0.000765732 -0.0205144 -0.0435664 -0.0604839 0.00368842 0.0169049 -0.00944475 0.00689739 -0.0052186 -0.0311997 -0.0123108 -0.0315443
internal_weight=8640.1 8010.19 215.013 144.162 28.8153 13.1243 15.691 5.10482 2.75274 115.346 105.431 30.3371 10.9337 75.094 5.89553 4.19118 73.0544 4.96462 68.0898 12.5309 8.04367 6.50324 55.5589 22.3682 7.42582 6.17676 33.1907 7.03534 5.21729 2.6135
internal_count=210720 200635 3064 2070 519 279 240 106 54 1551 1436 358 151 1078 90 61 1059 91 968 198 140 123 770 280 113 88 490 115 77 47
is_linear=0
shrinkage=0.05


Tree=122
num_leaves=31
num_cat=0
split_feature=15 24 7 28 47 17 24 38 11 31 38 31 38 6 42 15 31 16 8 29 38 43 30 17 48 20 31 26 47 40
split_gain=2.40042 3.28371 3.55372 3.36881 3.0972 3.89441 3.20926 3.24858 3.18954 3.77552 2.75736 2.6908 2.88137 2.60331 3.37871 3.35133 3.57381 3.03594 2.81973 2.54038 2.53924 5.3351 3.67959 2.79932 2.4637 2.44957 4.04279 4.85985 2.99606 2.6317
threshold=7.6443937090612071 3.5000000000000004 61.500000000000007 -0.0031787388633805497 0.39953828367785088 22.500000000000004 4.5000000000000009 0.022499999999999954 3.8001751313485119 0.23733974358974355 0.056205128205128206 0.21937500000000001 -0.064999999999999933 33.500000000000007 0.32267626198576105 8.0554680713523279 0.24148550724637677 21.500000000000004 144.50000000000003 0.24058277027027028 0.0025320512820512504 0.40445296154565441 0.23969696969696966 19.500000000000004 0.63963124411922878 -7.4999999999999991 0.25153882575757586 0.46500000000000002 0.31181465614087706 1.0000000180025095e-35
decision_type=2 2 2 2 2 2 2 2 2 2 2 2 2 2 2 2 2 2 2 2 2 2 2 2 2 2 2 2 2 2
left_child=-1 3 11 -2 6 13 19 8 -8 -10 -7 12 -3 -6 -15 18 17 -17 -16 -4 -5 22 -22 -23 25 26 28 -28 -13 -30
right_child=1 2 4 20 5 10 7 -9 9 -11 -12 24 -14 14 15 16 -18 -19 -20 -21 21 23 -24 -25 -26 -27 27 -29 29 -31
leaf_value=-0.00021027044394150859 -0.034783979282153266 0.010114220258154316 0.044127083749788097 0.036980769492583145 0.023254705896256434 -0.032740180542534407 0.0020405136644505275 -0.087348461743319297 0.013150734409742668 -0.085491326059755138 0.027606744432773628 -0.059094863953248589 -0.10196066434025655 -0.067424471189852939 0.052013664320057489 0.03210327485475159 -0.034811676992955225 -0.046554882208441992 -0.019746765058969693 -0.022649277513173277 0.067848197180470957 0.010707900488672557 0.0013167260611363764 -0.09210262447479925 -0.05078422753522889 0.0056031164169341044 -0.089843561423317883 0.005131558476883233 0.033990644014580872 -0.0075355832775653823
leaf_weight=8120.6426275426056 2.6479929080233005 1.0726607446558776 2.398774501867595 16.332747726235542 14.487039293162523 12.567187385633586 4.8448556512594205 2.8321303557604542 1.3837545216083524 3.2445678347721696 2.228545772843062 1.9076068392023504 1.2323422259651113 1.9113308833912039 4.7540515586733845 5.4597633089870197 7.7288662316277623 1.5822195112705228 1.9224935583770273 3.505887798499316 3.2540193609893304 1.0612373417243355 5.7512257928028703 1.7603462338447569 2.0150129720568648 386.66071155434474 3.0991000887006512 2.3823254900053144 5.8784617073833951 10.87091726064682
leaf_count=203243 47 20 31 198 198 223 66 57 18 60 35 42 32 37 48 65 135 30 29 61 30 18 95 46 47 5447 70 42 79 171
internal_value=3.08377e-12 0.00330419 0.00230067 0.019134 -0.00804881 -0.00190028 -0.025823 -0.0403632 -0.0263163 -0.0559998 -0.0236507 0.00406709 -0.0498053 0.006603 -0.00372436 0.00195241 -0.0113357 0.0144301 0.0313504 0.00447868 0.0242042 0.00655994 0.0253577 -0.0534341 0.0043679 0.00463842 -0.0108145 -0.0485657 0.000276799 0.00703871
internal_weight=8637.42 516.778 485.971 30.8076 70.8515 52.6415 18.21 12.3053 9.47318 4.62832 14.7957 415.119 2.305 37.8458 23.3587 21.4474 14.7708 7.04198 6.67655 5.90466 28.1596 11.8268 9.00525 2.82158 412.814 410.799 24.1384 5.48143 18.657 16.7494
internal_count=210720 7477 7043 434 1093 800 293 201 144 78 258 5950 52 542 344 307 230 95 77 92 387 189 125 64 5898 5851 404 112 292 250
is_linear=0
shrinkage=0.05


Tree=123
num_leaves=31
num_cat=0
split_feature=15 24 28 25 42 11 31 48 42 0 42 33 7 16 6 28 26 15 26 16 13 15 37 7 15 12 36 30 0 15
split_gain=3.06614 3.74064 2.87695 2.33848 2.95796 3.46597 2.28953 4.70779 3.65142 3.17738 2.69555 2.21936 2.20738 2.12109 2.01135 2.49864 2.60375 3.23047 2.54993 2.37419 3.0096 2.88843 3.86943 2.71207 5.14378 3.79955 4.24671 3.89133 4.95098 3.6843
threshold=7.6443937090612071 3.5000000000000004 -0.0031787388633805497 11.719348630455507 0.39799167906019867 3.7386561609122593 0.22423112767940354 0.24641331732877572 0.40221841727179686 116.50000000000001 0.39812164505050751 1.3861757911369603 50.500000000000007 25.500000000000004 32.500000000000007 -0.00017130472021614998 0.32500000000000007 7.0648247673686404 0.30500000000000005 17.500000000000004 -0.55903488688749714 2.7938235592461802 0.49743421052631581 45.500000000000007 6.6166672552231303 20.500000000000004 5.0125000000000011 0.24740215924426448 126.50000000000001 6.1152593425853015
decision_type=2 2 2 2 2 2 2 2 2 2 2 2 2 2 2 2 2 2 2 2 2 2 2 2 2 2 2 2 2 2
left_child=14 2 -2 -4 5 -5 7 -3 11 10 -9 -8 -13 -12 19 16 17 18 -16 20 21 22 -1 24 -23 27 -27 -25 -29 -30
right_child=1 6 3 4 -6 -7 8 9 -10 -11 13 12 -14 -15 15 -17 -18 -19 -20 -21 -22 23 -24 25 -26 26 -28 28 29 -31
leaf_value=0.024035402919242069 -0.032452540764940738 -0.056531908806713695 0.034540219854017777 -0.040860576770149565 -0.04261345314918686 0.04262692257183226 0.0034128793772032679 0.02358626598490959 0.048359655721151369 0.029132855417335114 -0.075153200460419234 -0.059165311769486043 -0.0069187442168906739 0.0027682699213652053 0.012203501079364359 -0.00050378685420421614 0.0083287994972516353 -0.074161701022391543 -0.049418056348685083 -0.00085363691218407086 -0.00055794014193998552 0.01272297749238962 -0.081852685219269639 -0.013512578906278381 -0.028226998759591809 0.0022258726745530959 0.015454917436574065 -0.007822999785365178 0.0035101597511592733 0.033192964975352422
leaf_weight=1.4160725362598889 2.3674169704318073 4.937054282519969 19.731115538626913 1.6660741493105868 2.4853883618488908 4.8972164420410991 453.92451025592163 1.9842052212916295 4.4524650182574979 5.5232587521895766 2.5188142885454003 2.6207819366827598 8.8428538087755424 1.3368765413761137 6.4620510675013048 234.06175352353603 197.49833082244731 2.006557820364832 2.2680465467274189 6212.7279988529626 844.96193539584056 133.31536306766793 2.2080688886344433 62.645455807913095 8.1366241872310621 233.06499960040674 82.011425633914769 53.260251182597131 27.509910153690726 16.861680330242962
leaf_count=15 47 108 254 34 39 60 6498 31 44 74 55 54 159 20 69 4082 3200 29 42 171832 15752 1681 45 946 124 3080 968 823 376 179
internal_value=5.54333e-11 0.00373241 0.0205301 0.0248884 0.00384206 0.0214338 0.00265618 -0.015766 0.00329531 0.00194595 -0.0237669 0.00286417 -0.0188632 -0.0481356 -0.000237763 0.00304089 0.0070252 -0.0169543 -0.00380555 -0.000426629 0.00138373 0.00402809 -0.0404787 0.00428959 0.0103674 0.00248099 0.00566927 -0.00378658 0.0024541 0.0147899
internal_weight=8637.7 517.288 31.1472 28.7798 9.04868 6.56329 486.141 16.3002 469.841 11.3632 5.8399 465.388 11.4636 3.85569 8120.42 442.297 208.235 10.7367 8.7301 7678.12 1465.39 620.43 3.62414 616.806 141.452 475.354 315.076 160.277 97.6318 44.3716
internal_count=210720 7477 434 387 133 94 7043 288 6755 180 106 6711 213 75 203243 7422 3340 140 111 195821 23989 8237 60 8177 1805 6372 4048 2324 1378 555
is_linear=0
shrinkage=0.05


Tree=124
num_leaves=31
num_cat=0
split_feature=15 24 34 47 11 36 25 16 25 14 29 11 35 13 17 33 30 0 14 34 20 43 35 20 35 15 50 32 12 5
split_gain=3.27336 5.14547 2.0781 2.84809 2.07029 2.43787 3.20278 1.97408 2.81618 3.22529 3.66562 2.93707 3.2817 2.51415 2.373 3.93031 2.74405 4.33875 2.53031 3.11069 3.6356 2.57001 3.76956 3.73967 3.51022 3.84666 4.74742 2.50972 2.56135 3.65577
threshold=7.6443937090612071 3.5000000000000004 73.859605911330064 0.80180566577542967 3.8969721920412885 4.9875000000000007 11.719348630455507 17.500000000000004 11.431833526332204 11.211130010037225 0.25732142857142865 3.5834513692162422 812.23412162162174 -0.72327724004668725 20.500000000000004 1.3858110114934512 0.25204166666666672 127.50000000000001 5.397787000701225 72.290000000000006 -2.4999999999999996 0.40666490878054623 814.86250000000007 -1.0000000180025095e-35 810.40750000000014 5.1393417055808897 1.0000000180025095e-35 0.2513335704125178 25.500000000000004 10.500000000000002
decision_type=2 2 2 2 2 2 2 2 2 2 2 2 2 2 2 2 2 2 2 2 2 2 2 2 2 2 2 2 2 2
left_child=7 2 4 -4 5 6 -2 8 9 13 11 12 -11 14 15 18 27 -18 -1 20 -20 -21 24 -24 25 26 -23 28 29 -17
right_child=1 -3 3 -5 -6 -7 -8 -9 -10 10 -12 -13 -14 -15 -16 16 17 -19 19 21 -22 22 23 -25 -26 -27 -28 -29 -30 -31
leaf_value=0.042778548306330225 0.010855422762287542 0.0025382194031101802 0.018505812488496084 -0.064222123628794786 0.040055664029918413 0.038772300099939899 -0.071009460554036272 -0.00062278932102141182 -0.048808926673418108 0.030522385741236582 -0.031296630078138661 0.040103742951928659 -0.072642054757020624 -0.00017855578154027371 0.0075696727242987039 0.051170444018040023 -0.038324787308856856 0.021375048491267146 -0.10264665044996416 0.00045152243560011923 -0.016525568449583857 -0.10137595588811142 -0.091649747138471238 -0.0096353573330045378 0.033369423297983002 -0.0021067761489015364 0.0034743183793912932 0.035327310221791107 0.030261720179110094 -0.041312468070417087
leaf_weight=3.0090777520090333 6.0859574880450982 487.51406266936101 3.2954755499958983 1.5203421916812656 15.759422759525476 5.3931253701448441 1.486562095582485 6580.0271926631685 2.7907444750890127 1.812976805493242 2.8230056576430789 13.893785206601022 1.3410849859938023 1034.1768359444104 249.67294135550037 1.4203000850975529 5.4549583424814028 6.8841658406890929 1.5908807534724472 145.1677481927909 5.3350194124504915 2.5555988550186219 2.9549477463588119 2.6243620542809358 4.3108036993071428 11.326505545526741 1.8692279942333696 16.959825818426907 5.1135706305503845 4.3146568424999714
leaf_count=31 93 7043 48 32 165 60 36 178391 42 20 46 149 27 18800 3023 13 92 71 40 1798 73 42 58 35 51 145 23 155 49 69
internal_value=3.85277e-11 0.00384149 0.0227844 -0.0076112 0.0278803 0.0130815 -0.00521548 -0.000246888 0.00137249 0.00146434 0.0214767 0.0302155 -0.0133424 0.00120007 0.00422993 0.000455035 0.0146063 -0.00501743 -0.0026883 -0.00345806 -0.0363076 -0.00212609 -0.0167191 -0.0530723 -0.00660923 -0.0175505 -0.0570829 0.0233138 0.00453275 -0.0184085
internal_weight=8628.49 521.055 33.5409 4.81582 28.7251 12.9656 7.57252 8107.43 1527.4 1524.61 19.8709 17.0478 3.15406 1504.74 470.565 220.892 40.1475 12.3391 180.744 177.735 6.9259 170.809 25.6414 5.57931 20.0621 15.7513 4.42483 27.8084 10.8485 5.73496
internal_count=210720 7477 434 80 354 189 129 203243 24852 24810 242 196 47 24568 5768 2745 449 163 2296 2265 113 2152 354 93 261 210 65 286 131 82
is_linear=0
shrinkage=0.05


Tree=125
num_leaves=31
num_cat=0
split_feature=15 24 28 16 13 16 28 15 37 6 4 28 25 15 26 34 5 31 7 14 12 11 9 8 16 38 31 29 8 11
split_gain=2.72535 5.53619 2.43927 1.96181 2.61752 2.80356 2.40903 6.07774 3.5724 3.0489 2.96936 2.5798 2.83749 6.407 4.36617 3.95527 3.43894 3.41793 2.88617 2.7619 4.2812 3.00399 2.99756 2.74635 2.64715 5.8667 3.94359 5.60635 4.05204 3.21504
threshold=7.6443937090612071 3.5000000000000004 -0.0031787388633805497 17.500000000000004 -0.55903488688749714 10.500000000000002 0.0034765757067733503 5.9986839815148452 0.51986842105263176 23.500000000000004 8.5000000000000018 0.0016869867702147003 3.9922078764275573 5.4473374823132525 0.29500000000000004 73.348913043478277 13.500000000000002 0.26968984962406012 52.500000000000007 7.1529773673397505 27.500000000000004 3.5485575589459089 181.50000000000003 127.50000000000001 11.500000000000002 -0.0099999999999998996 0.25960526315789473 0.23987179487179486 131.50000000000003 3.7033768724407818
decision_type=2 2 2 2 2 2 2 2 2 2 2 2 2 2 2 2 2 2 2 2 2 2 2 2 2 2 2 2 2 2
left_child=3 2 -2 4 -1 -6 9 -8 10 -7 -9 12 24 14 -14 17 -16 -15 -17 20 -13 -21 -23 -24 25 -11 27 -27 -28 -26
right_child=1 -3 -4 -5 5 6 7 8 -10 11 -12 19 13 15 16 18 -18 -19 -20 21 -22 22 23 -25 29 26 28 -29 -30 -31
leaf_value=0.0038106755080247316 -0.027379410340517142 0.00212528535698238 0.026277978568498908 -0.00060125866012281939 0.0076342663289142819 -0.0050140005884194358 -0.0036327277353788976 -0.063427872250541195 0.0093505870211848374 0.022865804482611319 0.0055711470596298386 0.0024280895164874262 -0.10864315231692422 0.019866761956572967 -0.068301697985747187 0.0027287526059804005 0.011187741821835297 -0.053179950880280796 -0.033922602495466907 -0.044661876375851152 -0.075243534557854458 0.038415500433000169 -0.0022273714859102766 0.0206656305659845 0.014477046263746003 0.0062926748004915245 0.037347524533751682 -0.088690791308508696 -0.055578557134051958 0.00082873370832147917
leaf_weight=644.5090704173781 2.265805095434188 488.83731726976112 32.484817467164248 6571.5149530081544 97.144503111485392 228.28405624674633 88.403339400887489 9.3201697603799385 3.0256207697093478 6.2773450259119299 1.8725297600030888 9.2734639709815365 2.3905077110975972 17.820456516928974 2.6562979817390442 9.6505038356408495 2.7895538983866572 1.7595252627506841 12.113550927024333 2.1072856327518812 2.193806708790361 12.142553213983772 22.845659381709993 30.712095828261226 51.852686877828091 2.2342863101512176 2.8038522573187947 5.0989512270316482 2.0170063879340887 257.05373951978981
leaf_count=8522 47 7043 387 178391 1027 4938 1811 203 50 63 33 225 42 245 65 135 45 35 220 50 50 181 383 438 881 23 31 84 36 5036
internal_value=1.59082e-11 0.0034961 0.0227794 -0.000225994 0.00138755 -0.000379425 -0.00136899 -0.00851263 -0.0388538 -0.000297333 -0.0518844 0.00206501 0.00033896 -0.0108592 -0.0523117 -0.00300227 -0.0275845 0.0133025 -0.0176708 0.0102629 -0.0124313 0.0141009 0.0159856 0.0109004 0.00202141 -0.0163861 -0.0366589 -0.0597513 -0.00153196 0.00311972
internal_weight=8623.46 523.588 34.7506 8099.87 1528.35 883.843 786.699 102.622 14.2183 684.077 11.1927 455.793 376.518 49.1804 7.83636 41.344 5.44585 19.58 21.7641 79.2749 11.4673 67.8076 65.7003 53.5578 327.338 18.4314 12.1541 7.33324 4.82086 308.906
internal_count=210720 7477 434 203243 24852 16330 15303 2097 286 13206 236 8268 6941 787 152 635 110 280 355 1327 275 1052 1002 821 6154 237 174 107 67 5917
is_linear=0
shrinkage=0.05


Tree=126
num_leaves=31
num_cat=0
split_feature=15 16 14 9 15 20 0 34 29 25 13 35 5 5 42 25 33 35 43 4 0 25 14 16 43 36 12 32 43 36
split_gain=2.03988 2.99932 3.3121 3.83737 4.3467 3.3842 3.36712 3.08442 5.49716 3.31152 3.36705 3.17105 2.84533 2.65909 3.31132 2.56706 2.53286 3.65581 2.63882 4.82355 2.4853 2.47217 2.07008 2.25142 2.63686 2.78497 2.38266 2.78122 2.02036 1.95788
threshold=4.5756411686033927 12.500000000000002 7.8612175757701186 357.50000000000006 4.3742677493136952 -2.4999999999999996 27.500000000000004 72.887500000000017 0.23860389610389607 0.37171548327929221 0.76833229591599894 813.63750000000016 10.500000000000002 9.5000000000000018 0.33233847491541824 1.5153135773545137 1.3856007607614809 821.40512820512834 0.40567273549612187 2.5000000000000004 185.50000000000003 0.50869311543341211 5.4419726792996732 15.500000000000002 0.31347929473703545 5.048809523809525 25.500000000000004 0.24121323529411767 0.40356587630697932 4.6282894736842115
decision_type=2 2 2 2 2 2 2 2 2 2 2 2 2 2 2 2 2 2 2 2 2 2 2 2 2 2 2 2 2 2
left_child=1 2 3 6 7 -6 12 9 28 -5 20 -12 -1 14 -2 -16 17 18 19 -10 -11 -13 23 26 25 29 -3 -28 -9 -25
right_child=13 22 -4 4 5 -7 -8 8 16 10 11 21 -14 -15 15 -17 -18 -19 -20 -21 -22 -23 -24 24 -26 -27 27 -29 -30 -31
leaf_value=-0.087002640539695253 -0.015413786908021471 0.026381447091649492 0.049561281426999976 0.048621419044229897 -0.013380753978427204 -0.0967105739688148 0.019594118128508753 -0.0091026476369587845 0.023093017990332768 0.0085464976662184763 -0.093671213348707955 0.023804901020941592 0.01126478202434726 0.00037658620276997788 -0.041629223127355709 0.012266392289130344 0.046557138539201966 0.053466696448079998 0.022043801907846185 -0.077996018784082632 -0.05446047239193378 -0.056088197266812315 -0.0021145307768546859 0.018456922897691627 0.0013390353479220951 0.029297924682675308 0.062270305275225514 -0.018160523669003458 -0.091811759784972788 -0.035616929965393208
leaf_weight=1.4097782736644142 13.329547414556144 17.385261409450326 4.4832872916012994 1.8745909743011022 2.8743726070970297 2.1148994453251353 41.767120791599154 1.48397954553366 2.1273322962224501 8.1900223148986715 2.5077924253419033 1.6967091672122481 1.5427544573321936 5742.4622605857439 2.2591771138831964 100.22045493358746 7.1686721825972191 3.3556751469150177 4.005690224468708 2.6500433217734098 1.9348449022509147 2.2553697181865573 2148.7669903519563 1.9501904174685503 472.1887807296589 2.5111132543534032 1.2653868263587336 7.1364164808765054 1.4694898808374999 11.819333598949013
leaf_count=28 368 290 35 15 33 32 390 18 16 93 47 15 16 124661 76 1725 51 24 35 35 24 37 67300 49 14705 57 13 133 28 371
internal_value=2.12531e-11 -0.00112126 0.00761279 0.00553307 -0.0046547 -0.0487034 0.0159463 0.000742398 0.0132735 -0.0143694 -0.0214893 -0.0496941 -0.035656 0.000527864 0.00802904 0.0110783 0.0229914 0.00907435 -0.00788627 -0.0329818 -0.00349403 -0.0217884 -0.00143255 0.00141703 0.000656897 -0.0191272 0.0158158 -0.00604692 -0.0502543 -0.0279584
internal_weight=8616.21 2757.94 94.9124 90.4291 45.7095 4.98927 44.7197 40.7202 22.2609 18.4593 16.5847 6.45987 2.95253 5858.27 115.809 102.48 19.3074 12.1387 8.78307 4.77738 10.1249 3.95208 2663.02 514.256 488.469 16.2806 25.7871 8.4018 2.95347 13.7695
internal_count=210720 83890 972 937 503 65 434 438 207 231 216 99 44 126830 2169 1801 161 110 86 51 117 52 82918 15618 15182 477 436 146 46 420
is_linear=0
shrinkage=0.05


Tree=127
num_leaves=31
num_cat=0
split_feature=16 28 30 11 35 35 43 7 28 47 30 13 20 11 9 25 13 34 8 31 31 36 20 8 37 48 25 26 14 30
split_gain=2.12201 2.27238 3.06781 2.97197 3.34854 4.35388 3.21563 3.26136 3.012 2.97067 2.72336 2.61924 3.42859 3.18722 2.59427 2.72288 2.70663 2.80811 2.62426 3.15066 2.95906 2.6792 3.13986 2.59973 4.49408 2.52746 2.84898 2.52044 2.90337 2.60405
threshold=17.500000000000004 -0.00074181544598244992 0.22958754208754209 4.2774291896144776 814.78750000000002 818.2125000000002 0.41122855147644793 58.500000000000007 -0.0030185986022270499 0.40088792383475641 0.27120192307692309 -0.20899401985694152 -6.4999999999999991 3.9819981852355961 722.50000000000011 8.5507831709541726 -0.55690403412281964 73.5732142857143 142.50000000000003 0.25612500000000005 0.24230587121212124 5.1490740740740746 -14.499999999999998 127.50000000000001 0.51866071428571436 0.10554992369813476 3.0098028300749662 0.34500000000000003 4.2178344879072123 0.25763403263403262
decision_type=2 2 2 2 2 2 2 2 2 2 2 2 2 2 2 2 2 2 2 2 2 2 2 2 2 2 2 2 2 2
left_child=1 3 25 6 -5 8 14 9 -6 -8 -4 12 13 -12 18 16 -16 -18 21 20 -20 22 -1 -23 -25 26 -3 -24 -29 -30
right_child=-2 2 10 4 5 -7 7 -9 -10 -11 11 -13 -14 -15 15 -17 17 -19 19 -21 -22 23 27 24 -26 -27 -28 28 29 -31
leaf_value=-0.059423507849289882 -0.00037372634558754492 -0.068456833467170103 2.1250489148612075e-05 0.032599030415102877 -0.0048375080703592114 0.01221090200194533 0.00086779505226928795 0.042280192606599681 -0.10520439435033808 -0.0785529621647649 0.031906737963355761 0.0016773268323956323 -0.045790944599866545 -0.038748451452010169 0.044584350590338079 -0.017444774252347719 0.017910686443277396 -0.054686844199090638 0.019406589416439426 0.02875027981106348 -0.023775202988382083 0.0211241422507462 0.0048453310607304012 -0.018372473562360821 0.051267154598150989 0.014795412859129151 0.0046568254623618934 -0.056911649357009299 -0.0053822012922887805 0.0077484555950445818
leaf_weight=2.1857000482268623 7018.1338675969746 1.9832393694668997 925.52484271582216 18.773629893548787 1.6026308047585192 23.952823258005083 1.8449721299111832 1.184614681638777 1.4009369183331752 3.2540481062605977 3.58707635290921 12.899558335542677 10.535393384750934 2.8756850818172097 9.8539940845221334 4.6971444059163323 14.801170063205065 1.4637502264231432 8.3937732074409706 20.17586228530854 7.5229956144466987 31.525621494278312 191.64518001815304 11.597510764375327 2.8949817027896634 52.893657821696252 4.0600329264998436 2.4706850312650195 166.22832878725603 48.856330960057676
leaf_count=58 184893 39 15011 194 26 307 25 17 29 59 49 274 215 66 107 75 218 29 91 223 127 502 2595 218 29 814 46 95 3373 916
internal_value=-3.6855e-11 0.00164889 0.000224404 0.00415604 0.0163864 0.0050952 0.00310195 -0.0324539 -0.0516511 -0.0498162 -0.000458538 -0.015311 -0.0282032 0.000467844 0.00352807 0.0176027 0.0239055 0.0113773 0.00264919 0.0156291 -0.00100311 0.00162498 0.000345122 0.0130665 -0.00446145 0.0112955 -0.0193371 0.00066437 -0.00301865 -0.00239958
internal_weight=8608.82 1590.69 1014.36 576.327 45.73 26.9564 530.597 6.28363 3.00357 5.09902 955.423 29.8977 16.9982 6.46276 524.313 30.8161 26.1189 16.2649 493.497 36.0926 15.9168 457.404 411.386 46.0181 14.4925 58.9369 6.04327 409.201 217.555 215.085
internal_count=210720 25827 16514 9313 556 362 8757 101 55 84 15615 604 330 115 8656 429 354 247 8227 441 218 7786 7037 749 247 899 85 6979 4384 4289
is_linear=0
shrinkage=0.05


Tree=128
num_leaves=31
num_cat=0
split_feature=16 28 14 39 30 13 8 0 9 34 47 31 13 38 16 26 30 30 28 28 16 25 15 42 37 0 9 17 5 42
split_gain=2.29924 2.56307 2.488 3.61862 2.4265 2.39105 2.51176 2.6804 2.64517 2.75884 3.15311 2.41458 3.41241 3.93207 2.78084 3.23789 2.40474 2.38471 2.36896 3.76415 3.60159 3.55834 4.6365 5.60669 4.56116 3.79207 3.63862 3.58926 3.35351 3.05662
threshold=17.500000000000004 -0.00068677807662339988 13.128035482733106 1.0000000180025095e-35 0.22738636363636364 -0.98666237575870885 142.50000000000003 182.50000000000003 725.50000000000011 73.5732142857143 1.2035366157100769 0.25732142857142865 -0.49338722188119682 -0.03732142857142854 14.500000000000002 0.22500000000000003 0.25411036036036033 0.24479729729729732 0.0033276060056195004 0.0043203846005189011 13.500000000000002 4.1636505030934856 5.0399563879980489 0.39723937099321144 0.48860576923076926 78.500000000000014 734.50000000000011 26.500000000000004 11.500000000000002 0.35325420421088211
decision_type=2 2 2 2 2 2 2 2 2 2 2 2 2 2 2 2 2 2 2 2 2 2 2 2 2 2 2 2 2 2
left_child=1 5 4 -4 -3 -1 8 11 -7 -10 -11 12 13 -8 15 -13 -15 -17 -6 20 28 22 -21 -24 25 -23 27 -26 -20 -30
right_child=-2 2 3 -5 18 6 7 -9 9 10 -12 14 -14 16 -16 17 -18 -19 19 21 -22 24 23 -25 26 -27 -28 -29 29 -31
leaf_value=0.033864873632853849 -0.00038961102001494933 0.011837223509754972 0.010892315304612028 -0.10140750567132617 0.0010580738357748776 0.002282374442865615 0.035048418799708311 -0.042788090011494084 0.023404883555930848 -0.082885742561826237 0.028433995070921193 0.033748475131881173 0.024812264978307418 -0.014105855013990854 0.044774755250800519 0.0095460742118228803 -0.080017445197592518 -0.075063047650061596 0.028108611108495326 0.0026734131794910383 -0.021691978954495247 -0.084335216754423487 -0.043835706716472002 0.0033003397950646975 0.022485878466357436 -0.0061234888185905936 -0.051202355826941374 -0.049119342424645426 0.021909811744274983 -0.027544127816802839
leaf_weight=6.7718767542392007 7012.0906682992354 43.641691129188985 1.4082853328436606 1.4620804293081162 756.63696366525255 516.37753859627992 2.3895026119425884 1.855993621982633 24.653028040193025 1.3688842430710786 1.1883214022964237 4.7908490765839833 10.055101879872382 3.3481468399986634 12.824389661662279 1.7650290559977295 2.3587280157953501 1.5767849329859016 8.1156480582430977 41.166284018196166 49.743632136844099 1.7814114727079857 15.220405148807915 10.774707527365534 42.131445632781833 11.919418794102965 1.8976783053949464 1.8259170483797778 4.5532319135963908 9.9574317508377117
leaf_count=56 184893 637 19 35 12217 8605 22 43 317 34 14 38 118 55 121 24 42 28 73 841 1070 32 340 161 479 162 34 34 45 131
internal_value=-6.354e-12 0.00171439 0.000174134 -0.0463099 0.000307645 0.00432498 0.00398277 0.0159221 0.00308303 0.0182773 -0.031156 0.0187083 0.00535881 -0.0188009 0.0302706 0.00739913 -0.041348 -0.0303755 -0.000218835 -0.00507177 -0.0141692 0.000123917 -0.00776611 -0.0242983 0.00902153 -0.0162927 0.0165851 0.0195115 0.00236942 -0.0120262
internal_weight=8605.65 1593.56 1002.24 2.87037 999.366 591.324 584.552 40.9645 543.588 27.2102 2.55721 39.1085 18.1515 8.09638 20.9571 8.13266 5.70687 3.34181 955.724 199.087 72.3699 126.717 67.1614 25.9951 59.5559 13.7008 45.855 43.9574 22.6263 14.5107
internal_count=210720 25827 16310 54 16256 9517 9461 491 8970 365 48 448 237 119 211 90 97 52 15619 3402 1319 2083 1342 501 741 194 547 513 249 176
is_linear=0
shrinkage=0.05


Tree=129
num_leaves=31
num_cat=0
split_feature=16 13 47 33 38 47 7 43 35 48 24 6 33 26 0 11 3 15 35 20 42 5 14 8 15 6 14 34 15 33
split_gain=2.49581 2.17524 2.87597 3.83535 2.67806 2.23668 2.23293 2.82925 2.14582 2.08396 2.70744 3.02635 4.09556 3.19942 3.13065 3.32028 3.9514 3.86989 6.18502 3.32885 3.73605 2.9941 4.84328 2.86518 3.05717 2.60133 3.43851 6.5208 2.94309 4.6991
threshold=17.500000000000004 -1.0190592962650822 0.30887191262364516 1.3855976733160171 -0.017678571428571346 1.3287244012543138 46.500000000000007 0.39685841080288303 831.3375000000002 0.10974999264584172 3.5000000000000004 26.500000000000004 1.3862224668349048 0.34500000000000003 42.500000000000007 3.9225400814291005 22.500000000000004 6.4285921453676433 820.2195945945947 1.5000000000000002 0.39665550426143864 13.500000000000002 9.2368686522628227 119.50000000000001 6.5316884445719881 25.500000000000004 7.5565389114085191 73.438750000000013 4.8989471307414112 1.3843584489554572
decision_type=2 2 2 2 2 2 2 2 2 2 2 2 2 2 2 2 2 2 2 2 2 2 2 2 2 2 2 2 2 2
left_child=-1 2 3 6 -4 8 7 -2 -6 10 25 21 13 -13 15 17 -17 -15 -19 -18 -21 22 -12 -24 -25 26 28 -28 -3 -30
right_child=1 9 4 -5 5 -7 -8 -9 -10 -11 11 12 -14 14 -16 16 19 18 -20 20 -22 -23 23 24 -26 -27 27 -29 29 -31
leaf_value=0.0017857882067689305 -0.0081090448727925077 -0.00092118560222711511 -0.027223875806193024 -0.064453658711422265 0.020744653300144994 -0.029442458110378312 -0.048808074301009884 0.066161947628164658 -0.023899314995905759 -0.00090217619756137793 0.0071352603713724832 -0.05549522648100888 -0.082101727060561097 0.054930860642441993 0.0042828849748461403 0.021716290643239641 -0.078132817594046874 -0.068515774673149565 0.051968699152129254 -0.072811228134255015 0.027819398166709086 0.017884484508680177 0.00091268182813677491 -0.002659104748107986 -0.10067889116486993 0.0031263743369158645 -0.020010370059435494 0.0019571228811556601 -0.037629783971811923 0.031030907738105813
leaf_weight=1593.9971679723822 3.580378342419861 390.84056487260386 3.8672749409452072 2.9101517125964165 47.441205965355039 2.589047670364379 1.5821842914447186 1.9976903591305015 2.8534726500511161 5673.3381081672851 101.13323899870738 2.4592179064638904 1.4907343741506327 2.7836876176297691 152.68128334637731 2.4078998323529968 4.8470672862604225 2.6603864692151546 1.7764113666489718 1.6182426419109108 2.1448110230267048 68.417826376389712 2.6637574350461355 1.1997610041871669 2.3607441391795874 373.21790421707556 68.694350053556263 66.468515501823276 2.9841386629268554 15.108570558950303
leaf_count=25827 48 7796 80 65 438 35 30 15 38 162565 1375 51 32 21 2053 27 86 51 15 32 22 841 35 17 58 6309 1372 1173 45 168
internal_value=-3.19725e-11 -0.000406178 0.00857195 -0.0160525 0.0129415 0.0158787 0.00361918 0.0184898 0.0182118 -0.000492607 0.00133996 0.00507696 0.000419833 0.00112936 0.00194409 -0.0176349 -0.0349049 0.00871821 -0.020276 -0.0507396 -0.0154552 0.00971008 0.00450062 -0.0383075 -0.0676498 -8.85084e-05 -0.00229373 -0.0092075 -8.55038e-06 0.0197063
internal_weight=8602.12 7008.12 66.8214 10.0704 56.751 52.8837 7.16025 5.57807 50.2947 6941.3 1267.96 350.645 174.87 173.379 170.92 18.2385 11.018 7.22049 4.4368 8.61012 3.76305 175.775 107.358 6.22426 3.56051 917.314 544.096 135.163 408.933 18.0927
internal_count=210720 184893 749 158 591 511 93 63 476 184144 21579 4716 2390 2358 2307 254 167 87 66 140 54 2326 1485 110 75 16863 10554 2545 8009 213
is_linear=0
shrinkage=0.05


Tree=130
num_leaves=31
num_cat=0
split_feature=16 15 24 28 29 33 26 0 14 37 7 48 26 24 13 48 24 15 38 43 8 28 9 35 20 33 31 4 5 11
split_gain=1.96414 2.19101 4.04351 3.1334 5.19984 3.3646 3.17285 2.86451 2.70453 3.46878 3.04712 3.20113 2.52327 2.51139 2.38733 2.35137 3.01212 5.81109 3.55553 3.08511 2.85065 4.0901 3.10313 2.82428 3.52228 4.53429 2.79742 2.68983 2.87999 2.35108
threshold=17.500000000000004 7.6443937090612071 3.5000000000000004 0.00072088573496135013 0.23354166666666668 1.3861757911369603 0.35500000000000004 34.500000000000007 11.119009640404697 0.47562500000000002 54.500000000000007 0.39897212717859593 0.33500000000000008 4.5000000000000009 -1.0190592962650822 0.10974999264584172 3.5000000000000004 7.4330456584266278 0.068749999999999908 0.40231565708554468 114.50000000000001 0.0043203846005189011 122.50000000000001 819.73750000000007 5.5000000000000009 1.3847150953364271 0.23987179487179486 5.5000000000000009 14.500000000000002 4.2720838335334141
decision_type=2 2 2 2 2 2 2 2 2 2 2 2 2 2 2 2 2 2 2 2 2 2 2 2 2 2 2 2 2 2
left_child=-1 15 7 4 -4 6 13 -3 9 -8 -11 -12 -6 -5 -10 16 17 -2 20 -20 21 23 -22 26 25 -25 27 -18 -29 -17
right_child=1 2 3 5 12 -7 8 -9 14 10 11 -13 -14 -15 -16 29 18 -19 19 -21 22 -23 -24 24 -26 -27 -28 28 -30 -31
leaf_value=0.0015796111182878006 0.00012372212195458642 -0.047168073598184423 -0.025708917173913666 0.023540918439752031 0.055535466454657956 -0.063704639847405237 -0.050965074937119353 0.023616987586612296 0.06648513694052538 0.038097850291766377 -0.035145701368459986 0.056957883529338539 -0.00015068267646322351 -0.071213885313818476 0.0052907671170614344 -0.0014562667790637672 0.023123516310103055 -0.10607630724075504 -0.015068303329145978 0.058866597596021301 -0.06113946681707199 0.043942601796868291 0.0029227354780136895 0.0030745819592817806 0.032671800040178972 -0.074169707137672874 0.021853391594747279 -0.070673667713634328 0.012059851330003394 0.0016501302965070211
leaf_weight=1601.2114148675464 913.79516933497507 1.5005248263478304 20.876726409886032 1.0216985577717417 2.0523866452276698 1.6661593280732621 1.4449739325791622 30.086898642592132 1.6124452129006375 18.121255803853277 3.1769104162231079 1.3418510928750036 230.48158726003021 2.2159302523359656 137.73123912862502 4624.6904513724148 3.1402723155915728 1.2899151286110271 1.8956387345679093 5.5182969532907009 1.9060824047774065 9.9557324750348908 228.65017308713868 4.2001868616789562 2.9189196582883596 3.4689033636823297 30.523505257442594 2.6243416573852301 1.7555342605337498 701.50007047411054
leaf_count=25827 16837 29 389 15 21 44 33 350 9 216 57 14 3367 47 1911 146521 30 26 34 47 37 85 3224 68 31 74 356 47 28 10946
internal_value=-4.84568e-11 -0.000361784 0.00299967 0.00170733 -0.00180524 0.00699523 0.00770201 0.0202544 0.00867302 0.0241442 0.0289379 -0.00779544 0.000340813 -0.0413121 0.00599889 -0.000594866 0.00139322 -2.59787e-05 0.00577242 0.0399625 0.00489575 0.0147443 0.00239311 0.00876689 -0.0140732 -0.0318648 0.0151236 -0.0121921 -0.0375126 -0.00104713
internal_weight=8592.38 6991.16 453.331 421.743 253.411 168.332 166.666 31.5874 163.429 24.085 22.64 4.51876 232.534 3.23763 139.344 6537.83 1211.64 915.085 296.558 7.41394 289.144 58.5874 230.556 48.6317 10.588 7.66909 38.0437 7.52015 4.37988 5326.19
internal_count=210720 184893 6502 6123 3777 2346 2302 379 2240 320 287 71 3388 62 1920 178391 20924 16863 4061 81 3980 719 3261 634 173 142 461 105 75 157467
is_linear=0
shrinkage=0.05


Tree=131
num_leaves=31
num_cat=0
split_feature=14 6 47 28 0 11 34 26 11 35 5 32 35 12 4 42 20 14 25 36 26 6 35 28 17 26 36 30 33 35
split_gain=2.0824 2.46269 2.33243 2.72839 2.58111 2.52179 3.07505 2.56358 2.43916 4.41641 4.40645 2.89882 3.12273 2.85671 2.51982 2.37901 3.55205 2.58124 2.45179 2.36418 2.35049 2.87087 2.27685 3.34557 5.25408 2.27682 2.69908 2.59544 2.56729 2.80696
threshold=11.211130010037225 32.500000000000007 0.81059506323900499 -0.0033734034294777494 173.50000000000003 4.1081732636461501 74.259615384615401 0.40500000000000008 3.8946998817267895 823.0875000000002 18.500000000000004 0.26377155172413796 817.9625000000002 25.500000000000004 8.5000000000000018 0.38618535755028033 1.0000000180025095e-35 9.8578164852121404 10.202743583389882 4.6233108108108114 0.39500000000000007 35.500000000000007 782.56250000000011 -0.0041907421311427493 19.500000000000004 0.44500000000000006 4.3163461538461556 0.26056618819776717 1.3834576509194025 832.16250000000002
decision_type=2 2 2 2 2 2 2 2 2 2 2 2 2 2 2 2 2 2 2 2 2 2 2 2 2 2 2 2 2 2
left_child=1 -1 8 4 -4 6 25 -8 22 10 11 14 -13 -11 15 16 -10 -18 -19 -14 -12 -22 -3 24 -24 -5 -27 28 -28 -30
right_child=-2 2 3 5 -6 -7 7 -9 9 13 20 12 19 -15 -16 -17 17 18 -20 -21 21 -23 23 -25 -26 26 27 -29 29 -31
leaf_value=-0.00039518745413249937 0.002913313569165786 0.050884083344912984 0.032034097022736685 0.012275355695642426 -0.033943515807378401 0.034549330472313539 -0.090578826583450511 -0.012774506215155591 -0.046950156725459408 0.027436417231027056 -0.10294186013119516 -0.076333028226404628 -0.061554847202190024 -0.01094048240102968 0.048643323765285136 0.00084817787232702071 0.017032303309339789 -0.047763120460865408 0.013793903756710125 0.01208263110269538 -0.053951127829139835 0.034196555386727487 0.024866932444034224 0.007373972744900527 -0.06901833731093647 0.059566775465523684 -0.077185465635634928 0.021747630238341746 -0.014451029398569154 0.054801244801321938
leaf_weight=7656.9613880675752 572.44303521374241 2.7888797111809245 17.842948014847938 59.15936307888478 1.6166686778888095 7.3043761048465958 1.3737463308498252 4.616725473664701 7.3597080521285561 15.683200674131514 1.5310585219413031 2.886440208181738 1.5918983304873107 7.0195681951008728 2.2810247447341672 54.754831924568862 7.1432005083188397 4.5027202791534364 2.5245045581832528 3.4571239342913032 3.7173330476507545 1.2291219532489774 2.5216611493378869 96.762860697694123 3.6430966090410948 1.5955789126455773 1.5126234069466615 6.3154624355956903 23.226337632164363 1.5615922715514887
leaf_count=196432 8329 31 222 930 34 98 33 90 188 217 38 65 37 128 26 935 138 115 42 52 81 19 36 1656 97 13 40 102 470 26
internal_value=4.1235e-12 -0.000208346 0.00390831 0.00933541 0.0265528 0.00619435 0.00410988 -0.0306167 0.000816614 -0.00420036 -0.00902783 -0.00604921 -0.0348497 0.0155705 -0.00314025 -0.00468865 -0.0187698 -0.00413368 -0.025649 -0.0111344 -0.0488046 -0.0320477 0.00630651 0.00509865 -0.0306151 0.00633786 -0.00392937 -0.00703561 -0.0139472 -0.0100883
internal_weight=8576.93 8004.49 347.524 126.125 19.4596 106.666 99.3614 5.99047 221.398 115.682 92.979 86.5015 7.93546 22.7028 78.566 76.285 21.5301 14.1704 7.02722 5.04902 6.47751 4.94646 105.716 102.928 6.16476 93.371 34.2116 32.616 26.3006 24.7879
internal_count=210720 202391 5959 2058 256 1802 1704 123 3901 2081 1736 1598 154 345 1444 1418 483 295 157 89 138 100 1820 1789 133 1581 651 638 536 496
is_linear=0
shrinkage=0.05


Tree=132
num_leaves=31
num_cat=0
split_feature=6 14 16 24 24 47 48 6 30 11 48 24 25 9 42 26 33 6 33 9 35 38 14 37 37 37 7 36 16 29
split_gain=2.09694 3.48113 2.45475 3.06095 2.38928 2.66488 3.61696 2.57322 2.48808 2.31906 2.62669 2.99757 3.84422 3.47624 3.73303 3.41465 4.05746 3.48604 4.12405 3.51219 2.81755 2.71732 2.73459 4.05865 3.36279 2.80324 2.64228 2.77247 4.63719 3.40192
threshold=32.500000000000007 11.41176006352987 17.500000000000004 7.5000000000000009 3.5000000000000004 0.40178428084837015 0.12463738158315452 30.500000000000004 0.24937500000000004 4.2720838335334141 0.10974999264584172 3.5000000000000004 9.6349048883062807 706.50000000000011 0.39998287734504084 0.44500000000000006 1.3845504913017408 27.500000000000004 1.3850628050840508 469.50000000000006 817.78750000000002 0.068749999999999908 6.9610955456119612 0.51228448275862071 0.52690476190476199 0.52013513513513521 60.500000000000007 4.8959459459459476 27.500000000000004 0.22977272727272727
decision_type=2 2 2 2 2 2 2 2 2 2 2 2 2 2 2 2 2 2 2 2 2 2 2 2 2 2 2 2 2 2
left_child=1 2 -1 9 5 6 8 -7 -3 10 11 -4 21 14 15 20 -17 18 -18 -19 -14 22 23 -13 25 26 27 29 -29 -24
right_child=-2 4 3 -5 -6 7 -8 -9 -10 -11 -12 12 13 -15 -16 16 17 19 -20 -21 -22 -23 24 -25 -26 -27 -28 28 -30 -31
leaf_value=0.001424249832071249 0.0027726690692019946 -0.025798655969510722 -0.00051756992917235554 -0.10458543897827791 0.0042621928743943561 -0.0031875256287505409 -0.067146228727875706 0.043345106864579611 0.055712266574091097 0.0016445113411570911 -0.0017386164338631953 -9.265946400151391e-05 -0.013560508529779237 -0.091022339923369069 0.030338002077343051 -0.076006967157996749 0.0052484486884032773 0.022282349870552387 -0.103284204367718 -0.057055869508743799 0.025325287982593342 0.040663398626136285 -0.042247987174504162 -0.08601810462440164 0.029852669862140718 -0.016427846937359252 -0.032565060053630433 0.0037497728662391552 -0.056967365892442334 0.014925317529228273
leaf_weight=1492.6048584263772 631.66819672635756 1.6869426732882886 776.80536269210279 0.71080865897238155 197.56615745369345 3.9260539822280434 1.7690886566415427 12.213072187267242 2.1037111580371857 826.81900667725131 4357.7613131727558 4.9998079305514684 11.961913366802039 1.2324707279913116 6.0810696515254667 3.6467316071502855 1.5446982774883493 5.9000665876083076 2.0196855058893561 1.8268490172922609 7.6294781947508445 6.269263314548879 2.6639550700783721 1.895228751003742 16.654249828308821 12.533826138358561 3.925389075651764 61.519591779448092 3.3140490613877764 111.55394660076126
leaf_count=24239 10085 26 14824 14 2810 56 28 127 17 12811 141961 81 183 42 67 70 20 81 48 32 92 69 41 34 200 194 75 834 75 1484
internal_value=-6.56981e-12 -0.000220549 -0.000396954 -0.000833335 0.00599193 0.0217411 -0.00811296 0.0320254 0.0194377 -0.000821495 -0.00119896 0.00105369 0.00562215 -0.00829583 -0.0057852 -0.012147 -0.0301537 -0.0153445 -0.0562494 0.00352468 0.00158279 0.00820668 0.0072778 -0.0237109 0.00828489 0.00644767 0.00801463 0.00890427 0.000646144 0.0135918
internal_weight=8572.81 7941.14 7721.87 6229.27 219.265 21.6989 5.55974 16.1391 3.79065 6228.56 5401.74 1043.98 267.172 41.843 40.6105 34.5294 14.938 11.2913 3.56438 7.72692 19.5914 225.329 219.06 6.89504 212.165 195.511 182.977 179.052 64.8336 114.218
internal_count=210720 200635 197571 173332 3064 254 71 183 43 173318 160507 18546 3722 635 593 526 251 181 68 113 275 3087 3018 115 2903 2703 2509 2434 909 1525
is_linear=0
shrinkage=0.05


Tree=133
num_leaves=31
num_cat=0
split_feature=15 16 31 43 14 14 16 9 14 47 17 38 40 27 31 31 34 14 31 35 5 4 33 32 43 15 35 17 28 35
split_gain=1.76974 2.86522 2.70548 3.5987 2.51085 2.08537 2.41643 2.03144 2.74691 3.89165 4.39555 2.62761 4.07739 2.6876 2.52595 2.36993 2.28476 2.61476 3.63412 3.81332 2.26118 3.07474 2.20481 2.43239 2.26025 2.11301 1.99101 1.98751 3.549 3.14417
threshold=4.5756411686033927 12.500000000000002 0.27939393939393947 0.40143755331168357 7.8612175757701186 5.4860491596317269 15.500000000000002 357.50000000000006 7.0957569030489926 0.79113371008423627 13.500000000000002 -1.0000000180025095e-35 1.5000000000000002 0.14204615434111786 0.24871710526315788 0.25517857142857142 72.912500000000009 4.8860632138641131 0.2549193548387097 808.53750000000002 11.500000000000002 3.5000000000000004 1.3856007607614809 0.26208333333333339 0.40445296154565441 3.6283463373219722 835.55000000000007 10.500000000000002 -0.0030185986022270499 825.93750000000011
decision_type=2 2 2 2 2 2 2 2 2 2 2 2 2 2 2 2 2 2 2 2 2 2 2 2 2 2 2 2 2 2
left_child=1 2 4 -4 7 6 26 11 16 -10 -11 12 13 -1 -13 -16 17 -9 19 -19 -14 -22 23 24 -18 -21 -3 28 -7 -30
right_child=-2 5 3 -5 -6 27 -8 8 9 10 -12 14 20 -15 15 -17 22 18 -20 25 21 -23 -24 -25 -26 -27 -28 -29 29 -31
leaf_value=-0.094867275816104671 0.0004940386053409805 0.018824405401594267 -0.07146676844518754 0.014970031742101472 0.048973329965578877 -0.037199924050864829 0.00061156100081563754 0.030486410504431034 -0.074257228702203026 -0.062999421960746774 0.030105018840039289 0.049366012329045472 0.034746458584075504 -0.0098623288289384249 -0.012699221078208551 0.025229914831683738 -0.057657140702638714 -0.067724893635332947 -0.066134112977193127 -0.018725657633322811 0.02112434727974799 -0.059061237398175016 0.043032818283053137 0.038733444175148089 0.0049685535687894692 0.042618725436864208 -0.031744833361105528 -0.0022628772688884453 0.020048064112314405 -0.031796999059136362
leaf_weight=1.637947309762237 5811.0949027868919 27.665579726453874 2.4422442596405736 2.3753628777340055 3.8773332028649738 3.6441307654604307 513.20083442144096 3.2509336723014739 2.7700105141848308 1.9302363600581882 3.6932241395115852 7.3466916475445059 5.8449318027123809 2.1509450282901525 5.5602056141942766 15.882365498691795 1.8959509525448099 1.7012864593416432 3.1175244092009962 2.383177325129509 2.9727534148842096 1.9997230060398576 5.9879607167094937 3.7736336486414075 6.001046622171998 3.4156852401793003 2.093745549209415 2070.8596447333694 29.139050275553018 3.25058689713478
leaf_count=29 126830 414 47 30 30 89 15970 29 42 34 36 52 44 31 59 136 30 29 61 31 26 27 45 41 58 25 51 65811 497 86
internal_value=-4.63322e-12 -0.00104706 0.00762688 -0.0288484 0.00964221 -0.00134825 0.00141479 0.00781184 -0.000328294 -0.0257477 -0.00185281 0.0153001 -0.00197304 -0.0466102 0.0240637 0.0153946 0.0064391 -0.0087492 -0.0207624 -0.00190314 0.0136615 -0.011123 0.0183676 0.00571239 -0.0100669 0.0174078 0.0152666 -0.0020603 0.0095816 0.014845
internal_weight=8552.96 2741.86 92.0112 4.81761 87.1936 2649.85 542.96 83.3162 39.9207 8.39347 5.62346 43.3956 14.6063 3.78889 28.7893 21.4426 31.5272 13.8686 10.6177 7.50015 10.8174 4.97248 17.6586 11.6706 7.897 5.79886 29.7593 2106.89 36.0338 32.3896
internal_count=210720 83890 972 77 895 82918 16435 865 461 112 70 404 157 60 247 195 349 175 146 85 97 53 174 129 88 56 465 66483 672 583
is_linear=0
shrinkage=0.05


Tree=134
num_leaves=31
num_cat=0
split_feature=48 24 34 8 8 13 0 34 28 29 25 29 42 26 15 14 13 43 33 14 32 25 13 26 0 36 25 20 16 47
split_gain=1.70365 2.87282 2.87307 3.71453 2.73051 3.96188 3.90006 3.82815 3.7312 6.19244 3.63266 3.38137 3.32533 5.71168 4.1553 3.99737 3.72926 3.72515 3.83803 3.15032 4.68927 4.05077 3.11314 4.09317 4.93068 4.24307 3.66597 3.4186 4.28822 3.0112
threshold=0.10663593827557351 3.5000000000000004 72.662500000000009 36.500000000000007 112.50000000000001 -0.54659951387578576 185.50000000000003 72.83750000000002 -0.0012625312134663497 0.22942789968652036 3.7033981363720785 0.2462019230769231 0.39651665867313318 0.37500000000000006 5.7325356843105402 8.2007563085359809 -0.30119421904330473 0.40378033248729223 1.3844310302645388 8.1282565941129103 0.25233695652173915 8.8194608073230043 -0.88695199297692706 0.42500000000000004 83.500000000000014 4.8834841628959289 11.014571273370693 -4.4999999999999991 23.500000000000004 0.31181465614087706
decision_type=2 2 2 2 2 2 2 2 2 2 2 2 2 2 2 2 2 2 2 2 2 2 2 2 2 2 2 2 2 2
left_child=1 -1 -3 -4 10 6 22 -8 9 -7 -5 -11 16 -14 15 -15 -10 -16 -19 -9 -21 -22 23 29 25 -25 -24 -28 -29 -6
right_child=-2 2 3 4 5 8 7 19 12 11 -12 -13 13 14 17 -17 -18 18 -20 20 21 -23 26 24 -26 -27 27 28 -30 -31
leaf_value=0.00019638883829711093 -0.00031388800911478967 0.015479247383152135 -0.070348824403738214 0.032548097474855327 -0.0411591305062603 0.052907330338620967 -0.10687752245928624 0.057413614271950159 -0.015255176645514757 -0.06028266912081065 0.0042638776228572893 -0.017899653333973864 -0.077876738521200514 -0.015684828578631956 -0.058535742511041225 0.059782065434729831 0.018052469814256893 -0.062456634066632016 0.012699765568814256 -0.079719039448507403 -0.053843830311412891 0.022300213115799633 0.013948844278535287 -0.064089475691191819 0.019872995142694572 0.015310380199929412 -0.073842048681313374 0.012379832632371718 -0.052807462178064063 0.038099472953435076
leaf_weight=1022.3085496523418 7136.2427442511544 58.305902539752424 1.6967602558433998 18.04554330278188 9.4279487216845137 2.3321040049195316 1.1644535325467575 1.4414388760924328 11.980357891879974 7.333339459262791 30.605316723696887 13.13497993070632 3.1696849507279721 3.222591886296871 4.5954091185703865 3.8522240854799747 28.149977618828416 2.1840005367994291 7.6446322882547975 2.5982003987301123 2.5839941706508398 5.3900368716567755 127.9572949022986 3.9263354623690274 17.621063968166709 2.9444015333428979 1.9297912931069756 10.779161479324101 3.2937473999336353 1.3728595301508892
leaf_count=17990 187738 678 34 193 140 24 24 14 186 142 380 199 61 56 81 31 372 41 88 62 48 62 1564 67 190 42 31 117 50 15
internal_value=-1.33015e-11 0.00158752 0.00524646 0.00344055 0.00382147 0.00192193 0.00593459 -0.0203181 -0.00689273 -0.024289 0.014755 -0.0330845 -0.000771594 -0.0152183 -0.00598022 0.0254068 0.00810893 -0.0213751 -0.00400059 -0.0119282 -0.0213824 -0.00237435 0.00786461 -0.00544348 0.00586427 -0.0300633 0.0111272 -0.0114349 -0.00287718 -0.0310848
internal_weight=8547.23 1410.99 388.684 330.378 328.681 280.03 192.431 13.1781 87.5993 22.8004 48.6509 20.4683 64.7989 24.6685 21.4989 7.07482 40.1303 14.424 9.82863 12.0137 10.5722 7.97403 179.253 35.2926 24.4918 6.87074 143.96 16.0027 14.0729 10.8008
internal_count=210720 22982 4992 4314 4280 3707 2426 210 1281 365 573 341 916 358 297 87 558 210 129 186 172 110 2216 454 299 109 1762 198 167 155
is_linear=0
shrinkage=0.05


Tree=135
num_leaves=31
num_cat=0
split_feature=48 24 31 17 43 13 16 7 39 47 8 34 9 0 32 39 29 9 12 13 35 36 20 42 13 42 38 0 0 15
split_gain=1.98576 3.42519 2.33642 2.2732 2.00615 2.47179 2.33932 2.37888 3.83499 2.97532 2.72256 2.34519 3.74864 2.17815 3.55611 3.19016 3.18784 3.28005 2.17334 3.31996 3.29058 3.20474 2.83538 2.60746 2.4079 2.20572 2.13761 3.55232 3.14181 3.09346
threshold=0.10663593827557351 3.5000000000000004 0.21812500000000004 10.500000000000002 0.40900774974769732 0.30066085705050433 13.500000000000002 62.500000000000007 2.5000000000000004 0.31508069050337112 121.50000000000001 73.903125000000017 379.50000000000006 113.50000000000001 0.2647916666666667 1.5000000000000002 0.23987179487179486 321.50000000000006 24.500000000000004 -0.83245504202229459 794.45576923076931 4.5968750000000007 -1.4999999999999998 0.384459573619156 -0.0086833283720617483 0.36622416831170662 0.014999999999999953 164.50000000000003 107.50000000000001 6.3776853766777295
decision_type=2 2 2 2 2 2 2 2 2 2 2 2 2 2 2 2 2 2 2 2 2 2 2 2 2 2 2 2 2 2
left_child=1 4 -3 -4 6 18 13 9 11 26 -11 -9 -13 14 15 -1 17 -15 22 -20 -21 23 -6 -22 25 -24 -8 28 -28 -29
right_child=-2 2 3 -5 5 -7 7 8 -10 10 -12 12 -14 16 -16 -17 -18 -19 19 20 21 -23 24 -25 -26 -27 27 29 -30 -31
leaf_value=-0.018241139509608092 -0.00033914536436995343 -0.04586943084169183 -0.047817505323069609 0.0062747237062819707 -0.011443257508861666 0.020773326157846585 -0.0031096801776809612 0.037415078424142462 -0.018544480720607267 -0.0030680218105642622 -0.078475630722509113 -0.083480547282900996 0.043315440501672346 0.024422400168617839 -0.05680408679443219 0.030966075685486285 0.038238376242220415 -0.061915522508229862 -0.064203489329489036 -0.064879512224095381 0.010342296655586662 0.020774755857025509 -0.0094173283585416469 -0.079199026957693291 -0.035843023466282133 0.038649317445565823 0.00070409557691319914 -0.0042048964209014418 0.011798171967079114 -0.044378522466299447
leaf_weight=5.8673171401023847 7133.8221531140152 2.1831933199428013 1.9521257933229197 384.39553573122248 9.5348331378772873 25.550518269650638 522.12259585317224 12.839513425715269 5.8762769317254415 2.4073859900236121 2.3806922771036625 1.1124379532411688 1.2245906218886373 2.7103806613013175 2.3923765216022721 7.5093931900337338 12.450266746804116 1.8515493422746656 2.6428700424730804 1.8861485365778197 1.5451922696083777 9.3726843073964101 2.9837697222828892 1.7158936485648153 1.5820676432922471 11.927898025140165 173.85157538810745 94.824564536567777 100.82977315224707 5.0468725925311437
leaf_count=69 187738 50 50 4892 183 412 9774 138 107 43 62 28 15 25 27 60 99 24 54 53 22 141 62 36 37 153 2917 1769 1588 92
internal_value=-4.53299e-11 0.00171277 0.00570994 0.00600141 0.000196198 0.00844616 -0.000397458 -0.000863872 0.0157507 -0.00125189 -0.0405616 0.0290295 -0.0170401 0.0127282 -0.000658686 0.00938272 0.0251368 -0.0106196 0.00115383 -0.0126585 -0.00327643 0.00592056 0.0102614 -0.0367719 0.0228087 0.0290314 -0.00104198 0.00184037 0.0047765 -0.00623502
internal_weight=8546.39 1412.57 388.531 386.348 1024.04 68.7419 955.298 922.516 21.0528 901.463 4.78808 15.1765 2.33703 32.7813 15.7691 13.3767 17.0122 4.56193 43.1914 17.1628 14.5199 12.6338 26.0286 3.26109 16.4937 14.9117 896.675 374.553 274.681 99.8714
internal_count=210720 22982 4992 4942 17990 1153 16837 16533 288 16245 105 181 43 304 156 129 148 49 741 306 252 199 435 58 252 215 16140 6366 4505 1861
is_linear=0
shrinkage=0.05


Tree=136
num_leaves=31
num_cat=0
split_feature=48 43 4 14 35 14 15 42 34 20 35 20 43 42 11 28 0 20 38 15 35 43 11 43 31 32 25 26 35 36
split_gain=1.86755 2.32098 2.69719 2.31094 4.06107 3.39733 4.34334 4.79873 3.26252 3.09423 3.1215 5.05667 4.07677 4.06103 4.89794 3.48721 4.36714 3.26146 4.02663 3.88325 3.21579 3.11135 3.7428 2.85804 2.84825 2.84446 5.78398 2.82269 2.80507 2.77691
threshold=0.10663593827557351 0.40930803548863293 9.5000000000000018 8.34889662483228 807.78750000000014 7.5027131128570703 4.6749223302847875 0.40071270367897394 74.012500000000017 -1.0000000180025095e-35 797.11250000000007 1.0000000180025095e-35 0.40704651649085971 0.31990457158339425 3.8236520625692134 -0.0028701400433229496 130.50000000000003 3.5000000000000004 -0.0074999999999998497 5.8000244006853476 801.56250000000011 0.40451116813015237 3.9335800917832171 0.40851096364404643 0.26612394957983193 0.236125 3.7033981363720785 0.45500000000000007 800.99250000000018 5.1557575757575771
decision_type=2 2 2 2 2 2 2 2 2 2 2 2 2 2 2 2 2 2 2 2 2 2 2 2 2 2 2 2 2 2
left_child=1 3 -3 5 9 6 24 8 25 23 13 28 15 -11 -15 16 -13 18 20 -20 -17 22 -16 -5 -1 26 -8 -18 -12 -27
right_child=-2 2 -4 4 -6 -7 7 -9 -10 10 11 12 -14 14 21 17 27 -19 19 -21 -22 -23 -24 -25 -26 29 -28 -29 -30 -31
leaf_value=-0.0022932319728103715 -0.00032824959823898805 0.010899629746478491 -0.054575194824465247 -0.0089411627006237837 0.0062098769227128363 -0.0059584082780802551 -0.091554541130663247 -0.06194680637652053 0.044068955193232971 -0.067795524176176389 -0.021729224624765599 0.0517148231889357 -0.067403723975422755 0.048352158702814056 -0.06752582657941876 -0.028445895932536241 -0.10261490333776782 -0.0025790967964780375 -0.064517217706795763 0.022303640865815738 -0.091394513664800697 0.019020094458870717 0.00024262534173743268 -0.075057218115304442 0.0076926645920174569 0.017698937463981275 0.017342276437178238 0.020784384015044392 0.038404799552852337 -0.044301638245736873
leaf_weight=351.32879637926817 7137.2668825681321 83.531032322440296 1.6030939035117615 75.10912960767746 412.89294493407942 218.64834233466536 1.9571661073714484 2.0310101658105841 8.9564555464312416 1.547989916987716 2.4902462870813897 4.6132923252880564 3.1202910356223574 8.741969224996863 2.3721083374694016 4.7067922670394164 0.90067512821406104 23.682956954464316 1.8041445766575623 4.5010733092203736 3.5660206126049161 22.847527350764722 14.440368698909877 1.6709005506709207 89.623456071596593 45.900186299346387 3.2346598180010915 0.95458318013697863 8.7652942948043329 1.8799331597983826
leaf_count=7109 187738 1270 25 1196 5444 4027 45 44 93 25 43 43 65 85 51 79 24 340 36 52 78 303 222 35 1530 529 42 18 100 29
internal_value=-7.95931e-12 0.00166461 0.00966672 0.0011494 0.00344726 -0.000752025 0.00150256 0.0136789 0.0161592 -0.00269078 0.00272278 -0.00505369 -0.0121467 0.0119246 0.0144742 -0.00829204 0.0256616 -0.0140324 -0.032639 -0.00253886 -0.0555801 0.00700674 -0.00931897 -0.01038 -0.000263601 0.0114402 -0.0237086 -0.0391225 0.0251004 0.0152595
internal_weight=8544.69 1407.42 85.1341 1322.29 598.728 723.56 504.912 63.9594 61.9284 185.835 109.055 59.1054 47.8498 49.95 48.402 44.7295 6.46855 38.261 14.578 6.30522 8.27281 39.66 16.8125 76.78 440.952 52.9719 5.19183 1.85526 11.2555 47.7801
internal_count=210720 22982 1295 21687 8239 13448 9421 782 738 2795 1564 878 735 686 661 670 85 585 245 88 157 576 273 1231 8639 645 87 42 143 558
is_linear=0
shrinkage=0.05


Tree=137
num_leaves=31
num_cat=0
split_feature=48 24 43 16 4 0 38 7 38 36 34 34 13 13 30 12 20 3 12 13 25 17 25 30 16 13 13 37 34 15
split_gain=2.29552 2.16854 2.19344 2.20753 2.88131 3.05716 2.58516 2.0592 3.0177 4.88365 3.64748 2.03505 1.91509 2.38765 2.9685 2.49941 2.28714 2.44519 2.43363 2.79801 2.84598 2.26127 2.21986 3.08802 1.86043 2.89497 2.4116 3.13617 3.49491 4.20362
threshold=0.10663593827557351 3.5000000000000004 0.40900774974769732 12.500000000000002 6.5000000000000009 81.500000000000014 0.0024999999999999506 62.500000000000007 0.026249999999999954 4.901612903225808 73.389200561009844 71.488095238095255 -0.27769933427957244 -0.52978199998412234 0.26621323529411772 23.500000000000004 -1.4999999999999998 39.500000000000007 24.500000000000004 -0.79143224003484702 4.2860423011195143 27.500000000000004 3.9105318929058708 0.2647580645161291 18.500000000000004 -1.0190592962650822 -0.81833046097374817 0.4815740740740741 73.8232142857143 7.0648247673686404
decision_type=2 2 2 2 2 2 2 2 2 2 2 2 2 2 2 2 2 2 2 2 2 2 2 2 2 2 2 2 2 2
left_child=1 2 3 4 5 6 -1 -5 10 -10 -9 -3 13 16 15 -15 17 -4 -18 -20 -21 22 -19 -24 26 -26 27 28 -2 -30
right_child=24 11 12 7 -6 -7 -8 8 9 -11 -12 -13 -14 14 -16 -17 18 21 19 20 -22 -23 23 -25 25 -27 -28 -29 29 -31
leaf_value=-0.049113131598309753 -0.01230051742084347 0.058530979940143571 0.044634129234026536 -0.00072013037609025283 -0.038057248285112616 0.036261037727415631 0.018758700855383628 0.04437909536004761 0.016017216298356958 -0.091559424792639454 -0.0042161699650866942 0.0047796674350928103 0.016311400963255767 -0.018618803411773029 0.038070338927346938 -0.10135017364867834 0.030405224486580791 0.0095389470411420384 -0.059620778693696377 -0.033694141404976528 0.069417434369676401 0.043004367296187944 -0.081097923756357174 0.0076674516982353494 0.010174594559912171 -0.00097704871965780373 -0.00013978217965536767 0.0053614111588112618 0.017882156152069766 -0.064634039939352544
leaf_weight=2.2699813935905757 54.71544388262555 1.768963137641548 1.4862285219132898 903.85916832881048 2.1991513604298225 12.742280455306171 3.6731925755739212 9.8810799974016899 3.1541059631854287 1.5852177413180468 6.3383463723585001 386.88688801880926 40.10551156103611 2.1304053012281652 1.1418483620509503 1.5974912941455839 10.896845013834534 1.8831995464861444 1.8915413878858087 1.2899201074615114 1.3906689025461672 1.0406754631549118 3.2977069998160005 1.3939483631402252 58.860484694130719 5169.2012400445528 1374.0731962423306 461.59412172716111 19.872633116319779 1.6733863493427623
leaf_count=35 810 14 17 16341 34 103 35 100 43 35 111 4978 637 47 20 48 137 34 53 31 12 18 73 26 643 152660 27275 6069 247 34
internal_value=-3.27776e-11 0.00184826 0.000632402 2.16227e-06 0.0160775 0.0224488 -0.00716479 -0.000360858 0.015133 -0.0199652 0.0253887 0.00502432 0.00920255 -0.000481535 -0.032466 -0.0540711 0.00585756 -0.0140297 0.017559 -0.0130576 0.0197993 -0.0254784 -0.036318 -0.0547246 -0.000363414 -0.000851497 0.000971221 0.00380953 -0.00558369 0.0114735
internal_weight=8543.89 1403.9 1015.25 945.703 20.8846 18.6855 5.94317 924.818 20.9588 4.73932 16.2194 388.656 69.546 29.4405 4.86974 3.7279 24.5707 9.10176 15.469 4.57213 2.68059 7.61553 6.57485 4.69166 7139.99 5228.06 1911.93 537.856 76.2615 21.546
internal_count=210720 22982 17990 16837 207 173 70 16630 289 78 211 4992 1153 516 115 95 401 168 233 96 43 151 133 99 187738 153303 34435 7160 1091 281
is_linear=0
shrinkage=0.05


Tree=138
num_leaves=31
num_cat=0
split_feature=48 43 28 14 13 26 38 29 31 29 17 9 30 5 11 6 7 8 31 29 9 7 37 0 36 15 8 16 36 7
split_gain=1.88206 2.19434 2.15904 3.91044 2.8122 2.50862 2.89341 2.87865 3.02794 2.65652 2.44211 2.33406 2.39616 2.24928 2.21488 2.17633 2.16032 2.15403 2.02073 2.72246 2.68093 2.52472 2.34813 2.18043 3.44739 3.59247 2.55201 3.762 2.62822 2.55146
threshold=0.10663593827557351 0.40930803548863293 -0.00013352742171819998 6.7611610593120757 -0.54087130159625618 0.49500000000000005 -0.045416666666666598 0.24116071428571426 0.23987179487179486 0.2462019230769231 25.500000000000004 640.50000000000011 0.24746794871794872 16.500000000000004 3.9700726751624962 28.500000000000004 55.500000000000007 132.50000000000003 0.26740384615384621 0.22062500000000004 753.50000000000011 38.500000000000007 0.52690476190476199 163.50000000000003 4.520564516129034 7.1573845775263241 115.50000000000001 26.500000000000004 4.9739864864864876 57.500000000000007
decision_type=2 2 2 2 2 2 2 2 2 2 2 2 2 2 2 2 2 2 2 2 2 2 2 2 2 2 2 2 2 2
left_child=1 18 3 10 5 6 -4 13 -9 -10 -3 12 -6 -8 -13 -5 -14 -17 19 -1 21 -20 -21 -23 -25 26 28 29 -26 -28
right_child=-2 2 4 15 11 -7 7 8 9 -11 -12 14 16 -15 -16 17 -18 -19 20 22 -22 23 -24 24 25 -27 27 -29 -30 -31
leaf_value=-0.071475761192554804 -0.00032943341641606213 -0.031038438565077889 -0.073810258821200625 0.038748181569698135 0.039620881995331987 -0.059808235454370889 -0.073557365303336258 0.038170514106099784 -0.063442067140312905 0.0045910735452862547 0.044257925715517843 0.057914225285795387 0.0054123543177728673 0.0092633175740189765 -0.00048772383720526265 0.022090381168367777 -0.041047978882305304 -0.048626002979797356 0.041384732305685117 -0.00023885665377747415 -0.053077054979572415 0.0082419653973268645 0.009846252427651813 0.025337649717510371 0.017481517166083722 0.032171125694819447 -0.017040384941095891 -0.063817386284974173 -0.044230765508427097 0.021831599499024378
leaf_weight=1.3214908372610796 7129.4420244747307 4.8856657855212715 1.3959630839526713 17.373535293154422 4.4542266000062254 2.2511346982792011 2.0780761847272546 5.8739641169086125 1.7248460911214341 8.5348712131381017 1.3813131712377069 4.7852725917473427 19.574533399194483 1.3539159111678598 2.4569815564900637 3.8339830227196208 2.8687178669497362 1.4974197428673504 4.8850104622542849 1015.6909975823946 1.9485633852891613 162.09515980118886 61.194042275426909 9.6895043086260539 11.478821859229354 5.3816066444851449 32.375585541129112 3.8618988161906591 2.0304530374705783 4.8543266206979743
leaf_count=29 187738 101 42 211 58 50 38 69 33 121 20 44 317 12 43 52 56 28 61 17117 48 2341 959 123 163 57 598 81 35 75
internal_value=-1.41457e-11 0.00167388 0.00939654 0.0205221 0.00377641 -0.00965073 -0.00426416 0.000697783 0.00954331 -0.00684654 -0.0144423 0.012906 0.00612212 -0.0408847 0.038101 0.0301729 -0.00052625 0.00222842 0.00116762 0.000246217 0.0053313 0.00581223 0.00033423 0.00506246 -0.0023348 -0.00680496 -0.0106465 -0.0168445 0.00820612 -0.011972
internal_weight=8532.57 1403.13 86.3244 28.9719 57.3525 23.2128 20.9616 19.5657 16.1337 10.2597 6.26698 34.1397 26.8975 3.43199 7.24225 22.7049 22.4433 5.3314 1316.81 1078.21 238.601 236.652 1076.89 231.767 69.6722 59.9827 54.6011 41.0918 13.5093 37.2299
internal_count=210720 22982 1295 412 883 365 315 273 223 154 121 518 431 50 87 291 373 80 21687 18105 3582 3534 18076 3473 1132 1009 952 754 198 673
is_linear=0
shrinkage=0.05


Tree=139
num_leaves=31
num_cat=0
split_feature=48 43 31 7 6 37 42 7 7 0 34 43 7 15 11 36 43 43 9 14 9 47 29 36 6 35 0 16 31 15
split_gain=2.14423 2.72359 2.48908 2.49319 2.0853 3.54509 3.43283 3.18626 3.0124 3.5531 2.86415 2.76157 2.62398 2.69873 2.97819 3.99559 3.19385 3.34141 3.0022 3.18197 2.81471 2.61137 2.60453 2.49674 2.47071 2.79299 2.76156 2.74748 2.62742 2.40699
threshold=0.10663593827557351 0.40930803548863293 0.26740384615384621 38.500000000000007 29.500000000000004 0.52261363636363645 0.3999211523873592 49.500000000000007 46.500000000000007 196.50000000000003 71.552777777777791 0.40623229119102328 47.500000000000007 3.7628626196707393 3.9720162992108681 4.6233108108108114 0.39704725712564998 0.4015742982351867 228.50000000000003 9.6956123909184431 406.50000000000006 0.31147849858607735 0.2386931818181818 4.5675000000000008 26.500000000000004 834.88750000000016 100.50000000000001 21.500000000000004 0.27622023809523816 8.0554680713523279
decision_type=2 2 2 2 2 2 2 2 2 2 2 2 2 2 2 2 2 2 2 2 2 2 2 2 2 2 2 2 2 2
left_child=1 2 -1 -4 6 11 8 22 24 10 -10 29 23 -14 21 -16 -17 18 19 -18 -20 -15 -8 -12 25 28 -26 -27 -5 -6
right_child=-2 -3 3 4 5 -7 7 -9 9 -11 12 -13 13 14 15 16 17 -19 20 -21 -22 -23 -24 -25 26 27 -28 -29 -30 -31
leaf_value=0.0002004323536049125 -0.00035185835984112638 0.010408767374655263 0.038910209308709656 0.010619493658053102 0.01787770080570068 -0.049276442845542626 -0.012048329186143942 0.00088011601267669933 -0.060626834832037235 -0.046903639251847061 0.026685099022864135 0.055201237219572853 0.025246736429821268 -0.0073191120092440595 -0.02504549288848585 0.055651030541079165 -0.077197100169608845 0.019171720455285327 0.03034449185397449 0.027890076346717526 -0.030308958418341782 -0.084266127843145855 -0.079930812140996177 -0.031527945136841283 0.019834735444995363 0.013330019220448075 -0.087490464844579202 -0.075085048929568632 0.033642751849349915 -0.027711070999531393
leaf_weight=1079.0210397844203 7126.9658279223368 85.966972843278199 5.5658600702881804 37.021959498524666 31.928746022284031 2.0288900760933748 2.531440129503606 6.6799856349825859 1.8233888093382109 3.9156437357887617 2.2974254526197901 4.5357633624225846 14.31397426407784 31.950069738086313 7.3717383090406647 4.2969176759943357 2.7339984839782105 30.027282338123769 4.5853799213655293 0.9780207723379134 3.2817273139953613 1.1420314107090224 3.1983317602425814 9.2902766168117505 1.1491791307926171 1.902383100241422 1.25274335546419 1.632816821336746 18.626401566900313 3.1840669689699999
leaf_count=18105 187738 1295 61 557 378 39 44 133 40 102 28 44 221 532 123 44 62 394 51 13 65 26 80 172 13 29 33 37 222 39
internal_value=-2.59817e-11 0.0017858 0.00122348 0.0058375 0.00504977 0.0151876 0.00284918 -0.0225843 0.00460661 -7.14424e-05 0.00153584 0.0184864 0.00254544 0.0051387 0.00180611 0.00912377 0.0146111 0.0103727 -0.0124452 -0.0495094 0.00504319 -0.00997461 -0.04994 -0.0199864 0.0135705 0.0155881 -0.0361416 -0.0275066 0.0183257 0.0137437
internal_weight=8531.2 1404.23 1318.27 239.246 233.681 41.6775 192.003 12.4098 179.593 118.008 114.092 39.6486 112.269 100.681 86.3672 53.2751 45.9033 41.6064 11.5791 3.71202 7.86711 33.0921 5.72977 11.5877 61.5855 59.1836 2.40192 3.5352 55.6484 35.1128
internal_count=210720 22982 21687 3582 3521 500 3021 257 2764 1873 1771 461 1731 1531 1310 752 629 585 191 75 116 558 124 200 891 845 46 66 779 417
is_linear=0
shrinkage=0.05


Tree=140
num_leaves=31
num_cat=0
split_feature=48 31 43 5 11 11 36 35 30 43 20 47 40 36 11 6 31 20 35 14 32 28 7 43 34 25 26 20 9 42
split_gain=2.2335 2.95482 2.37892 2.39003 2.34412 3.29071 4.37415 3.83199 2.30022 3.66735 2.04252 2.03833 2.03801 2.94835 2.40215 2.26886 2.24188 2.21964 3.478 2.97073 3.56825 2.75364 2.63971 3.63167 3.54148 2.56688 3.19226 2.65056 2.84826 3.19166
threshold=0.10663593827557351 0.26645833333333335 0.40451116813015237 6.5000000000000009 4.4595091414944372 4.3087327523602044 4.9875000000000007 801.56250000000011 0.24871710526315788 0.40599692055745495 1.5000000000000002 0.31508069050337112 1.0000000180025095e-35 4.2875000000000005 4.2855306647080438 25.500000000000004 0.24246212121212121 -1.0000000180025095e-35 781.87500000000011 11.671189415970122 0.24873397435897437 -0.0068476072441050993 60.500000000000007 0.40466255929494549 72.83750000000002 4.4150952752414323 0.47500000000000003 -10.499999999999998 667.50000000000011 0.39968856683156612
decision_type=2 2 2 2 2 2 2 2 2 2 2 2 2 2 2 2 2 2 2 2 2 2 2 2 2 2 2 2 2 2
left_child=1 2 3 -1 5 12 7 -7 9 -9 -10 -5 13 -4 15 -14 -15 19 -19 22 -21 -20 23 -17 -24 26 -25 -27 29 -29
right_child=-2 -3 4 11 -6 6 -8 8 10 -11 -12 -13 14 16 -16 17 -18 18 21 20 -22 -23 24 25 -26 27 -28 28 -30 -31
leaf_value=-0.025369093213526702 -0.00035933848408313323 0.0067625820669533418 -0.078608101905366198 -0.00066991235634062448 0.028706115230133108 -0.089023855328370038 -0.073794784037185243 -0.086779043358106933 -0.0071471895620148097 0.0074180744584606204 0.055692148234241283 -0.0548093682459629 0.00099000625097661848 -0.049740856400060214 0.043181154000541427 -0.063035770108131883 -0.00086248832074474415 -0.060153223353189712 -0.053953062917593914 -0.10465154047666124 -0.003380178956708993 0.015391233682653242 0.021782618968737632 0.022479454680345533 -0.060959116845785588 0.056581948696971751 -0.021188693239216794 -0.011686406407796463 -0.042579952760063322 0.030305461713335202
leaf_weight=10.061060209758578 7123.5342362860683 248.99739757180214 1.2885243166238058 655.29762972006574 8.988151294179259 1.2480992479249824 3.0459582256153217 1.4712147507816533 2.3803332541137934 3.471201304346323 2.8311960138380527 1.7431693896651257 194.72892362484708 2.4201064193621269 4.1128773204982272 1.7969619221985329 76.558284007478505 1.5856941821984936 1.4513956760056306 1.3920237659476691 2.3185433335602283 105.03522096481174 2.1065588630735865 34.629588300827891 3.3495110333897173 1.7695760028436804 4.7604552130214861 15.037095195613807 4.55334941856563 6.4729820340871802
leaf_count=257 187738 3748 31 11091 119 24 52 30 31 40 19 45 3434 48 35 39 1219 39 37 36 30 1439 24 521 72 15 112 233 86 76
internal_value=-3.98724e-11 0.00182202 0.000757756 -0.00118389 0.00340764 0.00293374 -0.0205665 -0.00634701 0.00381543 -0.0206217 0.0269907 -0.000813548 0.00366334 -0.00358426 0.00517396 0.00476366 -0.00236025 0.00870892 0.0133515 0.00229175 -0.0413723 0.0144461 0.00446719 0.00711381 -0.029013 0.008989 0.017202 -0.00263422 -0.0066547 0.000950118
internal_weight=8528.44 1404.9 1155.91 667.102 488.804 479.816 14.448 11.402 10.1539 4.94242 5.21153 657.041 465.368 80.2669 385.101 380.988 78.9784 186.259 108.072 78.1866 3.71057 106.487 74.4761 69.02 5.45607 67.223 39.39 27.833 26.0634 21.5101
internal_count=210720 22982 19234 11393 7841 7722 196 144 120 70 50 11136 7526 1298 6228 6193 1267 2759 1515 1244 66 1476 1178 1082 96 1043 633 410 395 309
is_linear=0
shrinkage=0.05


Tree=141
num_leaves=31
num_cat=0
split_feature=48 31 43 28 8 43 31 26 11 5 34 34 14 26 33 0 8 0 9 17 13 43 29 9 15 13 20 12 7 8
split_gain=2.49937 2.36725 2.44933 2.79992 2.71535 2.33001 2.30581 2.80844 2.27609 2.38455 2.65249 2.63638 2.52507 7.69262 3.80567 3.95894 3.44933 3.04603 2.48639 2.61544 2.61151 3.35026 2.42612 2.50437 2.42484 2.31647 2.28866 2.22425 2.18713 2.79084
threshold=0.10663593827557351 0.27546296296296302 0.40451116813015237 -0.0048367654432422491 57.500000000000007 0.40424053954952638 0.26740384615384621 0.32500000000000007 4.4595091414944372 12.500000000000002 71.527205882352959 74.58750000000002 7.5209984753729264 0.38500000000000006 1.3845036501333521 85.500000000000014 115.50000000000001 156.50000000000003 354.50000000000006 17.500000000000004 -0.88695199297692706 0.40682059375325658 0.26118055555555558 562.50000000000011 5.0825479687101121 -0.55690403412281964 1.5000000000000002 18.500000000000004 62.500000000000007 137.50000000000003
decision_type=2 2 2 2 2 2 2 2 2 2 2 2 2 2 2 2 2 2 2 2 2 2 2 2 2 2 2 2 2 2
left_child=1 2 3 4 -1 6 -5 -8 9 10 -4 12 -12 17 15 24 -17 -14 19 -16 21 -20 -18 -24 -15 -22 -10 -7 29 -9
right_child=-2 -3 8 5 -6 27 7 28 26 -11 11 -13 13 14 18 16 22 -19 20 -21 25 -23 23 -25 -26 -27 -28 -29 -30 -31
leaf_value=0.039995156246746419 -0.00038067439847758438 0.0099024720108422965 0.044029448013248852 -0.00024213174996250624 -0.016855249820008061 -0.069490490983711503 -0.04154886598739186 0.010647372977704749 0.0449438889219545 0.0066279946950186935 0.00154246700365849 0.030088488737116177 -0.074109174066997838 -0.020012687801868032 0.054512034493034989 0.037996189084601763 -0.055269329759146502 -0.013086034226833422 -0.086772866925750591 -0.019778645186216762 0.0322683532423182 0.025244565046914885 -0.056186113564802957 0.037070601010273554 -0.10451447098174488 0.0015203748598699414 -0.0041441420808163952 -0.010361714227973114 0.04505764613799508 -0.028529245455999788
leaf_weight=2.2294467901810995 7118.6747322271112 87.233134438749403 3.3715579956769934 617.33478795504197 36.282883749809116 1.6948183393105889 2.7149679949507108 74.213548384141177 6.5805874262005073 286.42108653113246 180.66288076480851 6.8014837345108381 5.8701421120204014 1.3968764878809445 1.3083995096385468 2.7228610487654787 3.8030509045347571 3.1382045224308968 1.4078844431787687 12.53315596655011 13.507597708143292 1.2692703958600757 1.1141774775460365 2.0344260297715664 2.1644095871597528 11.207884891889998 3.7149717546999454 25.832356036175042 4.2524256436154237 4.8425481040030709
leaf_count=36 187738 1275 35 10465 718 46 40 1076 67 4163 3265 99 122 33 14 31 75 55 27 241 165 16 26 31 52 186 55 459 36 73
internal_value=1.63625e-11 0.00192511 0.00139809 -0.000424335 -0.0135642 0.000268042 0.000826534 0.00849565 0.00394271 0.0034993 -2.43931e-05 -0.000616281 -0.00147168 -0.0100501 -0.00297166 -0.0262987 -0.00970774 -0.0528508 0.00451613 -0.0127562 0.0132439 -0.0336641 -0.0283927 0.00407041 -0.0713695 0.0183249 0.0272313 -0.0140022 0.0101266 0.00824763
internal_weight=8526.34 1407.66 1320.43 769.398 38.5123 730.885 703.358 86.0235 551.031 540.735 254.314 250.943 244.141 63.4783 54.47 13.2358 9.67452 9.00835 41.2342 13.8416 27.3926 2.67715 6.95165 3.1486 3.56129 24.7155 10.2956 27.5272 83.3085 79.0561
internal_count=210720 22982 21707 12949 754 12195 11690 1225 8758 8636 4473 4438 4339 1074 897 248 163 177 649 255 394 43 132 57 85 351 122 505 1185 1149
is_linear=0
shrinkage=0.05


Tree=142
num_leaves=31
num_cat=0
split_feature=48 43 35 15 14 28 5 14 17 31 29 15 14 26 36 34 0 0 25 20 28 26 7 29 25 7 38 29 0 33
split_gain=2.37751 1.81672 2.17435 2.60573 2.65992 2.21929 2.99825 2.85187 2.29406 2.04166 2.61928 2.0669 2.71977 2.4137 3.93437 2.60865 2.40565 3.93924 3.88881 4.5012 3.23358 2.97354 4.15798 3.2021 2.97816 2.9273 3.46496 3.03416 2.88247 3.04056
threshold=0.10663593827557351 0.40930803548863293 791.78409090909111 5.6188693598209163 7.5928289168482879 0.00032825169551870009 16.500000000000004 6.3622526310113861 24.500000000000004 0.26740384615384621 0.22062500000000004 4.6749223302847875 7.4111540014150163 0.29500000000000004 4.8198051948051956 73.273863636363657 65.500000000000014 81.500000000000014 2.5517060641885303 -9.4999999999999982 -0.0013005345000823498 0.38500000000000006 53.500000000000007 0.22837500000000002 4.8134509659755773 59.500000000000007 0.029814814814814752 0.2386931818181818 71.500000000000014 1.3855754240940064
decision_type=2 2 2 2 2 2 2 2 2 2 2 2 2 2 2 2 2 2 2 2 2 2 2 2 2 2 2 2 2 2
left_child=1 9 3 4 -3 6 7 8 -4 10 -1 13 -13 14 15 -12 21 18 20 -20 -18 22 -14 -23 -24 -19 -27 -28 -21 -30
right_child=-2 2 5 -5 -6 -7 -8 -9 -10 -11 11 12 16 -15 -16 -17 17 25 19 28 -22 23 24 -25 -26 26 27 -29 29 -31
leaf_value=-0.07895916521047483 -0.00037190992509196741 -0.024147992244946029 -0.035481192594362589 -0.056082525666162876 0.038676270464023298 0.0048703106557093515 -0.037778811218470515 0.032785530733022837 0.047974907084487983 0.0055638955632556298 -0.063493803957949888 0.015116581049834182 0.0037592854084914037 -0.0030187526296871102 0.042841868303283487 0.014428982216815682 -0.020926843853133564 -0.00023886176408329866 0.060326501048089953 -0.0085938139192937614 0.025033539658109439 -0.080090559390748065 -0.013000389386761294 0.010154190826937004 -0.074024011655734509 0.018064680040291308 0.0074529164430272498 -0.064318446792436021 -0.023206047912773167 -0.062590563004510283
leaf_weight=1.0365493278950442 7112.8595296298154 3.98217791225761 2.9620561655610862 2.626484171487391 2.9204210536554456 47.636282022111118 1.9519754927605379 24.323464575689286 1.1404777187854049 242.09957431768999 1.793531502597032 38.552819565869868 21.391544253099713 381.21671346668154 7.2283142786473036 2.6774392332881689 6.2078746305778649 375.30411967076361 1.5947548039257515 14.855001423507927 9.9783269045874459 0.98984191939234634 4.8819776223972422 141.13884921278805 3.3861189489252865 41.588606299832463 3.5403783740475765 2.5212512919679284 13.715653247199954 7.624818203970789
leaf_count=29 187738 91 65 62 46 706 29 280 16 3582 32 481 287 7898 62 33 109 5739 12 231 126 21 69 1903 67 532 41 55 236 142
internal_value=-5.38937e-12 0.00187498 0.00885075 -0.013696 0.00243233 0.0116047 0.0221651 0.0262814 -0.0122809 0.0014135 0.000484175 0.000560409 0.00221414 -0.00233223 0.0200379 -0.0168298 0.00144736 -0.000380011 -0.0131002 -0.0218835 0.00740641 0.00652064 -0.00787956 0.00952569 -0.037992 0.00124331 0.0129172 -0.0223994 -0.0255056 -0.0372779
internal_weight=8523.73 1410.87 87.5433 9.52908 6.9026 78.0143 30.378 28.426 4.10253 1323.32 1081.22 1080.19 687.272 392.916 11.6993 4.47097 648.719 476.931 53.9764 37.7902 16.1862 171.788 29.6596 142.129 8.2681 422.954 47.6502 6.06163 36.1955 21.3405
internal_count=210720 22982 1295 199 137 1096 390 361 81 21687 18105 18076 10051 8025 127 65 9570 7223 856 621 235 2347 423 1924 136 6367 628 96 609 378
is_linear=0
shrinkage=0.05


Tree=143
num_leaves=31
num_cat=0
split_feature=48 43 11 42 25 26 8 15 24 28 26 29 16 16 43 43 16 36 11 30 6 48 25 13 30 47 39 30 37 32
split_gain=2.47423 2.21515 1.80376 2.40541 2.73283 3.06138 2.41882 2.23764 3.38854 2.63029 3.78521 3.41407 3.35467 3.78923 3.28485 3.29515 2.81785 2.75321 3.67746 3.12756 2.70629 3.17068 2.67832 2.8711 2.5813 2.55905 3.25496 3.56325 3.19145 2.97597
threshold=0.10663593827557351 0.40930803548863293 4.2720838335334141 0.36811892375428373 7.5242885352780746 0.36500000000000005 125.50000000000001 7.6443937090612071 3.5000000000000004 0.00075039017724985019 0.40500000000000008 0.23136574074074073 15.500000000000002 13.500000000000002 0.39984750352590614 0.40000687371360982 17.500000000000004 4.949358974358975 4.1564810395024034 0.2578536184210527 36.500000000000007 0.35994209471913274 4.0773801191861496 -0.49338722188119682 0.26621323529411772 1.5970012739745856 1.0000000180025095e-35 0.25883928571428577 0.51118055555555564 0.25588461538461543
decision_type=2 2 2 2 2 2 2 2 2 2 2 2 2 2 2 2 2 2 2 2 2 2 2 2 2 2 2 2 2 2
left_child=1 -1 7 6 -5 -6 -4 -2 -9 10 11 -10 13 -11 16 -16 -12 18 20 -19 22 -22 -17 -24 -21 26 27 -14 29 -27
right_child=2 -3 3 4 5 -7 -8 8 9 12 14 -13 25 -15 15 17 -18 19 -20 24 21 -23 23 -25 -26 28 -28 -29 -30 -31
leaf_value=0.0014013113223655617 -0.00092468687673691167 0.0095776776483241805 0.00066584517527519364 0.013179402172544659 -0.070267293277365681 -0.0016256097249398556 0.041176208051169012 0.018348923895867453 -0.034520375350744578 0.0039609329136160495 0.037913951062303448 0.01021393197750458 -0.004649526313745914 -0.062540036397048734 0.057034728803140256 0.028486703138068781 -0.023872237028705084 -0.0073860368415622924 -0.060856834598569581 -0.057625564840153715 -0.0640773782684117 0.0083831917644045031 0.0034699213738754761 -0.052422108169894725 0.0073275228478822275 0.05989264456218564 0.010298948480431419 -0.085342998144821075 -0.028035459013948095 -0.007475118360507408
leaf_weight=1320.6418786386494 5855.0629866989329 88.380308448337018 719.99933713697828 76.943410248495638 1.8822418302297581 11.855852102860807 3.7037303801625958 32.324418623931706 4.5319879353046408 5.2154769874177855 1.9647298902273167 72.431868129875511 26.200581523124132 3.6350479307584465 2.2900526765733948 10.664212903007863 30.366733768954873 34.540714433416724 2.3266840176656833 6.2203591046854836 3.1701304060406974 2.8823243966326118 75.236207897774875 2.3700510393828145 2.0283853085711598 6.9032720606774074 111.75398575281724 1.4434443963691581 1.8586711883544911 2.1498438231647015
leaf_count=21687 168651 1295 11473 831 24 131 31 392 99 68 25 1024 418 72 21 138 585 549 53 125 64 45 1081 44 36 66 1587 34 32 39
internal_value=4.42382e-12 0.00191417 -0.000379236 0.00183507 0.0095117 -0.0110301 0.000873167 -0.000665583 0.00276275 0.00153449 -0.00165368 0.00757977 0.00656281 -0.023352 -0.00573641 -0.00245575 -0.0201176 -0.00343278 0.00124205 -0.0139919 0.00277386 -0.0295699 0.00499158 0.00176301 -0.0416535 0.00832425 0.00649895 -0.00886297 0.0316425 0.0438948
internal_weight=8520.98 1409.02 7111.96 814.385 90.6815 13.7381 723.703 6297.57 442.509 410.185 251.024 76.9639 159.16 8.85052 174.061 141.729 32.3315 139.439 96.6496 42.7895 94.3229 6.05245 88.2705 77.6063 8.24874 150.31 139.398 27.644 10.9118 9.05312
internal_count=210720 22982 187738 12490 986 155 11504 175248 6597 6205 3889 1123 2316 140 2766 2156 610 2135 1425 710 1372 109 1263 1125 161 2176 2039 452 137 105
is_linear=0
shrinkage=0.05


Tree=144
num_leaves=31
num_cat=0
split_feature=15 24 8 32 14 48 48 28 12 38 35 11 15 15 47 9 14 37 16 20 6 37 30 11 47 47 28 48 25 28
split_gain=1.90486 2.29514 2.08429 2.86788 2.52543 3.10623 3.17726 2.86854 2.471 2.24353 2.27455 2.31249 2.20957 3.33001 2.6821 2.35571 2.89843 2.02583 2.01106 2.87969 2.00346 2.04421 1.9265 2.60535 2.76578 2.03482 2.09167 2.04468 1.91196 1.90978
threshold=7.6443937090612071 3.5000000000000004 144.50000000000003 0.25553571428571431 11.035673453423099 0.24974466755239702 0.12596569936785504 -0.0021989192818723494 25.500000000000004 0.063068181818181759 831.03750000000002 4.0255029773949245 6.4794026065070982 6.736130248415038 0.31114575633155633 523.50000000000011 10.192584433617133 0.52341346153846169 17.500000000000004 1.0000000180025095e-35 32.500000000000007 0.50229166666666669 0.24852813852813846 3.9784269619344959 1.4282948844624326 1.6090716665912352 -0.0018109096600750498 0.37318226447194996 1.8559735965321231 0.0036139123949331005
decision_type=2 2 2 2 2 2 2 2 2 2 2 2 2 2 2 2 2 2 2 2 2 2 2 2 2 2 2 2 2 2
left_child=2 -2 -1 4 7 6 -6 -4 -8 10 11 17 14 -14 -9 20 -17 -5 -12 -20 21 -15 23 24 -16 26 -24 -28 -11 -3
right_child=1 29 3 9 5 -7 8 12 -10 28 18 -13 13 15 22 16 -18 -19 19 -21 -22 -23 25 -25 -26 -27 27 -29 -30 -31
leaf_value=-0.00030669725394248085 0.015133188972533785 0.00083643192515872817 0.023097421203943001 -0.013612195885788625 0.031820064119600748 0.047039856716310446 -0.070816584520825954 0.030622751447498903 0.024292042149627699 0.01051591912429654 0.043272828796006767 0.039755885026339227 -0.055659188460921466 0.031960501736837003 -0.033748173435784311 0.031186278455338758 -0.067997871676257496 0.018910402721347176 0.028731317292738996 -0.047516084559057585 0.067077595166855339 -0.052504010895209743 -0.046419027375321505 0.048774796592979557 0.028647023988696368 -0.065548718679948506 0.0042126067056919908 0.031765682488162215 -0.096794142159308094 0.010359058711775226
leaf_weight=7832.5339078630786 35.941501817200333 419.03622071631253 21.090160302817822 37.098310302011669 4.0502075119875398 9.3984345262870175 1.8849889757111671 9.3277730457484704 1.0709121646359561 0.64548343885689874 4.7505557509139162 2.533389499410986 3.8751704525202495 1.8367198007181289 9.7918421011418086 1.152599302120507 2.0406969664618373 5.4977766312658778 3.0905987471342087 2.066206919029355 1.6872100299224255 1.1743359183892605 1.5966963740065612 1.4391898587346066 2.1695636827498666 0.92855350766330857 23.263472942635424 9.4759261636063439 1.1629043305292723 60.217690413352102
leaf_count=199824 434 6234 362 941 49 102 42 122 18 18 45 34 95 29 275 24 46 116 76 62 19 32 40 23 47 30 528 203 41 809
internal_value=-6.26046e-11 0.00294685 -0.000189855 0.00538705 0.0101992 0.0282547 0.00305505 0.00693892 -0.0363591 -0.00369235 -0.00189179 -0.00665435 0.00205379 -0.0177014 0.0060621 0.000937883 -0.032198 -0.00941458 0.0198023 -0.00181917 0.0234595 -0.000981337 0.00135451 -0.0147836 -0.0224309 0.007487 0.00946211 0.0121874 -0.058491 0.00203294
internal_weight=8511.83 515.195 7996.63 164.1 107.254 16.4045 7.00611 90.8499 2.9559 56.8452 55.0368 45.1295 69.7598 11.7667 57.993 7.89156 3.1933 42.5961 9.90736 5.15681 4.69827 3.01106 48.6652 13.4006 11.9614 35.2646 34.3361 32.7394 1.80839 479.254
internal_count=210720 7477 203243 3419 2086 211 109 1875 60 1333 1274 1091 1513 245 1268 150 70 1057 183 138 80 61 1146 345 322 801 771 731 59 7043
is_linear=0
shrinkage=0.05


Tree=145
num_leaves=31
num_cat=0
split_feature=8 32 32 16 25 28 4 28 35 28 0 26 25 4 32 35 20 17 50 36 32 28 11 43 15 20 36 8 38 47
split_gain=3.48751 4.08778 2.84171 2.64478 3.08856 2.58793 2.79393 2.33889 3.26715 2.95591 2.47836 2.34349 2.30322 2.50963 2.98855 2.2077 2.38662 2.79909 2.28254 2.16398 2.15729 2.1007 2.35945 2.35109 2.19028 2.03208 2.4051 2.34184 2.02305 2.41776
threshold=143.50000000000003 0.25253205128205131 0.22312500000000005 16.500000000000004 9.3968328048333589 -0.0021989192818723494 8.5000000000000018 0.0027900363159476002 788.47500000000014 -5.8125317062507336e-05 132.50000000000003 0.35500000000000004 7.1851509802642983 5.5000000000000009 0.25872282608695657 802.86250000000007 -5.4999999999999991 29.500000000000004 1.0000000180025095e-35 5.3215909090909106 0.24366987179487179 0.00072088573496135013 3.9917372158121123 0.39821979366694732 6.9440276057261938 -1.0000000180025095e-35 4.8959459459459476 148.50000000000003 -0.017678571428571346 0.79386077427001778
decision_type=2 2 2 2 2 2 2 2 2 2 2 2 2 2 2 2 2 2 2 2 2 2 2 2 2 2 2 2 2 2
left_child=-1 2 -2 4 12 19 7 9 -9 -7 21 -10 13 -3 -15 18 -17 -18 -5 -4 28 23 -23 -11 -25 26 -22 -27 29 -12
right_child=1 3 5 15 -6 6 -8 8 11 10 20 -13 -14 14 -16 16 17 -19 -20 -21 25 22 -24 24 -26 27 -28 -29 -30 -31
leaf_value=-0.00017499470334444479 0.042520717819668145 0.029822780842533553 0.024543667873235631 0.036203522139625854 0.043292439025159953 0.015212313872628062 -0.015414845864487129 0.060387496374527908 -0.05536712482981701 -0.10183281476600073 0.020858559749381958 0.018485694831913188 -0.058730795924303039 -0.074554336296147522 0.008798923226067519 -0.03641292700029633 -0.0070575387539668468 0.069310560845757985 -0.036075419366889537 -0.03908134053705356 0.041217611073502587 0.019301722906881501 -0.047454405011975835 0.00096518589189703195 -0.081155197066192494 -0.077491808225150241 -0.040170838238566479 0.0097867051959169213 -0.083718903886736723 -0.067294536647750855
leaf_weight=8262.0207350687124 6.854694618843495 6.0203092647716421 31.524125659838319 5.3319312469102433 6.3186827218160024 36.116398372687399 13.52919648401439 4.7364559341222074 1.1642442075535644 0.72768784314394253 1.6333708781749012 13.882152630947528 1.4566021151840676 1.5959487967193124 3.2967112474143505 6.9671835894696406 64.488019564654678 1.2226148508489121 1.3736936086788771 1.3955656643956889 3.0278713759034872 16.473884082399312 1.4392807260155667 7.3628310747444612 0.91260924283415068 1.6286638509482148 1.2963335448876021 1.4553550807759164 2.2021574201062304 1.4849694920703767
leaf_count=205820 82 72 454 103 57 677 221 57 27 24 28 255 26 32 52 205 1645 12 39 25 37 316 29 171 25 46 36 40 68 39
internal_value=-7.77658e-11 0.00585539 0.0110774 -0.00207027 0.0148526 0.00955946 0.00585111 0.0088624 0.0241716 0.00486485 -0.00456163 0.0127712 0.000324794 0.0082072 -0.0183903 -0.00605421 -0.00858697 -0.00563663 0.0213967 0.0218464 -0.0227408 0.00403529 0.013938 -0.0156678 -0.00809099 -0.00529657 0.0168185 -0.0363049 -0.04703 -0.0211204
internal_weight=8508.94 246.92 148.848 98.0717 18.6883 141.993 109.073 95.5443 19.7829 75.7614 39.645 15.0464 12.3696 10.913 4.89266 79.3834 72.6778 65.7106 6.70562 32.9197 12.7287 26.9163 17.9132 9.00313 8.27544 7.40822 4.3242 3.08402 5.3205 3.11834
internal_count=210720 4900 2657 2243 239 2575 2096 1875 339 1536 859 282 182 156 84 2004 1862 1657 142 479 294 565 345 220 196 159 73 86 135 67
is_linear=0
shrinkage=0.05


Tree=146
num_leaves=31
num_cat=0
split_feature=8 32 36 35 14 28 37 47 37 38 29 25 38 11 33 36 42 31 35 8 32 9 8 29 29 11 43 43 37 33
split_gain=4.15671 3.85549 2.59071 3.03593 2.9706 2.49698 2.36546 3.22899 3.01719 2.88068 3.1404 3.44062 2.74819 3.44638 2.20271 2.98829 2.33732 3.07159 2.59751 2.19141 2.14452 2.12948 2.60022 2.09224 3.44991 2.09265 2.05306 2.00747 3.37631 2.66393
threshold=143.50000000000003 0.25379807692307693 4.9703574542284228 807.2125000000002 7.4111540014150163 -0.0028701400433229496 0.50742647058823531 0.79919868392841809 0.50343750000000009 -0.015000000000000048 0.25244047619047622 5.2236486077149697 0.024621212121212054 3.9117866877692786 1.3846590654949493 4.1875000000000009 0.3982545242906913 0.2537268518518519 805.38750000000016 146.50000000000003 0.22745967741935483 736.50000000000011 148.50000000000003 0.23492424242424242 0.22977272727272727 4.0404790026694712 0.40682059375325658 0.40495003012350722 0.50872282608695663 1.3860255817101077
decision_type=2 2 2 2 2 2 2 2 2 2 2 2 2 2 2 2 2 2 2 2 2 2 2 2 2 2 2 2 2 2
left_child=-1 2 3 14 5 -4 7 9 19 10 -6 26 -11 -14 21 -16 -17 -18 -19 -9 -5 -2 -23 24 -3 -25 -12 28 -8 -30
right_child=1 23 4 20 6 -7 27 8 -10 12 11 -13 13 -15 15 16 17 18 -20 -21 -22 22 -24 25 -26 -27 -28 -29 29 -31
leaf_value=-0.00019317992330047183 0.038608411970740761 -0.027479007301100894 -0.028055458337104155 -0.034523820719002306 -0.096895044800909491 0.040179363189108565 0.055564628827109108 0.0044548601389851322 -0.096981078818227054 0.037466137938265968 0.041325893526171636 -0.075755496716566548 -0.098245615308935802 0.025500172623395219 -0.063259568201988942 0.027435438620813879 0.011587287273628066 -0.086265664833547237 0.023408400623782369 -0.055173632532406494 0.0081994455671646604 0.031466939019670417 -0.055660911648888027 -0.0062305330979931127 0.031127076709013369 0.063692925732497255 -0.034095977838302566 0.024880573011300339 -0.041386130691600687 0.028968044219030972
leaf_weight=8255.13800238166 23.143217942677442 3.362921714782714 1.6442100014537571 3.1499112825840703 1.2506159944459785 7.2640450652688724 1.6756461644545213 3.2409308981150371 1.8304659994319079 5.7472082348540443 2.5803850339725618 1.4193514799699185 0.9799433080479506 1.3213196108117697 1.1988275358453382 22.221286218147725 13.792327764909716 1.6090983059257262 0.81246049422770727 2.9373134262859821 43.507819203194231 2.178398806136101 1.410964472685009 74.87999526783824 9.9135160222649557 1.0855297269299615 1.3874406330287454 9.5936865238472802 5.2567719984799623 1.8083533300086854
leaf_count=205820 308 75 31 48 33 97 20 59 45 78 33 31 29 18 32 346 239 53 19 75 866 37 41 1828 153 14 23 136 104 29
internal_value=-6.42441e-11 0.00632316 0.010898 0.0150885 0.00141363 0.0275852 -0.00426869 -0.0150594 -0.0405989 -0.00113216 -0.0255163 -0.00894589 0.0189781 -0.0271943 0.0219594 0.0144784 0.0169031 0.00246851 -0.0494688 -0.0238942 0.00531515 0.0330509 -0.00278267 -0.0020308 0.0162822 -0.00523134 0.0149529 0.00908836 -0.00824485 -0.0233786
internal_weight=8507.34 252.204 162.962 113.024 49.9377 8.90826 41.0294 22.695 8.00871 14.6863 6.63779 5.38718 8.04847 2.30126 66.3666 39.634 38.4352 16.2139 2.42156 6.17824 46.6577 26.7326 3.58936 89.242 13.2764 75.9655 3.96783 18.3345 8.74077 7.06513
internal_count=210720 4900 2830 1989 841 128 713 424 179 245 120 87 125 47 1075 689 657 311 72 134 914 386 78 2070 228 1842 56 289 153 133
is_linear=0
shrinkage=0.05


Tree=147
num_leaves=31
num_cat=0
split_feature=8 35 31 47 16 6 34 48 29 14 28 36 32 34 34 4 34 35 28 11 34 38 8 29 38 29 34 28 28 33
split_gain=6.64382 4.25559 3.60145 3.17375 3.54213 3.09368 3.58054 2.90326 2.76024 2.89183 3.21811 2.99637 2.35682 2.29005 2.28277 2.09219 3.29309 2.10692 2.91398 2.38047 2.5762 2.49573 2.19898 2.08921 2.0188 2.28538 2.4496 1.95337 1.9935 1.98492
threshold=143.50000000000003 802.61250000000007 0.23208333333333334 0.40178428084837015 28.500000000000004 33.500000000000007 73.937500000000014 0.12618698766442163 0.25062500000000004 11.41176006352987 0.0013655149920475502 4.7150101419878307 0.22231800766283524 73.690981432360758 73.389200561009844 8.5000000000000018 73.549193548387109 788.47500000000014 0.0027900363159476002 3.9471897322063803 73.120606060606079 -0.054999999999999945 150.50000000000003 0.2661895161290323 0.064758064516128963 0.23492424242424242 71.58750000000002 -0.0040968000691410994 0.0052511736426946514 1.3859549958082382
decision_type=2 2 2 2 2 2 2 2 2 2 2 2 2 2 2 2 2 2 2 2 2 2 2 2 2 2 2 2 2 2
left_child=-1 3 5 4 8 6 13 -5 -2 10 14 -12 -9 -3 -10 17 -17 18 22 21 -21 -19 -14 -16 25 -4 -27 -28 29 -29
right_child=1 2 24 7 -6 -7 -8 12 9 -11 11 -13 15 -15 23 16 -18 19 -20 20 -22 -23 -24 -25 -26 26 27 28 -30 -31
leaf_value=-0.00024510557833576726 -0.063409062979445971 -0.014697682727858291 0.020145089938139252 0.073027849909180473 0.060388890216134729 -0.064862950234022873 -0.060015878233442732 0.060439636479917014 0.045109558391114912 -0.05824541501383982 0.025106830517298586 -0.056333285325368992 0.033825570768990419 0.041452012020301632 0.020331657215039829 -0.043181895047438072 0.02257298809364261 -0.047145393414264186 0.070865178265126269 0.038544558499528148 -0.05276385161071221 0.023480359356240401 -0.03790402781076127 -0.048350173779642847 -0.033441261430845221 -0.074522387448947666 0.024342718965839505 -0.0028560091544746263 0.030861962102203228 0.01250822569303011
leaf_weight=8252.6261814418249 1.8910540365614057 4.2315239710733277 25.294925955589861 2.7931110868230453 2.2398513639345756 3.1547639425843945 2.4791304022073746 3.5244960188865653 5.4979454930871743 1.8867658022791136 1.7858302863314737 3.0727673401124775 5.4542498374357802 3.1809393633157015 3.524987374432385 3.3472775146365157 4.4162870841100812 1.3056430341675831 4.7418135525658727 1.1476760515943163 2.3630836065858603 29.814863152336336 1.3287823097780345 1.6142962267622349 3.2475307974964371 0.99262464605271716 11.13843050599098 84.612337387632579 5.8646748801693311 27.970518299378455
leaf_count=205820 43 109 393 29 20 84 97 29 70 42 28 68 85 47 52 59 55 34 42 17 56 499 32 40 106 28 177 1924 109 526
internal_value=-3.77169e-11 0.00796621 0.00350581 0.0173598 0.000874865 -0.0217495 -0.00799916 0.0232474 -0.00604145 0.000199581 0.00731582 -0.0263991 0.0208269 0.00939806 0.0227152 0.0182376 -0.00577737 0.0222769 0.040795 0.0161143 -0.0229149 0.0205173 0.0197739 -0.00124194 0.00557649 0.0063894 0.00372473 0.0043241 0.00244162 0.000961141
internal_weight=8506.54 253.918 172.167 81.7508 21.5135 13.0464 9.89159 60.2373 19.2736 17.3826 15.4958 4.8586 57.4442 7.41246 10.6372 53.9197 7.76356 46.1561 11.5248 34.6313 3.51076 31.1205 6.78303 5.13928 159.121 155.874 130.579 129.586 118.448 112.583
internal_count=210720 4900 3600 1300 363 337 253 937 343 300 258 96 908 156 162 879 114 765 159 606 73 533 117 92 3263 3157 2764 2736 2559 2450
is_linear=0
shrinkage=0.05


Tree=148
num_leaves=31
num_cat=0
split_feature=8 35 32 29 43 15 15 32 48 26 17 43 7 13 43 29 5 14 36 38 31 29 28 13 35 37 47 0 17 28
split_gain=7.09868 4.5456 2.31679 1.89158 2.90501 2.12787 1.91789 2.16601 1.8655 2.2598 2.98936 3.78903 2.50475 2.288 2.52432 2.11459 2.12789 2.11111 1.90224 1.82751 1.81704 1.79084 1.82648 1.78005 2.63178 3.21033 2.95486 1.86962 1.86761 2.07673
threshold=143.50000000000003 802.61250000000007 0.22312500000000005 0.25062500000000004 0.4015742982351867 6.3095094151867839 8.6420126179676853 0.2462019230769231 0.10663593827557351 0.34500000000000003 20.500000000000004 0.39851025509191096 45.500000000000007 -0.050902462449913095 0.41013207580414041 0.23582589285714287 21.500000000000004 12.262171321413588 4.823214285714287 -0.017678571428571346 0.24491379310344827 0.23492424242424242 0.0039412691985189511 -0.091093453404982788 822.82500000000016 0.5323790322580646 0.31147849858607735 78.500000000000014 9.5000000000000018 -0.00041778838290879998
decision_type=2 2 2 2 2 2 2 2 2 2 2 2 2 2 2 2 2 2 2 2 2 2 2 2 2 2 2 2 2 2
left_child=8 2 -2 4 -4 -6 -5 -8 -1 10 17 -12 -13 23 15 16 18 -10 -15 -14 -19 22 -3 28 25 -25 -26 -28 29 -11
right_child=1 21 3 6 5 -7 7 -9 9 13 11 12 19 14 -16 -17 -18 20 -20 -21 -22 -23 -24 24 26 -27 27 -29 -30 -31
leaf_value=0.0014238130757706375 0.04954767749900503 0.019247067814895064 -0.080526089438662865 0.019860754790787569 0.019126088759837033 -0.053745049770986909 -0.057976160477520799 0.033139676243553011 0.0012388484136515961 0.064559850760352852 -0.049962319216240392 -0.0086448825184123196 0.0010494425695346664 -0.010451165294453836 -0.0115728814023058 -0.0012689286497358108 0.061619568416601669 0.04257637864748131 -0.0021459969979704392 0.047231958089188203 -0.0089657974109691643 0.0013646729929902325 -0.025007639338685623 0.0028417164289455919 -0.04542803704164828 -0.092382189179719035 -0.0015914737333908328 0.033191422980029722 -0.00043473672499955233 0.0031595632260092788
leaf_weight=1378.4984796063509 5.3782688733190289 25.381083709187809 1.1701686838641752 67.272877071984112 5.2068690471351147 1.2404379397630689 1.6865669265389436 1.0635564504191277 684.88904869090766 2.3255272032693028 1.6839521499350691 3.5807962957769659 2.6552668940275952 137.41706514265388 70.951934716664255 1603.8767949258909 1.15856772661209 5.6338402042165381 138.37013904564083 11.084597322158508 2.4550816053524613 145.72827559802681 2.5673385448753825 64.491437115706503 1.5702570490539098 0.89742655213922162 4.9570246515795615 17.510146269574761 4111.2037722773384 3.3768953746184698
leaf_count=22497 49 398 31 1050 89 30 36 15 11123 41 36 45 32 5157 2662 57123 13 55 5042 97 35 3157 45 1540 46 29 120 335 99723 69
internal_value=-3.04956e-11 0.00818833 0.017812 0.0156136 -0.00804853 0.00510595 0.0181877 -0.0227389 -0.00025482 -0.000591642 0.0020753 0.0216392 0.0286004 -0.000899985 -0.00231484 -0.00196559 -0.00600016 0.00153877 -0.00628423 0.0383071 0.0269327 0.00358816 0.0151818 -0.000243481 0.00673543 0.00153482 0.0208826 0.0255171 -0.000395075 0.0281995
internal_weight=8505.28 256.695 83.0187 77.6405 7.61748 6.44731 70.023 2.75012 8248.59 6870.09 711.983 19.0046 17.3207 6158.11 1951.77 1880.82 276.946 692.978 275.787 13.7399 8.08892 173.677 27.9484 4206.33 89.4263 65.3889 24.0374 22.4672 4116.91 5.70242
internal_count=210720 4900 1300 1251 150 119 1101 51 205820 183323 11423 210 174 171900 69997 67335 10212 11213 10199 129 90 3600 443 101903 2070 1569 501 455 99833 110
is_linear=0
shrinkage=0.05


Tree=149
num_leaves=31
num_cat=0
split_feature=8 35 47 48 16 32 37 39 14 31 38 34 15 35 35 7 47 48 16 34 11 31 34 13 33 34 9 4 13 24
split_gain=5.93416 3.98715 2.61571 3.09269 2.24197 2.13116 1.89055 2.57643 2.0242 1.87198 2.22489 1.88755 1.70436 2.86872 2.52924 2.70281 3.2887 3.11683 2.69606 3.51609 2.69089 3.23436 4.90402 5.48561 3.34203 5.03945 3.05208 3.00066 2.57385 3.57499
threshold=143.50000000000003 802.61250000000007 0.40178428084837015 0.12618698766442163 27.500000000000004 0.22231800766283524 0.51623310810810819 1.5000000000000002 8.4410347971858322 0.24871710526315788 -0.047499999999999945 72.9746794871795 7.6443937090612071 779.86250000000007 784.23750000000007 63.500000000000007 1.3383571386989039 0.50153405560733255 22.500000000000004 73.973611111111126 4.0751984417869194 0.25784615384615389 72.887500000000017 -0.86916088411301329 1.3854290150184572 74.312500000000014 553.50000000000011 8.5000000000000018 -0.58308586352174041 5.5000000000000009
decision_type=2 2 2 2 2 2 2 2 2 2 2 2 2 2 2 2 2 2 2 2 2 2 2 2 2 2 2 2 2 2
left_child=12 2 4 -4 6 -5 7 9 -8 10 -2 -11 -1 -14 -15 17 -17 20 19 -19 -16 22 23 -22 25 27 28 -24 -26 -30
right_child=1 -3 3 5 -6 -7 8 -9 -10 11 -12 -13 13 14 15 16 -18 18 -20 -21 21 -23 24 -25 26 -27 -28 -29 29 -31
leaf_value=-0.00041349022241429453 -0.035052575437856143 0.0031034631199222591 0.067548827884394799 0.05468335672069418 0.040919620913507149 0.016266722282019138 0.00030227758430654607 0.049374302054365667 -0.076119185661363747 0.0086490292934618875 0.019434464445140354 -0.072550961682104675 -0.051382505918004001 0.027740931072817016 0.0062849063822798855 -0.021386960289241169 0.03199516693029985 0.0059654763946906698 -0.036119063119976404 -0.083491852341823672 0.010160055292497291 0.010694523285764606 0.012691127003448042 -0.074046401151414129 0.023871651784483233 -0.10621069777149683 -0.046955726208498784 -0.02554293927765033 0.019176322698173418 -0.076715432339719336
leaf_weight=7751.9585113995709 2.6076306966133433 174.83866422157735 3.4216068070381871 3.8538221381604663 3.0220440020784727 57.080597279593349 1.6935251057147973 2.4219367178156963 1.774309462867677 1.1650523720309132 6.6550859529525077 1.8555706078186629 2.4421701072715214 10.067905462346969 334.76259740302339 20.649685334414247 3.3537658182904115 13.587735786102714 8.8829059824347478 1.1950252940878261 2.9323899326846004 25.911146569997072 8.1145825600251609 5.6810582792386395 16.695159540511675 1.499539672397076 2.1801693532615891 13.959751997143028 2.3320835307240482 1.6665563210844991
leaf_count=198960 63 3600 29 29 34 879 27 26 40 18 107 48 51 139 4724 333 47 203 164 32 37 337 114 114 203 28 44 225 39 26
internal_value=-7.2963e-13 0.00743142 0.0162764 0.0212937 0.00104185 0.0186964 -0.0055895 0.00224195 -0.0387986 -0.00705126 0.00409533 -0.0412322 -0.000235184 0.00266916 0.00294796 0.00240931 -0.0139284 0.0033018 -0.0143482 -0.00126617 0.00430652 -0.00387266 -0.0107278 -0.0453789 -0.00430197 -0.0175133 0.00931364 -0.011488 0.0152418 -0.0207895
internal_weight=8488.26 260.39 85.5512 64.356 21.1952 60.9344 18.1731 14.7053 3.46783 12.2833 9.26272 3.02062 8227.87 475.914 473.472 463.404 24.0035 439.401 23.6657 14.7828 415.735 80.9724 55.0613 8.61345 46.4478 23.5739 22.874 22.0743 20.6938 3.99864
internal_count=210720 4900 1300 937 363 908 329 262 67 236 170 66 205820 6860 6809 6670 380 6290 399 235 5891 1167 830 151 679 367 312 339 268 65
is_linear=0
shrinkage=0.05


Tree=150
num_leaves=31
num_cat=0
split_feature=8 35 32 29 28 15 48 26 25 13 15 28 42 4 48 29 0 26 4 17 37 47 32 0 7 8 17 0 25 25
split_gain=4.974 3.57296 2.86698 2.08068 2.31656 1.89665 1.94541 2.38879 3.18346 2.32255 2.87851 3.615 3.84587 3.56406 2.89672 2.87918 2.9847 2.87027 2.41081 2.22258 3.72842 3.87435 4.42069 3.12582 3.30339 2.80963 6.41173 3.05707 2.71231 2.67032
threshold=143.50000000000003 802.61250000000007 0.22854166666666667 0.25062500000000004 -0.0011713791873362999 7.6443937090612071 0.10974999264584172 0.37500000000000006 11.431833526332204 -0.91373422451556963 6.5875208155157177 -0.0021019572084414496 0.40005126853070488 7.5000000000000009 0.61169205197090148 0.23987179487179486 80.500000000000014 0.41500000000000004 5.5000000000000009 20.500000000000004 0.49301948051948058 1.1985407177819105 0.2386931818181818 73.500000000000014 42.500000000000007 112.50000000000001 21.500000000000004 31.500000000000004 2.6058510796026888 2.9481378801240843
decision_type=2 2 2 2 2 2 2 2 2 2 2 2 2 2 2 2 2 2 2 2 2 2 2 2 2 2 2 2 2 2
left_child=5 2 -2 4 -4 6 -1 8 19 10 13 15 14 -9 18 17 -17 -12 -13 -8 21 22 28 -24 -25 -22 -27 -28 -21 -26
right_child=1 -3 3 -5 -6 -7 7 9 -10 -11 11 12 -14 -15 -16 16 -18 -19 -20 20 25 -23 23 24 29 26 27 -29 -30 -31
leaf_value=0.001296422082748569 0.038950846998695193 0.0026858013323824339 -0.084456557523752918 0.014130585170027056 -0.0025050449712766738 0.0028427524144703092 0.00063559900914059988 0.0036756508505300673 -0.067017781229720422 -0.0015282019114799359 -0.07629656791296037 0.058298893337763794 -0.077809317451281446 0.035507841411177431 -0.068575889228226508 -0.10556865751320002 -0.031062388541132725 0.010786630201238706 0.00084247787913300793 -0.019659287236689978 0.031470401409644674 0.027372165906812209 0.021215826626643237 0.042870300873650125 -0.0048521235863189342 0.021905526828123155 -0.077953085015763035 -0.006014141922040972 -0.091839689191667934 -0.049524950257324084
leaf_weight=1380.4015141925775 10.983745083212851 176.77013868559152 1.0279021719470618 69.298709297087044 5.3532539461739352 477.18239395180717 1059.0666813463904 294.95329281548038 1.7047779066488136 4819.0838185832836 1.1884009651839713 1.8985056392848481 1.5963912159204472 9.0635034311562759 1.453174240887164 2.0323208458721638 3.9697756618261337 4.6432696543633938 47.596772876568139 2.6190244983881739 17.620320526883006 7.1133880494162431 7.8094891877844956 1.96694907080382 6.8961333427578193 38.15652461675927 1.5734063256531978 24.048584590665996 2.5871366048231721 6.4964165445417166
leaf_count=23241 117 3600 28 1050 105 6860 21381 5040 33 146239 24 17 34 116 31 46 83 75 764 67 211 104 114 27 161 551 33 393 59 116
internal_value=1.15233e-11 0.006763 0.0150794 0.0116148 -0.0157061 -0.000216668 -0.000405151 -0.00077417 0.00125877 -0.00123569 0.0025908 -0.00701371 -0.00139094 0.00462465 0.00100351 -0.0319802 -0.0562903 -0.00695953 0.00304635 0.00135775 0.00790082 -0.00562346 -0.0138952 -0.00454 -0.0176355 0.0137972 0.00891453 -0.0104318 -0.0555284 -0.0265219
internal_weight=8486.16 263.434 86.6636 75.6799 6.38116 8222.72 7745.54 6365.14 1177.66 5187.48 368.395 64.3786 52.5448 304.017 50.9485 11.8338 6.0021 5.83167 49.4953 1175.95 116.887 35.4885 28.3751 23.169 15.3595 81.3988 63.7785 25.622 5.20616 13.3925
internal_count=210720 4900 1300 1183 133 205820 198960 175719 23250 152469 6230 1074 846 5156 812 228 129 99 781 23217 1836 648 544 418 304 1188 977 426 126 277
is_linear=0
shrinkage=0.05


Tree=151
num_leaves=31
num_cat=0
split_feature=8 35 32 36 15 30 11 28 16 33 48 25 47 8 9 43 48 35 30 6 15 48 47 47 35 38 48 26 42 43
split_gain=3.97282 3.31584 2.60555 2.00315 4.93241 2.37354 1.88727 3.16261 1.81409 2.98001 2.81737 2.72925 3.51882 2.16654 3.59769 3.59497 3.72378 3.86816 3.47004 3.49884 3.33581 3.63443 3.75796 3.4792 3.29147 3.29841 3.28153 3.0273 3.02108 4.12312
threshold=143.50000000000003 802.61250000000007 0.22535714285714289 4.9739864864864876 6.332665975559487 0.26708333333333339 3.5485575589459089 0.0002592810422221001 14.500000000000002 1.3861380985911855 0.51249169174317 1.8156895450560018 0.79607026021851512 130.50000000000003 204.50000000000003 0.40638608632108225 0.13069313577686006 823.43750000000011 0.25062500000000004 28.500000000000004 4.38871174504441 0.24641331732877572 0.78471016757664491 1.0971318761784388 834.48750000000007 0.043749999999999907 0.12385552389792577 0.21500000000000002 0.39749577850504919 0.403167196613747
decision_type=2 2 2 2 2 2 2 2 2 2 2 2 2 2 2 2 2 2 2 2 2 2 2 2 2 2 2 2 2 2
left_child=8 2 -2 -4 5 6 7 -5 9 13 11 12 -11 -1 -15 16 17 27 19 -17 23 -22 -23 -18 25 -24 -20 -16 29 -25
right_child=1 -3 3 4 -6 -7 -8 -9 -10 10 -12 -13 -14 14 15 18 20 -19 26 -21 21 22 24 28 -26 -27 -28 -29 -30 -31
leaf_value=0.003826414251181587 0.039856526514028573 0.0020705856386907971 0.015980017147595605 0.037848389141214467 -0.053568135484479362 -0.045137489183748027 0.023181845918775854 -0.061813699047194616 -0.00038700431105832714 0.0099135079440663496 0.07748874338375511 0.02367136005118951 -0.085459310429484237 0.015610104852398858 -0.075808748923126862 -0.082520727063538926 0.039108354106280142 -0.071551213326309052 0.045228630604131938 -0.0067030678929829602 0.024290568295641263 -0.067722434956980507 -0.0070236969500402759 -0.091093359773401314 0.04132860870159473 -0.074150668940775585 -0.023866565878729134 -0.0059210210671355274 0.03324902123837873 0.0210206660756245
leaf_weight=359.24106770893559 8.7142852470278722 178.57267126906663 57.800459176767617 1.3891693586483698 3.7972341049462548 1.8257691557519127 13.437543108128009 1.8643086757510898 7692.9269576808438 3.0847106128931108 1.9498693328350771 17.596993803046644 1.4088476663455365 20.146803013049066 1.7091646874323547 4.3922615339979556 10.605438497848811 3.262086925096809 2.1182336453348389 2.3283182280138135 9.3891963046044093 2.6534538157284251 33.734370842576027 1.8098007366061204 3.3278686879202715 1.9349651979282487 9.1032824669964594 16.587556570302695 2.4160682829096913 1.4995335470885036
leaf_count=4590 82 3600 843 15 84 49 193 34 199234 35 10 184 23 252 33 93 104 73 22 32 104 44 460 34 28 34 165 220 29 17
internal_value=3.46911e-11 0.00599753 0.0138919 0.0110676 -0.00165709 0.0089883 0.0149089 -0.01926 -0.000195502 0.00269145 0.0198756 0.0147903 -0.0199884 0.00184188 -0.00377091 -0.0074245 -0.00330543 -0.0213922 -0.0278406 -0.056254 0.0024824 -0.00381099 -0.0101458 0.0221516 -0.00622821 -0.0106652 -0.0108238 -0.0124495 -0.00925834 -0.040292
internal_weight=8470.63 267.401 88.8288 80.1145 22.314 18.5168 16.691 3.25348 8203.23 510.3 24.0404 22.0906 4.49356 486.259 127.018 106.872 88.9295 21.5588 17.9421 6.72058 67.3707 51.0399 41.6507 16.3308 38.9972 35.6693 11.2215 18.2967 5.7254 3.30933
internal_count=210720 4900 1300 1218 375 291 242 49 205820 6586 252 242 58 6334 1744 1492 1180 326 312 125 854 670 566 184 522 494 187 253 80 51
is_linear=0
shrinkage=0.05


Tree=152
num_leaves=31
num_cat=0
split_feature=8 35 32 16 33 35 47 33 33 13 30 13 24 25 11 36 33 20 48 47 48 29 15 36 26 32 15 12 36 15
split_gain=3.30896 3.32088 2.09195 1.8471 2.28763 2.34989 3.66071 2.27677 2.51932 3.7503 2.1694 2.04591 2.04723 3.15566 2.79833 4.68958 3.02581 2.78286 2.67847 2.10436 2.48508 2.53085 2.06805 1.97431 2.76216 2.43298 4.38821 2.31062 3.41816 2.72303
threshold=143.50000000000003 802.61250000000007 0.22535714285714289 14.500000000000002 1.3862164643238601 808.12828947368428 0.39995375780692766 1.3862006065098789 1.3861505994246055 -0.53403313489995941 0.27935606060606061 -0.029373859306974646 5.5000000000000009 2.7454141320240422 3.7033768724407818 4.8480769230769232 1.3859267230578527 1.5000000000000002 0.48835590219941022 1.102488325530719 0.12618698766442163 0.24493589743589742 7.5667472561142697 4.6030303030303044 0.39500000000000007 0.27312500000000006 4.8289435955711211 24.500000000000004 4.6708333333333343 6.4794026065070982
decision_type=2 2 2 2 2 2 2 2 2 2 2 2 2 2 2 2 2 2 2 2 2 2 2 2 2 2 2 2 2 2
left_child=3 2 -2 4 7 -6 -7 8 10 -10 23 -5 13 -13 15 -15 18 -14 19 20 -16 -22 -23 24 25 -1 -27 29 -29 -25
right_child=1 -3 -4 11 5 6 -8 -9 9 -11 -12 12 17 14 16 -17 -18 -19 -20 -21 21 22 -24 27 -26 26 -28 28 -30 -31
leaf_value=0.0093037159916036938 0.036768490870891651 0.0015505383260250539 0.010850556630281855 0.00017902893004214496 0.057095662614248067 -0.066959340901515396 0.027426313848051331 -0.043175032031016039 0.054588635271033137 -0.011968414378499985 0.051428088744504885 -0.0014812660309604518 0.042876785472807211 -0.042439625226542231 -0.052112018985173217 0.045489899878997625 -0.087034831238169186 -0.024448370801812534 0.034037517837099386 -0.074012386481326908 -0.044219427190630683 0.048667127748832195 -0.019605154016187811 0.0055757102562898541 -0.051574546432458984 0.015650411871520852 -0.081827946886261216 -0.029680004001206396 -0.0026570879200596368 -0.0095630823583237289
leaf_weight=123.90629705507308 8.6214736364781839 179.77982236584648 80.301174116553739 5280.3144160737284 3.8452785089611989 1.3077620118856428 4.7899720827117562 2.7414542492479077 5.4717093547806144 3.4516070326790196 2.212877180427312 2379.1108739692718 5.5398721238598219 2.6018778020516065 4.1142503721639532 3.6346076289191842 2.0667161708697668 2.1231273226439953 1.8380478248000134 2.2861294252797952 2.4302453687414527 2.5578596070408821 1.9585061706602571 181.08714209403843 1.9777853041887272 2.6132728569209567 2.0683414745144546 12.912180766928939 124.88124086475 35.531886756885797
leaf_count=1498 82 3600 1218 120357 28 19 48 39 44 51 20 78306 48 65 90 53 56 38 31 55 62 38 35 2403 53 35 45 190 1629 484
internal_value=-1.39648e-11 0.00545982 0.0133634 -0.000178924 0.00273872 0.0264863 0.00718372 0.00226539 0.00251648 0.0288439 0.00203428 -0.000371952 -0.00157902 -0.00166132 -0.0198984 0.00880548 -0.0302749 0.0242235 -0.0225497 -0.0303425 -0.0213165 -0.00307736 0.0190611 0.0018089 0.00706492 0.00796684 -0.0274156 -0.000127419 -0.00518932 0.0030925
internal_weight=8468.08 268.702 88.9226 8199.38 508.799 9.94301 6.09773 498.856 496.114 8.92332 487.191 7690.58 2410.26 2402.6 23.4882 6.23649 17.2518 7.663 15.185 13.347 11.0609 6.94661 4.51637 484.978 130.566 128.588 4.68161 354.412 137.793 216.619
internal_count=210720 4900 1300 205820 6586 95 67 6491 6452 95 6357 199234 78877 78791 485 118 367 86 311 280 225 135 73 6337 1631 1578 80 4706 1819 2887
is_linear=0
shrinkage=0.05


Tree=153
num_leaves=31
num_cat=0
split_feature=6 28 20 31 48 30 38 7 28 5 5 14 35 35 43 30 37 33 32 4 29 35 16 25 25 20 16 4 30 26
split_gain=2.96152 2.35792 2.74621 3.19448 2.95437 2.44607 2.27269 2.26108 3.46795 3.03214 2.14576 4.3427 4.06823 2.73147 2.34034 2.01517 2.59691 2.65519 1.99702 2.23362 2.03354 4.25677 2.56936 2.12091 2.44946 1.88393 1.86827 2.31078 2.54686 2.48831
threshold=32.500000000000007 -0.0022894360261253494 -3.4999999999999996 0.23114224137931033 0.50113260660595949 0.2245689655172414 -0.034999999999999941 49.500000000000007 0.0011225396601481502 18.500000000000004 15.500000000000002 9.6659367542894525 826.77500000000009 823.31250000000011 0.4039910921439791 0.24364919354838713 0.51139423076923085 1.3838457608722994 0.23733974358974355 5.5000000000000009 0.26490740740740742 808.12828947368428 24.500000000000004 12.098076276711838 2.8318900389708888 13.500000000000002 17.500000000000004 7.5000000000000009 0.27562500000000006 0.34500000000000003
decision_type=2 2 2 2 2 2 2 2 2 2 2 2 2 2 2 2 2 2 2 2 2 2 2 2 2 2 2 2 2 2
left_child=26 2 3 6 -5 -4 -2 8 -3 -10 12 14 13 -7 -12 -13 17 -17 -19 -20 21 -21 23 24 -23 -9 -1 -28 29 -29
right_child=1 7 5 4 -6 10 -8 25 9 -11 11 15 -14 -15 -16 16 -18 18 19 20 -22 22 -24 -25 -26 -27 27 28 -30 -31
leaf_value=0.0013279347473048786 0.023327625755043147 0.03949144355286912 -0.051806802157108894 0.033338953630506506 -0.029163569629975895 0.017274155363884131 -0.039781184689240183 0.0013417420299258603 0.0081544458830677315 -0.080857940071788717 -0.091845583376870862 0.018720232720595996 -0.045614064626804528 0.063089272558256859 0.0088494269535440897 0.014570817871312099 0.021252272243703095 -0.04924092450503316 0.031076845793777404 0.03171442465567819 -0.067828474620171941 0.02304886446881833 -0.064205880742036023 0.024204411062352008 -0.036653231390157963 -0.044399780958729394 -0.001003980866837371 -0.021596548200741555 0.020863893958785604 0.0017827480287949515
leaf_weight=1491.2542825192213 2.5408339612185955 9.4830529680475575 1.8569206437095989 25.612082414794717 2.0413337079808107 17.499397851061083 3.253097280394285 478.38071491150185 5.2190386233851305 1.1714745983481405 1.8540371432900422 17.770619462709874 2.1987522207200518 3.9961798805743447 0.83777847141027439 10.730374053586273 10.5052801258862 3.6265135724097517 2.9821577146649387 4.6074888352304759 1.6836076071485866 2.1828344790264991 3.0368984239175907 2.9445880809798828 8.0682500796392542 2.2616891264915457 5533.22794372309 11.54935115855187 17.247037120163441 781.01183247053996
leaf_count=24611 29 136 48 299 27 269 64 7827 92 28 51 245 55 39 13 161 142 73 40 59 36 40 65 34 160 53 160388 269 288 15079
internal_value=5.49037e-11 0.00330841 0.00930782 0.0216522 0.0287251 0.00502397 -0.0121058 0.00173968 0.0203064 -0.00816283 0.0061404 0.00178328 0.0191653 0.0257915 -0.0605061 0.00424402 -0.000863413 -0.0066917 -0.0145234 -0.0095871 -0.0149711 -0.0107009 -0.0227401 -0.013197 -0.0239405 0.0011265 -0.000264504 -0.000638889 0.0018557 0.00144206
internal_weight=8460.64 626.345 129.829 33.4473 27.6534 96.3817 5.79393 496.516 15.8736 6.39051 94.5248 70.8304 23.6943 21.4956 2.69182 68.1386 50.368 39.8627 29.1323 25.5058 22.5237 20.8401 16.2326 13.1957 10.2511 480.642 7834.29 6343.04 809.808 792.561
internal_count=210720 10085 1949 419 326 1530 93 8136 256 120 1482 1119 363 308 64 1055 810 668 507 434 394 358 299 234 200 7880 200635 176024 15636 15348
is_linear=0
shrinkage=0.05


Tree=154
num_leaves=31
num_cat=0
split_feature=6 28 8 4 28 21 13 5 8 7 11 28 14 17 17 26 48 8 34 47 36 36 48 31 14 26 48 34 11 20
split_gain=3.29336 3.09725 2.51302 3.55354 2.57296 3.14796 2.83064 2.34311 2.69734 2.32048 2.58273 2.51714 2.30429 2.0487 2.0363 1.96973 1.88362 1.81327 2.42842 2.35238 2.39627 1.9954 1.97882 3.62223 3.07329 2.93007 2.5762 2.79725 2.7377 3.45636
threshold=32.500000000000007 -0.0022894360261253494 148.50000000000003 5.5000000000000009 -0.0026246482923028493 1.0000000180025095e-35 -0.29090267961511179 16.500000000000004 131.50000000000003 49.500000000000007 4.1184519511086153 0.0018321029327441002 9.9603586598895273 26.500000000000004 24.500000000000004 0.38500000000000006 0.37693923492109643 139.50000000000003 74.612500000000011 0.39429199025263334 4.2875000000000005 4.4875000000000007 0.25159387537224992 0.2647916666666667 11.119009640404697 0.27500000000000008 0.25090801283526448 72.83750000000002 3.7033768724407818 4.5000000000000009
decision_type=2 2 2 2 2 2 2 2 2 2 2 2 2 2 2 2 2 2 2 2 2 2 2 2 2 2 2 2 2 2
left_child=-1 2 4 -4 5 -2 15 16 14 10 11 -3 -8 -10 -9 -6 -7 18 21 -20 -21 -11 25 -24 -25 -19 27 -27 -29 -30
right_child=1 9 3 -5 6 7 12 8 13 17 -12 -13 -14 -15 -16 -17 -18 22 19 20 -22 -23 23 24 -26 26 -28 28 29 -31
leaf_value=-0.00027971912614273959 0.012756348516166386 0.023816737069632429 0.03333804615851383 -0.056296467738734229 0.0019581022924119963 0.018340936408295913 0.04073214683496041 0.015912216477243713 -0.070663059560352667 0.0090671077783082282 0.063248596030007861 -0.025213082810186228 -0.034421546042835774 0.012154802373138263 -0.059253606573510656 0.049649211874892567 -0.043828974502001253 -0.068560184381706898 -0.10093749270546384 -0.090806658474238133 0.015862681926939608 -0.0018645148733280707 0.017739066550202756 0.011987575547026709 -0.047185561726520803 0.020172496436120641 -0.055200062034154701 0.017078069820478877 -0.019592036022203024 0.018173108422070587
leaf_weight=7822.9482377257664 88.002723855897784 10.053606594447048 1.7014476396143425 3.1581520130857825 2.6929832538589862 7.6687131021171826 1.6393380388617504 3.8888042354956252 3.748022835701704 48.437171478755772 2.8701597135514012 3.5393006848171344 2.6994668915867805 0.93253637291491021 1.1727590900845823 11.044547441415487 1.4484791550785301 1.512192416936158 1.1360192773863667 0.73688902193680439 1.844045686535537 302.13134795753285 51.878962748683989 4.4814387978985888 4.2995031513273716 18.122843536548316 1.9216838721185912 12.316761176101862 25.22943960968405 7.973405083641409
leaf_count=200635 1273 157 17 68 38 143 25 67 86 717 20 79 53 15 26 108 30 31 33 23 43 5109 735 75 79 234 39 191 456 115
internal_value=-2.3715e-11 0.00348287 0.0103626 -0.0249135 0.0117347 0.00878363 0.0291807 -0.00975415 -0.0268035 0.00169149 0.0201506 0.0110504 -0.0060261 -0.0541628 -0.00150363 0.0403003 0.00846379 0.00106103 -0.000780368 -0.0409824 -0.0145927 -0.00035412 0.00616828 0.0127124 -0.016986 0.000250188 0.00183725 0.00355949 -0.00305468 -0.010523
internal_weight=8451.23 628.283 129.798 4.8596 124.938 106.862 18.0763 18.8593 9.74212 498.485 16.4631 13.5929 4.3388 4.68056 5.06156 13.7375 9.11719 482.022 354.285 3.71695 2.58093 350.569 127.736 60.6599 8.78094 67.0763 65.5641 63.6424 45.5196 33.2028
internal_count=210720 10085 1949 85 1864 1640 224 367 194 8136 256 236 78 101 93 146 173 7880 5925 99 66 5826 1955 889 154 1066 1035 996 762 571
is_linear=0
shrinkage=0.05


Tree=155
num_leaves=31
num_cat=0
split_feature=6 28 34 28 7 14 8 32 39 15 4 31 47 42 9 31 25 16 37 30 15 30 26 28 47 48 35 48 4 36
split_gain=3.78857 2.92768 2.18801 2.2696 2.02193 2.51036 2.21644 2.01266 2.68662 3.00655 4.45002 3.45361 2.80275 2.75951 4.74308 2.75052 2.65624 2.49716 2.24402 2.87443 2.49705 2.10605 2.9657 2.27206 2.87845 2.38826 2.71097 2.36738 2.97627 2.19418
threshold=32.500000000000007 -0.0022894360261253494 71.812500000000014 -0.0024902072371194993 49.500000000000007 11.83220376470171 139.50000000000003 0.2671733212341198 2.5000000000000004 6.9440276057261938 10.500000000000002 0.24725975975975978 0.78224093871701561 0.37475702933580241 624.50000000000011 0.24937500000000004 10.694138908032807 20.500000000000004 0.52120192307692326 0.25615530303030304 6.0762323616436538 0.23110119047619049 0.44500000000000006 0.0015856267890716502 0.93193317988806212 0.12375121734885196 833.46250000000009 0.37838514243195792 7.5000000000000009 4.7464285714285728
decision_type=2 2 2 2 2 2 2 2 2 2 2 2 2 2 2 2 2 2 2 2 2 2 2 2 2 2 2 2 2 2
left_child=-1 2 -2 -4 5 -3 7 8 -6 16 11 13 15 -11 -15 -13 17 18 19 20 -10 22 -9 24 25 26 -23 -26 -29 -24
right_child=1 4 3 -5 6 -7 -8 21 9 10 -12 12 -14 14 -16 -17 -18 -19 -20 -21 -22 23 29 -25 27 -27 -28 28 -30 -31
leaf_value=-0.00030068278259211652 -0.052807266910882722 0.025494266350435321 0.0088617116470246886 0.031156340876449348 0.00019034288453463537 -0.041899604893753745 0.0069874480640524156 -0.04856007909566816 -0.004150961757044944 0.0090481487160619066 0.020914020615969 -0.091811539382338381 -0.085595590617495818 -0.068107127526029654 0.014898089772226683 -0.0033504019805082174 0.048919676151409942 0.0053433374271366942 -0.091459022655147257 0.051371498633847427 -0.061360453514252455 0.040462782985692891 0.053728810254247951 0.032027671704591205 0.055030752972808974 -0.026382926174565627 -0.038557731639808503 0.030899797258316326 -0.06599158048183687 -0.024851492321417812
leaf_weight=7819.7246897271834 1.3561951592564572 14.889576160814615 117.26324109174311 12.646468382328747 255.45579785876907 1.5231154514476646 129.63016063021496 3.4002120401710263 4.4614361329004222 5.6389831239357644 4.5196431521326295 1.2367428094148616 4.4698157571256161 4.6526103960350156 2.7314039021730423 3.0354242883622646 2.4283412545919409 18.710691882763058 1.1411545076407481 1.3125737309455869 3.3317285608500242 3.6754558207467216 1.8856716398149731 12.412990548647938 4.138679075986146 7.9778270022943616 1.5402269214391706 2.4624999789521103 1.1687497347593305 1.6796410577371714
leaf_count=200635 27 227 1777 145 4197 29 1955 78 79 96 54 27 102 99 37 48 25 365 36 16 74 46 22 180 45 168 31 42 28 30
internal_value=-3.41924e-12 0.00372756 0.0103725 0.0110321 0.00198134 0.01924 0.001395 -0.000655963 -0.00201021 -0.0117577 -0.0242328 -0.0336079 -0.0579175 -0.0172895 -0.0374029 -0.0289589 -0.00131028 -0.00552249 -0.0253634 -0.0170801 -0.0286091 0.00985547 -0.0151519 0.0150744 0.00503595 -0.00918231 0.0171275 0.0291789 -0.000285547 0.0167091
internal_weight=8450.5 630.777 131.266 129.91 499.511 16.4127 483.098 353.468 313.126 57.6705 26.2846 21.765 8.74198 13.023 7.38401 4.27217 31.3859 28.9576 10.2469 9.10574 7.79316 40.342 6.96552 33.3764 20.9634 13.1935 5.21568 7.76993 3.63125 3.56531
internal_count=210720 10085 1949 1922 8136 256 7880 5925 5255 1058 463 409 177 232 136 75 595 570 205 169 153 670 130 540 360 245 77 115 70 52
is_linear=0
shrinkage=0.05


Tree=156
num_leaves=31
num_cat=0
split_feature=6 28 47 11 26 15 20 7 31 11 15 15 0 43 0 7 30 26 47 39 26 0 37 0 25 17 11 33 40 11
split_gain=4.01291 2.29802 2.4745 3.08577 3.0885 2.7938 3.77891 2.82123 2.76657 2.95644 3.29965 2.76245 2.56087 3.90027 3.12473 2.3924 2.80655 2.35721 2.30604 3.12973 2.24919 2.09039 3.81614 2.24085 2.14104 2.13176 3.05576 2.73417 2.62887 2.63382
threshold=32.500000000000007 -0.0014620773834265997 0.92515918404679642 4.1859951690821271 0.31500000000000006 7.4330456584266278 7.5000000000000009 52.500000000000007 0.24246212121212121 3.7698127212515709 8.3921654704205491 6.7692499298684821 134.50000000000003 0.40623229119102328 146.50000000000003 56.500000000000007 0.24686274509803915 0.38500000000000006 0.80229115867544409 2.5000000000000004 0.40500000000000008 50.500000000000007 0.50488095238095243 35.500000000000007 5.3093729993870129 21.500000000000004 3.7653752574803891 1.3858174237386613 1.0000000180025095e-35 3.8922974631751228
decision_type=2 2 2 2 2 2 2 2 2 2 2 2 2 2 2 2 2 2 2 2 2 2 2 2 2 2 2 2 2 2
left_child=-1 2 3 4 11 12 7 -7 17 10 -10 -2 -4 14 -14 -11 -17 -9 21 -20 -5 22 23 -6 -24 -23 27 -27 -28 -30
right_child=1 -3 5 20 18 6 -8 8 9 15 -12 -13 13 -15 -16 16 -18 -19 19 -21 -22 25 24 -25 -26 26 28 -29 29 -31
leaf_value=-0.00031024552405808513 -0.0090209217715045819 0.0018486342549415037 0.029476565375723809 -0.00061747243351795503 0.031526272074644979 0.05278433454113033 -0.077441939900079471 0.062793357549775719 0.035810819598926125 -0.10636587143745616 -0.04563754540029169 -0.10489200393349785 -0.034824759958991154 -0.066765091914695207 0.027380434783803087 0.0093125470770691141 -0.07223103648663208 0.0044371757357329822 -0.0011765217296056004 -0.095271102962703927 -0.087987925424886967 0.0029337791331515671 -0.018253148950751755 -0.019632132954400791 -0.086250218746638907 -0.013184141599017299 0.04323823332702155 0.056305407926278951 0.038636782768500244 0.0031249657205052826
leaf_weight=7816.3172575184144 2.1613195808604355 442.63028981373645 35.659892363473773 1.4017375893890851 4.935810895636676 2.8786423280835214 1.4233281486667682 2.4411289310082811 3.7573232753202301 1.1645931992679832 1.8585996981710193 1.1517986180260775 2.5672650113701811 1.702747020870446 9.4501859648153168 2.4647112973034382 1.8451434951275585 5.9441979350522161 2.9016362121328703 1.2707435078918932 1.5523776924237607 45.565020805224776 2.811224151402711 3.7796278959140182 1.9681649673730133 10.450346529949455 13.02729395078495 1.637338570319115 7.9073225148022201 15.37096295179799
leaf_count=200635 27 7302 420 19 60 22 31 18 48 26 35 27 38 39 130 32 37 80 50 35 38 729 53 74 52 185 135 18 90 235
internal_value=4.57395e-13 0.00382681 0.0084099 0.00392734 0.00522419 0.0156335 0.00155264 0.00658232 -0.000246658 -0.016633 0.00885534 -0.0423503 0.0224137 0.00405692 0.0140917 -0.04278 -0.0255981 0.0214258 0.00663623 -0.029834 -0.0465304 0.00805236 -0.0103494 0.00934039 -0.0462545 0.0106953 0.0180033 -0.00377143 0.025253 0.0151879
internal_weight=8450 633.681 191.05 117.893 114.939 73.1578 23.7777 22.3543 19.4757 11.0904 5.61592 3.31312 49.3801 13.7202 12.0175 5.47445 4.30985 8.38533 111.625 4.17238 2.95412 107.453 13.4948 8.71544 4.77939 93.9583 48.3933 12.0877 36.3056 23.2783
internal_count=210720 10085 2783 1827 1770 956 329 298 276 178 83 54 627 207 168 95 69 98 1716 85 57 1631 239 134 105 1392 663 203 460 325
is_linear=0
shrinkage=0.05


Tree=157
num_leaves=31
num_cat=0
split_feature=6 28 47 13 11 7 48 7 26 21 13 29 11 14 48 16 20 29 31 13 14 48 47 37 35 14 35 12 28 37
split_gain=4.50073 3.78066 3.08527 3.27986 3.1117 2.8796 1.95363 2.64085 1.8852 2.78628 2.5936 2.46842 2.21868 2.34099 2.69346 2.69264 3.6672 3.15808 2.90542 2.92264 2.86047 4.56979 3.25237 3.60814 2.89809 3.3647 2.78553 3.24267 2.7623 2.74988
threshold=32.500000000000007 -0.0014620773834265997 0.79800107265899156 -0.9250426418708606 4.1859951690821271 51.500000000000007 0.26696247101214693 58.500000000000007 0.31500000000000006 1.0000000180025095e-35 -0.86916088411301329 0.26885775862068967 4.2720838335334141 11.41176006352987 0.10909559594946532 23.500000000000004 1.0000000180025095e-35 0.22687500000000002 0.26118055555555558 -0.8256343214017704 11.671189415970122 0.37976434089648864 0.80097636002110562 0.48032258064516137 812.23412162162174 11.533751256089568 815.63750000000016 24.500000000000004 0.0022898919410467501 0.48733974358974358
decision_type=2 2 2 2 2 2 2 2 2 2 2 2 2 2 2 2 2 2 2 2 2 2 2 2 2 2 2 2 2 2
left_child=8 2 4 -4 6 -5 -2 -8 9 -1 -11 -12 13 14 -10 17 18 -15 -17 -20 24 22 -22 -24 25 28 -18 29 -19 -28
right_child=1 -3 3 5 -6 -7 7 -9 12 10 11 -13 -14 15 -16 16 26 20 19 -21 21 -23 23 -25 -26 -27 27 -29 -30 -31
leaf_value=0.0014687889406414115 0.0062865216971245688 0.0015166348960133299 -0.05546586278760738 0.04883041164123765 -0.057247131270590682 0.015366030658184142 -0.10374728924409955 0.0088601287873554761 0.0011478416440240274 -0.044156345729005952 0.020021793208574664 -0.038138404741048335 0.0017502919875510671 -0.068310560452523622 -0.0015455145007957178 -0.047570075641291475 0.025445033233711209 -0.040001747918125691 -0.049404591731782938 0.043776569790785064 -0.0043548099262840142 0.020304149774708805 0.01946819012233034 -0.043398122234804846 0.021338101160524505 0.015722628666483166 -0.034836623678762162 -0.028281057633849627 0.029714242806130997 0.020355587747035577
leaf_weight=493.42981768166646 98.709048862336203 444.42579303821549 1.5436972035095085 6.991386483423411 2.0303856832906595 79.837923359125853 0.95664219371974413 1.1424158783629534 1139.217772398144 1.7905778745189298 39.213119612075388 1.913360466249286 923.25486353551969 1.6616008924320329 5012.3690061273519 4.2948186090216023 35.99479430122301 7.2164576165378094 1.2656467529013755 2.5111166667193174 53.173104905057698 15.148973452858625 2.838608080521225 11.647625004407017 27.557536787353456 10.162767421919852 2.5771742630750003 5.9861742183566085 1.7691703941673038 18.155757728032768
leaf_count=6228 1517 7302 29 65 49 1079 23 21 19727 32 432 31 14318 42 156987 81 431 131 23 29 797 200 40 220 357 142 39 106 24 218
internal_value=1.14751e-11 0.00404597 0.00992481 0.0167762 0.00403716 0.0180605 0.0052715 -0.0424605 -0.000329159 0.00253161 0.0147512 0.017316 -0.000540016 -0.000872829 -0.00104673 0.00442406 0.0122833 0.00018304 -0.0194393 0.0125502 0.00106178 -0.0045188 -0.0100767 -0.0310793 0.010956 -0.0039855 0.0163661 0.00413546 -0.0262754 0.013495
internal_weight=8448.79 635.637 191.211 88.373 102.838 86.8293 100.808 2.09906 7813.15 536.347 42.9171 41.1265 7276.8 6353.55 6151.59 201.961 70.7855 131.176 8.07158 3.77676 129.514 82.8083 67.6593 14.4862 46.7059 19.1484 62.7139 26.7191 8.98563 20.7329
internal_count=210720 10085 2783 1173 1610 1144 1561 44 200635 6723 495 463 193912 179594 176714 2880 927 1953 133 52 1911 1257 1057 260 654 297 794 363 155 257
is_linear=0
shrinkage=0.05


Tree=158
num_leaves=31
num_cat=0
split_feature=6 28 14 24 36 16 13 25 34 11 25 29 33 26 0 9 9 47 25 0 43 33 48 43 30 47 13 7 36 26
split_gain=3.42943 3.18342 2.70395 2.60006 2.66826 2.13414 2.1431 2.52667 3.36939 3.86882 2.28985 2.29004 2.89547 2.18753 2.47243 2.37313 3.0199 2.79515 2.82575 2.83532 2.34412 2.25872 3.49694 4.08873 2.20261 2.10685 2.60278 2.24483 2.26552 2.96087
threshold=32.500000000000007 -0.0014620773834265997 11.41176006352987 3.5000000000000004 4.5968750000000007 17.500000000000004 -0.72327724004668725 5.6391164519046191 73.549193548387109 4.0438215837744496 5.4057877980268954 0.2462019230769231 1.3854536613201656 0.21500000000000002 37.500000000000007 613.50000000000011 565.50000000000011 1.1985407177819105 2.3440048364969335 77.500000000000014 0.40393186271594833 1.3835351305049974 0.12678508529831067 0.40082237771124046 0.21187500000000001 0.79800107265899156 -0.9250426418708606 51.500000000000007 5.2211956521739138 0.44500000000000006
decision_type=2 2 2 2 2 2 2 2 2 2 2 2 2 2 2 2 2 2 2 2 2 2 2 2 2 2 2 2 2 2
left_child=2 25 5 4 -4 6 10 13 -9 -10 11 -1 -13 14 20 16 21 18 19 -17 -8 22 -16 -24 -15 -2 -27 -28 -29 -30
right_child=1 -3 3 -5 -6 -7 7 8 9 -11 -12 12 -14 24 15 17 -18 -19 -20 -21 -22 -23 23 -25 -26 26 27 28 29 -31
leaf_value=0.043694813405599553 0.0040136270516679664 0.001199772375598698 -0.042100299080139091 0.0033490781502957625 0.02600764512889105 -0.00085728128771845539 -0.0046166016385274034 -0.083372584044580242 -0.070071984553254529 0.024668603060091152 0.0035247227502822418 0.023742886112686722 -0.062589848394320732 0.035756617886818678 0.031310756704410005 -0.058068594306852274 0.044646177299762578 0.031215130897960228 -0.069221622330705279 0.017318935121243346 -0.087840596233842272 0.016542854801004332 -0.10630136883002067 -0.0084601374399067598 -0.00060061724753993941 -0.051112505676788204 0.043292492343709424 0.015151770075072539 -0.057994828509800478 0.032895257232165687
leaf_weight=7.1246966384351236 103.12018339685164 445.39105205773376 1.5443789223209048 196.3721824279055 20.886100688949227 6113.0979486398865 2.9734614128246895 2.0794937098398796 1.6247163843363521 3.1998045016080141 446.93226917600259 3.3635661918669939 1.3654622379690406 4.18458143249154 2.8351016649976364 1.783398556523023 7.8992984099313608 3.1569014219567171 2.4451565253548324 4.1484303697943687 1.1826174398884175 33.934394051320851 1.5307046230882404 3.5307896602898836 927.02271208213642 1.4869131119921792 6.755541253834962 77.693147284910083 2.4104002956300969 1.426219720393419
leaf_count=71 1610 7302 36 2810 218 173332 41 49 35 34 5667 37 26 54 34 32 68 34 45 47 31 359 33 39 17503 29 65 1018 45 16
internal_value=3.47927e-11 0.00352356 -0.000288551 0.00519119 0.0213183 -0.000446824 0.00126906 -2.5165e-05 -0.0301687 -0.00723645 0.0041 0.0257901 -0.00118487 0.000183651 0.00902153 0.0115532 0.0162924 -0.00888058 -0.0239908 -0.00534625 -0.0282981 0.0109382 -0.0131472 -0.0380494 -0.000437238 0.00888923 0.0144898 0.0155946 0.0132996 -0.0242075
internal_weight=8432.5 638.283 7794.22 218.803 22.4305 7575.42 1462.32 1003.53 6.90401 4.82452 458.786 11.8537 4.72903 996.628 65.4203 61.2642 49.7303 11.5339 8.37699 5.93183 4.15608 41.831 7.8966 5.06149 931.207 192.892 89.7722 88.2853 81.5298 3.83662
internal_count=210720 10085 200635 3064 254 197571 24239 18438 118 69 5801 134 63 18320 763 691 533 158 124 79 72 465 106 72 17557 2783 1173 1144 1079 61
is_linear=0
shrinkage=0.05


Tree=159
num_leaves=31
num_cat=0
split_feature=6 28 14 31 29 8 48 36 14 33 26 21 6 37 14 11 11 6 34 42 4 13 32 36 28 43 38 31 38 20
split_gain=2.53537 2.53541 2.20124 2.02597 2.95508 3.86526 3.05311 1.9776 1.96482 2.7291 1.88861 2.33943 2.25048 3.59673 2.3163 2.12071 2.31065 3.08353 3.37258 2.81178 2.66626 3.55548 3.26638 3.40769 3.21969 3.48827 3.00983 2.90423 2.86187 2.73861
threshold=32.500000000000007 -0.0014620773834265997 11.307894049112555 0.27099358974358972 0.23732142857142857 135.50000000000003 0.37693923492109643 5.6375000000000011 11.671189415970122 1.3845036501333521 0.31500000000000006 1.0000000180025095e-35 31.500000000000004 0.51866071428571436 9.2627987307490365 4.2720838335334141 4.3240088680229531 25.500000000000004 74.812500000000014 0.33170649045023654 4.5000000000000009 0.020217314189748353 0.23630681818181817 5.1557575757575771 -0.0021989192818723494 0.40599692055745495 0.019722222222222151 0.25960526315789473 0.027543103448275853 -2.4999999999999996
decision_type=2 2 2 2 2 2 2 2 2 2 2 2 2 2 2 2 2 2 2 2 2 2 2 2 2 2 2 2 2 2
left_child=2 -2 10 7 5 6 -5 -4 -6 -10 11 12 -1 14 -14 -12 19 18 -18 -17 21 -19 -22 29 -23 27 -25 -26 -28 -24
right_child=1 -3 3 4 8 -7 -8 -9 9 -11 15 -13 13 -15 -16 16 17 20 -20 -21 22 24 23 26 25 -27 28 -29 -30 -31
leaf_value=0.0019325601730957034 0.0078007479280395742 0.00095050753889642419 0.002201917110125243 -0.059375531085474331 0.045665525465086058 0.022676403179684335 0.045066170209980376 0.054998063319837101 0.0016740773761254185 0.051327204887409633 -0.00095646863013492366 0.013623614259477029 -0.0062447084565318582 0.022085618743141831 -0.074480434081764565 -0.0054709493797756876 -0.00225827793741575 0.029247947235197608 0.053630578480122697 0.0075412422661203758 0.023437352764564032 0.044959767850632146 -0.016388759925253522 -0.10391887593995207 -0.091241990574622137 0.046191324593313612 0.028305756570688935 -0.012404539814986118 -0.069327336734625586 0.0059149405711254989
leaf_weight=474.08129961206578 193.79732709797099 445.78239798685536 219.38910852512345 3.773230418097226 8.1595039218664187 5.2426984356716275 0.859044600278139 1.7881268821656693 10.412934125401078 3.7690360192209473 6092.1787167815492 43.283042508643121 1.9957325095310787 2.7064490122720599 3.3004393111914396 50.147019982337952 483.9351475876756 23.33491779584438 2.7144418470561495 241.22608758718707 16.064165827818215 2.0374179217033088 17.45734669547528 1.4159634076058853 2.1048450381495041 1.2580183222889898 1.6679961904883387 2.6250478578731418 1.3646541163325308 65.038468960672617
leaf_count=5966 2783 7302 3174 86 81 72 12 18 141 32 176190 490 32 34 80 1002 8853 210 17 2890 152 22 206 31 49 12 15 40 30 698
internal_value=5.6142e-12 0.00302618 -0.00024867 0.00433506 0.0160494 -0.00672793 -0.0400071 0.00262875 0.0261171 0.01487 -0.00040292 0.00248846 0.00148871 -0.0248053 -0.0487675 -0.000619783 0.00162832 -9.52134e-05 -0.00194654 0.00530177 0.00660982 0.0193748 0.00272362 -0.00110352 -0.00933312 -0.0278066 -0.0437303 -0.0474879 -0.0156279 0.00119514
internal_weight=8422.91 639.58 7783.33 253.394 32.2164 9.87497 4.63228 221.177 22.3415 14.182 7529.94 525.367 482.084 8.00262 5.29617 7004.57 912.392 621.018 486.65 291.373 134.369 31.3602 103.009 86.9444 8.02533 5.98791 4.44861 4.72989 3.03265 82.4958
internal_count=210720 10085 200635 3616 424 170 98 3192 254 173 197019 6602 6112 146 112 190417 14227 10335 8870 3892 1465 333 1132 980 123 101 76 89 45 904
is_linear=0
shrinkage=0.05


Tree=160
num_leaves=31
num_cat=0
split_feature=8 32 26 42 15 47 31 35 29 8 28 35 0 15 46 24 0 11 43 7 15 30 31 24 26 8 36 38 28 8
split_gain=1.97482 2.5636 2.4405 6.88904 2.65504 2.21359 3.54815 4.21508 3.03911 3.41905 2.15185 2.17704 1.92199 1.84982 2.1394 1.94483 3.65275 3.11204 2.19329 1.98791 4.60293 2.70851 2.4404 3.38289 2.79032 2.70362 2.52154 2.94268 2.47382 3.03593
threshold=143.50000000000003 0.25253205128205131 0.36500000000000005 0.39902065518997076 3.7628626196707393 1.0146476201809591 0.27214052287581697 799.73750000000007 0.24116071428571426 144.50000000000003 -0.0024902072371194993 795.43750000000011 105.50000000000001 7.6443937090612071 5.5000000000000009 3.5000000000000004 74.500000000000014 4.0390820088607997 0.39906959912578999 61.500000000000007 8.0554680713523279 0.26118055555555558 0.24121323529411767 6.5000000000000009 0.37500000000000006 142.50000000000003 5.2211956521739138 -0.029999999999999947 -0.0013612256118359998 123.50000000000001
decision_type=2 2 2 2 2 2 2 2 2 2 2 2 2 2 2 2 2 2 2 2 2 2 2 2 2 2 2 2 2 2
left_child=13 2 3 4 -2 8 7 -7 9 -6 -10 12 -12 -1 15 16 17 18 -15 -17 21 -21 28 24 -24 26 27 -26 -22 -30
right_child=1 -3 -4 -5 5 6 -8 -9 10 -11 11 -13 -14 14 -16 19 -18 -19 -20 20 22 -23 23 -25 25 -27 -28 -29 29 -31
leaf_value=-0.00032823460565181787 0.065139598299022258 -0.0019804797118779922 0.010940936934810816 -0.09461123774501129 0.0062392544261014541 -0.0082993425206560941 0.023338513478766268 -0.091672236322482295 0.057904662229079598 -0.10621540961084955 -0.07398878731429942 0.017827108701545233 0.0082471471484669035 -0.003534937321835659 -0.054175154147800497 0.0033483484895428677 0.021744951730024029 0.012608999056532866 -0.10279340383909637 0.02070641475221327 0.036428682523070126 -0.038603694604128186 -0.10349260961471676 0.014144123530119748 0.0011544181302179854 0.040871429873680233 0.019486254396942758 -0.058210244974279762 0.040398308657180859 -0.042084246427043864
leaf_weight=7661.8513568975031 1.5573057346045995 103.9781407979317 135.87922336952761 1.9844853244721878 1.6141018811613386 3.5823771916329843 2.9083548430353403 2.6281863898038864 2.5510680302977642 1.1628694618120787 1.361156502738589 11.365260927006601 1.4863681253045795 0.88532983046024982 1.6374141164124001 395.9655678938143 28.226219422183931 2.6780124064534903 1.4986379584297536 14.906505593098702 3.3373316288925707 2.21035521198064 1.5014481171965659 3.7355443891137829 2.6413980461657074 1.1731129288673408 1.6779703851789243 9.9548626495525152 1.5684980321675555 3.863551233895123
leaf_count=198960 12 2243 2227 40 19 49 29 51 19 30 21 141 19 16 44 5668 301 23 39 227 41 40 36 46 39 15 23 211 18 73
internal_value=-1.48672e-11 0.00419046 0.00800794 -0.00436831 0.00155834 -0.00189652 -0.022238 -0.0435811 0.00759602 -0.0408517 0.0156215 0.00803204 -0.0310628 -0.000140068 0.00287946 0.0030758 0.0147309 -0.0243803 -0.065932 0.00219908 -0.00757253 0.0130475 -0.0195558 -0.0289269 -0.0384199 -0.0320949 -0.0380916 -0.0457617 0.00254803 -0.0182675
internal_weight=8411.37 272.059 168.081 32.2015 30.217 28.6597 9.11892 6.21056 19.5408 2.77697 16.7639 14.2128 2.84752 8139.31 477.462 475.824 33.2882 5.06198 2.38397 442.536 46.5706 17.1169 29.4537 20.6843 16.9488 15.4473 14.2742 12.5963 8.76938 5.43205
internal_count=210720 4900 2657 430 390 378 129 100 249 49 200 181 40 205820 6860 6816 379 78 55 6437 769 267 502 370 324 288 273 250 132 91
is_linear=0
shrinkage=0.05


Tree=161
num_leaves=31
num_cat=0
split_feature=6 28 42 16 9 8 47 47 13 0 33 47 17 9 26 26 9 27 38 31 17 4 9 36 43 26 4 43 37 32
split_gain=2.36554 1.95755 1.8239 2.53224 2.52838 1.98481 1.79178 2.30342 2.25453 2.39506 3.19758 2.71741 3.75473 2.37705 3.00357 2.77657 2.77724 2.14924 3.00949 2.34523 2.74357 2.10027 2.09407 2.33378 2.0521 1.94958 2.58025 4.00575 2.37046 1.94749
threshold=32.500000000000007 -0.0014620773834265997 0.38760501490408888 12.500000000000002 388.50000000000006 114.50000000000001 0.79829970814324713 0.79952036998861487 1.449220254439975 81.500000000000014 1.3836850370432954 1.0237239491088228 23.500000000000004 556.50000000000011 0.42500000000000004 0.49500000000000005 300.50000000000006 0.14204615434111786 0.014852941176470501 0.25062500000000004 19.500000000000004 6.5000000000000009 727.50000000000011 5.0983870967741938 0.40497930842641477 0.34500000000000003 8.5000000000000018 0.40271352030906854 0.5285416666666668 0.24295634920634918
decision_type=2 2 2 2 2 2 2 2 2 2 2 2 2 2 2 2 2 2 2 2 2 2 2 2 2 2 2 2 2 2
left_child=-1 6 3 -3 -4 -6 17 -8 9 10 -9 -12 21 14 -11 16 -16 25 19 20 -19 -13 23 -15 -23 26 27 -2 29 -27
right_child=1 2 4 -5 5 -7 7 8 -10 13 11 12 -14 22 15 -17 -18 18 -20 -21 -22 24 -24 -25 -26 28 -28 -29 -30 -31
leaf_value=-0.00024075097254546218 -0.0053812205095746125 -0.059082459403640097 -0.080496472656424192 0.0046173617530617349 -0.055246458006369049 -0.0014071657899143233 0.048087285049967093 -0.017745440730761487 0.053147189873616468 0.0077231900806878214 0.045930075183947795 0.043695477727847085 -0.029428723089326425 0.038292065632872928 -0.019200945746122529 0.010362491139687346 -0.075154863704914671 0.031484424651588565 -0.043518896587644747 0.048758745124722516 -0.04310690569806841 0.019155104618315998 -0.021383427313415245 -0.013030266944676645 -0.045959028856856127 -0.0044410110603750191 0.039924101356206922 -0.10828473646833139 -0.055547187214681527 0.012773604077470935
leaf_weight=7769.883997439174 2.5723603637889019 1.5708576515316952 1.0265990328043688 229.08266700897366 1.7257293723523606 212.45811616349965 4.2775823986157766 5.108633396215736 2.9896695166826239 17.677573601715267 10.259247705340387 7.7537779491394785 3.9446782656013957 9.668710199184714 6.8273666352033597 4.3588773161172858 3.2845193604007363 2.048398628830908 5.7176546100527048 2.1517812004312873 3.0959844831377268 6.6690484564751369 2.7866009958088389 2.8733356781303874 1.4782077744603155 22.277007754892111 1.2111292229965327 1.4955632258206604 1.4812176646664728 62.588922727387398
leaf_count=200635 35 44 25 3865 35 3333 44 78 31 244 104 69 54 102 117 67 71 32 147 29 76 79 39 37 22 348 14 37 40 867
internal_value=-2.72215e-11 0.00292072 0.00109452 0.00418354 -0.00221616 -0.00184096 0.00710492 0.0122795 0.0104918 0.00894956 0.0188302 0.0250369 0.0142362 0.00162108 -0.00610431 -0.0229961 -0.0373758 0.00265641 -0.0163575 0.00492759 -0.013406 0.0250685 0.0178233 0.0265343 0.00734104 0.00535699 -0.0241399 -0.0432135 0.00716035 0.00825483
internal_weight=8410.35 640.462 445.864 230.654 215.21 214.184 194.598 89.9578 85.6802 82.6906 35.2136 30.105 19.8457 47.477 32.1483 14.4708 10.1119 104.64 13.0138 7.29616 5.14438 15.901 15.3286 12.542 8.14726 91.6262 5.27905 4.06792 86.3471 84.8659
internal_count=210720 10085 7302 3909 3393 3368 2783 1158 1114 1083 406 328 224 677 499 255 188 1625 284 137 108 170 178 139 101 1341 86 72 1255 1215
is_linear=0
shrinkage=0.05


Tree=162
num_leaves=31
num_cat=0
split_feature=6 28 13 47 43 20 28 33 47 15 47 26 33 28 37 15 17 21 8 32 4 37 25 33 43 29 36 17 16 15
split_gain=2.37882 2.3336 1.773 2.10713 2.39178 1.85676 3.75447 4.20056 2.58049 3.52104 2.24962 3.18018 3.08418 1.70266 2.23774 4.20992 1.86964 3.36111 1.58686 2.46833 4.05577 2.58213 2.31719 2.67956 2.41682 2.92798 2.83946 3.01745 2.77111 3.42403
threshold=32.500000000000007 -0.0014620773834265997 -1.0190592962650822 1.3287244012543138 0.40704651649085971 -4.4999999999999991 -1.0000000180025095e-35 1.3855555150272227 0.92515918404679642 5.7325356843105402 0.30887191262364516 0.46500000000000002 1.3855976733160171 0.0018321029327441002 0.48398026315789483 5.4177054503810682 18.500000000000004 1.0000000180025095e-35 144.50000000000003 0.23699677938808372 8.5000000000000018 0.5006250000000001 2.1789437757154926 1.3861757911369603 0.40463207430411097 0.26369318181818185 4.6493243243243247 16.500000000000004 14.500000000000002 5.7000609486802043
decision_type=2 2 2 2 2 2 2 2 2 2 2 2 2 2 2 2 2 2 2 2 2 2 2 2 2 2 2 2 2 2
left_child=2 -2 3 4 5 6 8 -8 9 -1 11 12 -7 14 15 -12 17 -16 -4 21 22 -20 -21 24 25 26 27 -24 -28 -30
right_child=1 -3 18 -5 -6 10 7 -9 -10 -11 13 -13 -14 -15 16 -17 -18 -19 19 20 -22 -23 23 -25 -26 -27 28 -29 29 -31
leaf_value=0.018123231813426833 0.0075105893550829854 0.00094087757290130583 -0.00041205617433230082 -0.036883746994619375 -0.040653829045164049 0.024849034179833279 -0.098110994174365584 -0.0038026499817808202 0.04524739208723131 -0.0766473624362317 -0.063270753206122951 -0.074408019048473328 -0.051878832940977608 0.040291372361599929 -0.067044373113437736 0.021531589536214948 0.025236584569513904 0.037815407758400171 0.040534779362423862 0.013770770535303352 -0.039158976604374493 0.0070138775434387419 0.067436725917226464 -0.056798515788326912 0.010822284987938552 -0.051905907816121435 -0.042875733085604904 0.0033527549167863841 0.013252301061895838 -0.029220839934365295
leaf_weight=3.2910908134654147 193.81034347554669 446.7217758432962 7557.1414857737254 2.5600105030462137 2.3124565761536351 5.3125897664576751 1.9099785480648268 3.0923858620226383 3.8245322965085506 1.3957332530990241 2.4392798682674757 1.4924356946721671 1.7382239969447253 8.3283651210367662 1.5721876174211529 3.6586160762235522 26.149976718239486 1.4869712824001908 9.0542738335207122 39.275607246439904 5.7225925698876372 15.718146943487225 2.4322151802480203 2.1133110481314352 30.787590689957142 3.4483211804181328 5.7914899061433998 7.504546981304884 11.984569028951229 7.8553681294433764
leaf_count=38 2783 7302 197106 38 26 55 39 38 36 22 37 36 44 80 27 38 231 15 104 846 109 239 15 48 578 68 92 184 244 202
internal_value=-5.02293e-11 0.00292872 -0.000241453 0.00764804 0.00932442 0.0110837 -0.00543397 -0.039811 0.0147704 -0.0100994 0.0153616 -0.00810154 0.00593346 0.0199554 0.0151585 -0.012391 0.0209099 -0.016075 -0.000313765 0.00492874 0.00189098 0.0192657 0.00400363 -0.0013304 0.000348886 -0.00791558 -0.00365074 0.0190385 -0.0124469 -0.00356439
internal_weight=8409.93 640.532 7769.39 70.5648 68.0048 65.6924 13.5137 5.00236 8.51136 4.68682 52.1786 8.54325 7.05081 43.6354 35.307 6.0979 29.2091 3.05916 7698.83 141.688 116.916 24.7724 111.193 71.9174 69.8041 39.0165 35.5682 9.93676 25.6314 19.8399
internal_count=210720 10085 200635 800 762 736 173 77 96 60 563 135 99 428 348 75 273 42 199835 2729 2386 343 2277 1431 1383 805 737 199 538 446
is_linear=0
shrinkage=0.05


Tree=163
num_leaves=31
num_cat=0
split_feature=8 32 13 48 14 28 25 25 48 17 43 6 35 47 33 37 48 9 42 25 13 6 6 11 47 47 8 37 25 13
split_gain=2.29808 2.40941 2.12523 2.17865 3.14425 2.50048 2.55995 3.14317 3.09502 2.79946 2.48207 2.50855 2.41822 2.79018 2.36753 2.29551 2.16278 2.07787 3.29632 4.01069 2.74219 2.04957 2.2306 2.39474 2.01126 2.22785 2.14656 2.03563 2.94287 2.77473
threshold=143.50000000000003 0.25253205128205131 -0.20899401985694152 0.51249169174317 11.119009640404697 0.0027900363159476002 11.212005030552115 4.756039409351045 0.13886292003919096 17.500000000000004 0.40748726700863275 33.500000000000007 800.03750000000002 0.7118849640399777 1.3837097649231238 0.49937500000000007 0.37501367270901204 629.50000000000011 0.40018160851774748 1.5509598275809418 1.449220254439975 32.500000000000007 29.500000000000004 3.937552698145026 1.1931557112789235 1.1153382756986112 145.50000000000003 0.50568910256410271 3.9105318929058708 -0.51715036686136828
decision_type=2 2 2 2 2 2 2 2 2 2 2 2 2 2 2 2 2 2 2 2 2 2 2 2 2 2 2 2 2 2
left_child=-1 2 3 5 15 6 7 10 14 12 11 21 -9 -14 -8 -5 -10 18 -4 -20 -19 22 24 -24 25 27 -26 29 -29 -2
right_child=1 -3 17 4 -6 -7 8 9 16 -11 -12 -13 13 -15 -16 -17 -18 20 19 -21 -22 -23 23 -25 26 -27 -28 28 -30 -31
leaf_value=-0.00015210393797026104 0.043241977248160479 -0.0014941515179639024 0.013398469797140303 0.04046306915183126 0.066534583475119993 0.017734964078182699 -0.014225755377476763 0.0093711454482007916 0.011166758347697087 0.014353560708769576 -0.074837290740775747 -0.071984596889329219 -0.012702939551409477 -0.10747539980495745 -0.094695469966658674 -0.047780601025523214 -0.044840682787573694 0.037986295354269339 0.020581145557025018 -0.10486996487991668 -0.035328913689653622 0.041453729064048435 -0.075146689343495193 0.017524546445089172 0.0088311945326332297 0.069446725831746686 -0.086390500982607046 0.00079961748494842937 -0.089419276023137872 -0.021004774813846664
leaf_weight=8131.7996240763459 3.9839673861861291 104.35117991734296 44.968768656253815 1.4387435847893351 3.25501455552876 20.505886094179004 1.5783685455098742 3.2173491660505524 5.6504917349666339 39.764575297944248 1.5239064674824465 1.4653263520449389 1.8720818310976031 1.3271984909661112 2.1717290626838803 1.510923341847956 2.4803345818072557 14.086349646095185 1.2187460353597992 1.3349583791568873 1.4023836813867081 2.1888119028881183 2.2929729148745532 1.0016504544764755 1.0785389430820935 1.2688221484422673 1.311583876609802 2.8113099606707692 1.3322279974818227 2.9067476699128809
leaf_count=205820 51 2243 727 22 22 278 24 45 78 590 37 29 28 32 46 33 36 189 23 31 33 20 58 15 20 14 34 52 32 58
internal_value=-3.70276e-12 0.00449282 0.00814739 0.00388789 0.0326518 0.00213359 -0.00180495 0.00186909 -0.0232498 0.0094084 -0.0131605 -0.00881761 -0.0212373 -0.0520186 -0.0608268 -0.00473845 -0.00591849 0.015444 0.0102604 -0.0449989 0.0313482 -0.00423011 -0.00978905 -0.0469722 -0.00145155 0.00670204 -0.0434219 -0.000512934 -0.0282075 0.0161404
internal_weight=8407.1 275.301 170.95 107.939 6.20468 101.734 81.228 69.3471 11.8809 46.1812 23.1659 21.642 6.41663 3.19928 3.7501 2.94967 8.13083 63.0112 47.5225 2.5537 15.4887 20.1766 17.9878 3.29462 14.6932 12.3031 2.39012 11.0343 4.14354 6.89072
internal_count=210720 4900 2657 1654 77 1577 1299 1115 184 695 420 383 105 60 70 55 114 1003 781 54 222 354 334 73 261 207 54 193 84 109
is_linear=0
shrinkage=0.05


Tree=164
num_leaves=31
num_cat=0
split_feature=8 32 13 38 47 47 17 42 15 42 15 5 48 0 11 38 38 30 8 16 16 11 15 48 15 0 4 7 0 34
split_gain=3.08315 2.84435 1.79464 1.97315 2.17243 1.88994 2.42804 3.00897 2.87833 1.94697 6.68322 2.97763 2.36213 2.24637 2.06658 2.33641 2.00655 1.92455 2.38214 2.24759 2.92064 2.59673 2.20905 3.18297 1.77664 1.8382 2.70301 3.51075 3.17213 2.56686
threshold=143.50000000000003 0.25253205128205131 -1.0190592962650822 0.052249999999999956 1.3287244012543138 1.2434591164608226 22.500000000000004 0.33138666119868226 4.3142541892179169 0.30978977942959413 5.4620118383425522 9.5000000000000018 0.24897018365199966 154.50000000000003 3.630641948481145 -1.0000000180025095e-35 -0.0050000000000000487 0.2705300127713921 95.500000000000014 19.500000000000004 18.500000000000004 4.3598561151079149 4.7871535167202994 0.37609306586298558 7.6443937090612071 134.50000000000003 9.5000000000000018 50.500000000000007 146.50000000000003 73.273863636363657
decision_type=2 2 2 2 2 2 2 2 2 2 2 2 2 2 2 2 2 2 2 2 2 2 2 2 2 2 2 2 2 2
left_child=2 -2 3 4 5 6 9 8 -8 11 16 -1 14 -12 -13 -16 -11 18 19 20 -10 22 -21 -24 -4 -26 29 28 -28 -27
right_child=1 -3 24 -5 -6 -7 7 -9 17 10 13 12 -14 -15 15 -17 -18 -19 -20 21 -22 -23 23 -25 25 26 27 -29 -30 -31
leaf_value=-0.035271208130895404 0.0091687549181650087 -0.001318617033188426 -0.00043151390381099622 0.044050623840244392 -0.041145858569201832 0.051589536208435732 0.029890519428071523 0.053146322360818003 -0.029908863696443896 -0.026933297571289178 -0.09004836897781715 0.037806089636157211 0.03697557446492411 -0.01395208915775472 0.0080546968843087288 -0.08334273804549025 0.028189091449338056 0.024699879919091297 -0.082417638828882783 0.037035756332119744 0.042179650829188758 -0.090476629374503278 -0.064145796315091694 0.014327927115862352 -2.8081363026381635e-05 0.016620052711470764 0.012255435446521376 0.0023747102373128447 -0.054855539244866164 0.0026348385379369667
leaf_weight=2.0293533075600889 171.12640652898699 103.91223791567609 7586.2892558127642 3.5561303365975609 2.3738574516028157 2.348286719992756 3.4086737716570559 1.9169913642108429 2.8962907418608692 1.9894822891801585 2.2013992695137854 1.8854605946689869 16.67127126827836 1.7335360478609798 1.7022676365450025 1.1866746312007308 9.7021859940141422 2.1059069875627747 1.6828536298125971 1.293723501265047 2.7288201749324799 1.7230175500735638 3.538301024120301 2.0355688063427806 267.14956930279732 75.103014949709177 2.6269699772819868 67.274578272830695 5.3400035640224814 58.262734869029373
leaf_count=30 2657 2243 198157 27 40 17 41 10 41 38 46 17 131 23 25 26 82 23 27 13 23 40 87 25 3997 939 34 907 110 844
internal_value=-2.4671e-11 0.00520653 -0.000176078 0.00775481 0.00583277 0.00755429 0.00589797 -0.00686741 -0.0122401 0.0135145 -0.000160391 0.0226174 0.0280953 -0.0565241 -0.00291294 -0.0294881 0.0188093 -0.0202164 -0.026166 -0.0195069 0.00506229 -0.0355947 -0.0218253 -0.0354873 -0.000245637 0.0027183 0.00623541 -0.00134203 -0.0327269 0.0105104
internal_weight=8407.79 275.039 8132.76 70.7101 67.1539 64.7801 62.4318 23.3301 21.4132 39.1016 15.6266 23.475 21.4457 3.93494 4.7744 2.88894 11.6917 18.0045 15.8986 14.2157 5.62511 8.59061 6.86759 5.57387 8062.05 475.757 208.607 75.2416 7.96697 133.366
internal_count=210720 4900 205820 832 805 765 748 330 320 418 189 229 199 69 68 51 120 279 256 229 64 165 125 112 204988 6831 2834 1051 144 1783
is_linear=0
shrinkage=0.05


Tree=165
num_leaves=31
num_cat=0
split_feature=8 14 11 32 32 48 37 29 47 20 34 48 34 16 33 13 29 30 8 13 15 48 36 26 14 46 32 12 15 31
split_gain=2.31732 2.65272 3.39628 2.76802 2.22345 2.21366 2.53801 2.1657 4.47822 3.96681 2.00244 2.4561 1.99548 1.99161 2.24285 1.90961 1.90303 1.93745 3.03575 1.88899 1.87145 1.75397 1.95951 1.74219 3.79052 2.44458 2.70032 3.06189 3.16882 2.56577
threshold=144.50000000000003 11.533751256089568 3.9685424638254827 0.26549603174603181 0.23937969924812033 0.24868540239191753 0.51377155172413802 0.24493589743589742 0.79952036998861487 -2.4999999999999996 73.873397435897445 0.24905241708644768 73.923026315789485 22.500000000000004 1.3835351305049974 1.0519298026422474 0.23383928571428572 0.25872282608695657 146.50000000000003 -1.0190592962650822 7.6443937090612071 0.25100858567918222 4.873397435897437 0.43500000000000005 11.83220376470171 1.0000000180025095e-35 0.25685060060060061 19.500000000000004 4.1484803553980587 0.28208333333333341
decision_type=2 2 2 2 2 2 2 2 2 2 2 2 2 2 2 2 2 2 2 2 2 2 2 2 2 2 2 2 2 2
left_child=19 4 3 5 7 6 12 8 9 -2 15 -12 -3 14 -7 -9 17 18 -6 -1 23 22 -20 -21 25 26 29 -28 -29 -25
right_child=1 2 -4 -5 16 13 -8 10 -10 -11 11 -13 -14 -15 -16 -17 -18 -19 21 20 -22 -23 -24 24 -26 -27 27 28 -30 -31
leaf_value=0.0080720322008128679 0.0061936842516834385 -0.01788129851313093 -0.064459889826009989 -0.061122890388994412 0.031017331677814147 -0.052360339771062372 -0.066432510434055334 0.029247084632082011 0.029830610160751659 -0.092976951111710934 -0.073399597967412647 0.01524836322277588 0.040638205759782872 0.025769041030190516 0.0050365854082762692 -0.017488460697159616 0.0022031307669918734 0.052866496008375501 -0.012247911483038252 0.00029768763629785673 0.0028030363804473785 0.0079764133571912157 -0.10260637748820119 -0.0016492167707483703 -0.044979639412417921 -0.0017438473747622149 -0.0052219810031222556 -0.0023207938571927714 0.013203104486581916 0.02194777023672978
leaf_weight=69.46441488340497 2.001023281365633 7.4259383538737875 2.4040839904919258 1.9458776367828239 8.1681615095585602 2.0135573502630022 2.175269339233636 31.328384125605226 4.2358048986643553 2.0326567059382779 1.1539828553795808 2.4197703739628196 1.812263650819659 10.072051505558191 11.000417718198149 2.3496236642822614 124.42571332631633 3.5389324296265832 1.5286520309746259 4115.6976378697436 485.02555170538835 3.2270922120660543 0.9876519301906227 345.53155353851616 4.9415008281357578 2925.1460412004963 46.394507273565978 44.129797953180969 128.86823167931288 11.917121787089853
leaf_count=832 30 124 45 40 101 36 45 378 53 55 30 38 22 116 146 39 2478 41 34 97527 6932 57 27 6290 107 91331 939 866 1781 180
internal_value=-4.93126e-11 0.00499166 -0.00689921 -0.00310227 0.00745676 0.00017027 -0.0178427 0.0170718 -0.00607533 -0.0437805 0.0222102 -0.0133765 -0.00640149 0.00907567 -0.00384402 0.0259865 0.00437177 0.0198346 0.0114317 -0.000138111 -0.000208453 -0.0164226 -0.0477137 -0.000400074 -0.00121896 -0.00115721 0.00181761 0.00618423 0.00924314 -0.000862508
internal_weight=8403.36 226.247 38.8495 36.4454 187.397 34.4995 11.4135 45.5212 8.26948 4.03368 37.2518 3.57375 9.2382 23.086 13.014 33.678 141.876 17.4505 13.9116 8177.12 8107.65 5.7434 2.5163 7622.63 3506.93 3501.99 576.841 219.393 172.998 357.449
internal_count=210720 3935 574 529 3361 489 191 623 138 85 485 68 146 298 182 417 2738 260 219 206785 205953 118 61 199021 101494 101387 10056 3586 2647 6470
is_linear=0
shrinkage=0.05


Tree=166
num_leaves=31
num_cat=0
split_feature=8 32 38 15 4 47 30 28 43 32 32 26 31 24 47 37 35 33 29 33 11 12 9 25 33 48 25 34 28 47
split_gain=2.86664 2.37927 2.30151 2.16506 2.06529 1.88235 3.25215 2.56523 2.58745 2.19261 1.87268 2.29082 4.4723 2.19631 1.79506 1.78186 1.777 2.1339 1.74668 2.09733 2.71294 2.00907 2.38319 2.87552 2.12383 2.21472 2.85321 2.83737 2.34117 2.35511
threshold=144.50000000000003 0.23937969924812033 0.026249999999999954 7.9326157390562857 7.5000000000000009 0.40088792383475641 0.25727513227513232 -0.0021019572084414496 0.40324678105594808 0.22958333333333333 0.2386931818181818 0.42500000000000004 0.25960526315789473 3.5000000000000004 1.1973553586228007 0.51267857142857154 827.8375000000002 1.3857726213498445 0.23383928571428572 1.3859267230578527 4.0421305344920446 18.500000000000004 188.50000000000003 4.3720671489996548 1.3830503012373327 0.38940439437628516 11.014571273370693 72.403125000000017 -0.0020318013151605497 0.70085724527244853
decision_type=2 2 2 2 2 2 2 2 2 2 2 2 2 2 2 2 2 2 2 2 2 2 2 2 2 2 2 2 2 2
left_child=-1 2 5 18 -4 6 9 -8 -9 -2 11 12 13 -7 15 -14 17 -5 -3 20 21 -20 23 -23 -24 27 -27 -26 -29 -30
right_child=1 3 4 16 -6 10 7 8 -10 -11 -12 -13 14 -15 -16 -17 -18 -19 19 -21 -22 22 24 -25 25 26 -28 28 29 -31
leaf_value=-0.00015444212641331284 -0.029641964949663802 0.018679999621448142 0.0028604926171731044 -0.00011384694085663499 -0.076363868155043618 -0.017968800341458941 0.027153855410541369 -0.017126859545910665 -0.10334535639322287 0.03093142054676102 0.044384129394481844 0.026930337880955186 0.050834652938584517 -0.095016318139253389 -0.022279917484008753 -0.0041487030386607483 -0.065316869098298438 -0.053530803095355739 -0.031446486377149308 0.013889664075503386 0.057103777026593951 -0.028189353517177974 0.025519081612951057 0.057863553826238492 0.035981419942900314 0.0052256797955991799 0.074076532213002227 0.0050804923553980398 -0.0042508674108052971 -0.026142052276702056
leaf_weight=8164.8581701894291 1.8898902470245937 18.311648006550968 2.3791320710442956 10.258026074618099 1.2573941797018049 3.7322383942082515 1.3136313264258204 1.9988965084776276 1.5410502566955981 7.1309742094017565 7.4905226035043588 21.80806138087064 4.7957410933449847 1.2296987189911304 1.7861016299575565 2.1270365677773952 1.6317890137433995 2.2863368866965166 5.5596713712438932 29.981392631772906 1.9644907107576717 1.3485880470834661 6.3777333041653028 3.4653264293447137 3.4655074165202668 13.929270168300716 1.6869504638016213 17.904212671332054 22.848601185251034 26.576958863064647
leaf_count=206785 30 274 45 156 27 62 19 28 43 79 84 257 44 25 27 34 35 51 168 476 24 32 101 36 53 279 12 315 469 650
internal_value=-2.46453e-11 0.00552883 0.01403 0.00246104 -0.0245328 0.016497 0.00048478 -0.0325173 -0.0546605 0.0182412 0.0216672 0.016871 0.000824084 -0.0370632 0.0224106 0.0339409 -0.0162344 -0.00984963 0.0041885 0.00222443 -0.00110239 -0.00221079 -0.000545464 0.0337564 -0.00232505 -0.00438013 0.0126633 -0.00813962 -0.0104106 -0.0160221
internal_weight=8392.94 228.077 60.4804 167.597 3.63653 56.8438 13.8744 4.85358 3.53995 9.02086 42.9694 35.4789 13.6708 4.96194 8.70888 6.92278 14.1762 12.5444 153.42 135.109 105.127 103.163 97.6031 4.81391 92.7892 86.4115 15.6162 70.7953 67.3298 49.4256
internal_count=210720 3935 804 3131 72 732 199 90 71 109 533 449 192 87 105 78 242 207 2889 2615 2139 2115 1947 68 1879 1778 291 1487 1434 1119
is_linear=0
shrinkage=0.05


Tree=167
num_leaves=31
num_cat=0
split_feature=8 35 14 48 5 36 28 0 32 29 31 36 11 48 34 37 13 28 37 0 34 33 12 4 14 25 48 48 43 14
split_gain=3.31719 1.97622 1.9187 2.60308 2.3882 2.85297 3.66218 2.79835 2.12155 2.23727 2.21981 2.1743 3.08438 2.73886 2.29043 2.14678 2.82096 2.58287 2.21357 2.19915 2.16863 2.01306 2.80475 2.28184 1.99862 1.96006 2.03574 2.25038 3.00311 3.07973
threshold=144.50000000000003 837.0875000000002 11.533751256089568 0.50291718689206366 18.500000000000004 4.7763888888888895 0.0036724157670982504 97.500000000000014 0.23937969924812033 0.23383928571428572 0.27622023809523816 4.9875000000000007 3.5674579544540115 0.39897212717859593 74.012500000000017 0.51403125000000005 -0.83980508514128116 0.00082871873062925012 0.53354166666666669 39.500000000000007 73.348913043478277 1.3860255817101077 25.500000000000004 4.5000000000000009 8.0760390396247619 2.4984129962686281 0.24868540239191753 0.37380290242635666 0.40661464026127797 12.262171321413588
decision_type=2 2 2 2 2 2 2 2 2 2 2 2 2 2 2 2 2 2 2 2 2 2 2 2 2 2 2 2 2 2
left_child=-1 2 8 4 5 7 -7 -4 11 10 -10 14 13 -13 -2 19 20 18 21 -11 -17 22 -18 -24 -19 -6 -27 -28 29 -29
right_child=1 -3 3 -5 25 6 -8 -9 9 15 -12 12 -14 -15 -16 16 17 24 -20 -21 -22 -23 23 -25 -26 26 27 28 -30 -31
leaf_value=-0.00016611691636232311 0.02984507511808486 -0.03759669731245447 0.0089230288189798071 0.050185138267833808 0.052389253355126779 -0.090782425649255399 0.0094584333968769953 -0.069011094547876753 0.029636178638705182 -0.03739223945651448 -0.021912185774769902 -0.0079052514389090518 0.020315760160630553 -0.090315230782863312 -0.018709499742909651 0.0060879910599838036 0.035380897533844567 -0.058322839914161484 -0.031855579053190329 0.00090059886702998845 -0.075284643261549336 0.061220625766912978 0.031433927478576235 -0.064078398131048653 0.0073279313566846768 -0.024804785041720911 0.023269961438793146 0.0083154106804279367 0.029573549409566476 -0.079387426379827611
leaf_weight=8164.0335408847313 27.856167747639123 2.5760398907586923 5.7219052440486831 2.1096142679452887 1.7762570045888448 2.8481332501396537 1.339754920452833 1.4421285465359686 14.781804454047235 3.91547499410808 2.4320713216438881 4.9530212720856097 9.8264989391900581 1.2658821828663347 2.6608342961408189 1.8980978094041376 10.50853165378795 1.3842607839032988 1.3593252710998047 88.384655010420829 1.4399176798760889 5.0183938452973953 1.0961106307804578 1.455927620641887 7.1329307835549116 6.9065822162665453 9.4356019878759962 1.7752202684059728 2.3792907875031233 2.2951092552393675
leaf_count=206785 325 73 83 19 19 59 15 31 183 101 48 77 144 26 51 32 170 46 33 1778 43 53 21 37 124 132 121 22 25 44
internal_value=-4.16997e-12 0.00594881 0.00644649 -0.0037932 -0.0069634 -0.0259299 -0.0587142 -0.0067652 0.00852479 0.00546528 0.0223531 0.0177769 0.00287618 -0.0246801 0.0256115 0.00311317 0.0144304 0.0196178 0.029678 -0.000723826 -0.0290137 0.0343046 0.0239624 -0.0230555 -0.00334199 0.00180029 -0.00214232 0.00771088 -0.0150516 -0.041137
internal_weight=8392.01 227.976 225.4 38.0296 35.92 11.3519 4.18789 7.16403 187.37 140.808 17.2139 46.5624 16.0454 6.2189 30.517 123.594 31.2935 27.9555 19.4383 92.3001 3.33802 18.079 13.0606 2.55204 8.51719 24.5681 22.7918 15.8852 6.44962 4.07033
internal_count=210720 3935 3862 570 551 188 74 114 3292 2669 231 623 247 103 376 2438 559 484 314 1879 75 281 228 58 170 363 344 212 91 66
is_linear=0
shrinkage=0.05


Tree=168
num_leaves=31
num_cat=0
split_feature=8 36 12 14 30 15 30 36 17 30 33 33 29 29 9 35 31 43 16 25 39 35 38 16 47 51 28 28 37 25
split_gain=4.54238 1.66361 3.05138 4.56454 3.29089 2.9781 3.90752 2.66779 2.46299 2.45009 2.33142 2.49469 2.24744 2.39907 2.15213 2.09055 2.17098 2.08209 2.36474 3.47842 2.04165 2.00521 2.5524 1.9634 1.91171 1.8828 2.71558 3.03184 2.18159 1.81111
threshold=144.50000000000003 4.9739864864864876 22.500000000000004 7.1913531042875887 0.2537268518518519 5.7000609486802043 0.25909244264507425 5.0125000000000011 23.500000000000004 0.25753787878787882 1.3828281372368152 1.3846590654949493 0.23354166666666668 0.23732142857142857 499.50000000000006 836.77500000000009 0.23328125000000002 0.40129202006828241 18.500000000000004 3.6241254045655098 1.5000000000000002 803.11250000000007 0.017445652173913005 24.500000000000004 0.39685169389032171 1.0000000180025095e-35 0.00035601702247320003 0.0027380085208660002 0.50488095238095243 5.5177923821818959
decision_type=2 2 2 2 2 2 2 2 2 2 2 2 2 2 2 2 2 2 2 2 2 2 2 2 2 2 2 2 2 2
left_child=-1 9 3 -3 7 -6 -7 -4 12 15 -11 -12 -5 -14 -13 16 21 -9 -19 24 25 -2 23 -23 -20 -15 28 -28 -27 -16
right_child=1 2 4 8 5 6 -8 17 -10 10 11 14 13 20 29 -17 -18 18 19 -21 -22 22 -24 -25 -26 26 27 -29 -30 -31
leaf_value=-0.00019429285804395218 0.0068269349422467518 0.03557702228836606 -0.056806248872799406 0.034761402279045971 0.048028505274852272 0.024915414352087648 -0.052716046341942581 -0.046169622813724762 -0.06399432293703082 -0.0088243195560075306 0.043100683916341635 0.027187695739688197 -0.085130505126965503 -0.069914110259030854 0.0073994562804775305 -0.042317860432426746 0.009950483111658498 0.047982053935640735 0.073967812313510239 -0.068851774800170545 0.00069120321501901132 -0.050957704801274976 0.032199574253122386 0.0033411970867743522 -0.0077700519778997924 -0.033026997069155212 -0.10371245689973121 0.0038611389582977156 0.041283014186611865 -0.051938072720444498
leaf_weight=8163.6188348813448 11.315499094314875 4.3825277183204916 2.3216026257723597 2.1228365544229808 7.8811464644968536 6.4965277444571239 2.1598283923231065 1.7554665375500897 2.7911843014881006 5.5831973324529818 12.880554855335506 11.647691475227477 1.2958778142929102 2.4087085579521972 4.7308765230700365 2.1737710693851104 109.70407602377236 3.096614140085876 1.1381695019081237 1.5741794798523185 10.048930508550255 5.8590769255533797 1.6758841155096877 2.3256302289664745 1.925587762147188 1.7980511132627728 1.5197709435597064 1.1510818013921378 2.1914852764457464 1.7659834083169696
leaf_count=206785 174 52 61 23 95 87 63 37 78 84 141 172 35 56 76 71 1884 26 11 45 183 206 28 45 46 31 40 22 22 41
internal_value=-3.29629e-12 0.00696522 -0.000340262 -0.0115371 0.0113943 0.0257914 0.00554576 -0.00876323 -0.0196894 0.00946521 0.0209201 0.0262729 -0.0142022 -0.0192939 0.0143271 0.00631351 0.00712122 0.00298984 0.0141473 -0.00844321 -0.0148313 -0.00753594 -0.024018 -0.035529 0.0225951 -0.0320308 -0.0183304 -0.0573505 0.00779211 -0.00872973
internal_weight=8391.34 227.722 58.0596 29.7105 28.3491 16.5375 8.65636 11.8116 25.3279 169.662 36.6083 31.0251 22.5367 20.4139 18.1446 133.054 130.88 9.49002 7.73455 4.63794 19.118 21.1761 9.86059 8.18471 3.06376 9.0691 6.66039 2.67085 3.98954 6.49686
internal_count=210720 3935 1013 542 471 245 150 226 490 2922 514 430 412 389 289 2408 2337 165 128 102 354 453 279 251 57 171 115 62 53 117
is_linear=0
shrinkage=0.05


Tree=169
num_leaves=31
num_cat=0
split_feature=8 37 37 15 38 7 25 15 35 13 38 0 7 13 13 17 15 16 35 33 26 36 7 28 29 9 36 42 11 14
split_gain=5.22202 1.74923 3.43306 3.18398 3.41166 2.46857 2.25308 2.76699 2.04581 3.74385 2.7753 2.6428 2.15011 2.12846 2.12805 2.10864 1.94409 5.60123 1.88471 1.8084 1.71447 1.70208 1.92703 1.71577 2.21349 4.07342 2.5488 2.0925 3.09317 2.53204
threshold=144.50000000000003 0.50633012820512835 0.50260135135135142 3.9893230028071147 0.014999999999999953 62.500000000000007 1.5153135773545137 7.2052733996999594 814.86250000000007 -0.5241543168361027 0.022187499999999954 118.50000000000001 58.500000000000007 -0.2689370564691454 -0.88488061995964407 24.500000000000004 5.6678880245075431 20.500000000000004 832.48750000000007 1.3850289768693982 0.39500000000000007 4.0151515151515165 59.500000000000007 0.0021630206273325005 0.25244047619047622 689.50000000000011 4.5675000000000008 0.35539992428270123 3.7737942220590042 7.808070542175737
decision_type=2 2 2 2 2 2 2 2 2 2 2 2 2 2 2 2 2 2 2 2 2 2 2 2 2 2 2 2 2 2
left_child=-1 2 21 -4 5 -5 -6 -8 14 10 15 18 -13 -11 -3 -10 -15 -18 -12 -19 -7 22 -2 24 25 26 -23 -26 -29 -30
right_child=1 8 3 4 6 20 7 -9 9 13 11 12 -14 16 -16 -17 17 19 -20 -21 -22 23 -24 -25 27 -27 -28 28 29 -31
leaf_value=-0.00020782705006196288 0.029026409745600962 -0.038905404714230193 0.035951231545364469 -0.066207440226546815 -0.07998359415802217 0.023675781856987668 0.027551370494742013 -0.04826046427937164 -0.062205154964027481 0.040075677389211542 0.029137682076151833 -0.089102046228099807 -0.0055606347026252593 0.021095847327193211 0.019709964932591459 0.020816739893975141 -0.075791735881777178 0.038938048400845832 -0.036420213654864836 -0.022421537493973704 -0.039301895262875114 0.020596400535654015 -0.074911307498038898 0.020367240060107053 0.037184330752319465 -0.10264003686088269 -0.0088735047753137307 -0.02053671592809337 -0.023960478066096576 0.021084276691365447
leaf_weight=8164.1013042510021 0.68251637881621618 1.5900613330304612 2.6336180381476906 5.1965584671124834 0.7587127685546865 1.7142300354316828 5.4289844734594226 1.5464082448743282 4.0410803183913222 6.5583055792376426 5.6140992299187911 1.2683527171611788 1.9609445556998251 10.09618951007724 59.176117041613907 0.94335540663450945 2.3878914359956971 3.3158457679674029 1.3623541090637443 1.882529550231993 2.9240299258381128 9.8992437617853266 1.2865691985934971 22.209721454884857 7.1834876714274278 1.0168768130242813 28.346384314354509 7.6646305480971924 3.5777361588552621 24.372153459116817
leaf_count=206785 15 36 41 142 22 25 94 32 101 85 82 34 36 202 848 16 66 44 35 38 71 181 45 348 87 28 573 173 83 352
internal_value=-9.4345e-13 0.00748645 0.00357617 -0.015317 -0.0230022 -0.0425412 0.00184391 0.0107443 0.012421 0.00355169 -0.015911 -0.000975167 -0.0383727 0.0157477 0.0181762 -0.0464924 0.00672466 -0.0124012 0.0163356 0.0167174 -0.0160263 0.00716891 -0.0388848 0.00803861 0.00470185 -0.00387177 -0.00124571 0.0125672 0.00760192 0.0153183
internal_weight=8390.74 226.639 126.442 20.2025 17.5689 9.83482 7.73411 6.97539 100.197 39.4309 15.1902 10.2058 3.2293 24.2408 60.7662 4.98444 17.6825 7.58627 6.97645 5.19838 4.63826 106.239 1.96909 104.27 82.0605 39.2625 38.2456 42.798 35.6145 27.9499
internal_count=210720 3935 2312 427 386 238 148 126 1623 739 304 187 70 435 884 117 350 148 117 82 96 1885 60 1825 1477 782 754 695 608 435
is_linear=0
shrinkage=0.05


Tree=170
num_leaves=31
num_cat=0
split_feature=8 14 33 32 38 31 11 33 7 11 31 32 33 15 15 13 5 8 43 31 36 47 48 28 37 29 32 28 20 5
split_gain=5.89138 1.81686 2.43911 2.07578 1.99995 2.76184 1.84248 1.74735 1.8557 1.95512 2.70935 2.37649 1.93298 2.80071 3.69368 3.64155 3.1739 1.85235 2.08889 1.75535 1.77105 1.69656 3.1586 3.09289 3.31366 3.62492 2.77404 2.8181 3.04085 2.73514
threshold=144.50000000000003 11.533751256089568 1.3861505994246055 0.24937500000000004 0.0049999999999998509 0.25062500000000004 3.9685424638254827 1.3860780695787589 70.500000000000014 3.9250212947189103 0.27676136363636367 0.22459677419354837 1.3844310302645388 5.7658535451126474 6.0178899385403781 -0.82077001199798805 14.500000000000002 146.50000000000003 0.40722747220008287 0.22687165775401066 4.77459677419355 0.79313394594343789 0.24930518804483789 -0.00041778838290879998 0.49275210084033622 0.24493589743589742 0.23733974358974355 -0.00081332948749384987 1.5000000000000002 11.500000000000002
decision_type=2 2 2 2 2 2 2 2 2 2 2 2 2 2 2 2 2 2 2 2 2 2 2 2 2 2 2 2 2 2
left_child=-1 2 7 -4 -5 -6 -3 8 9 10 11 -2 -11 -14 -15 16 -16 18 -13 20 -19 23 -23 26 25 -25 -21 28 29 -28
right_child=1 6 3 4 5 -7 -8 -9 -10 12 -12 17 13 14 15 -17 -18 19 -20 21 -22 22 -24 24 -26 -27 27 -29 -30 -31
leaf_value=-0.00022150466242870805 0.056276994823039807 0.00037464340554398676 -0.073162632496215838 0.033952625362899135 -0.094443759109940351 0.021729558801339702 -0.049893883593195069 0.03292869510551729 0.040813046538342342 0.036458099730847147 -0.033602441373502774 0.018574452474287285 0.030288330242503589 -0.077816430744106338 0.007927903658719971 0.024613301097111736 -0.10708832812983374 -0.061220842434387995 -0.011416385096180365 0.057596054992667747 -0.0032542508535735072 0.065205867287157646 0.0077001344900539384 0.057964303867022837 -0.030502566647923182 -0.019199264831245243 0.044446359283981308 0.04763099777930957 0.028442568236456724 -0.034975309063887398
leaf_weight=8162.0253825557884 2.4635321144014588 34.838440589141101 1.5038490714505304 1.8340652855113151 1.0517298551276328 0.99615599401295174 1.9234873694367696 8.5430850479751808 4.6893317624926558 11.552361810579898 4.1071621766313902 42.338915841188282 9.6440588762052375 1.5673658810555924 1.2489810576662432 6.5775729129090879 1.1540215648710725 2.087731866631656 6.7287311358377329 2.7639920832589295 3.572576470207423 2.5460886973887673 38.427737601101398 2.6330778365954783 13.888925594743339 3.6068732514977455 1.2677316255867461 2.9242928838357303 4.164086122997106 7.4810196626931429
leaf_count=206785 21 529 37 27 26 16 45 116 56 143 98 762 146 35 20 94 26 67 135 26 78 25 716 27 303 75 21 43 61 161
internal_value=-2.65822e-11 0.00792509 0.00988083 -0.0232904 -0.00397016 -0.0379334 -0.00225555 0.0108414 0.00977799 0.00893552 0.00641163 0.00761214 0.0201462 0.0108137 -0.00699203 0.00536885 -0.0473077 0.00672033 0.0144618 0.00227053 -0.0246345 0.00418123 0.0112735 -0.00332193 -0.0169047 0.0133615 0.0113764 0.0033099 -0.00672723 -0.0234668
internal_weight=8390.15 228.127 191.365 5.3858 3.88195 2.04789 36.7619 185.979 177.436 172.747 141.002 136.895 31.7444 20.192 10.5479 8.98058 2.403 134.432 49.0676 85.3641 5.66031 79.7038 40.9738 38.73 20.1289 6.23995 18.6011 15.8371 12.9128 8.74875
internal_count=210720 3935 3361 106 69 42 574 3255 3139 3083 2619 2521 464 321 175 140 46 2500 897 1603 145 1458 741 717 405 102 312 286 243 182
is_linear=0
shrinkage=0.05


Tree=171
num_leaves=31
num_cat=0
split_feature=8 14 11 37 13 26 28 36 30 36 31 5 30 42 35 47 17 11 15 28 31 15 16 34 20 50 28 36 42 15
split_gain=6.55093 1.84266 1.84838 1.83468 2.11837 3.20517 2.44233 1.99474 2.06274 2.66077 1.79537 2.26694 2.25527 3.04018 2.64079 2.3912 2.56923 2.29367 2.28015 3.92162 2.15938 2.14081 2.22099 2.11451 2.00504 2.002 1.87843 1.95851 2.96453 3.18413
threshold=144.50000000000003 11.533751256089568 3.9294260770001435 0.49354166666666671 0.2729323463442464 0.39500000000000007 0.0015024533257923002 4.9739864864864876 0.24871710526315788 4.8336405529953925 0.22687165775401066 17.500000000000004 0.24871710526315788 0.38618535755028033 795.43750000000011 1.7367284647306771 17.500000000000004 3.6639427731962213 4.9688548025005046 -0.0011401210721905498 0.2246621621621622 6.7692499298684821 17.500000000000004 74.412500000000009 -8.4999999999999982 1.0000000180025095e-35 -0.0018109096600750498 4.6493243243243247 0.34326515785560557 4.2556376832323446
decision_type=2 2 2 2 2 2 2 2 2 2 2 2 2 2 2 2 2 2 2 2 2 2 2 2 2 2 2 2 2 2
left_child=-1 2 10 -4 5 6 -5 8 -7 -10 11 20 13 17 -15 16 18 21 -14 -20 -2 22 24 -16 -12 -24 -26 -28 -29 -30
right_child=1 -3 3 4 -6 7 -8 -9 9 -11 12 -13 15 14 23 -17 -18 -19 19 -21 -22 -23 25 -25 26 -27 27 28 29 -31
leaf_value=-0.0002339503161822307 0.0099371759126073919 -0.0019674086638106574 0.053036818295664305 -0.062937407107062679 0.042577550575110777 0.048777765214407742 0.0067008687710263942 -0.039814488321195204 0.022805083837882507 -0.046589115956600251 -0.048612477537021588 -0.078348483369896083 0.019935124895592425 0.025791044720328261 -0.02324214117625989 -0.04586482769704843 0.019928085053984853 0.033225945981940758 -0.076023154966294526 -0.00032163536494587307 -0.044896179663525722 0.029048525782370507 -0.041240701742783284 0.048393983964911874 0.042698907607823092 0.0095690108294292208 0.037900828958819383 0.038903358551161046 0.023130117972457811 -0.074982059589956906
leaf_weight=8161.3451897057239 7.2031655590981227 36.432118827011436 3.9791627600789061 2.3365062666125658 6.1890437253750852 5.7216084646061089 2.7303775614127517 1.2882794640026975 8.0998782091774029 1.6653480380773533 1.3459045188501466 1.138676082715391 6.9933320200070765 3.8857376500964191 18.6941535579972 1.604617011733352 70.262040342204273 8.8617349355481547 2.2116608498618016 7.5541766127571437 2.3916152319870889 6.6070154532790175 5.5210725283250195 1.0901861004531372 4.2044833153486243 2.9878876740112901 2.4911595378071132 1.694548901170492 1.2632677145302298 2.3943475801497698
leaf_count=206785 148 574 42 52 73 57 45 29 115 34 31 31 85 43 477 42 1150 152 52 131 70 92 171 15 39 73 29 13 12 58
internal_value=-1.21241e-11 0.00834349 0.0102958 0.0212659 0.0167558 0.00943909 -0.0254116 0.0199657 0.0249385 0.0109707 0.00810657 -0.0116466 0.00952319 0.00212759 -0.0118933 0.0146169 0.0157322 0.0110081 -0.00185893 -0.0174657 -0.0037307 0.00410206 -0.00342313 -0.0192947 0.0092675 -0.0233991 0.0157335 0.00127842 -0.0157674 -0.0410961
internal_weight=8390.19 228.843 192.411 32.0102 28.031 21.842 5.06688 16.7751 15.4868 9.76523 160.401 10.7335 149.667 61.0415 23.6701 88.6258 87.0212 37.3714 16.7592 9.76584 9.59478 28.5097 21.9027 19.7843 13.3937 8.50896 12.0478 7.84332 5.35216 3.65762
internal_count=210720 3935 3361 447 405 332 97 235 206 149 2914 249 2665 1205 535 1460 1418 670 268 183 218 518 426 492 182 244 151 112 83 70
is_linear=0
shrinkage=0.05


Tree=172
num_leaves=31
num_cat=0
split_feature=8 14 48 5 36 28 26 33 6 14 7 33 47 11 33 15 33 13 42 16 14 30 42 16 48 28 48 25 31 47
split_gain=7.01074 1.8004 1.7221 1.7732 1.94949 2.30808 2.08762 1.98098 1.90009 1.83377 3.50932 1.71569 2.42319 2.09394 1.65923 1.84205 3.24759 2.49274 1.81307 1.65006 2.09191 1.9817 1.98188 1.86036 3.32663 4.26469 3.7811 3.49483 3.1473 2.67833
threshold=144.50000000000003 11.533751256089568 0.50291718689206366 19.500000000000004 4.6493243243243247 0.0030067566565561005 0.44500000000000006 1.3857097929976858 30.500000000000004 11.83220376470171 64.500000000000014 1.3821502876485467 0.40040868952931374 3.9250212947189103 1.3844310302645388 5.7658535451126474 1.3847900507499191 -0.82077001199798805 0.39987396157488342 14.500000000000002 11.41176006352987 0.27935606060606061 0.40332871771390594 23.500000000000004 0.12554810587073187 0.0045036580190666508 0.50153405560733255 6.4292041713691779 0.22423112767940354 0.30788323633148756
decision_type=2 2 2 2 2 2 2 2 2 2 2 2 2 2 2 2 2 2 2 2 2 2 2 2 2 2 2 2 2 2
left_child=19 11 3 4 9 7 -7 8 -6 -3 -11 12 -2 -13 -15 -16 -17 -18 -19 21 -21 22 -1 28 25 29 -26 -28 -22 -25
right_child=1 2 -4 -5 5 6 -8 -9 -10 10 -12 13 -14 14 15 16 17 18 -20 20 23 -23 -24 24 26 -27 27 -29 -30 -31
leaf_value=0.0020478255851581872 0.02711452814168382 0.033297671782302196 0.041494177185215579 0.0070242061067975472 0.0011599530436967539 -0.038707366137484794 0.034365544655836792 0.0094297356545605341 -0.076169654974626369 0.013775411956482082 -0.092505756142500437 0.0085998574601328891 -0.072392811469989757 0.038553204862472837 0.02799069152075059 -0.068377561703349549 -0.036107525100951131 0.036278816110718003 -0.026565450339846121 -0.00062232814737434462 -0.030995567380538783 0.049067978607562179 0.038784937971678382 0.012603540901303764 0.014961324081486907 -0.090442604031843801 0.013827012407100957 -0.057893120705627812 0.0015951894837087522 -0.016399375403411742
leaf_weight=497.13577619893476 1.055641740560531 3.1129526440054205 2.1773722060024729 17.077748182229698 0.98028703965246489 1.8127230098471048 2.1210998371243477 1.2158139427192507 4.1884223502129316 2.5217805868014698 1.1223825700581072 157.32168584596366 1.4551762687042353 10.703837319277225 12.55788053898141 1.4996183877810825 2.2001917674206171 6.0823576957918712 1.41460629645735 7243.6279040679801 7.6173261920921496 2.2772260336205354 3.6985082095488897 15.739224622026088 94.51432037120685 1.4261566177010525 3.2531189378350964 3.5545014152303338 269.30983297526836 16.10556645411998
leaf_count=6571 15 35 20 252 11 31 20 23 115 42 25 2833 34 128 163 36 49 72 31 194326 143 20 43 173 1243 26 50 75 3857 258
internal_value=-2.77824e-11 0.00859703 -0.0016193 -0.00436792 -0.0157616 -0.0294332 0.000693223 -0.0479956 -0.0615035 0.00511547 -0.0189586 0.0105074 -0.0305562 0.011045 0.0222084 0.0148435 9.80063e-05 0.0106874 0.0244207 -0.000243025 -0.000425321 0.00253072 0.00231912 0.00304243 0.00786462 -0.00585305 0.0123691 -0.0236206 0.000698728 -0.00206474
internal_weight=8388.88 230.622 36.3306 34.1532 17.0755 10.3183 3.93382 6.38452 5.16871 6.75712 3.64416 194.291 2.51082 191.78 34.4585 23.7547 11.1968 9.69716 7.49696 8158.26 7655.15 503.112 500.834 411.52 134.593 33.2709 101.322 6.80762 276.927 31.8448
internal_count=210720 3935 574 554 302 200 51 149 126 102 67 3361 49 3312 479 351 188 152 103 206785 200151 6634 6614 5825 1825 457 1368 125 4000 431
is_linear=0
shrinkage=0.05


Tree=173
num_leaves=31
num_cat=0
split_feature=8 11 4 32 37 40 47 32 33 25 38 30 13 35 15 36 15 38 14 31 47 0 33 33 14 38 36 31 5 33
split_gain=6.13062 1.60015 2.84522 1.84332 4.38382 1.75243 1.81097 1.62984 2.15282 2.70657 1.59554 2.41069 1.5697 1.56752 1.84156 1.96639 1.54418 2.59867 1.89313 2.01156 2.81713 2.76801 2.05156 1.87064 3.87308 2.91221 1.85537 1.88456 3.1184 2.06568
threshold=144.50000000000003 3.9491056055827283 8.5000000000000018 0.26688596491228073 0.52341346153846169 1.5000000000000002 0.39225602901863005 0.22312500000000005 1.3826768650721271 8.3383567654776058 0.026249999999999954 0.25980769230769235 -1.0190592962650822 831.03750000000002 7.3701457127802295 4.6978260869565229 5.6846069122005476 -0.012771739130434749 8.7311977691498353 0.25238636363636363 0.62099057840737915 181.50000000000003 1.3855470306723852 1.3859496110425868 8.2375439441875997 -0.0025320512820512496 5.0983870967741938 0.24654761904761904 12.500000000000002 1.3857256100834159
decision_type=2 2 2 2 2 2 2 2 2 2 2 2 2 2 2 2 2 2 2 2 2 2 2 2 2 2 2 2 2 2
left_child=12 3 -3 7 5 -5 -7 -2 9 10 11 -9 16 -10 15 -15 23 -18 -19 20 21 22 -20 26 25 -25 27 28 29 -1
right_child=1 2 -4 4 -6 6 -8 8 13 -11 -12 -13 -14 14 -16 -17 17 18 19 -21 -22 -23 -24 24 -26 -27 -28 -29 -30 -31
leaf_value=0.0076579675433132146 0.034406089534242297 0.023507712724193906 -0.048803843491390331 -0.0056285117039650383 0.0422289023867774 0.0028187036063938931 -0.057967414515995908 0.04415982921639016 0.0069631382520563105 -0.087826854536560667 -0.056657211160909784 -0.032672015230892366 -0.0002925362135891863 0.050714102525193233 -0.018231756772310013 -0.00039791054604168736 -0.060325852278020842 -0.043291118111029432 -0.10023800759941935 0.028623218210946846 0.012770500271566712 0.027972313837719864 -0.024653923705815581 -0.0059985334504459448 0.042381777612638359 -0.097578493419357148 -0.017035022532974339 0.029929907724384905 -0.035350170893958303 0.057321872445355339
leaf_weight=9.3688867064192873 5.6482149101793757 25.041360557079319 1.4384581381455053 7.7228523539379257 3.3485302748158565 1.685704357922077 4.4862705445848405 2.2423452679067841 165.32628282136284 1.2313783792778847 1.1852587321773169 1.8742997110821304 8080.8884311153088 6.4493988365866226 1.907185083720832 2.6569933518767357 1.8235836755484367 2.1127804499119547 1.563646544702354 6.7944527817890039 8.4815030489116889 1.3035118822008369 2.1081687593832612 1.9968087887391446 1.9222889067605136 1.5357139836996787 3.7373877372592679 20.483155271038413 3.4171937396749845 2.6963009592145672
leaf_count=99 55 351 37 194 45 31 162 22 2787 31 36 37 205953 72 33 42 51 31 29 63 93 14 36 29 25 38 43 216 48 17
internal_value=-3.71558e-11 0.00801029 0.0195795 0.00652144 -0.00912638 -0.0215025 -0.0413654 0.00795269 0.00713565 -0.0210487 -0.00553933 0.00917845 -0.000228257 0.00817987 0.0264444 0.035801 0.00726229 -0.00293253 0.00174737 0.00644616 -0.00475121 -0.0346207 -0.0568415 0.0127229 -0.0147321 -0.0458116 0.0164949 0.0199792 0.00681454 0.0187567
internal_weight=8382.48 232.245 26.4798 205.765 17.2434 13.8948 6.17197 188.521 182.873 6.53328 5.3019 4.11664 8150.23 176.34 11.0136 9.10639 69.3454 24.1876 22.3641 20.2513 13.4568 4.97533 3.67182 45.1577 5.45481 3.53252 39.7029 35.9655 15.4824 12.0652
internal_count=210720 3935 388 3547 432 387 193 3115 3060 126 95 59 206785 2934 147 114 832 317 266 235 172 79 65 515 92 67 423 380 164 116
is_linear=0
shrinkage=0.05


Tree=174
num_leaves=31
num_cat=0
split_feature=8 13 11 11 16 5 38 38 29 29 43 36 48 47 28 26 47 16 28 6 28 28 13 0 47 47 48 13 42 7
split_gain=4.8537 1.78449 1.52188 2.62483 5.19544 2.6203 2.64723 2.34519 2.98339 3.60057 2.647 1.80298 1.64799 2.15907 2.08954 2.11511 1.59831 1.55096 5.17999 1.47417 1.68883 1.94261 3.181 2.00632 1.73733 3.22216 2.74789 3.09953 3.02203 2.56606
threshold=144.50000000000003 -1.0190592962650822 4.4855042016806737 4.6693979933110379 23.500000000000004 13.500000000000002 -0.0034523809523809 0.0076973684210526003 0.23915981198589897 0.2462019230769231 0.39117645058628314 4.7543103448275872 0.12450802398904921 0.6982714695884723 0.00097616090868805005 0.42500000000000004 0.92515918404679642 18.500000000000004 -0.0015176937728876496 32.500000000000007 -0.0014620773834265997 -0.0013612256118359998 -0.1872486309426655 75.500000000000014 0.92515918404679642 0.80229115867544409 0.37465422948816213 0.17993898305921038 0.37542527385820795 60.500000000000007
decision_type=2 2 2 2 2 2 2 2 2 2 2 2 2 2 2 2 2 2 2 2 2 2 2 2 2 2 2 2 2 2
left_child=1 2 5 4 -4 17 16 11 10 -10 -9 -8 -5 14 15 -14 -7 18 -1 -3 24 22 23 -22 25 -21 27 29 -29 -26
right_child=-2 19 3 12 -6 6 7 8 9 -11 -12 -13 13 -15 -16 -17 -18 -19 -20 20 21 -23 -24 -25 26 -27 -28 28 -30 -31
leaf_value=0.044374197910011154 0.0070930671761797355 -0.00045602175045726575 -0.10426048762417379 0.036690427280390757 0.010022556620091039 -0.073606790314321144 0.057263717303431952 0.037589917862370981 -0.077872843657165125 0.010138123811985282 -0.033554542269291714 0.0043544805014358338 -0.01168806348091604 0.022707406125477031 0.0072267809606671 -0.10760754000483826 -0.010955958538099969 0.024869834163840487 -0.076118783581986579 0.0039475724279533246 -0.017701386621854855 0.00083439189893423453 0.020706060262800655 -0.091365604112685406 0.045099565651736423 -0.046750993247221075 0.0053560006583558391 -0.068625079961726829 0.030696625991121343 0.0034055051025789159
leaf_weight=1.9776802174746992 234.43483133381233 7520.4866457921453 1.7886172169819463 3.1968606393784267 2.2398790447041392 1.7634242153726543 3.222850356251004 4.2413501245900971 2.5244428031146526 2.1533334068953991 1.8900155862793324 3.2177946660667658 1.0917669506743553 3.6246705707162619 2.0473160305991769 1.2135695517063139 2.4082351829856634 28.206997012719512 1.6247379668056989 99.787875896552578 1.7688895184546711 382.54600728978403 2.110994165763258 1.9359641401097176 14.359975561499601 3.2355919852852812 42.75405356194824 1.5561084616929286 1.5080926939845083 4.9665938327088943
leaf_count=13 3935 197106 43 35 22 55 26 38 43 24 28 39 14 38 25 26 32 302 29 1526 27 6310 35 43 144 72 577 28 16 69
internal_value=-6.36653e-11 -0.000204146 0.00783593 -0.00611643 -0.0407181 0.0118207 -0.00169744 0.00694634 -0.0072847 -0.0373585 0.0156594 0.0308299 0.00635811 -0.00579737 -0.0295347 -0.0621818 -0.0374394 0.0209243 -0.00996972 -0.000272267 0.00221085 0.000398369 -0.0282817 -0.0561945 0.00639652 0.00235532 0.0127875 0.0269775 -0.0197424 0.0343849
internal_weight=8379.89 8145.45 68.4335 15.2027 4.0285 53.2309 21.4214 17.2498 10.8091 4.67778 6.13137 6.44065 11.1742 7.97732 4.35265 2.30534 4.17166 31.8094 3.60242 8077.02 556.53 388.362 5.81585 3.70485 168.168 103.023 65.1448 22.3908 3.0642 19.3266
internal_count=210720 206785 832 203 65 629 285 198 133 67 66 65 138 103 65 40 87 344 42 205953 8847 6415 105 70 2432 1598 834 257 44 213
is_linear=0
shrinkage=0.05


Tree=175
num_leaves=31
num_cat=0
split_feature=8 13 47 43 21 47 6 28 20 43 14 43 28 47 29 47 21 28 33 5 0 37 32 15 9 34 7 34 28 36
split_gain=3.65944 1.59619 1.46295 1.75912 1.64977 1.58544 1.40257 1.74689 2.54873 3.37181 3.49367 2.84399 2.48627 2.79871 2.87609 2.28708 2.44679 3.67765 3.55495 3.21628 2.32888 2.28286 2.8808 2.41171 2.24992 2.38479 2.14481 3.1695 3.09835 2.86747
threshold=144.50000000000003 -1.0190592962650822 1.3287244012543138 0.40704651649085971 1.0000000180025095e-35 0.30969944760066154 32.500000000000007 -0.00028276311991984993 -6.4999999999999991 0.39563151906158983 12.262171321413588 0.39876388644032795 0.00066019551839100008 1.5989026487012608 0.25872282608695657 1.5849088131590012 1.0000000180025095e-35 -0.00017130472021614998 1.3845036501333521 13.500000000000002 193.50000000000003 0.4922177419354839 0.26830357142857147 7.1573845775263241 595.50000000000011 72.662500000000009 55.500000000000007 73.053571428571445 -0.0029456845282114998 4.3480769230769232
decision_type=2 2 2 2 2 2 2 2 2 2 2 2 2 2 2 2 2 2 2 2 2 2 2 2 2 2 2 2 2 2
left_child=1 2 3 4 -1 -6 -3 26 9 -9 11 -11 13 15 -15 16 19 -18 -19 -10 21 -21 -23 -24 25 -13 27 29 -29 -8
right_child=-2 6 -4 -5 5 -7 7 8 12 10 -12 24 -14 14 -16 -17 17 18 -20 20 -22 22 23 -25 -26 -27 -28 28 -30 -31
leaf_value=0.0057148964930219901 0.0061263043629193117 -0.00042139011314408265 -0.029212006071461367 -0.037538943741644112 -0.014778996193935259 0.030758992310900925 0.054989420086028085 0.018972115219802681 -0.060763902301757759 -0.088311888136583666 -0.10396144655056619 -0.067577675933913145 0.0036660816951872358 -0.0907367741398869 0.01627115196148244 0.036057230563306876 0.032639809324127224 0.0096981013367482376 -0.053199655199501698 -0.015630529770749076 -0.048071655314844378 0.013725815887833066 -0.0010196242584609733 -0.10450642944136956 -0.052090031471860858 0.0038127463820907641 0.0022997299157349752 0.00051252557686954834 0.026931191512863953 -0.0096749850842230006
leaf_weight=46.182343925349414 236.86372768715955 7514.8421702666674 2.6036665327846995 1.966324746608733 2.222047457471489 13.670272606424986 1.8814787976443792 5.1952068754471865 2.2307199807837597 1.4101987155154407 1.3560579828917969 1.3160813087597478 208.03200364718214 1.918803735636174 0.9333770079538225 3.2067009946331373 2.2641018042340866 3.0281763374805442 8.7026220988482219 11.976201952900736 2.3339245906099668 31.523530415259302 1.3546659694984549 0.96333491709083308 3.0806956514716139 10.524120624177156 181.97311209631152 15.887701977975665 36.813800845760852 19.304127263370901
leaf_count=597 3935 197106 42 26 44 123 16 86 54 38 36 36 3303 47 13 41 36 53 190 239 51 465 33 21 72 195 2809 235 478 300
internal_value=-2.71483e-11 -0.000178296 0.00752798 0.00902169 0.0104966 0.0243919 -0.000241921 0.0021785 -0.000401142 -0.0164422 -0.0268444 -0.0204409 0.000916988 -0.00720241 -0.0557184 -0.00515494 -0.00720776 -0.0257029 -0.0369633 -0.00207031 0.000648788 0.00313058 0.00976995 -0.0440276 -0.0140263 -0.00412256 0.00521678 0.012401 0.0189669 -0.00393218
internal_weight=8375.56 8138.7 66.6447 64.041 62.0747 15.8923 8072.05 557.211 301.351 22.8824 17.6872 16.3311 278.468 70.4362 2.85218 67.584 64.3773 13.9949 11.7308 50.3824 48.1517 45.8177 33.8415 2.318 14.9209 11.8402 255.86 73.8871 52.7015 21.1856
internal_count=210720 206785 832 790 764 167 205953 8847 5009 463 377 341 4546 1243 60 1183 1142 279 243 863 809 758 519 54 303 231 3838 1029 713 316
is_linear=0
shrinkage=0.05


Tree=176
num_leaves=31
num_cat=0
split_feature=8 6 13 32 32 47 12 43 36 37 26 30 33 0 6 30 33 0 34 34 36 31 13 20 20 8 14 35 38 12
split_gain=2.81883 1.6557 1.89603 1.68515 5.12325 5.18336 3.61871 1.92436 1.92369 1.88248 1.84534 3.07752 3.68592 3.3985 2.55061 3.24572 3.39513 3.08675 2.6413 2.50984 2.91053 3.08008 2.52488 2.36308 4.75584 2.95926 3.52185 3.46253 3.79104 2.35215
threshold=144.50000000000003 32.500000000000007 -1.0190592962650822 0.26737068965517247 0.26549603174603181 0.93193317988806212 21.500000000000004 0.40090063856865493 4.823214285714287 0.47440476190476194 0.42500000000000004 0.23969696969696966 1.3855656017368763 24.500000000000004 34.500000000000007 0.27225000000000005 1.3858440640933847 30.500000000000004 73.426785714285728 72.085119047619074 4.4875000000000007 0.25062500000000004 -0.8789090401045293 4.5000000000000009 1.5000000000000002 134.50000000000003 10.522026644817524 816.68750000000011 -0.045416666666666598 26.500000000000004
decision_type=2 2 2 2 2 2 2 2 2 2 2 2 2 2 2 2 2 2 2 2 2 2 2 2 2 2 2 2 2 2
left_child=1 2 -1 4 10 6 8 -7 -6 -5 11 12 -3 -13 17 16 29 18 -12 -18 -21 22 -22 24 -19 -26 27 28 -27 -16
right_child=-2 3 -4 9 5 7 -8 -9 -10 -11 14 13 -14 -15 15 -17 19 23 -20 20 21 -23 -24 -25 25 26 -28 -29 -30 -31
leaf_value=0.0082207977371989184 0.0053459799658040113 -0.0054072343970336875 -0.0004243241758495044 -0.041308726491196393 -0.066563713415225892 0.050854217425351525 -0.093082632053896441 -0.021292566934890931 0.014232469280863727 0.010917597893440588 -0.067380419496717359 0.044968897665806092 -0.078321403526187175 0.0064220486414994782 -0.00069166783676993413 -0.075974187534623608 0.036609521989909986 0.0063779920243383307 -0.0072900951895883987 0.0049886961760386601 0.03713803179712976 -0.093747619641499497 -0.047805855979624653 0.014891629645946342 -0.0077365573865715957 0.037998212111582517 -0.10408712341153044 0.021432174071824576 -0.093658938170549821 -0.059649804141722863
leaf_weight=63.962763938121498 239.52385683311149 25.05509204976261 7509.8928959399927 1.769088284112512 1.257488203234969 1.8186344038695099 3.6554556610062718 1.8793787984177468 1.7788508180528877 69.875409665517509 2.7146448120474798 5.8907886957749716 1.8620654279366124 195.02090909681283 67.496793622151017 1.716481708921491 1.2544667422771443 90.122054120060056 5.6035845973528922 2.9217594731599084 1.1015018234029392 2.9801599737256765 4.2508869646117091 39.76436509238556 20.757081469055269 0.73088068794459093 1.8672627648338673 2.3214888786897063 2.1706658722832795 1.735163940116762
leaf_count=800 3935 409 197106 42 25 21 87 38 23 1096 70 65 44 2864 1093 41 15 1467 118 43 13 69 92 576 368 14 46 36 60 44
internal_value=-3.71127e-11 -0.000157439 -0.000351314 0.00246761 0.00141579 -0.0333189 -0.0595722 0.0141883 -0.019229 0.00962799 0.00217183 0.0054252 -0.0104513 0.00755225 -0.000798847 -0.00792966 -0.00650079 0.00278508 -0.0269005 -0.0304739 -0.0379514 -0.0530081 -0.0303247 0.00435057 0.000797459 -0.0172627 -0.0451509 -0.0240809 -0.0604954 -0.00216934
internal_weight=8372.75 8133.23 7573.86 559.372 487.728 10.3898 6.69179 3.69801 3.03634 71.6445 477.338 227.829 26.9172 200.912 249.509 83.4572 81.7407 166.052 8.31823 12.5088 11.2543 8.33255 5.35239 157.734 117.969 27.8474 7.0903 5.22304 2.90155 69.232
internal_count=210720 206785 197906 8879 7741 194 135 59 48 1138 7547 3382 453 2929 4165 1410 1369 2755 188 232 217 174 105 2567 1991 524 156 110 74 1137
is_linear=0
shrinkage=0.05


Tree=177
num_leaves=31
num_cat=0
split_feature=6 4 15 33 47 0 0 13 35 30 37 24 7 33 24 30 11 35 16 31 13 8 11 16 0 17 37 8 31 29
split_gain=2.83241 2.0603 2.58433 2.00885 2.36837 2.69451 2.06745 2.23038 2.25596 1.98712 1.94796 2.13363 2.35961 2.62617 2.78099 2.63711 2.36415 2.21514 2.1683 2.04758 2.08264 2.65426 3.04368 2.40679 2.03431 2.77539 1.9783 3.2672 1.9766 1.97467
threshold=32.500000000000007 5.5000000000000009 6.8714926573527739 1.3838194114872562 1.102488325530719 181.50000000000003 179.50000000000003 0.23113271453715148 820.68750000000011 0.24937500000000004 0.51139423076923085 6.5000000000000009 49.500000000000007 1.3859496110425868 4.5000000000000009 0.25883928571428577 3.8719278935853212 833.88750000000016 13.500000000000002 0.25062500000000004 0.35636944346883415 134.50000000000003 4.0006684491978612 21.500000000000004 182.50000000000003 18.500000000000004 0.51102430555555567 128.50000000000003 0.24405882352941177 0.24937500000000004
decision_type=2 2 2 2 2 2 2 2 2 2 2 2 2 2 2 2 2 2 2 2 2 2 2 2 2 2 2 2 2 2
left_child=-1 2 3 4 6 -6 7 -2 -9 -4 26 12 -12 15 16 17 -15 18 -14 20 21 22 -17 -23 -20 -26 -3 -28 -16 -29
right_child=1 10 9 -5 5 -7 -8 8 -10 -11 11 -13 13 14 28 19 -18 -19 24 -21 -22 23 -24 -25 25 -27 27 29 -30 -31
leaf_value=-0.00026462369758487508 0.016780351409556759 0.00051167445344757522 0.012366548443738723 0.0095499086839156023 -0.053221091332422421 0.025057872753140503 -0.048306723458840878 0.0079521961105364844 -0.071658345865041648 0.068030475343310345 0.070210216427201155 -0.040828902042229151 -0.037389005488510145 -0.0050974053007095052 0.063101611623671991 0.015543251285665092 -0.069286390680529816 -0.015932507328216765 0.020647470738181559 -0.057405308829009342 0.042145182616607983 -0.07795681100937138 -0.051345805542935052 -0.0091387289135718992 -0.05637009867621684 0.010895712810975504 -0.060706289725082907 0.014361460625786747 -0.011666083983445713 -0.034357276671149579
leaf_weight=7730.3031576510984 13.975802627857783 357.8411243238952 3.3138268208131185 121.92225636309013 4.4163496405817559 1.4636783245950935 1.8157051331363607 2.0082682454958554 1.5979381166398523 3.1061085145920515 1.5142947509884823 2.2619483154267064 1.8349674707278598 2.671872125938533 1.3859052918851378 11.082027098163971 3.0974246524274349 5.7471711914986363 64.212373568676412 1.7445692177861918 2.4645226961001745 2.1182901514694086 2.0090174553915849 3.1744367275387049 2.037717820145188 6.1968748932704329 3.5025672176852813 5.6066929833032173 2.4406431475654244 3.3065008083358407
leaf_count=200635 186 5668 38 1943 93 22 45 38 45 20 11 32 38 50 16 165 78 106 870 35 36 50 45 54 43 96 73 92 38 59
internal_value=1.54105e-12 0.00319693 0.00824466 0.0068903 -0.00593778 -0.0337356 0.00248857 0.00773424 -0.0273239 0.039298 0.00160221 0.00725632 0.00821266 0.00737605 -0.0176377 0.009715 -0.0395592 0.0139737 0.0162875 -0.00537024 -0.00101599 -0.00680216 0.00527812 -0.0366816 0.0176471 -0.00574977 -0.000169104 -0.0197902 0.0154134 -0.00371158
internal_weight=8370.17 639.871 153.62 147.2 25.2777 5.88003 19.3977 17.582 3.60621 6.41994 486.251 115.994 113.732 112.218 9.59585 102.622 5.7693 80.0291 74.2819 22.5929 20.8483 18.3838 13.091 5.29273 72.447 8.23459 370.257 12.4158 3.82655 8.91319
internal_count=210720 10085 2430 2372 429 115 314 269 83 58 7655 1763 1731 1720 182 1538 128 1153 1047 385 350 314 210 104 1009 139 5892 224 54 151
is_linear=0
shrinkage=0.05


Tree=178
num_leaves=31
num_cat=0
split_feature=6 4 37 36 7 48 25 36 8 46 48 32 7 35 11 24 47 16 31 13 15 11 17 0 34 48 37 6 36 47
split_gain=2.99261 1.85232 1.81158 1.71781 3.82797 2.96206 2.6436 2.45834 2.28955 1.83517 2.41632 2.49416 3.80246 2.72883 2.34558 2.30481 2.10304 1.94727 1.92993 1.88949 2.30272 1.75825 2.61185 2.98681 2.4716 2.72996 2.60336 2.08812 2.36886 2.5284
threshold=32.500000000000007 5.5000000000000009 0.51139423076923085 4.4718750000000007 64.500000000000014 0.10358861162007751 2.1335802238384347 4.8262931034482763 141.50000000000003 4.5000000000000009 0.50001889132255151 0.25612500000000005 63.500000000000007 813.63750000000016 3.9225400814291005 1.5000000000000002 0.39973877510096534 16.500000000000004 0.25062500000000004 0.25451575714479718 5.2673527555106832 3.9054190004894234 16.500000000000004 106.50000000000001 73.253571428571448 0.49856251482507774 0.49107954545454552 34.500000000000007 4.9739864864864876 1.1845934205756905
decision_type=2 2 2 2 2 2 2 2 2 2 2 2 2 2 2 2 2 2 2 2 2 2 2 2 2 2 2 2 2 2
left_child=-1 3 -3 4 5 -2 -7 9 -6 10 11 13 17 15 -12 -5 -15 -13 -17 -20 -21 22 23 -9 25 26 -23 28 -28 -30
right_child=1 2 -4 7 8 6 -8 21 -10 -11 14 12 -14 16 -16 18 -18 -19 19 20 -22 24 -24 -25 -26 -27 27 -29 29 -31
leaf_value=-0.00027229816599884236 -0.024355879260115194 5.829971245903121e-05 0.0072053921772245308 0.027952324073059871 0.007480819480986136 -0.0048659892228226122 0.045088890027447127 -0.084250566866944973 -0.098992962762435785 -0.060608136664332193 0.0033821726417121462 -0.026600546169288908 -0.029385574146008692 -0.09192351306051938 0.073865821794338066 -0.031718327722245393 -0.024619875660955654 0.021130622322512591 0.012482361390885885 0.002327857011276357 -0.10082481937055195 0.027487679830814401 0.025278956370827284 0.012848158470594557 0.016330827686699096 -0.076202275184475921 0.024627071618595342 -0.083415754348016069 -0.046025172842952509 0.038637735620082714
leaf_weight=7728.5387173171621 2.3630609395913842 370.23247635504231 116.58067035488784 4.1173521177843275 1.0394783914089196 3.2855992494151023 13.655499884858726 1.1998381763696664 0.98176534101366986 1.2747021382674564 2.7117706341668955 2.3787370603531661 5.6635713786818078 1.6746253203600634 2.0901340004056692 8.0728230029344576 3.7818449679762125 21.00779558159411 7.9311175579205138 1.3348943102173509 0.90974427573382843 4.6043557031080118 30.427437676116824 2.3299597473815084 20.135513258166611 1.4200848825275887 3.1658949693664891 1.0870608957484353 4.5107011795043945 1.0961652379482982
leaf_count=200635 27 5892 1763 75 21 74 132 30 30 30 38 35 145 39 15 153 80 330 111 26 26 67 394 35 300 27 47 29 96 18
internal_value=-4.05178e-11 0.00328277 0.00176987 0.00805744 0.0212309 0.0280856 0.0354005 0.00594402 -0.044236 -0.00122516 2.1852e-06 -0.00287356 0.00737363 -0.0135729 0.0340617 -0.00583858 -0.0452758 0.0162757 -0.0134627 0.00102024 -0.0394796 0.0123932 0.0205559 -0.0201573 0.00469784 -0.0100486 -0.00355365 -0.0180494 -0.00994963 -0.0294732
internal_weight=8369.6 641.065 486.813 154.252 21.3254 19.3042 16.9411 132.926 2.02124 62.9491 61.6744 56.8725 29.0501 27.8224 4.8019 22.3659 5.45647 23.3865 18.2486 10.1758 2.24464 69.977 33.9572 3.5298 36.0198 15.8843 14.4642 9.85982 8.77276 5.60687
internal_count=210720 10085 7655 2430 284 233 206 2146 51 1103 1073 1020 510 510 53 391 119 365 316 163 52 1043 459 65 584 284 257 190 161 114
is_linear=0
shrinkage=0.05


Tree=179
num_leaves=31
num_cat=0
split_feature=6 4 29 13 24 33 5 34 33 31 28 36 37 47 11 16 32 31 7 14 15 13 17 20 26 25 8 38 38 31
split_gain=2.9581 2.33174 1.7633 3.60613 4.54299 2.20158 3.1091 3.40815 2.31912 2.75672 3.05004 2.38025 2.17433 1.92079 2.31042 1.81843 1.76659 2.30613 2.06611 2.62029 2.72544 2.58693 2.2451 2.31983 1.97127 2.73841 1.80568 2.36443 5.97734 2.16717
threshold=32.500000000000007 5.5000000000000009 0.23706690561529267 0.13803735878710538 2.5000000000000004 1.3838457608722994 17.500000000000004 74.062500000000014 1.3836345711086173 0.22196428571428573 0.0040375859503691009 4.873397435897437 0.5006250000000001 0.62352825461771499 3.8458283814817134 14.500000000000002 0.26145833333333335 0.25612500000000005 57.500000000000007 7.9128274238820362 4.604383352455824 -0.54087130159625618 28.500000000000004 -3.4999999999999996 0.52500000000000013 1.5509598275809418 133.50000000000003 -0.034999999999999941 -0.046964285714285646 0.23083982202447162
decision_type=2 2 2 2 2 2 2 2 2 2 2 2 2 2 2 2 2 2 2 2 2 2 2 2 2 2 2 2 2 2
left_child=-1 2 3 -2 13 6 7 8 9 -4 -11 -10 -8 14 -5 -7 24 18 21 -20 -21 -18 23 -22 26 -26 29 28 -28 -17
right_child=1 -3 5 4 -6 15 12 -9 11 10 -12 -13 -14 -15 -16 16 17 -19 19 20 22 -23 -24 -25 25 -27 27 -29 -30 -31
leaf_value=-0.0002708630936324181 0.031145969870330206 0.0015690138813469158 -0.070064273810477071 -0.091559873017960092 -0.079486209310099226 0.03838339077720164 -0.019817611228992938 0.059706181551814688 -0.10420419273936879 0.024684470622561433 -0.052176742301626111 -0.0064640262770003041 -0.10413532697236404 0.03286896000918843 0.013758211327162482 0.046288658671617092 -0.029927909435852447 -0.076492989778046097 0.057458656440915371 -0.097289009278692204 -0.10154810338604435 0.045377231973322329 0.059197638712295012 -0.012611820328886176 0.023738998200077108 -0.08636513515749844 0.041283947158296058 0.024696612076454332 -0.06563810479264641 0.001816981646892496
leaf_weight=7726.74020435079 20.203024365007881 487.5711530034896 1.2108941879123474 0.82819166220724527 1.7615989157930014 4.9419994102790943 1.8062827652320259 2.0183586990460745 1.1990766292437904 7.0046704583801311 1.582274538464844 1.2963051721453664 1.3257877505384383 3.8860543593764305 1.402773688547313 2.9376240214332929 1.6062772879377005 1.1011260398663569 1.1979507654905308 1.043788329232483 0.79928676597774106 3.9324914813041749 0.98713181540370065 8.871531353332097 1.0504904640838497 1.2212120927870271 2.6476367125287652 32.84009817475453 2.5816487697884432 40.612575136590749
leaf_count=200635 246 7655 17 26 38 48 27 26 32 106 46 22 31 63 29 33 25 30 20 39 25 47 8 194 21 32 33 434 58 674
internal_value=-3.93198e-11 0.00326265 0.00862832 0.0199568 -0.00873525 0.00609985 -0.010386 -0.000510876 -0.0103976 0.000562188 0.0105216 -0.05343 -0.0555088 0.0116398 -0.0253386 0.00875339 0.00733765 -0.00620219 -0.00200449 -0.0129719 -0.0201821 0.0235383 -0.0126306 -0.0199623 0.0104913 -0.0354503 0.01177 0.0197242 -0.0115025 0.00481676
internal_weight=8368.21 641.469 153.898 28.0816 7.87862 125.817 17.4437 14.3116 12.2932 9.79784 8.58694 2.49538 3.13207 6.11702 2.23097 108.373 103.431 19.5396 18.4385 12.8997 11.7017 5.53877 10.6579 9.67082 83.8913 2.2717 81.6196 38.0694 5.22929 43.5502
internal_count=210720 10085 2430 402 156 2028 307 249 223 169 152 54 58 118 55 1721 1673 388 358 286 266 72 227 219 1285 53 1232 525 91 707
is_linear=0
shrinkage=0.05


end of trees

feature_importances:
cand_avg_gap=285
cand_gap_zscore=247
cand_recent_hit_decay=236
cand_ewma_freq=225
issue_transition_regime=225
issue_zone_entropy=203
cand_recent_reactivation_score=197
retrieval_next_draw_posterior=195
cand_pm1_neighbor_hits=190
day_issue_index=185
retrieval_similarity_max=184
cand_handoff_score=178
retrieval_next_draw_weighted_vote=173
issue_consecutive_count=171
issue_sum=167
cand_hits_last_500=166
issue_odd_even_balance=165
issue_span=161
issue_zone_c_density=145
issue_zone_d_density=140
cand_hits_last_100=139
issue_zone_a_density=137
retrieval_similarity_mean=131
cand_total_hits_all_time=130
cand_neighbor_balance=119
issue_zone_b_density=116
issue_big_small_balance=116
cand_pm2_neighbor_hits=113
cand_hits_last_200=108
cand_carryover_count_last_k=96
cand_hits_last_50=89
cand_hits_last_20=81
cand_max_gap=71
cand_is_adjacent_to_recent_hot=19
issue_hot_zone=18
retrieval_top1_hit_flag=18
issue_compressed_zone=16
cand_rebound_score=12
retrieval_next_draw_vote_count=12
retrieval_top3_hit_flag=11
dynamic_context_n=4
cand_current_gap=4
retrieval_same_day_progress_bonus=2

parameters:
[boosting: gbdt]
[objective: lambdarank]
[metric: ndcg]
[tree_learner: serial]
[device_type: cpu]
[data_sample_strategy: bagging]
[data: ]
[valid: ]
[num_iterations: 180]
[learning_rate: 0.05]
[num_leaves: 31]
[num_threads: 4]
[seed: 42]
[deterministic: 0]
[force_col_wise: 0]
[force_row_wise: 0]
[histogram_pool_size: -1]
[max_depth: -1]
[min_data_in_leaf: 20]
[min_sum_hessian_in_leaf: 0.001]
[bagging_fraction: 1]
[pos_bagging_fraction: 1]
[neg_bagging_fraction: 1]
[bagging_freq: 0]
[bagging_seed: 400]
[bagging_by_query: 0]
[feature_fraction: 1]
[feature_fraction_bynode: 1]
[feature_fraction_seed: 30056]
[extra_trees: 0]
[extra_seed: 12879]
[early_stopping_round: 0]
[early_stopping_min_delta: 0]
[first_metric_only: 0]
[max_delta_step: 0]
[lambda_l1: 0]
[lambda_l2: 0]
[linear_lambda: 0]
[min_gain_to_split: 0]
[drop_rate: 0.1]
[max_drop: 50]
[skip_drop: 0.5]
[xgboost_dart_mode: 0]
[uniform_drop: 0]
[drop_seed: 17869]
[top_rate: 0.2]
[other_rate: 0.1]
[min_data_per_group: 100]
[max_cat_threshold: 32]
[cat_l2: 10]
[cat_smooth: 10]
[max_cat_to_onehot: 4]
[top_k: 20]
[monotone_constraints: ]
[monotone_constraints_method: basic]
[monotone_penalty: 0]
[feature_contri: ]
[forcedsplits_filename: ]
[refit_decay_rate: 0.9]
[cegb_tradeoff: 1]
[cegb_penalty_split: 0]
[cegb_penalty_feature_lazy: ]
[cegb_penalty_feature_coupled: ]
[path_smooth: 0]
[interaction_constraints: ]
[verbosity: 1]
[saved_feature_importance_type: 0]
[use_quantized_grad: 0]
[num_grad_quant_bins: 4]
[quant_train_renew_leaf: 0]
[stochastic_rounding: 1]
[linear_tree: 0]
[max_bin: 255]
[max_bin_by_feature: ]
[min_data_in_bin: 3]
[bin_construct_sample_cnt: 200000]
[data_random_seed: 175]
[is_enable_sparse: 1]
[enable_bundle: 1]
[use_missing: 1]
[zero_as_missing: 0]
[feature_pre_filter: 1]
[pre_partition: 0]
[two_round: 0]
[header: 0]
[label_column: ]
[weight_column: ]
[group_column: ]
[ignore_column: ]
[categorical_feature: ]
[forcedbins_filename: ]
[precise_float_parser: 0]
[parser_config_file: ]
[objective_seed: 16083]
[num_class: 1]
[is_unbalance: 0]
[scale_pos_weight: 1]
[sigmoid: 1]
[boost_from_average: 1]
[reg_sqrt: 0]
[alpha: 0.9]
[fair_c: 1]
[poisson_max_delta_step: 0.7]
[tweedie_variance_power: 1.5]
[lambdarank_truncation_level: 30]
[lambdarank_norm: 1]
[label_gain: ]
[lambdarank_position_bias_regularization: 0]
[eval_at: 1,2,3,4,5]
[multi_error_top_k: 1]
[auc_mu_weights: ]
[num_machines: 1]
[local_listen_port: 12400]
[time_out: 120]
[machine_list_filename: ]
[machines: ]
[gpu_platform_id: -1]
[gpu_device_id: -1]
[gpu_use_dp: 0]
[num_gpu: 1]

end of parameters

pandas_categorical:[]
